frame,timestamp_ms,landmark_id,x_norm,y_norm,z_norm,visibility,x_px,y_px
0,0,0,nan,nan,nan,0.0,-1,-1
1,33,0,nan,nan,nan,0.0,-1,-1
2,66,0,nan,nan,nan,0.0,-1,-1
3,100,0,nan,nan,nan,0.0,-1,-1
4,133,0,nan,nan,nan,0.0,-1,-1
5,166,0,nan,nan,nan,0.0,-1,-1
6,200,0,nan,nan,nan,0.0,-1,-1
7,233,0,nan,nan,nan,0.0,-1,-1
8,266,0,0.03901676833629608,0.498725950717926,0.16093583405017853,0.9852662682533264,37,269
8,266,1,0.04531729221343994,0.5033826231956482,0.1662706881761551,0.9654248356819153,43,271
8,266,2,0.04515352100133896,0.5053248405456543,0.16610880196094513,0.9749842882156372,43,272
8,266,3,0.0446433499455452,0.5072497725486755,0.166122704744339,0.9730352759361267,42,273
8,266,4,0.04749076068401337,0.49718594551086426,0.1640743464231491,0.9774603843688965,45,268
8,266,5,0.048516467213630676,0.49470508098602295,0.1638808399438858,0.9862684607505798,46,267
8,266,6,0.049737267196178436,0.4921600818634033,0.16377441585063934,0.9847405552864075,47,265
8,266,7,0.048890575766563416,0.5069732069969177,0.19430439174175262,0.9903994202613831,46,273
8,266,8,0.056370846927165985,0.48489290475845337,0.18273966014385223,0.9836453199386597,54,261
8,266,9,0.036921098828315735,0.4979337453842163,0.1749773472547531,0.9755569100379944,35,268
8,266,10,0.03894134983420372,0.4913691282272339,0.17016270756721497,0.9775280356407166,37,265
8,266,11,0.0328950360417366,0.5365222692489624,0.17532342672348022,0.9992252588272095,31,289
8,266,12,0.058931127190589905,0.4274960160255432,0.16238221526145935,0.9983281493186951,56,230
8,266,13,0.005091567058116198,0.5643683671951294,0.11270015686750412,0.17881444096565247,4,304
8,266,14,0.04050072282552719,0.3734769821166992,0.06617844104766846,0.124204620718956,38,201
8,266,15,0.00566141726449132,0.5892577767372131,0.0013029513647779822,0.2132544070482254,5,318
8,266,16,0.04593035206198692,0.3972303569316864,-0.06799115240573883,0.3354394733905792,44,214
8,266,17,0.004057347774505615,0.5983558297157288,-0.01761578768491745,0.34012001752853394,3,323
8,266,18,0.04568454250693321,0.40275314450263977,-0.09622485935688019,0.4903150498867035,43,217
8,266,19,0.011456646956503391,0.5997174978256226,-0.02179552987217903,0.3910751938819885,10,323
8,266,20,0.053963787853717804,0.412029504776001,-0.09470534324645996,0.5519524216651917,51,222
8,266,21,0.011667624115943909,0.5941570997238159,-0.0025211891625076532,0.34220266342163086,11,320
8,266,22,0.053417228162288666,0.4108191728591919,-0.07228513062000275,0.4927549958229065,51,221
8,266,23,-0.043027084320783615,0.48555806279182434,0.011644283309578896,0.5302535891532898,-41,262
8,266,24,-0.030673349276185036,0.4067147672176361,-0.011916407383978367,0.510879635810852,-29,219
8,266,25,-0.15195077657699585,0.5040906667709351,-0.03374249488115311,0.05086744576692581,-145,272
8,266,26,-0.13135987520217896,0.39401450753211975,-0.15011124312877655,0.11840476095676422,-126,212
8,266,27,-0.23793891072273254,0.4871298372745514,-0.1010434702038765,0.01896405965089798,-228,263
8,266,28,-0.2221161425113678,0.3536672592163086,-0.10861357301473618,0.010908329859375954,-213,190
8,266,29,-0.25368961691856384,0.4853881299495697,-0.11181602627038956,0.026925891637802124,-243,262
8,266,30,-0.23511072993278503,0.3477645218372345,-0.10470225661993027,0.019042564556002617,-225,187
8,266,31,-0.25416821241378784,0.46617114543914795,-0.19224223494529724,0.015306160785257816,-244,251
8,266,32,-0.25200462341308594,0.3558626174926758,-0.15880075097084045,0.00680904695764184,-241,192
9,300,0,0.04834529012441635,0.5171171426773071,0.08937251567840576,0.9850986003875732,46,279
9,300,1,0.05475958436727524,0.5218358635902405,0.09429209679365158,0.9658264517784119,52,281
9,300,2,0.054910946637392044,0.524199903011322,0.09413088858127594,0.9749383926391602,52,283
9,300,3,0.05471586436033249,0.5265358090400696,0.09413805603981018,0.9736901521682739,52,284
9,300,4,0.05582426115870476,0.5139985680580139,0.09011003375053406,0.977553129196167,53,277
9,300,5,0.05637435242533684,0.511069655418396,0.089882493019104,0.9860025644302368,54,275
9,300,6,0.057108376175165176,0.5080846548080444,0.08973411470651627,0.9848780035972595,54,274
9,300,7,0.05781974643468857,0.5266976356506348,0.1221594586968422,0.9903883337974548,55,284
9,300,8,0.06163456290960312,0.5000646710395813,0.10387289524078369,0.9836234450340271,59,270
9,300,9,0.04577917978167534,0.5175016522407532,0.10331161320209503,0.9766402244567871,43,279
9,300,10,0.046648088842630386,0.5089535117149353,0.09652478247880936,0.9781205058097839,44,274
9,300,11,0.035195525735616684,0.5563864707946777,0.13170866668224335,0.9992507696151733,33,300
9,300,12,0.05914559215307236,0.4453985393047333,0.09032981097698212,0.99835205078125,56,240
9,300,13,0.003425054019317031,0.5859419107437134,0.13755860924720764,0.1657908409833908,3,316
9,300,14,0.040631748735904694,0.40773043036460876,0.01713918335735798,0.12812328338623047,39,220
9,300,15,-0.012185031548142433,0.6184536218643188,0.10518023371696472,0.19834183156490326,-11,333
9,300,16,0.06250986456871033,0.47240397334098816,-0.07117242366075516,0.3272133469581604,60,255
9,300,17,-0.017942333593964577,0.6317412853240967,0.10372897237539291,0.316581130027771,-17,341
9,300,18,0.06715428829193115,0.4799826741218567,-0.09609493613243103,0.47555193305015564,64,259
9,300,19,-0.013606526888906956,0.632117748260498,0.09118540585041046,0.3649924099445343,-13,341
9,300,20,0.076637402176857,0.4883973300457001,-0.09237216413021088,0.5353553295135498,73,263
9,300,21,-0.011654430069029331,0.6243024468421936,0.10026140511035919,0.32077038288116455,-11,337
9,300,22,0.0746973529458046,0.4836697578430176,-0.07333154231309891,0.4770285189151764,71,261
9,300,23,-0.037124548107385635,0.5090349316596985,0.012014043517410755,0.4951733648777008,-35,274
9,300,24,-0.027466028928756714,0.42761340737342834,-0.012294902466237545,0.47745436429977417,-26,230
9,300,25,-0.12985144555568695,0.5095230340957642,-0.0339999683201313,0.0467815175652504,-124,275
9,300,26,-0.12011408805847168,0.405531644821167,-0.09724310040473938,0.10840252041816711,-115,218
9,300,27,-0.20475420355796814,0.527692973613739,-0.10885234922170639,0.017908770591020584,-196,284
9,300,28,-0.21925128996372223,0.3588835597038269,-0.012188246473670006,0.01017674244940281,-210,193
9,300,29,-0.22027163207530975,0.532162070274353,-0.12016656249761581,0.02494966797530651,-211,287
9,300,30,-0.23191827535629272,0.3531186282634735,-0.0035105394199490547,0.01745731383562088,-222,190
9,300,31,-0.20951278507709503,0.5197955965995789,-0.19636355340480804,0.01462259516119957,-201,280
9,300,32,-0.2506566345691681,0.35962995886802673,-0.0439595989882946,0.006387404166162014,-240,194
10,333,0,0.05214333534240723,0.5594269037246704,-0.023594440892338753,0.9851660132408142,50,302
10,333,1,0.05794701352715492,0.5660496950149536,-0.02948872372508049,0.966984748840332,55,305
10,333,2,0.05768096074461937,0.5682101249694824,-0.02964835613965988,0.9754741191864014,55,306
10,333,3,0.057084254920482635,0.5703902244567871,-0.029610715806484222,0.9747200012207031,54,308
10,333,4,0.0603928342461586,0.5582460761070251,-0.031456250697374344,0.978439211845398,57,301
10,333,5,0.061416562646627426,0.5555028319358826,-0.031703073531389236,0.986477792263031,58,299
10,333,6,0.06260894984006882,0.5526782870292664,-0.03181848302483559,0.9856981635093689,60,298
10,333,7,0.060085829347372055,0.5691784620285034,-0.025208869948983192,0.9906673431396484,57,307
10,333,8,0.06836390495300293,0.5423716902732849,-0.034587327390909195,0.9845894575119019,65,292
10,333,9,0.04946187511086464,0.5576604604721069,-0.014910834841430187,0.9781721234321594,47,301
10,333,10,0.05206160992383957,0.5493546724319458,-0.019318388774991035,0.9796158075332642,49,296
10,333,11,0.04420531913638115,0.5922852754592896,-0.009977304376661777,0.9992878437042236,42,319
10,333,12,0.06450045853853226,0.47953280806541443,-0.014517353847622871,0.9984814524650574,61,258
10,333,13,0.00413432065397501,0.6081749796867371,0.024548586457967758,0.16309472918510437,3,328
10,333,14,0.040247879922389984,0.45414990186691284,-0.009816115722060204,0.14053875207901,38,245
10,333,15,-0.008765132166445255,0.612566351890564,0.052596017718315125,0.1843114048242569,-8,330
10,333,16,0.05921266973018646,0.48914065957069397,-0.03679289296269417,0.3299199640750885,56,264
10,333,17,-0.014496923424303532,0.6054244041442871,0.09706365317106247,0.293466180562973,-13,326
10,333,18,0.06216365098953247,0.4931621849536896,-0.05125013738870621,0.47278326749801636,59,266
10,333,19,-0.008326004259288311,0.6013162732124329,0.06538171321153641,0.33946678042411804,-7,324
10,333,20,0.0711793377995491,0.5018594264984131,-0.053392354398965836,0.5353232026100159,68,271
10,333,21,-0.00635202880948782,0.6029096841812134,0.053520601242780685,0.3002200424671173,-6,325
10,333,22,0.06976233422756195,0.5013427734375,-0.03939293324947357,0.4775058925151825,66,270
10,333,23,0.0022237030789256096,0.5507157444953918,0.009250516071915627,0.4975891411304474,2,297
10,333,24,0.008634967729449272,0.4721488952636719,-0.009475323371589184,0.49121201038360596,8,254
10,333,25,-0.08917222172021866,0.5654080510139465,-0.0067954654805362225,0.04257020354270935,-85,305
10,333,26,-0.08768156915903091,0.45483413338661194,-0.06427575647830963,0.09986114501953125,-84,245
10,333,27,-0.16852402687072754,0.5882631540298462,0.000841642206069082,0.017228370532393456,-161,317
10,333,28,-0.19948267936706543,0.4230123460292816,0.03159083425998688,0.011054973118007183,-191,228
10,333,29,-0.18203793466091156,0.5941022634506226,-0.00045129843056201935,0.023444676771759987,-174,320
10,333,30,-0.2114906907081604,0.4205586910247803,0.042240407317876816,0.016566462814807892,-203,227
10,333,31,-0.1810632050037384,0.58282470703125,-0.05824152007699013,0.014722009189426899,-173,314
10,333,32,-0.23596523702144623,0.420099675655365,-0.0009046513587236404,0.007299685850739479,-226,226
11,366,0,0.10317801684141159,0.5490572452545166,-0.013555947691202164,0.968801736831665,99,296
11,366,1,0.10806194692850113,0.5564468502998352,-0.013329700566828251,0.94249427318573,103,300
11,366,2,0.10755112767219543,0.5592004060745239,-0.013526945374906063,0.9524450898170471,103,301
11,366,3,0.1067216545343399,0.5619668960571289,-0.013525554910302162,0.9580793976783752,102,303
11,366,4,0.11054111272096634,0.5476417541503906,-0.014307097531855106,0.958713173866272,106,295
11,366,5,0.11147567629814148,0.5444888472557068,-0.014540312811732292,0.9690316915512085,107,294
11,366,6,0.11258698254823685,0.5412600636482239,-0.014694095589220524,0.9739634394645691,108,292
11,366,7,0.10594788938760757,0.5611950159072876,0.0005746854585595429,0.980737566947937,101,303
11,366,8,0.11490128934383392,0.5311720371246338,-0.0033184243366122246,0.9671955108642578,110,286
11,366,9,0.0978126972913742,0.5482260584831238,-0.003961393143981695,0.9657368063926697,93,296
11,366,10,0.10086878389120102,0.5381112098693848,-0.006845591124147177,0.9663935899734497,96,290
11,366,11,0.083311066031456,0.5809957981109619,0.0019411278190091252,0.9991810917854309,79,313
11,366,12,0.09934052079916,0.4689517617225647,0.009125727228820324,0.9982884526252747,95,253
11,366,13,0.03752022236585617,0.6055907011032104,0.036371998488903046,0.14993377029895782,36,327
11,366,14,0.07530687749385834,0.45105940103530884,0.0144428052008152,0.13122113049030304,72,243
11,366,15,0.03106059320271015,0.6001465320587158,0.04857403412461281,0.16628165543079376,29,324
11,366,16,0.09286066889762878,0.4960624873638153,0.031925007700920105,0.2993772327899933,89,267
11,366,17,0.025700295343995094,0.5864824056625366,0.05320337787270546,0.2647936940193176,24,316
11,366,18,0.09375806897878647,0.5047519207000732,0.022461196407675743,0.4287607669830322,90,272
11,366,19,0.03288240358233452,0.58292555809021,0.04389123618602753,0.306305855512619,31,314
11,366,20,0.10219289362430573,0.5115746259689331,0.024645615369081497,0.48564326763153076,98,276
11,366,21,0.03495606407523155,0.5864132642745972,0.048121724277734756,0.27114686369895935,33,316
11,366,22,0.10282927006483078,0.5095638632774353,0.031145598739385605,0.4337190091609955,98,275
11,366,23,0.03381209075450897,0.5363059639930725,0.005736303050071001,0.5432431101799011,32,289
11,366,24,0.03715541213750839,0.4587702453136444,-0.005950715858489275,0.538406491279602,35,247
11,366,25,-0.03155475854873657,0.5925831198692322,0.0032337966840714216,0.03917606547474861,-30,319
11,366,26,-0.029078174382448196,0.4646279811859131,-0.022226223722100258,0.09143061935901642,-27,250
11,366,27,-0.09116717427968979,0.6385951638221741,0.024608422070741653,0.016116579994559288,-87,344
11,366,28,-0.11586567014455795,0.44339799880981445,0.07375870645046234,0.010673887096345425,-111,239
11,366,29,-0.10048998892307281,0.6484172344207764,0.026108572259545326,0.021462369710206985,-96,350
11,366,30,-0.1252068728208542,0.4431827664375305,0.08540204912424088,0.015329659916460514,-120,239
11,366,31,-0.10338621586561203,0.6286252737045288,-0.017682161182165146,0.013837726786732674,-99,339
11,366,32,-0.14815418422222137,0.44385942816734314,0.05714599788188934,0.007025556173175573,-142,239
12,400,0,0.03240986168384552,0.5279144644737244,-0.11317785829305649,0.8814047574996948,31,285
12,400,1,0.03843219578266144,0.539844810962677,-0.12952294945716858,0.856297492980957,36,291
12,400,2,0.038885463029146194,0.5466479659080505,-0.12973937392234802,0.8648595809936523,37,295
12,400,3,0.03898454084992409,0.5541110038757324,-0.12967918813228607,0.8731841444969177,37,299
12,400,4,0.04010675102472305,0.5200951099395752,-0.1292748749256134,0.8773465752601624,38,280
12,400,5,0.04101662337779999,0.5148923993110657,-0.12955403327941895,0.8923865556716919,39,278
12,400,6,0.04209219664335251,0.5096774101257324,-0.12978214025497437,0.9055956602096558,40,275
12,400,7,0.049276575446128845,0.5514575242996216,-0.14743731915950775,0.9115042090415955,47,297
12,400,8,0.05539717525243759,0.5027373433113098,-0.14716953039169312,0.8975521922111511,53,271
12,400,9,0.03656897693872452,0.544124960899353,-0.10911744087934494,0.8965563178062439,35,293
12,400,10,0.03749200329184532,0.5241845846176147,-0.11054530739784241,0.8990064859390259,35,283
12,400,11,0.06960373371839523,0.6082771420478821,-0.11615602672100067,0.9989141821861267,66,328
12,400,12,0.08799079805612564,0.46418964862823486,-0.10758056491613388,0.9978874921798706,84,250
12,400,13,0.028379740193486214,0.6771743893623352,-0.06734123080968857,0.14409272372722626,27,365
12,400,14,0.06789850443601608,0.43984848260879517,-0.08013656735420227,0.12770378589630127,65,237
12,400,15,0.0039046527817845345,0.6189542412757874,-0.06680800020694733,0.1548031121492386,3,334
12,400,16,0.026036998257040977,0.45736369490623474,-0.09409317374229431,0.30018869042396545,24,246
12,400,17,-0.0059215412475168705,0.6093847155570984,-0.07758211344480515,0.24779587984085083,-5,329
12,400,18,0.020565539598464966,0.4480854570865631,-0.1127132922410965,0.4271550178527832,19,241
12,400,19,0.0012106898939236999,0.5933857560157776,-0.08073580265045166,0.28632161021232605,1,320
12,400,20,0.026113634929060936,0.4661960005760193,-0.11262667924165726,0.4822176396846771,25,251
12,400,21,0.0053367214277386665,0.5955794453620911,-0.0667366087436676,0.2534463107585907,5,321
12,400,22,0.02829490415751934,0.4796822965145111,-0.0950101763010025,0.427318274974823,27,259
12,400,23,0.050021179020404816,0.5707126259803772,0.0033199391327798367,0.5871610045433044,48,308
12,400,24,0.061455752700567245,0.47921639680862427,-0.0036116333212703466,0.5829288959503174,58,258
12,400,25,-0.011422419920563698,0.5718441605567932,0.11563529819250107,0.03543063625693321,-10,308
12,400,26,0.009718630462884903,0.4543796479701996,0.12125512212514877,0.08242622762918472,9,245
12,400,27,-0.07982613146305084,0.5651014447212219,0.23978300392627716,0.015133206732571125,-76,305
12,400,28,-0.03517810255289078,0.42480605840682983,0.26537129282951355,0.01017692033201456,-33,229
12,400,29,-0.08413000404834747,0.5518584251403809,0.2516646683216095,0.02028200775384903,-80,298
12,400,30,-0.038520924746990204,0.42623868584632874,0.28143659234046936,0.014741993509232998,-36,230
12,400,31,-0.11133381724357605,0.5300591588020325,0.20360498130321503,0.012964940629899502,-106,286
12,400,32,-0.0613042451441288,0.4193710684776306,0.2459334433078766,0.006750047206878662,-58,226
13,433,0,0.016930120065808296,0.511968731880188,0.07612653076648712,0.8073738217353821,16,276
13,433,1,0.021162310615181923,0.5205828547477722,0.06429348886013031,0.7800768613815308,20,281
13,433,2,0.021662326529622078,0.5263624787330627,0.0640023872256279,0.7937185168266296,20,284
13,433,3,0.02183510921895504,0.5325732827186584,0.06408609449863434,0.7995040416717529,20,287
13,433,4,0.021618641912937164,0.5026018023490906,0.06159606948494911,0.8026003241539001,20,271
13,433,5,0.021971052512526512,0.4971698224544525,0.0613284632563591,0.8280957937240601,21,268
13,433,6,0.022520791739225388,0.4917367398738861,0.06105250492691994,0.8385608196258545,21,265
13,433,7,0.02924412116408348,0.5406596660614014,-0.010191621258854866,0.8746219873428345,28,291
13,433,8,0.03261575102806091,0.48107942938804626,-0.04512844979763031,0.8411909341812134,31,259
13,433,9,0.020559919998049736,0.5267449617385864,0.07238896191120148,0.8297166228294373,19,284
13,433,10,0.020468948408961296,0.5082522630691528,0.06699012964963913,0.8321741819381714,19,274
13,433,11,0.06709109991788864,0.5927383899688721,-0.008137418888509274,0.9989105463027954,64,320
13,433,12,0.061764054000377655,0.45538529753685,-0.0103820925578475,0.9973572492599487,59,245
13,433,13,0.031661294400691986,0.6406310200691223,0.07395181804895401,0.1677287071943283,30,345
13,433,14,0.06328465789556503,0.4294043779373169,0.011518212966620922,0.1177276223897934,60,231
13,433,15,0.01430142018944025,0.593019962310791,0.09000057727098465,0.1641365885734558,13,320
13,433,16,0.027624808251857758,0.4529708921909332,0.022367095574736595,0.2856041491031647,26,244
13,433,17,0.00763500714674592,0.583591878414154,0.08269116282463074,0.2716972231864929,7,315
13,433,18,0.028258299455046654,0.44772857427597046,0.005319608841091394,0.4205159842967987,27,241
13,433,19,0.014803612604737282,0.5698540806770325,0.08360360562801361,0.30685752630233765,14,307
13,433,20,0.040098149329423904,0.4636734426021576,0.011350737884640694,0.4692608714103699,38,250
13,433,21,0.01775330677628517,0.5707743763923645,0.09176910668611526,0.28012320399284363,17,308
13,433,22,0.040327288210392,0.4717511236667633,0.022899867966771126,0.42023172974586487,38,254
13,433,23,0.06738217175006866,0.5545727014541626,0.005135280545800924,0.6282030940055847,64,299
13,433,24,0.0685112401843071,0.4683563709259033,-0.005481542553752661,0.6242664456367493,65,252
13,433,25,0.003963574767112732,0.5911602973937988,0.09992673248052597,0.03831689804792404,3,319
13,433,26,0.01500052772462368,0.47068342566490173,0.0993514209985733,0.07622534781694412,14,254
13,433,27,-0.05289628356695175,0.5776817798614502,0.18250353634357452,0.02418435737490654,-50,311
13,433,28,-0.01320479717105627,0.4451991617679596,0.23308081924915314,0.013662157580256462,-12,240
13,433,29,-0.05885153263807297,0.568693220615387,0.19060590863227844,0.028613194823265076,-56,307
13,433,30,-0.016625167801976204,0.44786807894706726,0.24911467730998993,0.02061411179602146,-15,241
13,433,31,-0.07759834080934525,0.5619549751281738,0.1398702710866928,0.014513857662677765,-74,303
13,433,32,-0.03436410427093506,0.4358944892883301,0.21810585260391235,0.009033821523189545,-32,235
14,466,0,0.06376934796571732,0.5255184769630432,0.0872693881392479,0.7544737458229065,61,283
14,466,1,0.06723538786172867,0.5319715142250061,0.08392980694770813,0.7155014276504517,64,287
14,466,2,0.06715602427721024,0.5357701182365417,0.0836484506726265,0.7360137701034546,64,289
14,466,3,0.06680379807949066,0.5397248268127441,0.08364503085613251,0.7389202117919922,64,291
14,466,4,0.06922046840190887,0.5182477235794067,0.08188637346029282,0.7419957518577576,66,279
14,466,5,0.07014157623052597,0.5133889317512512,0.08162838965654373,0.7800192832946777,67,277
14,466,6,0.07125847786664963,0.5084857940673828,0.08145887404680252,0.7869628071784973,68,274
14,466,7,0.07259772717952728,0.544313907623291,0.06365743279457092,0.8462785482406616,69,293
14,466,8,0.0813617929816246,0.49475669860839844,0.04908161610364914,0.7964475750923157,78,267
14,466,9,0.06539541482925415,0.5322065353393555,0.08938149362802505,0.8017602562904358,62,287
14,466,10,0.06718858331441879,0.5194474458694458,0.08523272722959518,0.8043466806411743,64,280
14,466,11,0.08460046350955963,0.5942171812057495,0.019543059170246124,0.9989812970161438,81,320
14,466,12,0.10321009904146194,0.4548003375530243,0.023628590628504753,0.9975582361221313,99,245
14,466,13,0.04958155006170273,0.655035138130188,0.056329913437366486,0.18615087866783142,47,353
14,466,14,0.0884760171175003,0.4363712966442108,0.014153878204524517,0.1096508726477623,84,235
14,466,15,0.009529439732432365,0.718162477016449,0.008220934309065342,0.18826241791248322,9,387
14,466,16,0.06666826456785202,0.4537329375743866,-0.00376485800370574,0.30731382966041565,64,245
14,466,17,-0.003175731049850583,0.7432845830917358,-0.0023692892864346504,0.3045811653137207,-3,401
14,466,18,0.06035381183028221,0.44849857687950134,-0.012942875735461712,0.4524931311607361,57,242
14,466,19,-0.003032972104847431,0.7357199788093567,-0.010494952090084553,0.34014269709587097,-2,397
14,466,20,0.06638839095830917,0.4628005623817444,-0.033845219761133194,0.4969109892845154,63,249
14,466,21,0.001224312698468566,0.7188411951065063,0.0040222760289907455,0.3213934600353241,1,388
14,466,22,0.06806626170873642,0.46978840231895447,-0.014842882752418518,0.4504651427268982,65,253
14,466,23,0.08971976488828659,0.5548771619796753,0.006261754315346479,0.6651642918586731,86,299
14,466,24,0.09167750179767609,0.46770867705345154,-0.006716259755194187,0.6616969108581543,88,252
14,466,25,0.06488081067800522,0.6500380039215088,0.10083605349063873,0.05397270619869232,62,351
14,466,26,0.05180183798074722,0.4650833308696747,0.04933318868279457,0.11204612255096436,49,251
14,466,27,0.06133102625608444,0.723429262638092,0.15348704159259796,0.047699764370918274,58,390
14,466,28,0.020836833864450455,0.43073442578315735,0.12880577147006989,0.05580960959196091,20,232
14,466,29,0.06166606768965721,0.7186112999916077,0.1578313708305359,0.0556882880628109,59,388
14,466,30,0.016919998452067375,0.4313121736049652,0.13888220489025116,0.05211671069264412,16,232
14,466,31,0.050055209547281265,0.7659884691238403,0.1154632419347763,0.02475506253540516,48,413
14,466,32,-0.003079224145039916,0.4223155975341797,0.09762952476739883,0.029595578089356422,-2,228
15,500,0,nan,nan,nan,0.0,-1,-1
16,533,0,0.1271325647830963,0.29885199666023254,-0.02374090813100338,0.7787392139434814,122,161
16,533,1,0.12584492564201355,0.286745548248291,-0.019948985427618027,0.7434310913085938,120,154
16,533,2,0.12523972988128662,0.2864890694618225,-0.020154407247900963,0.761932909488678,120,154
16,533,3,0.1244974434375763,0.28652870655059814,-0.020115520805120468,0.7646403908729553,119,154
16,533,4,0.1275225132703781,0.28766700625419617,-0.03726624697446823,0.7673259377479553,122,155
16,533,5,0.12810836732387543,0.28805476427078247,-0.03750469535589218,0.8016759157180786,122,155
16,533,6,0.1287129670381546,0.28858697414398193,-0.037643078714609146,0.8079580664634705,123,155
16,533,7,0.12044142931699753,0.2911262512207031,0.008336124010384083,0.8614364266395569,115,157
16,533,8,0.12788553535938263,0.29426953196525574,-0.06936196237802505,0.8163999319076538,122,158
16,533,9,0.12535874545574188,0.30737441778182983,-0.008841327391564846,0.820986270904541,120,165
16,533,10,0.12652017176151276,0.30891209840774536,-0.03268864378333092,0.8233765959739685,121,166
16,533,11,0.11546196043491364,0.3430711328983307,0.07017462700605392,0.9990605115890503,110,185
16,533,12,0.10606677085161209,0.346774697303772,-0.1125989630818367,0.9977911710739136,101,187
16,533,13,0.09877803176641464,0.44224005937576294,0.09977372735738754,0.17705538868904114,94,238
16,533,14,0.08156980574131012,0.44059085845947266,-0.14464960992336273,0.19761767983436584,78,237
16,533,15,0.13038717210292816,0.4846959412097931,0.05376032739877701,0.19773724675178528,125,261
16,533,16,0.13119907677173615,0.4893527030944824,-0.12252695858478546,0.3694060742855072,125,264
16,533,17,0.13685178756713867,0.5101122856140137,0.051681939512491226,0.31093311309814453,131,275
16,533,18,0.14249078929424286,0.5037162899971008,-0.13763870298862457,0.4956447184085846,136,272
16,533,19,0.1416170746088028,0.5072210431098938,0.03222348541021347,0.34304237365722656,135,273
16,533,20,0.1446615308523178,0.4958455264568329,-0.1293705552816391,0.5346779823303223,138,267
16,533,21,0.1388145536184311,0.5038779377937317,0.044553376734256744,0.32342639565467834,133,272
16,533,22,0.1410089135169983,0.49094927310943604,-0.11876838654279709,0.48702824115753174,135,265
16,533,23,0.10803743451833725,0.5503323078155518,0.058558858931064606,0.6986452341079712,103,297
16,533,24,0.10694678127765656,0.5579560995101929,-0.05875362083315849,0.6955246329307556,102,301
16,533,25,0.1469450742006302,0.6498554348945618,0.13045240938663483,0.14774800837039948,141,350
16,533,26,0.08432185649871826,0.6599345207214355,-0.010252014733850956,0.20061741769313812,80,356
16,533,27,0.16168753802776337,0.7699387073516846,0.17406517267227173,0.14286215603351593,155,415
16,533,28,0.031199242919683456,0.7328616976737976,0.048172757029533386,0.1500917375087738,29,395
16,533,29,0.15370526909828186,0.7964022755622864,0.17389877140522003,0.1498854160308838,147,430
16,533,30,0.019402725622057915,0.7281777858734131,0.053091999143362045,0.1452341228723526,18,393
16,533,31,0.19302162528038025,0.7898030281066895,0.13519129157066345,0.12212975323200226,185,426
16,533,32,0.022645609453320503,0.7998095154762268,0.014725927263498306,0.12631216645240784,21,431
17,566,0,0.129255011677742,0.29927927255630493,-0.11525540053844452,0.8008286356925964,124,161
17,566,1,0.12963542342185974,0.2875315546989441,-0.10130953043699265,0.7690275311470032,124,155
17,566,2,0.1304830014705658,0.2873121201992035,-0.10152017325162888,0.7856640219688416,125,155
17,566,3,0.13143211603164673,0.28733089566230774,-0.10144679248332977,0.7881050705909729,126,155
17,566,4,0.12761907279491425,0.28816524147987366,-0.11815991252660751,0.7905462980270386,122,155
17,566,5,0.12773451209068298,0.2883914113044739,-0.11841444671154022,0.821473240852356,122,155
17,566,6,0.1269393116235733,0.28876441717147827,-0.1185683012008667,0.8271319270133972,121,155
17,566,7,0.1289103776216507,0.2913406789302826,-0.02496461383998394,0.8752150535583496,123,157
17,566,8,0.12131347507238388,0.2939930856227875,-0.10198532789945602,0.8347012400627136,116,158
17,566,9,0.1285262107849121,0.3090290129184723,-0.08362362533807755,0.8386025428771973,123,166
17,566,10,0.1265891194343567,0.3097093105316162,-0.10706695914268494,0.8408473134040833,121,167
17,566,11,0.12458456307649612,0.3492668569087982,0.059114888310432434,0.9991137385368347,119,188
17,566,12,0.09829441457986832,0.34837403893470764,-0.12420044094324112,0.9980053901672363,94,188
17,566,13,0.10904134809970856,0.45542800426483154,0.08765479922294617,0.16115008294582367,104,245
17,566,14,0.08096836507320404,0.4418586790561676,-0.17419353127479553,0.27676883339881897,77,238
17,566,15,0.12387427687644958,0.5256017446517944,0.020534047856926918,0.18093307316303253,118,283
17,566,16,0.13107360899448395,0.4892999231815338,-0.187235489487648,0.42580628395080566,125,264
17,566,17,0.12639428675174713,0.5480614304542542,0.013356992043554783,0.28589487075805664,121,295
17,566,18,0.14235404133796692,0.5042632222175598,-0.20860062539577484,0.5340070724487305,136,272
17,566,19,0.12992306053638458,0.5425927042961121,-0.0031144197564572096,0.3149091303348541,124,293
17,566,20,0.14489604532718658,0.4956880807876587,-0.1983763575553894,0.5683726668357849,139,267
17,566,21,0.12829284369945526,0.5345038771629333,0.012367719784379005,0.29690423607826233,123,288
17,566,22,0.14168451726436615,0.4907331168651581,-0.1825079470872879,0.5178821086883545,136,264
17,566,23,0.12604521214962006,0.5518355369567871,0.05758922919631004,0.7287780046463013,121,297
17,566,24,0.10589243471622467,0.5573489665985107,-0.05779376998543739,0.7259700894355774,101,300
17,566,25,0.15063850581645966,0.6540435552597046,0.12359920889139175,0.23145893216133118,144,353
17,566,26,0.08433341234922409,0.6599863767623901,-0.01733226701617241,0.27976202964782715,80,356
17,566,27,0.16168765723705292,0.7697461247444153,0.18837125599384308,0.2283378690481186,155,415
17,566,28,0.031169867143034935,0.7325356006622314,0.06435469537973404,0.23446813225746155,29,395
17,566,29,0.15369759500026703,0.7954131364822388,0.19139449298381805,0.2342899590730667,147,429
17,566,30,0.019151486456394196,0.7294114828109741,0.07212667167186737,0.2246103733778,18,393
17,566,31,0.19321492314338684,0.7907976508140564,0.14295543730258942,0.20951035618782043,185,427
17,566,32,0.02356977015733719,0.799186646938324,0.020526684820652008,0.21257556974887848,22,431
18,600,0,0.14201144874095917,0.29504695534706116,-0.1304224282503128,0.8206716179847717,136,159
18,600,1,0.1428501307964325,0.2844284474849701,-0.11552123725414276,0.7919902801513672,137,153
18,600,2,0.1439131200313568,0.2840947210788727,-0.11572374403476715,0.8069287538528442,138,153
18,600,3,0.14500799775123596,0.283912718296051,-0.11565151065587997,0.8091395497322083,139,153
18,600,4,0.139482319355011,0.28534260392189026,-0.1334981471300125,0.8114006519317627,133,154
18,600,5,0.1378873735666275,0.28555163741111755,-0.13375186920166016,0.8392610549926758,132,154
18,600,6,0.13664819300174713,0.2857174873352051,-0.13391518592834473,0.8443635702133179,131,154
18,600,7,0.14181533455848694,0.2894977629184723,-0.03531273081898689,0.8875369429588318,136,156
18,600,8,0.12972217798233032,0.2907150685787201,-0.11756908893585205,0.8511303067207336,124,156
18,600,9,0.1414627581834793,0.30649644136428833,-0.0977761447429657,0.8543077111244202,135,165
18,600,10,0.13768573105335236,0.3066292405128479,-0.12269594520330429,0.8564823865890503,132,165
18,600,11,0.13793431222438812,0.3513130843639374,0.0552230142056942,0.9991453289985657,132,189
18,600,12,0.10450567305088043,0.3483430743217468,-0.13791367411613464,0.9981943964958191,100,188
18,600,13,0.12652206420898438,0.4538251757621765,0.0887429341673851,0.14648152887821198,121,245
18,600,14,0.08835311979055405,0.44190844893455505,-0.18549005687236786,0.34753233194351196,84,238
18,600,15,0.12902483344078064,0.5199313163757324,0.025146139785647392,0.16473707556724548,123,280
18,600,16,0.13512758910655975,0.49155884981155396,-0.2021590620279312,0.4703235626220703,129,265
18,600,17,0.1279105544090271,0.5468925833702087,0.018230078741908073,0.26151925325393677,122,295
18,600,18,0.14439040422439575,0.5112231373786926,-0.22475172579288483,0.5598030090332031,138,276
18,600,19,0.13122108578681946,0.5415465831756592,0.0013824459165334702,0.28777310252189636,125,292
18,600,20,0.14825770258903503,0.5018508434295654,-0.21719786524772644,0.5899730920791626,142,270
18,600,21,0.12909242510795593,0.5328554511070251,0.016912665218114853,0.2713949382305145,123,287
18,600,22,0.14591221511363983,0.49569442868232727,-0.19846148788928986,0.5336096286773682,140,267
18,600,23,0.14002326130867004,0.5476714372634888,0.05842908099293709,0.7558975219726562,134,295
18,600,24,0.11758343875408173,0.551872968673706,-0.058614667505025864,0.7533709406852722,112,298
18,600,25,0.15706418454647064,0.6540454626083374,0.11793070286512375,0.3052399754524231,150,353
18,600,26,0.10568647086620331,0.6624742746353149,-0.043943893164396286,0.35105445981025696,101,357
18,600,27,0.16119270026683807,0.7718759179115295,0.18658088147640228,0.30515095591545105,154,416
18,600,28,0.04909510537981987,0.7321518063545227,0.060741059482097626,0.31030037999153137,47,395
18,600,29,0.1527417004108429,0.796588122844696,0.1893516629934311,0.30999547243118286,146,430
18,600,30,0.03432560712099075,0.7291069030761719,0.06883582472801208,0.2948003113269806,32,393
18,600,31,0.1933080106973648,0.7942546606063843,0.14171560108661652,0.28802770376205444,185,428
18,600,32,0.04371878132224083,0.7976956963539124,0.019937139004468918,0.290031373500824,41,430
19,633,0,0.14444199204444885,0.29535889625549316,-0.11883024871349335,0.8383963704109192,138,159
19,633,1,0.14507648348808289,0.284502238035202,-0.10651873052120209,0.8123898506164551,139,153
19,633,2,0.14551551640033722,0.28418633341789246,-0.1067195013165474,0.8257749676704407,139,153
19,633,3,0.14611224830150604,0.28402429819107056,-0.1066642701625824,0.8278108835220337,140,153
19,633,4,0.14291109144687653,0.28540804982185364,-0.12379132211208344,0.8299923539161682,137,154
19,633,5,0.14179696142673492,0.28561532497406006,-0.1240411102771759,0.8551494479179382,136,154
19,633,6,0.1407463401556015,0.28553569316864014,-0.12419983744621277,0.8597655296325684,135,154
19,633,7,0.14224687218666077,0.2895109951496124,-0.034650225192308426,0.8984646201133728,136,156
19,633,8,0.13215912878513336,0.28988900780677795,-0.11440277099609375,0.8657714128494263,126,156
19,633,9,0.14345782995224,0.3073253035545349,-0.08888192474842072,0.8680351376533508,137,165
19,633,10,0.1407151222229004,0.3067644536495209,-0.11296548694372177,0.8702733516693115,135,165
19,633,11,0.14060184359550476,0.35220280289649963,0.0539407841861248,0.9991908073425293,134,190
19,633,12,0.10663808137178421,0.34828656911849976,-0.1372215449810028,0.9983662962913513,102,188
19,633,13,0.1284130960702896,0.45152169466018677,0.08924398571252823,0.1338159590959549,123,243
19,633,14,0.09071636199951172,0.4421916902065277,-0.17607839405536652,0.4119320213794708,87,238
19,633,15,0.13046544790267944,0.514431357383728,0.03134872391819954,0.15039759874343872,125,277
19,633,16,0.13657504320144653,0.49436384439468384,-0.18578281998634338,0.5135470628738403,131,266
19,633,17,0.13017584383487701,0.5424984693527222,0.025827892124652863,0.24004489183425903,124,292
19,633,18,0.14613786339759827,0.517012894153595,-0.20744718611240387,0.5877053737640381,140,279
19,633,19,0.13210302591323853,0.5374284982681274,0.008432080037891865,0.2637729346752167,126,290
19,633,20,0.151567742228508,0.5085079669952393,-0.20072220265865326,0.6147639751434326,145,274
19,633,21,0.13121061027050018,0.5288904309272766,0.02292671427130699,0.2487916201353073,125,285
19,633,22,0.1484735608100891,0.500921368598938,-0.18243083357810974,0.5549310445785522,142,270
19,633,23,0.1426512897014618,0.5429092645645142,0.05975598841905594,0.7803061604499817,136,293
19,633,24,0.11880745738744736,0.5474997162818909,-0.05990280210971832,0.7780325412750244,114,295
19,633,25,0.16019581258296967,0.6539292335510254,0.11776148527860641,0.37185999751091003,153,353
19,633,26,0.11419631540775299,0.6632369160652161,-0.08049876242876053,0.4157944321632385,109,358
19,633,27,0.16118307411670685,0.7726230621337891,0.18515637516975403,0.3744088411331177,154,417
19,633,28,0.05198115482926369,0.732342004776001,0.024595746770501137,0.379021555185318,49,395
19,633,29,0.15274308621883392,0.7964712381362915,0.1874680370092392,0.3783842921257019,146,430
19,633,30,0.03686151280999184,0.7300231456756592,0.035003140568733215,0.3622393310070038,35,394
19,633,31,0.19336917996406555,0.7951120734214783,0.13830740749835968,0.358893483877182,185,429
19,633,32,0.050038956105709076,0.7976258397102356,-0.011392904445528984,0.36058691143989563,48,430
20,666,0,0.16468629240989685,0.2959558069705963,-0.11787930130958557,0.8544973731040955,158,159
20,666,1,0.16663113236427307,0.28458043932914734,-0.10533349961042404,0.8310216069221497,159,153
20,666,2,0.1672489196062088,0.28426527976989746,-0.105514757335186,0.8430387377738953,160,153
20,666,3,0.167964905500412,0.2840958833694458,-0.10546711087226868,0.8448879718780518,161,153
20,666,4,0.16279824078083038,0.2854655385017395,-0.12195276468992233,0.8469216227531433,156,154
20,666,5,0.16073082387447357,0.2855946719646454,-0.12218888103961945,0.8695855140686035,154,154
20,666,6,0.15848754346370697,0.28538671135902405,-0.12231907993555069,0.8737488389015198,152,154
20,666,7,0.16214409470558167,0.2894953191280365,-0.032443054020404816,0.9084786772727966,155,156
20,666,8,0.14734362065792084,0.2879548966884613,-0.10930193960666656,0.8791108131408691,141,155
20,666,9,0.16184739768505096,0.30795058608055115,-0.08725669980049133,0.8807695508003235,155,166
20,666,10,0.1567823886871338,0.30691081285476685,-0.11044982075691223,0.8830258250236511,150,165
20,666,11,0.15185217559337616,0.3521105647087097,0.0509847067296505,0.9991959929466248,145,190
20,666,12,0.11956453323364258,0.3470376133918762,-0.12591971457004547,0.9985209703445435,114,187
20,666,13,0.14038929343223572,0.44272175431251526,0.08511184900999069,0.12268475443124771,134,239
20,666,14,0.10105030238628387,0.4418335556983948,-0.15392185747623444,0.46990448236465454,97,238
20,666,15,0.15442898869514465,0.5114777684211731,0.03228927031159401,0.1381954699754715,148,276
20,666,16,0.14077231287956238,0.502068817615509,-0.17184589803218842,0.5548093318939209,135,271
20,666,17,0.15616163611412048,0.528779149055481,0.025478053838014603,0.221597820520401,149,285
20,666,18,0.14858442544937134,0.5288034081459045,-0.19139918684959412,0.6175857782363892,142,285
20,666,19,0.15787777304649353,0.5266602039337158,0.008995812386274338,0.2433992177248001,151,284
20,666,20,0.15508992969989777,0.5214789509773254,-0.1853262037038803,0.6425694823265076,148,281
20,666,21,0.15625950694084167,0.5151235461235046,0.02418687753379345,0.2297014743089676,150,278
20,666,22,0.1529931277036667,0.5124382376670837,-0.16851258277893066,0.5820993185043335,146,276
20,666,23,0.15161776542663574,0.5343371033668518,0.05680447071790695,0.8022639751434326,145,288
20,666,24,0.13290172815322876,0.5381252765655518,-0.056910037994384766,0.8002219796180725,127,290
20,666,25,0.16657978296279907,0.6516337394714355,0.07493636757135391,0.4178503453731537,159,351
20,666,26,0.15008418262004852,0.660847544670105,-0.07594220340251923,0.4730830490589142,144,356
20,666,27,0.16106083989143372,0.7725492119789124,0.11667278409004211,0.4344025254249573,154,417
20,666,28,0.08053584396839142,0.7342807650566101,0.0008415319607593119,0.44010502099990845,77,396
20,666,29,0.15264466404914856,0.7964143753051758,0.11683383584022522,0.4366014897823334,146,430
20,666,30,0.06562399864196777,0.7361541986465454,0.008070866577327251,0.41769224405288696,62,397
20,666,31,0.19339792430400848,0.7958759665489197,0.06620700657367706,0.42084670066833496,185,429
20,666,32,0.08751852065324783,0.8002816438674927,-0.03747870773077011,0.4230804443359375,84,432
21,700,0,0.1648324877023697,0.29620933532714844,-0.12412096560001373,0.8688359260559082,158,159
21,700,1,0.16602544486522675,0.2846894860267639,-0.11328776925802231,0.8474017381668091,159,153
21,700,2,0.16662940382957458,0.2843424677848816,-0.11346787959337234,0.8580886721611023,159,153
21,700,3,0.16736789047718048,0.2841612696647644,-0.11343157291412354,0.8598728775978088,160,153
21,700,4,0.16268828511238098,0.2855262756347656,-0.12913964688777924,0.8619601726531982,156,154
21,700,5,0.16099843382835388,0.2856171429157257,-0.12937679886817932,0.8824450373649597,154,154
21,700,6,0.15879596769809723,0.2853899598121643,-0.12951339781284332,0.8862286806106567,152,154
21,700,7,0.16287057101726532,0.2893725037574768,-0.045669905841350555,0.9171761274337769,156,156
21,700,8,0.14965322613716125,0.28718626499176025,-0.11879490315914154,0.8909139633178711,143,155
21,700,9,0.16261251270771027,0.30810609459877014,-0.09543994814157486,0.8916194438934326,156,166
21,700,10,0.15885090827941895,0.3069375157356262,-0.11763382703065872,0.8941807150840759,152,165
21,700,11,0.15520475804805756,0.3517344892024994,0.03805752843618393,0.9991968274116516,148,189
21,700,12,0.12182989716529846,0.34661298990249634,-0.13125593960285187,0.9986590147018433,116,187
21,700,13,0.14459683001041412,0.43950456380844116,0.08113553375005722,0.11201097816228867,138,237
21,700,14,0.1032429188489914,0.44179418683052063,-0.15733280777931213,0.5219845175743103,99,238
21,700,15,0.15746000409126282,0.5095802545547485,0.04193231835961342,0.1254391074180603,151,275
21,700,16,0.14220649003982544,0.5058876872062683,-0.1768585592508316,0.5892342329025269,136,273
21,700,17,0.1590690165758133,0.525469958782196,0.03670316934585571,0.2015402466058731,152,283
21,700,18,0.14992065727710724,0.5330879092216492,-0.19715341925621033,0.6401391625404358,143,287
21,700,19,0.1606830656528473,0.5252336263656616,0.021005643531680107,0.22131021320819855,154,283
21,700,20,0.1564999222755432,0.525298535823822,-0.19502964615821838,0.6636265516281128,150,283
21,700,21,0.1595517098903656,0.5131611227989197,0.034880321472883224,0.20893126726150513,153,277
21,700,22,0.15435172617435455,0.5160739421844482,-0.17554761469364166,0.5996450185775757,148,278
21,700,23,0.15600977838039398,0.529458224773407,0.05620082840323448,0.822030246257782,149,285
21,700,24,0.1359102576971054,0.5347259640693665,-0.05630112439393997,0.8201952576637268,130,288
21,700,25,0.16837167739868164,0.6514838933944702,0.06246349588036537,0.4548706114292145,161,351
21,700,26,0.1565757840871811,0.6582950949668884,-0.08668752014636993,0.5246410965919495,150,355
21,700,27,0.16118519008159637,0.7725244164466858,0.09372804313898087,0.48877137899398804,154,417
21,700,28,0.0843714028596878,0.7361570596694946,-0.028106169775128365,0.4953120946884155,80,397
21,700,29,0.15254388749599457,0.7990126013755798,0.09254239499568939,0.4894163906574249,146,431
21,700,30,0.06983477622270584,0.7413089871406555,-0.02324485033750534,0.4682610034942627,67,400
21,700,31,0.1939765363931656,0.7966668605804443,0.03275049850344658,0.476919561624527,186,430
21,700,32,0.09233639389276505,0.8041566014289856,-0.0780709758400917,0.4796733260154724,88,434
22,733,0,0.17910517752170563,0.29624640941619873,-0.10851866751909256,0.8817268013954163,171,159
22,733,1,0.1813429445028305,0.2846600413322449,-0.0982707291841507,0.8621653914451599,174,153
22,733,2,0.18194235861301422,0.2842623293399811,-0.09844521433115005,0.8716568350791931,174,153
22,733,3,0.18263347446918488,0.2840179204940796,-0.09840497374534607,0.8733651638031006,175,153
22,733,4,0.17813964188098907,0.2852261960506439,-0.11485525965690613,0.8755088448524475,171,154
22,733,5,0.1759779304265976,0.2849707007408142,-0.11508937180042267,0.8940315246582031,168,153
22,733,6,0.17400027811527252,0.283860981464386,-0.11522511392831802,0.8974806070327759,167,153
22,733,7,0.17692850530147552,0.2877901494503021,-0.03553194925189018,0.9250446557998657,169,155
22,733,8,0.16243396699428558,0.2835041582584381,-0.11129605770111084,0.9016179442405701,155,153
22,733,9,0.17632700502872467,0.30806779861450195,-0.08132798969745636,0.9015950560569763,169,166
22,733,10,0.17227357625961304,0.3068687617778778,-0.10444705188274384,0.9043686389923096,165,165
22,733,11,0.16683675348758698,0.347787082195282,0.043229538947343826,0.9992051720619202,160,187
22,733,12,0.13381187617778778,0.3433820307254791,-0.12408678233623505,0.9987860918045044,128,185
22,733,13,0.1588994413614273,0.44046443700790405,0.08026231825351715,0.10252140462398529,152,237
22,733,14,0.11653943359851837,0.4384286403656006,-0.14989875257015228,0.5687833428382874,111,236
22,733,15,0.16732288897037506,0.5093552470207214,0.04003731161355972,0.11464013159275055,160,275
22,733,16,0.14488311111927032,0.5106139779090881,-0.17306683957576752,0.6231520175933838,139,275
22,733,17,0.1676405519247055,0.5254575610160828,0.03402964398264885,0.1847003847360611,160,283
22,733,18,0.1494392454624176,0.5422545075416565,-0.19318395853042603,0.6644622087478638,143,292
22,733,19,0.16897328197956085,0.525678813457489,0.018985165283083916,0.2027108073234558,162,283
22,733,20,0.15749698877334595,0.5370020270347595,-0.18623176217079163,0.6861631274223328,151,289
22,733,21,0.16797040402889252,0.5135844349861145,0.03313015028834343,0.1913287490606308,161,277
22,733,22,0.15623997151851654,0.5255025625228882,-0.16919510066509247,0.6217570900917053,149,283
22,733,23,0.16529341042041779,0.5262522101402283,0.05395407974720001,0.8398171067237854,158,284
22,733,24,0.15059016644954681,0.529145359992981,-0.054065361618995667,0.8381702303886414,144,285
22,733,25,0.16875995695590973,0.6509467959403992,0.05864163860678673,0.4857551157474518,162,351
22,733,26,0.16711845993995667,0.6560653448104858,-0.06833651661872864,0.5694001913070679,160,354
22,733,27,0.16095072031021118,0.7695125937461853,0.09359108656644821,0.5363969802856445,154,415
22,733,28,0.1143174022436142,0.7407952547073364,-0.004475084599107504,0.5445389151573181,109,400
22,733,29,0.15277552604675293,0.7995510697364807,0.09315310418605804,0.5337365865707397,146,431
22,733,30,0.0999750941991806,0.7438561916351318,0.0006055469275452197,0.5107001066207886,95,401
22,733,31,0.1788593977689743,0.8135337829589844,0.035868704319000244,0.5265686511993408,171,439
22,733,32,0.12628380954265594,0.8054270148277283,-0.05438951402902603,0.5299754738807678,121,434
23,766,0,0.1797647625207901,0.29602622985839844,-0.10487425327301025,0.8931683897972107,172,159
23,766,1,0.18096549808979034,0.28377822041511536,-0.09510859102010727,0.8753304481506348,173,153
23,766,2,0.18165430426597595,0.28321573138237,-0.09528280049562454,0.8837149739265442,174,152
23,766,3,0.182444766163826,0.2828557789325714,-0.09524495899677277,0.885426938533783,175,152
23,766,4,0.17740702629089355,0.2845135033130646,-0.11137164384126663,0.8876169919967651,170,153
23,766,5,0.17566925287246704,0.28420811891555786,-0.11160992830991745,0.9043974280357361,168,153
23,766,6,0.17388798296451569,0.28339114785194397,-0.11174872517585754,0.907581627368927,166,153
23,766,7,0.17838187515735626,0.28570130467414856,-0.035398952662944794,0.9320262670516968,171,154
23,766,8,0.1640317291021347,0.2832706868648529,-0.10948207229375839,0.9111899733543396,157,152
23,766,9,0.1774972826242447,0.3076227009296417,-0.07879803329706192,0.9104601144790649,170,166
23,766,10,0.17417287826538086,0.3065527677536011,-0.10135258734226227,0.9134185910224915,167,165
23,766,11,0.1728484332561493,0.3477831780910492,0.04007434844970703,0.9991961121559143,165,187
23,766,12,0.13525858521461487,0.34275010228157043,-0.1234966292977333,0.9989010691642761,129,185
23,766,13,0.16446055471897125,0.4406712055206299,0.07696031033992767,0.09356440603733063,157,237
23,766,14,0.11754059046506882,0.4367184638977051,-0.14977969229221344,0.6103236675262451,112,235
23,766,15,0.1707686334848404,0.5082857608795166,0.03967581316828728,0.10493144392967224,163,274
23,766,16,0.1468866914510727,0.5148032903671265,-0.169784277677536,0.6572626829147339,141,277
23,766,17,0.17262530326843262,0.5300611257553101,0.03414999693632126,0.16948072612285614,165,286
23,766,18,0.15044471621513367,0.5449029207229614,-0.18906055390834808,0.6921684741973877,144,294
23,766,19,0.17449429631233215,0.5254747867584229,0.018848733976483345,0.18581794202327728,167,283
23,766,20,0.16044661402702332,0.537899374961853,-0.1851036548614502,0.7116104364395142,154,290
23,766,21,0.17290376126766205,0.5134140849113464,0.03264541178941727,0.17542248964309692,165,277
23,766,22,0.15959453582763672,0.5276675820350647,-0.16742539405822754,0.6494499444961548,153,284
23,766,23,0.16983740031719208,0.5247907638549805,0.052858587354421616,0.8558246493339539,163,283
23,766,24,0.15347875654697418,0.5285012722015381,-0.05297797545790672,0.8543488383293152,147,285
23,766,25,0.16804614663124084,0.650742769241333,0.05971777066588402,0.4884856641292572,161,351
23,766,26,0.16986742615699768,0.6547313332557678,-0.049218423664569855,0.5969681143760681,163,353
23,766,27,0.12490680813789368,0.7491622567176819,0.08504943549633026,0.5681491494178772,119,404
23,766,28,0.14963126182556152,0.7613157033920288,0.0011273784330114722,0.5862473845481873,143,411
23,766,29,0.10690489411354065,0.7581542134284973,0.08437948673963547,0.5638630986213684,102,409
23,766,30,0.14486978948116302,0.7885797619819641,0.0043526748195290565,0.5440331697463989,139,425
23,766,31,0.1316712498664856,0.8102492094039917,0.03272981941699982,0.5640895366668701,126,437
23,766,32,0.17339414358139038,0.8068070411682129,-0.05436103790998459,0.5713890790939331,166,435
24,800,0,0.19430045783519745,0.29610908031463623,-0.15696211159229279,0.9037719368934631,186,159
24,800,1,0.19652175903320312,0.28332003951072693,-0.14735056459903717,0.8876466751098633,188,152
24,800,2,0.19713546335697174,0.28267449140548706,-0.1475343257188797,0.8951365947723389,189,152
24,800,3,0.1978280395269394,0.28221115469932556,-0.14748913049697876,0.8967122435569763,189,152
24,800,4,0.19282254576683044,0.2840806543827057,-0.16337065398693085,0.8987815976142883,185,153
24,800,5,0.19092389941215515,0.283723384141922,-0.16360525786876678,0.913905918598175,183,153
24,800,6,0.1888180375099182,0.28305354714393616,-0.1637466847896576,0.9167906641960144,181,152
24,800,7,0.19234304130077362,0.28458237648010254,-0.08314327895641327,0.9386423230171204,184,153
24,800,8,0.1773577481508255,0.2825322449207306,-0.15652891993522644,0.9200048446655273,170,152
24,800,9,0.1917363703250885,0.30729278922080994,-0.12882791459560394,0.9191887378692627,184,165
24,800,10,0.18736685812473297,0.30627602338790894,-0.1512366682291031,0.9219790697097778,179,165
24,800,11,0.18481498956680298,0.3438757658004761,-0.001416626269929111,0.9992195963859558,177,185
24,800,12,0.1472548395395279,0.34288933873176575,-0.15891695022583008,0.9990076422691345,141,185
24,800,13,0.17777962982654572,0.4408204257488251,0.03429137542843819,0.08652487397193909,170,238
24,800,14,0.12984085083007812,0.43978601694107056,-0.18243098258972168,0.6487089395523071,124,237
24,800,15,0.1799781769514084,0.5114942789077759,-0.010675500147044659,0.09673351049423218,172,276
24,800,16,0.15202254056930542,0.5283471345901489,-0.20511610805988312,0.6891406178474426,145,285
24,800,17,0.17941567301750183,0.52843177318573,-0.018340397626161575,0.15611906349658966,172,285
24,800,18,0.15417368710041046,0.557503879070282,-0.22832117974758148,0.717349112033844,148,301
24,800,19,0.1814853996038437,0.52536940574646,-0.036495767533779144,0.17113596200942993,174,283
24,800,20,0.16525894403457642,0.5482859015464783,-0.2290976643562317,0.7352088689804077,158,296
24,800,21,0.17856289446353912,0.5134291648864746,-0.01900835707783699,0.16136230528354645,171,277
24,800,22,0.16548816859722137,0.5370307564735413,-0.20545683801174164,0.6745683550834656,158,289
24,800,23,0.18074584007263184,0.5200982689857483,0.05293022468686104,0.8702046871185303,173,280
24,800,24,0.16077430546283722,0.5262179970741272,-0.053049735724925995,0.8689005970954895,154,284
24,800,25,0.174907386302948,0.6426675915718079,0.06651940941810608,0.45811691880226135,167,347
24,800,26,0.17069363594055176,0.6460223197937012,-0.028824450448155403,0.5985223650932312,163,348
24,800,27,0.15170341730117798,0.753197431564331,0.13037462532520294,0.5480532646179199,145,406
24,800,28,0.16018065810203552,0.7637941241264343,0.026808714494109154,0.6026718616485596,153,412
24,800,29,0.1388958990573883,0.7670228481292725,0.13300801813602448,0.545644998550415,133,414
24,800,30,0.15079458057880402,0.7924525141716003,0.028723396360874176,0.5299169421195984,144,427
24,800,31,0.16609786450862885,0.7964168787002563,0.07457853853702545,0.5596497654914856,159,430
24,800,32,0.19074176251888275,0.8015207648277283,-0.041781406849622726,0.5832304358482361,183,432
25,833,0,0.19358991086483002,0.2964639663696289,-0.15280111134052277,0.9133099317550659,185,160
25,833,1,0.19562512636184692,0.28335240483283997,-0.1428256779909134,0.898707389831543,187,153
25,833,2,0.1963087022304535,0.28266847133636475,-0.14299891889095306,0.9053693413734436,188,152
25,833,3,0.19707544147968292,0.28224602341651917,-0.14295488595962524,0.906825840473175,189,152
25,833,4,0.19197174906730652,0.28409305214881897,-0.15859422087669373,0.9088324308395386,184,153
25,833,5,0.19036394357681274,0.2837390899658203,-0.1588326394557953,0.9224680662155151,182,153
25,833,6,0.18866302073001862,0.28314459323883057,-0.15896987915039062,0.9250838160514832,181,152
25,833,7,0.1929522454738617,0.2841983735561371,-0.07688608765602112,0.9445485472679138,185,153
25,833,8,0.17912811040878296,0.2828449308872223,-0.14907978475093842,0.927949070930481,171,152
25,833,9,0.19160713255405426,0.30729517340660095,-0.12400627881288528,0.9270486831665039,183,165
25,833,10,0.18832524120807648,0.30630427598953247,-0.14601697027683258,0.9296972751617432,180,165
25,833,11,0.18753476440906525,0.34288352727890015,0.007708175107836723,0.9991982579231262,180,185
25,833,12,0.1495162397623062,0.34317031502723694,-0.15487898886203766,0.9991042017936707,143,185
25,833,13,0.18372319638729095,0.4377390742301941,0.04701041430234909,0.07933681458234787,176,236
25,833,14,0.1297031193971634,0.43990063667297363,-0.18125493824481964,0.6833136081695557,124,237
25,833,15,0.18605825304985046,0.5080397725105286,0.0037334770895540714,0.08816087990999222,178,274
25,833,16,0.15256333351135254,0.5314623713493347,-0.20926813781261444,0.7185831665992737,146,286
25,833,17,0.18596497178077698,0.5250502228736877,-0.0030414240900427103,0.1423121988773346,178,283
25,833,18,0.1543891429901123,0.5607336163520813,-0.23371610045433044,0.7416952252388,148,302
25,833,19,0.18826143443584442,0.5219994187355042,-0.02182806469500065,0.15600445866584778,180,281
25,833,20,0.16530026495456696,0.5524103045463562,-0.23471146821975708,0.7579898834228516,158,298
25,833,21,0.18721911311149597,0.5122586488723755,-0.004917247220873833,0.14707255363464355,179,276
25,833,22,0.16514509916305542,0.5418249368667603,-0.20977091789245605,0.6997120380401611,158,292
25,833,23,0.18506042659282684,0.5201629996299744,0.05290469154715538,0.8831408619880676,177,280
25,833,24,0.16279928386211395,0.5275906920433044,-0.05302678421139717,0.881999135017395,156,284
25,833,25,0.18126510083675385,0.6431437730789185,0.07650838792324066,0.42890968918800354,174,347
25,833,26,0.16962674260139465,0.6473693251609802,-0.013795788399875164,0.5981596112251282,162,349
25,833,27,0.15989552438259125,0.7544084787368774,0.15340584516525269,0.5200390815734863,153,407
25,833,28,0.1593484729528427,0.7658535838127136,0.03989926725625992,0.619192898273468,152,413
25,833,29,0.15034885704517365,0.7732982039451599,0.15747389197349548,0.5209307670593262,144,417
25,833,30,0.15062567591667175,0.7934811115264893,0.04150283709168434,0.5165852904319763,144,428
25,833,31,0.17607824504375458,0.7874644994735718,0.10080981999635696,0.5461542010307312,169,425
25,833,32,0.19383001327514648,0.7991093993186951,-0.036814332008361816,0.5948615074157715,186,431
26,866,0,0.20824970304965973,0.2946080267429352,-0.14863133430480957,0.9219503402709961,199,159
26,866,1,0.21146252751350403,0.2823549807071686,-0.13452813029289246,0.9087733626365662,203,152
26,866,2,0.21256692707538605,0.2819024324417114,-0.13471165299415588,0.9147524237632751,204,152
26,866,3,0.21366523206233978,0.2816450297832489,-0.13468152284622192,0.9160788059234619,205,152
26,866,4,0.2062605917453766,0.28194764256477356,-0.15042363107204437,0.9179149866104126,198,152
26,866,5,0.20359259843826294,0.281212717294693,-0.1506475955247879,0.9301946759223938,195,151
26,866,6,0.20058180391788483,0.2804045081138611,-0.15078449249267578,0.9325553774833679,192,151
26,866,7,0.21060343086719513,0.28385376930236816,-0.06064086779952049,0.9500319361686707,202,153
26,866,8,0.192230224609375,0.27982819080352783,-0.1346255987882614,0.9351181387901306,184,151
26,866,9,0.20759056508541107,0.305334210395813,-0.1168913021683693,0.9342609643936157,199,164
26,866,10,0.20178468525409698,0.30357807874679565,-0.1389622837305069,0.936684250831604,193,163
26,866,11,0.20673276484012604,0.34571969509124756,0.020309990271925926,0.9992554187774658,198,186
26,866,12,0.1642376035451889,0.3428005576133728,-0.13990062475204468,0.9991884231567383,157,185
26,866,13,0.20381487905979156,0.4391689896583557,0.05713837593793869,0.0921039804816246,195,237
26,866,14,0.14375463128089905,0.43993687629699707,-0.1540679633617401,0.7146042585372925,138,237
26,866,15,0.2249612659215927,0.505696177482605,-0.004852088633924723,0.14167164266109467,215,273
26,866,16,0.15996575355529785,0.5306112766265869,-0.2007724940776825,0.7463586330413818,153,286
26,866,17,0.23047423362731934,0.522451639175415,-0.01506034191697836,0.19732415676116943,221,282
26,866,18,0.15956328809261322,0.5591435432434082,-0.21760472655296326,0.766721785068512,153,301
26,866,19,0.23337578773498535,0.5205449461936951,-0.03809785097837448,0.21288174390792847,224,281
26,866,20,0.17042265832424164,0.5533224940299988,-0.21570929884910583,0.7814653515815735,163,298
26,866,21,0.23081055283546448,0.5121095776557922,-0.015969838947057724,0.20197218656539917,221,276
26,866,22,0.1716122031211853,0.5421345233917236,-0.19371600449085236,0.7283626794815063,164,292
26,866,23,0.1990629881620407,0.5222043395042419,0.049193911254405975,0.8948079943656921,191,281
26,866,24,0.17487359046936035,0.5290508270263672,-0.04930192232131958,0.8937807679176331,167,285
26,866,25,0.2086748480796814,0.6409974098205566,0.0418446846306324,0.4663005769252777,200,346
26,866,26,0.17967887222766876,0.6477736830711365,-0.06910035014152527,0.6237846612930298,172,349
26,866,27,0.19180114567279816,0.7523244023323059,0.09884624928236008,0.5576135516166687,184,406
26,866,28,0.15743447840213776,0.7089890837669373,0.08832785487174988,0.6058470606803894,151,382
26,866,29,0.18096080422401428,0.7681006789207458,0.10131983458995819,0.5504084825515747,173,414
26,866,30,0.15046080946922302,0.7159407138824463,0.10465934127569199,0.49070802330970764,144,386
26,866,31,0.21309198439121246,0.793459951877594,0.05312347039580345,0.5796843767166138,204,428
26,866,32,0.1685352921485901,0.7393218278884888,0.07902559638023376,0.578902542591095,161,399
27,900,0,0.21036480367183685,0.2930574417114258,-0.1445915251970291,0.9297081232070923,201,158
27,900,1,0.21142074465751648,0.2811000347137451,-0.13071152567863464,0.9177954196929932,202,151
27,900,2,0.2121550738811493,0.28061798214912415,-0.13090039789676666,0.9231564998626709,203,151
27,900,3,0.21310953795909882,0.28027376532554626,-0.13087184727191925,0.9243770837783813,204,151
27,900,4,0.20796959102153778,0.28116533160209656,-0.14662550389766693,0.9260658621788025,199,151
27,900,5,0.20595434308052063,0.28066790103912354,-0.14684778451919556,0.9371285438537598,197,151
27,900,6,0.20412731170654297,0.2800692021846771,-0.1469830572605133,0.9392653703689575,195,151
27,900,7,0.20975886285305023,0.28305429220199585,-0.05693783983588219,0.9549345970153809,201,152
27,900,8,0.19595694541931152,0.27986228466033936,-0.12999789416790009,0.9415408372879028,188,151
27,900,9,0.20872804522514343,0.30415675044059753,-0.11407732218503952,0.9407073855400085,200,164
27,900,10,0.20492734014987946,0.30278244614601135,-0.13600534200668335,0.9429419040679932,196,163
27,900,11,0.20757414400577545,0.3474647104740143,0.02140132710337639,0.9993072748184204,199,187
27,900,12,0.16769614815711975,0.3428654372692108,-0.13664142787456512,0.999261736869812,160,185
27,900,13,0.20374424755573273,0.43981125950813293,0.0521191842854023,0.09242210537195206,195,237
27,900,14,0.14534634351730347,0.4395512044429779,-0.14897701144218445,0.7424541115760803,139,237
27,900,15,0.22408747673034668,0.5047680735588074,-0.014204527251422405,0.16332165896892548,215,272
27,900,16,0.16148637235164642,0.5301439166069031,-0.18106970191001892,0.7708993554115295,155,286
27,900,17,0.23164041340351105,0.5224378108978271,-0.024076389148831367,0.2233472615480423,222,282
27,900,18,0.15948504209518433,0.5614258050918579,-0.20086313784122467,0.7882865071296692,153,303
27,900,19,0.23478557169437408,0.5201674103736877,-0.04673083871603012,0.24096007645130157,225,280
27,900,20,0.16978849470615387,0.5563817620277405,-0.21342603862285614,0.8017096519470215,162,300
27,900,21,0.2317807972431183,0.5121374130249023,-0.025201376527547836,0.22781166434288025,222,276
27,900,22,0.1712273508310318,0.5443577766418457,-0.1835450679063797,0.752660870552063,164,293
27,900,23,0.19953399896621704,0.5232064723968506,0.045073967427015305,0.9053145051002502,191,282
27,900,24,0.1755780130624771,0.5284426808357239,-0.045196596533060074,0.9043879508972168,168,285
27,900,25,0.2124379277229309,0.6387761235237122,0.02324974723160267,0.506138026714325,203,344
27,900,26,0.18133611977100372,0.6484534740447998,-0.062409572303295135,0.6409772038459778,174,350
27,900,27,0.19539310038089752,0.7527590990066528,0.05551854893565178,0.5970409512519836,187,406
27,900,28,0.1590358465909958,0.6857961416244507,0.11849617213010788,0.5911040902137756,152,370
27,900,29,0.18387717008590698,0.7699580788612366,0.05532972514629364,0.5829058885574341,176,415
27,900,30,0.15282215178012848,0.6887069940567017,0.13687708973884583,0.46689051389694214,146,371
27,900,31,0.21667490899562836,0.7964706420898438,0.003861689241603017,0.6160449385643005,208,430
27,900,32,0.1644054353237152,0.7166544795036316,0.12069306522607803,0.565839946269989,157,386
28,933,0,0.22312712669372559,0.29321542382240295,-0.13622842729091644,0.936735212802887,214,158
28,933,1,0.2254423350095749,0.28132760524749756,-0.12379830330610275,0.9260114431381226,216,151
28,933,2,0.2263258844614029,0.28102967143058777,-0.12398696690797806,0.9308355450630188,217,151
28,933,3,0.22730563580989838,0.280925989151001,-0.12395290285348892,0.9319344758987427,218,151
28,933,4,0.22113783657550812,0.28124138712882996,-0.13993550837039948,0.9334573149681091,212,151
28,933,5,0.2190590798854828,0.2807757556438446,-0.14016646146774292,0.9434143900871277,210,151
28,933,6,0.21667151153087616,0.28021785616874695,-0.14031004905700684,0.94533771276474,208,151
28,933,7,0.22328124940395355,0.2844894528388977,-0.056434307247400284,0.9594367742538452,214,153
28,933,8,0.2088843286037445,0.28003180027008057,-0.12854453921318054,0.9473845362663269,200,151
28,933,9,0.2221166491508484,0.3042241632938385,-0.10708398371934891,0.9466300010681152,213,164
28,933,10,0.21694765985012054,0.3029210865497589,-0.12937870621681213,0.9486444592475891,208,163
28,933,11,0.21637287735939026,0.3474772870540619,0.024186505004763603,0.9993677139282227,207,187
28,933,12,0.18299107253551483,0.3443705141544342,-0.13611841201782227,0.9993349313735962,175,185
28,933,13,0.22330118715763092,0.43287476897239685,0.052909038960933685,0.12809814512729645,214,233
28,933,14,0.15617461502552032,0.4379105269908905,-0.16879487037658691,0.7680329084396362,149,236
28,933,15,0.2517082393169403,0.48900842666625977,-0.01146957278251648,0.21427594125270844,241,264
28,933,16,0.16958355903625488,0.531756579875946,-0.21443048119544983,0.7936404943466187,162,287
28,933,17,0.2594473361968994,0.5112544894218445,-0.014208467677235603,0.2708238661289215,249,276
28,933,18,0.16819684207439423,0.5614001750946045,-0.23889873921871185,0.8091013431549072,161,303
28,933,19,0.2621787190437317,0.5096096396446228,-0.03385839983820915,0.2902171313762665,251,275
28,933,20,0.17788563668727875,0.5567217469215393,-0.24556531012058258,0.8212100267410278,170,300
28,933,21,0.25804346799850464,0.5024664998054504,-0.016991157084703445,0.27801620960235596,247,271
28,933,22,0.17868702113628387,0.5447855591773987,-0.2177729308605194,0.7768200635910034,171,294
28,933,23,0.2066466212272644,0.5197738409042358,0.05228976905345917,0.9147762060165405,198,280
28,933,24,0.19383862614631653,0.5252934098243713,-0.052400846034288406,0.913946270942688,186,283
28,933,25,0.20225802063941956,0.642487645149231,0.08367889374494553,0.51697838306427,194,346
28,933,26,0.2217290997505188,0.6428011059761047,-0.06837045401334763,0.6740012764930725,212,347
28,933,27,0.18789032101631165,0.7536388635635376,0.12043222784996033,0.6189369559288025,180,406
28,933,28,0.2338285893201828,0.7521629333496094,-0.05975474417209625,0.6307790279388428,224,406
28,933,29,0.17894384264945984,0.7721853852272034,0.11936487257480621,0.6069050431251526,171,416
28,933,30,0.23019607365131378,0.7823585271835327,-0.06267564743757248,0.5149483680725098,220,422
28,933,31,0.20960548520088196,0.7919496297836304,0.07055451720952988,0.6432644724845886,201,427
28,933,32,0.26500123739242554,0.7735058069229126,-0.1340065747499466,0.6073641180992126,254,417
29,966,0,0.22515985369682312,0.2933427095413208,-0.10220006853342056,0.9430469274520874,216,158
29,966,1,0.2254738062620163,0.28137683868408203,-0.09292684495449066,0.9333816170692444,216,151
29,966,2,0.2258097380399704,0.28105103969573975,-0.0931008979678154,0.9377220273017883,216,151
29,966,3,0.22635453939437866,0.28092482686042786,-0.09308744966983795,0.938719630241394,217,151
29,966,4,0.22344157099723816,0.281337708234787,-0.10840367525815964,0.9400942921638489,214,151
29,966,5,0.22232133150100708,0.2808830440044403,-0.10860799998044968,0.9490600228309631,213,151
29,966,6,0.22067244350910187,0.2803349494934082,-0.10869678109884262,0.9507931470870972,211,151
29,966,7,0.222678080201149,0.2843833565711975,-0.041231099516153336,0.9634789228439331,213,153
29,966,8,0.21280796825885773,0.2801171541213989,-0.1106906607747078,0.9526256918907166,204,151
29,966,9,0.22329364717006683,0.30420970916748047,-0.07953520119190216,0.9519447088241577,214,164
29,966,10,0.22027108073234558,0.3029667139053345,-0.10090012848377228,0.9537627696990967,211,163
29,966,11,0.2184540331363678,0.34821510314941406,0.02877439185976982,0.9994226098060608,209,188
29,966,12,0.18510177731513977,0.346118688583374,-0.12909764051437378,0.9993990659713745,177,186
29,966,13,0.22617197036743164,0.4328881800174713,0.05918839946389198,0.16243724524974823,217,233
29,966,14,0.15767762064933777,0.4369884133338928,-0.1657954901456833,0.7908119559288025,151,235
29,966,15,0.2551945447921753,0.4865548610687256,0.01924479380249977,0.2537282109260559,244,262
29,966,16,0.16996003687381744,0.5308684706687927,-0.2089126706123352,0.8126156330108643,163,286
29,966,17,0.2621433138847351,0.5090161561965942,0.01737041212618351,0.3050932288169861,251,274
29,966,18,0.1690494269132614,0.56092768907547,-0.23260027170181274,0.8250004053115845,162,302
29,966,19,0.26543986797332764,0.5074734687805176,-0.00625326344743371,0.3261670470237732,254,274
29,966,20,0.17969247698783875,0.5565868616104126,-0.23055346310138702,0.8361160159111023,172,300
29,966,21,0.2622367739677429,0.5014424920082092,0.009205115959048271,0.3144770860671997,251,270
29,966,22,0.18115155398845673,0.5451029539108276,-0.20498473942279816,0.7947530746459961,173,294
29,966,23,0.20597411692142487,0.5204666256904602,0.05294065177440643,0.9232922792434692,197,281
29,966,24,0.1943543255329132,0.525273859500885,-0.0530582070350647,0.9225475788116455,186,283
29,966,25,0.197577565908432,0.6495602130889893,0.08211611211299896,0.52662593126297,189,350
29,966,26,0.22662672400474548,0.6377487778663635,-0.06467118859291077,0.7021068334579468,217,344
29,966,27,0.18729838728904724,0.758493185043335,0.11313636600971222,0.6417627930641174,179,409
29,966,28,0.23608192801475525,0.7635170817375183,-0.03558351472020149,0.6660222411155701,226,412
29,966,29,0.17534197866916656,0.7776628136634827,0.11145319789648056,0.6299453973770142,168,419
29,966,30,0.2304484248161316,0.7890753149986267,-0.03639713302254677,0.5567203164100647,221,426
29,966,31,0.20273590087890625,0.7920255661010742,0.06373281031847,0.6692056059837341,194,427
29,966,32,0.2690199315547943,0.7873284220695496,-0.09737306088209152,0.644096314907074,258,425
30,1000,0,0.23662349581718445,0.3005005717277527,-0.1047293022274971,0.948735773563385,227,162
30,1000,1,0.2394106388092041,0.2878883481025696,-0.0977444127202034,0.9400291442871094,229,155
30,1000,2,0.2405635267496109,0.28789201378822327,-0.09793779253959656,0.9439314603805542,230,155
30,1000,3,0.24199090898036957,0.28813764452934265,-0.0979154109954834,0.9448316097259521,232,155
30,1000,4,0.23489591479301453,0.286733478307724,-0.11411874741315842,0.9460790753364563,225,154
30,1000,5,0.23248712718486786,0.28626158833503723,-0.11432730406522751,0.9541501402854919,223,154
30,1000,6,0.2307136356830597,0.28580689430236816,-0.11443552374839783,0.9557110071182251,221,154
30,1000,7,0.23909154534339905,0.29117006063461304,-0.03649646043777466,0.9671165347099304,229,157
30,1000,8,0.2235439568758011,0.28704944252967834,-0.10352089256048203,0.9573573470115662,214,155
30,1000,9,0.236461341381073,0.31046876311302185,-0.0835643857717514,0.9567285180091858,227,167
30,1000,10,0.23103241622447968,0.30857810378074646,-0.10554767400026321,0.9583757519721985,221,166
30,1000,11,0.23642291128635406,0.3503943085670471,0.050519343465566635,0.9994425773620605,226,189
30,1000,12,0.199615016579628,0.35061928629875183,-0.11995802819728851,0.9994581341743469,191,189
30,1000,13,0.24781157076358795,0.42906785011291504,0.09263887256383896,0.17174944281578064,237,231
30,1000,14,0.1707182377576828,0.4370254874229431,-0.15959785878658295,0.8116374611854553,163,235
30,1000,15,0.2820377051830292,0.4725556969642639,0.05572260171175003,0.26980799436569214,270,255
30,1000,16,0.1821490079164505,0.5326396822929382,-0.19952061772346497,0.8312726616859436,174,287
30,1000,17,0.28823739290237427,0.4838556945323944,0.054261282086372375,0.31910282373428345,276,261
30,1000,18,0.1822545826435089,0.5632781386375427,-0.22200068831443787,0.8422957062721252,174,304
30,1000,19,0.29250434041023254,0.48185691237449646,0.029078522697091103,0.3414838910102844,280,260
30,1000,20,0.19235782325267792,0.5602277517318726,-0.226606547832489,0.8523101806640625,184,302
30,1000,21,0.28847187757492065,0.4784270226955414,0.04417456313967705,0.33162450790405273,276,258
30,1000,22,0.19348715245723724,0.5479851961135864,-0.2008013278245926,0.8149216771125793,185,295
30,1000,23,0.21353068947792053,0.5255393981933594,0.05423220247030258,0.9309574961662292,204,283
30,1000,24,0.20633867383003235,0.5271719098091125,-0.054383594542741776,0.9302906394004822,198,284
30,1000,25,0.19561085104942322,0.6535845994949341,0.06579297035932541,0.5375105142593384,187,352
30,1000,26,0.240462064743042,0.6412066221237183,-0.0657496377825737,0.7273422479629517,230,346
30,1000,27,0.1846252828836441,0.7616411447525024,0.0707189291715622,0.6616321206092834,177,411
30,1000,28,0.26826903223991394,0.7722184062004089,-0.0481443926692009,0.6971220374107361,257,416
30,1000,29,0.16713039577007294,0.78375244140625,0.06730030477046967,0.6570402383804321,160,423
30,1000,30,0.2664407193660736,0.798408031463623,-0.049096446484327316,0.5974611043930054,255,431
30,1000,31,0.2003031224012375,0.794163703918457,0.024369021877646446,0.69215327501297,192,428
30,1000,32,0.3040296137332916,0.783229649066925,-0.10351386666297913,0.676336944103241,291,422
31,1033,0,0.2397489845752716,0.3018092215061188,-0.11622028797864914,0.9538596868515015,230,162
31,1033,1,0.2409113347530365,0.29071491956710815,-0.10446972399950027,0.9460210204124451,231,156
31,1033,2,0.24181567132472992,0.2906351685523987,-0.10464219003915787,0.9495319128036499,232,156
31,1033,3,0.24284352362155914,0.2906578779220581,-0.10461676120758057,0.9503429532051086,233,156
31,1033,4,0.23709414899349213,0.28955405950546265,-0.11977855116128922,0.9514690041542053,227,156
31,1033,5,0.23509791493415833,0.28881537914276123,-0.1200021281838417,0.9587336778640747,225,155
31,1033,6,0.2328486293554306,0.28811410069465637,-0.12007501721382141,0.9601387977600098,223,155
31,1033,7,0.23956210911273956,0.2930014729499817,-0.03774016723036766,0.9703999757766724,229,158
31,1033,8,0.2253073900938034,0.2884005606174469,-0.10653791576623917,0.9616190791130066,216,155
31,1033,9,0.23816898465156555,0.31165611743927,-0.08853532373905182,0.9610474705696106,228,168
31,1033,10,0.23452091217041016,0.31012043356895447,-0.10936933010816574,0.9625340104103088,225,167
31,1033,11,0.235769584774971,0.3524371385574341,0.047675684094429016,0.9994795322418213,226,190
31,1033,12,0.20146086812019348,0.3525582253932953,-0.12085025012493134,0.9995113015174866,193,190
31,1033,13,0.2501303553581238,0.42850515246391296,0.08585130423307419,0.19369131326675415,240,231
31,1033,14,0.1718042641878128,0.4374638497829437,-0.15960237383842468,0.8303335905075073,164,236
31,1033,15,0.2842683494091034,0.46978825330734253,0.029778849333524704,0.2901175022125244,272,253
31,1033,16,0.183359295129776,0.5317580103874207,-0.2013733834028244,0.8479808568954468,176,287
31,1033,17,0.2913844883441925,0.4829041659832001,0.023589665070176125,0.339661180973053,279,260
31,1033,18,0.1822899729013443,0.5627992153167725,-0.22474922239780426,0.8577078580856323,174,303
31,1033,19,0.29497164487838745,0.4794118106365204,-0.003179991850629449,0.3633895516395569,283,258
31,1033,20,0.19195039570331573,0.5595476031303406,-0.2315559685230255,0.8667400479316711,184,302
31,1033,21,0.290921688079834,0.47562357783317566,0.016176648437976837,0.35509130358695984,279,256
31,1033,22,0.19336548447608948,0.5476123094558716,-0.20450207591056824,0.832841694355011,185,295
31,1033,23,0.21602079272270203,0.5297712683677673,0.05432828888297081,0.9378597736358643,207,286
31,1033,24,0.20957612991333008,0.5326133966445923,-0.05448346957564354,0.9372606873512268,201,287
31,1033,25,0.198710098862648,0.6651984453201294,0.07132232189178467,0.5669467449188232,190,359
31,1033,26,0.24541498720645905,0.6485605835914612,-0.06351477652788162,0.7521689534187317,235,350
31,1033,27,0.18160389363765717,0.7622976899147034,0.0719805434346199,0.6863260269165039,174,411
31,1033,28,0.2703476846218109,0.7744953036308289,-0.028295554220676422,0.7261514067649841,259,418
31,1033,29,0.16315487027168274,0.7840436100959778,0.07123424857854843,0.684406578540802,156,423
31,1033,30,0.269714891910553,0.7993829250335693,-0.027880419045686722,0.635325014591217,258,431
31,1033,31,0.19921843707561493,0.7942320704460144,0.04588755592703819,0.7161705493927002,191,428
31,1033,32,0.3058475852012634,0.7795819640159607,-0.08218024671077728,0.7066099643707275,293,420
32,1066,0,0.25391003489494324,0.30319905281066895,-0.12357568740844727,0.95847088098526,243,163
32,1066,1,0.256186842918396,0.29245099425315857,-0.11156485974788666,0.951413094997406,245,157
32,1066,2,0.2572021186351776,0.2923761010169983,-0.11173857748508453,0.9545719027519226,246,157
32,1066,3,0.25826960802078247,0.2924162447452545,-0.11171526461839676,0.9553039073944092,247,157
32,1066,4,0.252074271440506,0.2918418049812317,-0.12696893513202667,0.956319272518158,241,157
32,1066,5,0.24983017146587372,0.29141759872436523,-0.12718920409679413,0.9628580808639526,239,157
32,1066,6,0.24830712378025055,0.29100102186203003,-0.1272643357515335,0.9641231298446655,238,157
32,1066,7,0.25486597418785095,0.29547953605651855,-0.04353044182062149,0.973356306552887,244,159
32,1066,8,0.24108892679214478,0.2921028435230255,-0.1132308691740036,0.9654529094696045,231,157
32,1066,9,0.2524183988571167,0.31336939334869385,-0.09516730904579163,0.9649378061294556,242,169
32,1066,10,0.2481100708246231,0.3121885061264038,-0.1164684072136879,0.9662774205207825,238,168
32,1066,11,0.25096094608306885,0.35462698340415955,0.04532412812113762,0.9995265007019043,240,191
32,1066,12,0.21515297889709473,0.35458773374557495,-0.12775194644927979,0.999559223651886,206,191
32,1066,13,0.27293166518211365,0.42865628004074097,0.08339354395866394,0.2451375275850296,262,231
32,1066,14,0.18029886484146118,0.43683668971061707,-0.16844065487384796,0.8470442891120911,173,235
32,1066,15,0.3143666088581085,0.46688106656074524,0.03177573159337044,0.3498217761516571,301,252
32,1066,16,0.19834788143634796,0.5314344167709351,-0.21273010969161987,0.8627418875694275,190,286
32,1066,17,0.32612094283103943,0.4815087914466858,0.02692425809800625,0.39304864406585693,313,260
32,1066,18,0.19832102954387665,0.5622966885566711,-0.23732756078243256,0.8710014820098877,190,303
32,1066,19,0.32898712158203125,0.4775215983390808,0.00047105661360546947,0.4159221351146698,315,257
32,1066,20,0.208335742354393,0.5579182505607605,-0.24385103583335876,0.8791606426239014,200,301
32,1066,21,0.32402145862579346,0.47373509407043457,0.019083436578512192,0.40780097246170044,311,255
32,1066,22,0.2089623510837555,0.5464962124824524,-0.21616165339946747,0.8479931950569153,200,295
32,1066,23,0.2245432734489441,0.5359710454940796,0.058577846735715866,0.9440723061561584,215,289
32,1066,24,0.2194616198539734,0.5397405624389648,-0.05872448906302452,0.9435335993766785,210,291
32,1066,25,0.20182763040065765,0.6622493863105774,0.1120770052075386,0.583765983581543,193,357
32,1066,26,0.2617681324481964,0.6560618877410889,-0.06326402723789215,0.7747296690940857,251,354
32,1066,27,0.18145905435085297,0.7591407895088196,0.16454964876174927,0.709636390209198,174,409
32,1066,28,0.29656073451042175,0.7741854190826416,-0.0229180958122015,0.7527040243148804,284,418
32,1066,29,0.16103734076023102,0.7770551443099976,0.16599728167057037,0.7100924849510193,154,419
32,1066,30,0.29713401198387146,0.7992561459541321,-0.021529583260416985,0.6700357794761658,285,431
32,1066,31,0.19841036200523376,0.7942546010017395,0.1238342896103859,0.7386041283607483,190,428
32,1066,32,0.3304996192455292,0.7727416753768921,-0.0792025551199913,0.734468936920166,317,417
33,1100,0,0.255258172750473,0.3050364553928375,-0.12323334813117981,0.9626204967498779,245,164
33,1100,1,0.25705888867378235,0.29473480582237244,-0.11049477010965347,0.9562649130821228,246,159
33,1100,2,0.25791022181510925,0.29469287395477295,-0.11067258566617966,0.9591068029403687,247,159
33,1100,3,0.25889429450035095,0.29476770758628845,-0.11065736413002014,0.9597682356834412,248,159
33,1100,4,0.2531934082508087,0.29405394196510315,-0.12621940672397614,0.9606836438179016,243,158
33,1100,5,0.2508434057235718,0.29348498582839966,-0.12643887102603912,0.9665693044662476,240,158
33,1100,6,0.24861778318881989,0.29296329617500305,-0.12651024758815765,0.9677084684371948,238,158
33,1100,7,0.255803644657135,0.29738959670066833,-0.04056788235902786,0.9760158658027649,245,160
33,1100,8,0.2412676364183426,0.2935383915901184,-0.11213144659996033,0.968900740146637,231,158
33,1100,9,0.2534123361110687,0.3156237006187439,-0.09427382797002792,0.9684354662895203,243,170
33,1100,10,0.24908491969108582,0.31425508856773376,-0.11594841629266739,0.9696434736251831,239,169
33,1100,11,0.2503216862678528,0.3571248948574066,0.04668843373656273,0.9995667338371277,240,192
33,1100,12,0.21684490144252777,0.35683947801589966,-0.125442773103714,0.9996011853218079,208,192
33,1100,13,0.27529045939445496,0.4284915328025818,0.0863080695271492,0.27763673663139343,264,231
33,1100,14,0.18329079449176788,0.43674933910369873,-0.1676570326089859,0.8615936040878296,175,235
33,1100,15,0.31555262207984924,0.46558138728141785,0.03587358444929123,0.3915920555591583,302,251
33,1100,16,0.19994956254959106,0.5316605567932129,-0.20483240485191345,0.8749244809150696,191,287
33,1100,17,0.32818740606307983,0.48045530915260315,0.03182622417807579,0.4291289448738098,315,259
33,1100,18,0.1993287205696106,0.5619553923606873,-0.2280559092760086,0.880890965461731,191,303
33,1100,19,0.33122238516807556,0.4766048192977905,0.006395127158612013,0.4521813988685608,317,257
33,1100,20,0.20900695025920868,0.5577214956283569,-0.23324896395206451,0.8883069753646851,200,301
33,1100,21,0.3253108561038971,0.4722534120082855,0.023723717778921127,0.44435423612594604,312,255
33,1100,22,0.20982058346271515,0.5462727546691895,-0.20756465196609497,0.8586511611938477,201,294
33,1100,23,0.22729144990444183,0.5391572713851929,0.058126650750637054,0.9496632814407349,218,291
33,1100,24,0.22119276225566864,0.5431164503097534,-0.05826706811785698,0.9491788148880005,212,293
33,1100,25,0.20867952704429626,0.6703022122383118,0.09626125544309616,0.5910531878471375,200,361
33,1100,26,0.2623245418071747,0.6599241495132446,-0.06694439053535461,0.7879512906074524,251,356
33,1100,27,0.1813202053308487,0.7589209675788879,0.12501922249794006,0.7228320240974426,174,409
33,1100,28,0.2975628972053528,0.7727925777435303,-0.028714047744870186,0.7739595174789429,285,417
33,1100,29,0.1584644764661789,0.775881290435791,0.1242126077413559,0.7292309403419495,152,418
33,1100,30,0.29713788628578186,0.7972190380096436,-0.027325091883540154,0.698848307132721,285,430
33,1100,31,0.19786183536052704,0.7948915362358093,0.09000352770090103,0.7538599371910095,189,429
33,1100,32,0.33068618178367615,0.7703508138656616,-0.07741916179656982,0.756149411201477,317,415
34,1133,0,0.2744840383529663,0.3086617887020111,-0.0859348326921463,0.966340959072113,263,166
34,1133,1,0.27402761578559875,0.2968946099281311,-0.07782569527626038,0.9606010913848877,263,160
34,1133,2,0.27385181188583374,0.2965809404850006,-0.07800032943487167,0.9631578326225281,262,160
34,1133,3,0.2738707959651947,0.2963666319847107,-0.07799601554870605,0.9637673497200012,262,160
34,1133,4,0.27189043164253235,0.297016978263855,-0.09476327896118164,0.9645970463752747,261,160
34,1133,5,0.27013689279556274,0.29676708579063416,-0.09497914463281631,0.9698986411094666,259,160
34,1133,6,0.2685340940952301,0.2965377867221832,-0.09506276249885559,0.9709274768829346,257,160
34,1133,7,0.266909658908844,0.2992519438266754,-0.031550757586956024,0.978399395942688,256,161
34,1133,8,0.2591843605041504,0.29895567893981934,-0.10704862326383591,0.9719896912574768,248,161
34,1133,9,0.2701984941959381,0.3206552565097809,-0.06555550545454025,0.9715747237205505,259,173
34,1133,10,0.2678820788860321,0.3201970160007477,-0.08869455754756927,0.9726663827896118,257,172
34,1133,11,0.26310238242149353,0.36071696877479553,0.04551122710108757,0.9996044635772705,252,194
34,1133,12,0.23233792185783386,0.36172372102737427,-0.1255359947681427,0.9996393322944641,223,195
34,1133,13,0.29552343487739563,0.42857593297958374,0.08403828740119934,0.3133043646812439,283,231
34,1133,14,0.19757075607776642,0.4376200735569,-0.16453619301319122,0.8750244975090027,189,236
34,1133,15,0.33850812911987305,0.4580223560333252,0.04643484205007553,0.43226972222328186,324,247
34,1133,16,0.21211448311805725,0.5347352027893066,-0.18416868150234222,0.8864001631736755,203,288
34,1133,17,0.3514607846736908,0.46478310227394104,0.045606836676597595,0.46484315395355225,337,250
34,1133,18,0.2112463265657425,0.5657281875610352,-0.2014034539461136,0.8907846808433533,202,305
34,1133,19,0.353954017162323,0.4620235860347748,0.021793518215417862,0.48803070187568665,339,249
34,1133,20,0.22146129608154297,0.5604791641235352,-0.20802082121372223,0.8975202441215515,212,302
34,1133,21,0.348658949136734,0.46066907048225403,0.035151634365320206,0.48110267519950867,334,248
34,1133,22,0.22216929495334625,0.5500763058662415,-0.18724268674850464,0.8699131011962891,213,297
34,1133,23,0.23817293345928192,0.546252429485321,0.05805026367306709,0.9546953439712524,228,294
34,1133,24,0.23618707060813904,0.5480292439460754,-0.05820421501994133,0.9542597532272339,226,295
34,1133,25,0.2140684425830841,0.6674133539199829,0.09939811378717422,0.605148196220398,205,360
34,1133,26,0.28085318207740784,0.6637642979621887,-0.04341019317507744,0.803916871547699,269,358
34,1133,27,0.17848524451255798,0.7567964196205139,0.12470367550849915,0.7399072051048279,171,408
34,1133,28,0.3128581643104553,0.7755904793739319,-0.019661778584122658,0.7952057123184204,300,418
34,1133,29,0.15845376253128052,0.771174967288971,0.12381994724273682,0.7486417293548584,152,416
34,1133,30,0.3117208182811737,0.8058204054832458,-0.022517601028084755,0.7267745137214661,299,435
34,1133,31,0.1975151002407074,0.7955352067947388,0.08635585755109787,0.7711195349693298,189,429
34,1133,32,0.34618011116981506,0.7706388235092163,-0.05883849784731865,0.7783015966415405,332,416
35,1166,0,0.28048133850097656,0.30783161520957947,-0.06845415383577347,0.9697054028511047,269,166
35,1166,1,0.27823972702026367,0.29614514112472534,-0.05934445932507515,0.9645344018936157,267,159
35,1166,2,0.2778603732585907,0.2958262264728546,-0.05949345603585243,0.9668348431587219,266,159
35,1166,3,0.27767372131347656,0.29559633135795593,-0.05948127061128616,0.9673856496810913,266,159
35,1166,4,0.2765706181526184,0.2963387370109558,-0.07633902132511139,0.9681342840194702,265,160
35,1166,5,0.2748190760612488,0.29609641432762146,-0.07652552425861359,0.972906231880188,263,159
35,1166,6,0.27304786443710327,0.29580366611480713,-0.076584093272686,0.9738324880599976,262,159
35,1166,7,0.26946601271629333,0.29855045676231384,-0.013939195312559605,0.9805562496185303,258,161
35,1166,8,0.261736661195755,0.2980464994907379,-0.09100520610809326,0.974786639213562,251,160
35,1166,9,0.27514973282814026,0.31988954544067383,-0.04882754758000374,0.9744133353233337,264,172
35,1166,10,0.2737761437892914,0.3196010887622833,-0.07232765108346939,0.9753972291946411,262,172
35,1166,11,0.2633178234100342,0.3633711636066437,0.04747968167066574,0.9996407628059387,252,196
35,1166,12,0.2368008941411972,0.36197906732559204,-0.11338366568088531,0.9996741414070129,227,195
35,1166,13,0.296269029378891,0.42851462960243225,0.084686279296875,0.34113019704818726,284,231
35,1166,14,0.20157717168331146,0.43792811036109924,-0.14990493655204773,0.8873900175094604,193,236
35,1166,15,0.339690625667572,0.45499998331069946,0.0589323416352272,0.4683510363101959,326,245
35,1166,16,0.21300117671489716,0.5340120196342468,-0.1669672131538391,0.8960968852043152,204,288
35,1166,17,0.35260775685310364,0.4612041413784027,0.058573029935359955,0.4942706823348999,338,249
35,1166,18,0.21058763563632965,0.5654785633087158,-0.1842343956232071,0.8979342579841614,202,305
35,1166,19,0.35524746775627136,0.45739901065826416,0.03741196542978287,0.5189228653907776,341,246
35,1166,20,0.2216794192790985,0.5605568885803223,-0.18926943838596344,0.9044817090034485,212,302
35,1166,21,0.35083529353141785,0.4565073549747467,0.049018245190382004,0.5116022825241089,336,246
35,1166,22,0.22314713895320892,0.5503817796707153,-0.17012199759483337,0.8776878714561462,214,297
35,1166,23,0.24593980610370636,0.547301709651947,0.05501948297023773,0.9591843485832214,236,295
35,1166,24,0.2341194599866867,0.5501461029052734,-0.05516216903924942,0.9588035941123962,224,297
35,1166,25,0.2722923159599304,0.6654355525970459,0.09572172164916992,0.5911785364151001,261,359
35,1166,26,0.25220027565956116,0.6653441786766052,-0.04465283825993538,0.820177435874939,242,359
35,1166,27,0.2894536852836609,0.7839258313179016,0.12984339892864227,0.7457016706466675,277,423
35,1166,28,0.1960730403661728,0.7795160412788391,-0.01663653925061226,0.8120876550674438,188,420
35,1166,29,0.3021600842475891,0.7977006435394287,0.12884196639060974,0.7513049244880676,290,430
35,1166,30,0.16907592117786407,0.7841399908065796,-0.01804438605904579,0.7290852665901184,162,423
35,1166,31,0.3131861686706543,0.7976619601249695,0.08315221965312958,0.785477340221405,300,430
35,1166,32,0.21038033068180084,0.7929813265800476,-0.058235589414834976,0.7969807982444763,201,428
36,1200,0,0.28654754161834717,0.3080783486366272,-0.08706803619861603,0.9727277755737305,275,166
36,1200,1,0.2874366343021393,0.29665467143058777,-0.07564632594585419,0.9680482149124146,275,160
36,1200,2,0.28840357065200806,0.2963627576828003,-0.0757930800318718,0.9701066613197327,276,160
36,1200,3,0.28930771350860596,0.2962035536766052,-0.07575935870409012,0.9706085920333862,277,159
36,1200,4,0.2840043008327484,0.296951562166214,-0.09124515950679779,0.9713091254234314,272,160
36,1200,5,0.28240475058555603,0.2967986762523651,-0.09145667403936386,0.9756069779396057,271,160
36,1200,6,0.2804858982563019,0.29657793045043945,-0.0915527418255806,0.9764428734779358,269,160
36,1200,7,0.285709410905838,0.3006080687046051,-0.014203628525137901,0.9824522137641907,274,162
36,1200,8,0.2732079327106476,0.2998661696910858,-0.08219370245933533,0.977294385433197,262,161
36,1200,9,0.28531208634376526,0.32010096311569214,-0.06296370178461075,0.9769255518913269,273,172
36,1200,10,0.28173360228538513,0.3197490870952606,-0.08478458970785141,0.9778382778167725,270,172
36,1200,11,0.28170567750930786,0.3676552474498749,0.059185173362493515,0.999609112739563,270,198
36,1200,12,0.2536955773830414,0.3628261089324951,-0.10590413957834244,0.9997029304504395,243,195
36,1200,13,0.3130527436733246,0.4287831485271454,0.09124600142240524,0.3307182788848877,300,231
36,1200,14,0.22179658710956573,0.4414844214916229,-0.14820732176303864,0.8982541561126709,212,238
36,1200,15,0.35459956526756287,0.4529004991054535,0.05291157215833664,0.4630057215690613,340,244
36,1200,16,0.233311727643013,0.5355681777000427,-0.17404861748218536,0.9049094915390015,223,289
36,1200,17,0.36651673913002014,0.4566410183906555,0.05105344206094742,0.48747721314430237,351,246
36,1200,18,0.23062171041965485,0.5672725439071655,-0.1927279829978943,0.9044567942619324,221,306
36,1200,19,0.3695015609264374,0.4524286985397339,0.028915053233504295,0.5155119895935059,354,244
36,1200,20,0.24226322770118713,0.5627871751785278,-0.1981608271598816,0.9107502698898315,232,303
36,1200,21,0.36534401774406433,0.4520617723464966,0.04229582101106644,0.5095875859260559,350,244
36,1200,22,0.24400725960731506,0.5528430342674255,-0.1768542379140854,0.8845579624176025,234,298
36,1200,23,0.2654940187931061,0.5478913187980652,0.05381857231259346,0.963207483291626,254,295
36,1200,24,0.24939937889575958,0.5486640930175781,-0.05397522449493408,0.9628947973251343,239,296
36,1200,25,0.28525060415267944,0.6648677587509155,0.08766642957925797,0.587509274482727,273,359
36,1200,26,0.2474646419286728,0.6666615009307861,-0.04758498817682266,0.8340228796005249,237,359
36,1200,27,0.30246132612228394,0.7871788740158081,0.12794309854507446,0.7593465447425842,290,425
36,1200,28,0.18855200707912445,0.7566293478012085,-0.007322315592318773,0.8279700875282288,181,408
36,1200,29,0.3134355843067169,0.807384729385376,0.12672917544841766,0.7593956589698792,300,435
36,1200,30,0.1707339733839035,0.7647534012794495,-0.005288939457386732,0.7355139255523682,163,412
36,1200,31,0.3234923183917999,0.8008521199226379,0.06422831118106842,0.8000762462615967,310,432
36,1200,32,0.20267176628112793,0.7985498905181885,-0.05780120566487312,0.8136346340179443,194,431
37,1233,0,0.2880142629146576,0.3102225959300995,-0.11295896023511887,0.9754527807235718,276,167
37,1233,1,0.28949081897735596,0.2993229329586029,-0.09829304367303848,0.9712387919425964,277,161
37,1233,2,0.2905593514442444,0.2991468608379364,-0.0984392911195755,0.9730902910232544,278,161
37,1233,3,0.2916263937950134,0.29908496141433716,-0.09839522838592529,0.9735428094863892,279,161
37,1233,4,0.284871369600296,0.29906514286994934,-0.11360102146863937,0.9741764664649963,273,161
37,1233,5,0.2827257513999939,0.2986530065536499,-0.11384181678295135,0.9780451059341431,271,161
37,1233,6,0.2804942727088928,0.2982475161552429,-0.11394181102514267,0.9787976741790771,269,161
37,1233,7,0.2888449728488922,0.30294039845466614,-0.018518149852752686,0.9842029213905334,277,163
37,1233,8,0.27328214049339294,0.30080553889274597,-0.08369389921426773,0.9795631170272827,262,162
37,1233,9,0.2868949770927429,0.3220447897911072,-0.08258826285600662,0.9792256951332092,275,173
37,1233,10,0.28261497616767883,0.32117760181427,-0.10386519879102707,0.9800506830215454,271,173
37,1233,11,0.28327882289886475,0.3687935173511505,0.056286849081516266,0.9996063113212585,271,199
37,1233,12,0.25319668650627136,0.3638043999671936,-0.10693411529064178,0.9997301697731018,243,196
37,1233,13,0.31135261058807373,0.4288243353366852,0.08935610204935074,0.3402147889137268,298,231
37,1233,14,0.22276571393013,0.44410261511802673,-0.15422867238521576,0.908115029335022,213,239
37,1233,15,0.3528412878513336,0.45162010192871094,0.032876383513212204,0.4694785475730896,338,243
37,1233,16,0.23532770574092865,0.5365535020828247,-0.1930118203163147,0.9140353798866272,225,289
37,1233,17,0.3639659583568573,0.45699554681777954,0.028684960678219795,0.4969644546508789,349,246
37,1233,18,0.23169781267642975,0.5681308507919312,-0.2149108201265335,0.9132591485977173,222,306
37,1233,19,0.36847546696662903,0.45344385504722595,0.00595408258959651,0.526482343673706,353,244
37,1233,20,0.24243663251399994,0.5647866725921631,-0.2207971066236496,0.9189703464508057,232,304
37,1233,21,0.36292698979377747,0.4527111053466797,0.021287688985466957,0.5227068066596985,348,244
37,1233,22,0.24407614767551422,0.5536675453186035,-0.19601115584373474,0.8950162529945374,234,298
37,1233,23,0.26407673954963684,0.5466343760490417,0.05584253743290901,0.9668794870376587,253,295
37,1233,24,0.2525005638599396,0.5480763912200928,-0.05600685253739357,0.9666022062301636,242,295
37,1233,25,0.2536051273345947,0.6603289246559143,0.08981776237487793,0.6104971766471863,243,356
37,1233,26,0.28267157077789307,0.665614664554596,-0.06328491121530533,0.8485162854194641,271,359
37,1233,27,0.20279008150100708,0.7575970888137817,0.12823602557182312,0.7738635540008545,194,409
37,1233,28,0.3142942786216736,0.7805514335632324,-0.022319363430142403,0.8443612456321716,301,421
37,1233,29,0.1853417009115219,0.7658243775367737,0.12795457243919373,0.7764977216720581,177,413
37,1233,30,0.3074444532394409,0.8053991198539734,-0.020150279626250267,0.7602862119674683,295,434
37,1233,31,0.21548612415790558,0.8006109595298767,0.07623700052499771,0.8139769434928894,206,432
37,1233,32,0.3479467034339905,0.7957593202590942,-0.07836632430553436,0.8309313654899597,334,429
38,1266,0,0.30137261748313904,0.3097112774848938,-0.10748039186000824,0.9778985977172852,289,167
38,1266,1,0.30226248502731323,0.2986862063407898,-0.09316837042570114,0.9740971326828003,290,161
38,1266,2,0.30289411544799805,0.2984897494316101,-0.0933210626244545,0.9757609963417053,290,161
38,1266,3,0.3036295473575592,0.2984141707420349,-0.09328852593898773,0.9761729836463928,291,161
38,1266,4,0.29955679178237915,0.2985731363296509,-0.11009819805622101,0.9767513275146484,287,161
38,1266,5,0.2980145215988159,0.2982568144798279,-0.1103312075138092,0.9802354574203491,286,161
38,1266,6,0.29686275124549866,0.29792389273643494,-0.11043132096529007,0.9809137582778931,284,160
38,1266,7,0.3000544309616089,0.30221763253211975,-0.021493177860975266,0.9857714772224426,288,163
38,1266,8,0.28936025500297546,0.3004158139228821,-0.08796686679124832,0.9815989136695862,277,162
38,1266,9,0.2999873459339142,0.32149800658226013,-0.0787021741271019,0.9812865257263184,287,173
38,1266,10,0.29672151803970337,0.32054752111434937,-0.1016814261674881,0.9820353388786316,284,173
38,1266,11,0.29508012533187866,0.3684367537498474,0.05763964727520943,0.999623715877533,283,198
38,1266,12,0.2682529091835022,0.3653937876224518,-0.11745694279670715,0.999753475189209,257,197
38,1266,13,0.32552775740623474,0.42961084842681885,0.08809312433004379,0.3610702455043793,312,231
38,1266,14,0.24016444385051727,0.4492577314376831,-0.16153229773044586,0.9167850017547607,230,242
38,1266,15,0.3701693117618561,0.4543227553367615,0.029183227568864822,0.49650490283966064,355,245
38,1266,16,0.2537558972835541,0.5397536754608154,-0.19205816090106964,0.9219942688941956,243,291
38,1266,17,0.3831327557563782,0.45998653769493103,0.025517316535115242,0.522599458694458,367,248
38,1266,18,0.25227388739585876,0.5712212920188904,-0.21441888809204102,0.9207074046134949,242,308
38,1266,19,0.38504090905189514,0.45664241909980774,0.0027650913689285517,0.5520193576812744,369,246
38,1266,20,0.262410044670105,0.5678796768188477,-0.22049424052238464,0.9258555173873901,251,306
38,1266,21,0.37990424036979675,0.45579439401626587,0.017464930191636086,0.5497019290924072,364,246
38,1266,22,0.2636856436729431,0.5573753118515015,-0.19505718350410461,0.903676450252533,253,300
38,1266,23,0.27732035517692566,0.5468057990074158,0.057593729346990585,0.9701894521713257,266,295
38,1266,24,0.27539369463920593,0.5482344627380371,-0.05776892974972725,0.9699407815933228,264,296
38,1266,25,0.2603543996810913,0.6589089035987854,0.09340933710336685,0.6379168033599854,249,355
38,1266,26,0.3106168806552887,0.6651723980903625,-0.039258915930986404,0.8613119125366211,298,359
38,1266,27,0.20385459065437317,0.7378973960876465,0.13043850660324097,0.7912824153900146,195,398
38,1266,28,0.32673728466033936,0.7875217795372009,0.005397766828536987,0.8594649434089661,313,425
38,1266,29,0.1864895075559616,0.7375410199165344,0.13101644814014435,0.7941290736198425,179,398
38,1266,30,0.31888625025749207,0.8127451539039612,0.008147219195961952,0.7830246090888977,306,438
38,1266,31,0.2079828381538391,0.7966170907020569,0.08711137622594833,0.8288425803184509,199,430
38,1266,32,0.36050722002983093,0.803165078163147,-0.04452788084745407,0.8468890190124512,346,433
39,1300,0,0.3080429434776306,0.30949708819389343,-0.10200607776641846,0.9801023006439209,295,167
39,1300,1,0.30780029296875,0.2986312508583069,-0.0900169312953949,0.9766755104064941,295,161
39,1300,2,0.3079972565174103,0.2984015643596649,-0.09017858654260635,0.9781724810600281,295,161
39,1300,3,0.308389276266098,0.298258513212204,-0.09016808867454529,0.9785470366477966,296,161
39,1300,4,0.30564233660697937,0.29863306879997253,-0.1072150319814682,0.9790703058242798,293,161
39,1300,5,0.30391523241996765,0.29829832911491394,-0.10744579136371613,0.982207715511322,291,161
39,1300,6,0.3024904131889343,0.29791340231895447,-0.10754106938838959,0.9828189015388489,290,160
39,1300,7,0.30239516496658325,0.3017977476119995,-0.023086057975888252,0.9871898889541626,290,162
39,1300,8,0.29250624775886536,0.3000173568725586,-0.09469824284315109,0.9834333062171936,280,162
39,1300,9,0.3046191334724426,0.32138338685035706,-0.07577656209468842,0.9831507205963135,292,173
39,1300,10,0.30234289169311523,0.32045450806617737,-0.09920923411846161,0.9838264584541321,290,173
39,1300,11,0.2967063784599304,0.36823979020118713,0.05687309429049492,0.9996522665023804,284,198
39,1300,12,0.26927414536476135,0.3663984537124634,-0.12101034075021744,0.9997758865356445,258,197
39,1300,13,0.32677555084228516,0.4293200671672821,0.09072955697774887,0.3957584500312805,313,231
39,1300,14,0.24139760434627533,0.4505768120288849,-0.16137570142745972,0.924856424331665,231,243
39,1300,15,0.36976730823516846,0.45370936393737793,0.05016569793224335,0.5312142372131348,354,245
39,1300,16,0.25597378611564636,0.543433666229248,-0.18312294781208038,0.9292164444923401,245,293
39,1300,17,0.3825005292892456,0.4600487947463989,0.04947527498006821,0.5543538331985474,367,248
39,1300,18,0.25471097230911255,0.5743882656097412,-0.20083166658878326,0.9274777770042419,244,310
39,1300,19,0.3850344717502594,0.45735278725624084,0.027257684618234634,0.5827966928482056,369,246
39,1300,20,0.26409468054771423,0.570876955986023,-0.2072121798992157,0.9321580529212952,253,308
39,1300,21,0.38009515404701233,0.45602941513061523,0.039318639785051346,0.5810588598251343,364,246
39,1300,22,0.26508039236068726,0.5601446032524109,-0.18586811423301697,0.9117182493209839,254,302
39,1300,23,0.2808012366294861,0.5495291948318481,0.057499755173921585,0.9731680750846863,269,296
39,1300,24,0.2753940224647522,0.5506917238235474,-0.05766461417078972,0.9729453325271606,264,297
39,1300,25,0.2662619650363922,0.6661995053291321,0.08162045478820801,0.6619902849197388,255,359
39,1300,26,0.3126460015773773,0.6682960391044617,-0.04397054761648178,0.8735160827636719,300,360
39,1300,27,0.20477144420146942,0.7317208647727966,0.12656553089618683,0.8032844066619873,196,395
39,1300,28,0.32544761896133423,0.7918991446495056,0.0011444067349657416,0.8730801343917847,312,427
39,1300,29,0.1889941245317459,0.7331716418266296,0.12954041361808777,0.8088353872299194,181,395
39,1300,30,0.31813332438468933,0.8174452781677246,0.003767471294850111,0.8036360740661621,305,441
39,1300,31,0.20731373131275177,0.7896038293838501,0.0869072750210762,0.8407363891601562,199,426
39,1300,32,0.35851046442985535,0.8090876340866089,-0.047197915613651276,0.8614092469215393,344,436
40,1333,0,0.32009410858154297,0.305685818195343,-0.07812213152647018,0.9820793867111206,307,165
40,1333,1,0.3196052312850952,0.29435592889785767,-0.06988347321748734,0.9789809584617615,306,158
40,1333,2,0.3196142017841339,0.29412782192230225,-0.07004676014184952,0.9803259372711182,306,158
40,1333,3,0.3198254406452179,0.29398494958877563,-0.07003249228000641,0.9806728363037109,307,158
40,1333,4,0.3180343210697174,0.29440999031066895,-0.0866440087556839,0.9811513423919678,305,158
40,1333,5,0.31672367453575134,0.2941265106201172,-0.08685039728879929,0.9839783906936646,304,158
40,1333,6,0.315885066986084,0.29377710819244385,-0.08693400770425797,0.9845308065414429,303,158
40,1333,7,0.31413936614990234,0.2973751723766327,-0.023278547450900078,0.9884583950042725,301,160
40,1333,8,0.3090449869632721,0.296476274728775,-0.09639132767915726,0.9850791096687317,296,160
40,1333,9,0.31672748923301697,0.3178532123565674,-0.05889851972460747,0.9848212599754333,304,171
40,1333,10,0.3144645094871521,0.31769436597824097,-0.0817280188202858,0.9854348301887512,301,171
40,1333,11,0.3077292740345001,0.3650798797607422,0.05147954449057579,0.9996777772903442,295,197
40,1333,12,0.2842252552509308,0.3658354580402374,-0.12450575828552246,0.9997963309288025,272,197
40,1333,13,0.3336297273635864,0.42932331562042236,0.08321098238229752,0.3945694863796234,320,231
40,1333,14,0.25874534249305725,0.45658954977989197,-0.16065292060375214,0.9316617250442505,248,246
40,1333,15,0.37916994094848633,0.4549578130245209,0.048732999712228775,0.5244747400283813,364,245
40,1333,16,0.2753906846046448,0.5425100326538086,-0.1691821962594986,0.9350804686546326,264,292
40,1333,17,0.38950538635253906,0.4651087522506714,0.04528195038437843,0.5468529462814331,373,251
40,1333,18,0.2769075930118561,0.5732155442237854,-0.18571613729000092,0.9324022531509399,265,309
40,1333,19,0.39115196466445923,0.4634703993797302,0.02276712842285633,0.5758597254753113,375,250
40,1333,20,0.2863991856575012,0.5695207118988037,-0.19036191701889038,0.936697244644165,274,307
40,1333,21,0.38673675060272217,0.45999571681022644,0.03712145611643791,0.5756679773330688,371,248
40,1333,22,0.28631672263145447,0.5588150024414062,-0.17110875248908997,0.9171389937400818,274,301
40,1333,23,0.2969362437725067,0.5397430062294006,0.05743641406297684,0.9758432507514954,285,291
40,1333,24,0.2885388135910034,0.540698766708374,-0.057599470019340515,0.9756467342376709,276,291
40,1333,25,0.29532670974731445,0.6580384969711304,0.09974828362464905,0.6495962738990784,283,355
40,1333,26,0.32036101818084717,0.6582063436508179,-0.0438385084271431,0.8748525381088257,307,355
40,1333,27,0.23111248016357422,0.7201317548751831,0.12907513976097107,0.792926013469696,221,388
40,1333,28,0.32673174142837524,0.7899394035339355,-0.001338865957222879,0.8831110596656799,313,426
40,1333,29,0.21350951492786407,0.7265058755874634,0.1299140900373459,0.805843710899353,204,392
40,1333,30,0.31718355417251587,0.8158173561096191,-0.00013250978372525424,0.8163785338401794,304,440
40,1333,31,0.23182249069213867,0.7609250545501709,0.091232530772686,0.8381274938583374,222,410
40,1333,32,0.34670060873031616,0.8203402757644653,-0.048051558434963226,0.871078372001648,332,442
41,1366,0,0.3236486613750458,0.30521419644355774,-0.07826434820890427,0.983845591545105,310,164
41,1366,1,0.3222731947898865,0.29392048716545105,-0.07093377411365509,0.9810320138931274,309,158
41,1366,2,0.32200101017951965,0.29371118545532227,-0.07110834121704102,0.9822412729263306,309,158
41,1366,3,0.32194462418556213,0.2935798764228821,-0.07111035287380219,0.9825730919837952,309,158
41,1366,4,0.3210492730140686,0.2941221594810486,-0.08724506199359894,0.9830114841461182,308,158
41,1366,5,0.3198099136352539,0.29392364621162415,-0.08745621889829636,0.9855631589889526,307,158
41,1366,6,0.3186493515968323,0.29363173246383667,-0.08753932267427444,0.9860653281211853,305,158
41,1366,7,0.31451934576034546,0.2969057559967041,-0.025062762200832367,0.9895957708358765,301,160
41,1366,8,0.30864816904067993,0.29625988006591797,-0.09713102877140045,0.9865484833717346,296,159
41,1366,9,0.31975889205932617,0.3173563778400421,-0.05958767607808113,0.9863192439079285,306,171
41,1366,10,0.31821924448013306,0.31724560260772705,-0.08182838559150696,0.9868775606155396,305,171
41,1366,11,0.3094390034675598,0.3650280833244324,0.0411689355969429,0.9997051358222961,297,197
41,1366,12,0.2859301269054413,0.36546531319618225,-0.12673898041248322,0.9998156428337097,274,197
41,1366,13,0.3340784013271332,0.429473340511322,0.07860659807920456,0.40588757395744324,320,231
41,1366,14,0.2594888508319855,0.46364307403564453,-0.15605995059013367,0.938162088394165,249,250
41,1366,15,0.3784012198448181,0.4589279592037201,0.04857694357633591,0.5243703722953796,363,247
41,1366,16,0.27938440442085266,0.5429267883300781,-0.16506212949752808,0.9410375356674194,268,293
41,1366,17,0.3895780146121979,0.47099435329437256,0.04765182361006737,0.543767511844635,373,254
41,1366,18,0.2819579839706421,0.5732914209365845,-0.1815919727087021,0.9380843639373779,270,309
41,1366,19,0.3915223479270935,0.46869322657585144,0.026232533156871796,0.5726522207260132,375,253
41,1366,20,0.2904099225997925,0.5693358182907104,-0.18736106157302856,0.941989541053772,278,307
41,1366,21,0.38706958293914795,0.46584266424179077,0.03813508525490761,0.5738316178321838,371,251
41,1366,22,0.2899908125400543,0.5588868856430054,-0.16754776239395142,0.9237931966781616,278,301
41,1366,23,0.2968958020210266,0.5389453172683716,0.057278383523225784,0.9782569408416748,285,291
41,1366,24,0.29114440083503723,0.5409489274024963,-0.05743669345974922,0.9780811071395874,279,292
41,1366,25,0.2959490418434143,0.650406539440155,0.09626585990190506,0.64100581407547,284,351
41,1366,26,0.32478252053260803,0.6567713022232056,-0.043574102222919464,0.8802852034568787,311,354
41,1366,27,0.2345311939716339,0.7137094140052795,0.12460635602474213,0.7779380679130554,225,385
41,1366,28,0.3274170458316803,0.7898432612419128,-0.006216899026185274,0.8931295871734619,314,426
41,1366,29,0.21735765039920807,0.7218071222305298,0.12517310678958893,0.8035279512405396,208,389
41,1366,30,0.3162645399570465,0.8147032260894775,-0.0054226526990532875,0.8307203650474548,303,439
41,1366,31,0.2393021583557129,0.752465009689331,0.08885148912668228,0.8328542113304138,229,406
41,1366,32,0.3610786497592926,0.8148396015167236,-0.05398769676685333,0.8811770081520081,346,440
42,1400,0,0.33797532320022583,0.3024272620677948,-0.07190243154764175,0.9854164719581604,324,163
42,1400,1,0.3365720510482788,0.29149100184440613,-0.06406284123659134,0.9828029274940491,323,157
42,1400,2,0.33617880940437317,0.29131895303726196,-0.06424546241760254,0.9838684797286987,322,157
42,1400,3,0.3360234200954437,0.2911888360977173,-0.0642559602856636,0.9842232465744019,322,157
42,1400,4,0.33537209033966064,0.2916239798069,-0.07923617959022522,0.9846509099006653,321,157
42,1400,5,0.3343944251537323,0.29147425293922424,-0.0794302374124527,0.986958920955658,321,157
42,1400,6,0.33352792263031006,0.291183739900589,-0.07952880859375,0.9874207973480225,320,157
42,1400,7,0.3291012644767761,0.29395177960395813,-0.022274769842624664,0.9905830025672913,315,158
42,1400,8,0.326690137386322,0.29359784722328186,-0.09075190871953964,0.9878303408622742,313,158
42,1400,9,0.3340970277786255,0.3150521218776703,-0.05413387343287468,0.9876284599304199,320,170
42,1400,10,0.3322226405143738,0.31507083773612976,-0.07498983293771744,0.9881483316421509,318,170
42,1400,11,0.3234039545059204,0.3610527217388153,0.041426047682762146,0.9997237920761108,310,194
42,1400,12,0.3015809655189514,0.3651569187641144,-0.12000976502895355,0.9998285174369812,289,197
42,1400,13,0.34103280305862427,0.4309327304363251,0.08270017802715302,0.3900320529937744,327,232
42,1400,14,0.28259482979774475,0.46051424741744995,-0.14202798902988434,0.9441879987716675,271,248
42,1400,15,0.38200855255126953,0.4739781320095062,0.06944740563631058,0.5265045166015625,366,255
42,1400,16,0.3011148273944855,0.5427893996238708,-0.1502126306295395,0.9463053345680237,289,293
42,1400,17,0.39015257358551025,0.4880963861942291,0.07072221487760544,0.5475112199783325,374,263
42,1400,18,0.30260446667671204,0.5719037055969238,-0.16621747612953186,0.9429532289505005,290,308
42,1400,19,0.39228835701942444,0.4870862662792206,0.049718257039785385,0.5774885416030884,376,263
42,1400,20,0.3114892244338989,0.5691342353820801,-0.17184090614318848,0.9466162323951721,299,307
42,1400,21,0.3885514438152313,0.48325517773628235,0.06028701737523079,0.5778219103813171,373,260
42,1400,22,0.31098127365112305,0.5586618781089783,-0.1527511328458786,0.9294282793998718,298,301
42,1400,23,0.32102593779563904,0.53790283203125,0.052567727863788605,0.9804088473320007,308,290
42,1400,24,0.30864182114601135,0.5408767461776733,-0.052705127745866776,0.9802511930465698,296,292
42,1400,25,0.33089739084243774,0.6493343114852905,0.08680649846792221,0.6254346966743469,317,350
42,1400,26,0.32185250520706177,0.6554142236709595,-0.05092261731624603,0.8868598937988281,308,353
42,1400,27,0.32290077209472656,0.7748735547065735,0.09806971251964569,0.7907748818397522,309,418
42,1400,28,0.2725353240966797,0.7177138328552246,0.024747584015130997,0.8961931467056274,261,387
42,1400,29,0.3114957809448242,0.797636091709137,0.09517598897218704,0.8113681674003601,299,430
42,1400,30,0.2600765824317932,0.714638888835907,0.032358892261981964,0.8187649846076965,249,385
42,1400,31,0.3510713577270508,0.795894980430603,0.05114709958434105,0.8431302905082703,337,429
42,1400,32,0.26576900482177734,0.7748257517814636,0.006865197326987982,0.8851486444473267,255,418
43,1433,0,0.338016152381897,0.3000902533531189,-0.07910411059856415,0.9868524670600891,324,162
43,1433,1,0.33682921528816223,0.28996333479881287,-0.07016448676586151,0.9844649434089661,323,156
43,1433,2,0.3367195129394531,0.28988367319107056,-0.07033641636371613,0.985406756401062,323,156
43,1433,3,0.3368285596370697,0.28984344005584717,-0.07033442705869675,0.9857513308525085,323,156
43,1433,4,0.3355477750301361,0.2902911305427551,-0.08558376878499985,0.9861588478088379,322,156
43,1433,5,0.3344773054122925,0.2900213897228241,-0.08579526841640472,0.9882407784461975,321,156
43,1433,6,0.333185076713562,0.28985562920570374,-0.08588556945323944,0.9886621236801147,319,156
43,1433,7,0.33018356561660767,0.29321396350860596,-0.02294282056391239,0.9914886951446533,316,158
43,1433,8,0.32503741979599,0.29303857684135437,-0.09230212867259979,0.9890176057815552,312,158
43,1433,9,0.3347622752189636,0.3128359615802765,-0.05825352668762207,0.988822340965271,321,168
43,1433,10,0.3332321047782898,0.3128855228424072,-0.07909268885850906,0.9893073439598083,319,168
43,1433,11,0.3245236575603485,0.36083993315696716,0.04203878715634346,0.9997396469116211,311,194
43,1433,12,0.3036671280860901,0.36493125557899475,-0.12409577518701553,0.9998420476913452,291,197
43,1433,13,0.3433012366294861,0.4326470196247101,0.09027908742427826,0.3655898869037628,329,233
43,1433,14,0.2848927676677704,0.45902779698371887,-0.14584249258041382,0.9495362043380737,273,247
43,1433,15,0.38125187158584595,0.47764191031455994,0.07340788841247559,0.5204956531524658,366,257
43,1433,16,0.3033260107040405,0.5424512624740601,-0.1602083295583725,0.9511772990226746,291,292
43,1433,17,0.3893929719924927,0.49074965715408325,0.07473096251487732,0.545856773853302,373,265
43,1433,18,0.30567264556884766,0.571774959564209,-0.17762187123298645,0.9475353956222534,293,308
43,1433,19,0.3920910954475403,0.48981860280036926,0.052497245371341705,0.576309084892273,376,264
43,1433,20,0.3151392936706543,0.5687121152877808,-0.18297575414180756,0.9509218335151672,302,307
43,1433,21,0.38782522082328796,0.48596450686454773,0.06373867392539978,0.5757909417152405,372,262
43,1433,22,0.3147363066673279,0.5580915212631226,-0.1626504808664322,0.9346349835395813,302,301
43,1433,23,0.3198142945766449,0.5378777384757996,0.05254396051168442,0.9823548197746277,307,290
43,1433,24,0.31049707531929016,0.5418151021003723,-0.05268419533967972,0.9822155237197876,298,292
43,1433,25,0.3303379714488983,0.6498851776123047,0.09179477393627167,0.6110609769821167,317,350
43,1433,26,0.3213270306587219,0.6540393233299255,-0.05112360417842865,0.890956699848175,308,353
43,1433,27,0.32547417283058167,0.7828799486160278,0.12848791480064392,0.7982199192047119,312,422
43,1433,28,0.26413577795028687,0.7120179533958435,0.030914438888430595,0.8987452983856201,253,384
43,1433,29,0.3165368139743805,0.8076072931289673,0.12857405841350555,0.8131112456321716,303,436
43,1433,30,0.2515459358692169,0.7108178734779358,0.038790419697761536,0.8082305788993835,241,383
43,1433,31,0.3355957269668579,0.8113645315170288,0.08949093520641327,0.8487462997436523,322,438
43,1433,32,0.25937843322753906,0.7680395841598511,0.010920540429651737,0.8881849646568298,249,414
44,1466,0,0.3586709201335907,0.2982109785079956,-0.07771722972393036,0.9880666136741638,344,161
44,1466,1,0.3567928969860077,0.28740963339805603,-0.07116086781024933,0.9858531355857849,342,155
44,1466,2,0.3560604453086853,0.2869747579097748,-0.07133472710847855,0.9866952300071716,341,154
44,1466,3,0.355489581823349,0.28654277324676514,-0.07132653146982193,0.9870524406433105,341,154
44,1466,4,0.35590097308158875,0.2881087064743042,-0.08733586221933365,0.9874531030654907,341,155
44,1466,5,0.35458433628082275,0.2879087030887604,-0.08754240721464157,0.989356517791748,340,155
44,1466,6,0.3533420264720917,0.2876811921596527,-0.08763927966356277,0.9897539019584656,339,155
44,1466,7,0.34665000438690186,0.2884387969970703,-0.030773043632507324,0.9922653436660767,332,155
44,1466,8,0.3436279594898224,0.2896745502948761,-0.10427959263324738,0.9900568723678589,329,156
44,1466,9,0.35372844338417053,0.31020984053611755,-0.059346988797187805,0.9898634552955627,339,167
44,1466,10,0.3525087237358093,0.31039682030677795,-0.0813080295920372,0.9903314113616943,338,167
44,1466,11,0.33523380756378174,0.3561408221721649,0.028081493452191353,0.9997591972351074,321,192
44,1466,12,0.3220416009426117,0.3598572909832001,-0.1290767341852188,0.9998566508293152,309,194
44,1466,13,0.3446558713912964,0.4368090331554413,0.06364136189222336,0.34088370203971863,330,235
44,1466,14,0.31018221378326416,0.45908182859420776,-0.14721503853797913,0.9538418054580688,297,247
44,1466,15,0.3786950707435608,0.4920012950897217,0.03852309659123421,0.49328985810279846,363,265
44,1466,16,0.331651896238327,0.5413636565208435,-0.15722425282001495,0.9554769992828369,318,292
44,1466,17,0.3866671025753021,0.5109133124351501,0.03889745473861694,0.5246003866195679,371,275
44,1466,18,0.33145326375961304,0.5684196352958679,-0.1741383820772171,0.9517818689346313,318,306
44,1466,19,0.3890368342399597,0.5096560716629028,0.01852644793689251,0.554595947265625,373,275
44,1466,20,0.34099385142326355,0.5643612146377563,-0.17601850628852844,0.9548171758651733,327,304
44,1466,21,0.385099858045578,0.5046772956848145,0.02968348190188408,0.5530359745025635,369,272
44,1466,22,0.3415699005126953,0.5543431639671326,-0.1581565886735916,0.9394128322601318,327,299
44,1466,23,0.33163028955459595,0.5271294116973877,0.05185134708881378,0.9841135740280151,318,284
44,1466,24,0.32348522543907166,0.5302359461784363,-0.05198286846280098,0.9839919209480286,310,286
44,1466,25,0.3411038815975189,0.6443970799446106,0.0973220095038414,0.5846749544143677,327,347
44,1466,26,0.33606037497520447,0.6561483144760132,-0.036305733025074005,0.8933358788490295,322,354
44,1466,27,0.29926350712776184,0.7293242812156677,0.15154936909675598,0.77364581823349,287,393
44,1466,28,0.3219536542892456,0.7733505964279175,0.0015836473321542144,0.9066226482391357,309,417
44,1466,29,0.2865142822265625,0.7313262820243835,0.1544058471918106,0.7939247488975525,275,394
44,1466,30,0.311726450920105,0.7979243993759155,0.0017080565448850393,0.8173139691352844,299,430
44,1466,31,0.2997184693813324,0.7786706686019897,0.12285033613443375,0.8337104916572571,287,420
44,1466,32,0.3517904281616211,0.8028624653816223,-0.054495833814144135,0.8952340483665466,337,433
45,1500,0,0.3577407896518707,0.2957020401954651,-0.0795765370130539,0.9891663193702698,343,159
45,1500,1,0.3547946810722351,0.28346243500709534,-0.07300344854593277,0.9871180057525635,340,153
45,1500,2,0.3540706932544708,0.2828718423843384,-0.07318063080310822,0.9878817200660706,339,152
45,1500,3,0.3535173833370209,0.28235626220703125,-0.07317502051591873,0.9882508516311646,339,152
45,1500,4,0.3547169864177704,0.28455236554145813,-0.08939918130636215,0.9886157512664795,340,153
45,1500,5,0.3540133833885193,0.2845800220966339,-0.08960732072591782,0.9903562664985657,339,153
45,1500,6,0.3534833490848541,0.2845360338687897,-0.08970464020967484,0.9907302856445312,339,153
45,1500,7,0.34537750482559204,0.28488627076148987,-0.03582936152815819,0.9929875731468201,331,153
45,1500,8,0.3447835147380829,0.2870387136936188,-0.11463215202093124,0.9909809827804565,330,155
45,1500,9,0.35311201214790344,0.3073333501815796,-0.061086468398571014,0.9908180832862854,338,165
45,1500,10,0.35292235016822815,0.30739009380340576,-0.083085797727108,0.9912570714950562,338,165
45,1500,11,0.33842983841896057,0.3531370460987091,0.023582695052027702,0.9997785687446594,324,190
45,1500,12,0.3216579258441925,0.35757994651794434,-0.13979825377464294,0.9998692274093628,308,193
45,1500,13,0.3440762460231781,0.44138461351394653,0.05807562172412872,0.3268282115459442,330,238
45,1500,14,0.3106589913368225,0.45911532640457153,-0.16064304113388062,0.9577116370201111,298,247
45,1500,15,0.3776724636554718,0.49632686376571655,0.026218410581350327,0.47951415181159973,362,268
45,1500,16,0.3324246108531952,0.5411272048950195,-0.15844294428825378,0.9589900374412537,319,292
45,1500,17,0.3855563998222351,0.5150778889656067,0.024666350334882736,0.5163451433181763,370,278
45,1500,18,0.33241450786590576,0.5675220489501953,-0.1752423793077469,0.9550054669380188,319,306
45,1500,19,0.3883320093154907,0.514348566532135,0.0030672515276819468,0.5464392304420471,372,277
45,1500,20,0.34213268756866455,0.5631141662597656,-0.18167899549007416,0.9577296376228333,328,304
45,1500,21,0.3847612738609314,0.5093528628349304,0.016457365825772285,0.5436214208602905,369,275
45,1500,22,0.3427221179008484,0.5541343688964844,-0.16166391968727112,0.9427250623703003,329,299
45,1500,23,0.33396509289741516,0.5265849828720093,0.05195736512541771,0.9856959581375122,320,284
45,1500,24,0.3243514895439148,0.5293147563934326,-0.05208900198340416,0.985589861869812,311,285
45,1500,25,0.3406934142112732,0.6452667117118835,0.09253041446208954,0.5619036555290222,327,348
45,1500,26,0.33676400780677795,0.6564520001411438,-0.024838844314217567,0.8889846205711365,323,354
45,1500,27,0.29699018597602844,0.7188528180122375,0.14642640948295593,0.7397380471229553,285,388
45,1500,28,0.3266984224319458,0.7850905656814575,0.009505737572908401,0.9113726019859314,313,423
45,1500,29,0.28338825702667236,0.718964159488678,0.14963003993034363,0.7682720422744751,272,388
45,1500,30,0.3171190917491913,0.8085748553276062,0.009862394072115421,0.820458710193634,304,436
45,1500,31,0.29236629605293274,0.7730708718299866,0.11834044754505157,0.8077716827392578,280,417
45,1500,32,0.36023885011672974,0.8074222207069397,-0.051148440688848495,0.8971589803695679,345,436
46,1533,0,0.3721756935119629,0.28943830728530884,-0.07154590636491776,0.9901633858680725,357,156
46,1533,1,0.37027284502983093,0.2781992256641388,-0.06442173570394516,0.9882426261901855,355,150
46,1533,2,0.3695203363895416,0.27776870131492615,-0.06459788978099823,0.9888976812362671,354,149
46,1533,3,0.36896613240242004,0.27738624811172485,-0.06458133459091187,0.9893037676811218,354,149
46,1533,4,0.3696020841598511,0.2786482870578766,-0.0827697366476059,0.9896585941314697,354,150
46,1533,5,0.3683941960334778,0.2784850597381592,-0.08296963572502136,0.9912481904029846,353,150
46,1533,6,0.36707285046577454,0.27784276008605957,-0.08306087553501129,0.9916083812713623,352,150
46,1533,7,0.36105915904045105,0.28076472878456116,-0.024712897837162018,0.9935902953147888,346,151
46,1533,8,0.3583391308784485,0.28117963671684265,-0.11339113861322403,0.991772472858429,344,151
46,1533,9,0.3673587143421173,0.30174386501312256,-0.052483078092336655,0.9916356205940247,352,162
46,1533,10,0.36571112275123596,0.30147266387939453,-0.07750608026981354,0.9920580983161926,351,162
46,1533,11,0.35130560398101807,0.34997159242630005,0.040772490203380585,0.9997932314872742,337,188
46,1533,12,0.335411936044693,0.3507901430130005,-0.13845106959342957,0.9998806118965149,321,189
46,1533,13,0.35403555631637573,0.4461173415184021,0.07207366824150085,0.30246588587760925,339,240
46,1533,14,0.33162006735801697,0.45694130659103394,-0.16592995822429657,0.9613100290298462,318,246
46,1533,15,0.37434396147727966,0.5094846487045288,0.03253643214702606,0.44416573643684387,359,275
46,1533,16,0.3548043966293335,0.5364087820053101,-0.17301715910434723,0.9612038135528564,340,289
46,1533,17,0.3810226023197174,0.531529426574707,0.030083460733294487,0.48025932908058167,365,287
46,1533,18,0.35336562991142273,0.5635402202606201,-0.19630083441734314,0.9557525515556335,339,304
46,1533,19,0.383717805147171,0.5313313603401184,0.008680852130055428,0.5086343884468079,368,286
46,1533,20,0.3613933026790619,0.5595924258232117,-0.19866977632045746,0.9582327008247375,346,302
46,1533,21,0.3803516626358032,0.5249648094177246,0.022616036236286163,0.5042542815208435,365,283
46,1533,22,0.36153215169906616,0.5486706495285034,-0.17460916936397552,0.9408431053161621,347,296
46,1533,23,0.34685763716697693,0.5246849656105042,0.058122385293245316,0.9871136546134949,332,283
46,1533,24,0.33823972940444946,0.5277175903320312,-0.05822060629725456,0.9870239496231079,324,284
46,1533,25,0.3512765169143677,0.6459923982620239,0.09737834334373474,0.5104759931564331,337,348
46,1533,26,0.3474106192588806,0.6560519933700562,-0.0287923701107502,0.8497751355171204,333,354
46,1533,27,0.32922929525375366,0.7719423174858093,0.14249974489212036,0.6771361827850342,316,416
46,1533,28,0.3293551802635193,0.787392258644104,0.009043511934578419,0.8793061375617981,316,425
46,1533,29,0.3188425302505493,0.7964426279067993,0.14365574717521667,0.7130827307701111,306,430
46,1533,30,0.3192770183086395,0.8140788078308105,0.009703854098916054,0.7709436416625977,306,439
46,1533,31,0.3543967604637146,0.7939267754554749,0.10942497849464417,0.7500549554824829,340,428
46,1533,32,0.3630596399307251,0.8077405095100403,-0.051243022084236145,0.8599637746810913,348,436
47,1566,0,0.37076523900032043,0.2855832874774933,-0.07286630570888519,0.9910674691200256,355,154
47,1566,1,0.36845681071281433,0.27573540806770325,-0.0656910389661789,0.9892783164978027,353,148
47,1566,2,0.36777153611183167,0.2754518985748291,-0.0658702626824379,0.9898401498794556,353,148
47,1566,3,0.367279589176178,0.2752510905265808,-0.06585909426212311,0.9902718663215637,352,148
47,1566,4,0.36829623579978943,0.27589651942253113,-0.0829310193657875,0.9906045198440552,353,148
47,1566,5,0.36756008863449097,0.2759169340133667,-0.08312606811523438,0.9920511245727539,352,148
47,1566,6,0.36647382378578186,0.27561256289482117,-0.08321131765842438,0.992397129535675,351,148
47,1566,7,0.35930147767066956,0.27890846133232117,-0.025061238557100296,0.9941472411155701,344,150
47,1566,8,0.3584483861923218,0.2794743776321411,-0.10818523913621902,0.9924724102020264,344,150
47,1566,9,0.36654701828956604,0.29812291264533997,-0.05394434183835983,0.9923703670501709,351,160
47,1566,10,0.3661438822746277,0.297625869512558,-0.07763524353504181,0.9927701950073242,351,160
47,1566,11,0.3527024984359741,0.34870782494544983,0.0373416505753994,0.9998055100440979,338,188
47,1566,12,0.3363606631755829,0.34984806180000305,-0.1349288672208786,0.9998893737792969,322,188
47,1566,13,0.35436707735061646,0.44647300243377686,0.06510494649410248,0.282306432723999,340,241
47,1566,14,0.332913875579834,0.45573726296424866,-0.16539043188095093,0.9640665054321289,319,246
47,1566,15,0.3731839060783386,0.5104864239692688,0.02487826719880104,0.41374579071998596,358,275
47,1566,16,0.3559008538722992,0.5329266786575317,-0.17295235395431519,0.9621643424034119,341,287
47,1566,17,0.37939730286598206,0.5293774008750916,0.02036907896399498,0.44961604475975037,364,285
47,1566,18,0.3559667766094208,0.5593857765197754,-0.19532346725463867,0.9550952315330505,341,302
47,1566,19,0.38192227482795715,0.5299643278121948,0.0007848824025131762,0.4766099154949188,366,286
47,1566,20,0.3636263906955719,0.5564542412757874,-0.19798509776592255,0.9574019908905029,349,300
47,1566,21,0.3791247010231018,0.5238557457923889,0.01580110751092434,0.470446914434433,363,282
47,1566,22,0.3630892336368561,0.5454365611076355,-0.17454893887043,0.9374767541885376,348,294
47,1566,23,0.3501417338848114,0.5242408514022827,0.056721996515989304,0.9883853793144226,336,283
47,1566,24,0.34062618017196655,0.5283119082450867,-0.056814271956682205,0.9883120059967041,327,285
47,1566,25,0.35347768664360046,0.644623339176178,0.09637060761451721,0.4663858711719513,339,348
47,1566,26,0.348331481218338,0.654080331325531,-0.025465872138738632,0.8164286017417908,334,353
47,1566,27,0.33130231499671936,0.7732434868812561,0.13614843785762787,0.624290943145752,318,417
47,1566,28,0.32891982793807983,0.7863085865974426,0.007920119911432266,0.8586934804916382,315,424
47,1566,29,0.3207493722438812,0.7988878488540649,0.13592621684074402,0.6659321188926697,307,431
47,1566,30,0.3188394606113434,0.8144704699516296,0.0068831839598715305,0.7342766523361206,306,439
47,1566,31,0.3546324372291565,0.7944130897521973,0.09448236972093582,0.7025684118270874,340,428
47,1566,32,0.3628431558609009,0.8079832196235657,-0.053343601524829865,0.8350240588188171,348,436
48,1600,0,0.38473665714263916,0.28523382544517517,-0.07380379736423492,0.9911273121833801,369,154
48,1600,1,0.38336440920829773,0.2746366858482361,-0.06592512130737305,0.9889064431190491,368,148
48,1600,2,0.3829655647277832,0.2744625210762024,-0.06609851121902466,0.988973081111908,367,148
48,1600,3,0.38278764486312866,0.2743884325027466,-0.06607835739850998,0.9899207353591919,367,148
48,1600,4,0.3822471797466278,0.27447810769081116,-0.0837106853723526,0.9907767176628113,366,148
48,1600,5,0.3814362585544586,0.27444976568222046,-0.0839163213968277,0.9922966361045837,366,148
48,1600,6,0.3807279169559479,0.274200975894928,-0.0840209573507309,0.9928426742553711,365,148
48,1600,7,0.3759465515613556,0.27817872166633606,-0.021814865991473198,0.993518590927124,360,150
48,1600,8,0.3741544187068939,0.277549684047699,-0.10666658729314804,0.9926416873931885,359,149
48,1600,9,0.3810880482196808,0.2981144189834595,-0.05365357920527458,0.991888701915741,365,160
48,1600,10,0.3793886601924896,0.29719433188438416,-0.07811442762613297,0.9928596019744873,364,160
48,1600,11,0.36732080578804016,0.347125768661499,0.04687473550438881,0.9997376203536987,352,187
48,1600,12,0.35149115324020386,0.34729281067848206,-0.13506276905536652,0.9998956918716431,337,187
48,1600,13,0.3583095967769623,0.4462248980998993,0.08778972178697586,0.25525015592575073,343,240
48,1600,14,0.3449830412864685,0.4486546814441681,-0.16078875958919525,0.9669783711433411,331,242
48,1600,15,0.37152156233787537,0.5114211440086365,0.05050760135054588,0.3737846910953522,356,276
48,1600,16,0.3780454993247986,0.5196746587753296,-0.15589021146297455,0.9642791152000427,362,280
48,1600,17,0.3770565986633301,0.534477174282074,0.04700158163905144,0.40730011463165283,361,288
48,1600,18,0.3818041682243347,0.5469213724136353,-0.17749308049678802,0.9562880992889404,366,295
48,1600,19,0.3815232217311859,0.534485936164856,0.02725439891219139,0.4317557215690613,366,288
48,1600,20,0.38811060786247253,0.5430918335914612,-0.17568978667259216,0.9583241939544678,372,293
48,1600,21,0.3776893615722656,0.526682436466217,0.04155363515019417,0.4259764552116394,362,284
48,1600,22,0.38599511981010437,0.5318668484687805,-0.15486308932304382,0.9368987083435059,370,287
48,1600,23,0.3647010624408722,0.5252593159675598,0.05683814734220505,0.9895201325416565,350,283
48,1600,24,0.35177889466285706,0.5292969942092896,-0.05693291872739792,0.9894710779190063,337,285
48,1600,25,0.37960970401763916,0.639284610748291,0.08723311126232147,0.42735934257507324,364,345
48,1600,26,0.35254108905792236,0.6553804278373718,-0.02636829763650894,0.7932227253913879,338,353
48,1600,27,0.3598640263080597,0.7725480198860168,0.14424963295459747,0.5811086297035217,345,417
48,1600,28,0.33423087000846863,0.7839335203170776,0.02936524897813797,0.8453792333602905,320,423
48,1600,29,0.35104310512542725,0.7899197340011597,0.14707709848880768,0.628686785697937,337,426
48,1600,30,0.3236504793167114,0.8099088072776794,0.03270770609378815,0.7034614682197571,310,437
48,1600,31,0.38327470421791077,0.7941616177558899,0.10949523746967316,0.660073459148407,367,428
48,1600,32,0.3587281405925751,0.8072541356086731,-0.02050437219440937,0.8127112984657288,344,435
49,1633,0,0.3859976530075073,0.2846294343471527,-0.06624740362167358,0.9909536242485046,370,153
49,1633,1,0.3842548429965973,0.2743878662586212,-0.05731188505887985,0.988137423992157,368,148
49,1633,2,0.38395628333091736,0.2742692232131958,-0.05748150497674942,0.9877269864082336,368,148
49,1633,3,0.3838766813278198,0.27424365282058716,-0.057461127638816833,0.9893033504486084,368,148
49,1633,4,0.3832087814807892,0.27419203519821167,-0.07530101388692856,0.9906324148178101,367,148
49,1633,5,0.38217002153396606,0.2739902138710022,-0.07550523430109024,0.9922794699668884,366,147
49,1633,6,0.38092270493507385,0.2735690772533417,-0.07561787217855453,0.9930776953697205,365,147
49,1633,7,0.3766886591911316,0.2779236435890198,-0.0111373420804739,0.9926341772079468,361,150
49,1633,8,0.3727911114692688,0.2764551639556885,-0.09353247284889221,0.9924094080924988,357,149
49,1633,9,0.3825607895851135,0.2975105345249176,-0.045666005462408066,0.9909047484397888,367,160
49,1633,10,0.3813021779060364,0.29652661085128784,-0.07029301673173904,0.9925537705421448,366,160
49,1633,11,0.37073031067848206,0.3473140001296997,0.05424545705318451,0.9996712803840637,355,187
49,1633,12,0.3518838882446289,0.3468032479286194,-0.12592634558677673,0.9998969435691833,337,187
49,1633,13,0.3603924810886383,0.4455873668193817,0.09560400992631912,0.23141346871852875,345,240
49,1633,14,0.34562167525291443,0.44514623284339905,-0.14581455290317535,0.9692594408988953,331,240
49,1633,15,0.37134063243865967,0.5121094584465027,0.05916415899991989,0.3386656641960144,356,276
49,1633,16,0.3789461553096771,0.5154383778572083,-0.14073579013347626,0.9656612873077393,363,278
49,1633,17,0.371833860874176,0.5332497358322144,0.05601256340742111,0.37048041820526123,356,287
49,1633,18,0.3822365999221802,0.5417491793632507,-0.16070476174354553,0.9565489292144775,366,292
49,1633,19,0.37728288769721985,0.5328487157821655,0.03623729944229126,0.3927774429321289,362,287
49,1633,20,0.38822707533836365,0.5384625792503357,-0.15903106331825256,0.9583637714385986,372,290
49,1633,21,0.37704208493232727,0.528474748134613,0.05023789778351784,0.38721704483032227,361,285
49,1633,22,0.3874271512031555,0.5289351344108582,-0.13959865272045135,0.9352437257766724,371,285
49,1633,23,0.3701273202896118,0.5239620208740234,0.0559762604534626,0.9905259609222412,355,282
49,1633,24,0.3535923361778259,0.528465747833252,-0.05606553331017494,0.9905042052268982,339,285
49,1633,25,0.37992098927497864,0.6332487463951111,0.06499090045690536,0.39301609992980957,364,341
49,1633,26,0.355525940656662,0.6524722576141357,-0.028806567192077637,0.7571046352386475,341,352
49,1633,27,0.35806670784950256,0.7694380879402161,0.10853321105241776,0.543472945690155,343,415
49,1633,28,0.34418147802352905,0.7678151726722717,0.022288775071501732,0.8221549987792969,330,414
49,1633,29,0.3487505316734314,0.7846543788909912,0.10972028225660324,0.5933034420013428,334,423
49,1633,30,0.3337057828903198,0.7952345609664917,0.025075925514101982,0.6676633954048157,320,429
49,1633,31,0.37182125449180603,0.7938826680183411,0.07093855738639832,0.6215792894363403,356,428
49,1633,32,0.3582949638366699,0.8065013885498047,-0.026705099269747734,0.7819373607635498,343,435
50,1666,0,0.3983283042907715,0.2847629189491272,-0.05114317312836647,0.9916282892227173,382,153
50,1666,1,0.3970082700252533,0.27491122484207153,-0.043714918196201324,0.9888786673545837,381,148
50,1666,2,0.396464467048645,0.27496665716171265,-0.04385637119412422,0.9883549809455872,380,148
50,1666,3,0.39598509669303894,0.2750440835952759,-0.043808210641145706,0.9899164438247681,380,148
50,1666,4,0.39713963866233826,0.27446767687797546,-0.0634433850646019,0.991348922252655,381,148
50,1666,5,0.39686447381973267,0.2743290066719055,-0.06365171819925308,0.9928926825523376,380,148
50,1666,6,0.3967485725879669,0.2739337086677551,-0.06375624239444733,0.993675708770752,380,147
50,1666,7,0.3891673684120178,0.2785443067550659,-0.004305096343159676,0.9928590059280396,373,150
50,1666,8,0.3917095363140106,0.2770458459854126,-0.09291441738605499,0.9929906725883484,376,149
50,1666,9,0.3945523500442505,0.2982245981693268,-0.03263847902417183,0.9912269711494446,378,161
50,1666,10,0.3938312232494354,0.2972703278064728,-0.0596327930688858,0.9930334091186523,378,160
50,1666,11,0.3756901025772095,0.3466532528400421,0.06529799848794937,0.9996410608291626,360,187
50,1666,12,0.3705638349056244,0.3474847674369812,-0.13457569479942322,0.9999047517776489,355,187
50,1666,13,0.36570441722869873,0.44634687900543213,0.10486721247434616,0.2091292291879654,351,241
50,1666,14,0.3669572174549103,0.4454789459705353,-0.15551090240478516,0.9719831347465515,352,240
50,1666,15,0.37669864296913147,0.5204340219497681,0.06867756694555283,0.30563658475875854,361,281
50,1666,16,0.40347403287887573,0.5118748545646667,-0.14327934384346008,0.9677225947380066,387,276
50,1666,17,0.377801775932312,0.5396767854690552,0.06741729378700256,0.3351069986820221,362,291
50,1666,18,0.412285178899765,0.5344679355621338,-0.1632104218006134,0.9578636884689331,395,288
50,1666,19,0.3822312653064728,0.5365358591079712,0.047477517277002335,0.3552182912826538,366,289
50,1666,20,0.4168356657028198,0.5283485054969788,-0.15849663317203522,0.9592785835266113,400,285
50,1666,21,0.38198232650756836,0.5295226573944092,0.05967012420296669,0.3500828444957733,366,285
50,1666,22,0.41324856877326965,0.5204623937606812,-0.14074663817882538,0.9345178604125977,396,281
50,1666,23,0.37493419647216797,0.5243191123008728,0.05991073325276375,0.991461992263794,359,283
50,1666,24,0.36753538250923157,0.5287713408470154,-0.06000923365354538,0.991449773311615,352,285
50,1666,25,0.3966827094554901,0.635349690914154,0.07103291898965836,0.38227227330207825,380,343
50,1666,26,0.35457515716552734,0.6542285084724426,-0.027589185163378716,0.7715834379196167,340,353
50,1666,27,0.4025745689868927,0.7658672332763672,0.1259090155363083,0.5514103770256042,386,413
50,1666,28,0.33517181873321533,0.7733491063117981,0.022004276514053345,0.8338851928710938,321,417
50,1666,29,0.39619380235671997,0.7896178364753723,0.127701073884964,0.6007047295570374,380,426
50,1666,30,0.32523906230926514,0.7978101372718811,0.02488083951175213,0.6712408065795898,312,430
50,1666,31,0.42821645736694336,0.7838510870933533,0.09110269695520401,0.6289964914321899,411,423
50,1666,32,0.3569597005844116,0.8062989711761475,-0.024303585290908813,0.7930126786231995,342,435
51,1700,0,0.3982509970664978,0.2851712107658386,-0.0342220813035965,0.9923521876335144,382,153
51,1700,1,0.3963093161582947,0.2749781310558319,-0.02796608954668045,0.9897783994674683,380,148
51,1700,2,0.3953777849674225,0.2750509977340698,-0.028103003278374672,0.989294171333313,379,148
51,1700,3,0.3945564925670624,0.27511823177337646,-0.028052132576704025,0.9907325506210327,378,148
51,1700,4,0.3973178267478943,0.27458637952804565,-0.04624566808342934,0.9920907020568848,381,148
51,1700,5,0.3967156410217285,0.2746637761592865,-0.04645610600709915,0.9935283660888672,380,148
51,1700,6,0.3967492878437042,0.27465876936912537,-0.04654739424586296,0.9942532181739807,380,148
51,1700,7,0.3869216740131378,0.27870574593544006,0.006628697272390127,0.9934110641479492,371,150
51,1700,8,0.39099109172821045,0.2796723246574402,-0.0760326087474823,0.9936087131500244,375,151
51,1700,9,0.3939971327781677,0.2988812327384949,-0.0168498232960701,0.9917608499526978,378,161
51,1700,10,0.39460986852645874,0.29773029685020447,-0.04190928861498833,0.9935435652732849,378,160
51,1700,11,0.37143558263778687,0.34685397148132324,0.07600025832653046,0.9996052980422974,356,187
51,1700,12,0.3726062774658203,0.3479692339897156,-0.11599396169185638,0.9999103546142578,357,187
51,1700,13,0.36540812253952026,0.4465695023536682,0.10656550526618958,0.18980534374713898,350,241
51,1700,14,0.36736664175987244,0.4455391764640808,-0.13872896134853363,0.9744694828987122,352,240
51,1700,15,0.3799028992652893,0.5259288549423218,0.06933106482028961,0.2769942283630371,364,284
51,1700,16,0.4058227837085724,0.511243999004364,-0.12382901459932327,0.9704642295837402,389,276
51,1700,17,0.3805164098739624,0.5357640981674194,0.06860503554344177,0.3054915964603424,365,289
51,1700,18,0.41502562165260315,0.5303783416748047,-0.1429406702518463,0.9612088203430176,398,286
51,1700,19,0.38446468114852905,0.534464955329895,0.049211278557777405,0.3236393332481384,369,288
51,1700,20,0.41971054673194885,0.5234259963035583,-0.13451944291591644,0.9623779058456421,402,282
51,1700,21,0.3856963515281677,0.5335617065429688,0.06063671410083771,0.31872978806495667,370,288
51,1700,22,0.41478341817855835,0.5157006978988647,-0.11959543079137802,0.9390066862106323,398,278
51,1700,23,0.3690265715122223,0.5249043107032776,0.059342823922634125,0.9923009276390076,354,283
51,1700,24,0.3765673339366913,0.5292147397994995,-0.05944352596998215,0.9922997951507568,361,285
51,1700,25,0.37307119369506836,0.646903932094574,0.08629658818244934,0.38387322425842285,358,349
51,1700,26,0.3969939053058624,0.6448266506195068,-0.006579706445336342,0.7792364358901978,381,348
51,1700,27,0.36324673891067505,0.7739667892456055,0.12344849109649658,0.5777267217636108,348,417
51,1700,28,0.40133169293403625,0.7662907838821411,0.04600900039076805,0.8467971682548523,385,413
51,1700,29,0.355500191450119,0.7961647510528564,0.12389872223138809,0.6295436024665833,341,429
51,1700,30,0.39510077238082886,0.7936967015266418,0.04967433586716652,0.6978850364685059,379,428
51,1700,31,0.381576269865036,0.7956280708312988,0.0918765589594841,0.6498457193374634,366,429
51,1700,32,0.4286556839942932,0.7828788161277771,0.018269864842295647,0.805392324924469,411,422
52,1733,0,0.41368094086647034,0.29020240902900696,-0.04832394793629646,0.9927489161491394,397,156
52,1733,1,0.4117205739021301,0.2788679301738739,-0.0419735424220562,0.9902664422988892,395,150
52,1733,2,0.40972602367401123,0.2783640921115875,-0.042126450687646866,0.9898220896720886,393,150
52,1733,3,0.4080173075199127,0.27797234058380127,-0.04209351912140846,0.9912630915641785,391,150
52,1733,4,0.4140913784503937,0.2799380421638489,-0.05995352193713188,0.9925548434257507,397,151
52,1733,5,0.41443225741386414,0.2803024649620056,-0.06016154959797859,0.9939566850662231,397,151
52,1733,6,0.41496017575263977,0.28057655692100525,-0.060258008539676666,0.9946730732917786,398,151
52,1733,7,0.40019941329956055,0.2820112407207489,-0.008984492160379887,0.9938408732414246,384,152
52,1733,8,0.40968573093414307,0.28615909814834595,-0.09367986768484116,0.9940312504768372,393,154
52,1733,9,0.4087451100349426,0.30239027738571167,-0.030460694804787636,0.9920982122421265,392,163
52,1733,10,0.4108923077583313,0.30234086513519287,-0.05507092550396919,0.9938448667526245,394,163
52,1733,11,0.3827191889286041,0.34881001710891724,0.05924316123127937,0.9995658993721008,367,188
52,1733,12,0.3901446759700775,0.35182762145996094,-0.1299971044063568,0.9999027252197266,374,189
52,1733,13,0.3844848573207855,0.4478515088558197,0.08056289702653885,0.17361047863960266,369,241
52,1733,14,0.39227041602134705,0.4530445635318756,-0.15105898678302765,0.9761913418769836,376,244
52,1733,15,0.4163270592689514,0.5196491479873657,0.038667213171720505,0.2508903443813324,399,280
52,1733,16,0.4372806251049042,0.5092766880989075,-0.1366642266511917,0.9711916446685791,419,275
52,1733,17,0.42077991366386414,0.533378005027771,0.03655014932155609,0.2780490815639496,403,288
52,1733,18,0.4483741521835327,0.5256474614143372,-0.1557358056306839,0.9613985419273376,430,283
52,1733,19,0.425449013710022,0.5320495963096619,0.01763586513698101,0.2944002151489258,408,287
52,1733,20,0.4532870948314667,0.5133914351463318,-0.1501578837633133,0.9619734287261963,435,277
52,1733,21,0.4239720404148102,0.5300979018211365,0.02987903729081154,0.28985464572906494,407,286
52,1733,22,0.45038506388664246,0.5076797008514404,-0.13388054072856903,0.9371628165245056,432,274
52,1733,23,0.3787764608860016,0.5330333709716797,0.05716578662395477,0.993061900138855,363,287
52,1733,24,0.3910958170890808,0.5359820127487183,-0.057308267802000046,0.9930654764175415,375,289
52,1733,25,0.3633953928947449,0.6576970815658569,0.10206563025712967,0.41771307587623596,348,355
52,1733,26,0.41899484395980835,0.6460942625999451,0.009208141826093197,0.7934171557426453,402,348
52,1733,27,0.3474902808666229,0.7787231206893921,0.13001058995723724,0.6122242212295532,333,420
52,1733,28,0.4400222897529602,0.762601912021637,0.07189223915338516,0.859477162361145,422,411
52,1733,29,0.3394715189933777,0.7981014847755432,0.1301562637090683,0.6614078283309937,325,430
52,1733,30,0.43815672397613525,0.7893369197845459,0.0768885537981987,0.7245655059814453,420,426
52,1733,31,0.36385926604270935,0.8017226457595825,0.10807829350233078,0.6729780435562134,349,432
52,1733,32,0.4667215943336487,0.7650946378707886,0.0547778494656086,0.8162457942962646,448,413
53,1766,0,0.41597697138786316,0.29302430152893066,-0.05301648750901222,0.9932787418365479,399,158
53,1766,1,0.4135373830795288,0.2819924056529999,-0.04696404188871384,0.9909794926643372,396,152
53,1766,2,0.41212427616119385,0.28154969215393066,-0.04712092876434326,0.9905568361282349,395,152
53,1766,3,0.4106937050819397,0.28116869926452637,-0.047089774161577225,0.9919070601463318,394,151
53,1766,4,0.4157164394855499,0.28318339586257935,-0.06479696184396744,0.9931507110595703,399,152
53,1766,5,0.4158729016780853,0.283575177192688,-0.06500361859798431,0.9944664239883423,399,153
53,1766,6,0.4162997007369995,0.2838905453681946,-0.06510020047426224,0.9951414465904236,399,153
53,1766,7,0.4030987620353699,0.28474146127700806,-0.013718555681407452,0.99427729845047,386,153
53,1766,8,0.41189849376678467,0.289250910282135,-0.10574199259281158,0.9945325255393982,395,156
53,1766,9,0.41187959909439087,0.3045215606689453,-0.035226039588451385,0.992489218711853,395,164
53,1766,10,0.41347062587738037,0.3048321306705475,-0.05976502597332001,0.9942280054092407,396,164
53,1766,11,0.3845312297344208,0.34910640120506287,0.05754021182656288,0.9995090961456299,369,188
53,1766,12,0.3917231261730194,0.35515880584716797,-0.14931300282478333,0.9999054670333862,376,191
53,1766,13,0.37867647409439087,0.4499328136444092,0.08153426647186279,0.15697196125984192,363,242
53,1766,14,0.39093127846717834,0.4549591839313507,-0.1755603849887848,0.978119969367981,375,245
53,1766,15,0.3982076644897461,0.5184620022773743,0.04174455627799034,0.22604914009571075,382,279
53,1766,16,0.4375772178173065,0.5069349408149719,-0.15056370198726654,0.9724665880203247,420,273
53,1766,17,0.4026259183883667,0.542340874671936,0.03956594318151474,0.25082364678382874,386,292
53,1766,18,0.44835370779037476,0.5232119560241699,-0.17225731909275055,0.9622476696968079,430,282
53,1766,19,0.40672871470451355,0.5404906868934631,0.01973079890012741,0.26551979780197144,390,291
53,1766,20,0.4527229368686676,0.5101557374000549,-0.15605206787586212,0.9622899293899536,434,275
53,1766,21,0.4054391086101532,0.534436047077179,0.03268016502261162,0.26144394278526306,389,288
53,1766,22,0.44967716932296753,0.5046597123146057,-0.1429884433746338,0.9359210133552551,431,272
53,1766,23,0.38177311420440674,0.5347224473953247,0.061838023364543915,0.9937514066696167,366,288
53,1766,24,0.3940829932689667,0.5374597907066345,-0.06198296323418617,0.9937574863433838,378,290
53,1766,25,0.36117318272590637,0.6587039828300476,0.1406429260969162,0.4415555000305176,346,355
53,1766,26,0.41918233036994934,0.645966112613678,0.01911763660609722,0.808524489402771,402,348
53,1766,27,0.3407055735588074,0.7817145586013794,0.19374729692935944,0.6434740424156189,327,422
53,1766,28,0.44274234771728516,0.7617725729942322,0.08339054137468338,0.8719804286956787,425,411
53,1766,29,0.3322516977787018,0.8003639578819275,0.19645313918590546,0.6911875605583191,318,432
53,1766,30,0.4403500556945801,0.7865455150604248,0.08815844357013702,0.7496123313903809,422,424
53,1766,31,0.35983437299728394,0.8049542307853699,0.17405274510383606,0.6939093470573425,345,434
53,1766,32,0.47131726145744324,0.7646952271461487,0.05791303887963295,0.8285555839538574,452,412
54,1800,0,0.42865562438964844,0.2972465455532074,-0.03224305063486099,0.9938650131225586,411,160
54,1800,1,0.42703384160995483,0.2859058082103729,-0.026319000869989395,0.9917741417884827,409,154
54,1800,2,0.4255315959453583,0.28528276085853577,-0.026447312906384468,0.9913784265518188,408,154
54,1800,3,0.424209862947464,0.2847570776939392,-0.026400990784168243,0.9926183223724365,407,153
54,1800,4,0.42918774485588074,0.2873237729072571,-0.04476802423596382,0.9937720894813538,412,155
54,1800,5,0.429369181394577,0.28767314553260803,-0.04497062787413597,0.9949774146080017,412,155
54,1800,6,0.42996710538864136,0.2874269187450409,-0.04505767300724983,0.9955981373786926,412,155
54,1800,7,0.4176045060157776,0.2879871129989624,0.0062632993794977665,0.9947644472122192,400,155
54,1800,8,0.4265334904193878,0.29329556226730347,-0.07844020426273346,0.995030403137207,409,158
54,1800,9,0.4247618019580841,0.30736586451530457,-0.015184692107141018,0.9930230975151062,407,165
54,1800,10,0.42672041058540344,0.3080500662326813,-0.040432158857584,0.9946695566177368,409,166
54,1800,11,0.3965047597885132,0.35153865814208984,0.0758511871099472,0.9994730949401855,380,189
54,1800,12,0.4093266725540161,0.35539939999580383,-0.12042997777462006,0.9999068975448608,392,191
54,1800,13,0.39492717385292053,0.4494478404521942,0.10901331901550293,0.1433059722185135,379,242
54,1800,14,0.4109576642513275,0.4548737108707428,-0.1475418359041214,0.9795453548431396,394,245
54,1800,15,0.41761237382888794,0.5166475772857666,0.07274172455072403,0.20541030168533325,400,278
54,1800,16,0.4554525315761566,0.49920031428337097,-0.1269773542881012,0.9740671515464783,437,269
54,1800,17,0.4211438000202179,0.5391507148742676,0.07349676638841629,0.22980813682079315,404,291
54,1800,18,0.4671659767627716,0.5150483250617981,-0.14645586907863617,0.9641611576080322,448,278
54,1800,19,0.42532169818878174,0.5363146662712097,0.05327460914850235,0.24302023649215698,408,289
54,1800,20,0.47054818272590637,0.5053351521492004,-0.13611865043640137,0.9638801217079163,451,272
54,1800,21,0.4246417284011841,0.5308512449264526,0.06387591361999512,0.23908862471580505,407,286
54,1800,22,0.4667832553386688,0.4991767704486847,-0.12178976833820343,0.9380024075508118,448,269
54,1800,23,0.39135923981666565,0.534580409526825,0.06100954860448837,0.9943671226501465,375,288
54,1800,24,0.4050045907497406,0.5373855233192444,-0.06118376925587654,0.9943779706954956,388,290
54,1800,25,0.36810627579689026,0.6605027914047241,0.1155254989862442,0.4624082148075104,353,356
54,1800,26,0.4328589141368866,0.6466760635375977,0.002508302219212055,0.8205279111862183,415,349
54,1800,27,0.3381468653678894,0.7778682708740234,0.13907687366008759,0.663540780544281,324,420
54,1800,28,0.464447021484375,0.7554764747619629,0.05929217115044594,0.8817974925041199,445,407
54,1800,29,0.3284326195716858,0.7967044711112976,0.14029520750045776,0.712468147277832,315,430
54,1800,30,0.4633169174194336,0.7808983325958252,0.06317111104726791,0.7714418172836304,444,421
54,1800,31,0.3569944500923157,0.8038738965988159,0.13636384904384613,0.7048628330230713,342,434
54,1800,32,0.48985034227371216,0.7526445388793945,0.03428274765610695,0.836143970489502,470,406
55,1833,0,0.4287266135215759,0.29920026659965515,-0.02828284353017807,0.994348406791687,411,161
55,1833,1,0.4269648492336273,0.2885758578777313,-0.022781284525990486,0.9924514889717102,409,155
55,1833,2,0.4254940152168274,0.2880653440952301,-0.02291816659271717,0.9920740127563477,408,155
55,1833,3,0.4240763485431671,0.28764140605926514,-0.02286847122013569,0.9932228326797485,407,155
55,1833,4,0.4298842251300812,0.2896045446395874,-0.0409732349216938,0.994304358959198,412,156
55,1833,5,0.430663138628006,0.2897930443286896,-0.041184548288583755,0.9954200387001038,413,156
55,1833,6,0.43168050050735474,0.2897178828716278,-0.041281383484601974,0.9959996342658997,414,156
55,1833,7,0.417376846075058,0.29148244857788086,0.008263812400400639,0.9951698184013367,400,157
55,1833,8,0.4271346926689148,0.29505327343940735,-0.07404199987649918,0.9954631924629211,410,159
55,1833,9,0.4250238835811615,0.3090050518512726,-0.01190158724784851,0.9934165477752686,408,166
55,1833,10,0.42705971002578735,0.3097498416900635,-0.03683450073003769,0.9950081706047058,409,167
55,1833,11,0.40043896436691284,0.3525564670562744,0.07836814969778061,0.9994102716445923,384,190
55,1833,12,0.40884000062942505,0.35764434933662415,-0.11775662750005722,0.9999085664749146,392,193
55,1833,13,0.3921463191509247,0.44908636808395386,0.11236587166786194,0.12992461025714874,376,242
55,1833,14,0.413364976644516,0.4548925757408142,-0.14092950522899628,0.9810554385185242,396,245
55,1833,15,0.41016885638237,0.5194459557533264,0.07686567306518555,0.18546314537525177,393,280
55,1833,16,0.4579720199108124,0.4985630214214325,-0.11835489422082901,0.975666344165802,439,269
55,1833,17,0.4122954308986664,0.5377292633056641,0.07775504887104034,0.20817112922668457,395,290
55,1833,18,0.4684918224811554,0.5124010443687439,-0.13768669962882996,0.9660351872444153,449,276
55,1833,19,0.4166560471057892,0.5364909768104553,0.0580681636929512,0.22001396119594574,399,289
55,1833,20,0.4718356728553772,0.5026819705963135,-0.12724798917770386,0.9654738903045654,452,271
55,1833,21,0.4165132939815521,0.5304203033447266,0.06825157254934311,0.2164345383644104,399,286
55,1833,22,0.4675513505935669,0.49696603417396545,-0.11307398974895477,0.9400460720062256,448,268
55,1833,23,0.39687588810920715,0.5354416966438293,0.0604415126144886,0.9949237704277039,381,289
55,1833,24,0.4059215784072876,0.5380370020866394,-0.060605134814977646,0.9949378371238708,389,290
55,1833,25,0.371132493019104,0.6600708365440369,0.11237034201622009,0.47477108240127563,356,356
55,1833,26,0.4361324608325958,0.647282063961029,0.005074730608612299,0.831804096698761,418,349
55,1833,27,0.3369613289833069,0.775911271572113,0.14701145887374878,0.680587112903595,323,418
55,1833,28,0.4654017388820648,0.7547492980957031,0.06656932830810547,0.8908244967460632,446,407
55,1833,29,0.32680338621139526,0.7947181463241577,0.14893919229507446,0.7324365973472595,313,429
55,1833,30,0.4649873375892639,0.7798706293106079,0.07209774106740952,0.7915680408477783,446,421
55,1833,31,0.3594215512275696,0.8047842979431152,0.1333710253238678,0.7136412858963013,345,434
55,1833,32,0.49712952971458435,0.7486807703971863,0.05107938498258591,0.843456506729126,477,404
56,1866,0,0.44317296147346497,0.30285996198654175,-0.016597798094153404,0.9949022531509399,425,163
56,1866,1,0.44136497378349304,0.29164254665374756,-0.009984434582293034,0.9931987524032593,423,157
56,1866,2,0.4400632083415985,0.2910294234752655,-0.01012385357171297,0.9928574562072754,422,157
56,1866,3,0.43865689635276794,0.29046133160591125,-0.010083363391458988,0.9938943386077881,421,156
56,1866,4,0.44389551877975464,0.2926885485649109,-0.029138201847672462,0.9948679208755493,426,158
56,1866,5,0.44460946321487427,0.2927989661693573,-0.029319847002625465,0.9958730340003967,426,158
56,1866,6,0.44545143842697144,0.2924618721008301,-0.029394423589110374,0.9963956475257874,427,157
56,1866,7,0.43101173639297485,0.2938691973686218,0.02277763932943344,0.9956485629081726,413,158
56,1866,8,0.4402918517589569,0.29799339175224304,-0.06318669766187668,0.995908796787262,422,160
56,1866,9,0.4396156966686249,0.312882661819458,-0.00010802492033690214,0.9940556287765503,422,168
56,1866,10,0.4413580596446991,0.3133971095085144,-0.026171429082751274,0.9954861402511597,423,169
56,1866,11,0.41069334745407104,0.3593175709247589,0.07890142500400543,0.9994552731513977,394,194
56,1866,12,0.42481738328933716,0.35959672927856445,-0.10696739703416824,0.9999128580093384,407,194
56,1866,13,0.38647472858428955,0.4382100999355316,0.11263788491487503,0.15711165964603424,371,236
56,1866,14,0.4277738332748413,0.45476067066192627,-0.15818193554878235,0.9827190041542053,410,245
56,1866,15,0.38170909881591797,0.5058701038360596,0.08239388465881348,0.21614474058151245,366,273
56,1866,16,0.4719090461730957,0.49230560660362244,-0.1786818653345108,0.9775590300559998,453,265
56,1866,17,0.37559884786605835,0.5265659689903259,0.07877159118652344,0.24304135143756866,360,284
56,1866,18,0.4826764762401581,0.505736768245697,-0.20254720747470856,0.9685086011886597,463,273
56,1866,19,0.3786696791648865,0.5300465226173401,0.06419174373149872,0.2532719075679779,363,286
56,1866,20,0.48586511611938477,0.49684324860572815,-0.19301287829875946,0.9678629040718079,466,268
56,1866,21,0.38335663080215454,0.5230114459991455,0.07603888213634491,0.24131309986114502,368,282
56,1866,22,0.48239994049072266,0.49169209599494934,-0.1744040697813034,0.9434032440185547,463,265
56,1866,23,0.4117191731929779,0.5361710786819458,0.05941711366176605,0.995427131652832,395,289
56,1866,24,0.4219079911708832,0.5379754304885864,-0.05958639457821846,0.9954410195350647,405,290
56,1866,25,0.3852681517601013,0.6593024730682373,0.0765354335308075,0.4974285662174225,369,356
56,1866,26,0.451880544424057,0.647713303565979,-0.009484353475272655,0.8438891172409058,433,349
56,1866,27,0.34211158752441406,0.7679372429847717,0.08539001643657684,0.7018527388572693,328,414
56,1866,28,0.4846690893173218,0.7561909556388855,0.028588688001036644,0.8995522856712341,465,408
56,1866,29,0.32987886667251587,0.7807950973510742,0.08402090519666672,0.7534914016723633,316,421
56,1866,30,0.484010249376297,0.7827454209327698,0.03163818269968033,0.8106321096420288,464,422
56,1866,31,0.360881507396698,0.8064493536949158,0.06070522591471672,0.731661319732666,346,435
56,1866,32,0.5145612955093384,0.748045802116394,0.010822484269738197,0.854496419429779,493,403
57,1900,0,0.44435548782348633,0.30423247814178467,-0.007024611812084913,0.9953421950340271,426,164
57,1900,1,0.44172239303588867,0.2933298945426941,-0.0030013280920684338,0.9938221573829651,424,158
57,1900,2,0.43995973467826843,0.292812705039978,-0.0031499313190579414,0.9935110211372375,422,158
57,1900,3,0.43812087178230286,0.2923617362976074,-0.003124648006632924,0.994461715221405,420,157
57,1900,4,0.44522207975387573,0.29435843229293823,-0.0216725654900074,0.9953355193138123,427,158
57,1900,5,0.4461551606655121,0.2945387661457062,-0.021845746785402298,0.9962523579597473,428,159
57,1900,6,0.44719934463500977,0.29454824328422546,-0.021922791376709938,0.9967278838157654,429,159
57,1900,7,0.4313184320926666,0.29606470465660095,0.020188292488455772,0.9960629343986511,414,159
57,1900,8,0.44447287917137146,0.30015385150909424,-0.0645158439874649,0.9962755441665649,426,162
57,1900,9,0.4401698410511017,0.31425467133522034,0.005947486497461796,0.9945784211158752,422,169
57,1900,10,0.44288909435272217,0.3147280514240265,-0.019662702456116676,0.9958590269088745,425,169
57,1900,11,0.41142064332962036,0.36079320311546326,0.07397318631410599,0.9994970560073853,394,194
57,1900,12,0.4275210201740265,0.36083531379699707,-0.11208164691925049,0.9999163150787354,410,194
57,1900,13,0.3848643898963928,0.4375079870223999,0.10526804625988007,0.1694655865430832,369,236
57,1900,14,0.43090251088142395,0.4547175168991089,-0.18217910826206207,0.9834896326065063,413,245
57,1900,15,0.37571367621421814,0.5012531876564026,0.0752798318862915,0.23342517018318176,360,270
57,1900,16,0.47280046343803406,0.4913117587566376,-0.2177557349205017,0.9787865281105042,453,265
57,1900,17,0.3705129623413086,0.5233715772628784,0.07834436744451523,0.271977037191391,355,282
57,1900,18,0.48294365406036377,0.5039489269256592,-0.24615739285945892,0.9703874588012695,463,272
57,1900,19,0.37425288558006287,0.5280291438102722,0.05509370192885399,0.28142571449279785,359,285
57,1900,20,0.48781120777130127,0.49682629108428955,-0.23584485054016113,0.9696269631385803,468,268
57,1900,21,0.3777286112308502,0.5196879506111145,0.06702855974435806,0.26172950863838196,362,280
57,1900,22,0.4835461974143982,0.49177852272987366,-0.21402603387832642,0.9455909132957458,464,265
57,1900,23,0.41376495361328125,0.5378882884979248,0.05923932418227196,0.9958794713020325,397,290
57,1900,24,0.42334091663360596,0.5388554334640503,-0.05940207466483116,0.9958935976028442,406,290
57,1900,25,0.3879593014717102,0.6589512228965759,0.10023748874664307,0.4859733283519745,372,355
57,1900,26,0.4531213939189911,0.6491382122039795,-0.007087012752890587,0.8472902774810791,434,350
57,1900,27,0.3443376123905182,0.7647969722747803,0.13691799342632294,0.7042767405509949,330,412
57,1900,28,0.48382318019866943,0.7571019530296326,0.04906654730439186,0.903693675994873,464,408
57,1900,29,0.33162662386894226,0.7757189273834229,0.13884538412094116,0.7652199864387512,318,418
57,1900,30,0.48279857635498047,0.782970666885376,0.05394110456109047,0.8251959085464478,463,422
57,1900,31,0.36234188079833984,0.8061155676841736,0.1192791610956192,0.7309930920600891,347,435
57,1900,32,0.5120980143547058,0.748026967048645,0.028134841471910477,0.855396032333374,491,403
58,1933,0,0.4631158411502838,0.3085169196128845,-0.013840314000844955,0.9958023428916931,444,166
58,1933,1,0.46100011467933655,0.29738903045654297,-0.007935991510748863,0.9944358468055725,442,160
58,1933,2,0.45959389209747314,0.296712726354599,-0.008086512796580791,0.9941551089286804,441,160
58,1933,3,0.45816439390182495,0.29606443643569946,-0.008059658110141754,0.9950122237205505,439,159
58,1933,4,0.4630082845687866,0.29830294847488403,-0.02827323228120804,0.9957988858222961,444,161
58,1933,5,0.46334773302078247,0.29798752069473267,-0.02844666689634323,0.9966245889663696,444,160
58,1933,6,0.4638482630252838,0.2979206442832947,-0.02851627580821514,0.9970529079437256,445,160
58,1933,7,0.44998058676719666,0.29868650436401367,0.023917561396956444,0.9964549541473389,431,161
58,1933,8,0.45821747183799744,0.30204010009765625,-0.06809450685977936,0.9966442584991455,439,163
58,1933,9,0.45892199873924255,0.31835246086120605,0.0024061924777925014,0.9951121807098389,440,171
58,1933,10,0.4606836438179016,0.3187422454357147,-0.02532629296183586,0.9962641596794128,442,172
58,1933,11,0.4245619773864746,0.3642888069152832,0.07715926319360733,0.9995420575141907,407,196
58,1933,12,0.4416388273239136,0.36172789335250854,-0.11453919112682343,0.9999223947525024,423,195
58,1933,13,0.39451539516448975,0.43459317088127136,0.10919515043497086,0.1851547509431839,378,234
58,1933,14,0.44192299246788025,0.4531340003013611,-0.19579178094863892,0.9846600294113159,424,244
58,1933,15,0.3777461051940918,0.5012401342391968,0.08283255249261856,0.2503916621208191,362,270
58,1933,16,0.48450416326522827,0.49121952056884766,-0.23400717973709106,0.9797972440719604,465,265
58,1933,17,0.37679487466812134,0.5221942663192749,0.07900195568799973,0.29490014910697937,361,281
58,1933,18,0.4944411814212799,0.5047488808631897,-0.2620885968208313,0.971728503704071,474,272
58,1933,19,0.3806200325489044,0.5279973745346069,0.06384677439928055,0.3029576241970062,365,285
58,1933,20,0.498584121465683,0.4964006245136261,-0.2519092857837677,0.9707948565483093,478,268
58,1933,21,0.3824766278266907,0.5196609497070312,0.07648170739412308,0.2765713036060333,367,280
58,1933,22,0.49517279863357544,0.4912642240524292,-0.23011422157287598,0.9464589953422546,475,265
58,1933,23,0.4295077621936798,0.5429150462150574,0.060893069952726364,0.9962894916534424,412,293
58,1933,24,0.4419304430484772,0.5435938835144043,-0.0610697902739048,0.9963028430938721,424,293
58,1933,25,0.40864357352256775,0.6603240370750427,0.10291177779436111,0.49619975686073303,392,356
58,1933,26,0.4720025658607483,0.6527188420295715,-0.004021384287625551,0.8552919030189514,453,352
58,1933,27,0.353916734457016,0.7595527768135071,0.1382654458284378,0.7207273244857788,339,410
58,1933,28,0.49154338240623474,0.763401985168457,0.0637427270412445,0.9106471538543701,471,412
58,1933,29,0.3383408784866333,0.7639104723930359,0.1397939771413803,0.7824931144714355,324,412
58,1933,30,0.48872271180152893,0.7884198427200317,0.06943881511688232,0.8404595851898193,469,425
58,1933,31,0.3658127188682556,0.8054221868515015,0.11836908757686615,0.7464027404785156,351,434
58,1933,32,0.5178484320640564,0.7484258413314819,0.04317593574523926,0.8644713759422302,497,404
59,1966,0,0.46252140402793884,0.3085629343986511,-0.021232925355434418,0.9962081909179688,444,166
59,1966,1,0.4602576196193695,0.29783493280410767,-0.016077717766165733,0.9949790835380554,441,160
59,1966,2,0.4583922028541565,0.29738715291023254,-0.016235189512372017,0.9947279095649719,440,160
59,1966,3,0.4566383361816406,0.29699867963790894,-0.01621336303651333,0.9955011606216431,438,160
59,1966,4,0.4629978835582733,0.29861214756965637,-0.03572283312678337,0.996210515499115,444,161
59,1966,5,0.4635923206806183,0.29815763235092163,-0.03590593487024307,0.9969568848609924,445,161
59,1966,6,0.46431347727775574,0.2981604039669037,-0.035986799746751785,0.9973416328430176,445,161
59,1966,7,0.44964852929115295,0.3003171980381012,0.020530618727207184,0.9968058466911316,431,162
59,1966,8,0.4598260819911957,0.30310168862342834,-0.07993849366903305,0.9969717860221863,441,163
59,1966,9,0.4581417739391327,0.31885474920272827,-0.0055701653473079205,0.9955849051475525,439,172
59,1966,10,0.46087637543678284,0.31888604164123535,-0.03228674456477165,0.9966228604316711,442,172
59,1966,11,0.42649561166763306,0.36485692858695984,0.07078388333320618,0.9995841979980469,409,197
59,1966,12,0.4428975284099579,0.36364924907684326,-0.13016429543495178,0.99992835521698,425,196
59,1966,13,0.39614102244377136,0.43273109197616577,0.15885131061077118,0.1862308531999588,380,233
59,1966,14,0.4450543224811554,0.45316368341445923,-0.23451876640319824,0.9847378134727478,427,244
59,1966,15,0.3784579038619995,0.5003110766410828,0.2269793003797531,0.26893410086631775,363,270
59,1966,16,0.4888051748275757,0.49311432242393494,-0.3044903874397278,0.9815134406089783,469,266
59,1966,17,0.3791550099849701,0.5213944315910339,0.23869891464710236,0.33160316944122314,363,281
59,1966,18,0.4969345033168793,0.5071418285369873,-0.33494287729263306,0.9742993116378784,477,273
59,1966,19,0.38317570090293884,0.5270380973815918,0.22394530475139618,0.3405790328979492,367,284
59,1966,20,0.5020248293876648,0.49832627177238464,-0.3255227208137512,0.9734333753585815,481,269
59,1966,21,0.38416460156440735,0.5184125900268555,0.2236803025007248,0.31054869294166565,368,279
59,1966,22,0.4990272521972656,0.493118554353714,-0.3018784523010254,0.9512275457382202,479,266
59,1966,23,0.4314962327480316,0.5477514863014221,0.062227725982666016,0.9966554641723633,414,295
59,1966,24,0.4452648460865021,0.5493407845497131,-0.06242436543107033,0.9966686964035034,427,296
59,1966,25,0.4095490276813507,0.6625807285308838,0.1052473857998848,0.5157780647277832,393,357
59,1966,26,0.4742153584957123,0.6577978730201721,0.011136599816381931,0.8572078943252563,455,355
59,1966,27,0.3552154004573822,0.7541734576225281,0.12583240866661072,0.7451220750808716,341,407
59,1966,28,0.4917541444301605,0.767113983631134,0.0814984142780304,0.9174768924713135,472,414
59,1966,29,0.3400818407535553,0.7611716985702515,0.12546151876449585,0.8023957014083862,326,411
59,1966,30,0.4894798994064331,0.7917431592941284,0.08746601641178131,0.854569673538208,469,427
59,1966,31,0.36529654264450073,0.8064863085746765,0.1019577905535698,0.7688184976577759,350,435
59,1966,32,0.5180038809776306,0.750472366809845,0.061285436153411865,0.873216450214386,497,405
60,2000,0,0.47818905115127563,0.3108581006526947,-0.018884403631091118,0.9965126514434814,459,167
60,2000,1,0.47672349214553833,0.3000851273536682,-0.011820762418210506,0.9953476190567017,457,162
60,2000,2,0.47545716166496277,0.299503892660141,-0.011985491029918194,0.9950871467590332,456,161
60,2000,3,0.47420695424079895,0.29892855882644653,-0.011948942206799984,0.9958274364471436,455,161
60,2000,4,0.4782375395298004,0.30075183510780334,-0.03148229792714119,0.9964931011199951,459,162
60,2000,5,0.47836488485336304,0.30047085881233215,-0.031656183302402496,0.9971810579299927,459,162
60,2000,6,0.47864943742752075,0.30034053325653076,-0.0317397303879261,0.9975346326828003,459,162
60,2000,7,0.46564051508903503,0.3016727864742279,0.024819443002343178,0.9970362186431885,447,162
60,2000,8,0.4727219045162201,0.3045896887779236,-0.06756419688463211,0.9971218705177307,453,164
60,2000,9,0.4740179181098938,0.32129234075546265,-0.0024703433737158775,0.9958251714706421,455,173
60,2000,10,0.4754199683666229,0.32111188769340515,-0.029502322897315025,0.9967883229255676,456,173
60,2000,11,0.440608948469162,0.3686653673648834,0.0758165642619133,0.9996179938316345,422,199
60,2000,12,0.45470359921455383,0.3663003444671631,-0.12124446779489517,0.9999311566352844,436,197
60,2000,13,0.4099343717098236,0.4318491518497467,0.1412588208913803,0.18914830684661865,393,233
60,2000,14,0.4553547501564026,0.4533545672893524,-0.20784805715084076,0.9858525395393372,437,244
60,2000,15,0.3938223123550415,0.5003132224082947,0.21570436656475067,0.2885780930519104,378,270
60,2000,16,0.49987003207206726,0.4936411678791046,-0.24104653298854828,0.9803502559661865,479,266
60,2000,17,0.3902033865451813,0.5208451747894287,0.1884697526693344,0.3505699038505554,374,281
60,2000,18,0.5096357464790344,0.5079131126403809,-0.26682522892951965,0.971136212348938,489,274
60,2000,19,0.3953108787536621,0.5266528129577637,0.19157613813877106,0.35814639925956726,379,284
60,2000,20,0.513353705406189,0.49899032711982727,-0.2647654116153717,0.9702093005180359,492,269
60,2000,21,0.39726126194000244,0.5184237360954285,0.18433915078639984,0.3221716582775116,381,279
60,2000,22,0.5095295906066895,0.49384060502052307,-0.239610493183136,0.9429656267166138,489,266
60,2000,23,0.45469093322753906,0.5472635626792908,0.06513431668281555,0.9969860911369324,436,295
60,2000,24,0.45537716150283813,0.5493219494819641,-0.06529586017131805,0.9969984889030457,437,296
60,2000,25,0.4779978394508362,0.6593202948570251,0.10430456697940826,0.4855063855648041,458,356
60,2000,26,0.4718741178512573,0.6610841751098633,-0.054525651037693024,0.8672739267349243,452,356
60,2000,27,0.492175430059433,0.7572509050369263,0.1330076903104782,0.74092036485672,472,408
60,2000,28,0.3807657063007355,0.7477648854255676,-0.02274356409907341,0.920100748538971,365,403
60,2000,29,0.48471444845199585,0.778702974319458,0.13226431608200073,0.8014675974845886,465,420
60,2000,30,0.3659733235836029,0.7472345232963562,-0.02070353738963604,0.8453589081764221,351,403
60,2000,31,0.525312066078186,0.7928544878959656,0.10271129012107849,0.7720710039138794,504,428
60,2000,32,0.3785965144634247,0.7950459122657776,-0.05760498717427254,0.8800609111785889,363,429
61,2033,0,0.4775337874889374,0.3106692433357239,-0.013562312349677086,0.9968175888061523,458,167
61,2033,1,0.47543638944625854,0.3001583516597748,-0.006557075772434473,0.9957477450370789,456,162
61,2033,2,0.47397181391716003,0.29977771639823914,-0.006724158301949501,0.9954937696456909,455,161
61,2033,3,0.47267457842826843,0.2994673252105713,-0.006680835969746113,0.9961817264556885,453,161
61,2033,4,0.47761422395706177,0.3007899522781372,-0.02533983625471592,0.9967965483665466,458,162
61,2033,5,0.4778326451778412,0.30072250962257385,-0.025523174554109573,0.9974232316017151,458,162
61,2033,6,0.47842517495155334,0.300752729177475,-0.025607487186789513,0.9977455139160156,459,162
61,2033,7,0.4661349058151245,0.3032130002975464,0.028617018833756447,0.9972912073135376,447,163
61,2033,8,0.47439420223236084,0.30564936995506287,-0.058752283453941345,0.9973353743553162,455,165
61,2033,9,0.4737900495529175,0.3211396038532257,0.0024376441724598408,0.9961341023445129,454,173
61,2033,10,0.47561487555503845,0.32117244601249695,-0.023724352940917015,0.9970173239707947,456,173
61,2033,11,0.44493523240089417,0.3681063950061798,0.0786629468202591,0.9996502995491028,427,198
61,2033,12,0.45612818002700806,0.3668127655982971,-0.11098556220531464,0.9999357461929321,437,198
61,2033,13,0.4118499457836151,0.43259793519973755,0.13346058130264282,0.18414396047592163,395,233
61,2033,14,0.45681095123291016,0.4525556266307831,-0.20605307817459106,0.9869078993797302,438,244
61,2033,15,0.3986698389053345,0.5007080435752869,0.14902490377426147,0.2951256334781647,382,270
61,2033,16,0.4982673227787018,0.4939279556274414,-0.21993865072727203,0.980645477771759,478,266
61,2033,17,0.39484134316444397,0.5209525227546692,0.1476457267999649,0.3579256236553192,379,281
61,2033,18,0.5084097385406494,0.5087586045265198,-0.24563555419445038,0.9709397554397583,488,274
61,2033,19,0.399173766374588,0.5266143083572388,0.13463261723518372,0.36415430903434753,383,284
61,2033,20,0.5118527412414551,0.5004739761352539,-0.2380543202161789,0.9699857234954834,491,270
61,2033,21,0.4029493033885956,0.5184164047241211,0.14119666814804077,0.3236636221408844,386,279
61,2033,22,0.5084904432296753,0.4950292408466339,-0.2171725183725357,0.9406270384788513,488,267
61,2033,23,0.46090906858444214,0.5488158464431763,0.06533302366733551,0.9972848296165466,442,296
61,2033,24,0.4559893310070038,0.5494855642318726,-0.06548349559307098,0.9972964525222778,437,296
61,2033,25,0.48303893208503723,0.6573739647865295,0.10567200928926468,0.46547943353652954,463,354
61,2033,26,0.4519209563732147,0.6660555005073547,-0.04372285678982735,0.8774669766426086,433,359
61,2033,27,0.4968075156211853,0.7600887417793274,0.13701826333999634,0.7497479319572449,476,410
61,2033,28,0.3744966685771942,0.7432457208633423,-0.0007789276423864067,0.9244824051856995,359,401
61,2033,29,0.4891243875026703,0.7884970307350159,0.13623474538326263,0.8075478672981262,469,425
61,2033,30,0.3593936860561371,0.7395395636558533,0.0024185129441320896,0.841882586479187,345,399
61,2033,31,0.5274542570114136,0.7894379496574402,0.10272882878780365,0.7843031883239746,506,426
61,2033,32,0.37208792567253113,0.8024637699127197,-0.035883765667676926,0.888401448726654,357,433
62,2066,0,0.49348506331443787,0.3111317753791809,-0.012423011474311352,0.9971045851707458,473,168
62,2066,1,0.49237117171287537,0.3004022240638733,-0.005399943795055151,0.9961184859275818,472,162
62,2066,2,0.4912568926811218,0.3000166714191437,-0.005551496520638466,0.9958800077438354,471,162
62,2066,3,0.49043381214141846,0.29969555139541626,-0.00549705745652318,0.9965122938156128,470,161
62,2066,4,0.4931469261646271,0.30078092217445374,-0.023806221783161163,0.9970804452896118,473,162
62,2066,5,0.49273115396499634,0.30063456296920776,-0.023992521688342094,0.9976527690887451,473,162
62,2066,6,0.4927515685558319,0.30053621530532837,-0.024074556306004524,0.9979472756385803,473,162
62,2066,7,0.4834093153476715,0.3032834231853485,0.029585301876068115,0.9975181818008423,464,163
62,2066,8,0.4879981577396393,0.30520811676979065,-0.05468639358878136,0.9975504875183105,468,164
62,2066,9,0.4898010194301605,0.321911096572876,0.003853870090097189,0.9963672757148743,470,173
62,2066,10,0.4904305040836334,0.3216681182384491,-0.021579351276159286,0.9972056746482849,470,173
62,2066,11,0.4578443169593811,0.3684229254722595,0.08376622945070267,0.9996762871742249,439,198
62,2066,12,0.471459299325943,0.3665573298931122,-0.10057651251554489,0.9999399781227112,452,197
62,2066,13,0.4281103312969208,0.4341410994529724,0.1297580897808075,0.18010073900222778,410,234
62,2066,14,0.46786877512931824,0.4542822241783142,-0.13935741782188416,0.9880279302597046,449,245
62,2066,15,0.4172407388687134,0.5032246708869934,0.12813320755958557,0.29403847455978394,400,271
62,2066,16,0.506490170955658,0.4981634020805359,-0.1306590884923935,0.9811576008796692,486,269
62,2066,17,0.414598673582077,0.5226782560348511,0.1283540427684784,0.3577152490615845,398,282
62,2066,18,0.515527069568634,0.5135250091552734,-0.14844682812690735,0.9710292816162109,494,277
62,2066,19,0.41932475566864014,0.5275871753692627,0.11502040922641754,0.36246222257614136,402,284
62,2066,20,0.5185843706130981,0.5049856901168823,-0.1391145884990692,0.9701029062271118,497,272
62,2066,21,0.4208560585975647,0.5202551484107971,0.12229423224925995,0.3201422691345215,404,280
62,2066,22,0.5153321623802185,0.49954524636268616,-0.12631866335868835,0.9407254457473755,494,269
62,2066,23,0.46866074204444885,0.5430640578269958,0.06476590037345886,0.9975543022155762,449,293
62,2066,24,0.4659927785396576,0.5444111227989197,-0.06492190808057785,0.9975653886795044,447,293
62,2066,25,0.49212780594825745,0.6527694463729858,0.09916572272777557,0.4666321873664856,472,352
62,2066,26,0.459476113319397,0.6655675768852234,-0.06911663711071014,0.8889634013175964,441,359
62,2066,27,0.4967975914478302,0.7613701820373535,0.1306493729352951,0.7659592628479004,476,411
62,2066,28,0.39533501863479614,0.738163411617279,-0.017762307077646255,0.9310133457183838,379,398
62,2066,29,0.4879313111305237,0.7886718511581421,0.13004924356937408,0.8192585110664368,468,425
62,2066,30,0.3812386095523834,0.735619843006134,-0.012558027170598507,0.851921021938324,365,397
62,2066,31,0.5278041362762451,0.7891459465026855,0.10181088745594025,0.8005772829055786,506,426
62,2066,32,0.3949641287326813,0.8006803393363953,-0.03592927008867264,0.8985556960105896,379,432
63,2100,0,0.49255332350730896,0.31066393852233887,0.0008127752807922661,0.9973852634429932,472,167
63,2100,1,0.49044424295425415,0.300001859664917,0.006640461273491383,0.9964911937713623,470,162
63,2100,2,0.489275723695755,0.2996648848056793,0.006504684686660767,0.9962738752365112,469,161
63,2100,3,0.4880746006965637,0.2994215786457062,0.006547247059643269,0.9968467354774475,468,161
63,2100,4,0.4922507107257843,0.3003910481929779,-0.010734329000115395,0.9973618984222412,472,162
63,2100,5,0.49256840348243713,0.30028364062309265,-0.010910989716649055,0.9978790879249573,472,162
63,2100,6,0.49305087327957153,0.3002173602581024,-0.010975617915391922,0.9981443285942078,473,162
63,2100,7,0.4817434549331665,0.3034496009349823,0.03482944518327713,0.9977574944496155,462,163
63,2100,8,0.48993316292762756,0.3051239848136902,-0.044979069381952286,0.9977790117263794,470,164
63,2100,9,0.489238440990448,0.32142114639282227,0.01422619167715311,0.9966983795166016,469,173
63,2100,10,0.4908551275730133,0.3212217688560486,-0.00979106780141592,0.9974591135978699,471,173
63,2100,11,0.461648553609848,0.3678320646286011,0.08451953530311584,0.99970543384552,443,198
63,2100,12,0.4734210669994354,0.36652395129203796,-0.09448948502540588,0.9999449849128723,454,197
63,2100,13,0.42902594804763794,0.43428194522857666,0.1289500743150711,0.1919371783733368,411,234
63,2100,14,0.4676124155521393,0.45415595173835754,-0.1428111493587494,0.9891436100006104,448,245
63,2100,15,0.42133811116218567,0.5033770799636841,0.13172762095928192,0.3178020119667053,404,271
63,2100,16,0.5059528946876526,0.49852028489112854,-0.15169231593608856,0.9824666976928711,485,269
63,2100,17,0.41916826367378235,0.5229189395904541,0.133358433842659,0.38056138157844543,402,282
63,2100,18,0.5159648656845093,0.5151384472846985,-0.17165900766849518,0.9727739095687866,495,278
63,2100,19,0.42386114597320557,0.527672529220581,0.1204344779253006,0.3836897611618042,406,284
63,2100,20,0.5191282033920288,0.5059710741043091,-0.1624026745557785,0.9718866944313049,498,273
63,2100,21,0.42624539136886597,0.5210078954696655,0.12689675390720367,0.33820316195487976,409,281
63,2100,22,0.5158060193061829,0.500264585018158,-0.14789780974388123,0.9438852071762085,495,270
63,2100,23,0.47090277075767517,0.5385622978210449,0.06446094810962677,0.9977973699569702,452,290
63,2100,24,0.4678230881690979,0.5395420789718628,-0.06462756544351578,0.9978078007698059,449,291
63,2100,25,0.49142903089523315,0.6492449641227722,0.08566059917211533,0.4810829758644104,471,350
63,2100,26,0.4653231203556061,0.6578917503356934,-0.0729350671172142,0.8998032212257385,446,355
63,2100,27,0.4955173432826996,0.7617836594581604,0.09846751391887665,0.7848740816116333,475,411
63,2100,28,0.399477481842041,0.7378940582275391,-0.045507386326789856,0.9375171065330505,383,398
63,2100,29,0.48872682452201843,0.7894886136054993,0.09620466083288193,0.8335016369819641,469,426
63,2100,30,0.384485125541687,0.7378317713737488,-0.04274601861834526,0.8639561533927917,369,398
63,2100,31,0.5281082987785339,0.7890002131462097,0.07062272727489471,0.8178324699401855,506,426
63,2100,32,0.4001311659812927,0.798160970211029,-0.06409121304750443,0.9082977175712585,384,431
64,2133,0,0.5124496221542358,0.30901962518692017,-0.03086608648300171,0.9966941475868225,491,166
64,2133,1,0.5100701451301575,0.2983946204185486,-0.023808004334568977,0.9950529932975769,489,161
64,2133,2,0.5093657374382019,0.2981402575969696,-0.023924745619297028,0.9943884015083313,488,160
64,2133,3,0.508766770362854,0.2979418933391571,-0.023891231045126915,0.9954606294631958,488,160
64,2133,4,0.5100226998329163,0.2986869513988495,-0.04247693717479706,0.9968443512916565,489,161
64,2133,5,0.5094234943389893,0.29862311482429504,-0.0426817461848259,0.9975835084915161,489,161
64,2133,6,0.5089649558067322,0.29849106073379517,-0.04279500991106033,0.9980354905128479,488,161
64,2133,7,0.5014005303382874,0.3014093339443207,0.013065338134765625,0.9967170357704163,481,162
64,2133,8,0.5013130307197571,0.30218103528022766,-0.07096254080533981,0.9976454377174377,481,163
64,2133,9,0.5085231065750122,0.3204168975353241,-0.01372539158910513,0.9954372644424438,488,173
64,2133,10,0.5082313418388367,0.3199746310710907,-0.03903139755129814,0.9970569610595703,487,172
64,2133,11,0.4881180226802826,0.3596910536289215,0.08233858644962311,0.999607503414154,468,194
64,2133,12,0.4829331636428833,0.36313724517822266,-0.11646204441785812,0.9999455809593201,463,196
64,2133,13,0.4768412411212921,0.4413982629776001,0.11454034596681595,0.17337986826896667,457,238
64,2133,14,0.47297152876853943,0.4527069628238678,-0.14464989304542542,0.9897503852844238,454,244
64,2133,15,0.4904961585998535,0.5112878680229187,0.07603234797716141,0.2868601083755493,470,276
64,2133,16,0.5135905146598816,0.510345995426178,-0.12916094064712524,0.983333170413971,493,275
64,2133,17,0.493908554315567,0.5291665196418762,0.07455768436193466,0.3444460332393646,474,285
64,2133,18,0.5204237699508667,0.5315655469894409,-0.14677684009075165,0.9737572073936462,499,287
64,2133,19,0.4979415535926819,0.529488742351532,0.05617646127939224,0.34730324149131775,478,285
64,2133,20,0.5255700349807739,0.5237396955490112,-0.14122503995895386,0.9728496670722961,504,282
64,2133,21,0.49650365114212036,0.5223884582519531,0.0673510953783989,0.3063289523124695,476,282
64,2133,22,0.5231651663780212,0.5156646370887756,-0.12581177055835724,0.9455069303512573,502,278
64,2133,23,0.48681890964508057,0.5350265502929688,0.06357212364673615,0.9980024099349976,467,288
64,2133,24,0.4819721579551697,0.5375157594680786,-0.06371672451496124,0.9980219006538391,462,290
64,2133,25,0.49969756603240967,0.648840069770813,0.08725737780332565,0.4645204246044159,479,350
64,2133,26,0.5005033612251282,0.6566940546035767,-0.055745210498571396,0.8996328115463257,480,354
64,2133,27,0.4623146951198578,0.7591187953948975,0.10694096237421036,0.7765100002288818,443,409
64,2133,28,0.4517383873462677,0.7459895014762878,-0.03165930137038231,0.9377819299697876,433,402
64,2133,29,0.4537269175052643,0.7754881978034973,0.10157035291194916,0.8229190707206726,435,418
64,2133,30,0.43863645195961,0.7568738460540771,-0.04170948266983032,0.8549420833587646,421,408
64,2133,31,0.48695990443229675,0.7896134257316589,0.0823088064789772,0.8117713928222656,467,426
64,2133,32,0.46616074442863464,0.7958661317825317,-0.042677078396081924,0.9079791307449341,447,429
65,2166,0,0.5108526349067688,0.3080686926841736,-0.03115975670516491,0.996627926826477,490,166
65,2166,1,0.508455216884613,0.2977709174156189,-0.02416892908513546,0.995003342628479,488,160
65,2166,2,0.5075282454490662,0.2976016104221344,-0.02430197037756443,0.9942882061004639,487,160
65,2166,3,0.506706953048706,0.2974737584590912,-0.024269210174679756,0.9954299926757812,486,160
65,2166,4,0.5094320178031921,0.2980826497077942,-0.042915165424346924,0.9968981742858887,489,160
65,2166,5,0.5092958807945251,0.29814472794532776,-0.0431227833032608,0.9976556897163391,488,160
65,2166,6,0.5086045861244202,0.2980370819568634,-0.04322265088558197,0.998131275177002,488,160
65,2166,7,0.49967271089553833,0.3010466694831848,0.012194722890853882,0.9966700077056885,479,162
65,2166,8,0.5026883482933044,0.3019646108150482,-0.07197190076112747,0.9977428913116455,482,163
65,2166,9,0.5074740648269653,0.32001975178718567,-0.014071579091250896,0.9953864216804504,487,172
65,2166,10,0.5072832703590393,0.31947314739227295,-0.03942374140024185,0.9971139430999756,486,172
65,2166,11,0.4903145134449005,0.35807764530181885,0.08150627464056015,0.9995752573013306,470,193
65,2166,12,0.4823615849018097,0.36222830414772034,-0.11727631837129593,0.9999484419822693,463,195
65,2166,13,0.47902923822402954,0.4476047456264496,0.10491279512643814,0.1577635109424591,459,241
65,2166,14,0.47417452931404114,0.45235928893089294,-0.14298799633979797,0.9903742074966431,455,244
65,2166,15,0.494284063577652,0.5199374556541443,0.05699070170521736,0.25926288962364197,474,280
65,2166,16,0.5150383710861206,0.5158163905143738,-0.13554076850414276,0.9846835136413574,494,278
65,2166,17,0.4978606104850769,0.5382011532783508,0.053539521992206573,0.31250566244125366,477,290
65,2166,18,0.5217766761779785,0.5374128222465515,-0.15433959662914276,0.9758420586585999,500,290
65,2166,19,0.5015812516212463,0.5368945598602295,0.03461170196533203,0.315099835395813,481,289
65,2166,20,0.5275058150291443,0.5304153561592102,-0.14898204803466797,0.9749819040298462,506,286
65,2166,21,0.4999340772628784,0.5293494462966919,0.04782003536820412,0.2781350910663605,479,285
65,2166,22,0.5242260098457336,0.5226388573646545,-0.132445827126503,0.949701726436615,503,282
65,2166,23,0.48857632279396057,0.533965528011322,0.06100233271718025,0.9981963038444519,469,288
65,2166,24,0.48513880372047424,0.5366567969322205,-0.0611424446105957,0.9982178807258606,465,289
65,2166,25,0.5011498332023621,0.6491154432296753,0.06647174805402756,0.46969011425971985,481,350
65,2166,26,0.5041720271110535,0.6544933915138245,-0.05018649250268936,0.8997094631195068,484,353
65,2166,27,0.44860711693763733,0.750268280506134,0.1024002954363823,0.7735242247581482,430,405
65,2166,28,0.49244722723960876,0.7621292471885681,-0.0034578917548060417,0.9404425024986267,472,411
65,2166,29,0.43835219740867615,0.733328640460968,0.10304127633571625,0.8224563002586365,420,395
65,2166,30,0.48343387246131897,0.7873765230178833,-0.00210334244184196,0.8600542545318604,464,425
65,2166,31,0.4446272850036621,0.7890920042991638,0.07605089992284775,0.8118225336074829,426,426
65,2166,32,0.5032582879066467,0.7980180978775024,-0.03141719475388527,0.9109943509101868,483,430
66,2200,0,0.5298245549201965,0.3049292266368866,-0.07180256396532059,0.9935782551765442,508,164
66,2200,1,0.5280950665473938,0.29498645663261414,-0.0640750601887703,0.9895366430282593,506,159
66,2200,2,0.5276229977607727,0.294876366853714,-0.06422898173332214,0.9872956871986389,506,159
66,2200,3,0.5273227691650391,0.29475319385528564,-0.06420481950044632,0.9902917742729187,506,159
66,2200,4,0.5271085500717163,0.295219749212265,-0.0811898335814476,0.9941916465759277,506,159
66,2200,5,0.525943398475647,0.2952393591403961,-0.08140087872743607,0.9958296418190002,504,159
66,2200,6,0.5248337984085083,0.2950061857700348,-0.08153269439935684,0.9971574544906616,503,159
66,2200,7,0.519514262676239,0.2980254590511322,-0.02087201550602913,0.9926825761795044,498,160
66,2200,8,0.5162692666053772,0.298015296459198,-0.09809170663356781,0.9963937401771545,495,160
66,2200,9,0.5259011387825012,0.31741899251937866,-0.05218846723437309,0.9911935925483704,504,171
66,2200,10,0.5240004062652588,0.3170334994792938,-0.07555637508630753,0.9952317476272583,503,171
66,2200,11,0.5068175792694092,0.3572748303413391,0.04760976880788803,0.9994118809700012,486,192
66,2200,12,0.4961780607700348,0.3597484827041626,-0.12843990325927734,0.9999446868896484,476,194
66,2200,13,0.49560025334358215,0.45307523012161255,0.08073090761899948,0.14267368614673615,475,244
66,2200,14,0.4861999452114105,0.4527159035205841,-0.1489327847957611,0.9907538294792175,466,244
66,2200,15,0.5083725452423096,0.5214881896972656,0.0479344017803669,0.23407530784606934,488,281
66,2200,16,0.5185457468032837,0.5243557095527649,-0.14862294495105743,0.9852232336997986,497,283
66,2200,17,0.5084793567657471,0.542834997177124,0.04542018473148346,0.2827700674533844,488,293
66,2200,18,0.524259090423584,0.5499567985534668,-0.1683548390865326,0.9762219786643982,503,296
66,2200,19,0.5136515498161316,0.5386264324188232,0.027729153633117676,0.2851506173610687,493,290
66,2200,20,0.5306081175804138,0.5448995232582092,-0.16346701979637146,0.9753895401954651,509,294
66,2200,21,0.5136229991912842,0.5316163897514343,0.03982773795723915,0.2517879009246826,493,287
66,2200,22,0.5280649065971375,0.5360110998153687,-0.1461144983768463,0.9503285884857178,506,289
66,2200,23,0.503623902797699,0.5341827273368835,0.0563807487487793,0.9983481764793396,483,288
66,2200,24,0.4988017678260803,0.5369150042533875,-0.0565042644739151,0.998386800289154,478,289
66,2200,25,0.5085031390190125,0.6495160460472107,0.08093716949224472,0.4431924819946289,488,350
66,2200,26,0.5108278393745422,0.657004177570343,-0.024311820045113564,0.8856017589569092,490,354
66,2200,27,0.4750732481479645,0.7574621438980103,0.13114076852798462,0.763991117477417,456,409
66,2200,28,0.47964584827423096,0.7696472406387329,0.039636608213186264,0.9385365843772888,460,415
66,2200,29,0.46638524532318115,0.7558961510658264,0.1323706954717636,0.8078884482383728,447,408
66,2200,30,0.46079498529434204,0.7826200127601624,0.043968357145786285,0.8470141291618347,442,422
66,2200,31,0.47958138585090637,0.8009987473487854,0.0850541964173317,0.8028178215026855,460,432
66,2200,32,0.48333680629730225,0.8036393523216248,-0.0059425258077681065,0.9061821699142456,464,433
67,2233,0,0.5291802287101746,0.3043069541454315,-0.06412869691848755,0.993053674697876,508,164
67,2233,1,0.526849627494812,0.2944035232067108,-0.056842949241399765,0.9882034063339233,505,158
67,2233,2,0.5261704921722412,0.29426413774490356,-0.0570121631026268,0.9857179522514343,505,158
67,2233,3,0.5256415605545044,0.2941341698169708,-0.056989315897226334,0.9891502857208252,504,158
67,2233,4,0.5265732407569885,0.2946714460849762,-0.07337593287229538,0.9934545159339905,505,159
67,2233,5,0.5257584452629089,0.2946779429912567,-0.07358574867248535,0.9953403472900391,504,159
67,2233,6,0.5250747799873352,0.29446062445640564,-0.07370594143867493,0.9968346357345581,504,159
67,2233,7,0.5175279378890991,0.2974878251552582,-0.015508351847529411,0.9918289184570312,496,160
67,2233,8,0.5166383385658264,0.29753467440605164,-0.09085781127214432,0.9957536458969116,495,160
67,2233,9,0.5253603458404541,0.31683671474456787,-0.04529371112585068,0.9897682070732117,504,171
67,2233,10,0.5248895883560181,0.31620338559150696,-0.06799309700727463,0.9943864941596985,503,170
67,2233,11,0.5095239877700806,0.35715463757514954,0.048755984753370285,0.9993896484375,489,192
67,2233,12,0.4985986351966858,0.35837626457214355,-0.1261119693517685,0.9999440908432007,478,193
67,2233,13,0.49851322174072266,0.451378732919693,0.08277260512113571,0.12935751676559448,478,243
67,2233,14,0.48731157183647156,0.45269453525543213,-0.14032968878746033,0.9912296533584595,467,244
67,2233,15,0.5076682567596436,0.5198243260383606,0.05602218955755234,0.21142834424972534,487,280
67,2233,16,0.5181137323379517,0.525843620300293,-0.13300961256027222,0.98484206199646,497,283
67,2233,17,0.5095877051353455,0.540690004825592,0.05425655096769333,0.255979984998703,489,291
67,2233,18,0.5229001641273499,0.5507209897041321,-0.15019436180591583,0.9750733971595764,501,297
67,2233,19,0.5121715664863586,0.5379074215888977,0.03773324936628342,0.25817209482192993,491,290
67,2233,20,0.5287468433380127,0.5464485883712769,-0.1479591727256775,0.9743356704711914,507,295
67,2233,21,0.5128873586654663,0.5344253182411194,0.04871581122279167,0.22806939482688904,492,288
67,2233,22,0.5271661281585693,0.5376463532447815,-0.13155606389045715,0.9485575556755066,506,290
67,2233,23,0.5076920390129089,0.5344261527061462,0.05375421792268753,0.9985010027885437,487,288
67,2233,24,0.4995213449001312,0.5370740294456482,-0.053876522928476334,0.9985429048538208,479,290
67,2233,25,0.5141097903251648,0.6496885418891907,0.08418205380439758,0.42589566111564636,493,350
67,2233,26,0.5103476047515869,0.6590508222579956,-0.026289688423275948,0.8875256180763245,489,355
67,2233,27,0.4975236654281616,0.7611911296844482,0.12378651648759842,0.7674931883811951,477,411
67,2233,28,0.4695739448070526,0.7678042054176331,0.032909054309129715,0.9408797025680542,450,414
67,2233,29,0.48799216747283936,0.7820706367492676,0.12350895255804062,0.8082155585289001,468,422
67,2233,30,0.4530133008956909,0.7730991244316101,0.03918742761015892,0.8443223237991333,434,417
67,2233,31,0.5270016193389893,0.7994101047515869,0.07983671128749847,0.807747483253479,505,431
67,2233,32,0.4748733937740326,0.8078498840332031,-0.01294775027781725,0.9099822640419006,455,436
68,2266,0,0.5443020462989807,0.30170607566833496,-0.05793453007936478,0.992851197719574,522,162
68,2266,1,0.5420302748680115,0.29033535718917847,-0.0506892129778862,0.9877429008483887,520,156
68,2266,2,0.5409567356109619,0.28995320200920105,-0.05084492266178131,0.9850754141807556,519,156
68,2266,3,0.5395510792732239,0.2894750237464905,-0.050812024623155594,0.988831102848053,517,156
68,2266,4,0.5422872304916382,0.290691077709198,-0.06926920264959335,0.9931740164756775,520,156
68,2266,5,0.5412343740463257,0.29052019119262695,-0.06946534663438797,0.995120644569397,519,156
68,2266,6,0.5408362150192261,0.2901439070701599,-0.06956703215837479,0.9967405796051025,519,156
68,2266,7,0.5310906767845154,0.29216325283050537,-0.010472090914845467,0.9914427995681763,509,157
68,2266,8,0.533896803855896,0.2924651503562927,-0.09460770338773727,0.9953892827033997,512,157
68,2266,9,0.5390118360519409,0.31416988372802734,-0.039200298488140106,0.9894518256187439,517,169
68,2266,10,0.5389263033866882,0.3135783076286316,-0.06460927426815033,0.9942068457603455,517,169
68,2266,11,0.517666757106781,0.35593342781066895,0.05384495109319687,0.9993953108787537,496,192
68,2266,12,0.5120818018913269,0.3556731939315796,-0.13150759041309357,0.9999438524246216,491,192
68,2266,13,0.5100015997886658,0.45034903287887573,0.08662067353725433,0.1180359423160553,489,243
68,2266,14,0.5029575228691101,0.449704647064209,-0.15719164907932281,0.9906522035598755,482,242
68,2266,15,0.5189759731292725,0.5215206146240234,0.04901258274912834,0.1915060132741928,498,281
68,2266,16,0.5231047868728638,0.5274112820625305,-0.14693409204483032,0.9793700575828552,502,284
68,2266,17,0.5215070247650146,0.5452927947044373,0.046159692108631134,0.2323584258556366,500,294
68,2266,18,0.5236672759056091,0.5558063387870789,-0.16607071459293365,0.9643065333366394,502,300
68,2266,19,0.5252155661582947,0.5444627404212952,0.027106864377856255,0.23444588482379913,504,294
68,2266,20,0.5305858254432678,0.5540395379066467,-0.17093099653720856,0.9634132981300354,509,299
68,2266,21,0.5258352756500244,0.5358361601829529,0.04022441431879997,0.20719271898269653,504,289
68,2266,22,0.5310177803039551,0.5443710088729858,-0.14933043718338013,0.9304579496383667,509,293
68,2266,23,0.5139392018318176,0.5340102314949036,0.05685369297862053,0.9986297488212585,493,288
68,2266,24,0.5070174336433411,0.5359694361686707,-0.05695449933409691,0.9986791610717773,486,289
68,2266,25,0.5269900560379028,0.6458488702774048,0.09558410197496414,0.388173371553421,505,348
68,2266,26,0.5173396468162537,0.6551730036735535,-0.025405429303646088,0.8413366079330444,496,353
68,2266,27,0.5023308992385864,0.7579742670059204,0.15508005023002625,0.7020070552825928,482,409
68,2266,28,0.49744337797164917,0.7668075561523438,0.028872516006231308,0.9081777930259705,477,414
68,2266,29,0.49264052510261536,0.7814279198646545,0.15725374221801758,0.7449593544006348,472,421
68,2266,30,0.4862143397331238,0.788044810295105,0.03330078348517418,0.7930874228477478,466,425
68,2266,31,0.5224379301071167,0.7880973815917969,0.11764701455831528,0.7448312044143677,501,425
68,2266,32,0.526591420173645,0.8069264888763428,-0.02081894315779209,0.8685702085494995,505,435
69,2300,0,0.5452489852905273,0.30060529708862305,-0.055085137486457825,0.9929022192955017,523,162
69,2300,1,0.5421778559684753,0.2894113063812256,-0.04785989224910736,0.9877759218215942,520,156
69,2300,2,0.5412247180938721,0.28904956579208374,-0.04802035540342331,0.9850727319717407,519,156
69,2300,3,0.5403202176094055,0.2886263132095337,-0.04799061268568039,0.9889601469039917,518,155
69,2300,4,0.5421549677848816,0.2897453308105469,-0.06658344715833664,0.9931992888450623,520,156
69,2300,5,0.5412795543670654,0.28957557678222656,-0.06677475571632385,0.9951300621032715,519,156
69,2300,6,0.5406001210212708,0.2892081141471863,-0.06686639040708542,0.9967807531356812,518,156
69,2300,7,0.5300599932670593,0.2910860478878021,-0.007747251074761152,0.9914634823799133,508,157
69,2300,8,0.531196653842926,0.2911164164543152,-0.09236831218004227,0.9952526688575745,509,157
69,2300,9,0.539834201335907,0.31347957253456116,-0.03630845248699188,0.9895485043525696,518,169
69,2300,10,0.539875864982605,0.3125884532928467,-0.061925776302814484,0.9942583441734314,518,168
69,2300,11,0.5195143818855286,0.35529112815856934,0.05456097051501274,0.9994135499000549,498,191
69,2300,12,0.5121755003929138,0.3541457951068878,-0.1286911517381668,0.9999447464942932,491,191
69,2300,13,0.5126063227653503,0.4509127140045166,0.08747691661119461,0.10771956294775009,492,243
69,2300,14,0.5033017992973328,0.44928523898124695,-0.15708576142787933,0.9900800585746765,483,242
69,2300,15,0.5219572186470032,0.5212674736976624,0.050989147275686264,0.17334243655204773,501,281
69,2300,16,0.5244705677032471,0.5286893248558044,-0.15090812742710114,0.9762058258056641,503,285
69,2300,17,0.5233549475669861,0.5472273230552673,0.04826493561267853,0.21075686812400818,502,295
69,2300,18,0.5253727436065674,0.5589321255683899,-0.17068332433700562,0.958589494228363,504,301
69,2300,19,0.5271652340888977,0.547454297542572,0.02914469502866268,0.2127203345298767,506,295
69,2300,20,0.5323768258094788,0.5571870803833008,-0.1710958033800125,0.9575355648994446,511,300
69,2300,21,0.5275735259056091,0.5365985631942749,0.04220036044716835,0.18808703124523163,506,289
69,2300,22,0.5326594114303589,0.5480359792709351,-0.1511242687702179,0.9202194809913635,511,295
69,2300,23,0.5183516144752502,0.5341432094573975,0.057016678154468536,0.9987503886222839,497,288
69,2300,24,0.510924220085144,0.5368707180023193,-0.05712069198489189,0.9988042712211609,490,289
69,2300,25,0.5354464650154114,0.644555389881134,0.09318796545267105,0.3553141951560974,514,348
69,2300,26,0.5166609287261963,0.6552306413650513,-0.016418246552348137,0.795636773109436,495,353
69,2300,27,0.5032329559326172,0.7574114799499512,0.14842358231544495,0.6431475877761841,483,409
69,2300,28,0.4987740218639374,0.7689759135246277,0.03401292487978935,0.879790186882019,478,415
69,2300,29,0.4920598864555359,0.7810394763946533,0.15054179728031158,0.6881579160690308,472,421
69,2300,30,0.4873906970024109,0.7942836880683899,0.03668788820505142,0.7495995163917542,467,428
69,2300,31,0.5220382213592529,0.7845087051391602,0.11193370074033737,0.6892350316047668,501,423
69,2300,32,0.5300818085670471,0.8056460618972778,-0.01964491419494152,0.832980215549469,508,435
70,2333,0,0.5594193339347839,0.300704687833786,-0.06975244730710983,0.9926614761352539,537,162
70,2333,1,0.5578026175498962,0.2894364297389984,-0.06211020052433014,0.9869934320449829,535,156
70,2333,2,0.5571734309196472,0.2890247702598572,-0.06226159259676933,0.9841846227645874,534,156
70,2333,3,0.5567001104354858,0.28856271505355835,-0.06223161891102791,0.9883629679679871,534,155
70,2333,4,0.5569648146629333,0.28976452350616455,-0.08160890638828278,0.9927957057952881,534,156
70,2333,5,0.5558145642280579,0.28953394293785095,-0.0818089172244072,0.9948354959487915,533,156
70,2333,6,0.5548299551010132,0.28911152482032776,-0.08193208277225494,0.9965912699699402,532,156
70,2333,7,0.5476005673408508,0.29057884216308594,-0.01830768957734108,0.9911039471626282,525,156
70,2333,8,0.5461409091949463,0.29084914922714233,-0.10676313191652298,0.9950065612792969,524,157
70,2333,9,0.5550063848495483,0.31318703293800354,-0.04926210269331932,0.988907516002655,532,169
70,2333,10,0.5534733533859253,0.3123166263103485,-0.07599448412656784,0.9938658475875854,531,168
70,2333,11,0.5327401757240295,0.35170724987983704,0.0513974092900753,0.9993992447853088,511,189
70,2333,12,0.5251803398132324,0.3518679440021515,-0.13926784694194794,0.99993896484375,504,190
70,2333,13,0.5256715416908264,0.4503961503505707,0.08199893683195114,0.09821749478578568,504,243
70,2333,14,0.5116916298866272,0.4490988850593567,-0.16994714736938477,0.9893355965614319,491,242
70,2333,15,0.533892035484314,0.5211225152015686,0.04418584331870079,0.15684351325035095,512,281
70,2333,16,0.5307618975639343,0.5316254496574402,-0.1608293503522873,0.9647136330604553,509,287
70,2333,17,0.5341328382492065,0.5508580207824707,0.04194371774792671,0.19113896787166595,512,297
70,2333,18,0.5303659439086914,0.5602031350135803,-0.17955374717712402,0.938275933265686,509,302
70,2333,19,0.5381831526756287,0.5464401245117188,0.024553604423999786,0.192934051156044,516,295
70,2333,20,0.5392645597457886,0.558512806892395,-0.17927151918411255,0.9363906383514404,517,301
70,2333,21,0.539474606513977,0.5372053384780884,0.036118585616350174,0.17066840827465057,517,290
70,2333,22,0.5395573377609253,0.547033429145813,-0.16033220291137695,0.8898227214813232,517,295
70,2333,23,0.5315365791320801,0.5316051244735718,0.05885748565196991,0.9988669753074646,510,287
70,2333,24,0.5304732322692871,0.5366104245185852,-0.05896372348070145,0.9989200234413147,509,289
70,2333,25,0.5247042775154114,0.6476882100105286,0.1209525316953659,0.35571742057800293,503,349
70,2333,26,0.5468448996543884,0.654224693775177,-0.03620240464806557,0.8053789734840393,524,353
70,2333,27,0.5046989917755127,0.7599300742149353,0.18928450345993042,0.6570130586624146,484,410
70,2333,28,0.5255674719810486,0.7642641663551331,0.03146582841873169,0.8862031102180481,504,412
70,2333,29,0.4980420172214508,0.7812274098396301,0.19267450273036957,0.6956698298454285,478,421
70,2333,30,0.5117961764335632,0.7928292155265808,0.035792045295238495,0.7504042983055115,491,428
70,2333,31,0.5225745439529419,0.7822961807250977,0.15700238943099976,0.699678897857666,501,422
70,2333,32,0.5465466380119324,0.8014597296714783,-0.014062992297112942,0.8383535146713257,524,432
71,2366,0,0.5607239007949829,0.30044975876808167,-0.06125093996524811,0.9927045106887817,538,162
71,2366,1,0.5580098628997803,0.28893086314201355,-0.05377786234021187,0.9867876768112183,535,156
71,2366,2,0.557320773601532,0.2885461747646332,-0.05393042415380478,0.9841194748878479,535,155
71,2366,3,0.5567377805709839,0.2881411015987396,-0.05389917269349098,0.9884020090103149,534,155
71,2366,4,0.5575359463691711,0.2891979515552521,-0.07274752110242844,0.9925767183303833,535,156
71,2366,5,0.5565714240074158,0.2889595627784729,-0.07294534891843796,0.9946876764297485,534,156
71,2366,6,0.5557641386985779,0.2885470986366272,-0.07305566966533661,0.9964497089385986,533,155
71,2366,7,0.5469611287117004,0.29047948122024536,-0.013151371851563454,0.99118572473526,525,156
71,2366,8,0.5463821887969971,0.29067572951316833,-0.10064167529344559,0.9947165846824646,524,156
71,2366,9,0.5557987093925476,0.31314900517463684,-0.04200020059943199,0.9886615872383118,533,169
71,2366,10,0.5553213953971863,0.3122742176055908,-0.06788351386785507,0.9935907125473022,533,168
71,2366,11,0.533047080039978,0.35040754079818726,0.052859071642160416,0.9994128942489624,511,189
71,2366,12,0.5265576839447021,0.3502081036567688,-0.1344604194164276,0.9999357461929321,505,189
71,2366,13,0.5251843333244324,0.4500536322593689,0.08189663290977478,0.09000549465417862,504,243
71,2366,14,0.5138680338859558,0.4475821852684021,-0.16715921461582184,0.9890579581260681,493,241
71,2366,15,0.5358640551567078,0.5237811207771301,0.04776569828391075,0.14218555390834808,514,282
71,2366,16,0.5326749086380005,0.5327563881874084,-0.15903402864933014,0.9558910131454468,511,287
71,2366,17,0.5365432500839233,0.5497155785560608,0.04557038098573685,0.17364919185638428,515,296
71,2366,18,0.5321958065032959,0.5631861090660095,-0.1762831211090088,0.9231016635894775,510,304
71,2366,19,0.5421741604804993,0.5483245253562927,0.02837458997964859,0.17532482743263245,520,296
71,2366,20,0.540164589881897,0.5604120492935181,-0.17685681581497192,0.9212833046913147,518,302
71,2366,21,0.5430999398231506,0.5404400825500488,0.03982290253043175,0.1551714688539505,521,291
71,2366,22,0.5407012701034546,0.5481146574020386,-0.15894807875156403,0.8680620193481445,519,295
71,2366,23,0.5336236953735352,0.5309380888938904,0.058849941939115524,0.9989677667617798,512,286
71,2366,24,0.5334644317626953,0.5356923937797546,-0.058960121124982834,0.9990218281745911,512,289
71,2366,25,0.5226753354072571,0.6485569477081299,0.10162273049354553,0.3382706046104431,501,350
71,2366,26,0.5567018985748291,0.6523090600967407,-0.0385347455739975,0.7970563769340515,534,352
71,2366,27,0.5049707889556885,0.7647579312324524,0.13647578656673431,0.6445469856262207,484,412
71,2366,28,0.5315912365913391,0.7638355493545532,0.0065026599913835526,0.8853373527526855,510,412
71,2366,29,0.49542245268821716,0.7846914529800415,0.13656844198703766,0.6898345947265625,475,423
71,2366,30,0.5190775990486145,0.7882727980613708,0.00866762362420559,0.7434743642807007,498,425
71,2366,31,0.5192444324493408,0.7833369374275208,0.10286914557218552,0.6925576329231262,498,423
71,2366,32,0.5591250061988831,0.800532877445221,-0.03524067625403404,0.8350605368614197,536,432
72,2400,0,0.5737885236740112,0.30049434304237366,-0.05848776176571846,0.9925144910812378,550,162
72,2400,1,0.5719879269599915,0.28848567605018616,-0.05140187218785286,0.9864945411682129,549,155
72,2400,2,0.5710590481758118,0.288064181804657,-0.05155142396688461,0.9837079048156738,548,155
72,2400,3,0.5702373385429382,0.28763502836227417,-0.05151720717549324,0.9880740642547607,547,155
72,2400,4,0.571853756904602,0.2888241112232208,-0.07004979997873306,0.9924613237380981,548,155
72,2400,5,0.5709804892539978,0.28851747512817383,-0.07025127857923508,0.9946027398109436,548,155
72,2400,6,0.5702304244041443,0.288128525018692,-0.07036292552947998,0.996434211730957,547,155
72,2400,7,0.5617566704750061,0.2905634641647339,-0.011582919396460056,0.9906978011131287,539,156
72,2400,8,0.5615178942680359,0.29075899720191956,-0.09696312248706818,0.9946262836456299,539,157
72,2400,9,0.5690075159072876,0.31317129731178284,-0.03948017582297325,0.9880188703536987,546,169
72,2400,10,0.5681858658790588,0.31232091784477234,-0.065011166036129,0.9932687878608704,545,168
72,2400,11,0.5461061000823975,0.3507138192653656,0.053811632096767426,0.9993242025375366,524,189
72,2400,12,0.5418244004249573,0.35075944662094116,-0.13205495476722717,0.9999317526817322,520,189
72,2400,13,0.5395154356956482,0.45115578174591064,0.08134918659925461,0.08214321732521057,517,243
72,2400,14,0.5249768495559692,0.44676074385643005,-0.1641572117805481,0.9887175559997559,503,241
72,2400,15,0.5479145050048828,0.5232557654380798,0.04548095166683197,0.12845739722251892,525,282
72,2400,16,0.5377175807952881,0.531174898147583,-0.15913894772529602,0.9538992643356323,516,286
72,2400,17,0.5497926473617554,0.5497702360153198,0.043664831668138504,0.15722185373306274,527,296
72,2400,18,0.5348082184791565,0.5611659288406372,-0.1766069233417511,0.9191805720329285,513,303
72,2400,19,0.5515758395195007,0.5474770665168762,0.025589225813746452,0.15875539183616638,529,295
72,2400,20,0.5440915822982788,0.5596158504486084,-0.17701929807662964,0.9172071218490601,522,302
72,2400,21,0.5522451400756836,0.5394495725631714,0.03716094046831131,0.14058077335357666,530,291
72,2400,22,0.5450043082237244,0.5482022762298584,-0.15913298726081848,0.8622087836265564,523,296
72,2400,23,0.5403869152069092,0.5310694575309753,0.05823291093111038,0.9990593791007996,518,286
72,2400,24,0.5460212826728821,0.5356927514076233,-0.05836135521531105,0.9991154670715332,524,289
72,2400,25,0.5210095643997192,0.6509850025177002,0.10126398503780365,0.33653026819229126,500,351
72,2400,26,0.5694884657859802,0.6525370478630066,-0.029680674895644188,0.7967553734779358,546,352
72,2400,27,0.5045093894004822,0.7644248604774475,0.13122741878032684,0.6543850302696228,484,412
72,2400,28,0.5701236724853516,0.7687349319458008,0.010449502617120743,0.8908498287200928,547,415
72,2400,29,0.4943448007106781,0.7842103838920593,0.13084657490253448,0.6992788910865784,474,423
72,2400,30,0.562017560005188,0.7944017648696899,0.013513804413378239,0.7531862854957581,539,428
72,2400,31,0.522392988204956,0.7842345833778381,0.09403922408819199,0.7001302242279053,501,423
72,2400,32,0.603855550289154,0.7999817132949829,-0.032390665262937546,0.8391552567481995,579,431
73,2433,0,0.5745400190353394,0.2993309199810028,-0.06490720063447952,0.992599606513977,551,161
73,2433,1,0.5714637637138367,0.2877905070781708,-0.05782495439052582,0.9868029952049255,548,155
73,2433,2,0.5707743763923645,0.2874646782875061,-0.05798015370965004,0.9840307831764221,547,155
73,2433,3,0.5702110528945923,0.28714892268180847,-0.057947900146245956,0.9883838891983032,547,155
73,2433,4,0.571100115776062,0.28820690512657166,-0.0749758929014206,0.9925904870033264,548,155
73,2433,5,0.5701667070388794,0.2880449891090393,-0.07517608255147934,0.9946417212486267,547,155
73,2433,6,0.5693339705467224,0.2877626121044159,-0.07528440654277802,0.9964854121208191,546,155
73,2433,7,0.5611536502838135,0.2906237840652466,-0.01779256947338581,0.9908092617988586,538,156
73,2433,8,0.5603190064430237,0.29089975357055664,-0.09626931697130203,0.9945578575134277,537,157
73,2433,9,0.5697308778762817,0.3127351701259613,-0.04592018574476242,0.9878840446472168,546,168
73,2433,10,0.5692991614341736,0.3118927776813507,-0.06945409625768661,0.9930999279022217,546,168
73,2433,11,0.5506194829940796,0.35094988346099854,0.046322982758283615,0.999252200126648,528,189
73,2433,12,0.5428855419158936,0.35100057721138,-0.12865695357322693,0.9999240636825562,521,189
73,2433,13,0.5380905270576477,0.4491688907146454,0.07084788382053375,0.0746263861656189,516,242
73,2433,14,0.5251291394233704,0.44574594497680664,-0.15965913236141205,0.9877051115036011,504,240
73,2433,15,0.546863317489624,0.5230050683021545,0.037803661078214645,0.11596409231424332,524,282
73,2433,16,0.5394131541252136,0.5309372544288635,-0.15591201186180115,0.9435385465621948,517,286
73,2433,17,0.548816978931427,0.5491085648536682,0.035752374678850174,0.14218293130397797,526,296
73,2433,18,0.5373035073280334,0.561893105506897,-0.17257991433143616,0.9021874070167542,515,303
73,2433,19,0.5498365759849548,0.5457519888877869,0.018859099596738815,0.14357174932956696,527,294
73,2433,20,0.5463914275169373,0.5603353977203369,-0.17310868203639984,0.8994267582893372,524,302
73,2433,21,0.5507921576499939,0.5393754243850708,0.030083976686000824,0.12718529999256134,528,291
73,2433,22,0.546827495098114,0.5487267374992371,-0.15596571564674377,0.8391149044036865,524,296
73,2433,23,0.5438608527183533,0.5312724113464355,0.055582690984010696,0.9991451501846313,522,286
73,2433,24,0.5468835234642029,0.535706102848053,-0.05573192611336708,0.999200701713562,525,289
73,2433,25,0.5243575572967529,0.6508960127830505,0.10036445409059525,0.3317904472351074,503,351
73,2433,26,0.5691344738006592,0.651713490486145,-0.015497705899178982,0.7915695309638977,546,351
73,2433,27,0.5042884945869446,0.7639992237091064,0.13025502860546112,0.6635400652885437,484,412
73,2433,28,0.5724284052848816,0.7692080736160278,0.018543027341365814,0.8960142135620117,549,415
73,2433,29,0.49281466007232666,0.7839729189872742,0.12976938486099243,0.7074075937271118,473,423
73,2433,30,0.5653939843177795,0.7950555682182312,0.01919471099972725,0.763221025466919,542,429
73,2433,31,0.5233944654464722,0.7852861881256104,0.0930536687374115,0.7057526111602783,502,424
73,2433,32,0.6064521670341492,0.7990063428878784,-0.03178056702017784,0.8431826829910278,582,431
74,2466,0,0.5856565833091736,0.2998804450035095,-0.08470728993415833,0.9933252930641174,562,161
74,2466,1,0.5832639932632446,0.28848540782928467,-0.07500484585762024,0.9881001710891724,559,155
74,2466,2,0.5827484130859375,0.28804996609687805,-0.07516142725944519,0.9855987429618835,559,155
74,2466,3,0.5824921727180481,0.28768065571784973,-0.07512078434228897,0.9895236492156982,559,155
74,2466,4,0.5823903679847717,0.28917068243026733,-0.09332014620304108,0.9933211803436279,559,156
74,2466,5,0.5814754366874695,0.2891456186771393,-0.09352134168148041,0.995169997215271,558,156
74,2466,6,0.5807352662086487,0.2890179753303528,-0.09361594170331955,0.9968318343162537,557,156
74,2466,7,0.5750492215156555,0.29215556383132935,-0.024498287588357925,0.9917073249816895,552,157
74,2466,8,0.573176920413971,0.2937600016593933,-0.1066533550620079,0.9950920939445496,550,158
74,2466,9,0.5818082094192505,0.3128686249256134,-0.06231717765331268,0.9890691041946411,558,168
74,2466,10,0.5805846452713013,0.31231197714805603,-0.08724509924650192,0.9937753081321716,557,168
74,2466,11,0.5652267336845398,0.3556475341320038,0.04886436462402344,0.9992892742156982,542,192
74,2466,12,0.5566915273666382,0.35748541355133057,-0.1376475691795349,0.9999296069145203,534,193
74,2466,13,0.5675173997879028,0.45527389645576477,0.07599698752164841,0.07567624747753143,544,245
74,2466,14,0.5343726873397827,0.4511735141277313,-0.17042705416679382,0.9887579679489136,512,243
74,2466,15,0.5956657528877258,0.5058348178863525,0.025346172973513603,0.12183167040348053,571,273
74,2466,16,0.549930989742279,0.5333859324455261,-0.18152686953544617,0.9489519596099854,527,288
74,2466,17,0.6054171919822693,0.5256761908531189,0.021490339189767838,0.1536732017993927,581,283
74,2466,18,0.5469602942466736,0.5644513368606567,-0.20242562890052795,0.9114527106285095,525,304
74,2466,19,0.608505368232727,0.5227357745170593,-0.0005342864315025508,0.15711823105812073,584,282
74,2466,20,0.5563827753067017,0.5615760087966919,-0.2049604207277298,0.908966064453125,534,303
74,2466,21,0.6035670042037964,0.5173614621162415,0.014690767973661423,0.1419040411710739,579,279
74,2466,22,0.5577495694160461,0.5510900020599365,-0.1825297772884369,0.8542010188102722,535,297
74,2466,23,0.5532139539718628,0.5348128080368042,0.057144951075315475,0.9992250800132751,531,288
74,2466,24,0.5554373264312744,0.5375322103500366,-0.05728815495967865,0.9992786049842834,533,290
74,2466,25,0.5254396200180054,0.6516591906547546,0.1109221950173378,0.3658899664878845,504,351
74,2466,26,0.5854394435882568,0.6502008438110352,-0.014611809514462948,0.8074039816856384,562,351
74,2466,27,0.504886269569397,0.7613168954849243,0.14831215143203735,0.6872825026512146,484,411
74,2466,28,0.6009640097618103,0.7632311582565308,0.02838304080069065,0.9048029184341431,576,412
74,2466,29,0.49325260519981384,0.7832804918289185,0.14871391654014587,0.729931652545929,473,422
74,2466,30,0.5981214046478271,0.789737343788147,0.030152248218655586,0.7832819819450378,574,426
74,2466,31,0.5245524644851685,0.7854981422424316,0.11464110016822815,0.7263677716255188,503,424
74,2466,32,0.6327430009841919,0.7838248014450073,-0.015924695879220963,0.8553537130355835,607,423
75,2500,0,0.5863693952560425,0.3019891083240509,-0.08890434354543686,0.9939753413200378,562,163
75,2500,1,0.5837873220443726,0.2911125123500824,-0.07928412407636642,0.9892606139183044,560,157
75,2500,2,0.5834417939186096,0.2907775640487671,-0.07943835109472275,0.9870018362998962,560,157
75,2500,3,0.5833451151847839,0.2905076742172241,-0.07940878719091415,0.9905434846878052,560,156
75,2500,4,0.5824338793754578,0.29171881079673767,-0.09669777750968933,0.9939756989479065,559,157
75,2500,5,0.5809462070465088,0.2917425334453583,-0.09690356999635696,0.9956432580947876,557,157
75,2500,6,0.5798175930976868,0.2916952967643738,-0.09699861705303192,0.9971418976783752,556,157
75,2500,7,0.5756385326385498,0.2943379580974579,-0.028246833011507988,0.9925132989883423,552,158
75,2500,8,0.5716848969459534,0.29608991742134094,-0.10685181617736816,0.9955706596374512,548,159
75,2500,9,0.5830215811729431,0.31417155265808105,-0.06655772030353546,0.9901294112205505,559,169
75,2500,10,0.5811856985092163,0.3139231204986572,-0.09027799218893051,0.994379460811615,557,169
75,2500,11,0.5686488747596741,0.3589000403881073,0.048993490636348724,0.9993164539337158,545,193
75,2500,12,0.5576390624046326,0.3600243031978607,-0.13765619695186615,0.9999341368675232,535,194
75,2500,13,0.5711689591407776,0.4549950063228607,0.0779746025800705,0.07648862153291702,548,245
75,2500,14,0.5342057347297668,0.4510769844055176,-0.17130473256111145,0.9896668791770935,512,243
75,2500,15,0.6037768125534058,0.505297839641571,0.030174681916832924,0.12465519458055496,579,272
75,2500,16,0.5496472716331482,0.5364111661911011,-0.18309439718723297,0.9537650346755981,527,289
75,2500,17,0.609843373298645,0.5185772180557251,0.026728983968496323,0.1617470532655716,585,280
75,2500,18,0.5485952496528625,0.5656996965408325,-0.20370808243751526,0.9196968078613281,526,305
75,2500,19,0.6138306856155396,0.5161638855934143,0.005004365928471088,0.1669142246246338,589,278
75,2500,20,0.5570065379142761,0.5629474520683289,-0.20549950003623962,0.9174551367759705,534,303
75,2500,21,0.6089054942131042,0.5115438103675842,0.019676582887768745,0.15349136292934418,584,276
75,2500,22,0.5583436489105225,0.5527634024620056,-0.1837499886751175,0.8676601648330688,536,298
75,2500,23,0.5564586520195007,0.5350342392921448,0.05719988793134689,0.9992976188659668,534,288
75,2500,24,0.5591230988502502,0.5378838181495667,-0.05734248831868172,0.9993488788604736,536,290
75,2500,25,0.5288482308387756,0.6516702771186829,0.10962887108325958,0.39933744072914124,507,351
75,2500,26,0.587018609046936,0.6481946110725403,-0.017313262447714806,0.8218123316764832,563,350
75,2500,27,0.5041022896766663,0.7605908513069153,0.14078490436077118,0.7097584009170532,483,410
75,2500,28,0.6041592955589294,0.7594146132469177,0.0273894052952528,0.912813127040863,579,410
75,2500,29,0.4937542676925659,0.7822133302688599,0.14094911515712738,0.7504310607910156,474,422
75,2500,30,0.6019063591957092,0.785929262638092,0.029705850407481194,0.8016391396522522,577,424
75,2500,31,0.5225514769554138,0.7857263684272766,0.10963301360607147,0.7455636858940125,501,424
75,2500,32,0.6358707547187805,0.7811916470527649,-0.015627356246113777,0.8665615916252136,610,421
76,2533,0,0.6020616888999939,0.3085445165634155,-0.08852247148752213,0.9945273995399475,577,166
76,2533,1,0.6003646850585938,0.2974909245967865,-0.07619348168373108,0.990253746509552,576,160
76,2533,2,0.5993611216545105,0.2970324754714966,-0.07637046277523041,0.9882093071937561,575,160
76,2533,3,0.5984820127487183,0.2966572344303131,-0.07628820836544037,0.9914324879646301,574,160
76,2533,4,0.600504994392395,0.29809367656707764,-0.09080477058887482,0.9945330023765564,576,160
76,2533,5,0.5997680425643921,0.29810333251953125,-0.09101894497871399,0.9960423111915588,575,160
76,2533,6,0.5992178320884705,0.29805219173431396,-0.09114726632833481,0.9974027276039124,575,160
76,2533,7,0.5900810956954956,0.3002620339393616,-0.023523064330220222,0.9932224750518799,566,162
76,2533,8,0.5920573472976685,0.3023402988910675,-0.10580401122570038,0.9959609508514404,568,163
76,2533,9,0.5977295637130737,0.3200209140777588,-0.06242764741182327,0.9910596609115601,573,172
76,2533,10,0.5972219705581665,0.31987929344177246,-0.08377765119075775,0.9948973059654236,573,172
76,2533,11,0.5791943073272705,0.3639465868473053,0.05000900477170944,0.9993607997894287,556,196
76,2533,12,0.5734720230102539,0.3669168949127197,-0.13725164532661438,0.9999346733093262,550,198
76,2533,13,0.588384211063385,0.45442140102386475,0.08214643597602844,0.07777351886034012,564,245
76,2533,14,0.5457504391670227,0.45200788974761963,-0.17078565061092377,0.9894497990608215,523,244
76,2533,15,0.6273316740989685,0.4915808141231537,0.035120684653520584,0.12166250497102737,602,265
76,2533,16,0.5644686222076416,0.5358160138130188,-0.1771451085805893,0.9507917165756226,541,289
76,2533,17,0.6370214223861694,0.5014846920967102,0.03097490407526493,0.15893961489200592,611,270
76,2533,18,0.5643354654312134,0.564125657081604,-0.1978306919336319,0.9146192669868469,541,304
76,2533,19,0.6401106119155884,0.4988999664783478,0.012701763771474361,0.16455920040607452,614,269
76,2533,20,0.5718327164649963,0.5611202716827393,-0.19741423428058624,0.9118227958679199,548,303
76,2533,21,0.6352069973945618,0.4959137439727783,0.026435209438204765,0.15284104645252228,609,267
76,2533,22,0.5714488625526428,0.5509871244430542,-0.17707541584968567,0.8597820997238159,548,297
76,2533,23,0.5617242455482483,0.5403296947479248,0.058732807636260986,0.9993655681610107,539,291
76,2533,24,0.5722770690917969,0.5419125556945801,-0.0588834285736084,0.9994126558303833,549,292
76,2533,25,0.5334135293960571,0.6526457071304321,0.12072805315256119,0.41980090737342834,512,352
76,2533,26,0.6024011969566345,0.6482663154602051,-0.01000354066491127,0.8330512046813965,578,350
76,2533,27,0.5071069598197937,0.759307324886322,0.16035056114196777,0.7238049507141113,486,410
76,2533,28,0.6290032863616943,0.7596940398216248,0.028651665896177292,0.9195029139518738,603,410
76,2533,29,0.49635615944862366,0.7784188389778137,0.1613902598619461,0.7671106457710266,476,420
76,2533,30,0.6287506222724915,0.7857312560081482,0.030464131385087967,0.8178437948226929,603,424
76,2533,31,0.5293399691581726,0.7861259579658508,0.136673703789711,0.7548603415489197,508,424
76,2533,32,0.6589270830154419,0.7687393426895142,-0.008214262314140797,0.8742221593856812,632,415
77,2566,0,0.6037615537643433,0.3109135627746582,-0.07965704798698425,0.9950496554374695,579,167
77,2566,1,0.6010730266571045,0.2997060716152191,-0.0691443532705307,0.9911845326423645,577,161
77,2566,2,0.600223183631897,0.2993546426296234,-0.06931162625551224,0.9893388748168945,576,161
77,2566,3,0.5995178818702698,0.29910996556282043,-0.0692463293671608,0.9922553896903992,575,161
77,2566,4,0.6011568307876587,0.30031082034111023,-0.08552536368370056,0.9950563907623291,577,162
77,2566,5,0.6004520654678345,0.30035483837127686,-0.0857328474521637,0.9964206218719482,576,162
77,2566,6,0.5998767614364624,0.3003195822238922,-0.0858524739742279,0.9976497888565063,575,162
77,2566,7,0.5906561017036438,0.3026498854160309,-0.021861469373106956,0.9938755631446838,567,163
77,2566,8,0.5918415188789368,0.3042476177215576,-0.10421944409608841,0.996339738368988,568,164
77,2566,9,0.5991672277450562,0.3227679431438446,-0.056123144924640656,0.9919125437736511,575,174
77,2566,10,0.5992223024368286,0.3228936195373535,-0.07930929958820343,0.9953799247741699,575,174
77,2566,11,0.5821733474731445,0.36694851517677307,0.05051799118518829,0.9993968605995178,558,198
77,2566,12,0.5741387009620667,0.36880216002464294,-0.13629168272018433,0.9999372959136963,551,199
77,2566,13,0.5912607312202454,0.4542686939239502,0.08076736330986023,0.08316566795110703,567,245
77,2566,14,0.5475925803184509,0.45147886872291565,-0.1713843196630478,0.9901612997055054,525,243
77,2566,15,0.6287819147109985,0.49008670449256897,0.03611103072762489,0.12769977748394012,603,264
77,2566,16,0.566260039806366,0.5352029800415039,-0.18026776611804962,0.9546207189559937,543,289
77,2566,17,0.6388523578643799,0.49965012073516846,0.03322306275367737,0.16805359721183777,613,269
77,2566,18,0.5655766129493713,0.5636293888092041,-0.20002470910549164,0.9209956526756287,542,304
77,2566,19,0.6415366530418396,0.4974980652332306,0.01304719503968954,0.1749686747789383,615,268
77,2566,20,0.5734983682632446,0.5609278082847595,-0.20035992562770844,0.9184138178825378,550,302
77,2566,21,0.6372097730636597,0.49536511301994324,0.026300666853785515,0.1649845540523529,611,267
77,2566,22,0.5744830965995789,0.5506026148796082,-0.18050618469715118,0.8699818253517151,551,297
77,2566,23,0.5668209195137024,0.5414968132972717,0.058607328683137894,0.9994254112243652,544,292
77,2566,24,0.5723917484283447,0.5429419279098511,-0.05876028165221214,0.9994696378707886,549,293
77,2566,25,0.5348929166793823,0.6526669859886169,0.11459057033061981,0.4403996765613556,513,352
77,2566,26,0.6043136119842529,0.6502292156219482,-0.007750034332275391,0.8433694243431091,580,351
77,2566,27,0.5083231329917908,0.7587894797325134,0.15380530059337616,0.7379021644592285,487,409
77,2566,28,0.628167986869812,0.7597808241844177,0.028456002473831177,0.9254884719848633,603,410
77,2566,29,0.49651291966438293,0.7766432166099548,0.15460385382175446,0.7835627198219299,476,419
77,2566,30,0.6258327960968018,0.7854875922203064,0.030199415981769562,0.8329548835754395,600,424
77,2566,31,0.5295031666755676,0.7888848781585693,0.1279286891222,0.7659305334091187,508,425
77,2566,32,0.6598545908927917,0.7680705785751343,-0.004430092871189117,0.8817561268806458,633,414
78,2600,0,0.621288537979126,0.310314416885376,-0.07266457378864288,0.9955009818077087,596,167
78,2600,1,0.6177991032600403,0.29951900243759155,-0.06289947777986526,0.9919884204864502,593,161
78,2600,2,0.6166732311248779,0.2992812693119049,-0.06304489821195602,0.9903162121772766,592,161
78,2600,3,0.6154594421386719,0.29910239577293396,-0.06301473081111908,0.9929761290550232,590,161
78,2600,4,0.6175515055656433,0.3001132607460022,-0.08353819698095322,0.9955126643180847,592,162
78,2600,5,0.6164608597755432,0.30028268694877625,-0.0837322250008583,0.9967486262321472,591,162
78,2600,6,0.6155378222465515,0.30035465955734253,-0.08382488042116165,0.997864305973053,590,162
78,2600,7,0.606519341468811,0.3027942478656769,-0.01914925128221512,0.9944536089897156,582,163
78,2600,8,0.6079288125038147,0.3041948080062866,-0.10552622377872467,0.9966652989387512,583,164
78,2600,9,0.6161122918128967,0.32264411449432373,-0.05154960975050926,0.9926719665527344,591,174
78,2600,10,0.6158239245414734,0.3228624761104584,-0.07861402630805969,0.9958051443099976,591,174
78,2600,11,0.5953413844108582,0.36931517720222473,0.056633591651916504,0.9994328618049622,571,199
78,2600,12,0.5872726440429688,0.3727739453315735,-0.1403830647468567,0.9999369382858276,563,201
78,2600,13,0.608964204788208,0.45152604579925537,0.09534762054681778,0.0857507660984993,584,243
78,2600,14,0.5623185038566589,0.4523831903934479,-0.17605169117450714,0.9901363849639893,539,244
78,2600,15,0.6478156447410583,0.47277745604515076,0.06007245555520058,0.12568654119968414,621,255
78,2600,16,0.5808671116828918,0.5348560214042664,-0.17720896005630493,0.9533582329750061,557,288
78,2600,17,0.6580431461334229,0.48284968733787537,0.06052742898464203,0.1657102406024933,631,260
78,2600,18,0.5790061354637146,0.5632438063621521,-0.19701381027698517,0.9184527397155762,555,304
78,2600,19,0.6605464220046997,0.47834569215774536,0.03980165347456932,0.17308524250984192,634,258
78,2600,20,0.5866318345069885,0.5607825517654419,-0.19666418433189392,0.9155313968658447,563,302
78,2600,21,0.6564299464225769,0.4749634265899658,0.050037968903779984,0.16478171944618225,630,256
78,2600,22,0.5877146124839783,0.5500757098197937,-0.17719058692455292,0.8655841946601868,564,297
78,2600,23,0.5756196975708008,0.5429241061210632,0.06122412532567978,0.9994813203811646,552,293
78,2600,24,0.5849922895431519,0.5440592765808105,-0.06138215959072113,0.9995217323303223,561,293
78,2600,25,0.543563187122345,0.6527979969978333,0.11832036077976227,0.4707392156124115,521,352
78,2600,26,0.6189931035041809,0.6510538458824158,-0.01070703100413084,0.8545358180999756,594,351
78,2600,27,0.5112885236740112,0.7528172135353088,0.15086685121059418,0.7562869191169739,490,406
78,2600,28,0.6475737690925598,0.7612523436546326,0.014546818099915981,0.9319038987159729,621,411
78,2600,29,0.4987872838973999,0.7674558162689209,0.1518251597881317,0.8003522753715515,478,414
78,2600,30,0.6441274285316467,0.7886175513267517,0.015148854814469814,0.8476521372795105,618,425
78,2600,31,0.5303926467895508,0.7905458211898804,0.12298551201820374,0.7807180881500244,509,426
78,2600,32,0.679139256477356,0.7652041912078857,-0.020276645198464394,0.890658974647522,651,413
79,2633,0,0.6214326024055481,0.31195729970932007,-0.07084976881742477,0.9959383606910706,596,168
79,2633,1,0.6181517243385315,0.3015851676464081,-0.06216860190033913,0.9927697777748108,593,162
79,2633,2,0.6172192096710205,0.30132797360420227,-0.06231648102402687,0.9912629723548889,592,162
79,2633,3,0.6163410544395447,0.3011225461959839,-0.062293894588947296,0.9936643242835999,591,162
79,2633,4,0.6179983615875244,0.302277535200119,-0.0821232870221138,0.9959507584571838,593,163
79,2633,5,0.6170973181724548,0.30243557691574097,-0.08231759071350098,0.9970654845237732,592,163
79,2633,6,0.6163198947906494,0.30249422788619995,-0.08240380138158798,0.9980717301368713,591,163
79,2633,7,0.6064050793647766,0.3045027554035187,-0.019774125888943672,0.9949986338615417,582,164
79,2633,8,0.6079556941986084,0.3059796690940857,-0.10687414556741714,0.9969861507415771,583,165
79,2633,9,0.6165512204170227,0.32407087087631226,-0.05068559572100639,0.9933872818946838,591,174
79,2633,10,0.6166449785232544,0.3244725167751312,-0.07731635123491287,0.9962112307548523,591,175
79,2633,11,0.5959725975990295,0.36985352635383606,0.05457594245672226,0.9994741678237915,572,199
79,2633,12,0.5895376801490784,0.37474876642227173,-0.13958078622817993,0.9999392032623291,565,202
79,2633,13,0.6094300150871277,0.4501688480377197,0.09217912703752518,0.10048054158687592,585,243
79,2633,14,0.5639129281044006,0.45262566208839417,-0.1739962249994278,0.9906893968582153,541,244
79,2633,15,0.6483573913574219,0.46980494260787964,0.05020499229431152,0.1432396024465561,622,253
79,2633,16,0.582648515701294,0.5346454977989197,-0.1769094318151474,0.956127405166626,559,288
79,2633,17,0.6593654155731201,0.47995543479919434,0.049552071839571,0.18692100048065186,632,259
79,2633,18,0.5820778012275696,0.5618739128112793,-0.19486026465892792,0.9230918884277344,558,303
79,2633,19,0.6620970368385315,0.47624093294143677,0.027931340038776398,0.19603277742862701,635,257
79,2633,20,0.5891516208648682,0.5603148937225342,-0.19633008539676666,0.9203402996063232,565,302
79,2633,21,0.6577160358428955,0.47317713499069214,0.039483942091464996,0.18934929370880127,631,255
79,2633,22,0.5900505781173706,0.5493203401565552,-0.1762426644563675,0.8731754422187805,566,296
79,2633,23,0.5796116590499878,0.5445072054862976,0.0610508993268013,0.9995317459106445,556,294
79,2633,24,0.5874853730201721,0.5463832020759583,-0.06120707094669342,0.9995687007904053,563,295
79,2633,25,0.5453025698661804,0.6525660157203674,0.11585137993097305,0.5082421898841858,523,352
79,2633,26,0.6211736798286438,0.6531715393066406,-0.011967875994741917,0.8670843839645386,596,352
79,2633,27,0.512029230594635,0.7511609792709351,0.15006926655769348,0.7753239870071411,491,405
79,2633,28,0.647275984287262,0.7628678679466248,0.010351395234465599,0.938127875328064,621,411
79,2633,29,0.49949368834495544,0.7643762230873108,0.15091152489185333,0.8170236349105835,479,412
79,2633,30,0.6442593932151794,0.7892475128173828,0.011082365177571774,0.8617613911628723,618,426
79,2633,31,0.5314464569091797,0.7913709282875061,0.12546271085739136,0.7968842387199402,510,427
79,2633,32,0.6804087162017822,0.7640777230262756,-0.023435121402144432,0.900014340877533,653,412
80,2666,0,0.6274464130401611,0.31594809889793396,-0.06201159581542015,0.9963311553001404,602,170
80,2666,1,0.6252945065498352,0.30506962537765503,-0.05407097563147545,0.9934690594673157,600,164
80,2666,2,0.6241642832756042,0.30476585030555725,-0.0542072094976902,0.9921092391014099,599,164
80,2666,3,0.6233804821968079,0.3046127259731293,-0.054198089987039566,0.9942814707756042,598,164
80,2666,4,0.6259706616401672,0.30550670623779297,-0.07327999919652939,0.9963449239730835,600,164
80,2666,5,0.6254673004150391,0.3054521083831787,-0.07347238808870316,0.9973506927490234,600,164
80,2666,6,0.6254060864448547,0.305318146944046,-0.07354743778705597,0.9982587695121765,600,164
80,2666,7,0.6159791350364685,0.30791354179382324,-0.014242167584598064,0.9954882264137268,591,166
80,2666,8,0.6206082701683044,0.30859237909317017,-0.10010698437690735,0.9972756505012512,595,166
80,2666,9,0.6231247186660767,0.3272057771682739,-0.0435551218688488,0.9940341114997864,598,176
80,2666,10,0.6233579516410828,0.32731467485427856,-0.06958487629890442,0.9965788722038269,598,176
80,2666,11,0.6084846258163452,0.3744978606700897,0.05901249498128891,0.999512255191803,584,202
80,2666,12,0.6001622676849365,0.37889769673347473,-0.1378510743379593,0.9999419450759888,576,204
80,2666,13,0.6294845938682556,0.44834303855895996,0.09927599132061005,0.12406343221664429,604,242
80,2666,14,0.5807486176490784,0.4593580365180969,-0.17326384782791138,0.9910078048706055,557,248
80,2666,15,0.6727314591407776,0.46683013439178467,0.0676015093922615,0.17122390866279602,645,252
80,2666,16,0.6004393100738525,0.5407294034957886,-0.181010901927948,0.9586113095283508,576,291
80,2666,17,0.6841913461685181,0.4706588387489319,0.06845571845769882,0.2153826802968979,656,254
80,2666,18,0.5994310975074768,0.5672153234481812,-0.20010676980018616,0.9273954033851624,575,306
80,2666,19,0.6867865920066833,0.4666682779788971,0.046748336404561996,0.22715680301189423,659,252
80,2666,20,0.607549786567688,0.5646018981933594,-0.20196732878684998,0.924798846244812,583,304
80,2666,21,0.6826511025428772,0.4661039113998413,0.057231009006500244,0.2219632863998413,655,251
80,2666,22,0.6085357666015625,0.5546392798423767,-0.1815708428621292,0.8799811601638794,584,299
80,2666,23,0.5912646055221558,0.5469123721122742,0.061150193214416504,0.9995765686035156,567,295
80,2666,24,0.5989418625831604,0.5504429340362549,-0.06130009517073631,0.9996106624603271,574,297
80,2666,25,0.5584667921066284,0.652810275554657,0.11731211096048355,0.530066967010498,536,352
80,2666,26,0.6374417543411255,0.6584318280220032,-0.03355751186609268,0.8777316808700562,611,355
80,2666,27,0.5171341300010681,0.7450722455978394,0.1518109142780304,0.7860884666442871,496,402
80,2666,28,0.6576054096221924,0.772531270980835,-0.007628569379448891,0.9434507489204407,631,417
80,2666,29,0.5042409896850586,0.7556443810462952,0.15254893898963928,0.8287656903266907,484,408
80,2666,30,0.6546258330345154,0.7992289066314697,-0.006688632536679506,0.8739454746246338,628,431
80,2666,31,0.5327505469322205,0.791151225566864,0.12595857679843903,0.8074411749839783,511,427
80,2666,32,0.6897821426391602,0.7659798860549927,-0.04599802568554878,0.9080102443695068,662,413
81,2700,0,0.630936861038208,0.31797370314598083,-0.058591146022081375,0.996685266494751,605,171
81,2700,1,0.6282718181610107,0.3069760501384735,-0.051356613636016846,0.9940987825393677,603,165
81,2700,2,0.6272546052932739,0.30653420090675354,-0.05149642378091812,0.9928733706474304,602,165
81,2700,3,0.6263800859451294,0.3062773644924164,-0.05149132013320923,0.9948369860649109,601,165
81,2700,4,0.6288111209869385,0.30752548575401306,-0.06997129321098328,0.9966990947723389,603,166
81,2700,5,0.628317654132843,0.30739930272102356,-0.07016877084970474,0.9976075887680054,603,165
81,2700,6,0.6280025243759155,0.3072141110897064,-0.07024043053388596,0.9984268546104431,602,165
81,2700,7,0.6172459125518799,0.30893921852111816,-0.013260286301374435,0.9959298968315125,592,166
81,2700,8,0.6206657290458679,0.3098326325416565,-0.09721209853887558,0.9975363612174988,595,167
81,2700,9,0.6262882947921753,0.32930994033813477,-0.04094618186354637,0.9946147799491882,601,177
81,2700,10,0.6267459392547607,0.32936540246009827,-0.06629156321287155,0.996908962726593,601,177
81,2700,11,0.6104139685630798,0.3765578269958496,0.05863374099135399,0.9995485544204712,585,203
81,2700,12,0.6026250720024109,0.3795785903930664,-0.13126742839813232,0.9999454021453857,578,204
81,2700,13,0.6296539902687073,0.4476238787174225,0.09651200473308563,0.1411401778459549,604,241
81,2700,14,0.5829333066940308,0.4630957543849945,-0.16591055691242218,0.9915522336959839,559,250
81,2700,15,0.6716890931129456,0.46478158235549927,0.06700517982244492,0.18940125405788422,644,250
81,2700,16,0.6021854877471924,0.5431843400001526,-0.17937499284744263,0.9620063900947571,578,293
81,2700,17,0.6835507750511169,0.4694153070449829,0.06791739165782928,0.23519952595233917,656,253
81,2700,18,0.6018514633178711,0.5693056583404541,-0.19779428839683533,0.9333435893058777,577,307
81,2700,19,0.6861545443534851,0.465360164642334,0.04714258387684822,0.24820148944854736,658,251
81,2700,20,0.6093610525131226,0.5655650496482849,-0.2015557587146759,0.930937647819519,584,305
81,2700,21,0.6819871664047241,0.4645685851573944,0.057150404900312424,0.24478866159915924,654,250
81,2700,22,0.6102300882339478,0.5572658181190491,-0.18131259083747864,0.8896036744117737,585,300
81,2700,23,0.5928570628166199,0.5507203340530396,0.059159185737371445,0.9996176362037659,569,297
81,2700,24,0.6014566421508789,0.5516496300697327,-0.059316497296094894,0.999648928642273,577,297
81,2700,25,0.5611969232559204,0.6533415913581848,0.11380434036254883,0.5600633025169373,538,352
81,2700,26,0.638475239276886,0.6604874730110168,-0.02435835637152195,0.8879219889640808,612,356
81,2700,27,0.5181244611740112,0.7426092028617859,0.13835270702838898,0.801015317440033,497,401
81,2700,28,0.6584274172782898,0.7765935659408569,-0.00536590488627553,0.9485633373260498,632,419
81,2700,29,0.5053731203079224,0.7538261413574219,0.13860222697257996,0.8425756692886353,485,407
81,2700,30,0.65472811460495,0.8024727702140808,-0.00420974288135767,0.8856663107872009,628,433
81,2700,31,0.5338218808174133,0.7912430763244629,0.1176258996129036,0.821306586265564,512,427
81,2700,32,0.6884558200836182,0.7668997049331665,-0.0279329102486372,0.915876567363739,660,414
82,2733,0,0.638233482837677,0.3199514150619507,-0.04299050569534302,0.9969837069511414,612,172
82,2733,1,0.6365414261817932,0.3089198172092438,-0.03681731969118118,0.9946418404579163,611,166
82,2733,2,0.6352459192276001,0.308410108089447,-0.03695353493094444,0.9935323596000671,609,166
82,2733,3,0.6338645815849304,0.30806320905685425,-0.036954935640096664,0.9953214526176453,608,166
82,2733,4,0.6389872431755066,0.3099801540374756,-0.054809942841529846,0.9970044493675232,613,167
82,2733,5,0.6395265460014343,0.31011179089546204,-0.05499862879514694,0.9978270530700684,613,167
82,2733,6,0.6401273608207703,0.31015777587890625,-0.055061936378479004,0.9985691905021667,614,167
82,2733,7,0.6284352540969849,0.3108510673046112,-0.0037949818652123213,0.996319591999054,603,167
82,2733,8,0.6376025080680847,0.3135383725166321,-0.0847717672586441,0.9977506399154663,612,169
82,2733,9,0.6343311071395874,0.3302643597126007,-0.02724006585776806,0.9951221346855164,608,178
82,2733,10,0.636060893535614,0.3308810591697693,-0.05172598734498024,0.9971906542778015,610,178
82,2733,11,0.6189701557159424,0.37564167380332947,0.05932202562689781,0.9995757341384888,594,202
82,2733,12,0.6173145174980164,0.3795213997364044,-0.11805249750614166,0.9999430179595947,592,204
82,2733,13,0.6400222778320312,0.44654709100723267,0.09199188649654388,0.15200547873973846,614,241
82,2733,14,0.6068927645683289,0.4650498330593109,-0.15609318017959595,0.9905162453651428,582,251
82,2733,15,0.6800479292869568,0.46104133129119873,0.06034626066684723,0.19400133192539215,652,248
82,2733,16,0.6180506944656372,0.544522225856781,-0.1628279834985733,0.9589080810546875,593,294
82,2733,17,0.6874850988388062,0.46529388427734375,0.061206795275211334,0.24073953926563263,659,251
82,2733,18,0.6165235042572021,0.5710176229476929,-0.17781327664852142,0.9299949407577515,591,308
82,2733,19,0.6911461353302002,0.46175751090049744,0.046975620090961456,0.25443506240844727,663,249
82,2733,20,0.6220868229866028,0.5693681836128235,-0.18199364840984344,0.9271361827850342,597,307
82,2733,21,0.6868516802787781,0.46015632152557373,0.052126817405223846,0.25199100375175476,659,248
82,2733,22,0.6228362321853638,0.5590255260467529,-0.16479620337486267,0.8852407932281494,597,301
82,2733,23,0.6049378514289856,0.5531711578369141,0.05667053908109665,0.9996547698974609,580,298
82,2733,24,0.6174697279930115,0.552878737449646,-0.056854378432035446,0.9996833205223083,592,298
82,2733,25,0.5819712281227112,0.6539573669433594,0.10560192912817001,0.5907063484191895,558,353
82,2733,26,0.6505519151687622,0.6629071831703186,-0.01146710105240345,0.8970996737480164,624,357
82,2733,27,0.5306878685951233,0.732232928276062,0.1289864480495453,0.8153082728385925,509,395
82,2733,28,0.6651250123977661,0.7789592146873474,0.0019156921189278364,0.9533163905143738,638,420
82,2733,29,0.5148063898086548,0.7376998066902161,0.1293465793132782,0.8543635010719299,494,398
82,2733,30,0.6582043170928955,0.8029190897941589,0.0009710135636851192,0.8961215019226074,631,433
82,2733,31,0.5364795327186584,0.7908032536506653,0.10836628824472427,0.8332687616348267,515,427
82,2733,32,0.6962717175483704,0.7858010530471802,-0.021738361567258835,0.9230555295944214,668,424
83,2766,0,0.6447152495384216,0.32118475437164307,-0.028219470754265785,0.9972650408744812,618,173
83,2766,1,0.6421214938163757,0.31093302369117737,-0.02098805084824562,0.9951472282409668,616,167
83,2766,2,0.6408872604370117,0.3104882836341858,-0.02112254872918129,0.9941436648368835,615,167
83,2766,3,0.6396008729934692,0.31015464663505554,-0.02112285979092121,0.9957689046859741,614,167
83,2766,4,0.6434584856033325,0.31193307042121887,-0.040158580988645554,0.9972877502441406,617,168
83,2766,5,0.643399178981781,0.3121319115161896,-0.0403456948697567,0.9980313181877136,617,168
83,2766,6,0.6434839367866516,0.3122576177120209,-0.04040287807583809,0.9987028241157532,617,168
83,2766,7,0.6308224201202393,0.31291043758392334,0.015172199346125126,0.9966744780540466,605,168
83,2766,8,0.6374264359474182,0.31561532616615295,-0.07133619487285614,0.9979532361030579,611,170
83,2766,9,0.6402885913848877,0.3317282199859619,-0.011266949586570263,0.9955857396125793,614,179
83,2766,10,0.6415886282920837,0.33233699202537537,-0.03735718876123428,0.99745112657547,615,179
83,2766,11,0.619778573513031,0.37546825408935547,0.07727126032114029,0.9996048808097839,594,202
83,2766,12,0.6195744276046753,0.3792417645454407,-0.1068350076675415,0.9999435544013977,594,204
83,2766,13,0.6449946761131287,0.4452413320541382,0.105733722448349,0.15580710768699646,619,240
83,2766,14,0.6079862713813782,0.46666833758354187,-0.15227563679218292,0.9897156953811646,583,252
83,2766,15,0.6828386783599854,0.45972761511802673,0.06818550080060959,0.20187203586101532,655,248
83,2766,16,0.6177718639373779,0.5453000068664551,-0.164368137717247,0.9584190249443054,593,294
83,2766,17,0.6938657164573669,0.4651499092578888,0.06781937181949615,0.24893993139266968,666,251
83,2766,18,0.6168756484985352,0.5708451271057129,-0.18060742318630219,0.9298160672187805,592,308
83,2766,19,0.6953103542327881,0.46284252405166626,0.050876982510089874,0.2633673846721649,667,249
83,2766,20,0.6229705810546875,0.5690481066703796,-0.18343812227249146,0.9268015027046204,598,307
83,2766,21,0.6923602223396301,0.46077629923820496,0.059297047555446625,0.2615404725074768,664,248
83,2766,22,0.6235009431838989,0.5600616335868835,-0.16567467153072357,0.8848103284835815,598,302
83,2766,23,0.6102091670036316,0.552524745464325,0.056751079857349396,0.9996877312660217,585,298
83,2766,24,0.6232931613922119,0.552145779132843,-0.05693390592932701,0.9997140169143677,598,298
83,2766,25,0.5839388966560364,0.6540371775627136,0.0929466262459755,0.6046733856201172,560,353
83,2766,26,0.6520649790763855,0.6651318669319153,-0.012849736027419567,0.9002320766448975,625,359
83,2766,27,0.532378613948822,0.7291446924209595,0.11448454111814499,0.8182989358901978,511,393
83,2766,28,0.6650369763374329,0.7802377939224243,0.0047484408132731915,0.9562678933143616,638,421
83,2766,29,0.5175297856330872,0.7348203659057617,0.11464588344097137,0.8607643842697144,496,396
83,2766,30,0.658396303653717,0.8035963177680969,0.0045630368404090405,0.903312623500824,632,433
83,2766,31,0.5380057692527771,0.7873148322105408,0.09204303473234177,0.8372125625610352,516,425
83,2766,32,0.6965681314468384,0.7904167175292969,-0.020870454609394073,0.9265258312225342,668,426
84,2800,0,0.6606650948524475,0.32021766901016235,-0.03845950588583946,0.9975005984306335,634,172
84,2800,1,0.6583080887794495,0.3100673258304596,-0.0305238775908947,0.9954959154129028,631,167
84,2800,2,0.6570509672164917,0.30966827273368835,-0.03065331093966961,0.9945441484451294,630,167
84,2800,3,0.6558064818382263,0.30941352248191833,-0.030638564378023148,0.9960559010505676,629,167
84,2800,4,0.6589881181716919,0.3110627830028534,-0.0490700788795948,0.9975149035453796,632,167
84,2800,5,0.6585494875907898,0.31130826473236084,-0.049256034195423126,0.9981984496116638,632,168
84,2800,6,0.658289909362793,0.3115712106227875,-0.049333903938531876,0.9988120794296265,631,168
84,2800,7,0.6462855935096741,0.31220728158950806,0.008634042926132679,0.9969087243080139,620,168
84,2800,8,0.6524829864501953,0.31496813893318176,-0.07483823597431183,0.9981308579444885,626,170
84,2800,9,0.655981719493866,0.33091744780540466,-0.020918110385537148,0.9959548115730286,629,178
84,2800,10,0.6567544341087341,0.3314439654350281,-0.046333007514476776,0.9976779818534851,630,178
84,2800,11,0.6336850523948669,0.3750649094581604,0.0721842348575592,0.9996147155761719,608,202
84,2800,12,0.6330757141113281,0.37925076484680176,-0.11259853094816208,0.9999475479125977,607,204
84,2800,13,0.6494635343551636,0.4461117088794708,0.10598523169755936,0.1515987664461136,623,240
84,2800,14,0.6232057809829712,0.46814242005348206,-0.1525469720363617,0.9906861186027527,598,252
84,2800,15,0.6902754306793213,0.46339768171310425,0.08629394322633743,0.2160506695508957,662,250
84,2800,16,0.6386514902114868,0.5493566989898682,-0.16427472233772278,0.962523341178894,613,296
84,2800,17,0.6997068524360657,0.471157044172287,0.08857500553131104,0.2673606276512146,671,254
84,2800,18,0.637017548084259,0.5747713446617126,-0.18205809593200684,0.9367057085037231,611,310
84,2800,19,0.7015759348869324,0.4690297842025757,0.06817106157541275,0.2833723723888397,673,253
84,2800,20,0.6458404064178467,0.5739745497703552,-0.1838899552822113,0.9339970946311951,620,309
84,2800,21,0.6993380188941956,0.4665658175945282,0.07705439627170563,0.2808552086353302,671,251
84,2800,22,0.6465329527854919,0.5652760863304138,-0.16507717967033386,0.896069347858429,620,305
84,2800,23,0.6285539865493774,0.5522992014884949,0.055578649044036865,0.999707818031311,603,298
84,2800,24,0.630316436290741,0.5524876117706299,-0.055751603096723557,0.9997385144233704,605,298
84,2800,25,0.6411190629005432,0.6683480739593506,0.09636902064085007,0.6094595789909363,615,360
84,2800,26,0.6346396207809448,0.6610179543495178,-0.03567342087626457,0.9087896347045898,609,356
84,2800,27,0.6330007314682007,0.7709386944770813,0.1359214335680008,0.8317809700965881,607,416
84,2800,28,0.584916889667511,0.7583729028701782,0.01687728613615036,0.959936797618866,561,409
84,2800,29,0.62682044506073,0.7891504168510437,0.1375085413455963,0.8689034581184387,601,426
84,2800,30,0.5714495778083801,0.7684147953987122,0.022283382713794708,0.9085074663162231,548,414
84,2800,31,0.6472053527832031,0.7959126234054565,0.09720965474843979,0.8506795763969421,621,429
84,2800,32,0.5926326513290405,0.7902815341949463,-0.009778275154531002,0.9329198598861694,568,426
85,2833,0,0.6583232283592224,0.3198550045490265,-0.03710684925317764,0.9977311491966248,631,172
85,2833,1,0.656093418598175,0.30954620242118835,-0.029104553163051605,0.9958511590957642,629,167
85,2833,2,0.6548200249671936,0.3091324269771576,-0.02922341786324978,0.9949876666069031,628,166
85,2833,3,0.6535742878913879,0.30886930227279663,-0.029196428135037422,0.9963592290878296,627,166
85,2833,4,0.6579208374023438,0.3105025291442871,-0.04720471799373627,0.9977293014526367,631,167
85,2833,5,0.6581196188926697,0.3106912076473236,-0.04739442095160484,0.9983590841293335,631,167
85,2833,6,0.6584770083427429,0.3108675479888916,-0.04747472703456879,0.9989126324653625,632,167
85,2833,7,0.645619809627533,0.3116437792778015,0.010089447721838951,0.9971558451652527,619,168
85,2833,8,0.6519573926925659,0.31410154700279236,-0.07231291383504868,0.9982966184616089,625,169
85,2833,9,0.6547331213951111,0.3304519057273865,-0.019885363057255745,0.9963088631629944,628,178
85,2833,10,0.6561650037765503,0.33105146884918213,-0.04479886218905449,0.9978881478309631,629,178
85,2833,11,0.6355268955230713,0.374825119972229,0.07419075816869736,0.9996430277824402,610,202
85,2833,12,0.6354735493659973,0.38057491183280945,-0.11298627406358719,0.9999516606330872,610,205
85,2833,13,0.6529443860054016,0.4461471736431122,0.10447979718446732,0.16016176342964172,626,240
85,2833,14,0.6238614916801453,0.46978145837783813,-0.14940157532691956,0.9915830492973328,598,253
85,2833,15,0.6933594346046448,0.46465596556663513,0.08066785335540771,0.25163692235946655,665,250
85,2833,16,0.642338216304779,0.5492934584617615,-0.15807940065860748,0.966219961643219,616,296
85,2833,17,0.7013100385665894,0.4734269082546234,0.08313970267772675,0.30496200919151306,673,255
85,2833,18,0.6423719525337219,0.574751615524292,-0.17833474278450012,0.9429083466529846,616,310
85,2833,19,0.703987181186676,0.4713292121887207,0.061963312327861786,0.3219822347164154,675,254
85,2833,20,0.6500061750411987,0.5741035342216492,-0.17484574019908905,0.9404740333557129,624,310
85,2833,21,0.7007439732551575,0.46857768297195435,0.07118681818246841,0.31849050521850586,672,253
85,2833,22,0.6503821611404419,0.5654376745223999,-0.1572548747062683,0.9062088131904602,624,305
85,2833,23,0.6304467916488647,0.5495574474334717,0.0557270385324955,0.9997314810752869,605,296
85,2833,24,0.6313115358352661,0.5522608757019043,-0.055894944816827774,0.9997622966766357,606,298
85,2833,25,0.6441053152084351,0.6748934984207153,0.08041635155677795,0.6273632645606995,618,364
85,2833,26,0.6199804544448853,0.6595726013183594,-0.06424148380756378,0.9177187085151672,595,356
85,2833,27,0.6469928026199341,0.7808166742324829,0.11738271266222,0.8469387888908386,621,421
85,2833,28,0.5535691380500793,0.7224513292312622,-0.01378675363957882,0.9638182520866394,531,390
85,2833,29,0.642861545085907,0.7996546626091003,0.11771830916404724,0.8798631429672241,617,431
85,2833,30,0.5397472381591797,0.719943642616272,-0.008957129903137684,0.9165897965431213,518,388
85,2833,31,0.6620863676071167,0.8011392951011658,0.0767722800374031,0.8645687699317932,635,432
85,2833,32,0.5537930727005005,0.7755882143974304,-0.0406087264418602,0.93943190574646,531,418
86,2866,0,0.6760064959526062,0.31946659088134766,-0.047648850828409195,0.9978348016738892,648,172
86,2866,1,0.6735233664512634,0.30851128697395325,-0.03976532071828842,0.996008038520813,646,166
86,2866,2,0.672017514705658,0.30790814757347107,-0.03990200534462929,0.9951674938201904,645,166
86,2866,3,0.6708176732063293,0.3075025677680969,-0.039893221110105515,0.9965147376060486,643,166
86,2866,4,0.6742290258407593,0.3091963231563568,-0.057539064437150955,0.9978489279747009,647,166
86,2866,5,0.673980176448822,0.309126615524292,-0.05771930143237114,0.998444676399231,647,166
86,2866,6,0.6738957166671753,0.3090166449546814,-0.05781085416674614,0.9989687204360962,646,166
86,2866,7,0.6628249883651733,0.3097105920314789,-0.0016293564112856984,0.9972955584526062,636,167
86,2866,8,0.6686918139457703,0.3114328980445862,-0.08137717097997665,0.9983839392662048,641,168
86,2866,9,0.6708937287330627,0.329769104719162,-0.030755972489714622,0.9965015649795532,644,178
86,2866,10,0.6715078949928284,0.33019667863845825,-0.05493854358792305,0.9980065822601318,644,178
86,2866,11,0.6482990384101868,0.374671995639801,0.059211838990449905,0.9996378421783447,622,202
86,2866,12,0.6476967334747314,0.38025298714637756,-0.11927605420351028,0.99994957447052,621,205
86,2866,13,0.6630457043647766,0.44760674238204956,0.09065136313438416,0.15494896471500397,636,241
86,2866,14,0.6419419050216675,0.4699358642101288,-0.1504785567522049,0.9919238090515137,616,253
86,2866,15,0.6997477412223816,0.4765695035457611,0.06576016545295715,0.24863623082637787,671,257
86,2866,16,0.6589950323104858,0.5487252473831177,-0.15925948321819305,0.9690233469009399,632,296
86,2866,17,0.7066389322280884,0.48580825328826904,0.06687086075544357,0.30385276675224304,678,262
86,2866,18,0.6603155136108398,0.57390958070755,-0.17832306027412415,0.9475070238113403,633,309
86,2866,19,0.7095291614532471,0.48498618602752686,0.0465497151017189,0.3214431703090668,681,261
86,2866,20,0.6675559282302856,0.5729972124099731,-0.17701078951358795,0.9453315138816833,640,309
86,2866,21,0.7059570550918579,0.48160526156425476,0.05652933567762375,0.3182123303413391,677,260
86,2866,22,0.6671093106269836,0.5641070604324341,-0.15902464091777802,0.9136211276054382,640,304
86,2866,23,0.6426410675048828,0.5488827228546143,0.05471356213092804,0.9997385740280151,616,296
86,2866,24,0.6446887850761414,0.5482656359672546,-0.054871831089258194,0.9997768998146057,618,296
86,2866,25,0.6500056982040405,0.6741839647293091,0.0869685634970665,0.6105873584747314,624,364
86,2866,26,0.6507298946380615,0.6577382683753967,-0.05627664551138878,0.9149227738380432,624,355
86,2866,27,0.6125616431236267,0.7681831121444702,0.12273229658603668,0.8446585536003113,588,414
86,2866,28,0.6023753881454468,0.7236308455467224,0.013569721952080727,0.9638897180557251,578,390
86,2866,29,0.6030904650688171,0.7795609831809998,0.12322451919317245,0.8764820694923401,578,420
86,2866,30,0.5853298306465149,0.7351484298706055,0.01870235800743103,0.913273811340332,561,396
86,2866,31,0.6173502802848816,0.7904929518699646,0.08767810463905334,0.865404486656189,592,426
86,2866,32,0.5930370092391968,0.7905743718147278,-0.017059864476323128,0.9400980472564697,569,426
87,2900,0,0.677504301071167,0.31924474239349365,-0.04783724620938301,0.9980008602142334,650,172
87,2900,1,0.6749101281166077,0.30844053626060486,-0.04043412581086159,0.9963235259056091,647,166
87,2900,2,0.6738437414169312,0.3077625334262848,-0.04057634249329567,0.9955602884292603,646,166
87,2900,3,0.6729040741920471,0.3073166012763977,-0.04057332128286362,0.9967970252037048,645,165
87,2900,4,0.6757894158363342,0.3090486228466034,-0.05785837396979332,0.9980255961418152,648,166
87,2900,5,0.675523579120636,0.30900058150291443,-0.058039382100105286,0.9985747933387756,648,166
87,2900,6,0.6753135919570923,0.308922678232193,-0.058132633566856384,0.9990538954734802,648,166
87,2900,7,0.6641721129417419,0.30950629711151123,-0.005856412462890148,0.9975301027297974,637,167
87,2900,8,0.6689480543136597,0.3112918436527252,-0.08238809555768967,0.9985213875770569,642,168
87,2900,9,0.6731285452842712,0.3297131359577179,-0.03121677227318287,0.9968003034591675,646,178
87,2900,10,0.6737169027328491,0.33007922768592834,-0.05517887696623802,0.9981778860092163,646,178
87,2900,11,0.6499427556991577,0.3735921382904053,0.05357423052191734,0.9996502995491028,623,201
87,2900,12,0.6512160897254944,0.3798881471157074,-0.11671973019838333,0.9999527931213379,625,205
87,2900,13,0.6661653518676758,0.4475925862789154,0.08321461826562881,0.14860908687114716,639,241
87,2900,14,0.6419782638549805,0.46993210911750793,-0.14503531157970428,0.9923266172409058,616,253
87,2900,15,0.7001254558563232,0.4814181923866272,0.057950280606746674,0.23874545097351074,672,259
87,2900,16,0.6608050465583801,0.5485163331031799,-0.14788976311683655,0.9719139933586121,634,296
87,2900,17,0.7066536545753479,0.49022698402404785,0.05902872979640961,0.29894575476646423,678,264
87,2900,18,0.6628806591033936,0.5735471844673157,-0.16409502923488617,0.9524229168891907,636,309
87,2900,19,0.7094612717628479,0.48987817764282227,0.040713123977184296,0.316135436296463,681,264
87,2900,20,0.6696274876594543,0.57228022813797,-0.164127916097641,0.950447142124176,642,309
87,2900,21,0.7058637738227844,0.4868372082710266,0.04959160462021828,0.3137103319168091,677,262
87,2900,22,0.669258713722229,0.5634918808937073,-0.14771075546741486,0.9216539859771729,642,304
87,2900,23,0.644787073135376,0.544793426990509,0.05210547149181366,0.9997596740722656,618,294
87,2900,24,0.6484384536743164,0.5460517406463623,-0.052291691303253174,0.9997978210449219,622,294
87,2900,25,0.6445047855377197,0.6658084988594055,0.09015480428934097,0.6190797090530396,618,359
87,2900,26,0.6656619310379028,0.659471333026886,-0.02209211327135563,0.9198199510574341,639,356
87,2900,27,0.5896635055541992,0.7131575345993042,0.12533293664455414,0.8416626453399658,566,385
87,2900,28,0.6624693274497986,0.7708792686462402,0.017129788175225258,0.966788113117218,635,416
87,2900,29,0.5784560441970825,0.7261294722557068,0.12512055039405823,0.8781786561012268,555,392
87,2900,30,0.6520841717720032,0.7916319370269775,0.02039947360754013,0.9200541973114014,626,427
87,2900,31,0.6046982407569885,0.7554000020027161,0.10737039893865585,0.86533123254776,580,407
87,2900,32,0.6929638385772705,0.7983195185661316,-0.014238867908716202,0.9443162083625793,665,431
88,2933,0,0.6851171851158142,0.31429359316825867,-0.05938484147191048,0.9981745481491089,657,169
88,2933,1,0.6831114292144775,0.3031793534755707,-0.05371961370110512,0.9966537952423096,655,163
88,2933,2,0.6822282075881958,0.3025829493999481,-0.053880974650382996,0.9959638714790344,654,163
88,2933,3,0.681465208530426,0.3020281493663788,-0.053868368268013,0.9970876574516296,654,163
88,2933,4,0.6845779418945312,0.30413997173309326,-0.06978260725736618,0.998205304145813,657,164
88,2933,5,0.6848107576370239,0.30427122116088867,-0.06997659802436829,0.9987056255340576,657,164
88,2933,6,0.6851882338523865,0.3042830228805542,-0.0700591653585434,0.999140202999115,657,164
88,2933,7,0.674805760383606,0.3049970269203186,-0.020400766283273697,0.9977617263793945,647,164
88,2933,8,0.6803858280181885,0.30737316608428955,-0.09208260476589203,0.9986578226089478,653,165
88,2933,9,0.6820958852767944,0.324932336807251,-0.043354202061891556,0.9971022009849548,654,175
88,2933,10,0.6824376583099365,0.3259117901325226,-0.06526754796504974,0.9983493685722351,655,175
88,2933,11,0.6623957753181458,0.36836978793144226,0.04469851031899452,0.9996775388717651,635,198
88,2933,12,0.6613667607307434,0.3777697682380676,-0.12154856324195862,0.9999569654464722,634,203
88,2933,13,0.6695276498794556,0.4488871097564697,0.08207860589027405,0.14585506916046143,642,242
88,2933,14,0.6539562940597534,0.4705936014652252,-0.14723418653011322,0.9929531812667847,627,254
88,2933,15,0.6996658444404602,0.49107348918914795,0.05827144533395767,0.24829143285751343,671,265
88,2933,16,0.6762208342552185,0.5480911731719971,-0.1525505632162094,0.9746727347373962,649,295
88,2933,17,0.7058166265487671,0.5024217367172241,0.0591324046254158,0.318257600069046,677,271
88,2933,18,0.6785742044448853,0.5731882452964783,-0.169623464345932,0.9570989012718201,651,309
88,2933,19,0.7097375392913818,0.5010693073272705,0.04056458920240402,0.3359931409358978,681,270
88,2933,20,0.6857184171676636,0.570819616317749,-0.16930358111858368,0.9553176164627075,658,308
88,2933,21,0.7058320641517639,0.498337060213089,0.049875274300575256,0.33178529143333435,677,269
88,2933,22,0.6845373511314392,0.5624460577964783,-0.1525319665670395,0.9293160438537598,657,303
88,2933,23,0.655621349811554,0.5405368804931641,0.05241038277745247,0.9997799396514893,629,291
88,2933,24,0.6605940461158752,0.544609785079956,-0.052607517689466476,0.9998170733451843,634,294
88,2933,25,0.6647440195083618,0.6495281457901001,0.12841029465198517,0.6208774447441101,638,350
88,2933,26,0.6767786741256714,0.6595644354820251,-0.02325417846441269,0.9265792369842529,649,356
88,2933,27,0.6107827425003052,0.7068118453025818,0.19082048535346985,0.8422776460647583,586,381
88,2933,28,0.6664165258407593,0.776390790939331,0.017163824290037155,0.9697163105010986,639,419
88,2933,29,0.5940307378768921,0.712721049785614,0.19472046196460724,0.8811544179916382,570,384
88,2933,30,0.655260443687439,0.8004260063171387,0.020258339121937752,0.9265457987785339,629,432
88,2933,31,0.6189550757408142,0.750501275062561,0.17722034454345703,0.8687923550605774,594,405
88,2933,32,0.6997277140617371,0.8017662763595581,-0.015242424793541431,0.948996365070343,671,432
89,2966,0,0.6868298649787903,0.31062331795692444,-0.06568575650453568,0.9983481168746948,659,167
89,2966,1,0.684789776802063,0.30032846331596375,-0.06121615320444107,0.996971845626831,657,162
89,2966,2,0.6839218139648438,0.29987576603889465,-0.06138511002063751,0.9963521361351013,656,161
89,2966,3,0.6831982135772705,0.2995290160179138,-0.061365071684122086,0.9973660707473755,655,161
89,2966,4,0.6861459612846375,0.3013732433319092,-0.07686597853899002,0.9983766078948975,658,162
89,2966,5,0.686348557472229,0.30163347721099854,-0.0770629271864891,0.9988304376602173,658,162
89,2966,6,0.6860427856445312,0.30164024233818054,-0.07713505625724792,0.9992223978042603,658,162
89,2966,7,0.676235556602478,0.3028288185596466,-0.0307474322617054,0.997978925704956,649,163
89,2966,8,0.6813667416572571,0.3054044246673584,-0.10104994475841522,0.9987866282463074,654,164
89,2966,9,0.6836192011833191,0.3208477199077606,-0.05049050599336624,0.9973823428153992,656,173
89,2966,10,0.6845399737358093,0.3218895196914673,-0.07184403389692307,0.9985089898109436,657,173
89,2966,11,0.6634059548377991,0.36650604009628296,0.03648519515991211,0.9997061491012573,636,197
89,2966,12,0.6643060445785522,0.3776392340660095,-0.1275811791419983,0.9999610185623169,637,203
89,2966,13,0.6707627177238464,0.44992682337760925,0.08418627828359604,0.1447431743144989,643,242
89,2966,14,0.6551657915115356,0.4712502956390381,-0.1453261375427246,0.9935592412948608,628,254
89,2966,15,0.6978153586387634,0.4916120171546936,0.0805499404668808,0.26628345251083374,669,265
89,2966,16,0.6789767146110535,0.5480052828788757,-0.1462126225233078,0.9771854281425476,651,295
89,2966,17,0.705016016960144,0.5057018399238586,0.08493414521217346,0.3478357493877411,676,273
89,2966,18,0.6811332702636719,0.5729072093963623,-0.1639118641614914,0.9613599181175232,653,309
89,2966,19,0.7079142332077026,0.5022911429405212,0.06600183248519897,0.3660666346549988,679,271
89,2966,20,0.6879504919052124,0.5699058771133423,-0.16250665485858917,0.9597555994987488,660,307
89,2966,21,0.7045745849609375,0.49896132946014404,0.07310033589601517,0.36040282249450684,676,269
89,2966,22,0.687439501285553,0.5602297186851501,-0.14554090797901154,0.9363240599632263,659,302
89,2966,23,0.6587827801704407,0.5392369627952576,0.052730437368154526,0.9997982382774353,632,291
89,2966,24,0.6644012928009033,0.5444545149803162,-0.05292467772960663,0.999834418296814,637,294
89,2966,25,0.6688340306282043,0.6452933549880981,0.1276567429304123,0.6224681735038757,642,348
89,2966,26,0.678756594657898,0.6597815155982971,-0.0072122602723538876,0.9325096607208252,651,356
89,2966,27,0.6114748120307922,0.7056493759155273,0.18533962965011597,0.8454970121383667,587,381
89,2966,28,0.6661108136177063,0.7786895632743835,0.04060959815979004,0.9724670052528381,639,420
89,2966,29,0.5954219698905945,0.7119224667549133,0.18919356167316437,0.8868209719657898,571,384
89,2966,30,0.6555182337760925,0.802262544631958,0.04447101801633835,0.9330354332923889,629,433
89,2966,31,0.6212493181228638,0.7499259114265442,0.17228129506111145,0.8750936388969421,596,404
89,2966,32,0.699097752571106,0.8025834560394287,0.008609768003225327,0.9534837603569031,671,433
90,3000,0,0.7043564319610596,0.3067272901535034,-0.06390710175037384,0.9984439611434937,676,165
90,3000,1,0.7017204165458679,0.29544684290885925,-0.057155970484018326,0.9971815943717957,673,159
90,3000,2,0.7001531720161438,0.2947884798049927,-0.05731557309627533,0.9966094493865967,672,159
90,3000,3,0.6989488005638123,0.29425182938575745,-0.0573107972741127,0.9975395798683167,670,158
90,3000,4,0.7027257084846497,0.29650741815567017,-0.07456617802381516,0.9984874725341797,674,160
90,3000,5,0.7021288275718689,0.2965887784957886,-0.07476525008678436,0.9989140629768372,674,160
90,3000,6,0.7019468545913696,0.2964946925640106,-0.07484887540340424,0.9992777705192566,673,160
90,3000,7,0.6910956501960754,0.2971521019935608,-0.023550547659397125,0.9981174468994141,663,160
90,3000,8,0.6966689229011536,0.2996901869773865,-0.09988583624362946,0.998873770236969,668,161
90,3000,9,0.6992013454437256,0.3179531395435333,-0.04734599217772484,0.9975184798240662,671,171
90,3000,10,0.69986891746521,0.31881412863731384,-0.07116587460041046,0.9985939264297485,671,172
90,3000,11,0.6705917716026306,0.3633855879306793,0.03792818635702133,0.99970942735672,643,196
90,3000,12,0.6793097853660583,0.37062931060791016,-0.11818726360797882,0.9999634027481079,652,200
90,3000,13,0.6679399609565735,0.45101994276046753,0.06816663593053818,0.13140222430229187,641,243
90,3000,14,0.6753193736076355,0.46566471457481384,-0.13277409970760345,0.993742048740387,648,251
90,3000,15,0.6968361139297485,0.5111916065216064,0.04539218172430992,0.24087251722812653,668,276
90,3000,16,0.7017362713813782,0.5340014696121216,-0.12086096405982971,0.9790393710136414,673,288
90,3000,17,0.6931926012039185,0.5364029407501221,0.04538536071777344,0.3160248100757599,665,289
90,3000,18,0.7065004110336304,0.5536872744560242,-0.1367168426513672,0.9645304083824158,678,298
90,3000,19,0.6990988254547119,0.5346847176551819,0.030742406845092773,0.3324168026447296,671,288
90,3000,20,0.7116290926933289,0.549471378326416,-0.13313576579093933,0.9630098938941956,683,296
90,3000,21,0.7043538689613342,0.5295417308807373,0.039295267313718796,0.32708364725112915,676,285
90,3000,22,0.7097272872924805,0.542865514755249,-0.11893987655639648,0.9411510825157166,681,293
90,3000,23,0.6703914403915405,0.5351685881614685,0.05106193572282791,0.9998135566711426,643,288
90,3000,24,0.6752710342407227,0.541565477848053,-0.05124184116721153,0.9998499155044556,648,292
90,3000,25,0.6780730485916138,0.6451174020767212,0.12936238944530487,0.6060253977775574,650,348
90,3000,26,0.6830032467842102,0.660793662071228,0.006905504036694765,0.9352339506149292,655,356
90,3000,27,0.6424610018730164,0.7060397863388062,0.2038281261920929,0.831575334072113,616,381
90,3000,28,0.6686452031135559,0.7778602838516235,0.05671427398920059,0.9742878675460815,641,420
90,3000,29,0.6301462054252625,0.7145584225654602,0.2093963474035263,0.8791611194610596,604,385
90,3000,30,0.6563198566436768,0.8009645342826843,0.06022994965314865,0.9359855651855469,630,432
90,3000,31,0.638627290725708,0.7455942034721375,0.19471147656440735,0.8658969402313232,613,402
90,3000,32,0.6987695097923279,0.8032239675521851,0.022826943546533585,0.955800473690033,670,433
91,3033,0,0.7030790448188782,0.3065929412841797,-0.04628515988588333,0.9985787272453308,674,165
91,3033,1,0.7007365822792053,0.2957000732421875,-0.04218858480453491,0.9974318742752075,672,159
91,3033,2,0.6994337439537048,0.29510635137557983,-0.042328640818595886,0.9969172477722168,671,159
91,3033,3,0.6982330083847046,0.29461759328842163,-0.042289458215236664,0.9977567791938782,670,159
91,3033,4,0.7023252248764038,0.29663506150245667,-0.05816378444433212,0.998619556427002,674,160
91,3033,5,0.7023206949234009,0.29668834805488586,-0.05835377052426338,0.9990113377571106,674,160
91,3033,6,0.7025287747383118,0.29661521315574646,-0.05840568244457245,0.9993410706520081,674,160
91,3033,7,0.6897066235542297,0.2973363399505615,-0.01569298468530178,0.9982877373695374,662,160
91,3033,8,0.6961289048194885,0.29978761076927185,-0.08633439987897873,0.9989737868309021,668,161
91,3033,9,0.6984245181083679,0.3178417384624481,-0.03157402202486992,0.9977228045463562,670,171
91,3033,10,0.6998891234397888,0.3184090852737427,-0.053461842238903046,0.998710572719574,671,171
91,3033,11,0.6719651818275452,0.3608829379081726,0.04220636561512947,0.9997290968894958,645,194
91,3033,12,0.6826937794685364,0.36812013387680054,-0.1069532260298729,0.9999663829803467,655,198
91,3033,13,0.6671188473701477,0.45112547278404236,0.06987877935171127,0.12062010169029236,640,243
91,3033,14,0.6768964529037476,0.46098774671554565,-0.11836731433868408,0.9939915537834167,649,248
91,3033,15,0.6905030608177185,0.5260963439941406,0.043792661279439926,0.21963082253932953,662,284
91,3033,16,0.704118549823761,0.5288847088813782,-0.10338719189167023,0.9808819890022278,675,285
91,3033,17,0.6908761262893677,0.5417574048042297,0.043640244752168655,0.2912050783634186,663,292
91,3033,18,0.7082005143165588,0.548145592212677,-0.11825981736183167,0.9677265286445618,679,295
91,3033,19,0.6986685395240784,0.5403732061386108,0.028565041720867157,0.30597129464149475,670,291
91,3033,20,0.7125232815742493,0.5450641512870789,-0.11337137967348099,0.9663130044937134,684,294
91,3033,21,0.6987749934196472,0.5358827114105225,0.037381771951913834,0.30066025257110596,670,289
91,3033,22,0.7103223204612732,0.5369376540184021,-0.1008947417140007,0.9462898373603821,681,289
91,3033,23,0.6702615022659302,0.5287976264953613,0.050517018884420395,0.9998278021812439,643,285
91,3033,24,0.6767027974128723,0.5345878601074219,-0.05068725347518921,0.9998639225959778,649,288
91,3033,25,0.6819077730178833,0.634166955947876,0.12066198885440826,0.6098170280456543,654,342
91,3033,26,0.6840545535087585,0.660077691078186,-0.0014405547408387065,0.9399978518486023,656,356
91,3033,27,0.6434543132781982,0.7062527537345886,0.1837722361087799,0.8309611678123474,617,381
91,3033,28,0.6680165529251099,0.7768779993057251,0.046336010098457336,0.9764796495437622,641,419
91,3033,29,0.6329367756843567,0.716630756855011,0.18556427955627441,0.8810374736785889,607,386
91,3033,30,0.6568003296852112,0.8001360297203064,0.05214789882302284,0.9408706426620483,630,432
91,3033,31,0.6411522626876831,0.7452253103256226,0.16293838620185852,0.8679543137550354,615,402
91,3033,32,0.6989740133285522,0.8030704259872437,0.013457974418997765,0.9592335820198059,671,433
92,3066,0,0.7170321941375732,0.30530425906181335,-0.03558661416172981,0.9987011551856995,688,164
92,3066,1,0.7147970795631409,0.2942299246788025,-0.03037051483988762,0.9976403117179871,686,158
92,3066,2,0.7139076590538025,0.29359808564186096,-0.03048183210194111,0.9971717000007629,685,158
92,3066,3,0.7131165266036987,0.2930448055267334,-0.030436750501394272,0.9979329705238342,684,158
92,3066,4,0.7155722379684448,0.2951567471027374,-0.047738950699567795,0.9987324476242065,686,159
92,3066,5,0.7154356241226196,0.29517239332199097,-0.0479261614382267,0.9990951418876648,686,159
92,3066,6,0.7155050039291382,0.29507866501808167,-0.04798061028122902,0.9993954300880432,686,159
92,3066,7,0.7054956555366516,0.29591038823127747,0.0006523539777845144,0.9984099268913269,677,159
92,3066,8,0.7110244631767273,0.299043744802475,-0.07735546678304672,0.9990537166595459,682,161
92,3066,9,0.7128375768661499,0.3160337507724762,-0.019377076998353004,0.9978616237640381,684,170
92,3066,10,0.7134493589401245,0.31638267636299133,-0.04321696609258652,0.99879390001297,684,170
92,3066,11,0.682054340839386,0.3566916584968567,0.06549227982759476,0.9997384548187256,654,192
92,3066,12,0.6953652501106262,0.365531325340271,-0.10766655951738358,0.9999686479568481,667,197
92,3066,13,0.6829241514205933,0.4508548676967621,0.08741740137338638,0.11016765981912613,655,243
92,3066,14,0.6946482062339783,0.46049895882606506,-0.1251644343137741,0.9942343235015869,666,248
92,3066,15,0.703410804271698,0.5171404480934143,0.04535336419939995,0.19936321675777435,675,279
92,3066,16,0.7288618087768555,0.5285665988922119,-0.11269911378622055,0.9820942878723145,699,285
92,3066,17,0.7046526670455933,0.5288785099983215,0.0480339340865612,0.2652231454849243,676,285
92,3066,18,0.735197901725769,0.547621488571167,-0.13135069608688354,0.969656229019165,705,295
92,3066,19,0.7096998691558838,0.5274819135665894,0.03166213259100914,0.2785695195198059,681,284
92,3066,20,0.7394014000892639,0.5436591506004333,-0.1251726597547531,0.9682514667510986,709,293
92,3066,21,0.7100298404693604,0.5240318179130554,0.0385483019053936,0.2734678387641907,681,282
92,3066,22,0.7365819811820984,0.5359198451042175,-0.11004137247800827,0.9486914277076721,707,289
92,3066,23,0.6776111125946045,0.5216761827468872,0.05372864753007889,0.999820351600647,650,281
92,3066,24,0.6864704489707947,0.5297017693519592,-0.0538749061524868,0.9998713731765747,659,286
92,3066,25,0.6772446036338806,0.6349441409111023,0.09901319444179535,0.5563868880271912,650,342
92,3066,26,0.6892938017845154,0.6522177457809448,-0.013590658083558083,0.9262571930885315,661,352
92,3066,27,0.6660100221633911,0.7506374716758728,0.14534685015678406,0.7675160765647888,639,405
92,3066,28,0.6679592132568359,0.7760197520256042,0.019283730536699295,0.9676800966262817,641,419
92,3066,29,0.6565391421318054,0.7784997224807739,0.14674702286720276,0.8387458324432373,630,420
92,3066,30,0.6571520566940308,0.8004287481307983,0.020901363343000412,0.9249048829078674,630,432
92,3066,31,0.6873296499252319,0.7723025679588318,0.11995693296194077,0.8148975372314453,659,417
92,3066,32,0.6995288133621216,0.8017570972442627,-0.021436680108308792,0.9433744549751282,671,432
93,3100,0,0.7164278030395508,0.30286622047424316,-0.03200453147292137,0.9987789392471313,687,163
93,3100,1,0.7134501338005066,0.29196661710739136,-0.026799863204360008,0.9977390170097351,684,157
93,3100,2,0.7120660543441772,0.2914334833621979,-0.026924366131424904,0.997317910194397,683,157
93,3100,3,0.7104397416114807,0.29092511534690857,-0.026880035176873207,0.9980053305625916,682,157
93,3100,4,0.7155303359031677,0.2929520905017853,-0.044981181621551514,0.9987918734550476,686,158
93,3100,5,0.7157477736473083,0.29308781027793884,-0.04517578333616257,0.9991504549980164,687,158
93,3100,6,0.7161723375320435,0.2931337058544159,-0.0452386811375618,0.9994277954101562,687,158
93,3100,7,0.7028248310089111,0.2949478328227997,0.003606731304898858,0.9984542727470398,674,159
93,3100,8,0.7103758454322815,0.2978476881980896,-0.07801330089569092,0.9991018176078796,681,160
93,3100,9,0.7119762897491455,0.3136521279811859,-0.01623677648603916,0.9979218244552612,683,169
93,3100,10,0.7136440277099609,0.31406915187835693,-0.04113337770104408,0.9988429546356201,685,169
93,3100,11,0.6845034956932068,0.353611558675766,0.06559886038303375,0.9997456669807434,657,190
93,3100,12,0.6965118050575256,0.36303818225860596,-0.11020831763744354,0.9999709129333496,668,196
93,3100,13,0.681641697883606,0.4498756229877472,0.08730897307395935,0.10243771225214005,654,242
93,3100,14,0.6946762204170227,0.46004512906074524,-0.12955643236637115,0.9946574568748474,666,248
93,3100,15,0.701764702796936,0.5173218250274658,0.04836316779255867,0.18081879615783691,673,279
93,3100,16,0.7277902364730835,0.528035581111908,-0.12101009488105774,0.9836984872817993,698,285
93,3100,17,0.7029511332511902,0.5261670351028442,0.04872037097811699,0.24132969975471497,674,284
93,3100,18,0.7339012622833252,0.5471975803375244,-0.14063629508018494,0.9723448157310486,704,295
93,3100,19,0.7079469561576843,0.5247921943664551,0.030863715335726738,0.253433495759964,679,283
93,3100,20,0.7382012605667114,0.5417333841323853,-0.13471224904060364,0.9710569381713867,708,292
93,3100,21,0.708347737789154,0.5219969153404236,0.0406465083360672,0.2486438900232315,680,281
93,3100,22,0.7365550994873047,0.5347103476524353,-0.11850605905056,0.9529987573623657,707,288
93,3100,23,0.6805330514907837,0.5194033980369568,0.05588335543870926,0.9998148083686829,653,280
93,3100,24,0.6895056366920471,0.5263027548789978,-0.056017227470874786,0.9998791217803955,661,284
93,3100,25,0.6854627728462219,0.6367811560630798,0.10017483681440353,0.5151990056037903,658,343
93,3100,26,0.6906962990760803,0.6494492292404175,-0.01609540916979313,0.9255216121673584,663,350
93,3100,27,0.6693074107170105,0.7531333565711975,0.15194562077522278,0.7254005074501038,642,406
93,3100,28,0.6687117218971252,0.7754412293434143,0.018029499799013138,0.9661000370979309,641,418
93,3100,29,0.6600145697593689,0.778221070766449,0.15389081835746765,0.8172504305839539,633,420
93,3100,30,0.6576777696609497,0.7994967699050903,0.01971515640616417,0.9214503169059753,631,431
93,3100,31,0.692979097366333,0.7765117287635803,0.12048041075468063,0.7821136713027954,665,419
93,3100,32,0.7006431818008423,0.8008908629417419,-0.022913675755262375,0.9384301900863647,672,432
94,3133,0,0.7354508638381958,0.3033595085144043,-0.03647122159600258,0.9988700151443481,706,163
94,3133,1,0.7327544093132019,0.2925165295600891,-0.031227540224790573,0.9979177117347717,703,157
94,3133,2,0.7311207056045532,0.2919095754623413,-0.03135978803038597,0.9975314736366272,701,157
94,3133,3,0.7293481826782227,0.29130083322525024,-0.031322259455919266,0.998162031173706,700,157
94,3133,4,0.7336599230766296,0.293483704328537,-0.0490620881319046,0.9988836646080017,704,158
94,3133,5,0.7331002950668335,0.2935807704925537,-0.04925616830587387,0.9992145299911499,703,158
94,3133,6,0.7327173352241516,0.2935728132724762,-0.04932307451963425,0.9994698166847229,703,158
94,3133,7,0.7183166742324829,0.29521235823631287,0.002572231460362673,0.998572051525116,689,159
94,3133,8,0.7251904010772705,0.2982170283794403,-0.08597780764102936,0.9991577863693237,696,161
94,3133,9,0.7287519574165344,0.31398120522499084,-0.0207265205681324,0.998049259185791,699,169
94,3133,10,0.7298241257667542,0.3143748939037323,-0.04481865465641022,0.9989110827445984,700,169
94,3133,11,0.6948050856590271,0.3547113835811615,0.05673138052225113,0.9997590184211731,667,191
94,3133,12,0.7088952660560608,0.3634394109249115,-0.1194356307387352,0.9999716281890869,680,196
94,3133,13,0.6969543099403381,0.4528631269931793,0.0817788615822792,0.0948190987110138,669,244
94,3133,14,0.7137680649757385,0.46025094389915466,-0.13369840383529663,0.9940643906593323,685,248
94,3133,15,0.7182546257972717,0.5154938101768494,0.047358229756355286,0.1645432710647583,689,278
94,3133,16,0.7481252551078796,0.5192168354988098,-0.11630667001008987,0.981587827205658,718,280
94,3133,17,0.7210492491722107,0.5258767008781433,0.04744187369942665,0.22030086815357208,692,283
94,3133,18,0.7548590898513794,0.5359126329421997,-0.13234561681747437,0.9689891338348389,724,289
94,3133,19,0.7253711819648743,0.5239962339401245,0.030741211026906967,0.23115506768226624,696,282
94,3133,20,0.7578400373458862,0.5282169580459595,-0.12688571214675903,0.9672157764434814,727,285
94,3133,21,0.7249311804771423,0.5205855369567871,0.03998178243637085,0.2265922874212265,695,281
94,3133,22,0.7548004388809204,0.5224142074584961,-0.11366625130176544,0.9453096389770508,724,282
94,3133,23,0.69384765625,0.5194624066352844,0.05594692751765251,0.9998250603675842,666,280
94,3133,24,0.6992274522781372,0.5277054309844971,-0.0560799315571785,0.9998880624771118,671,284
94,3133,25,0.7096807360649109,0.6301491260528564,0.10952634364366531,0.49779099225997925,681,340
94,3133,26,0.6965007185935974,0.647434413433075,-0.014456433244049549,0.9248965978622437,668,349
94,3133,27,0.695240318775177,0.7477951049804688,0.16483168303966522,0.7043324708938599,667,403
94,3133,28,0.6757756471633911,0.7713977098464966,0.015131892636418343,0.9660481810569763,648,416
94,3133,29,0.6875579953193665,0.7734920978546143,0.16760410368442535,0.8019201755523682,660,417
94,3133,30,0.6642293334007263,0.7970955967903137,0.01594730094075203,0.9154866933822632,637,430
94,3133,31,0.7130959033966064,0.7763007879257202,0.1450681835412979,0.762233316898346,684,419
94,3133,32,0.7063831686973572,0.7999022006988525,-0.025950461626052856,0.9363155961036682,678,431
95,3166,0,0.7368062138557434,0.30373212695121765,-0.03951520472764969,0.9989172220230103,707,164
95,3166,1,0.7333732843399048,0.2928629517555237,-0.03490467742085457,0.9980096817016602,704,158
95,3166,2,0.732047438621521,0.2922551929950714,-0.03505082055926323,0.997649073600769,702,157
95,3166,3,0.7307224273681641,0.2916639745235443,-0.03500906750559807,0.9982362389564514,701,157
95,3166,4,0.7339734435081482,0.29381728172302246,-0.05570780113339424,0.9989296793937683,704,158
95,3166,5,0.7332830429077148,0.29390475153923035,-0.055887456983327866,0.9992508292198181,703,158
95,3166,6,0.7327499389648438,0.2938932180404663,-0.05594886094331741,0.9994916915893555,703,158
95,3166,7,0.720060408115387,0.2955481708049774,-0.0037138680927455425,0.9986156821250916,691,159
95,3166,8,0.7248176336288452,0.2984442412853241,-0.09827138483524323,0.9991823434829712,695,161
95,3166,9,0.7311261296272278,0.31414562463760376,-0.023996414616703987,0.9980495572090149,701,169
95,3166,10,0.7314117550849915,0.314453125,-0.05225387588143349,0.9989205598831177,702,169
95,3166,11,0.6974145174026489,0.3551386892795563,0.05244380980730057,0.9997613430023193,669,191
95,3166,12,0.7099543213844299,0.36364638805389404,-0.13528971374034882,0.9999722242355347,681,196
95,3166,13,0.6940415501594543,0.45296505093574524,0.07633627206087112,0.08651816099882126,666,244
95,3166,14,0.7143765687942505,0.46142199635505676,-0.1522829532623291,0.9941295385360718,685,249
95,3166,15,0.7110838294029236,0.5161862373352051,0.03922674432396889,0.14882618188858032,682,278
95,3166,16,0.7481650710105896,0.517850935459137,-0.11780598759651184,0.9821356534957886,718,279
95,3166,17,0.7131585478782654,0.5284942388534546,0.03830408677458763,0.19968637824058533,684,285
95,3166,18,0.7546426057815552,0.5341947078704834,-0.13268353044986725,0.9696555733680725,724,288
95,3166,19,0.7174100279808044,0.5263932943344116,0.02174345776438713,0.20943431556224823,688,284
95,3166,20,0.7576135993003845,0.5260687470436096,-0.13304050266742706,0.9678665399551392,727,284
95,3166,21,0.7171981930732727,0.5218797326087952,0.03164086863398552,0.2052486091852188,688,281
95,3166,22,0.7548123002052307,0.5203056931495667,-0.11686165630817413,0.9449973702430725,724,280
95,3166,23,0.699371337890625,0.5214107036590576,0.057056691497564316,0.9998329281806946,671,281
95,3166,24,0.7019535899162292,0.5286570191383362,-0.05718334764242172,0.999896228313446,673,285
95,3166,25,0.7154178023338318,0.6257889270782471,0.10504112392663956,0.47508081793785095,686,337
95,3166,26,0.6983816027641296,0.6477319598197937,-0.01541533600538969,0.9214808344841003,670,349
95,3166,27,0.6948473453521729,0.7476314306259155,0.15323582291603088,0.6816917657852173,667,403
95,3166,28,0.674034059047699,0.7669373750686646,0.010746540501713753,0.9647226929664612,647,414
95,3166,29,0.6840835213661194,0.7667635083198547,0.15575309097766876,0.7903724908828735,656,414
95,3166,30,0.6639611124992371,0.7924038171768188,0.01168563961982727,0.9081200957298279,637,427
95,3166,31,0.7108646035194397,0.7754295468330383,0.13701161742210388,0.7402666807174683,682,418
95,3166,32,0.6994705200195312,0.8017946481704712,-0.027758680284023285,0.9313774108886719,671,432
96,3200,0,0.7471538782119751,0.30897167325019836,-0.034009478986263275,0.9989720582962036,717,166
96,3200,1,0.7445075511932373,0.2965056002140045,-0.03100278414785862,0.998134434223175,714,160
96,3200,2,0.7428103685379028,0.29552528262138367,-0.031136732548475266,0.9977853894233704,713,159
96,3200,3,0.7406181693077087,0.2945297062397003,-0.031089458614587784,0.9983347654342651,710,159
96,3200,4,0.7458093762397766,0.2976294755935669,-0.04964565858244896,0.998992919921875,715,160
96,3200,5,0.7455359697341919,0.2975187599658966,-0.04981895536184311,0.9992915987968445,715,160
96,3200,6,0.7454082369804382,0.2973073720932007,-0.049876581877470016,0.9995198845863342,715,160
96,3200,7,0.7305975556373596,0.29785943031311035,-0.004164106212556362,0.9986763596534729,701,160
96,3200,8,0.739081084728241,0.3009244501590729,-0.09614789485931396,0.9992170929908752,709,162
96,3200,9,0.7415049076080322,0.3181910812854767,-0.020478369668126106,0.9980413317680359,711,171
96,3200,10,0.7426894307136536,0.31910455226898193,-0.04608912393450737,0.9989168047904968,712,172
96,3200,11,0.704170286655426,0.3578876852989197,0.04973767697811127,0.999748945236206,676,193
96,3200,12,0.7232908010482788,0.3637245297431946,-0.13069909811019897,0.999971330165863,694,196
96,3200,13,0.6890013813972473,0.45074570178985596,0.076656274497509,0.0789894089102745,661,243
96,3200,14,0.733695924282074,0.4634445309638977,-0.15160375833511353,0.9939867258071899,704,250
96,3200,15,0.706095814704895,0.5181910991668701,0.058820657432079315,0.13446149230003357,677,279
96,3200,16,0.7738664746284485,0.5137369632720947,-0.1107274740934372,0.9783058762550354,742,277
96,3200,17,0.7113091945648193,0.5347477197647095,0.05901163071393967,0.1806367188692093,682,288
96,3200,18,0.7839641571044922,0.5290315747261047,-0.12576884031295776,0.9621800780296326,752,285
96,3200,19,0.7170449495315552,0.5325929522514343,0.045305922627449036,0.18935315310955048,688,287
96,3200,20,0.786351203918457,0.5208632946014404,-0.12008236348628998,0.9594133496284485,754,281
96,3200,21,0.713051974773407,0.5261353254318237,0.05309728905558586,0.18548260629177094,684,284
96,3200,22,0.7816105484962463,0.5148186683654785,-0.10750747472047806,0.927766740322113,750,278
96,3200,23,0.7091915011405945,0.5274671912193298,0.05703440681099892,0.9998364448547363,680,284
96,3200,24,0.7104386687278748,0.5335483551025391,-0.057166967540979385,0.9999017715454102,682,288
96,3200,25,0.7282180786132812,0.6282463073730469,0.10515222698450089,0.4603199362754822,699,339
96,3200,26,0.6969912052154541,0.6535953879356384,-0.012487142346799374,0.9212648868560791,669,352
96,3200,27,0.7324630618095398,0.7554430365562439,0.16413705050945282,0.6671096086502075,703,407
96,3200,28,0.6712106466293335,0.7700990438461304,0.02546808123588562,0.962486207485199,644,415
96,3200,29,0.7266741394996643,0.7798058986663818,0.16740746796131134,0.7765543460845947,697,421
96,3200,30,0.6611109375953674,0.7938445210456848,0.027452971786260605,0.8906732797622681,634,428
96,3200,31,0.75634765625,0.7748619914054871,0.1453959047794342,0.7224056720733643,726,418
96,3200,32,0.7004323601722717,0.8021443486213684,-0.013040502555668354,0.9243132472038269,672,433
97,3233,0,0.7439054250717163,0.30973300337791443,-0.031167494133114815,0.9989854693412781,714,167
97,3233,1,0.7409698963165283,0.29747506976127625,-0.027501393109560013,0.998198926448822,711,160
97,3233,2,0.7393910884857178,0.29663217067718506,-0.027635714039206505,0.9978480935096741,709,160
97,3233,3,0.7371991872787476,0.29580774903297424,-0.027588877826929092,0.9983772039413452,707,159
97,3233,4,0.7429726719856262,0.2984837293624878,-0.046623051166534424,0.999017059803009,713,161
97,3233,5,0.7430769801139832,0.2983860969543457,-0.046799346804618835,0.9993029832839966,713,161
97,3233,6,0.7432565689086914,0.2978917956352234,-0.04686351865530014,0.99952632188797,713,160
97,3233,7,0.7292981743812561,0.29884395003318787,-0.0018518175929784775,0.9986922740936279,700,161
97,3233,8,0.7382575273513794,0.30192720890045166,-0.0950818732380867,0.9992088079452515,708,163
97,3233,9,0.7394614815711975,0.31881633400917053,-0.017348982393741608,0.9979502558708191,709,172
97,3233,10,0.7412028908729553,0.3196512758731842,-0.04369526356458664,0.9988534450531006,711,172
97,3233,11,0.7072648406028748,0.359681099653244,0.05397964268922806,0.9997425079345703,678,194
97,3233,12,0.7251905798912048,0.3637729585170746,-0.1359671950340271,0.9999710321426392,696,196
97,3233,13,0.6886221170425415,0.45170533657073975,0.08699367195367813,0.07230526208877563,661,243
97,3233,14,0.7341505885124207,0.46367117762565613,-0.16612842679023743,0.9939620494842529,704,250
97,3233,15,0.7049797773361206,0.5166519284248352,0.06926338374614716,0.12160750478506088,676,278
97,3233,16,0.7737194895744324,0.5097383260726929,-0.14134488999843597,0.9759048223495483,742,275
97,3233,17,0.7065798044204712,0.5401148200035095,0.0702776238322258,0.16364480555057526,678,291
97,3233,18,0.7851159572601318,0.5250898599624634,-0.16061237454414368,0.9571970701217651,753,283
97,3233,19,0.7130932211875916,0.5374565124511719,0.05463685467839241,0.17144426703453064,684,290
97,3233,20,0.7880889773368835,0.5172145962715149,-0.1521923840045929,0.9536310434341431,756,279
97,3233,21,0.7127598524093628,0.5300762057304382,0.0626896545290947,0.16788172721862793,684,286
97,3233,22,0.7843867540359497,0.5120458602905273,-0.13742691278457642,0.9143288731575012,753,276
97,3233,23,0.7135588526725769,0.5313599109649658,0.061384715139865875,0.9998478293418884,685,286
97,3233,24,0.7131818532943726,0.5367944836616516,-0.061493754386901855,0.9999098777770996,684,289
97,3233,25,0.732802152633667,0.6299402117729187,0.12545651197433472,0.4505958557128906,703,340
97,3233,26,0.6962807774543762,0.6558277606964111,-0.014538281597197056,0.9260509610176086,668,354
97,3233,27,0.7322364449501038,0.7546595335006714,0.1900477558374405,0.6663076281547546,702,407
97,3233,28,0.6699885725975037,0.7763549089431763,0.011439739726483822,0.9641046524047852,643,419
97,3233,29,0.7275295257568359,0.7803540825843811,0.19353008270263672,0.7749308347702026,698,421
97,3233,30,0.6597334742546082,0.7962673902511597,0.011965379118919373,0.886909008026123,633,429
97,3233,31,0.7595404386520386,0.7747839689254761,0.1680963933467865,0.7166988253593445,729,418
97,3233,32,0.7003688216209412,0.8027105331420898,-0.036069680005311966,0.9257234930992126,672,433
98,3266,0,0.7564985752105713,0.3105253279209137,0.016396408900618553,0.9988600611686707,726,167
98,3266,1,0.7533856630325317,0.2983861565589905,0.016679057851433754,0.9980121850967407,723,161
98,3266,2,0.7507986426353455,0.2975538969039917,0.01654856838285923,0.9976345896720886,720,160
98,3266,3,0.7483122944831848,0.29682841897010803,0.016590062528848648,0.9982262253761292,718,160
98,3266,4,0.756773829460144,0.29942572116851807,0.00020828937704209238,0.9987862706184387,726,161
98,3266,5,0.7573596239089966,0.29937323927879333,5.5475233239121735e-05,0.9990957379341125,727,161
98,3266,6,0.7579807639122009,0.2990454137325287,-2.6693157906265697e-06,0.9993515610694885,727,161
98,3266,7,0.7398680448532104,0.3007565438747406,0.022103387862443924,0.998626172542572,710,162
98,3266,8,0.7544549107551575,0.3039509356021881,-0.05438664183020592,0.9989076852798462,724,164
98,3266,9,0.7511050701141357,0.32008442282676697,0.02282911166548729,0.9976899027824402,721,172
98,3266,10,0.7542911171913147,0.3209743797779083,-0.00015399797121062875,0.998526930809021,724,173
98,3266,11,0.7170103788375854,0.364376962184906,0.054987017065286636,0.9997585415840149,688,196
98,3266,12,0.7380697131156921,0.36381796002388,-0.10646308958530426,0.99996417760849,708,196
98,3266,13,0.6931810975074768,0.45027434825897217,0.07564830034971237,0.09148354083299637,665,243
98,3266,14,0.7490893602371216,0.46273788809776306,-0.15862418711185455,0.9919875860214233,719,249
98,3266,15,0.6946061849594116,0.5158252716064453,0.05193439498543739,0.13431532680988312,666,278
98,3266,16,0.7900880575180054,0.5013574957847595,-0.1483393758535385,0.9471780061721802,758,270
98,3266,17,0.6899546384811401,0.5396316647529602,0.04770034924149513,0.17299659550189972,662,291
98,3266,18,0.8007287979125977,0.5161985754966736,-0.16892138123512268,0.9167940616607666,768,278
98,3266,19,0.6927657723426819,0.5411471724510193,0.038510099053382874,0.1779017299413681,665,292
98,3266,20,0.8032798171043396,0.5085039138793945,-0.15825770795345306,0.9099536538124084,771,274
98,3266,21,0.698352575302124,0.5325260162353516,0.04832697659730911,0.16778361797332764,670,287
98,3266,22,0.7987133860588074,0.5028157830238342,-0.14417764544487,0.8564300537109375,766,271
98,3266,23,0.7261224389076233,0.5420017838478088,0.06088113784790039,0.9998570084571838,697,292
98,3266,24,0.7242894768714905,0.5437218546867371,-0.06101154163479805,0.9999138116836548,695,293
98,3266,25,0.7434654235839844,0.6484078168869019,0.12414220720529556,0.4500459134578705,713,350
98,3266,26,0.6997520923614502,0.6595743894577026,-0.017958734184503555,0.9288872480392456,671,356
98,3266,27,0.7636457681655884,0.7612261176109314,0.1873624622821808,0.6738384366035461,733,411
98,3266,28,0.6720853447914124,0.775850772857666,0.01584320329129696,0.962031900882721,645,418
98,3266,29,0.7647586464881897,0.7853786945343018,0.1902884542942047,0.7679804563522339,734,424
98,3266,30,0.6612063050270081,0.7961799502372742,0.017304565757513046,0.8657673001289368,634,429
98,3266,31,0.7881940007209778,0.761237382888794,0.15898039937019348,0.7183286547660828,756,411
98,3266,32,0.7005067467689514,0.8033584356307983,-0.030299516394734383,0.9219330549240112,672,433
99,3300,0,0.7556647658348083,0.31401336193084717,0.009014500305056572,0.9988806843757629,725,169
99,3300,1,0.7525617480278015,0.3019232749938965,0.010089497081935406,0.998060941696167,722,163
99,3300,2,0.7504902482032776,0.30097493529319763,0.009951691143214703,0.9977014660835266,720,162
99,3300,3,0.748287558555603,0.3001207709312439,0.010008788667619228,0.9982774257659912,718,162
99,3300,4,0.7559183239936829,0.3030473291873932,-0.006702382583171129,0.9987744688987732,725,163
99,3300,5,0.7565479874610901,0.3029504120349884,-0.00685998797416687,0.9990791082382202,726,163
99,3300,6,0.7572333216667175,0.3027645945549011,-0.006914791651070118,0.99932861328125,726,163
99,3300,7,0.7410790324211121,0.3034312129020691,0.02058030478656292,0.9986680746078491,711,163
99,3300,8,0.7539100050926208,0.30709636211395264,-0.05645220726728439,0.9988418221473694,723,165
99,3300,9,0.751289427280426,0.3231920599937439,0.017598634585738182,0.9976993799209595,721,174
99,3300,10,0.7537203431129456,0.32409143447875977,-0.0058066886849701405,0.998469889163971,723,175
99,3300,11,0.7183962464332581,0.3663177192211151,0.05703230947256088,0.9997766017913818,689,197
99,3300,12,0.7392969131469727,0.3644724190235138,-0.10672741383314133,0.9999626278877258,709,196
99,3300,13,0.6941354870796204,0.44993269443511963,0.07642678916454315,0.1144556850194931,666,242
99,3300,14,0.7519355416297913,0.4627348780632019,-0.15579383075237274,0.9917239546775818,721,249
99,3300,15,0.6904438734054565,0.5150850415229797,0.0470195971429348,0.16328226029872894,662,278
99,3300,16,0.791582465171814,0.5000837445259094,-0.14961981773376465,0.9447562098503113,759,270
99,3300,17,0.6863716840744019,0.5380933880805969,0.042139869183301926,0.19962742924690247,658,290
99,3300,18,0.8017827272415161,0.5143840909004211,-0.170909121632576,0.9112859964370728,769,277
99,3300,19,0.6888684630393982,0.5399739742279053,0.03197408467531204,0.20194494724273682,661,291
99,3300,20,0.804106593132019,0.5070096850395203,-0.16049553453922272,0.9037553071975708,771,273
99,3300,21,0.6924520134925842,0.5312207341194153,0.042993370443582535,0.18208296597003937,664,286
99,3300,22,0.8000290393829346,0.5013578534126282,-0.1455794870853424,0.8413296937942505,768,270
99,3300,23,0.7288647294044495,0.5417055487632751,0.060313817113637924,0.9998656511306763,699,292
99,3300,24,0.7259371876716614,0.5433678030967712,-0.060442276298999786,0.9999175071716309,696,293
99,3300,25,0.7471365332603455,0.6490147113800049,0.12134892493486404,0.45269539952278137,717,350
99,3300,26,0.7039896845817566,0.6581486463546753,-0.019575146958231926,0.9302236437797546,675,355
99,3300,27,0.7671437859535217,0.7622997760772705,0.1768033653497696,0.6827948093414307,736,411
99,3300,28,0.6723434329032898,0.7725358605384827,0.016253141686320305,0.9597474336624146,645,417
99,3300,29,0.7672175765037537,0.785747766494751,0.17749233543872833,0.7631481289863586,736,424
99,3300,30,0.6621319651603699,0.7925877571105957,0.01780986413359642,0.8482305407524109,635,427
99,3300,31,0.7894493937492371,0.7572847604751587,0.13309505581855774,0.7269830703735352,757,408
99,3300,32,0.7007514834403992,0.8032170534133911,-0.02931811846792698,0.9206247925758362,672,433
100,3333,0,0.7636821269989014,0.315815806388855,0.02702467516064644,0.9984498620033264,733,170
100,3333,1,0.7614284753799438,0.30430808663368225,0.02577509731054306,0.9975244402885437,730,164
100,3333,2,0.7590398192405701,0.3032991588115692,0.025638312101364136,0.9970840215682983,728,163
100,3333,3,0.7565436959266663,0.3023358881473541,0.025666436180472374,0.9979069232940674,726,163
100,3333,4,0.7669776082038879,0.30575934052467346,0.011670512147247791,0.9981117248535156,736,165
100,3333,5,0.7684422135353088,0.30580276250839233,0.011520551517605782,0.9984574913978577,737,165
100,3333,6,0.7701391577720642,0.30577462911605835,0.011464162729680538,0.9988554120063782,739,165
100,3333,7,0.7514943480491638,0.3065396547317505,0.02409965917468071,0.9984214901924133,721,165
100,3333,8,0.7690159678459167,0.31106963753700256,-0.04076715558767319,0.9977447986602783,738,167
100,3333,9,0.7590506672859192,0.3247606158256531,0.030576657503843307,0.9968915581703186,728,175
100,3333,10,0.7635533213615417,0.32583776116371155,0.010811532847583294,0.9973990321159363,733,175
100,3333,11,0.7267869710922241,0.369581401348114,0.051904451102018356,0.9997875690460205,697,199
100,3333,12,0.7543439865112305,0.36792507767677307,-0.08827812224626541,0.9999500513076782,724,198
100,3333,13,0.6984498500823975,0.44522419571876526,0.06904051452875137,0.12773463129997253,670,240
100,3333,14,0.7686411142349243,0.4621729850769043,-0.14142923057079315,0.9873783588409424,737,249
100,3333,15,0.6908437013626099,0.5121722221374512,0.048237394541502,0.17537353932857513,663,276
100,3333,16,0.8120748996734619,0.498664915561676,-0.14590676128864288,0.9042630791664124,779,269
100,3333,17,0.6868404150009155,0.5374436974525452,0.044680044054985046,0.2072969675064087,659,290
100,3333,18,0.8221938014030457,0.5095516443252563,-0.1659957468509674,0.861962080001831,789,275
100,3333,19,0.6903786063194275,0.538269579410553,0.03365772217512131,0.20734348893165588,662,290
100,3333,20,0.8245208859443665,0.501609742641449,-0.15803776681423187,0.8522516489028931,791,270
100,3333,21,0.6934431195259094,0.5309568643569946,0.04388241842389107,0.1807551085948944,665,286
100,3333,22,0.8202341198921204,0.49775344133377075,-0.14240802824497223,0.7798696160316467,787,268
100,3333,23,0.7352864742279053,0.5426756143569946,0.052911385893821716,0.999867856502533,705,293
100,3333,24,0.7356441617012024,0.54337477684021,-0.05300029739737511,0.9999141097068787,706,293
100,3333,25,0.7570406794548035,0.650661289691925,0.08436648547649384,0.429901123046875,726,351
100,3333,26,0.7090415358543396,0.6580798625946045,-0.0267951600253582,0.9198634624481201,680,355
100,3333,27,0.7860241532325745,0.758987545967102,0.12040609866380692,0.6618511080741882,754,409
100,3333,28,0.6743462085723877,0.7684733271598816,-0.0007633416680619121,0.9459543228149414,647,414
100,3333,29,0.787531852722168,0.7830307483673096,0.12042809277772903,0.7348646521568298,756,422
100,3333,30,0.6637288331985474,0.784149169921875,-0.00018953312246594578,0.8081961274147034,637,423
100,3333,31,0.8109589219093323,0.7484511733055115,0.08336342871189117,0.7076534628868103,778,404
100,3333,32,0.7004187703132629,0.8041650056838989,-0.04595530778169632,0.9035637974739075,672,434
101,3366,0,0.7646021246910095,0.31786787509918213,0.03664863854646683,0.9983758926391602,734,171
101,3366,1,0.762179434299469,0.3071235418319702,0.03499215096235275,0.9974123239517212,731,165
101,3366,2,0.7601236701011658,0.3061389923095703,0.03485523909330368,0.9969600439071655,729,165
101,3366,3,0.75785231590271,0.30513375997543335,0.03488917276263237,0.9978305697441101,727,164
101,3366,4,0.7669023871421814,0.308566689491272,0.020453307777643204,0.9979410767555237,736,166
101,3366,5,0.7682994604110718,0.30863454937934875,0.020313357934355736,0.9983106851577759,737,166
101,3366,6,0.769819974899292,0.30865296721458435,0.02026304043829441,0.9987265467643738,739,166
101,3366,7,0.7522329092025757,0.30905839800834656,0.029621653258800507,0.998400092124939,722,166
101,3366,8,0.7698275446891785,0.31383058428764343,-0.03711344674229622,0.9974830746650696,739,169
101,3366,9,0.7608931660652161,0.32632872462272644,0.03877157345414162,0.9968037605285645,730,176
101,3366,10,0.7645086646080017,0.3275715708732605,0.01839531771838665,0.9972106218338013,733,176
101,3366,11,0.7299916744232178,0.3707294166088104,0.0520043820142746,0.9998030662536621,700,200
101,3366,12,0.7562913298606873,0.3702320456504822,-0.09289202094078064,0.9999457597732544,726,199
101,3366,13,0.7003268599510193,0.4436868131160736,0.06578453630208969,0.16762904822826385,672,239
101,3366,14,0.7674354910850525,0.461655855178833,-0.15186677873134613,0.9858992695808411,736,249
101,3366,15,0.6911299824714661,0.5106751322746277,0.04129993915557861,0.22034236788749695,663,275
101,3366,16,0.8103175759315491,0.4974464774131775,-0.16696792840957642,0.8902995586395264,777,268
101,3366,17,0.6870476007461548,0.5345554947853088,0.03568301722407341,0.2460445612668991,659,288
101,3366,18,0.8205453753471375,0.508550763130188,-0.19010838866233826,0.8406037092208862,787,274
101,3366,19,0.6903967261314392,0.5368236303329468,0.02636602520942688,0.24365250766277313,662,289
101,3366,20,0.8226699233055115,0.5009686350822449,-0.17900162935256958,0.8288242220878601,789,270
101,3366,21,0.6936884522438049,0.5296451449394226,0.03747658059000969,0.20611776411533356,665,286
101,3366,22,0.819031834602356,0.496823787689209,-0.16336339712142944,0.7433629631996155,786,268
101,3366,23,0.7401264309883118,0.542796790599823,0.05304711312055588,0.9998751878738403,710,293
101,3366,24,0.7391479015350342,0.5431050062179565,-0.05315813049674034,0.9999164342880249,709,293
101,3366,25,0.7588743567466736,0.651345431804657,0.09395994246006012,0.4210015833377838,728,351
101,3366,26,0.7109416723251343,0.6579968929290771,-0.02537287026643753,0.9181498289108276,682,355
101,3366,27,0.7870438098907471,0.7571045756340027,0.139683797955513,0.6554826498031616,755,408
101,3366,28,0.6744974255561829,0.7652429342269897,0.004926423076540232,0.9397076368331909,647,413
101,3366,29,0.7874606251716614,0.7809785008430481,0.1410188376903534,0.7213076949119568,755,421
101,3366,30,0.6631364226341248,0.7813113331794739,0.006006231065839529,0.7805737257003784,636,421
101,3366,31,0.8105894327163696,0.7469379305839539,0.10509012639522552,0.7005798816680908,778,403
101,3366,32,0.6995744109153748,0.8039565682411194,-0.04161471500992775,0.8946138620376587,671,434
102,3400,0,0.778206467628479,0.31749027967453003,0.033244382590055466,0.9982898831367493,747,171
102,3400,1,0.7755005359649658,0.3067266345024109,0.03198619931936264,0.9973241686820984,744,165
102,3400,2,0.7730151414871216,0.3058429956436157,0.03184681013226509,0.9968576431274414,742,165
102,3400,3,0.7702827453613281,0.30496761202812195,0.03187544643878937,0.9977958798408508,739,164
102,3400,4,0.7809528708457947,0.30805903673171997,0.01814972795546055,0.9977636337280273,749,166
102,3400,5,0.7826206088066101,0.3081932067871094,0.018007246777415276,0.9981286525726318,751,166
102,3400,6,0.7840130925178528,0.3082543611526489,0.017961807548999786,0.9985877275466919,752,166
102,3400,7,0.7653369307518005,0.30894264578819275,0.02869141474366188,0.998386561870575,734,166
102,3400,8,0.783158540725708,0.31382840871810913,-0.03430679813027382,0.9970862865447998,751,169
102,3400,9,0.77374267578125,0.3265264332294464,0.03614328056573868,0.9966767430305481,742,176
102,3400,10,0.7782028913497925,0.32762420177459717,0.01683243364095688,0.9969149231910706,747,176
102,3400,11,0.7405467629432678,0.3711760640144348,0.051316481083631516,0.9998173117637634,710,200
102,3400,12,0.7689077854156494,0.37058013677597046,-0.08202114701271057,0.9999419450759888,738,200
102,3400,13,0.7091799974441528,0.4360197186470032,0.06563469022512436,0.1873997449874878,680,235
102,3400,14,0.779410183429718,0.4600678086280823,-0.13370247185230255,0.98436439037323,748,248
102,3400,15,0.6955234408378601,0.50532066822052,0.042977504432201385,0.24554288387298584,667,272
102,3400,16,0.8236105442047119,0.4920172691345215,-0.15331584215164185,0.8749285340309143,790,265
102,3400,17,0.6891472339630127,0.5254852771759033,0.03736979141831398,0.26555120944976807,661,283
102,3400,18,0.8350849747657776,0.5015688538551331,-0.17970651388168335,0.8190229535102844,801,270
102,3400,19,0.6941558122634888,0.5312913060188293,0.028212836012244225,0.26050063967704773,666,286
102,3400,20,0.8392736911773682,0.49283915758132935,-0.1644771695137024,0.8055886626243591,805,266
102,3400,21,0.6978729367256165,0.524800181388855,0.03905606269836426,0.21327494084835052,669,283
102,3400,22,0.8323106169700623,0.48868900537490845,-0.14946246147155762,0.7073320150375366,799,263
102,3400,23,0.7476264238357544,0.5423305630683899,0.05059019848704338,0.9998812079429626,717,292
102,3400,24,0.7484546899795532,0.5426819324493408,-0.05068105459213257,0.9999176859855652,718,293
102,3400,25,0.7701924443244934,0.6509249806404114,0.0819924920797348,0.3979704976081848,739,351
102,3400,26,0.7212247848510742,0.6579426527023315,-0.02578720450401306,0.909648060798645,692,355
102,3400,27,0.7991744875907898,0.7559874653816223,0.12046284228563309,0.6334080696105957,767,408
102,3400,28,0.6800889372825623,0.7617260217666626,0.005120183806866407,0.9262807369232178,652,411
102,3400,29,0.7989522814750671,0.7823043465614319,0.1208747923374176,0.6978276371955872,766,422
102,3400,30,0.6671894788742065,0.7753370404243469,0.0062742154113948345,0.7474910616874695,640,418
102,3400,31,0.8314560055732727,0.7495135068893433,0.08554695546627045,0.6828637719154358,798,404
102,3400,32,0.701994776725769,0.8039776682853699,-0.03881791606545448,0.880394697189331,673,434
103,3433,0,0.7797605991363525,0.3179868459701538,0.03874032199382782,0.998033881187439,748,171
103,3433,1,0.7773314714431763,0.30761659145355225,0.03681124746799469,0.996902346611023,746,166
103,3433,2,0.7750843167304993,0.30671265721321106,0.03666793182492256,0.9963728785514832,744,165
103,3433,3,0.7727242112159729,0.305836021900177,0.03669207915663719,0.9975119233131409,741,165
103,3433,4,0.7823045253753662,0.3090784549713135,0.023209214210510254,0.997231125831604,751,166
103,3433,5,0.7839043140411377,0.30926012992858887,0.023074129596352577,0.997640073299408,752,167
103,3433,6,0.7856155633926392,0.30939340591430664,0.02302846498787403,0.9981864094734192,754,167
103,3433,7,0.767716109752655,0.3099689483642578,0.030551960691809654,0.9982411861419678,737,167
103,3433,8,0.7862403988838196,0.3148963749408722,-0.03167144954204559,0.9961737394332886,754,170
103,3433,9,0.7758876085281372,0.3268439769744873,0.0404147170484066,0.9963281154632568,744,176
103,3433,10,0.7798337340354919,0.32806095480918884,0.0213776808232069,0.9963365197181702,748,177
103,3433,11,0.7449306845664978,0.3711961805820465,0.04899289458990097,0.9998307824134827,715,200
103,3433,12,0.7712295055389404,0.37160009145736694,-0.08387183398008347,0.9999374151229858,740,200
103,3433,13,0.7112005949020386,0.4359190762042999,0.05553019046783447,0.2204066514968872,682,235
103,3433,14,0.7796022891998291,0.45913389325141907,-0.14424581825733185,0.9811409115791321,748,247
103,3433,15,0.6968629360198975,0.5008533596992493,0.028643911704421043,0.28150954842567444,668,270
103,3433,16,0.8225830793380737,0.49093401432037354,-0.17189238965511322,0.8511025905609131,789,265
103,3433,17,0.6893123388290405,0.5209683179855347,0.020621050149202347,0.296206533908844,661,281
103,3433,18,0.8336905241012573,0.5009984970092773,-0.19641360640525818,0.7903087735176086,800,270
103,3433,19,0.6947789788246155,0.5281807780265808,0.013006323017179966,0.28886881470680237,666,285
103,3433,20,0.8349758982658386,0.4924517571926117,-0.18481773138046265,0.7749943733215332,801,265
103,3433,21,0.6996147036552429,0.52137291431427,0.025389565154910088,0.2309313714504242,671,281
103,3433,22,0.8297485113143921,0.48827892541885376,-0.1686282455921173,0.666602373123169,796,263
103,3433,23,0.7511203289031982,0.5423879027366638,0.05038253217935562,0.9998893141746521,721,292
103,3433,24,0.751586377620697,0.5425299406051636,-0.05046826973557472,0.9999213814735413,721,292
103,3433,25,0.7723987698554993,0.6508633494377136,0.08299096673727036,0.38554126024246216,741,351
103,3433,26,0.7235795855522156,0.6580808758735657,-0.025483272969722748,0.9051052331924438,694,355
103,3433,27,0.8006802201271057,0.7556236982345581,0.12078116834163666,0.6268775463104248,768,408
103,3433,28,0.6815022826194763,0.761589527130127,0.003101461799815297,0.9194991588592529,654,411
103,3433,29,0.8001644611358643,0.784014880657196,0.12090916186571121,0.6872336864471436,768,423
103,3433,30,0.6678870320320129,0.7743288278579712,0.0037708613090217113,0.7251197099685669,641,418
103,3433,31,0.8334319591522217,0.7508976459503174,0.08202876150608063,0.6771576404571533,800,405
103,3433,32,0.7016226053237915,0.8039438128471375,-0.04383419454097748,0.8726708889007568,673,434
104,3466,0,0.7924267053604126,0.31954941153526306,0.029625888913869858,0.9974691867828369,760,172
104,3466,1,0.7897619605064392,0.3087972104549408,0.0274414774030447,0.9960882663726807,758,166
104,3466,2,0.7871592044830322,0.3077727258205414,0.027302240952849388,0.9954617619514465,755,166
104,3466,3,0.7846502661705017,0.3068181276321411,0.0273391492664814,0.9968308806419373,753,165
104,3466,4,0.7958580851554871,0.31057438254356384,0.014710891991853714,0.9964406490325928,764,167
104,3466,5,0.7975268959999084,0.31079819798469543,0.014564743265509605,0.9970337152481079,765,167
104,3466,6,0.7989985942840576,0.3109304904937744,0.014507675543427467,0.9977260231971741,767,167
104,3466,7,0.7791222929954529,0.310768187046051,0.02848857082426548,0.9978594183921814,747,167
104,3466,8,0.7985455393791199,0.3162756860256195,-0.03612789884209633,0.9955008029937744,766,170
104,3466,9,0.7878174185752869,0.32824021577835083,0.03186600282788277,0.9955886006355286,756,177
104,3466,10,0.7927047610282898,0.32972902059555054,0.01389195304363966,0.9955877065658569,760,178
104,3466,11,0.7556865215301514,0.3723319172859192,0.03583306074142456,0.9998373985290527,725,201
104,3466,12,0.7846109867095947,0.37261196970939636,-0.07778986543416977,0.9999316930770874,753,201
104,3466,13,0.7205663919448853,0.4340219795703888,0.04027683287858963,0.22740064561367035,691,234
104,3466,14,0.792658269405365,0.4592015743255615,-0.12803570926189423,0.9784160852432251,760,247
104,3466,15,0.7082759737968445,0.4997912347316742,0.014807088300585747,0.2951357662677765,679,269
104,3466,16,0.8362149596214294,0.4926745891571045,-0.14944034814834595,0.8504613637924194,802,266
104,3466,17,0.702177882194519,0.5180384516716003,0.0067716906778514385,0.30838724970817566,674,279
104,3466,18,0.8470780253410339,0.5044099688529968,-0.17131905257701874,0.78892982006073,813,272
104,3466,19,0.7068077921867371,0.5251226425170898,-0.0008417166536673903,0.29917773604393005,678,283
104,3466,20,0.8493316173553467,0.49640440940856934,-0.16076351702213287,0.7731819152832031,815,268
104,3466,21,0.7117335796356201,0.519381046295166,0.011629457585513592,0.23365506529808044,683,280
104,3466,22,0.8442966938018799,0.491783082485199,-0.1463797241449356,0.6555235385894775,810,265
104,3466,23,0.7699003219604492,0.5436424016952515,0.04344167932868004,0.9998926520347595,739,293
104,3466,24,0.7675805687904358,0.543407142162323,-0.04352886974811554,0.9999215006828308,736,293
104,3466,25,0.7835819125175476,0.650734543800354,0.08387859165668488,0.3830316364765167,752,351
104,3466,26,0.7367507815361023,0.6550503373146057,-0.025370968505740166,0.9002966284751892,707,353
104,3466,27,0.8049929738044739,0.7581343054771423,0.12264236062765121,0.6384817361831665,772,409
104,3466,28,0.6927434206008911,0.7489185333251953,0.011652032844722271,0.9141309857368469,665,404
104,3466,29,0.8026509881019592,0.785872757434845,0.1230688989162445,0.6864674687385559,770,424
104,3466,30,0.6816084384918213,0.7525002360343933,0.01436095405369997,0.705155611038208,654,406
104,3466,31,0.8282232284545898,0.7615696787834167,0.0848950520157814,0.6862013339996338,795,411
104,3466,32,0.7011635303497314,0.8036760091781616,-0.02688964456319809,0.8683834075927734,673,433
105,3500,0,0.7947705984115601,0.32054978609085083,0.04123145341873169,0.9959957599639893,762,173
105,3500,1,0.7922812700271606,0.31032148003578186,0.03767482191324234,0.9938161969184875,760,167
105,3500,2,0.7901662588119507,0.3093867301940918,0.0375237874686718,0.992752730846405,758,167
105,3500,3,0.7878838777542114,0.308482825756073,0.037552691996097565,0.995099663734436,756,166
105,3500,4,0.7972181439399719,0.31177660822868347,0.02514638751745224,0.9941520094871521,765,168
105,3500,5,0.7987529039382935,0.3119317889213562,0.025002295151352882,0.9951024055480957,766,168
105,3500,6,0.8003135323524475,0.31204143166542053,0.02493889071047306,0.9962453842163086,768,168
105,3500,7,0.7824413180351257,0.31269174814224243,0.027637654915452003,0.9968516826629639,751,168
105,3500,8,0.8004445433616638,0.3173734247684479,-0.0319642648100853,0.9928722977638245,768,171
105,3500,9,0.790683388710022,0.32931044697761536,0.0409318171441555,0.9934964776039124,759,177
105,3500,10,0.7946664094924927,0.33055543899536133,0.023236237466335297,0.9931014180183411,762,178
105,3500,11,0.7591103315353394,0.37308600544929504,0.03917056694626808,0.999845564365387,728,201
105,3500,12,0.7871824502944946,0.3736192286014557,-0.08111151307821274,0.9999200105667114,755,201
105,3500,13,0.7234414219856262,0.43451422452926636,0.04731352627277374,0.24155311286449432,694,234
105,3500,14,0.7949649691581726,0.4592699110507965,-0.1403275430202484,0.9715937972068787,763,248
105,3500,15,0.7099312543869019,0.4989086091518402,0.05490850284695625,0.317823201417923,681,269
105,3500,16,0.8380019068717957,0.4933325946331024,-0.17133504152297974,0.8352824449539185,804,266
105,3500,17,0.7043336033821106,0.517333447933197,0.05077183246612549,0.32751137018203735,676,279
105,3500,18,0.8483443856239319,0.5053814649581909,-0.1941644251346588,0.7699604034423828,814,272
105,3500,19,0.7088167071342468,0.523192822933197,0.04457290470600128,0.3163025677204132,680,282
105,3500,20,0.8509948253631592,0.49862587451934814,-0.1840943545103073,0.7536216378211975,816,269
105,3500,21,0.7124698162078857,0.5176852941513062,0.053131721913814545,0.24287988245487213,683,279
105,3500,22,0.8468201756477356,0.49388083815574646,-0.16833914816379547,0.6261615753173828,812,266
105,3500,23,0.7710219621658325,0.5442304015159607,0.04510193690657616,0.9998986124992371,740,293
105,3500,24,0.7703025937080383,0.5433762669563293,-0.04519554600119591,0.999922513961792,739,293
105,3500,25,0.78643399477005,0.6512794494628906,0.0873144194483757,0.370210200548172,754,351
105,3500,26,0.7418698668479919,0.6554946899414062,-0.03420763835310936,0.8780634999275208,712,353
105,3500,27,0.8040230870246887,0.759794294834137,0.12899136543273926,0.6359822154045105,771,410
105,3500,28,0.6960100531578064,0.7457482218742371,0.005669871345162392,0.8903027176856995,668,402
105,3500,29,0.7999839186668396,0.7868937849998474,0.12967035174369812,0.6790950298309326,767,424
105,3500,30,0.6841529011726379,0.7488337159156799,0.008596341125667095,0.6682428121566772,656,404
105,3500,31,0.8288503885269165,0.7647480964660645,0.09481465071439743,0.6772568821907043,795,412
105,3500,32,0.7009447813034058,0.8046404719352722,-0.027922529727220535,0.8425264358520508,672,434
106,3533,0,0.8087911009788513,0.32101163268089294,0.042409081012010574,0.995552659034729,776,173
106,3533,1,0.8056343793869019,0.3103148639202118,0.041950784623622894,0.9932129979133606,773,167
106,3533,2,0.8032929301261902,0.3094209134578705,0.041800640523433685,0.992068350315094,771,167
106,3533,3,0.8006488680839539,0.30856719613075256,0.04181656613945961,0.9946901202201843,768,166
106,3533,4,0.8110354542732239,0.31187903881073,0.027940386906266212,0.9936168193817139,778,168
106,3533,5,0.8127452731132507,0.31211012601852417,0.027791019529104233,0.9946267008781433,780,168
106,3533,6,0.8141362071037292,0.31227245926856995,0.02772683836519718,0.9958620667457581,781,168
106,3533,7,0.7949322462081909,0.3130108416080475,0.04036392644047737,0.9966748356819153,763,169
106,3533,8,0.8124921917915344,0.31789204478263855,-0.02385205402970314,0.9920946955680847,779,171
106,3533,9,0.8039044737815857,0.33022210001945496,0.045375432819128036,0.9926794171333313,771,178
106,3533,10,0.8081808686256409,0.3314366340637207,0.02586706355214119,0.9921985268592834,775,178
106,3533,11,0.7676239013671875,0.3753649592399597,0.05914169177412987,0.9998520612716675,736,202
106,3533,12,0.7959819436073303,0.374565064907074,-0.07377142459154129,0.9999154210090637,764,202
106,3533,13,0.7343834638595581,0.43514925241470337,0.07912170141935349,0.23993109166622162,705,234
106,3533,14,0.8060729503631592,0.4610000252723694,-0.12701888382434845,0.970640242099762,773,248
106,3533,15,0.7241719365119934,0.4991454482078552,0.07597551494836807,0.31419825553894043,695,269
106,3533,16,0.8495876789093018,0.49558964371681213,-0.1449975222349167,0.8298856019973755,815,267
106,3533,17,0.7192693948745728,0.517583966255188,0.07312748581171036,0.3233738839626312,690,279
106,3533,18,0.8587751984596252,0.5078511834144592,-0.1652050018310547,0.762435257434845,824,274
106,3533,19,0.7234355211257935,0.5230752229690552,0.06620606780052185,0.31081631779670715,694,282
106,3533,20,0.8622639179229736,0.49992015957832336,-0.1551222950220108,0.7461133599281311,827,269
106,3533,21,0.7271235585212708,0.5177189707756042,0.07362529635429382,0.2365565448999405,698,279
106,3533,22,0.8583835363388062,0.49448204040527344,-0.14146213233470917,0.612032949924469,824,267
106,3533,23,0.7749175429344177,0.5439327955245972,0.04531342163681984,0.9999039769172668,743,293
106,3533,24,0.7807470560073853,0.542120099067688,-0.04541395232081413,0.999924898147583,749,292
106,3533,25,0.798717200756073,0.651206910610199,0.09582296013832092,0.36166566610336304,766,351
106,3533,26,0.7688663601875305,0.6555046439170837,-0.05278971046209335,0.8808468580245972,738,353
106,3533,27,0.8070189952850342,0.7604690790176392,0.1306277960538864,0.646845817565918,774,410
106,3533,28,0.7109842300415039,0.7375802993774414,-0.015310586430132389,0.8901726603507996,682,398
106,3533,29,0.8007587790489197,0.785815417766571,0.13073588907718658,0.6877188682556152,768,424
106,3533,30,0.6966249346733093,0.73555988073349,-0.012132913805544376,0.6656437516212463,668,397
106,3533,31,0.8305479884147644,0.7752237319946289,0.09860489517450333,0.6845666766166687,797,418
106,3533,32,0.7077496647834778,0.7970963716506958,-0.03981231153011322,0.8447375893592834,679,430
107,3566,0,0.8078843355178833,0.32339173555374146,0.04437299072742462,0.9956512451171875,775,174
107,3566,1,0.8054822683334351,0.31241291761398315,0.04459432139992714,0.9933714270591736,773,168
107,3566,2,0.8034961819648743,0.3116055428981781,0.044449396431446075,0.9921928644180298,771,168
107,3566,3,0.8011586666107178,0.3108658194541931,0.044469889253377914,0.9947856664657593,769,167
107,3566,4,0.809921383857727,0.3139074146747589,0.030662838369607925,0.9938181042671204,777,169
107,3566,5,0.8113206028938293,0.3141460716724396,0.03050726279616356,0.9947906732559204,778,169
107,3566,6,0.8126713037490845,0.3143952190876007,0.0304447952657938,0.9959736466407776,780,169
107,3566,7,0.7957877516746521,0.3154379427433014,0.04613364487886429,0.9967551827430725,763,170
107,3566,8,0.8121902942657471,0.3197970688343048,-0.01818108558654785,0.9922586679458618,779,172
107,3566,9,0.8039360046386719,0.3318956792354584,0.04835044592618942,0.9926506280899048,771,179
107,3566,10,0.8073871731758118,0.33318161964416504,0.028816334903240204,0.9922129511833191,775,179
107,3566,11,0.7724373936653137,0.37503495812416077,0.0680544525384903,0.9998592734336853,741,202
107,3566,12,0.7969604134559631,0.3745563328266144,-0.07223156839609146,0.9999157786369324,765,202
107,3566,13,0.736835241317749,0.43541884422302246,0.09486661851406097,0.25053736567497253,707,235
107,3566,14,0.8057736754417419,0.46099889278411865,-0.12832997739315033,0.9710727334022522,773,248
107,3566,15,0.7256613373756409,0.49964702129364014,0.09560022503137589,0.32874608039855957,696,269
107,3566,16,0.8487557172775269,0.496284544467926,-0.16414456069469452,0.836807906627655,814,267
107,3566,17,0.7206540703773499,0.5180675983428955,0.09347282350063324,0.3367558717727661,691,279
107,3566,18,0.8589901328086853,0.508222758769989,-0.18719032406806946,0.7701819539070129,824,274
107,3566,19,0.7248268723487854,0.5234367251396179,0.08604944497346878,0.32260236144065857,695,282
107,3566,20,0.8613336086273193,0.5007115006446838,-0.17751391232013702,0.7546505331993103,826,270
107,3566,21,0.7291638255119324,0.5182782411575317,0.09317492693662643,0.2441653311252594,699,279
107,3566,22,0.8578322529792786,0.49523553252220154,-0.16115812957286835,0.6174558997154236,823,267
107,3566,23,0.782558023929596,0.5433664321899414,0.04772273823618889,0.9999104142189026,751,293
107,3566,24,0.7842761278152466,0.5421016812324524,-0.04784797132015228,0.999928891658783,752,292
107,3566,25,0.8002262711524963,0.6507014036178589,0.0964701920747757,0.357199490070343,768,351
107,3566,26,0.7717711329460144,0.6536808609962463,-0.06091587245464325,0.8840612173080444,740,352
107,3566,27,0.8073787093162537,0.761394739151001,0.12891283631324768,0.6576600670814514,775,411
107,3566,28,0.7136970162391663,0.7365338206291199,-0.02151382528245449,0.8881626725196838,685,397
107,3566,29,0.800396740436554,0.7862001061439514,0.1287771314382553,0.697463870048523,768,424
107,3566,30,0.6999918222427368,0.7321949601173401,-0.01809006929397583,0.6593155860900879,671,395
107,3566,31,0.8366398215293884,0.7805969715118408,0.09909601509571075,0.692184567451477,803,421
107,3566,32,0.7096148133277893,0.7961695194244385,-0.04630226641893387,0.8450959324836731,681,429
108,3600,0,0.8182400465011597,0.32377925515174866,0.046542711555957794,0.9954516291618347,785,174
108,3600,1,0.8160483241081238,0.31291696429252625,0.046967510133981705,0.9930459260940552,783,168
108,3600,2,0.8138423562049866,0.3120787441730499,0.04683419317007065,0.9918047785758972,781,168
108,3600,3,0.8114343881607056,0.31139829754829407,0.04686490073800087,0.9944435954093933,778,168
108,3600,4,0.8212857842445374,0.31429699063301086,0.033539965748786926,0.9936851263046265,788,169
108,3600,5,0.8227434754371643,0.31445011496543884,0.033375807106494904,0.994758665561676,789,169
108,3600,6,0.8240380883216858,0.314574271440506,0.0333070382475853,0.9959461688995361,791,169
108,3600,7,0.8062903881072998,0.3159738779067993,0.05004793033003807,0.9965572953224182,774,170
108,3600,8,0.8214170336723328,0.3204611837863922,-0.011050854809582233,0.9922491312026978,788,173
108,3600,9,0.8139344453811646,0.3323012590408325,0.05119727551937103,0.9921080470085144,781,179
108,3600,10,0.8181844353675842,0.333542138338089,0.032500240951776505,0.9919452667236328,785,180
108,3600,11,0.7805212140083313,0.37557747960090637,0.07368139177560806,0.9998571872711182,749,202
108,3600,12,0.8084155917167664,0.3746156394481659,-0.05803394317626953,0.9999189972877502,776,202
108,3600,13,0.7531992197036743,0.4357004463672638,0.10042717307806015,0.23786869645118713,723,235
108,3600,14,0.8120951056480408,0.46089571714401245,-0.11461733281612396,0.9726628065109253,779,248
108,3600,15,0.7427110075950623,0.4999399185180664,0.09827010333538055,0.31226846575737,713,269
108,3600,16,0.8505746126174927,0.5001270174980164,-0.14765818417072296,0.8486580848693848,816,270
108,3600,17,0.7391202449798584,0.5191298723220825,0.09671216458082199,0.3208957612514496,709,280
108,3600,18,0.8597983121871948,0.5174558758735657,-0.16932035982608795,0.7859960198402405,825,279
108,3600,19,0.7427274584770203,0.5249207615852356,0.08737240731716156,0.30672264099121094,713,283
108,3600,20,0.8633521795272827,0.5105787515640259,-0.16089607775211334,0.7715624570846558,828,275
108,3600,21,0.7465328574180603,0.5195512175559998,0.09502585977315903,0.23129083216190338,716,280
108,3600,22,0.8604783415794373,0.5038008689880371,-0.1451607346534729,0.6390066146850586,826,272
108,3600,23,0.7856826782226562,0.5376707911491394,0.0463651604950428,0.9999130368232727,754,290
108,3600,24,0.7933334112167358,0.5393199920654297,-0.046482693403959274,0.9999312162399292,761,291
108,3600,25,0.808441162109375,0.6501979231834412,0.059772178530693054,0.3546939492225647,776,351
108,3600,26,0.7868058681488037,0.650993287563324,-0.060810960829257965,0.8837310671806335,755,351
108,3600,27,0.8099919557571411,0.7634434700012207,0.07107970863580704,0.6632502675056458,777,412
108,3600,28,0.7311961054801941,0.7317795157432556,-0.02763742208480835,0.8870432376861572,701,395
108,3600,29,0.8020830750465393,0.788781464099884,0.06921897083520889,0.7014888525009155,769,425
108,3600,30,0.7157617211341858,0.7354961037635803,-0.024732906371355057,0.657749354839325,687,397
108,3600,31,0.8383780121803284,0.7840193510055542,0.040086258202791214,0.6985511779785156,804,423
108,3600,32,0.7343420386314392,0.7897607684135437,-0.05110200121998787,0.8468131422996521,704,426
109,3633,0,0.8183952569961548,0.32358914613723755,0.04415542632341385,0.995701014995575,785,174
109,3633,1,0.816456139087677,0.3127247393131256,0.04547940939664841,0.9933903217315674,783,168
109,3633,2,0.8142658472061157,0.3119354546070099,0.04535076767206192,0.9921988248825073,781,168
109,3633,3,0.8119900822639465,0.31128638982772827,0.04538261890411377,0.9946917295455933,779,168
109,3633,4,0.8210313320159912,0.3140842914581299,0.031306665390729904,0.9940493106842041,788,169
109,3633,5,0.8223598003387451,0.3141913115978241,0.03114381805062294,0.9950827360153198,789,169
109,3633,6,0.8237267136573792,0.3143644630908966,0.031082499772310257,0.9961826205253601,790,169
109,3633,7,0.8066402077674866,0.31594014167785645,0.05192997679114342,0.9967167377471924,774,170
109,3633,8,0.8225426077842712,0.3206697106361389,-0.013207703828811646,0.9926818609237671,789,173
109,3633,9,0.8142921328544617,0.33216509222984314,0.049805447459220886,0.9923354387283325,781,179
109,3633,10,0.818139374256134,0.3334234952926636,0.030071763321757317,0.9922671318054199,785,180
109,3633,11,0.783695638179779,0.3754161298274994,0.07799986749887466,0.9998590350151062,752,202
109,3633,12,0.8103929758071899,0.37489497661590576,-0.06444273144006729,0.9999213814735413,777,202
109,3633,13,0.7557562589645386,0.4393199682235718,0.10523359477519989,0.24256625771522522,725,237
109,3633,14,0.8133775591850281,0.46050235629081726,-0.12210556864738464,0.9742501974105835,780,248
109,3633,15,0.7449263334274292,0.5055781006813049,0.10036668926477432,0.3133607506752014,715,273
109,3633,16,0.8525306582450867,0.5013934969902039,-0.1585770547389984,0.8589288592338562,818,270
109,3633,17,0.7398516535758972,0.5231891870498657,0.09805532544851303,0.32218900322914124,710,282
109,3633,18,0.8619316220283508,0.5203050374984741,-0.18193674087524414,0.7995126247406006,827,280
109,3633,19,0.7453060150146484,0.5283705592155457,0.08841490745544434,0.3073037266731262,715,285
109,3633,20,0.865896999835968,0.5147557854652405,-0.17343957722187042,0.7860041856765747,831,277
109,3633,21,0.7481868267059326,0.5226954221725464,0.0968245342373848,0.2314101606607437,718,282
109,3633,22,0.8623381853103638,0.5069010257720947,-0.15615220367908478,0.656784176826477,827,273
109,3633,23,0.7900264263153076,0.536591649055481,0.04743747413158417,0.9999174475669861,758,289
109,3633,24,0.7948358654975891,0.5386037826538086,-0.04755963757634163,0.9999344944953918,763,290
109,3633,25,0.8076732158660889,0.6501695513725281,0.06824428588151932,0.3672405779361725,775,351
109,3633,26,0.7901709675788879,0.6480554938316345,-0.05858845263719559,0.8888538479804993,758,349
109,3633,27,0.8101457953453064,0.7646180987358093,0.08363645523786545,0.6802178621292114,777,412
109,3633,28,0.7319489121437073,0.7337336540222168,-0.027253465726971626,0.8907422423362732,702,396
109,3633,29,0.8028308153152466,0.7900992631912231,0.08207617700099945,0.7150925397872925,770,426
109,3633,30,0.7176380753517151,0.7382192611694336,-0.024742363020777702,0.6629436016082764,688,398
109,3633,31,0.8395518064498901,0.7863824367523193,0.04939984530210495,0.7135698199272156,805,424
109,3633,32,0.738715410232544,0.7892562747001648,-0.055394724011421204,0.8526379466056824,709,426
110,3666,0,0.8368921279907227,0.32349759340286255,0.040495265275239944,0.9959954619407654,803,174
110,3666,1,0.8345497250556946,0.3126271665096283,0.041173335164785385,0.9939186573028564,801,168
110,3666,2,0.8324471116065979,0.3118300139904022,0.041037801653146744,0.992838978767395,799,168
110,3666,3,0.8297059535980225,0.31115177273750305,0.041070278733968735,0.9951247572898865,796,168
110,3666,4,0.8378036022186279,0.3139519691467285,0.02718956209719181,0.9945310950279236,804,169
110,3666,5,0.8383538722991943,0.31405898928642273,0.027019670233130455,0.9954865574836731,804,169
110,3666,6,0.8389909267425537,0.31421464681625366,0.026947664096951485,0.9964956045150757,805,169
110,3666,7,0.8218504190444946,0.31523701548576355,0.045905034989118576,0.9969941973686218,788,170
110,3666,8,0.8350517749786377,0.32002225518226624,-0.018647482618689537,0.9932961463928223,801,172
110,3666,9,0.8318193554878235,0.3321256935596466,0.04568254575133324,0.9929521679878235,798,179
110,3666,10,0.8347589373588562,0.3333668112754822,0.026048051193356514,0.9929051399230957,801,180
110,3666,11,0.7944478988647461,0.37527918815612793,0.07697376608848572,0.9998688101768494,762,202
110,3666,12,0.8221021890640259,0.3733213543891907,-0.06536761671304703,0.9999266266822815,789,201
110,3666,13,0.7712498903274536,0.44075754284858704,0.0956154391169548,0.2558315098285675,740,238
110,3666,14,0.8241733312606812,0.4603034555912018,-0.11911211162805557,0.9737284183502197,791,248
110,3666,15,0.7639229893684387,0.5143290758132935,0.08121257275342941,0.32942575216293335,733,277
110,3666,16,0.8585711717605591,0.5122319459915161,-0.1447523534297943,0.870289146900177,824,276
110,3666,17,0.7587378025054932,0.5332621335983276,0.07810323685407639,0.3408176004886627,728,287
110,3666,18,0.8666219711303711,0.5325170159339905,-0.16446350514888763,0.8159251809120178,831,287
110,3666,19,0.7627167105674744,0.5367554426193237,0.06807953864336014,0.32578733563423157,732,289
110,3666,20,0.8698541522026062,0.5272261500358582,-0.15795177221298218,0.8033493161201477,835,284
110,3666,21,0.7659537196159363,0.5297325253486633,0.07718206942081451,0.24694949388504028,735,286
110,3666,22,0.8673940300941467,0.5206127762794495,-0.142624169588089,0.6828823685646057,832,281
110,3666,23,0.7961235642433167,0.5315250158309937,0.04519023001194,0.999916672706604,764,287
110,3666,24,0.808979332447052,0.5328758358955383,-0.04531856253743172,0.9999355673789978,776,287
110,3666,25,0.8163068890571594,0.6333550214767456,0.06689152866601944,0.3512697219848633,783,342
110,3666,26,0.8183523416519165,0.6505097150802612,-0.036940354853868484,0.868404746055603,785,351
110,3666,27,0.7847458124160767,0.7171145677566528,0.08766304701566696,0.6526159048080444,753,387
110,3666,28,0.8077456951141357,0.7598570585250854,-0.01586958020925522,0.8901990056037903,775,410
110,3666,29,0.7699887156486511,0.7233171463012695,0.08748213946819305,0.6948360204696655,739,390
110,3666,30,0.7994831800460815,0.7830491065979004,-0.015461116097867489,0.6775525212287903,767,422
110,3666,31,0.7740746736526489,0.7595921754837036,0.06297920644283295,0.6925134062767029,743,410
110,3666,32,0.8386270403862,0.7902169227600098,-0.04869985580444336,0.850260317325592,805,426
111,3700,0,0.8366077542304993,0.3238171637058258,0.040559008717536926,0.9963201880455017,803,174
111,3700,1,0.8341484069824219,0.3125397264957428,0.040428731590509415,0.9944612979888916,800,168
111,3700,2,0.8320242166519165,0.31167030334472656,0.0403057336807251,0.9934859871864319,798,168
111,3700,3,0.829842209815979,0.31095731258392334,0.04032847657799721,0.9955672025680542,796,167
111,3700,4,0.8376814126968384,0.31403979659080505,0.02651498280465603,0.9950180053710938,804,169
111,3700,5,0.8383952379226685,0.3141852915287018,0.026360707357525826,0.9958896636962891,804,169
111,3700,6,0.839189350605011,0.31439530849456787,0.02632143907248974,0.9968090057373047,805,169
111,3700,7,0.8227367997169495,0.3150155544281006,0.04327716678380966,0.9972701668739319,789,170
111,3700,8,0.8368905186653137,0.3199045956134796,-0.020922083407640457,0.9938979148864746,803,172
111,3700,9,0.8317128419876099,0.33218392729759216,0.04507847875356674,0.9935824871063232,798,179
111,3700,10,0.8346430659294128,0.3334577679634094,0.02584739588201046,0.9935386776924133,801,180
111,3700,11,0.7950454950332642,0.37517350912094116,0.06608977913856506,0.9998784065246582,763,202
111,3700,12,0.824256956577301,0.37291842699050903,-0.05861193314194679,0.9999315738677979,791,201
111,3700,13,0.7726441025733948,0.4473431706428528,0.07196799665689468,0.2791418731212616,741,241
111,3700,14,0.8253028392791748,0.46033376455307007,-0.0944041907787323,0.9735299944877625,792,248
111,3700,15,0.767017126083374,0.5172896981239319,0.04044173285365105,0.35785919427871704,736,279
111,3700,16,0.8603745102882385,0.5152028203010559,-0.10173718631267548,0.8809526562690735,825,278
111,3700,17,0.7608624696731567,0.5380703806877136,0.03384056314826012,0.3709566593170166,730,290
111,3700,18,0.8681148290634155,0.5345471501350403,-0.11684275418519974,0.8312549591064453,833,288
111,3700,19,0.7646824717521667,0.5405371189117432,0.02574925683438778,0.3551764190196991,734,291
111,3700,20,0.8711434602737427,0.5294030904769897,-0.11248473823070526,0.8195975422859192,836,285
111,3700,21,0.7678394317626953,0.5321520566940308,0.03672711178660393,0.27211517095565796,737,287
111,3700,22,0.8683546781539917,0.5231030583381653,-0.0998179093003273,0.7074428796768188,833,282
111,3700,23,0.8005488514900208,0.5309693813323975,0.04167098551988602,0.9999182820320129,768,286
111,3700,24,0.8114110827445984,0.5325236916542053,-0.04180643707513809,0.999937891960144,778,287
111,3700,25,0.8198925256729126,0.6357411742210388,0.0370938666164875,0.3492554724216461,787,343
111,3700,26,0.8182922601699829,0.6510900855064392,-0.03399438038468361,0.8572601079940796,785,351
111,3700,27,0.7737483382225037,0.7168381214141846,0.05576983466744423,0.6229087710380554,742,387
111,3700,28,0.8111422061920166,0.7671496272087097,-0.006656833924353123,0.8858731389045715,778,414
111,3700,29,0.7607761025428772,0.7188857197761536,0.056287240236997604,0.6805587410926819,730,388
111,3700,30,0.8019945621490479,0.7913037538528442,-0.004862629808485508,0.6920067667961121,769,427
111,3700,31,0.7674875259399414,0.7599861025810242,0.03986046835780144,0.6672760248184204,736,410
111,3700,32,0.8398452401161194,0.7904055118560791,-0.030438022688031197,0.8431915044784546,806,426
112,3733,0,0.8552119731903076,0.316152960062027,0.003789362497627735,0.996666669845581,821,170
112,3733,1,0.8525524735450745,0.30594897270202637,0.007426607422530651,0.9949817657470703,818,165
112,3733,2,0.8509530425071716,0.30544984340667725,0.00731765478849411,0.9940977692604065,816,164
112,3733,3,0.8494649529457092,0.30502280592918396,0.007357149850577116,0.9959778785705566,815,164
112,3733,4,0.8534685373306274,0.30668750405311584,-0.008882991038262844,0.9954951405525208,819,165
112,3733,5,0.853023886680603,0.3067203164100647,-0.00905364379286766,0.9962856769561768,818,165
112,3733,6,0.8526186347007751,0.3066762685775757,-0.009091670624911785,0.9971171021461487,818,165
112,3733,7,0.8387882113456726,0.30849844217300415,0.028802668675780296,0.9975119233131409,805,166
112,3733,8,0.8463038206100464,0.3110332190990448,-0.044897377490997314,0.9944851398468018,812,167
112,3733,9,0.8496448397636414,0.3272874355316162,0.016123821958899498,0.994129478931427,815,176
112,3733,10,0.8508502244949341,0.3275686502456665,-0.006253928877413273,0.9941306710243225,816,176
112,3733,11,0.8093873858451843,0.3732396066188812,0.06910189241170883,0.999874472618103,777,201
112,3733,12,0.8343557119369507,0.3703438341617584,-0.07495038956403732,0.999937117099762,800,199
112,3733,13,0.7936478853225708,0.4490055441856384,0.09786603599786758,0.25329259037971497,761,242
112,3733,14,0.8340408802032471,0.45850300788879395,-0.09499596059322357,0.975832998752594,800,247
112,3733,15,0.7983599901199341,0.5223557353019714,0.08788425475358963,0.3228806257247925,766,282
112,3733,16,0.8630502223968506,0.5234518647193909,-0.0741288959980011,0.8915379047393799,828,282
112,3733,17,0.7964136600494385,0.5394796133041382,0.0898985043168068,0.3351658582687378,764,291
112,3733,18,0.8691853880882263,0.544556736946106,-0.08765968680381775,0.8456012606620789,834,294
112,3733,19,0.8008405566215515,0.5404353141784668,0.0763430967926979,0.3208676874637604,768,291
112,3733,20,0.8728162050247192,0.5412411689758301,-0.08276137709617615,0.8348097801208496,837,292
112,3733,21,0.8012362718582153,0.5345063805580139,0.08258552104234695,0.24596911668777466,769,288
112,3733,22,0.8704918026924133,0.5335285067558289,-0.07150044292211533,0.7312902808189392,835,288
112,3733,23,0.806873619556427,0.5251637101173401,0.04529700428247452,0.999919056892395,774,283
112,3733,24,0.8218762278556824,0.5282523036003113,-0.045470528304576874,0.9999420642852783,789,285
112,3733,25,0.8208600878715515,0.633783757686615,0.08917860686779022,0.3424200713634491,788,342
112,3733,26,0.8286440372467041,0.6481653451919556,-0.01495029591023922,0.8645318150520325,795,350
112,3733,27,0.7953740954399109,0.7267485857009888,0.13441692292690277,0.6135919094085693,763,392
112,3733,28,0.8093128800392151,0.7645443677902222,0.013327021151781082,0.8940099477767944,776,412
112,3733,29,0.7823102474212646,0.7381987571716309,0.13696379959583282,0.6855862736701965,751,398
112,3733,30,0.7995678186416626,0.7865190505981445,0.01503791194409132,0.7147955894470215,767,424
112,3733,31,0.8033325672149658,0.7620864510536194,0.1266225278377533,0.660559356212616,771,411
112,3733,32,0.8374731540679932,0.7901394367218018,-0.011049151420593262,0.8514179587364197,803,426
113,3766,0,0.8516620993614197,0.3164771795272827,0.008759376592934132,0.9969818592071533,817,170
113,3766,1,0.8488141298294067,0.3056294620037079,0.012071128003299236,0.9954465627670288,814,165
113,3766,2,0.8468064069747925,0.30503520369529724,0.011890516616404057,0.9946491718292236,812,164
113,3766,3,0.844709575176239,0.3045586347579956,0.011898448690772057,0.996342122554779,810,164
113,3766,4,0.8518053889274597,0.3066183030605316,-0.0021897810511291027,0.9959257245063782,817,165
113,3766,5,0.8522036075592041,0.3067023754119873,-0.0023222973104566336,0.9966458678245544,818,165
113,3766,6,0.8526641130447388,0.3067456781864166,-0.002398862037807703,0.9973961710929871,818,165
113,3766,7,0.8365752100944519,0.3081601560115814,0.0293943602591753,0.9977313876152039,803,166
113,3766,8,0.8486729860305786,0.3113696277141571,-0.04090208187699318,0.9950226545333862,814,168
113,3766,9,0.8464559316635132,0.3273558020591736,0.016501346603035927,0.9946472644805908,812,176
113,3766,10,0.8487769365310669,0.3277313709259033,-0.0030089851934462786,0.9946836233139038,814,176
113,3766,11,0.8096588850021362,0.3717455267906189,0.07208327949047089,0.9998777508735657,777,200
113,3766,12,0.8373576998710632,0.36976051330566406,-0.07493581622838974,0.99994295835495,803,199
113,3766,13,0.7961438894271851,0.45299574732780457,0.1026093140244484,0.23239463567733765,764,244
113,3766,14,0.8349964618682861,0.45852091908454895,-0.08868911862373352,0.9780584573745728,801,247
113,3766,15,0.8035891652107239,0.5258678197860718,0.09894049912691116,0.2925257086753845,771,283
113,3766,16,0.8646347522735596,0.524926483631134,-0.06786010414361954,0.902223527431488,830,283
113,3766,17,0.8017475605010986,0.5413497090339661,0.10267268866300583,0.30501246452331543,769,292
113,3766,18,0.8696563839912415,0.5457769632339478,-0.08097141236066818,0.8607622981071472,834,294
113,3766,19,0.8073441982269287,0.5406862497329712,0.0885864794254303,0.2920379042625427,775,291
113,3766,20,0.872270941734314,0.5431378483772278,-0.07564488053321838,0.8510233163833618,837,293
113,3766,21,0.8073923587799072,0.5347402095794678,0.0936429351568222,0.22423730790615082,775,288
113,3766,22,0.8703708052635193,0.5358100533485413,-0.06515323370695114,0.7575173377990723,835,289
113,3766,23,0.8098781108856201,0.5246055722236633,0.045901160687208176,0.9999157786369324,777,283
113,3766,24,0.8253759741783142,0.5273778438568115,-0.04609479382634163,0.9999452829360962,792,284
113,3766,25,0.8195273876190186,0.6343321204185486,0.08741451054811478,0.3371202051639557,786,342
113,3766,26,0.8296116590499878,0.6472183465957642,-0.020888470113277435,0.8729802966117859,796,349
113,3766,27,0.8010350465774536,0.7314502000808716,0.1253686249256134,0.6106371879577637,768,394
113,3766,28,0.8088319301605225,0.7641778588294983,-0.000792209873907268,0.9020183682441711,776,412
113,3766,29,0.7897165417671204,0.7453554272651672,0.1269078552722931,0.694707989692688,758,402
113,3766,30,0.8009892702102661,0.7862380146980286,-0.0009202123037539423,0.737920343875885,768,424
113,3766,31,0.8136959671974182,0.7624700665473938,0.1053534522652626,0.6600888967514038,781,411
113,3766,32,0.8404448628425598,0.7889530658721924,-0.016893845051527023,0.8597605228424072,806,426
114,3800,0,0.8655032515525818,0.31062108278274536,-0.029721496626734734,0.9972469210624695,830,167
114,3800,1,0.8629146218299866,0.29996082186698914,-0.027082053944468498,0.9958106875419617,828,161
114,3800,2,0.8612925410270691,0.29936683177948,-0.02720632217824459,0.9950860738754272,826,161
114,3800,3,0.8596001863479614,0.2988540530204773,-0.027188565582036972,0.9966261386871338,825,161
114,3800,4,0.864652693271637,0.3007567822933197,-0.04245832934975624,0.9962842464447021,830,162
114,3800,5,0.8646379113197327,0.30074605345726013,-0.04262910410761833,0.9969487190246582,830,162
114,3800,6,0.8647485971450806,0.3006257116794586,-0.04268393665552139,0.9976280927658081,830,162
114,3800,7,0.8509938716888428,0.30222374200820923,-0.005973546300083399,0.9979095458984375,816,163
114,3800,8,0.8590975403785706,0.3046043813228607,-0.07577291876077652,0.9954805970191956,824,164
114,3800,9,0.8605471253395081,0.32204005122184753,-0.01770608499646187,0.995043158531189,826,173
114,3800,10,0.8623465299606323,0.32208648324012756,-0.03881077095866203,0.9951338768005371,827,173
114,3800,11,0.8252583742141724,0.36570417881011963,0.050433263182640076,0.9998687505722046,792,197
114,3800,12,0.8482038974761963,0.3687233328819275,-0.10551370680332184,0.999945878982544,814,199
114,3800,13,0.8216207027435303,0.4530162811279297,0.07240239530801773,0.21271315217018127,788,244
114,3800,14,0.8415675759315491,0.45878738164901733,-0.11458147317171097,0.9800277948379517,807,247
114,3800,15,0.8354637622833252,0.5273943543434143,0.05677628517150879,0.2651832699775696,802,284
114,3800,16,0.8657553195953369,0.5317538976669312,-0.09517701715230942,0.9108412265777588,831,287
114,3800,17,0.8353639245033264,0.5408472418785095,0.058592624962329865,0.2778160572052002,801,292
114,3800,18,0.8680118918418884,0.5528525114059448,-0.10959290713071823,0.8726612329483032,833,298
114,3800,19,0.8411478400230408,0.5398313999176025,0.04440125450491905,0.265989750623703,807,291
114,3800,20,0.8715044260025024,0.5493056178092957,-0.1047162115573883,0.8637464642524719,836,296
114,3800,21,0.8409808278083801,0.5347732901573181,0.05089278146624565,0.2046833634376526,807,288
114,3800,22,0.8700076937675476,0.5422376990318298,-0.09276935458183289,0.7778670787811279,835,292
114,3800,23,0.8227885961532593,0.5257460474967957,0.04910612851381302,0.999913215637207,789,283
114,3800,24,0.840982973575592,0.5275551080703735,-0.049287568777799606,0.9999472498893738,807,284
114,3800,25,0.8258394002914429,0.6356887221336365,0.11494191735982895,0.3641338050365448,792,343
114,3800,26,0.8540699481964111,0.647576630115509,-0.019915344193577766,0.8846918344497681,819,349
114,3800,27,0.812347412109375,0.7449202537536621,0.14423823356628418,0.6431089043617249,779,402
114,3800,28,0.8191617131233215,0.7588277459144592,0.006420711986720562,0.9113718867301941,786,409
114,3800,29,0.8029822111129761,0.7688640356063843,0.14435285329818726,0.7211287021636963,770,415
114,3800,30,0.8089575171470642,0.7815017700195312,0.007826859131455421,0.7621956467628479,776,422
114,3800,31,0.8317225575447083,0.7681525349617004,0.1273476630449295,0.6884323358535767,798,414
114,3800,32,0.8428227305412292,0.78905189037323,-0.011612925678491592,0.8727226257324219,809,426
115,3833,0,0.863987147808075,0.31087031960487366,-0.019022086635231972,0.9974181056022644,829,167
115,3833,1,0.8610963225364685,0.2999110221862793,-0.018775738775730133,0.995993971824646,826,161
115,3833,2,0.8591177463531494,0.29933762550354004,-0.018902825191617012,0.9953300356864929,824,161
115,3833,3,0.8565016388893127,0.2988063097000122,-0.01888647861778736,0.9967422485351562,822,161
115,3833,4,0.8642988801002502,0.30085518956184387,-0.033177826553583145,0.9965357184410095,829,162
115,3833,5,0.8648406267166138,0.3009305000305176,-0.033352602273225784,0.9971786737442017,830,162
115,3833,6,0.8654499053955078,0.30093252658843994,-0.033406004309654236,0.9978020191192627,830,162
115,3833,7,0.8494707345962524,0.3026808500289917,-0.008334146812558174,0.9979965686798096,815,163
115,3833,8,0.8619462847709656,0.3055732846260071,-0.07341014593839645,0.9958521723747253,827,165
115,3833,9,0.8593983054161072,0.3220595419406891,-0.010646636597812176,0.9952787756919861,825,173
115,3833,10,0.8617971539497375,0.32242244482040405,-0.030519962310791016,0.995473325252533,827,174
115,3833,11,0.8281165361404419,0.36365023255348206,0.04120594635605812,0.9998622536659241,794,196
115,3833,12,0.8497887849807739,0.3687916696071625,-0.10452886670827866,0.9999492764472961,815,199
115,3833,13,0.8225670456886292,0.4532269537448883,0.058274514973163605,0.19412997364997864,789,244
115,3833,14,0.8440229892730713,0.45885300636291504,-0.11467458307743073,0.9818637371063232,810,247
115,3833,15,0.8364452123641968,0.529021680355072,0.045206088572740555,0.24019454419612885,802,285
115,3833,16,0.8655703663825989,0.5316181182861328,-0.0935293659567833,0.9194642305374146,830,287
115,3833,17,0.8369351625442505,0.5413559675216675,0.047739382833242416,0.25263094902038574,803,292
115,3833,18,0.8705814480781555,0.5520839095115662,-0.10584889352321625,0.8847977519035339,835,298
115,3833,19,0.842010498046875,0.5392137169837952,0.03456558287143707,0.2418774664402008,808,291
115,3833,20,0.8735697865486145,0.54827880859375,-0.10177532583475113,0.8767397999763489,838,296
115,3833,21,0.8431167006492615,0.5364785194396973,0.03989623859524727,0.1863909512758255,809,289
115,3833,22,0.8716389536857605,0.5411873459815979,-0.09128114581108093,0.7987632155418396,836,292
115,3833,23,0.8250758051872253,0.5258220434188843,0.04876339063048363,0.9999092817306519,792,283
115,3833,24,0.8443458080291748,0.52939373254776,-0.048937276005744934,0.9999488592147827,810,285
115,3833,25,0.8265952467918396,0.6340952515602112,0.11801493167877197,0.3758367598056793,793,342
115,3833,26,0.857362687587738,0.6478248834609985,-0.015858333557844162,0.8946903944015503,823,349
115,3833,27,0.8155864477157593,0.747312068939209,0.13233642280101776,0.672039270401001,782,403
115,3833,28,0.823560893535614,0.7442392706871033,0.004798666574060917,0.9196112155914307,790,401
115,3833,29,0.8048802018165588,0.7719347476959229,0.13160176575183868,0.7456081509590149,772,416
115,3833,30,0.8106447458267212,0.7632848024368286,0.00613261666148901,0.7839834094047546,778,412
115,3833,31,0.8354848027229309,0.7722010016441345,0.11398223787546158,0.713229238986969,802,416
115,3833,32,0.8404337763786316,0.7887475490570068,-0.013706734403967857,0.8840693235397339,806,425
116,3866,0,0.875036358833313,0.3104317784309387,-0.024987103417515755,0.9976353049278259,840,167
116,3866,1,0.8722327351570129,0.2992877960205078,-0.023235974833369255,0.9963153600692749,837,161
116,3866,2,0.8704280257225037,0.2987021505832672,-0.023353643715381622,0.9957095384597778,835,161
116,3866,3,0.8685763478279114,0.29818761348724365,-0.023315630853176117,0.9969916343688965,833,161
116,3866,4,0.8756071925163269,0.30044829845428467,-0.03893730416893959,0.9968427419662476,840,162
116,3866,5,0.8763141632080078,0.30062106251716614,-0.0391218326985836,0.9974358081817627,841,162
116,3866,6,0.8770657181739807,0.30070632696151733,-0.03918258473277092,0.9980025887489319,841,162
116,3866,7,0.861433207988739,0.30241039395332336,-0.0065282233990728855,0.9981415867805481,826,163
116,3866,8,0.8739467859268188,0.30582675337791443,-0.0771329328417778,0.9962372779846191,838,165
116,3866,9,0.8699646592140198,0.32149985432624817,-0.014073683880269527,0.9956538677215576,835,173
116,3866,10,0.87282794713974,0.3221260607242584,-0.035646796226501465,0.9958732724189758,837,173
116,3866,11,0.8390473127365112,0.3632652461528778,0.04597507417201996,0.9998548626899719,805,196
116,3866,12,0.8613946437835693,0.3688853085041046,-0.10933142155408859,0.9999527931213379,826,199
116,3866,13,0.8352180123329163,0.45446038246154785,0.06671346724033356,0.1787486970424652,801,245
116,3866,14,0.8539966344833374,0.45890572667121887,-0.12512631714344025,0.9833794236183167,819,247
116,3866,15,0.8510557413101196,0.5306834578514099,0.05147557705640793,0.21816538274288177,817,286
116,3866,16,0.8739367723464966,0.5382084250450134,-0.09793470799922943,0.9266395568847656,838,290
116,3866,17,0.8517037630081177,0.5438980460166931,0.05274857580661774,0.23095804452896118,817,293
116,3866,18,0.8765624165534973,0.5601571202278137,-0.10748600214719772,0.8947286605834961,841,302
116,3866,19,0.8562718629837036,0.5429574847221375,0.038081131875514984,0.22123204171657562,822,293
116,3866,20,0.8799253106117249,0.559926450252533,-0.11452792584896088,0.8872959613800049,844,302
116,3866,21,0.8568856716156006,0.5389913320541382,0.04546200856566429,0.17097215354442596,822,291
116,3866,22,0.8792373538017273,0.5513725280761719,-0.09908470511436462,0.8155713677406311,844,297
116,3866,23,0.8341888785362244,0.5283820629119873,0.050653956830501556,0.9999131560325623,800,285
116,3866,24,0.8528034687042236,0.5337804555892944,-0.05081609636545181,0.9999525547027588,818,288
116,3866,25,0.8303787112236023,0.6360305547714233,0.12790311872959137,0.4158663749694824,797,343
116,3866,26,0.8707796335220337,0.6478966474533081,-0.008907978422939777,0.9044002890586853,835,349
116,3866,27,0.8157975673675537,0.7544214725494385,0.17254048585891724,0.7006273865699768,783,407
116,3866,28,0.8528410792350769,0.7622519135475159,0.022850096225738525,0.927364706993103,818,411
116,3866,29,0.8068670630455017,0.7763654589653015,0.17410795390605927,0.7673845887184143,774,419
116,3866,30,0.8428199887275696,0.7842283844947815,0.024252405390143394,0.8041706085205078,809,423
116,3866,31,0.838517963886261,0.7717406749725342,0.15228992700576782,0.737173855304718,804,416
116,3866,32,0.8825252652168274,0.7915483117103577,-0.009555691853165627,0.8947135806083679,847,427
117,3900,0,0.8759966492652893,0.30770838260650635,-0.025526225566864014,0.9978169798851013,840,166
117,3900,1,0.8733896017074585,0.2974358797073364,-0.02322106808423996,0.9965635538101196,838,160
117,3900,2,0.8718558549880981,0.29709818959236145,-0.023342136293649673,0.9960169196128845,836,160
117,3900,3,0.8702566623687744,0.2968396544456482,-0.02329915575683117,0.9971801042556763,835,160
117,3900,4,0.876367449760437,0.2982398271560669,-0.03892747685313225,0.997093141078949,841,161
117,3900,5,0.876984715461731,0.2984278202056885,-0.03911418467760086,0.9976525902748108,841,161
117,3900,6,0.8772344589233398,0.2984446585178375,-0.03916925936937332,0.9981704354286194,842,161
117,3900,7,0.8634054064750671,0.30130690336227417,-0.004447008017450571,0.9982496500015259,828,162
117,3900,8,0.8738175630569458,0.30375710129737854,-0.07510077208280563,0.9965659976005554,838,164
117,3900,9,0.8715698719024658,0.31923753023147583,-0.013787844218313694,0.9959295392036438,836,172
117,3900,10,0.8744421005249023,0.319981187582016,-0.03535992279648781,0.9961990118026733,839,172
117,3900,11,0.8424730896949768,0.3622795343399048,0.048061348497867584,0.9998467564582825,808,195
117,3900,12,0.8624741435050964,0.3689284026622772,-0.10575798898935318,0.9999553561210632,827,199
117,3900,13,0.8347859978675842,0.453908771276474,0.06883616745471954,0.16394643485546112,801,245
117,3900,14,0.8542783856391907,0.4606792628765106,-0.12434686720371246,0.9845288395881653,820,248
117,3900,15,0.8534268736839294,0.5318074822425842,0.0483684279024601,0.1973777413368225,819,287
117,3900,16,0.8741850256919861,0.5415452122688293,-0.10042659938335419,0.9327811598777771,839,292
117,3900,17,0.8540172576904297,0.5443757772445679,0.04930387809872627,0.20994552969932556,819,293
117,3900,18,0.8768896460533142,0.5635570287704468,-0.11410944163799286,0.9034027457237244,841,304
117,3900,19,0.8563560843467712,0.5422345399856567,0.03371519222855568,0.2011634260416031,822,292
117,3900,20,0.8800369501113892,0.5612509846687317,-0.11305669695138931,0.8965122699737549,844,303
117,3900,21,0.8594444990158081,0.5399978160858154,0.041835907846689224,0.15577340126037598,825,291
117,3900,22,0.8791936039924622,0.5541338920593262,-0.09934511035680771,0.8303231000900269,844,299
117,3900,23,0.8374108076095581,0.5286587476730347,0.05106489360332489,0.999911367893219,803,285
117,3900,24,0.8549548983573914,0.5354930758476257,-0.05122549086809158,0.9999542832374573,820,289
117,3900,25,0.8340305089950562,0.6366446614265442,0.12231700122356415,0.43402740359306335,800,343
117,3900,26,0.8694414496421814,0.6479893922805786,0.0005910557229071856,0.9117390513420105,834,349
117,3900,27,0.8222071528434753,0.7590087056159973,0.16711947321891785,0.7210942506790161,789,409
117,3900,28,0.852493941783905,0.7646995186805725,0.0425327904522419,0.933851957321167,818,412
117,3900,29,0.8156034350395203,0.7821555137634277,0.16867271065711975,0.7839972972869873,782,422
117,3900,30,0.8441082835197449,0.7884524464607239,0.04501008614897728,0.8211737275123596,810,425
117,3900,31,0.8442749381065369,0.7703729867935181,0.14528635144233704,0.7546060681343079,810,416
117,3900,32,0.8817275166511536,0.7915301322937012,0.011217464692890644,0.9029913544654846,846,427
118,3933,0,0.8843212723731995,0.308327853679657,-0.014888716861605644,0.9979677796363831,848,166
118,3933,1,0.8828830122947693,0.29857808351516724,-0.014218272641301155,0.9968152642250061,847,161
118,3933,2,0.8809719681739807,0.2981800436973572,-0.014352795667946339,0.9963022470474243,845,161
118,3933,3,0.8792091608047485,0.29790186882019043,-0.014329526573419571,0.9973732829093933,844,160
118,3933,4,0.8864704966545105,0.2993994355201721,-0.028935153037309647,0.9973318576812744,851,161
118,3933,5,0.8874632120132446,0.2996048331260681,-0.029104555025696754,0.9978507161140442,851,161
118,3933,6,0.8884589076042175,0.2996698021888733,-0.029145997017621994,0.998327374458313,852,161
118,3933,7,0.8734371662139893,0.3030621409416199,0.004717452917248011,0.9983469843864441,838,163
118,3933,8,0.8871609568595886,0.3057330846786499,-0.07435894012451172,0.9968630075454712,851,165
118,3933,9,0.8804619908332825,0.3196067810058594,-0.006545471493154764,0.996184766292572,845,172
118,3933,10,0.8833758234977722,0.3202032148838043,-0.026642415672540665,0.9964818954467773,848,172
118,3933,11,0.8526486158370972,0.36260461807250977,0.06566143035888672,0.9998169541358948,818,195
118,3933,12,0.8751243948936462,0.36977618932724,-0.1019030511379242,0.999955415725708,840,199
118,3933,13,0.8492969274520874,0.455611914396286,0.0912952721118927,0.15076200664043427,815,246
118,3933,14,0.8656148910522461,0.4605858027935028,-0.1231495663523674,0.9852050542831421,830,248
118,3933,15,0.8575209379196167,0.5290841460227966,0.06294848769903183,0.1794348955154419,823,285
118,3933,16,0.8823910355567932,0.537681519985199,-0.10065729916095734,0.9369741678237915,847,290
118,3933,17,0.8595412373542786,0.5468674302101135,0.06505004316568375,0.1919873058795929,825,295
118,3933,18,0.8843280673027039,0.5589284896850586,-0.11709517985582352,0.9086247682571411,848,301
118,3933,19,0.8625858426094055,0.5463360548019409,0.0477883405983448,0.18403995037078857,828,295
118,3933,20,0.8892706632614136,0.5576156377792358,-0.11539281159639359,0.9017471075057983,853,301
118,3933,21,0.8635839223861694,0.5413441061973572,0.055319830775260925,0.14286305010318756,829,292
118,3933,22,0.8875411152839661,0.5493738651275635,-0.10099335759878159,0.8381947875022888,852,296
118,3933,23,0.8469456434249878,0.5288870334625244,0.0511368103325367,0.999916136264801,813,285
118,3933,24,0.8679237961769104,0.5351983308792114,-0.0512973815202713,0.9999573230743408,833,289
118,3933,25,0.8349158763885498,0.6403284668922424,0.09571179747581482,0.47017988562583923,801,345
118,3933,26,0.8852564692497253,0.6481485366821289,-0.0071477023884654045,0.9184150695800781,849,350
118,3933,27,0.8181365132331848,0.7598295211791992,0.1147848516702652,0.7452664375305176,785,410
118,3933,28,0.8919165134429932,0.7689523100852966,0.03553426265716553,0.9399697780609131,856,415
118,3933,29,0.8099361062049866,0.7815483808517456,0.11377207934856415,0.8019745945930481,777,422
118,3933,30,0.8872783184051514,0.7918869853019714,0.04428982734680176,0.8376463055610657,851,427
118,3933,31,0.839828610420227,0.7773119211196899,0.0862974300980568,0.7737975716590881,806,419
118,3933,32,0.9256528615951538,0.7884472608566284,-0.00524406973272562,0.9106916785240173,888,425
119,3966,0,0.8885558247566223,0.30894020199775696,-0.01757017895579338,0.9981200098991394,853,166
119,3966,1,0.8862910866737366,0.2989494800567627,-0.015146675519645214,0.9970492720603943,850,161
119,3966,2,0.884256899356842,0.29849496483802795,-0.015270850621163845,0.9965863823890686,848,161
119,3966,3,0.8824375867843628,0.2981523275375366,-0.015234985388815403,0.9975622296333313,847,161
119,3966,4,0.8890202641487122,0.29981890320777893,-0.0305226668715477,0.9975473880767822,853,161
119,3966,5,0.8895047903060913,0.29998281598091125,-0.030703436583280563,0.9980339407920837,853,161
119,3966,6,0.8901268243789673,0.29999732971191406,-0.030755160376429558,0.9984691143035889,854,161
119,3966,7,0.875251829624176,0.3031679689884186,0.004923268686980009,0.9984629154205322,840,163
119,3966,8,0.8854189515113831,0.3060752749443054,-0.06799262017011642,0.9971398115158081,850,165
119,3966,9,0.8837332129478455,0.3200482130050659,-0.0062393918633461,0.9964709877967834,848,172
119,3966,10,0.8862562775611877,0.3206942677497864,-0.027312718331813812,0.9967735409736633,850,173
119,3966,11,0.856060266494751,0.3628869354724884,0.06426303833723068,0.9998182654380798,821,195
119,3966,12,0.8749672770500183,0.3703269064426422,-0.09947390109300613,0.9999580979347229,839,199
119,3966,13,0.8495266437530518,0.45570099353790283,0.09016390889883041,0.13907362520694733,815,246
119,3966,14,0.8649947643280029,0.46025407314300537,-0.1175779327750206,0.9862054586410522,830,248
119,3966,15,0.8612072467803955,0.5320203304290771,0.05534587427973747,0.16360785067081451,826,287
119,3966,16,0.884324312210083,0.5361093878746033,-0.09951526671648026,0.9425251483917236,848,289
119,3966,17,0.8609952330589294,0.5478184819221497,0.056355420500040054,0.1771228164434433,826,295
119,3966,18,0.8856555223464966,0.5567992925643921,-0.11448010057210922,0.916627824306488,850,300
119,3966,19,0.8628536462783813,0.5452331900596619,0.04032295569777489,0.1699616014957428,828,294
119,3966,20,0.8910601139068604,0.5553193092346191,-0.11111526191234589,0.9102887511253357,855,299
119,3966,21,0.8654876351356506,0.5422618985176086,0.04844914749264717,0.1323595494031906,830,292
119,3966,22,0.8901560306549072,0.5478072762489319,-0.09804027527570724,0.8519960045814514,854,295
119,3966,23,0.8493026494979858,0.5282195210456848,0.05026031285524368,0.9999200105667114,815,285
119,3966,24,0.8673560619354248,0.5328778624534607,-0.05043525993824005,0.99996018409729,832,287
119,3966,25,0.8391544222831726,0.6403647661209106,0.09533929824829102,0.4965362846851349,805,345
119,3966,26,0.8870458602905273,0.6480672955513,-0.006695582065731287,0.9249308705329895,851,349
119,3966,27,0.8205880522727966,0.7588084936141968,0.12039477378129959,0.765164315700531,787,409
119,3966,28,0.8938854336738586,0.7700957655906677,0.027972441166639328,0.9456292986869812,858,415
119,3966,29,0.8103212118148804,0.7799690961837769,0.12012729048728943,0.8174548745155334,777,421
119,3966,30,0.8894426822662354,0.7926437258720398,0.031408581882715225,0.8530332446098328,853,428
119,3966,31,0.839062511920929,0.7785488963127136,0.09549267590045929,0.7905157804489136,805,420
119,3966,32,0.928141176700592,0.7869970202445984,-0.004754393827170134,0.9183723330497742,891,424
120,4000,0,0.8968964219093323,0.31172704696655273,-0.006165415979921818,0.9982169270515442,861,168
120,4000,1,0.8952522277832031,0.301643967628479,-0.006002485286444426,0.9972298741340637,859,162
120,4000,2,0.8926727175712585,0.3008221685886383,-0.006102145183831453,0.9967908263206482,856,162
120,4000,3,0.8906418085098267,0.30026474595069885,-0.006076142657548189,0.9977051615715027,855,162
120,4000,4,0.8994976282119751,0.30315494537353516,-0.020057618618011475,0.9977271556854248,863,163
120,4000,5,0.9006008505821228,0.30347639322280884,-0.020247051492333412,0.9981839060783386,864,163
120,4000,6,0.9016916155815125,0.3036690056324005,-0.02031305618584156,0.9985905289649963,865,163
120,4000,7,0.8846666216850281,0.30511054396629333,0.0064858910627663136,0.9985435009002686,849,164
120,4000,8,0.8992375135421753,0.30965864658355713,-0.06287990510463715,0.9973766207695007,863,167
120,4000,9,0.8918659090995789,0.3220301568508148,0.0013061616336926818,0.9966901540756226,856,173
120,4000,10,0.8957825899124146,0.32313671708106995,-0.017963536083698273,0.9970042109489441,859,174
120,4000,11,0.8639250993728638,0.36589622497558594,0.06351517140865326,0.9998012185096741,829,197
120,4000,12,0.8904560804367065,0.37408095598220825,-0.09491975605487823,0.9999568462371826,854,202
120,4000,13,0.8595331907272339,0.4602312445640564,0.08784912526607513,0.1311369240283966,825,248
120,4000,14,0.8826742172241211,0.46735304594039917,-0.1079908236861229,0.9863873720169067,847,252
120,4000,15,0.8674365282058716,0.5374354720115662,0.06496737152338028,0.15005257725715637,832,290
120,4000,16,0.8946912884712219,0.5436987280845642,-0.08551185578107834,0.94574373960495,858,293
120,4000,17,0.8668529391288757,0.5529380440711975,0.06748644262552261,0.16405750811100006,832,298
120,4000,18,0.8955075740814209,0.5667097568511963,-0.09759534150362015,0.9206845164299011,859,306
120,4000,19,0.8699737787246704,0.551785945892334,0.05232580006122589,0.15753452479839325,835,297
120,4000,20,0.8994705677032471,0.5665950179100037,-0.09664776176214218,0.9143308997154236,863,305
120,4000,21,0.8712562918663025,0.5469779372215271,0.058629799634218216,0.1230614185333252,836,295
120,4000,22,0.898954451084137,0.5586624145507812,-0.0843629390001297,0.8584882616996765,862,301
120,4000,23,0.8564596176147461,0.5353250503540039,0.04871996119618416,0.9999234080314636,822,289
120,4000,24,0.8795217275619507,0.5363978147506714,-0.04889419302344322,0.9999622106552124,844,289
120,4000,25,0.8377710580825806,0.6487473249435425,0.0879884660243988,0.5333031415939331,804,350
120,4000,26,0.8995393514633179,0.6502470970153809,-0.0062574115581810474,0.930255115032196,863,351
120,4000,27,0.8180673718452454,0.7625731825828552,0.10484356433153152,0.7850046753883362,785,411
120,4000,28,0.9218735098838806,0.7691153883934021,0.026542624458670616,0.9502714276313782,884,415
120,4000,29,0.8092071413993835,0.783564567565918,0.10397224873304367,0.8322325348854065,776,423
120,4000,30,0.9204960465431213,0.7917657494544983,0.02869865857064724,0.8664188385009766,883,427
120,4000,31,0.8385003805160522,0.782805323600769,0.08038775622844696,0.8044756650924683,804,422
120,4000,32,0.9540584683418274,0.7769308090209961,-0.0006961222970858216,0.922827959060669,915,419
121,4033,0,0.9025280475616455,0.3140241503715515,-0.007498228922486305,0.998327910900116,866,169
121,4033,1,0.9000893831253052,0.3040611743927002,-0.00678724329918623,0.9974129796028137,864,164
121,4033,2,0.8980764150619507,0.30331823229789734,-0.006891943048685789,0.9970016479492188,862,163
121,4033,3,0.8956177830696106,0.3026514947414398,-0.006863019894808531,0.9978488683700562,859,163
121,4033,4,0.9033039808273315,0.3054264485836029,-0.021468976512551308,0.9979058504104614,867,164
121,4033,5,0.9038512706756592,0.30569151043891907,-0.021655265241861343,0.9983333349227905,867,165
121,4033,6,0.904477059841156,0.3058696389198303,-0.021714594215154648,0.9987096786499023,868,165
121,4033,7,0.8879268169403076,0.30644509196281433,0.00539253419265151,0.9986284375190735,852,165
121,4033,8,0.9007791876792908,0.3107283413410187,-0.06326545029878616,0.9976077079772949,864,167
121,4033,9,0.8973910808563232,0.32442420721054077,0.0009377126698382199,0.9969266057014465,861,175
121,4033,10,0.9004152417182922,0.32529380917549133,-0.01919647864997387,0.9972489476203918,864,175
121,4033,11,0.8660173416137695,0.3680560886859894,0.06004154682159424,0.9997938871383667,831,198
121,4033,12,0.8905932307243347,0.375879168510437,-0.0946241170167923,0.999958872795105,854,202
121,4033,13,0.8595421314239502,0.4622429609298706,0.08662913739681244,0.12110159546136856,825,249
121,4033,14,0.8851166367530823,0.47014120221138,-0.10720382630825043,0.987170398235321,849,253
121,4033,15,0.8683697581291199,0.5414347052574158,0.06490471959114075,0.13647300004959106,833,292
121,4033,16,0.8958300948143005,0.5460546016693115,-0.08644726872444153,0.9506350755691528,859,294
121,4033,17,0.8681325912475586,0.556167721748352,0.06695713847875595,0.1505134403705597,833,300
121,4033,18,0.8965722918510437,0.5703008770942688,-0.09908979386091232,0.9277268052101135,860,307
121,4033,19,0.8715394139289856,0.5558916926383972,0.05218333750963211,0.14462408423423767,836,300
121,4033,20,0.900981068611145,0.5701874494552612,-0.09818346053361893,0.9218863844871521,864,307
121,4033,21,0.8725481629371643,0.5510284304618835,0.05869978666305542,0.11328138411045074,837,297
121,4033,22,0.9005832672119141,0.5611779689788818,-0.08527601510286331,0.8707212209701538,864,303
121,4033,23,0.8584421277046204,0.5350716710090637,0.047255583107471466,0.9999274611473083,824,288
121,4033,24,0.8808746933937073,0.5356837511062622,-0.04744405299425125,0.9999647736549377,845,289
121,4033,25,0.8402114510536194,0.6497064232826233,0.08781266957521439,0.5660092830657959,806,350
121,4033,26,0.9013012051582336,0.6510696411132812,-0.0008202398894354701,0.9349058866500854,865,351
121,4033,27,0.8170325756072998,0.7632536888122559,0.10902594029903412,0.8032854199409485,784,412
121,4033,28,0.9224668741226196,0.7690030336380005,0.042224571108818054,0.9544938802719116,885,415
121,4033,29,0.8077524304389954,0.7835531830787659,0.10882038623094559,0.8464471697807312,775,423
121,4033,30,0.9215542078018188,0.792140007019043,0.045285724103450775,0.8785777688026428,884,427
121,4033,31,0.8396268486976624,0.7851133942604065,0.08667062968015671,0.8188005685806274,806,423
121,4033,32,0.9554802775382996,0.7731409072875977,0.019662147387862206,0.9273805022239685,917,417
122,4066,0,0.9125798940658569,0.32181453704833984,-0.0072046187706291676,0.9984400272369385,876,173
122,4066,1,0.9102460741996765,0.31114986538887024,-0.006600745487958193,0.9976064562797546,873,168
122,4066,2,0.9084346890449524,0.3102414011955261,-0.006717284210026264,0.997220516204834,872,167
122,4066,3,0.9058561325073242,0.3092484474182129,-0.006686542648822069,0.9980016350746155,869,166
122,4066,4,0.9139872789382935,0.31269243359565735,-0.021152442321181297,0.9980819821357727,877,168
122,4066,5,0.9148938655853271,0.3128818869590759,-0.021336359903216362,0.998476505279541,878,168
122,4066,6,0.915806233882904,0.3129581809043884,-0.021392883732914925,0.9988230466842651,879,168
122,4066,7,0.8993352055549622,0.31315872073173523,0.00628297496587038,0.9987243413925171,863,169
122,4066,8,0.9129171967506409,0.31775009632110596,-0.06239964812994003,0.9978246688842773,876,171
122,4066,9,0.9077991247177124,0.3308209180831909,0.0010909915436059237,0.997165322303772,871,178
122,4066,10,0.9107831120491028,0.3319527506828308,-0.018932735547423363,0.9974802732467651,874,179
122,4066,11,0.878514289855957,0.36935552954673767,0.06022334471344948,0.9997850656509399,843,199
122,4066,12,0.9025203585624695,0.378905713558197,-0.09738174080848694,0.9999600052833557,866,204
122,4066,13,0.874335527420044,0.4617798328399658,0.08737169951200485,0.11811855435371399,839,249
122,4066,14,0.8934139013290405,0.47034862637519836,-0.11162073165178299,0.9878620505332947,857,253
122,4066,15,0.880865216255188,0.5399959087371826,0.06464355438947678,0.1263214647769928,845,291
122,4066,16,0.9043701887130737,0.5462651252746582,-0.09136142581701279,0.9548856616020203,868,294
122,4066,17,0.8824741244316101,0.5559679865837097,0.06642068177461624,0.14135365188121796,847,300
122,4066,18,0.9049068689346313,0.568130612373352,-0.1053147166967392,0.9337085485458374,868,306
122,4066,19,0.8849575519561768,0.5560547709465027,0.052009861916303635,0.13601666688919067,849,300
122,4066,20,0.9099563956260681,0.5689784288406372,-0.10110850632190704,0.9282553195953369,873,307
122,4066,21,0.885543167591095,0.5504778027534485,0.05858860909938812,0.10738463699817657,850,297
122,4066,22,0.9093881249427795,0.5612573027610779,-0.08943784236907959,0.8810127973556519,873,303
122,4066,23,0.8660293221473694,0.5421886444091797,0.04803217947483063,0.9999321699142456,831,292
122,4066,24,0.8904200792312622,0.5425435304641724,-0.048220809549093246,0.9999672770500183,854,292
122,4066,25,0.8431736826896667,0.6528502106666565,0.08965872973203659,0.604874312877655,809,352
122,4066,26,0.9141172766685486,0.6529251933097839,-0.0029919068329036236,0.9405979514122009,877,352
122,4066,27,0.8186014890670776,0.7622633576393127,0.1087571531534195,0.8217125535011292,785,411
122,4066,28,0.9458450675010681,0.7668413519859314,0.033418282866477966,0.9587054252624512,908,414
122,4066,29,0.8085955381393433,0.7827328443527222,0.10805907845497131,0.8605777025222778,776,422
122,4066,30,0.9458649754524231,0.7905842065811157,0.03582151234149933,0.890140950679779,908,426
122,4066,31,0.8399418592453003,0.7848174571990967,0.08559133112430573,0.8340655565261841,806,423
122,4066,32,0.9759347438812256,0.765411376953125,0.007784700486809015,0.9328541159629822,936,413
123,4100,0,0.9139266610145569,0.32219749689102173,-0.03429388999938965,0.9984751343727112,877,173
123,4100,1,0.910984992980957,0.3115907609462738,-0.030255194753408432,0.9976722002029419,874,168
123,4100,2,0.9092784523963928,0.3108766973018646,-0.030382869765162468,0.9973031282424927,872,167
123,4100,3,0.9074236154556274,0.3101664185523987,-0.03036220744252205,0.9980648756027222,871,167
123,4100,4,0.9140670895576477,0.3129796087741852,-0.04809162765741348,0.9981833100318909,877,169
123,4100,5,0.9147308468818665,0.31321537494659424,-0.04828447103500366,0.9985654950141907,878,169
123,4100,6,0.9154577851295471,0.31335926055908203,-0.048360034823417664,0.9988958835601807,878,169
123,4100,7,0.9005575180053711,0.31370359659194946,-0.0052091567777097225,0.9987624287605286,864,169
123,4100,8,0.9121397733688354,0.31788745522499084,-0.08525107800960541,0.9979745149612427,875,171
123,4100,9,0.9096001386642456,0.33178192377090454,-0.020527571439743042,0.9973341822624207,873,179
123,4100,10,0.9123703837394714,0.33302825689315796,-0.04471344128251076,0.9976564645767212,875,179
123,4100,11,0.8839823603630066,0.3705770969390869,0.06134127825498581,0.9997706413269043,848,200
123,4100,12,0.9007764458656311,0.3807053565979004,-0.1273534595966339,0.9999585747718811,864,205
123,4100,13,0.8862934112548828,0.4616102874279022,0.08875174820423126,0.11669772118330002,850,249
123,4100,14,0.8921231031417847,0.4707881212234497,-0.1573401391506195,0.988561749458313,856,254
123,4100,15,0.9146979451179504,0.5027725100517273,0.0508660264313221,0.124869704246521,878,271
123,4100,16,0.9066725373268127,0.5477427840232849,-0.14921489357948303,0.9588575959205627,870,295
123,4100,17,0.9215993285179138,0.5119824409484863,0.050220005214214325,0.14626483619213104,884,276
123,4100,18,0.9075528979301453,0.5703938603401184,-0.16795071959495544,0.9393501281738281,871,308
123,4100,19,0.9243200421333313,0.5041699409484863,0.0310142170637846,0.14279994368553162,887,272
123,4100,20,0.9126295447349548,0.5699978470802307,-0.1664024144411087,0.9343441128730774,876,307
123,4100,21,0.9224328398704529,0.5034554600715637,0.041801270097494125,0.1156575158238411,885,271
123,4100,22,0.911952793598175,0.5612325668334961,-0.14808043837547302,0.8907895684242249,875,303
123,4100,23,0.8688251972198486,0.541083812713623,0.05486065149307251,0.999936044216156,834,292
123,4100,24,0.8893017172813416,0.5421733856201172,-0.05506046861410141,0.9999691247940063,853,292
123,4100,25,0.8472709655761719,0.6525704860687256,0.0913703665137291,0.6291288137435913,813,352
123,4100,26,0.916987955570221,0.6543742418289185,-0.005206653848290443,0.9440244436264038,880,353
123,4100,27,0.8186638355255127,0.7616724371910095,0.11600291728973389,0.8360462188720703,785,411
123,4100,28,0.9479616284370422,0.7633848786354065,0.043157316744327545,0.9617757201194763,910,412
123,4100,29,0.8086955547332764,0.7819947600364685,0.11594270169734955,0.8721367120742798,776,422
123,4100,30,0.946008563041687,0.789811909198761,0.04733967036008835,0.8998973369598389,908,426
123,4100,31,0.8416052460670471,0.7864460945129395,0.08674821257591248,0.844498872756958,807,424
123,4100,32,0.978855550289154,0.7643645405769348,0.021534163504838943,0.9350720047950745,939,412
124,4133,0,0.9224227070808411,0.32375726103782654,-0.02483874000608921,0.998515248298645,885,174
124,4133,1,0.9207217693328857,0.3138025999069214,-0.023164046928286552,0.9977618455886841,883,169
124,4133,2,0.9188211560249329,0.31311824917793274,-0.023278208449482918,0.9973975419998169,882,169
124,4133,3,0.916764497756958,0.31242677569389343,-0.02325260080397129,0.9981340765953064,880,168
124,4133,4,0.9249933958053589,0.31558579206466675,-0.038513824343681335,0.9982976317405701,887,170
124,4133,5,0.9261372685432434,0.3160974085330963,-0.03870350867509842,0.9986594915390015,889,170
124,4133,6,0.9272006750106812,0.31648048758506775,-0.03877536207437515,0.9989743232727051,890,170
124,4133,7,0.9111030697822571,0.3173707127571106,-0.009337766095995903,0.9988046288490295,874,171
124,4133,8,0.9267271757125854,0.32293084263801575,-0.07687292993068695,0.9981287121772766,889,174
124,4133,9,0.9179881811141968,0.33356717228889465,-0.01466670073568821,0.9974818825721741,881,180
124,4133,10,0.9213770627975464,0.33531516790390015,-0.03559734299778938,0.9978114366531372,884,181
124,4133,11,0.8939558863639832,0.37448060512542725,0.050075188279151917,0.9997328519821167,858,202
124,4133,12,0.9160182476043701,0.38563770055770874,-0.11575997620820999,0.9999531507492065,879,208
124,4133,13,0.8968315124511719,0.4617308974266052,0.07364144921302795,0.11191945523023605,860,249
124,4133,14,0.901931881904602,0.47233709692955017,-0.14025816321372986,0.9876900911331177,865,255
124,4133,15,0.9205341935157776,0.5079278945922852,0.04248802736401558,0.11475919187068939,883,274
124,4133,16,0.9210531711578369,0.5461323261260986,-0.12892521917819977,0.9587113261222839,884,294
124,4133,17,0.9257217645645142,0.5223813056945801,0.042963847517967224,0.13604873418807983,888,282
124,4133,18,0.9240761995315552,0.5687382221221924,-0.1460290402173996,0.9388125538825989,887,307
124,4133,19,0.9290102124214172,0.5137934684753418,0.025144439190626144,0.13301648199558258,891,277
124,4133,20,0.9279301166534424,0.5685168504714966,-0.14260156452655792,0.9334151148796082,890,306
124,4133,21,0.927383542060852,0.5129035711288452,0.034386150538921356,0.10850653797388077,890,276
124,4133,22,0.9273225665092468,0.5600671768188477,-0.12724198400974274,0.8899165987968445,890,302
124,4133,23,0.8818270564079285,0.54929119348526,0.054622285068035126,0.99993896484375,846,296
124,4133,24,0.9009258151054382,0.5513802170753479,-0.05482453852891922,0.9999706149101257,864,297
124,4133,25,0.8529005646705627,0.654420018196106,0.09961859881877899,0.6603550314903259,818,353
124,4133,26,0.9278656244277954,0.6532447934150696,-0.005988800898194313,0.9485678672790527,890,352
124,4133,27,0.8193593621253967,0.7578426599502563,0.11625058948993683,0.8509404063224792,786,409
124,4133,28,0.9572813510894775,0.7641817927360535,0.0412018708884716,0.9650956988334656,918,412
124,4133,29,0.8095638155937195,0.7767489552497864,0.11658548563718796,0.8831822872161865,777,419
124,4133,30,0.9554997086524963,0.7892431616783142,0.04503002390265465,0.9089555144309998,917,426
124,4133,31,0.8401190638542175,0.7856488823890686,0.08947762846946716,0.8564662337303162,806,424
124,4133,32,0.9839321970939636,0.7655496597290039,0.01769060268998146,0.9392750859260559,944,413
125,4166,0,0.9256775379180908,0.32584384083747864,-0.02055920846760273,0.9980818033218384,888,175
125,4166,1,0.9232453107833862,0.3158620297908783,-0.01905611902475357,0.9971383213996887,886,170
125,4166,2,0.920857846736908,0.31514015793800354,-0.01917364075779915,0.9966936707496643,884,170
125,4166,3,0.9185488820075989,0.31449809670448303,-0.019146237522363663,0.9976245760917664,881,169
125,4166,4,0.9276580810546875,0.3176175653934479,-0.034347664564847946,0.9981000423431396,890,171
125,4166,5,0.9287659525871277,0.31815531849861145,-0.03453816846013069,0.9985558390617371,891,171
125,4166,6,0.9300866723060608,0.3186987638473511,-0.034608881920576096,0.9989280700683594,892,172
125,4166,7,0.9126709699630737,0.31858524680137634,-0.011943397112190723,0.9985202550888062,876,172
125,4166,8,0.9288504719734192,0.32454463839530945,-0.07977733016014099,0.9981206059455872,891,175
125,4166,9,0.9205440282821655,0.33571645617485046,-0.010780365206301212,0.9973282217979431,883,181
125,4166,10,0.9250186085700989,0.3378901183605194,-0.03168453648686409,0.9978140592575073,888,182
125,4166,11,0.8920976519584656,0.3768502473831177,0.04596457630395889,0.999700129032135,856,203
125,4166,12,0.9179999232292175,0.3895784914493561,-0.11695043742656708,0.9999498724937439,881,210
125,4166,13,0.8943635821342468,0.46585941314697266,0.07520462572574615,0.10309547185897827,858,251
125,4166,14,0.9034942984580994,0.4758348762989044,-0.13731269538402557,0.984468400478363,867,256
125,4166,15,0.9219409823417664,0.511619508266449,0.04654522240161896,0.10443460196256638,885,276
125,4166,16,0.9229483008384705,0.5473943948745728,-0.12179884314537048,0.9586399793624878,886,295
125,4166,17,0.9270923137664795,0.5215072631835938,0.0466245636343956,0.12521320581436157,890,281
125,4166,18,0.9260589480400085,0.5683866143226624,-0.13766050338745117,0.9390780925750732,889,306
125,4166,19,0.9305146932601929,0.5174865126609802,0.029823284596204758,0.12253624200820923,893,279
125,4166,20,0.9304144978523254,0.5677666664123535,-0.13489574193954468,0.9334747791290283,893,306
125,4166,21,0.9292179346084595,0.5162317752838135,0.03930526226758957,0.10030050575733185,892,278
125,4166,22,0.9285653829574585,0.5605718493461609,-0.12023792415857315,0.8892910480499268,891,302
125,4166,23,0.8818024396896362,0.5557366609573364,0.05393724888563156,0.9999423027038574,846,300
125,4166,24,0.9058893918991089,0.5562735795974731,-0.054128702729940414,0.999972403049469,869,300
125,4166,25,0.8551796674728394,0.6556835770606995,0.1319798082113266,0.6821858882904053,820,354
125,4166,26,0.9311778545379639,0.6533514261245728,0.0036686332896351814,0.9507693648338318,893,352
125,4166,27,0.8205748796463013,0.755456805229187,0.1846642792224884,0.8634767532348633,787,407
125,4166,28,0.958197832107544,0.7638570666313171,0.06217242777347565,0.9676393866539001,919,412
125,4166,29,0.8101437091827393,0.7710293531417847,0.18769119679927826,0.8926723599433899,777,416
125,4166,30,0.9564630389213562,0.7888376712799072,0.06674820929765701,0.9164054989814758,918,425
125,4166,31,0.8404312133789062,0.78605055809021,0.1677420288324356,0.8641735315322876,806,424
125,4166,32,0.9852114319801331,0.7656451463699341,0.040693774819374084,0.940370500087738,945,413
126,4200,0,0.9364670515060425,0.33000051975250244,-0.02303834818303585,0.9982651472091675,899,178
126,4200,1,0.9350166320800781,0.3200905919075012,-0.02106950804591179,0.9974129796028137,897,172
126,4200,2,0.9333768486976624,0.3194386959075928,-0.021201830357313156,0.9970108270645142,896,172
126,4200,3,0.9316016435623169,0.3188121020793915,-0.02118624560534954,0.9978542327880859,894,172
126,4200,4,0.9385906457901001,0.3214210569858551,-0.035836298018693924,0.9982846975326538,901,173
126,4200,5,0.9395636320114136,0.3216790556907654,-0.036036841571331024,0.9986960291862488,901,173
126,4200,6,0.940581738948822,0.3218463659286499,-0.03610237315297127,0.9990323185920715,902,173
126,4200,7,0.9261559247970581,0.3232160806655884,-0.008228645659983158,0.9986624717712402,889,174
126,4200,8,0.9401035308837891,0.32786333560943604,-0.07594118267297745,0.998300313949585,902,177
126,4200,9,0.9331021904945374,0.33930063247680664,-0.012923424132168293,0.9975862503051758,895,183
126,4200,10,0.9358449578285217,0.3404334783554077,-0.03322170302271843,0.9980254769325256,898,183
126,4200,11,0.9062755107879639,0.38377511501312256,0.04870437830686569,0.9997218251228333,870,207
126,4200,12,0.9283873438835144,0.3894668221473694,-0.11069183796644211,0.9999523162841797,891,210
126,4200,13,0.9317388534545898,0.46167540550231934,0.1333276331424713,0.1159491091966629,894,249
126,4200,14,0.9167127013206482,0.47520458698272705,-0.13712677359580994,0.9844188690185547,880,256
126,4200,15,0.9670740962028503,0.47559496760368347,0.17071247100830078,0.14293897151947021,928,256
126,4200,16,0.9343424439430237,0.5465121865272522,-0.12590736150741577,0.9615313410758972,896,295
126,4200,17,0.9769595861434937,0.48104768991470337,0.18201424181461334,0.16850659251213074,937,259
126,4200,18,0.9378151297569275,0.5698102712631226,-0.1404237151145935,0.9433062076568604,900,307
126,4200,19,0.9788849949836731,0.4779338240623474,0.16334043443202972,0.16827021539211273,939,258
126,4200,20,0.9434690475463867,0.5686806440353394,-0.14097103476524353,0.9381081461906433,905,307
126,4200,21,0.9749546051025391,0.47640901803970337,0.16418080031871796,0.14631886780261993,935,257
126,4200,22,0.9416003823280334,0.5596320033073425,-0.12592211365699768,0.8968181014060974,903,302
126,4200,23,0.8982738256454468,0.5563427805900574,0.052789356559515,0.9999428391456604,862,300
126,4200,24,0.9180259108543396,0.5588417649269104,-0.0529949814081192,0.9999717473983765,881,301
126,4200,25,0.8651502728462219,0.6572672724723816,0.12044207006692886,0.6917759776115417,830,354
126,4200,26,0.9457643628120422,0.6589981913566589,0.001348534133285284,0.9491642713546753,907,355
126,4200,27,0.8237586617469788,0.7472118139266968,0.12513196468353271,0.8691025376319885,790,403
126,4200,28,0.9617714285850525,0.7719917297363281,0.05122508108615875,0.9688533544540405,923,416
126,4200,29,0.8126076459884644,0.7580997943878174,0.12388408184051514,0.8982678651809692,780,409
126,4200,30,0.9566017389297485,0.7957152724266052,0.055587343871593475,0.9222003817558289,918,429
126,4200,31,0.8405824899673462,0.7865208983421326,0.10867990553379059,0.8682405948638916,806,424
126,4200,32,0.9889112114906311,0.7659516334533691,0.02529038116335869,0.9412171244621277,949,413
127,4233,0,0.9385026097297668,0.3326105773448944,-0.01683967560529709,0.9983564019203186,900,179
127,4233,1,0.9364888668060303,0.32234665751457214,-0.015402880497276783,0.9975411891937256,899,174
127,4233,2,0.9349275231361389,0.3217499852180481,-0.015535751357674599,0.9971767663955688,897,173
127,4233,3,0.9328991174697876,0.32111024856567383,-0.015543807297945023,0.9979862570762634,895,173
127,4233,4,0.9398719668388367,0.3236442506313324,-0.030449863523244858,0.9983910918235779,902,174
127,4233,5,0.9407831430435181,0.3239215910434723,-0.030671900138258934,0.9987823367118835,903,174
127,4233,6,0.9417127966880798,0.32414400577545166,-0.030738025903701782,0.9990968704223633,904,175
127,4233,7,0.9274957180023193,0.32481899857521057,-0.0003301518445368856,0.9987464547157288,890,175
127,4233,8,0.9397735595703125,0.3288510739803314,-0.06900990754365921,0.9983958005905151,902,177
127,4233,9,0.9351420998573303,0.3422081172466278,-0.006202793680131435,0.9977586269378662,897,184
127,4233,10,0.9381330013275146,0.3429759740829468,-0.02693082019686699,0.9981723427772522,900,185
127,4233,11,0.9090215563774109,0.382924348115921,0.06116442754864693,0.9997355937957764,872,206
127,4233,12,0.9293085932731628,0.3885418474674225,-0.09923187643289566,0.99995356798172,892,209
127,4233,13,0.9321061372756958,0.45812660455703735,0.12472455203533173,0.11897101253271103,894,247
127,4233,14,0.9169456362724304,0.47479021549224854,-0.13423636555671692,0.9840824007987976,880,256
127,4233,15,0.9674055576324463,0.4679374098777771,0.13671232759952545,0.15216796100139618,928,252
127,4233,16,0.9355157613754272,0.5459421277046204,-0.1337035745382309,0.9636565446853638,898,294
127,4233,17,0.9765994548797607,0.4744688868522644,0.1436065286397934,0.1840886026620865,937,256
127,4233,18,0.9391075372695923,0.568986713886261,-0.1492006629705429,0.9467245936393738,901,307
127,4233,19,0.980118989944458,0.4718691408634186,0.12558692693710327,0.1859980672597885,940,254
127,4233,20,0.9434888958930969,0.5674758553504944,-0.1495027393102646,0.9418776035308838,905,306
127,4233,21,0.977914571762085,0.4802129566669464,0.1295640766620636,0.16503454744815826,938,259
127,4233,22,0.94212806224823,0.5590999722480774,-0.13384638726711273,0.9027745127677917,904,301
127,4233,23,0.8991021513938904,0.5541329979896545,0.05215626209974289,0.9999451637268066,863,299
127,4233,24,0.9200858473777771,0.5561472773551941,-0.0523705929517746,0.9999727010726929,883,300
127,4233,25,0.8697654008865356,0.6571934223175049,0.0868467390537262,0.70488440990448,834,354
127,4233,26,0.9477921724319458,0.6601411700248718,-0.015275312587618828,0.9508072137832642,909,356
127,4233,27,0.8255709409713745,0.7442788481712341,0.09028622508049011,0.8759369850158691,792,401
127,4233,28,0.9623207449913025,0.7736117839813232,0.0030671649146825075,0.9709508419036865,923,417
127,4233,29,0.8142844438552856,0.7555501461029053,0.08865641057491302,0.9049579501152039,781,407
127,4233,30,0.9595730900764465,0.7992876768112183,0.003720071166753769,0.928586483001709,921,431
127,4233,31,0.8412888050079346,0.7869224548339844,0.07058187574148178,0.8736581802368164,807,424
127,4233,32,0.9903366565704346,0.7668548226356506,-0.02169193886220455,0.9441592693328857,950,414
128,4266,0,0.9501253366470337,0.3329482078552246,-0.01376589760184288,0.9963196516036987,912,179
128,4266,1,0.9485024809837341,0.32317879796028137,-0.014472017996013165,0.9949682354927063,910,174
128,4266,2,0.9462664723396301,0.3221260905265808,-0.014617948792874813,0.9949491024017334,908,173
128,4266,3,0.943897545337677,0.32108521461486816,-0.014638441614806652,0.9964786767959595,906,173
128,4266,4,0.9541295766830444,0.3254484236240387,-0.028117073699831963,0.9969177842140198,915,175
128,4266,5,0.955696165561676,0.3259029686450958,-0.028332648798823357,0.9978896975517273,917,175
128,4266,6,0.9571411609649658,0.3262440860271454,-0.028429154306650162,0.9984729886054993,918,176
128,4266,7,0.939227819442749,0.32441920042037964,-0.0037516136653721333,0.9982181787490845,901,175
128,4266,8,0.9561425447463989,0.33133476972579956,-0.06805412471294403,0.9976093173027039,917,178
128,4266,9,0.9458690881729126,0.34157466888427734,-0.005910831969231367,0.9967347383499146,908,184
128,4266,10,0.950143575668335,0.34286460280418396,-0.024782663211226463,0.9972906112670898,912,185
128,4266,11,0.9183292388916016,0.38204142451286316,0.052437376230955124,0.9996321797370911,881,206
128,4266,12,0.9438673853874207,0.3888256847858429,-0.09688297659158707,0.9999009370803833,906,209
128,4266,13,0.930392861366272,0.4563056528568268,0.11176618933677673,0.10901904851198196,893,246
128,4266,14,0.9289835691452026,0.4752422273159027,-0.12830674648284912,0.9749717712402344,891,256
128,4266,15,0.9651153683662415,0.46220868825912476,0.1207393929362297,0.13895073533058167,926,249
128,4266,16,0.9637445211410522,0.4767788350582123,-0.11967814713716507,0.9603421688079834,925,257
128,4266,17,0.9750139713287354,0.4725175201892853,0.12805183231830597,0.17075452208518982,936,255
128,4266,18,0.9728336334228516,0.4789590835571289,-0.13008902966976166,0.9451872706413269,933,258
128,4266,19,0.9780102372169495,0.4711656868457794,0.11327430605888367,0.17278064787387848,938,254
128,4266,20,0.9765231609344482,0.47194626927375793,-0.12289755046367645,0.9399683475494385,937,254
128,4266,21,0.9758678078651428,0.47379031777381897,0.11495944112539291,0.1542593091726303,936,255
128,4266,22,0.9712737202644348,0.469499409198761,-0.1163054034113884,0.9007542133331299,932,253
128,4266,23,0.9115859866142273,0.5535178780555725,0.04870766028761864,0.9999291896820068,875,298
128,4266,24,0.9336517453193665,0.5557202100753784,-0.04889694228768349,0.9999629855155945,896,300
128,4266,25,0.8856553435325623,0.6554505825042725,0.07958833873271942,0.7046377658843994,850,353
128,4266,26,0.9620729088783264,0.6614697575569153,-0.015143395401537418,0.9483200907707214,923,357
128,4266,27,0.8393542170524597,0.7343881726264954,0.08105325698852539,0.8806268572807312,805,396
128,4266,28,0.9678690433502197,0.7767751812934875,0.010181230492889881,0.9720321297645569,929,419
128,4266,29,0.826090931892395,0.7402175068855286,0.07987045496702194,0.9084406495094299,793,399
128,4266,30,0.9612629413604736,0.7990339398384094,0.012424048967659473,0.9328569769859314,922,431
128,4266,31,0.8436938524246216,0.7883490324020386,0.06469470262527466,0.8743293285369873,809,425
128,4266,32,0.9943311810493469,0.7914924025535583,-0.011770951561629772,0.9434175491333008,954,427
129,4300,0,0.9492436647415161,0.3334401547908783,-0.0030879329424351454,0.9940792918205261,911,180
129,4300,1,0.9472801089286804,0.3230975270271301,-0.003695593448355794,0.9922783374786377,909,174
129,4300,2,0.9452136158943176,0.3219967484474182,-0.003827389096841216,0.9928443431854248,907,173
129,4300,3,0.9431307911872864,0.32096341252326965,-0.0038367051165550947,0.9950525164604187,905,173
129,4300,4,0.9524459838867188,0.32572975754737854,-0.017645500600337982,0.994978666305542,914,175
129,4300,5,0.9541171193122864,0.3264003396034241,-0.017840735614299774,0.996675431728363,915,176
129,4300,6,0.9557586908340454,0.32699504494667053,-0.017932189628481865,0.9974470138549805,917,176
129,4300,7,0.9390471577644348,0.3247688114643097,0.004061734303832054,0.9977456331253052,901,175
129,4300,8,0.9565685391426086,0.33312955498695374,-0.059247907251119614,0.9963163733482361,918,179
129,4300,9,0.9460722208023071,0.34193840622901917,0.004070081748068333,0.995692789554596,908,184
129,4300,10,0.950078547000885,0.34366080164909363,-0.015044257044792175,0.9961411356925964,912,185
129,4300,11,0.9216806292533875,0.3815203011035919,0.05534635856747627,0.9995533227920532,884,206
129,4300,12,0.9479296803474426,0.3890865445137024,-0.0928816869854927,0.9997726082801819,910,210
129,4300,13,0.9397648572921753,0.4606802761554718,0.06529133766889572,0.10279034078121185,902,248
129,4300,14,0.9323447942733765,0.4748609662055969,-0.1393071562051773,0.940429151058197,895,256
129,4300,15,0.9803758263587952,0.476590633392334,0.00809837318956852,0.12951414287090302,941,257
129,4300,16,0.9597324132919312,0.4801081418991089,-0.16440337896347046,0.9215669631958008,921,259
129,4300,17,0.9890784025192261,0.47771215438842773,0.003147519426420331,0.16350124776363373,949,257
129,4300,18,0.9668340086936951,0.4914416968822479,-0.18348322808742523,0.9144234657287598,928,265
129,4300,19,0.9939749836921692,0.4806519150733948,-0.012151684612035751,0.16616319119930267,954,259
129,4300,20,0.9701048135757446,0.48164114356040955,-0.17775559425354004,0.9074244499206543,931,260
129,4300,21,0.9906380772590637,0.4821963310241699,-0.000254500366281718,0.14895331859588623,951,260
129,4300,22,0.966322124004364,0.4813275933265686,-0.16302552819252014,0.8605508804321289,927,259
129,4300,23,0.9128836989402771,0.5525570511817932,0.04871806874871254,0.9999157190322876,876,298
129,4300,24,0.935421884059906,0.5551964640617371,-0.04891197755932808,0.999949038028717,898,299
129,4300,25,0.8883224129676819,0.6540275812149048,0.06978652626276016,0.7134754657745361,852,353
129,4300,26,0.9629105925559998,0.6628773212432861,-0.028352567926049232,0.9478414058685303,924,357
129,4300,27,0.8420305252075195,0.7331539392471313,0.0778832733631134,0.8874437212944031,808,395
129,4300,28,0.9698997735977173,0.7777395248413086,0.0077614192850887775,0.9732794165611267,931,419
129,4300,29,0.8296477794647217,0.7397523522377014,0.07659507542848587,0.9127532243728638,796,399
129,4300,30,0.9627407193183899,0.7988156080245972,0.010476510971784592,0.936292827129364,924,431
129,4300,31,0.8450552821159363,0.788267970085144,0.047430701553821564,0.8789533972740173,811,425
129,4300,32,0.9960965514183044,0.7925291657447815,-0.020831620320677757,0.9436458945274353,956,427
130,4333,0,0.964938759803772,0.33347347378730774,-0.0033041483256965876,0.9854172468185425,926,180
130,4333,1,0.9634920954704285,0.3232087194919586,-0.006227386184036732,0.9823256731033325,924,174
130,4333,2,0.9614746570587158,0.32188504934310913,-0.00636446475982666,0.9831745028495789,923,173
130,4333,3,0.9593861103057861,0.3206814229488373,-0.006361663341522217,0.9880198836326599,921,173
130,4333,4,0.9684985876083374,0.32604849338531494,-0.01896783523261547,0.9889845848083496,929,176
130,4333,5,0.9699613451957703,0.32662761211395264,-0.019179673865437508,0.9928547143936157,931,176
130,4333,6,0.9713701009750366,0.3271222710609436,-0.019301269203424454,0.9950252175331116,932,176
130,4333,7,0.9540244936943054,0.3241086006164551,-0.0015475632390007377,0.9942525029182434,915,175
130,4333,8,0.9706737399101257,0.3326680362224579,-0.06032766401767731,0.9936150312423706,931,179
130,4333,9,0.9605421423912048,0.3414836525917053,0.0026336803566664457,0.9895674586296082,922,184
130,4333,10,0.9645812511444092,0.34316083788871765,-0.015805715695023537,0.9916319251060486,925,185
130,4333,11,0.9318298697471619,0.3814656138420105,0.047299403697252274,0.9988808035850525,894,205
130,4333,12,0.9589783549308777,0.3888634443283081,-0.09191489219665527,0.9996232986450195,920,209
130,4333,13,0.9358884692192078,0.4605824649333954,0.06990041583776474,0.09306422621011734,898,248
130,4333,14,0.9475348591804504,0.47459879517555237,-0.1024542823433876,0.9310805797576904,909,256
130,4333,15,0.9661580324172974,0.481210321187973,0.04409395903348923,0.11677703261375427,927,259
130,4333,16,0.9831974506378174,0.4737904965877533,-0.0686737671494484,0.9059019684791565,943,255
130,4333,17,0.9724529981613159,0.4846162497997284,0.0442754290997982,0.14776386320590973,933,261
130,4333,18,0.9886064529418945,0.4829411208629608,-0.0763617530465126,0.8988757133483887,949,260
130,4333,19,0.9761292338371277,0.4852699637413025,0.030879827216267586,0.15015511214733124,937,262
130,4333,20,0.9923531413078308,0.47277915477752686,-0.07204317301511765,0.8905256390571594,952,255
130,4333,21,0.9745161533355713,0.4849694073200226,0.037785522639751434,0.13469290733337402,935,261
130,4333,22,0.9879218935966492,0.46971607208251953,-0.06567612290382385,0.838161826133728,948,253
130,4333,23,0.9282365441322327,0.5519558191299438,0.045017141848802567,0.9998680949211121,891,298
130,4333,24,0.9495454430580139,0.5545387268066406,-0.04519394785165787,0.9999293684959412,911,299
130,4333,25,0.9083625078201294,0.6511576175689697,0.06731411069631577,0.7178329825401306,872,351
130,4333,26,0.9717486500740051,0.6627846360206604,-0.024000097066164017,0.9438720345497131,932,357
130,4333,27,0.8566685914993286,0.7211102247238159,0.07214276492595673,0.8911829590797424,822,389
130,4333,28,0.9724134206771851,0.7766237854957581,0.01302100159227848,0.9726842045783997,933,419
130,4333,29,0.8418856263160706,0.7226526141166687,0.0713568851351738,0.9154558181762695,808,390
130,4333,30,0.9636856913566589,0.7985876798629761,0.01887214370071888,0.9376070499420166,925,431
130,4333,31,0.8539353609085083,0.7690384387969971,0.05224792659282684,0.8768814206123352,819,415
130,4333,32,0.9951456189155579,0.7945573925971985,9.551901166560128e-05,0.9363414645195007,955,429
131,4366,0,0.965498685836792,0.3341331481933594,-0.0017023752443492413,0.9636717438697815,926,180
131,4366,1,0.9638925194740295,0.32374781370162964,-0.0023483415134251118,0.9569205641746521,925,174
131,4366,2,0.9618520140647888,0.32235416769981384,-0.0024862892460078,0.9621351361274719,923,174
131,4366,3,0.9597327709197998,0.32103803753852844,-0.002478979295119643,0.9702101945877075,921,173
131,4366,4,0.9685556292533875,0.3264692425727844,-0.01706787943840027,0.9688118696212769,929,176
131,4366,5,0.969991147518158,0.3269830644130707,-0.01726394146680832,0.9809667468070984,931,176
131,4366,6,0.9715311527252197,0.3274373710155487,-0.017376311123371124,0.9850584864616394,932,176
131,4366,7,0.9544264674186707,0.32411661744117737,0.00566106615588069,0.9866018295288086,916,175
131,4366,8,0.9712773561477661,0.33274632692337036,-0.060189325362443924,0.9847679138183594,932,179
131,4366,9,0.9616674184799194,0.34177783131599426,0.00590150523930788,0.9772034883499146,923,184
131,4366,10,0.9652885794639587,0.3435114920139313,-0.014320374466478825,0.9799838662147522,926,185
131,4366,11,0.9345472455024719,0.38095057010650635,0.05903846397995949,0.9985551834106445,897,205
131,4366,12,0.9597028493881226,0.38853663206100464,-0.09395603090524673,0.9994902610778809,921,209
131,4366,13,0.9373877048492432,0.46633610129356384,0.0762036070227623,0.08494403213262558,899,251
131,4366,14,0.94915372133255,0.4744122624397278,-0.12293969839811325,0.9259230494499207,911,256
131,4366,15,0.9631280899047852,0.5096412301063538,0.0336037315428257,0.10612044483423233,924,275
131,4366,16,0.9852533340454102,0.4750836491584778,-0.11928865313529968,0.908135175704956,945,256
131,4366,17,0.968302309513092,0.5182170867919922,0.031452592462301254,0.13582843542099,929,279
131,4366,18,0.9919838309288025,0.4838094711303711,-0.13509392738342285,0.9022498726844788,952,261
131,4366,19,0.9715717434883118,0.5174217224121094,0.017165077850222588,0.13794530928134918,932,279
131,4366,20,0.9956413507461548,0.47455134987831116,-0.12468058615922928,0.8938173055648804,955,256
131,4366,21,0.97021484375,0.5141055583953857,0.026527024805545807,0.1237412542104721,931,277
131,4366,22,0.9927318692207336,0.4715535342693329,-0.11450448632240295,0.841447114944458,953,254
131,4366,23,0.9301232695579529,0.5515477061271667,0.04738418012857437,0.99983811378479,892,297
131,4366,24,0.9518190026283264,0.5541223287582397,-0.04756845906376839,0.9999135136604309,913,299
131,4366,25,0.9091346263885498,0.6507180333137512,0.06509213149547577,0.7223395109176636,872,351
131,4366,26,0.9712178111076355,0.6634289622306824,-0.02264469489455223,0.9404314160346985,932,358
131,4366,27,0.8579521775245667,0.7181870341300964,0.074288010597229,0.8968966007232666,823,387
131,4366,28,0.9715481400489807,0.775915801525116,0.021007664501667023,0.9727503061294556,932,418
131,4366,29,0.8440927863121033,0.7207821607589722,0.07385672628879547,0.9201831221580505,810,389
131,4366,30,0.9625340700149536,0.7979795336723328,0.026849959045648575,0.9393566250801086,924,430
131,4366,31,0.8545187711715698,0.7668803930282593,0.04976276308298111,0.8798706531524658,820,414
131,4366,32,0.9954057931900024,0.7988191843032837,0.0015791223850101233,0.9320324659347534,955,431
132,4400,0,0.978943407535553,0.3325844407081604,0.030141495168209076,0.9616708755493164,939,179
132,4400,1,0.977584183216095,0.32111409306526184,0.026463208720088005,0.9555323123931885,938,173
132,4400,2,0.9755749106407166,0.3195025622844696,0.02635463885962963,0.9590438604354858,936,172
132,4400,3,0.9734781980514526,0.31811338663101196,0.026363756507635117,0.9686463475227356,934,171
132,4400,4,0.9831092953681946,0.3246484398841858,0.014013896696269512,0.9680789709091187,943,175
132,4400,5,0.9848775267601013,0.32529816031455994,0.01382455788552761,0.9798460006713867,945,175
132,4400,6,0.9865753054618835,0.3258335590362549,0.013745313510298729,0.9847392439842224,947,175
132,4400,7,0.9679710865020752,0.32080385088920593,0.019520308822393417,0.9853789806365967,929,173
132,4400,8,0.9864858984947205,0.33160272240638733,-0.03690878301858902,0.9837660789489746,947,179
132,4400,9,0.9744599461555481,0.34023621678352356,0.03268945589661598,0.9735080599784851,935,183
132,4400,10,0.9785106778144836,0.3425448536872864,0.015351924113929272,0.9776983261108398,939,184
132,4400,11,0.9400615096092224,0.38056692481040955,0.058691296726465225,0.998341977596283,902,205
132,4400,12,0.9793030619621277,0.3883051574230194,-0.07019687443971634,0.9994001984596252,940,209
132,4400,13,0.9335187673568726,0.47071191668510437,0.07672888785600662,0.07734723389148712,896,254
132,4400,14,0.9731875658035278,0.48013877868652344,-0.08472839742898941,0.89387047290802,934,259
132,4400,15,0.9537847638130188,0.5300220847129822,0.08289596438407898,0.09570232033729553,915,286
132,4400,16,0.9877492785453796,0.5348063111305237,-0.04927242919802666,0.8327786326408386,948,288
132,4400,17,0.9581726789474487,0.5428863763809204,0.08753133565187454,0.1226094663143158,919,293
132,4400,18,0.9885413646697998,0.552833080291748,-0.05466851964592934,0.8242278695106506,948,298
132,4400,19,0.9620081186294556,0.5437592267990112,0.0771196112036705,0.12449003756046295,923,293
132,4400,20,0.9890553951263428,0.5523807406425476,-0.05324042961001396,0.8153627514839172,949,298
132,4400,21,0.9612827897071838,0.5390257835388184,0.0787905752658844,0.11170515418052673,922,291
132,4400,22,0.9882485270500183,0.5475245118141174,-0.04764022305607796,0.7658237814903259,948,295
132,4400,23,0.9406270980834961,0.5513051748275757,0.04499345272779465,0.9998246431350708,903,297
132,4400,24,0.9668792486190796,0.5548957586288452,-0.045172180980443954,0.9999076128005981,928,299
132,4400,25,0.92789626121521,0.6511262655258179,0.08048208802938461,0.7177152633666992,890,351
132,4400,26,0.9804932475090027,0.6686581373214722,-0.0030826455913484097,0.9291354417800903,941,361
132,4400,27,0.8775122165679932,0.7162177562713623,0.11444017291069031,0.8882765769958496,842,386
132,4400,28,0.9707439541816711,0.77543044090271,0.04051872715353966,0.9699802994728088,931,418
132,4400,29,0.8619304299354553,0.7158015966415405,0.11664895713329315,0.9095770716667175,827,386
132,4400,30,0.9608612060546875,0.7974463105201721,0.04459381848573685,0.9331073760986328,922,430
132,4400,31,0.8728250861167908,0.7628858089447021,0.10148350149393082,0.8531080484390259,837,411
132,4400,32,0.9949901103973389,0.7967966794967651,0.01919231005012989,0.915100634098053,955,430
133,4433,0,0.980993390083313,0.33238300681114197,0.03171619027853012,0.9588391184806824,941,179
133,4433,1,0.978550136089325,0.32086607813835144,0.028524018824100494,0.9518979787826538,939,173
133,4433,2,0.9763948917388916,0.3192560076713562,0.028411658480763435,0.9547026753425598,937,172
133,4433,3,0.9740561246871948,0.3178904354572296,0.028414350003004074,0.9656693339347839,935,171
133,4433,4,0.9837676286697388,0.32452192902565,0.014654296450316906,0.966117799282074,944,175
133,4433,5,0.9852790832519531,0.3252212107181549,0.014467078261077404,0.978435754776001,945,175
133,4433,6,0.9868515729904175,0.32574352622032166,0.014389602467417717,0.983966588973999,947,175
133,4433,7,0.9673293828964233,0.3205057680606842,0.023812739178538322,0.9838322401046753,928,173
133,4433,8,0.9863160848617554,0.3314402103424072,-0.03845321759581566,0.9825502634048462,946,178
133,4433,9,0.9764422178268433,0.34006381034851074,0.03523046895861626,0.9705139994621277,937,183
133,4433,10,0.9805591702461243,0.34227415919303894,0.016131911426782608,0.9759109616279602,941,184
133,4433,11,0.94242924451828,0.3803574740886688,0.06024020537734032,0.9983563423156738,904,205
133,4433,12,0.980927050113678,0.38868045806884766,-0.07414199411869049,0.9994158744812012,941,209
133,4433,13,0.9322159290313721,0.4709090292453766,0.08442211896181107,0.0703066885471344,894,254
133,4433,14,0.9727827310562134,0.48372870683670044,-0.10002157092094421,0.8696622252464294,933,261
133,4433,15,0.9502782225608826,0.5228861570358276,0.0884128138422966,0.08632386475801468,912,282
133,4433,16,0.9881578683853149,0.5471530556678772,-0.05614624544978142,0.7852041721343994,948,295
133,4433,17,0.954255223274231,0.5401697754859924,0.09138474613428116,0.11082107573747635,916,291
133,4433,18,0.9884223937988281,0.5662643909454346,-0.07066023349761963,0.7770096659660339,948,305
133,4433,19,0.9580651521682739,0.534770667552948,0.08022942394018173,0.1124996468424797,919,288
133,4433,20,0.9885253310203552,0.5663870573043823,-0.062467802315950394,0.7662162184715271,948,305
133,4433,21,0.9573274254798889,0.5357306003570557,0.08377374708652496,0.10096199810504913,919,289
133,4433,22,0.9878109693527222,0.5595929622650146,-0.04949868470430374,0.7136942744255066,948,302
133,4433,23,0.9421600699424744,0.5511407256126404,0.04534079506993294,0.9998270273208618,904,297
133,4433,24,0.9672430753707886,0.5548753142356873,-0.04551807418465614,0.9999107718467712,928,299
133,4433,25,0.9304826259613037,0.6511385440826416,0.08049172908067703,0.6967313289642334,893,351
133,4433,26,0.9834636449813843,0.6714313626289368,-0.011637943796813488,0.9181125164031982,944,362
133,4433,27,0.8780191540718079,0.7144877314567566,0.11061374098062515,0.869766116142273,842,385
133,4433,28,0.9721984267234802,0.7762988805770874,0.02555154636502266,0.967566192150116,933,419
133,4433,29,0.8649090528488159,0.7127251029014587,0.1119064912199974,0.8969615697860718,830,384
133,4433,30,0.9631706476211548,0.7984087467193604,0.028706928715109825,0.929724395275116,924,431
133,4433,31,0.8744271397590637,0.7599242329597473,0.09522170573472977,0.8233852982521057,839,410
133,4433,32,0.9984415173530579,0.7971969246864319,-0.0024882087018340826,0.901627779006958,958,430
134,4466,0,0.9871662855148315,0.3187597692012787,0.026372872292995453,0.8875705003738403,947,172
134,4466,1,0.9853951930999756,0.30905961990356445,0.025276200845837593,0.8804370760917664,945,166
134,4466,2,0.9840170741081238,0.3086407482624054,0.025164024904370308,0.881468653678894,944,166
134,4466,3,0.9818267822265625,0.30819645524024963,0.0251753106713295,0.9019215106964111,942,166
134,4466,4,0.9888184070587158,0.3100166320800781,0.012442108243703842,0.8948996067047119,949,167
134,4466,5,0.9897297620773315,0.3101172149181366,0.012245280668139458,0.9103952646255493,950,167
134,4466,6,0.9904692769050598,0.30992525815963745,0.012128780595958233,0.9270409941673279,950,167
134,4466,7,0.9775099158287048,0.3132043480873108,0.027807721868157387,0.938479483127594,938,169
134,4466,8,0.9905670881271362,0.31575891375541687,-0.02917574532330036,0.9227985739707947,950,170
134,4466,9,0.9854231476783752,0.32963457703590393,0.03190014138817787,0.9158052206039429,946,178
134,4466,10,0.9883131384849548,0.3298906981945038,0.01420370303094387,0.9187226891517639,948,178
134,4466,11,0.9540807008743286,0.3761882781982422,0.06678631901741028,0.9973368048667908,915,203
134,4466,12,0.9934962391853333,0.3744387924671173,-0.06520870327949524,0.9977687001228333,953,202
134,4466,13,0.9407896399497986,0.4602542817592621,0.08768954128026962,0.06397873908281326,903,248
134,4466,14,0.9842440485954285,0.4647888243198395,-0.09053345769643784,0.8059659004211426,944,250
134,4466,15,0.9520686864852905,0.5119093656539917,0.07513193786144257,0.07816874980926514,913,276
134,4466,16,0.9900235533714294,0.5161722898483276,-0.0730685368180275,0.7092737555503845,950,278
134,4466,17,0.9536780118942261,0.534212052822113,0.07485609501600266,0.10063457489013672,915,288
134,4466,18,0.9918681979179382,0.5240995287895203,-0.0843675285577774,0.7016969323158264,952,283
134,4466,19,0.9581896662712097,0.5345492959022522,0.06312992423772812,0.10211238265037537,919,288
134,4466,20,0.9906392693519592,0.5220856070518494,-0.08060304820537567,0.6917028427124023,951,281
134,4466,21,0.9584386348724365,0.5337253212928772,0.06987399607896805,0.09160074591636658,920,288
134,4466,22,0.9883727431297302,0.5180217027664185,-0.07091715931892395,0.6440194845199585,948,279
134,4466,23,0.9537273645401001,0.5336057543754578,0.04564749449491501,0.9997254014015198,915,288
134,4466,24,0.9753566384315491,0.5351848602294922,-0.04577942565083504,0.9998121857643127,936,288
134,4466,25,0.9587399959564209,0.6440121531486511,0.05375844985246658,0.6751132011413574,920,347
134,4466,26,0.970474123954773,0.6511204838752747,-0.03464537486433983,0.8949800133705139,931,351
134,4466,27,0.9181386828422546,0.7349455952644348,0.07103195786476135,0.8585525751113892,881,396
134,4466,28,0.9671850204467773,0.7715187668800354,0.011889385990798473,0.9560889601707458,928,416
134,4466,29,0.8936275243759155,0.7201917767524719,0.07023657113313675,0.8678065538406372,857,388
134,4466,30,0.9594518542289734,0.7888367772102356,0.01537999976426363,0.8970157504081726,921,425
134,4466,31,0.9057078957557678,0.7614838480949402,0.02970949374139309,0.797886848449707,869,411
134,4466,32,0.9756799340248108,0.794212818145752,-0.026448287069797516,0.8712912201881409,936,428
135,4500,0,0.9911941885948181,0.3200896084308624,0.051939692348241806,0.8570787906646729,951,172
135,4500,1,0.9886699914932251,0.30988240242004395,0.05111553892493248,0.8443564772605896,949,167
135,4500,2,0.9872963428497314,0.30939215421676636,0.050991397351026535,0.8440103530883789,947,167
135,4500,3,0.985686719417572,0.3089022636413574,0.05098993331193924,0.8740737438201904,946,166
135,4500,4,0.9924177527427673,0.3109932541847229,0.03776507452130318,0.8639102578163147,952,167
135,4500,5,0.9932798743247986,0.31109222769737244,0.037593211978673935,0.8840101361274719,953,167
135,4500,6,0.9939252138137817,0.3109584152698517,0.03749755397439003,0.9050341844558716,954,167
135,4500,7,0.9793447256088257,0.3134513199329376,0.05126207321882248,0.9296773672103882,940,169
135,4500,8,0.9926285147666931,0.3167944848537445,-0.009584062732756138,0.899838924407959,952,171
135,4500,9,0.9877271056175232,0.3304872214794159,0.05613259598612785,0.8952392935752869,948,178
135,4500,10,0.9914335012435913,0.3310514986515045,0.03753725066781044,0.8986406326293945,951,178
135,4500,11,0.9543818831443787,0.37528854608535767,0.07873693853616714,0.9970157146453857,916,202
135,4500,12,0.9920240640640259,0.3728941082954407,-0.051909372210502625,0.9971473813056946,952,201
135,4500,13,0.942033052444458,0.4545804262161255,0.11183157563209534,0.05875341594219208,904,245
135,4500,14,0.982669472694397,0.46133673191070557,-0.10685398429632187,0.7809565663337708,943,249
135,4500,15,0.9596416354179382,0.5018498301506042,0.12882497906684875,0.07070939987897873,921,270
135,4500,16,0.9902374148368835,0.5089944005012512,-0.1435205042362213,0.6451675295829773,950,274
135,4500,17,0.9605762362480164,0.5094172358512878,0.13407757878303528,0.09124167263507843,922,275
135,4500,18,0.9915911555290222,0.51455157995224,-0.15947213768959045,0.6387779116630554,951,277
135,4500,19,0.965201199054718,0.5077921152114868,0.12317036092281342,0.09259139001369476,926,274
135,4500,20,0.9911473989486694,0.5118972659111023,-0.15143346786499023,0.6297153830528259,951,276
135,4500,21,0.9663648009300232,0.506276547908783,0.12467794120311737,0.08303294330835342,927,273
135,4500,22,0.9890135526657104,0.5090965628623962,-0.14186780154705048,0.5848396420478821,949,274
135,4500,23,0.9558083415031433,0.5308391451835632,0.045751266181468964,0.9995037913322449,917,286
135,4500,24,0.9750518798828125,0.5345032811164856,-0.045878224074840546,0.9995896220207214,936,288
135,4500,25,0.9637066125869751,0.6440666913986206,0.05353273078799248,0.6398791074752808,925,347
135,4500,26,0.9667541980743408,0.6472249627113342,-0.03692105785012245,0.8932703733444214,928,349
135,4500,27,0.9559494853019714,0.7582181096076965,0.07997357100248337,0.8523510694503784,917,409
135,4500,28,0.9277440309524536,0.7560669779777527,0.003387619275599718,0.9564551711082458,890,408
135,4500,29,0.9550856351852417,0.780962347984314,0.07967828959226608,0.8505101799964905,916,421
135,4500,30,0.9167534112930298,0.7626205086708069,0.006736940238624811,0.8889376521110535,880,411
135,4500,31,0.961591362953186,0.7813061475753784,0.04218234494328499,0.7915644645690918,923,421
135,4500,32,0.9327957034111023,0.7939828038215637,-0.030826406553387642,0.8746377825737,895,428
136,4533,0,0.9957326650619507,0.3204866051673889,0.011666830629110336,0.8147475123405457,955,173
136,4533,1,0.9945758581161499,0.31056514382362366,0.0216539204120636,0.7942825555801392,954,167
136,4533,2,0.9945670366287231,0.30997517704963684,0.021566331386566162,0.794344961643219,954,167
136,4533,3,0.9945623278617859,0.30932873487472534,0.021609824150800705,0.8293607831001282,954,167
136,4533,4,0.993800699710846,0.31184452772140503,0.014267298392951488,0.8175438642501831,954,168
136,4533,5,0.9932997822761536,0.3120223581790924,0.014017585664987564,0.843535840511322,953,168
136,4533,6,0.9927586913108826,0.3119927644729614,0.013789091259241104,0.8720836639404297,953,168
136,4533,7,0.992531955242157,0.3137461841106415,0.04117884859442711,0.8973278999328613,952,169
136,4533,8,0.9908060431480408,0.3175862729549408,-0.009588087908923626,0.8674788475036621,951,171
136,4533,9,0.9963371753692627,0.3295877277851105,0.033396635204553604,0.8470333814620972,956,177
136,4533,10,0.9949250817298889,0.3304724097251892,0.02684558741748333,0.8526836633682251,955,178
136,4533,11,0.9753247499465942,0.3709348738193512,0.08953512459993362,0.9915385246276855,936,200
136,4533,12,0.9872129559516907,0.36375582218170166,-0.03879306837916374,0.9944713711738586,947,196
136,4533,13,0.961016058921814,0.45379558205604553,0.1046147570014,0.05401449277997017,922,245
136,4533,14,0.9704803824424744,0.4496850371360779,-0.05873585492372513,0.7667292952537537,931,242
136,4533,15,0.9701424837112427,0.4953678846359253,0.06313833594322205,0.06420952081680298,931,267
136,4533,16,0.9852378368377686,0.4837743043899536,-0.0598117932677269,0.5908626317977905,945,261
136,4533,17,0.9706030488014221,0.5040600895881653,0.056862857192754745,0.08370833843946457,931,272
136,4533,18,0.9889610409736633,0.49023792147636414,-0.07235013693571091,0.5864535570144653,949,264
136,4533,19,0.9747270941734314,0.5017145872116089,0.04457015171647072,0.08508145809173584,935,270
136,4533,20,0.9908568859100342,0.4838632047176361,-0.06684382259845734,0.5784216523170471,951,261
136,4533,21,0.9748022556304932,0.49733537435531616,0.05682620778679848,0.07633169740438461,935,268
136,4533,22,0.9882399439811707,0.4801758825778961,-0.05754511058330536,0.5369361042976379,948,259
136,4533,23,0.9723215103149414,0.5282207131385803,0.045852381736040115,0.9985942244529724,933,285
136,4533,24,0.9790610671043396,0.5246751308441162,-0.04597890377044678,0.999042272567749,939,283
136,4533,25,0.973551869392395,0.6427488923072815,0.04780068248510361,0.6228508353233337,934,347
136,4533,26,0.9818267822265625,0.647935688495636,-0.05461423471570015,0.9005451202392578,942,349
136,4533,27,0.9373930096626282,0.7419016361236572,0.08350054919719696,0.8584094047546387,899,400
136,4533,28,0.9390345215797424,0.7588093280792236,-0.00928681530058384,0.9595987796783447,901,409
136,4533,29,0.9260629415512085,0.7661870718002319,0.08388275653123856,0.8447402119636536,889,413
136,4533,30,0.9443184733390808,0.7680409550666809,-0.005168979987502098,0.8904473185539246,906,414
136,4533,31,0.9398480653762817,0.7801479697227478,0.03752993419766426,0.8004775047302246,902,421
136,4533,32,0.9525474905967712,0.8067258596420288,-0.053331244736909866,0.8838502168655396,914,435
137,4566,0,1.0069119930267334,0.31585484743118286,-0.028259823098778725,0.773295521736145,966,170
137,4566,1,1.003167986869812,0.30738866329193115,-0.021886326372623444,0.7430984377861023,963,165
137,4566,2,1.0027567148208618,0.30724307894706726,-0.022014571353793144,0.7438689470291138,962,165
137,4566,3,1.0055545568466187,0.3070460557937622,-0.02198912389576435,0.7822605967521667,965,165
137,4566,4,1.0056030750274658,0.3076924681663513,-0.03309520334005356,0.7699771523475647,965,166
137,4566,5,1.0050643682479858,0.3077843487262726,-0.03331129625439644,0.8015430569648743,964,166
137,4566,6,1.0044811964035034,0.30768829584121704,-0.033465947955846786,0.8360756635665894,964,166
137,4566,7,0.9998892545700073,0.31111225485801697,0.012398090213537216,0.8584729433059692,959,168
137,4566,8,0.9981238842010498,0.31124579906463623,-0.036114588379859924,0.829157292842865,958,168
137,4566,9,1.0057432651519775,0.32478445768356323,-0.011429999023675919,0.7987961769104004,965,175
137,4566,10,1.0047451257705688,0.3248586654663086,-0.026407158002257347,0.8101586699485779,964,175
137,4566,11,0.9811172485351562,0.3659055233001709,0.07047240436077118,0.9878731966018677,941,197
137,4566,12,0.9950202703475952,0.36568933725357056,-0.04131556674838066,0.9929672479629517,955,197
137,4566,13,0.9572989344596863,0.44572070240974426,0.07713516801595688,0.049491338431835175,919,240
137,4566,14,0.972614049911499,0.4519181251525879,-0.07522615790367126,0.7689716219902039,933,244
137,4566,15,0.9732161164283752,0.4961632192134857,0.025352735072374344,0.05824170634150505,934,267
137,4566,16,0.9862469434738159,0.4909730553627014,-0.06448716670274734,0.5488641262054443,946,265
137,4566,17,0.9743166565895081,0.505714476108551,0.01779334805905819,0.07654841244220734,935,273
137,4566,18,0.9896630644798279,0.5003501176834106,-0.07660586386919022,0.5443456172943115,950,270
137,4566,19,0.9785512685775757,0.5027506947517395,0.003444020403549075,0.07791131734848022,939,271
137,4566,20,0.9921174645423889,0.49509063363075256,-0.07461098581552505,0.5380305647850037,952,267
137,4566,21,0.978069007396698,0.4998825490474701,0.01803663931787014,0.06993471086025238,938,269
137,4566,22,0.9898341298103333,0.49053823947906494,-0.06333242356777191,0.49796417355537415,950,264
137,4566,23,0.9723984599113464,0.5235384106636047,0.04566959664225578,0.9981282949447632,933,282
137,4566,24,0.9784895777702332,0.5233270525932312,-0.045792754739522934,0.998699426651001,939,282
137,4566,25,0.9789947867393494,0.6426909565925598,0.046893343329429626,0.6121331453323364,939,347
137,4566,26,0.9798921346664429,0.6444557905197144,-0.04781686142086983,0.906274139881134,940,348
137,4566,27,0.9613342881202698,0.7646188735961914,0.08342115581035614,0.8678061962127686,922,412
137,4566,28,0.9322332739830017,0.7313002347946167,0.002634537871927023,0.9619184732437134,894,394
137,4566,29,0.9574072360992432,0.7850815653800964,0.08356568962335587,0.8484940528869629,919,423
137,4566,30,0.9222285151481628,0.7348947525024414,0.010992933064699173,0.886608362197876,885,396
137,4566,31,0.9695684909820557,0.7978208065032959,0.027494942769408226,0.8137181997299194,930,430
137,4566,32,0.939360499382019,0.7870139479637146,-0.03448648005723953,0.8914216756820679,901,424
138,4600,0,1.003175139427185,0.3218686580657959,-0.013737385161221027,0.7033588886260986,963,173
138,4600,1,1.0024653673171997,0.31641241908073425,-0.015390509739518166,0.6731731295585632,962,170
138,4600,2,1.0028177499771118,0.3162013292312622,-0.015534806996583939,0.6738663911819458,962,170
138,4600,3,1.0035847425460815,0.31628015637397766,-0.01551130972802639,0.7103307247161865,963,170
138,4600,4,1.0013412237167358,0.3169870674610138,-0.01736219972372055,0.699324369430542,961,171
138,4600,5,1.000832438468933,0.3175773322582245,-0.017642276361584663,0.7303975820541382,960,171
138,4600,6,1.0002830028533936,0.31797513365745544,-0.01794450916349888,0.7664355039596558,960,171
138,4600,7,1.0041130781173706,0.32014110684394836,0.027622990310192108,0.7835361957550049,963,172
138,4600,8,0.9994603991508484,0.3217553198337555,-0.0016304315067827702,0.7593849897384644,959,173
138,4600,9,1.0054266452789307,0.32783669233322144,-0.010511660017073154,0.7290510535240173,965,177
138,4600,10,1.0032494068145752,0.32877492904663086,-0.007132375612854958,0.7414075136184692,963,177
138,4600,11,1.0057265758514404,0.3772977590560913,0.07655651122331619,0.9728776216506958,965,203
138,4600,12,0.9988893866539001,0.36779406666755676,-0.02753295935690403,0.9891448020935059,958,198
138,4600,13,0.9836784601211548,0.45891591906547546,0.08044833689928055,0.04544064402580261,944,247
138,4600,14,0.9852810502052307,0.44651901721954346,-0.05024333670735359,0.7567142248153687,945,241
138,4600,15,0.9926576614379883,0.49684005975723267,0.040912456810474396,0.05332452431321144,952,268
138,4600,16,1.0003114938735962,0.48954105377197266,-0.05925316736102104,0.5082790851593018,960,264
138,4600,17,0.9942731857299805,0.5064191222190857,0.03542653098702431,0.07118090242147446,954,273
138,4600,18,1.0037859678268433,0.5011643767356873,-0.0742446631193161,0.5042940378189087,963,270
138,4600,19,0.9982329607009888,0.502565324306488,0.02152547799050808,0.07288762927055359,958,271
138,4600,20,1.006840467453003,0.4975084662437439,-0.07247454673051834,0.49949049949645996,966,268
138,4600,21,0.9972384572029114,0.4988417327404022,0.03424607217311859,0.06553519517183304,957,269
138,4600,22,1.0049928426742554,0.4922727942466736,-0.058964964002370834,0.4606074392795563,964,265
138,4600,23,0.9900074005126953,0.5255076289176941,0.03875236585736275,0.9933609962463379,950,283
138,4600,24,0.9841687679290771,0.5208693146705627,-0.038835883140563965,0.9961250424385071,944,281
138,4600,25,0.9845424294471741,0.6429662108421326,0.04236345365643501,0.5678378939628601,945,347
138,4600,26,0.9856338500976562,0.6435289978981018,-0.04672665148973465,0.8943042159080505,946,347
138,4600,27,0.9690207839012146,0.7644542455673218,0.08322612941265106,0.8464339375495911,930,412
138,4600,28,0.9628740549087524,0.7502368688583374,-0.004906671587377787,0.9526463150978088,924,405
138,4600,29,0.9595851898193359,0.790087878704071,0.0837540477514267,0.800116240978241,921,426
138,4600,30,0.9527716040611267,0.7695391178131104,-0.0012695390032604337,0.839181125164032,914,415
138,4600,31,0.9844034314155579,0.7926002740859985,0.025459686294198036,0.7866876125335693,945,428
138,4600,32,0.9818611741065979,0.7899096012115479,-0.059247810393571854,0.8745421171188354,942,426
139,4633,0,1.0132862329483032,0.31466275453567505,-0.07298299670219421,0.6395743489265442,972,169
139,4633,1,1.014620065689087,0.3070354461669922,-0.0691370964050293,0.6096674799919128,974,165
139,4633,2,1.0157443284988403,0.3066532611846924,-0.06929756700992584,0.6106736660003662,975,165
139,4633,3,1.0169132947921753,0.30668455362319946,-0.0692921057343483,0.6455388069152832,976,165
139,4633,4,1.011249303817749,0.30792152881622314,-0.07382465898990631,0.6343051195144653,970,166
139,4633,5,1.010203242301941,0.30858662724494934,-0.07406146824359894,0.6645155549049377,969,166
139,4633,6,1.0091146230697632,0.309076726436615,-0.07427369058132172,0.700137197971344,968,166
139,4633,7,1.0191421508789062,0.31078827381134033,-0.032570771872997284,0.7174918055534363,978,167
139,4633,8,1.0087292194366455,0.313495010137558,-0.0510164313018322,0.6941160559654236,968,169
139,4633,9,1.016697645187378,0.32169806957244873,-0.056708063930273056,0.6676998734474182,976,173
139,4633,10,1.0122114419937134,0.32313767075538635,-0.06322463601827621,0.6791859865188599,971,174
139,4633,11,1.0257779359817505,0.3770962655544281,0.027213478460907936,0.9611703157424927,984,203
139,4633,12,1.0004312992095947,0.36547914147377014,-0.052610132843256,0.9791721701622009,960,197
139,4633,13,1.0094983577728271,0.46604347229003906,0.04176046699285507,0.04325401410460472,969,251
139,4633,14,0.9928207993507385,0.45010262727737427,-0.07003622502088547,0.7275949716567993,953,243
139,4633,15,1.0159846544265747,0.5011090040206909,-0.006236689630895853,0.049442075192928314,975,270
139,4633,16,1.0119720697402954,0.4950917661190033,-0.06201214715838432,0.4628314673900604,971,267
139,4633,17,1.0171242952346802,0.510412335395813,-0.014931312762200832,0.0674443393945694,976,275
139,4633,18,1.016839623451233,0.5117003321647644,-0.08588621020317078,0.4602660536766052,976,276
139,4633,19,1.0211042165756226,0.5036230683326721,-0.029758861288428307,0.06986504048109055,980,271
139,4633,20,1.0197254419326782,0.5055418610572815,-0.0930633693933487,0.4570775628089905,978,272
139,4633,21,1.019493818283081,0.4998321533203125,-0.01318423543125391,0.06297964602708817,978,269
139,4633,22,1.0178179740905762,0.49626296758651733,-0.06751979887485504,0.42110589146614075,977,267
139,4633,23,1.0019997358322144,0.5273771286010742,0.03536306321620941,0.9815487861633301,961,284
139,4633,24,0.98801189661026,0.5222973227500916,-0.03543577343225479,0.9876181483268738,948,282
139,4633,25,0.9864332675933838,0.646815836429596,0.054399628192186356,0.5267055034637451,946,349
139,4633,26,0.988275408744812,0.644598662853241,-0.039930593222379684,0.8737366795539856,948,348
139,4633,27,0.9705642461776733,0.7659003138542175,0.12597092986106873,0.8316415548324585,931,413
139,4633,28,0.9686259627342224,0.7595839500427246,0.03232715278863907,0.9432145357131958,929,410
139,4633,29,0.9622151255607605,0.787971556186676,0.12852256000041962,0.7630684971809387,923,425
139,4633,30,0.958811342716217,0.7753263711929321,0.037416841834783554,0.7970470190048218,920,418
139,4633,31,0.9926698803901672,0.7928617000579834,0.0513959564268589,0.7714759707450867,952,428
139,4633,32,0.9906221628189087,0.7937561273574829,-0.05215077102184296,0.8615953922271729,950,428
140,4666,0,1.0199811458587646,0.32811492681503296,-0.03718600422143936,0.5895060300827026,979,177
140,4666,1,1.0203871726989746,0.319892555475235,-0.035792186856269836,0.5570096969604492,979,172
140,4666,2,1.0207457542419434,0.3193665146827698,-0.035932619124650955,0.5576087832450867,979,172
140,4666,3,1.0211057662963867,0.3193296790122986,-0.03592611104249954,0.5923107266426086,980,172
140,4666,4,1.0183818340301514,0.32019826769828796,-0.045799050480127335,0.5814856886863708,977,172
140,4666,5,1.0175654888153076,0.32033008337020874,-0.04600434750318527,0.6112659573554993,976,172
140,4666,6,1.016708254814148,0.3202781081199646,-0.0461413748562336,0.6499354839324951,976,172
140,4666,7,1.0197287797927856,0.3199745714664459,-0.007636415306478739,0.6618607044219971,978,172
140,4666,8,1.0143874883651733,0.3209601938724518,-0.032169997692108154,0.640347957611084,973,173
140,4666,9,1.0204510688781738,0.33310914039611816,-0.026599522680044174,0.6145291924476624,979,179
140,4666,10,1.0179283618927002,0.3338666558265686,-0.04064652696251869,0.6284844279289246,977,180
140,4666,11,1.0045737028121948,0.37209340929985046,0.041144959628582,0.9608466029167175,964,200
140,4666,12,1.007927417755127,0.36664867401123047,-0.04501305893063545,0.9795337915420532,967,197
140,4666,13,0.987935483455658,0.46559885144233704,0.0601671077311039,0.03978685662150383,948,251
140,4666,14,0.989648699760437,0.44413912296295166,-0.05997221916913986,0.7068110108375549,950,239
140,4666,15,0.9931049346923828,0.5020011067390442,0.023309780284762383,0.04537158086895943,953,271
140,4666,16,1.0011738538742065,0.5020238161087036,-0.058036305010318756,0.4273006021976471,961,271
140,4666,17,0.9964197278022766,0.5213609933853149,0.018105460330843925,0.06246206536889076,956,281
140,4666,18,1.0123857259750366,0.5214072465896606,-0.07210113108158112,0.4231335520744324,971,281
140,4666,19,1.0004286766052246,0.5172246098518372,0.003945928532630205,0.0648832693696022,960,279
140,4666,20,1.0138863325119019,0.5235589742660522,-0.07503107190132141,0.42070940136909485,973,282
140,4666,21,0.9985719323158264,0.5111157298088074,0.01675058715045452,0.05848303437232971,958,276
140,4666,22,1.012939214706421,0.5155631899833679,-0.05965742841362953,0.38690173625946045,972,278
140,4666,23,0.9922570586204529,0.5213415622711182,0.03600182384252548,0.981988251209259,952,281
140,4666,24,0.9880593419075012,0.516278088092804,-0.036099616438150406,0.9879723191261292,948,278
140,4666,25,0.9875844120979309,0.6470056176185608,0.04584238678216934,0.48098066449165344,948,349
140,4666,26,0.9922714829444885,0.6437540650367737,-0.05076391249895096,0.8189359903335571,952,347
140,4666,27,0.9721763134002686,0.7663286328315735,0.07735617458820343,0.7817639708518982,933,413
140,4666,28,0.9717720746994019,0.7598484754562378,-0.00640031648799777,0.8976550102233887,932,410
140,4666,29,0.9646781086921692,0.7831542491912842,0.07618536800146103,0.7024961113929749,926,422
140,4666,30,0.9652548432350159,0.7752336263656616,-0.0039012788329273462,0.7312888503074646,926,418
140,4666,31,0.9816266894340515,0.7909715175628662,0.01721196435391903,0.7211640477180481,942,427
140,4666,32,0.9911749958992004,0.7929090857505798,-0.0612872838973999,0.8086123466491699,951,428
141,4700,0,1.0265611410140991,0.3277057707309723,-0.037426821887493134,0.567331075668335,985,176
141,4700,1,1.0272372961044312,0.3193141222000122,-0.030173862352967262,0.5255552530288696,986,172
141,4700,2,1.0277929306030273,0.3187873363494873,-0.030299600213766098,0.5248525738716125,986,172
141,4700,3,1.0283468961715698,0.3186768591403961,-0.030278054997324944,0.5630818009376526,987,172
141,4700,4,1.0244661569595337,0.3198639154434204,-0.04170798510313034,0.5587950944900513,983,172
141,4700,5,1.0232703685760498,0.32010263204574585,-0.041920848190784454,0.5939205288887024,982,172
141,4700,6,1.0220428705215454,0.32018736004829407,-0.042076949030160904,0.640323281288147,981,172
141,4700,7,1.0260536670684814,0.31965500116348267,0.0030186069197952747,0.6344360113143921,985,172
141,4700,8,1.017994999885559,0.32030847668647766,-0.03412938863039017,0.6275339126586914,977,172
141,4700,9,1.0266057252883911,0.3332013189792633,-0.01984456740319729,0.5887776017189026,985,179
141,4700,10,1.0230815410614014,0.3339616358280182,-0.035831667482852936,0.6132413744926453,982,180
141,4700,11,1.0175970792770386,0.37685084342956543,0.06711675971746445,0.9589060544967651,976,203
141,4700,12,1.005652666091919,0.3669372797012329,-0.051721759140491486,0.980197548866272,965,198
141,4700,13,0.9954952001571655,0.4755350649356842,0.08128421008586884,0.036791395395994186,955,256
141,4700,14,0.9905363321304321,0.44482776522636414,-0.0695965439081192,0.7133926153182983,950,240
141,4700,15,0.9950460195541382,0.5244910717010498,0.03123238869011402,0.04167564585804939,955,283
141,4700,16,0.9976900219917297,0.5274140238761902,-0.06563324481248856,0.4105999767780304,957,284
141,4700,17,0.995038628578186,0.5401884317398071,0.02533538267016411,0.05817375332117081,955,291
141,4700,18,1.0020160675048828,0.5491534471511841,-0.08030788600444794,0.40326717495918274,961,296
141,4700,19,0.9987990260124207,0.5350052714347839,0.010316386818885803,0.060696836560964584,958,288
141,4700,20,1.0041786432266235,0.5504090785980225,-0.08174832165241241,0.4028659164905548,964,297
141,4700,21,0.9981823563575745,0.5280193090438843,0.024066751822829247,0.054874587804079056,958,285
141,4700,22,1.003199577331543,0.5416063070297241,-0.0662650391459465,0.3681279718875885,963,292
141,4700,23,0.9938185811042786,0.5203692317008972,0.03990853577852249,0.9817359447479248,954,280
141,4700,24,0.987213671207428,0.5116197466850281,-0.03999767452478409,0.9880205392837524,947,276
141,4700,25,0.9921858906745911,0.6483770608901978,0.050094425678253174,0.45648443698883057,952,350
141,4700,26,0.9926252365112305,0.64505535364151,-0.05439617484807968,0.8067915439605713,952,348
141,4700,27,0.9726828932762146,0.7662457823753357,0.08147044479846954,0.7757425308227539,933,413
141,4700,28,0.9724101424217224,0.7605006694793701,-0.003893133718520403,0.892077624797821,933,410
141,4700,29,0.9634813666343689,0.7859007120132446,0.08128125965595245,0.6802536845207214,924,424
141,4700,30,0.9637907147407532,0.7793453931808472,-0.0007030200213193893,0.7000797986984253,925,420
141,4700,31,0.9880236983299255,0.7898685336112976,0.02628420665860176,0.715191662311554,948,426
141,4700,32,0.9906578063964844,0.792270839214325,-0.06050513684749603,0.8000617027282715,951,427
142,4733,0,1.0422762632369995,0.33791959285736084,-0.0023424772080034018,0.512174129486084,1000,182
142,4733,1,1.0435811281204224,0.3304530084133148,0.00430958392098546,0.47373121976852417,1001,178
142,4733,2,1.0440547466278076,0.330226331949234,0.004188523627817631,0.47316646575927734,1002,178
142,4733,3,1.044521450996399,0.33044612407684326,0.004176987335085869,0.5079757571220398,1002,178
142,4733,4,1.0413707494735718,0.3298811614513397,-0.0024246510583907366,0.5041117072105408,999,178
142,4733,5,1.0405620336532593,0.32969290018081665,-0.0026458229403942823,0.5364071726799011,998,178
142,4733,6,1.039715051651001,0.3293183445930481,-0.0028484161011874676,0.5795705914497375,998,177
142,4733,7,1.043147325515747,0.3313082754611969,0.03662250190973282,0.5737659931182861,1001,178
142,4733,8,1.0366742610931396,0.3290136158466339,0.007418883498758078,0.5688649415969849,995,177
142,4733,9,1.0419691801071167,0.34349122643470764,0.012937456369400024,0.5341389775276184,1000,185
142,4733,10,1.0391091108322144,0.3429666757583618,0.0030924598686397076,0.5584598779678345,997,185
142,4733,11,1.0392460823059082,0.39300546050071716,0.07347002625465393,0.9516959190368652,997,212
142,4733,12,1.016539454460144,0.3674851357936859,-0.007763304747641087,0.9774494767189026,975,198
142,4733,13,1.0137501955032349,0.48639652132987976,0.08473537862300873,0.035081878304481506,973,262
142,4733,14,0.9949203133583069,0.4455970227718353,-0.012486841529607773,0.6938016414642334,955,240
142,4733,15,1.0146031379699707,0.5276498794555664,0.034333351999521255,0.03874889388680458,974,284
142,4733,16,1.001928448677063,0.5271324515342712,-0.019096065312623978,0.3801591098308563,961,284
142,4733,17,1.014262318611145,0.5403746366500854,0.030757131054997444,0.05494016036391258,973,291
142,4733,18,1.004013180732727,0.542760968208313,-0.031713563948869705,0.3733118772506714,963,293
142,4733,19,1.0185620784759521,0.53452467918396,0.01617254875600338,0.057710785418748856,977,288
142,4733,20,1.0071592330932617,0.5416423678398132,-0.03536718711256981,0.37416091561317444,966,292
142,4733,21,1.0177274942398071,0.5282258987426758,0.026436645537614822,0.05239498242735863,977,285
142,4733,22,1.0066286325454712,0.5353161692619324,-0.02078723907470703,0.34148669242858887,966,289
142,4733,23,1.0105698108673096,0.5216712951660156,0.03067369945347309,0.9798958897590637,970,281
142,4733,24,0.9960255026817322,0.5146976113319397,-0.030760517343878746,0.986839234828949,956,277
142,4733,25,0.9975833296775818,0.6513615250587463,0.031167175620794296,0.43998679518699646,957,351
142,4733,26,0.9974895119667053,0.6486889719963074,-0.05100604519248009,0.7888994812965393,957,350
142,4733,27,0.9759465456008911,0.7652397155761719,0.08354447782039642,0.7699920535087585,936,413
142,4733,28,0.9753109812736511,0.7601973414421082,0.015111515298485756,0.8756680488586426,936,410
142,4733,29,0.9671966433525085,0.781891942024231,0.08452562987804413,0.6505373120307922,928,422
142,4733,30,0.9675442576408386,0.775094211101532,0.021222906187176704,0.6538266539573669,928,418
142,4733,31,0.9858572483062744,0.7933834791183472,0.021987376734614372,0.6990581154823303,946,428
142,4733,32,0.9899474382400513,0.7931878566741943,-0.05389958247542381,0.7710606455802917,950,428
143,4766,0,1.0448315143585205,0.3422279953956604,-0.03797203674912453,0.46255290508270264,1003,184
143,4766,1,1.0463576316833496,0.33455032110214233,-0.03249263018369675,0.4271465837955475,1004,180
143,4766,2,1.0469695329666138,0.33423709869384766,-0.032639939337968826,0.42675501108169556,1005,180
143,4766,3,1.0475718975067139,0.3343668282032013,-0.03265456110239029,0.4584631323814392,1005,180
143,4766,4,1.043839931488037,0.3340660333633423,-0.037243228405714035,0.4548562467098236,1002,180
143,4766,5,1.0430200099945068,0.333904504776001,-0.03746908903121948,0.48460468649864197,1001,180
143,4766,6,1.042168140411377,0.33354324102401733,-0.03768100216984749,0.5246027112007141,1000,180
143,4766,7,1.0472227334976196,0.3347465693950653,0.0036825204733759165,0.5193890333175659,1005,180
143,4766,8,1.0397887229919434,0.3329602777957916,0.006500455550849438,0.5155661702156067,998,179
143,4766,9,1.0451804399490356,0.3474438488483429,-0.021472346037626266,0.48529496788978577,1003,187
143,4766,10,1.042140245437622,0.3470984697341919,-0.028657758608460426,0.5093425512313843,1000,187
143,4766,11,1.0452423095703125,0.3980949819087982,0.04271528869867325,0.9459304809570312,1003,214
143,4766,12,1.0184407234191895,0.36787039041519165,-0.027309339493513107,0.9749405980110168,977,198
143,4766,13,1.0127812623977661,0.49202045798301697,0.061527498066425323,0.03551732376217842,972,265
143,4766,14,0.9957223534584045,0.44671353697776794,-0.030611805617809296,0.6930855512619019,955,241
143,4766,15,1.0128717422485352,0.5328381061553955,0.022895166650414467,0.0386495403945446,972,287
143,4766,16,0.998466432094574,0.5230952501296997,-0.04451124370098114,0.3758573532104492,958,282
143,4766,17,1.0124911069869995,0.5449370741844177,0.015455823391675949,0.05683724209666252,971,294
143,4766,18,1.000952959060669,0.5403444170951843,-0.05842996761202812,0.36804813146591187,960,291
143,4766,19,1.0170918703079224,0.5391106009483337,2.9674783945665695e-05,0.0611061193048954,976,291
143,4766,20,1.0035377740859985,0.5411931872367859,-0.05950599163770676,0.3736863136291504,963,292
143,4766,21,1.016182780265808,0.5326160192489624,0.015846699476242065,0.055774420499801636,975,287
143,4766,22,1.0023300647735596,0.5337687134742737,-0.04616861790418625,0.3403855264186859,962,288
143,4766,23,1.0117076635360718,0.522814154624939,0.025781475007534027,0.9743093252182007,971,282
143,4766,24,0.9952444434165955,0.5148642659187317,-0.025867309421300888,0.9830204248428345,955,278
143,4766,25,0.9977506995201111,0.651277482509613,0.031078165397047997,0.4388449788093567,957,351
143,4766,26,0.9960604906082153,0.6488177180290222,-0.0489560104906559,0.7774143815040588,956,350
143,4766,27,0.9759567379951477,0.7652002573013306,0.0822116956114769,0.7804976105690002,936,413
143,4766,28,0.9752455949783325,0.7603434920310974,0.02853414975106716,0.8708980679512024,936,410
143,4766,29,0.9659475684165955,0.7795436978340149,0.08327434211969376,0.6371861100196838,927,420
143,4766,30,0.9669913053512573,0.7725648283958435,0.03416537865996361,0.6210318803787231,928,417
143,4766,31,0.9849995970726013,0.7964802980422974,0.009596695192158222,0.7080296874046326,945,430
143,4766,32,0.987539529800415,0.793182909488678,-0.04452551528811455,0.7632518410682678,948,428
144,4800,0,nan,nan,nan,0.0,-1,-1
145,4833,0,nan,nan,nan,0.0,-1,-1
146,4866,0,nan,nan,nan,0.0,-1,-1
147,4900,0,nan,nan,nan,0.0,-1,-1
148,4933,0,nan,nan,nan,0.0,-1,-1
149,4966,0,nan,nan,nan,0.0,-1,-1
