frame,timestamp_ms,landmark_id,x_norm,y_norm,z_norm,visibility,x_px,y_px
0,0,0,nan,nan,nan,0.0,-1,-1
1,33,0,nan,nan,nan,0.0,-1,-1
2,66,0,nan,nan,nan,0.0,-1,-1
3,100,0,nan,nan,nan,0.0,-1,-1
4,133,0,nan,nan,nan,0.0,-1,-1
5,166,0,nan,nan,nan,0.0,-1,-1
6,200,0,nan,nan,nan,0.0,-1,-1
7,233,0,nan,nan,nan,0.0,-1,-1
8,266,0,nan,nan,nan,0.0,-1,-1
9,300,0,nan,nan,nan,0.0,-1,-1
10,333,0,nan,nan,nan,0.0,-1,-1
11,366,0,nan,nan,nan,0.0,-1,-1
12,400,0,nan,nan,nan,0.0,-1,-1
13,433,0,nan,nan,nan,0.0,-1,-1
14,466,0,nan,nan,nan,0.0,-1,-1
15,500,0,nan,nan,nan,0.0,-1,-1
16,533,0,nan,nan,nan,0.0,-1,-1
17,566,0,nan,nan,nan,0.0,-1,-1
18,600,0,nan,nan,nan,0.0,-1,-1
19,633,0,nan,nan,nan,0.0,-1,-1
20,666,0,nan,nan,nan,0.0,-1,-1
21,700,0,nan,nan,nan,0.0,-1,-1
22,733,0,nan,nan,nan,0.0,-1,-1
23,766,0,nan,nan,nan,0.0,-1,-1
24,800,0,nan,nan,nan,0.0,-1,-1
25,833,0,nan,nan,nan,0.0,-1,-1
26,866,0,0.9282035827636719,0.3063064515590668,0.05334668606519699,0.9981057643890381,891,165
26,866,1,0.9247993230819702,0.30331891775131226,0.03597550466656685,0.9969543218612671,887,163
26,866,2,0.9229614734649658,0.3029119074344635,0.03578713908791542,0.9972561001777649,886,163
26,866,3,0.9212314486503601,0.3043235242366791,0.035802699625492096,0.9976855516433716,884,164
26,866,4,0.9294988512992859,0.3001090884208679,0.04204086586833,0.9972048401832581,892,162
26,866,5,0.931079626083374,0.2996921241283417,0.04183988273143768,0.9978742599487305,893,161
26,866,6,0.9329997301101685,0.29914000630378723,0.041790638118982315,0.9981117248535156,895,161
26,866,7,0.9194490313529968,0.3145124912261963,-0.01982036791741848,0.9988303780555725,882,169
26,866,8,0.9357009530067444,0.3059140145778656,0.008038708940148354,0.9972174167633057,898,165
26,866,9,0.9275143146514893,0.32016605138778687,0.038118671625852585,0.9980912804603577,890,172
26,866,10,0.9319829940795898,0.3173215985298157,0.044800952076911926,0.9974663257598877,894,171
26,866,11,0.9102010130882263,0.3811704218387604,-0.0755603164434433,0.9999864101409912,873,205
26,866,12,0.951820433139801,0.362589567899704,0.045912500470876694,0.9998158812522888,913,195
26,866,13,0.925392746925354,0.48571041226387024,-0.09474460780620575,0.6622686982154846,888,262
26,866,14,0.9364146590232849,0.46248218417167664,0.032434891909360886,0.05617940425872803,898,249
26,866,15,0.932677686214447,0.5515139102935791,-0.0863557830452919,0.5718584060668945,895,297
26,866,16,0.9156045913696289,0.5434253215789795,-0.022781336680054665,0.18268917500972748,878,293
26,866,17,0.9312890768051147,0.57538241147995,-0.09484128654003143,0.5795284509658813,894,310
26,866,18,0.9150804281234741,0.5610255002975464,-0.029470646753907204,0.2258787453174591,878,302
26,866,19,0.9342736005783081,0.5806200504302979,-0.10011959075927734,0.5664790868759155,896,313
26,866,20,0.9145729541778564,0.5611013770103455,-0.04364737123250961,0.22802487015724182,877,302
26,866,21,0.9359779357910156,0.5750925540924072,-0.08662901818752289,0.4532124996185303,898,310
26,866,22,0.91523277759552,0.5583199858665466,-0.031182503327727318,0.18823857605457306,878,301
26,866,23,0.944667637348175,0.5757535099983215,-0.04207936301827431,0.999946117401123,906,310
26,866,24,0.9487303495407104,0.5637655854225159,0.041902098804712296,0.9999181032180786,910,304
26,866,25,0.9210090041160583,0.6557523608207703,-0.012222331948578358,0.8993199467658997,884,354
26,866,26,0.9108915328979492,0.6400356292724609,0.03347128629684448,0.5077927708625793,874,345
26,866,27,0.9583741426467896,0.743989109992981,-0.052017942070961,0.9319013953208923,920,401
26,866,28,0.910200297832489,0.7661265730857849,-0.030760599300265312,0.7215446829795837,873,413
26,866,29,0.9711595177650452,0.7510995864868164,-0.058470699936151505,0.8583902716636658,932,405
26,866,30,0.9224619269371033,0.7876245975494385,-0.038436710834503174,0.7453612089157104,885,425
26,866,31,0.9454364776611328,0.7968055009841919,-0.08598118275403976,0.8769264221191406,907,430
26,866,32,0.8754259943962097,0.7798159122467041,-0.05917135998606682,0.6898583769798279,840,421
27,900,0,0.9281550645828247,0.3073217570781708,-0.009730370715260506,0.9973201751708984,891,165
27,900,1,0.9248583912849426,0.30421242117881775,-0.025230102241039276,0.9957853555679321,887,164
27,900,2,0.9232175350189209,0.30468645691871643,-0.025431035086512566,0.9961521029472351,886,164
27,900,3,0.921650767326355,0.30606764554977417,-0.02539190649986267,0.9967016577720642,884,165
27,900,4,0.9293299913406372,0.30088070034980774,-0.017612138763070107,0.9961679577827454,892,162
27,900,5,0.9309886693954468,0.3002580404281616,-0.017834877595305443,0.9971173405647278,893,162
27,900,6,0.9327026009559631,0.2996745705604553,-0.01792966015636921,0.9974352717399597,895,161
27,900,7,0.9203726053237915,0.314889520406723,-0.06696970015764236,0.9983382821083069,883,170
27,900,8,0.9356064200401306,0.30712834000587463,-0.03214738145470619,0.9962581396102905,898,165
27,900,9,0.9274865388870239,0.32168954610824585,-0.019642973318696022,0.9974968433380127,890,173
27,900,10,0.9313029646873474,0.3189901113510132,-0.010888735763728619,0.9967734813690186,894,172
27,900,11,0.912672221660614,0.38228490948677063,-0.10485825687646866,0.9999826550483704,876,206
27,900,12,0.9486796259880066,0.3668101131916046,0.01519009005278349,0.9997875690460205,910,198
27,900,13,0.9287006855010986,0.48207974433898926,-0.10854974389076233,0.6661397814750671,891,260
27,900,14,0.9364311695098877,0.4622495472431183,0.014150934293866158,0.05475275218486786,898,249
27,900,15,0.9317806959152222,0.550017237663269,-0.09241196513175964,0.5698321461677551,894,297
27,900,16,0.9193091988563538,0.5428942441940308,-0.028914712369441986,0.17534683644771576,882,293
27,900,17,0.9313873052597046,0.5764122009277344,-0.09977730363607407,0.578284740447998,894,311
27,900,18,0.9169845581054688,0.5603474974632263,-0.03485991060733795,0.2189541459083557,880,302
27,900,19,0.9328147768974304,0.5783334970474243,-0.10538569837808609,0.5659630298614502,895,312
27,900,20,0.9153162837028503,0.5612841248512268,-0.04918251186609268,0.22112125158309937,878,303
27,900,21,0.9347133636474609,0.5726842284202576,-0.09254985302686691,0.45341652631759644,897,309
27,900,22,0.9159941077232361,0.5583053827285767,-0.0368717685341835,0.18324075639247894,879,301
27,900,23,0.933983564376831,0.5760172605514526,-0.04205213487148285,0.9999446272850037,896,311
27,900,24,0.9398133158683777,0.5652074813842773,0.04187849536538124,0.9999169707298279,902,305
27,900,25,0.9210991263389587,0.6564692854881287,0.028434423729777336,0.9002295732498169,884,354
27,900,26,0.9093595147132874,0.6399326920509338,0.07480991631746292,0.5234196186065674,872,345
27,900,27,0.9603757858276367,0.7434042692184448,0.07703395187854767,0.9333372712135315,921,401
27,900,28,0.9109295010566711,0.7641486525535583,0.07562296092510223,0.7381467223167419,874,412
27,900,29,0.9697665572166443,0.7515431046485901,0.07960008829832077,0.8524588942527771,930,405
27,900,30,0.9217020273208618,0.7875745892524719,0.07452131062746048,0.7536608576774597,884,425
27,900,31,0.9441512227058411,0.7956244349479675,0.05493820458650589,0.875861644744873,906,429
27,900,32,0.8768549561500549,0.7799995541572571,0.05261633172631264,0.7046950459480286,841,421
28,933,0,0.9169530272483826,0.32344943284988403,-0.20127198100090027,0.9975480437278748,880,174
28,933,1,0.9197637438774109,0.3133968710899353,-0.20492024719715118,0.9961312413215637,882,169
28,933,2,0.9212657809257507,0.312832236289978,-0.20511789619922638,0.9964727759361267,884,168
28,933,3,0.9215194582939148,0.31266483664512634,-0.20508317649364471,0.9969638586044312,884,168
28,933,4,0.9159594178199768,0.3127642273902893,-0.19141381978988647,0.996482253074646,879,168
28,933,5,0.9147077202796936,0.3120068907737732,-0.19165346026420593,0.9973558783531189,878,168
28,933,6,0.9133890271186829,0.31143736839294434,-0.19180257618427277,0.997646152973175,876,168
28,933,7,0.9235239028930664,0.31558963656425476,-0.18538527190685272,0.9984584450721741,886,170
28,933,8,0.9156522154808044,0.3133394718170166,-0.12257228046655655,0.9965386986732483,879,169
28,933,9,0.9206529259681702,0.33143919706344604,-0.18950676918029785,0.9976792931556702,883,178
28,933,10,0.9166586399078369,0.33163413405418396,-0.17274685204029083,0.9970126152038574,879,179
28,933,11,0.947304368019104,0.3762059807777405,-0.1860513687133789,0.9999803900718689,909,203
28,933,12,0.9101594686508179,0.36922165751457214,-0.03125797212123871,0.9998007416725159,873,199
28,933,13,0.9487167000770569,0.47002920508384705,-0.20764827728271484,0.6983916163444519,910,253
28,933,14,0.8945629596710205,0.45968693494796753,-0.000562082976102829,0.1315029412508011,858,248
28,933,15,0.9317721128463745,0.5474291443824768,-0.2354402393102646,0.6096922755241394,894,295
28,933,16,0.8850827813148499,0.5389872193336487,-0.05001051351428032,0.25473544001579285,849,291
28,933,17,0.9313256144523621,0.5753027200698853,-0.2559225857257843,0.6158175468444824,894,310
28,933,18,0.8791506290435791,0.5587051510810852,-0.059308458119630814,0.29303401708602905,843,301
28,933,19,0.925481915473938,0.5761780142784119,-0.2630857527256012,0.6049618721008301,888,311
28,933,20,0.8805427551269531,0.5607386827468872,-0.07900220900774002,0.29538723826408386,845,302
28,933,21,0.9242181777954102,0.5668948292732239,-0.23735235631465912,0.5013066530227661,887,306
28,933,22,0.8846245408058167,0.5562504529953003,-0.059861667454242706,0.26028957962989807,849,300
28,933,23,0.9326136708259583,0.550243079662323,-0.051605224609375,0.9999450445175171,895,297
28,933,24,0.9150951504707336,0.540343165397644,0.051480602473020554,0.9999207854270935,878,291
28,933,25,0.9141701459884644,0.6516222953796387,-0.08803338557481766,0.9097104072570801,877,351
28,933,26,0.9060198068618774,0.6405112147331238,0.07065245509147644,0.5672643184661865,869,345
28,933,27,0.9435604810714722,0.7430335283279419,0.015691811218857765,0.9389228224754333,905,401
28,933,28,0.910842776298523,0.7596167922019958,0.13519246876239777,0.7625191807746887,874,410
28,933,29,0.9568067193031311,0.748778760433197,0.015047712251543999,0.8602069616317749,918,404
28,933,30,0.918150007724762,0.7804540395736694,0.13993623852729797,0.7736138701438904,881,421
28,933,31,0.9322002530097961,0.7956423759460449,0.00040346963214688003,0.8868915438652039,894,429
28,933,32,0.8776627779006958,0.7822168469429016,0.10303203761577606,0.7324381470680237,842,422
29,966,0,0.9126848578453064,0.3328537344932556,-0.21254827082157135,0.9977538585662842,876,179
29,966,1,0.9155788421630859,0.32129690051078796,-0.2176370918750763,0.9964485764503479,878,173
29,966,2,0.9175758361816406,0.31938496232032776,-0.21783308684825897,0.9967689514160156,880,172
29,966,3,0.9195566177368164,0.31867507100105286,-0.21780171990394592,0.9972086548805237,882,172
29,966,4,0.9109826683998108,0.3220213055610657,-0.20255087316036224,0.9967629313468933,874,173
29,966,5,0.9097620248794556,0.32169049978256226,-0.20276401937007904,0.9975661635398865,873,173
29,966,6,0.9084811806678772,0.32154855132102966,-0.20290550589561462,0.9978288412094116,872,173
29,966,7,0.9237425923347473,0.3172622621059418,-0.20004843175411224,0.998575747013092,886,171
29,966,8,0.911529541015625,0.3208175003528595,-0.12972618639469147,0.9967694282531738,875,173
29,966,9,0.9175007939338684,0.33732593059539795,-0.20101484656333923,0.997850775718689,880,182
29,966,10,0.912376344203949,0.3399239480495453,-0.1820564717054367,0.9972192645072937,875,183
29,966,11,0.9509742856025696,0.37187880277633667,-0.20181520283222198,0.9999803304672241,912,200
29,966,12,0.90721595287323,0.37072616815567017,-0.03147678077220917,0.9998115301132202,870,200
29,966,13,0.9514591693878174,0.4649169147014618,-0.23270530998706818,0.7278911471366882,913,251
29,966,14,0.8923625946044922,0.45803749561309814,-0.002174173016101122,0.17863647639751434,856,247
29,966,15,0.931788444519043,0.5440263152122498,-0.27111461758613586,0.6466268301010132,894,293
29,966,16,0.88173508644104,0.532700777053833,-0.05519329011440277,0.3200478255748749,846,287
29,966,17,0.9310397505760193,0.572018563747406,-0.2947259247303009,0.6508283615112305,893,308
29,966,18,0.8761166334152222,0.5548847317695618,-0.06533168256282806,0.3531297743320465,841,299
29,966,19,0.9236189126968384,0.5691091418266296,-0.3011943995952606,0.6412321925163269,886,307
29,966,20,0.8770908117294312,0.5577815771102905,-0.08517977595329285,0.35613468289375305,842,301
29,966,21,0.9232178926467896,0.5587188601493835,-0.2730220854282379,0.5457305312156677,886,301
29,966,22,0.8809241056442261,0.5506219267845154,-0.0653437003493309,0.3224408030509949,845,297
29,966,23,0.9297229647636414,0.5403053760528564,-0.05878694728016853,0.9999465346336365,892,291
29,966,24,0.9092058539390564,0.5308598279953003,0.05869795009493828,0.9999247789382935,872,286
29,966,25,0.9106608033180237,0.6486403346061707,-0.08825992047786713,0.9178157448768616,874,350
29,966,26,0.9015762805938721,0.6399306058883667,0.07568012923002243,0.6043378114700317,865,345
29,966,27,0.9429687857627869,0.7407456040382385,0.015945887193083763,0.9430976510047913,905,400
29,966,28,0.9108381271362305,0.7563170194625854,0.12871411442756653,0.7837055325508118,874,408
29,966,29,0.9537495374679565,0.7458155751228333,0.022389113903045654,0.863942563533783,915,402
29,966,30,0.9182049632072449,0.7774016857147217,0.13151386380195618,0.7910935878753662,881,419
29,966,31,0.9294038414955139,0.7946676015853882,-0.020296024158596992,0.8957905769348145,892,429
29,966,32,0.8776422739028931,0.7828251719474792,0.08997061848640442,0.7568084001541138,842,422
30,1000,0,0.906518280506134,0.3358437716960907,-0.16178815066814423,0.9978765249252319,870,181
30,1000,1,0.9095249772071838,0.32517480850219727,-0.16636724770069122,0.9966137409210205,873,175
30,1000,2,0.911734402179718,0.3243183195590973,-0.16652649641036987,0.9969292283058167,875,175
30,1000,3,0.9142786264419556,0.3238685727119446,-0.1664915382862091,0.9973370432853699,877,174
30,1000,4,0.9049741625785828,0.32518965005874634,-0.15256570279598236,0.9969072937965393,868,175
30,1000,5,0.9039313793182373,0.32494091987609863,-0.15276198089122772,0.9976631999015808,867,175
30,1000,6,0.9027901887893677,0.32490774989128113,-0.15288689732551575,0.9979173541069031,866,175
30,1000,7,0.922207236289978,0.31907030940055847,-0.1529703289270401,0.9986131191253662,885,172
30,1000,8,0.9056947827339172,0.3234700858592987,-0.09009004384279251,0.996832013130188,869,174
30,1000,9,0.9111849069595337,0.34170740842819214,-0.1519274115562439,0.9979130625724792,874,184
30,1000,10,0.9069759249687195,0.34257766604423523,-0.13474878668785095,0.9972625374794006,870,184
30,1000,11,0.9457753896713257,0.3721245229244232,-0.15986324846744537,0.9999793171882629,907,200
30,1000,12,0.9032193422317505,0.3712603449821472,-0.009800237603485584,0.9998094439506531,867,200
30,1000,13,0.9475454092025757,0.4647673964500427,-0.1816639006137848,0.7542660236358643,909,250
30,1000,14,0.8888777494430542,0.4552096724510193,0.020601142197847366,0.19479921460151672,853,245
30,1000,15,0.9300870299339294,0.5444570183753967,-0.20823775231838226,0.6802531480789185,892,294
30,1000,16,0.8761959075927734,0.5241707563400269,-0.027220306918025017,0.37323465943336487,841,283
30,1000,17,0.929480254650116,0.5720775723457336,-0.22710275650024414,0.6827377676963806,892,308
30,1000,18,0.868287205696106,0.5445786714553833,-0.03757227584719658,0.4021599590778351,833,294
30,1000,19,0.9208882451057434,0.5696628093719482,-0.23589439690113068,0.6744174957275391,884,307
30,1000,20,0.8687012791633606,0.5465483069419861,-0.058166585862636566,0.40660062432289124,833,295
30,1000,21,0.920236349105835,0.559823215007782,-0.21088162064552307,0.5866871476173401,883,302
30,1000,22,0.8731362223625183,0.5397167205810547,-0.037392426282167435,0.37261518836021423,838,291
30,1000,23,0.920005738735199,0.5378567576408386,-0.057050690054893494,0.9999279975891113,883,290
30,1000,24,0.9019263982772827,0.5282579660415649,0.05697842314839363,0.9998993873596191,865,285
30,1000,25,0.8948647379875183,0.6455127596855164,-0.08203931897878647,0.9133093357086182,859,348
30,1000,26,0.8945460915565491,0.6399149298667908,0.056613095104694366,0.5818052887916565,858,345
30,1000,27,0.9191942811012268,0.7496567964553833,-0.023655833676457405,0.9353342652320862,882,404
30,1000,28,0.910834014415741,0.7520426511764526,0.09495008736848831,0.7563297748565674,874,406
30,1000,29,0.929341197013855,0.7698025703430176,-0.021218353882431984,0.8436663746833801,892,415
30,1000,30,0.9192168116569519,0.774054229259491,0.09685612469911575,0.7675375938415527,882,417
30,1000,31,0.8858187198638916,0.7897598743438721,-0.08133769035339355,0.8943615555763245,850,426
30,1000,32,0.877892255783081,0.7803685069084167,0.058316670358181,0.7483194470405579,842,421
31,1033,0,0.9034573435783386,0.3341430723667145,-0.15961140394210815,0.9979835748672485,867,180
31,1033,1,0.9070406556129456,0.32324546575546265,-0.1644262671470642,0.996756374835968,870,174
31,1033,2,0.9094295501708984,0.32222580909729004,-0.16457046568393707,0.9970532059669495,873,174
31,1033,3,0.9123755693435669,0.3218671381473541,-0.16453693807125092,0.9974349141120911,875,173
31,1033,4,0.9026056528091431,0.32401520013809204,-0.1495322436094284,0.9970568418502808,866,174
31,1033,5,0.9016368389129639,0.323896586894989,-0.14972178637981415,0.9977675080299377,865,174
31,1033,6,0.9006488919258118,0.3238677680492401,-0.1498425006866455,0.9980197548866272,864,174
31,1033,7,0.9210314154624939,0.31863388419151306,-0.1511784940958023,0.9986476302146912,884,172
31,1033,8,0.904148280620575,0.3225524127483368,-0.08296935260295868,0.9969585537910461,867,174
31,1033,9,0.9089692831039429,0.3407457172870636,-0.1502050906419754,0.9980064630508423,872,184
31,1033,10,0.9044907689094543,0.34168434143066406,-0.13152822852134705,0.9973807334899902,868,184
31,1033,11,0.9444293975830078,0.37119176983833313,-0.15416644513607025,0.9999785423278809,906,200
31,1033,12,0.9016569256782532,0.37329578399658203,-0.003039891365915537,0.9998167157173157,865,201
31,1033,13,0.9470254778862,0.4638870358467102,-0.17795202136039734,0.7777211666107178,909,250
31,1033,14,0.8876346349716187,0.45453041791915894,0.03041587397456169,0.21125578880310059,852,245
31,1033,15,0.928745687007904,0.5445692539215088,-0.20839819312095642,0.7083170413970947,891,294
31,1033,16,0.8759508728981018,0.5210456848144531,-0.0181873869150877,0.42546331882476807,840,281
31,1033,17,0.9287340641021729,0.5721755623817444,-0.22771307826042175,0.7079594135284424,891,308
31,1033,18,0.8672252893447876,0.5427634716033936,-0.028725693002343178,0.45099571347236633,832,293
31,1033,19,0.9192360043525696,0.5697712302207947,-0.2362842857837677,0.701072096824646,882,307
31,1033,20,0.8673763275146484,0.5436180233955383,-0.048468995839357376,0.4563470482826233,832,293
31,1033,21,0.9178306460380554,0.5600972771644592,-0.2110586315393448,0.6189943552017212,881,302
31,1033,22,0.871978759765625,0.5367370247840881,-0.028131049126386642,0.4229283034801483,837,289
31,1033,23,0.9171087145805359,0.5340930223464966,-0.05643533170223236,0.9999164342880249,880,288
31,1033,24,0.9000938534736633,0.526605486869812,0.05636804178357124,0.9998897314071655,864,284
31,1033,25,0.8928091526031494,0.6434921026229858,-0.08177511394023895,0.9092778563499451,857,347
31,1033,26,0.8942243456840515,0.639320969581604,0.046798042953014374,0.5596902966499329,858,345
31,1033,27,0.9146403670310974,0.7509163618087769,-0.02894831821322441,0.9278757572174072,878,405
31,1033,28,0.9110908508300781,0.7490401268005371,0.08033658564090729,0.7294568419456482,874,404
31,1033,29,0.9253503680229187,0.7735434770584106,-0.027036268264055252,0.8275461792945862,888,417
31,1033,30,0.9206308722496033,0.7705606818199158,0.08128595352172852,0.7441096305847168,883,416
31,1033,31,0.8816003203392029,0.7866063714027405,-0.08673293888568878,0.89293372631073,846,424
31,1033,32,0.8796187043190002,0.7789819240570068,0.04233773425221443,0.7393006086349487,844,420
32,1066,0,0.8984786868095398,0.33385077118873596,-0.145217165350914,0.9980519413948059,862,180
32,1066,1,0.9012852907180786,0.32187819480895996,-0.15068508684635162,0.9968873262405396,865,173
32,1066,2,0.9036346077919006,0.32089975476264954,-0.1508382111787796,0.9971842169761658,867,173
32,1066,3,0.9060651659965515,0.3207530975341797,-0.15080516040325165,0.9975540041923523,869,173
32,1066,4,0.896894633769989,0.3235485553741455,-0.13627877831459045,0.9971410036087036,861,174
32,1066,5,0.8957991003990173,0.32369816303253174,-0.13647237420082092,0.9978033304214478,859,174
32,1066,6,0.8945080041885376,0.3239119052886963,-0.13658908009529114,0.998042106628418,858,174
32,1066,7,0.9139442443847656,0.31808504462242126,-0.1407189667224884,0.9987068176269531,877,171
32,1066,8,0.8977411985397339,0.3230758011341095,-0.07532869279384613,0.9969276189804077,861,174
32,1066,9,0.9032794833183289,0.3401443362236023,-0.13685299456119537,0.9980580806732178,867,183
32,1066,10,0.8988907933235168,0.3417099416255951,-0.11883897334337234,0.9973599910736084,862,184
32,1066,11,0.9407066106796265,0.3713524043560028,-0.14715957641601562,0.9999783635139465,903,200
32,1066,12,0.8972180485725403,0.3729511499404907,-0.000630617025308311,0.999788761138916,861,201
32,1066,13,0.9461030960083008,0.4638601541519165,-0.16928723454475403,0.7986871004104614,908,250
32,1066,14,0.8810766339302063,0.45280683040618896,0.030209800228476524,0.1975921243429184,845,244
32,1066,15,0.9264599680900574,0.5439700484275818,-0.1978907585144043,0.7335070371627808,889,293
32,1066,16,0.8637487292289734,0.5111484527587891,-0.018308836966753006,0.40948253870010376,829,276
32,1066,17,0.9266290664672852,0.5715495944023132,-0.21595610678195953,0.7309331297874451,889,308
32,1066,18,0.8569885492324829,0.5351938009262085,-0.027428491041064262,0.437490314245224,822,289
32,1066,19,0.9166658520698547,0.5674715042114258,-0.22438105940818787,0.7253159284591675,879,306
32,1066,20,0.8569270372390747,0.5362560153007507,-0.04578373581171036,0.4450043737888336,822,289
32,1066,21,0.9156871438026428,0.5572759509086609,-0.20054912567138672,0.648265540599823,879,300
32,1066,22,0.8616863489151001,0.5280046463012695,-0.027891403064131737,0.41240641474723816,827,285
32,1066,23,0.9102171063423157,0.5343565940856934,-0.05537224933505058,0.9999147653579712,873,288
32,1066,24,0.8928629755973816,0.526492714881897,0.05527740344405174,0.9998828768730164,857,284
32,1066,25,0.8857257962226868,0.6403384804725647,-0.06760456413030624,0.9131801128387451,850,345
32,1066,26,0.88991379737854,0.636522114276886,0.04766438156366348,0.5566138625144958,854,343
32,1066,27,0.9029121994972229,0.754578173160553,-0.024693025276064873,0.9324520826339722,866,407
32,1066,28,0.90602046251297,0.7496737241744995,0.08494355529546738,0.7344443798065186,869,404
32,1066,29,0.9124802947044373,0.7797059416770935,-0.02351372130215168,0.8337782621383667,875,421
32,1066,30,0.9152380228042603,0.7714994549751282,0.08594775944948196,0.7448336482048035,878,416
32,1066,31,0.8734883666038513,0.7868707180023193,-0.08447346836328506,0.9009466767311096,838,424
32,1066,32,0.8788797855377197,0.7787953019142151,0.04180820286273956,0.7519364953041077,843,420
33,1100,0,0.8953827023506165,0.33210963010787964,-0.13932423293590546,0.9980959296226501,859,179
33,1100,1,0.8986135125160217,0.32135868072509766,-0.1449298858642578,0.9969384074211121,862,173
33,1100,2,0.9007611870765686,0.32062768936157227,-0.14508004486560822,0.9972424507141113,864,173
33,1100,3,0.9032433032989502,0.32031694054603577,-0.14505213499069214,0.9976039528846741,867,172
33,1100,4,0.8946802020072937,0.3221743404865265,-0.1304924637079239,0.9971640706062317,858,173
33,1100,5,0.893929123878479,0.32219499349594116,-0.13068145513534546,0.9978001713752747,858,173
33,1100,6,0.8929985761642456,0.32228484749794006,-0.13079814612865448,0.9980308413505554,857,174
33,1100,7,0.9113177061080933,0.31657537817955017,-0.13623693585395813,0.9987384676933289,874,170
33,1100,8,0.896835207939148,0.32247495651245117,-0.07160868495702744,0.9968628883361816,860,174
33,1100,9,0.9004711508750916,0.33914920687675476,-0.1314460039138794,0.9980772137641907,864,183
33,1100,10,0.8965823650360107,0.34042152762413025,-0.11335780471563339,0.99729984998703,860,183
33,1100,11,0.938884437084198,0.3707260489463806,-0.14418382942676544,0.9999781847000122,901,200
33,1100,12,0.8961464166641235,0.37302178144454956,0.0060061304830014706,0.9997711181640625,860,201
33,1100,13,0.9446980953216553,0.4637517035007477,-0.16627325117588043,0.8174332976341248,906,250
33,1100,14,0.8808535933494568,0.45251843333244324,0.03361143916845322,0.18521802127361298,845,244
33,1100,15,0.9251296520233154,0.5441405773162842,-0.1946020871400833,0.7552663087844849,888,293
33,1100,16,0.8606147170066833,0.5113831162452698,-0.013678762130439281,0.4016571342945099,826,276
33,1100,17,0.9247730374336243,0.5716319680213928,-0.21227489411830902,0.7500087022781372,887,308
33,1100,18,0.8535611629486084,0.5354184508323669,-0.021845338866114616,0.43220528960227966,819,289
33,1100,19,0.9155386090278625,0.5674012303352356,-0.21976113319396973,0.7455774545669556,878,306
33,1100,20,0.8531820178031921,0.5359144806861877,-0.039843495935201645,0.441702276468277,819,289
33,1100,21,0.9147322177886963,0.5570250153541565,-0.19686990976333618,0.6724271774291992,878,300
33,1100,22,0.856482744216919,0.5284706950187683,-0.023123472929000854,0.4092545211315155,822,285
33,1100,23,0.9095900654792786,0.5370501279830933,-0.05478096753358841,0.9999122023582458,873,290
33,1100,24,0.8923590779304504,0.5279871225357056,0.054695289582014084,0.9998764991760254,856,285
33,1100,25,0.8830583691596985,0.6404562592506409,-0.06931020319461823,0.9134855270385742,847,345
33,1100,26,0.8899394869804382,0.6359367966651917,0.05247168615460396,0.5378975868225098,854,343
33,1100,27,0.9011638164520264,0.7560433745384216,-0.02425893396139145,0.9330961108207703,865,408
33,1100,28,0.9037542343139648,0.7498639822006226,0.08730681240558624,0.7243455648422241,867,404
33,1100,29,0.9111973643302917,0.7789652347564697,-0.023157771676778793,0.833070695400238,874,420
33,1100,30,0.9124076962471008,0.7718207836151123,0.08812978863716125,0.7356529831886292,875,416
33,1100,31,0.8731359839439392,0.7876587510108948,-0.08146033436059952,0.9049599170684814,838,425
33,1100,32,0.8773600459098816,0.7787211537361145,0.046108782291412354,0.7528002262115479,842,420
34,1133,0,0.8902448415756226,0.332339346408844,-0.16245417296886444,0.9982526302337646,854,179
34,1133,1,0.8938449621200562,0.3208521604537964,-0.16535183787345886,0.9971855878829956,858,173
34,1133,2,0.89615797996521,0.3200353682041168,-0.16549798846244812,0.9974684715270996,860,172
34,1133,3,0.8987109065055847,0.31968989968299866,-0.16546468436717987,0.9977976679801941,862,172
34,1133,4,0.8888018727302551,0.32219961285591125,-0.1515655517578125,0.9974008202552795,853,173
34,1133,5,0.8875032067298889,0.32226645946502686,-0.15175960958003998,0.9979831576347351,852,174
34,1133,6,0.8860583901405334,0.3223634958267212,-0.15188589692115784,0.998195469379425,850,174
34,1133,7,0.9053421020507812,0.3166522979736328,-0.1463334560394287,0.9988384246826172,869,170
34,1133,8,0.8883522152900696,0.3221439719200134,-0.08172233402729034,0.9971208572387695,852,173
34,1133,9,0.8953918218612671,0.33926481008529663,-0.1511065810918808,0.9982324838638306,859,183
34,1133,10,0.8905994892120361,0.3406377136707306,-0.1337360441684723,0.9975128769874573,854,183
34,1133,11,0.9357619881629944,0.3724518418312073,-0.14501823484897614,0.9999779462814331,898,201
34,1133,12,0.8863869309425354,0.3735342025756836,0.0015582700725644827,0.9997810125350952,850,201
34,1133,13,0.9394587874412537,0.46502354741096497,-0.1668149083852768,0.834720253944397,901,251
34,1133,14,0.8714759349822998,0.4532647728919983,0.031818997114896774,0.21110649406909943,836,244
34,1133,15,0.9212573766708374,0.5463208556175232,-0.20132841169834137,0.7771352529525757,884,295
34,1133,16,0.8511963486671448,0.5147290825843811,-0.01550036109983921,0.4519096612930298,817,277
34,1133,17,0.9212979674339294,0.5726718306541443,-0.22092433273792267,0.7707406282424927,884,309
34,1133,18,0.8438237309455872,0.5377946496009827,-0.024412840604782104,0.4790545701980591,810,290
34,1133,19,0.9126942157745361,0.5683257579803467,-0.23043584823608398,0.7672105431556702,876,306
34,1133,20,0.843294084072113,0.5386544466018677,-0.04311351105570793,0.4886922538280487,809,290
34,1133,21,0.911548912525177,0.5572115778923035,-0.20467907190322876,0.6995405554771423,875,300
34,1133,22,0.8482399582862854,0.5317597389221191,-0.025185951963067055,0.4571324586868286,814,287
34,1133,23,0.9067888259887695,0.5388047695159912,-0.05484714359045029,0.9999039173126221,870,290
34,1133,24,0.8876107931137085,0.530042290687561,0.05476263910531998,0.99986732006073,852,286
34,1133,25,0.871626079082489,0.6402131915092468,-0.08535553514957428,0.9196063876152039,836,345
34,1133,26,0.8914988040924072,0.6367321014404297,0.06433860212564468,0.5378645062446594,855,343
34,1133,27,0.8741135001182556,0.7599178552627563,-0.053790315985679626,0.9383041858673096,839,410
34,1133,28,0.904007613658905,0.7555669546127319,0.12279489636421204,0.7262460589408875,867,408
34,1133,29,0.8819374442100525,0.7831955552101135,-0.05460994690656662,0.8442530632019043,846,422
34,1133,30,0.9131603837013245,0.7767585515975952,0.1262681931257248,0.7375267148017883,876,419
34,1133,31,0.842620313167572,0.7879580855369568,-0.12386616319417953,0.913223385810852,808,425
34,1133,32,0.8779079914093018,0.7786533236503601,0.08459733426570892,0.7631519436836243,842,420
35,1166,0,0.8889320492744446,0.3321792185306549,-0.165739044547081,0.9984041452407837,853,179
35,1166,1,0.8923290967941284,0.3205997049808502,-0.16943173110485077,0.9974250793457031,856,173
35,1166,2,0.8949614763259888,0.31967392563819885,-0.16957974433898926,0.997687816619873,859,172
35,1166,3,0.8974778056144714,0.3192620873451233,-0.16954803466796875,0.997986376285553,861,172
35,1166,4,0.8877575993537903,0.3220091164112091,-0.1557677686214447,0.9976251125335693,852,173
35,1166,5,0.8867472410202026,0.3219945728778839,-0.1559562236070633,0.9981569051742554,851,173
35,1166,6,0.8856393694877625,0.3219820261001587,-0.15607759356498718,0.998349666595459,850,173
35,1166,7,0.9046685099601746,0.3166724741458893,-0.15198937058448792,0.9989379048347473,868,171
35,1166,8,0.88857102394104,0.3217352330684662,-0.08793659508228302,0.9973614811897278,853,173
35,1166,9,0.8943222761154175,0.33901989459991455,-0.15477707982063293,0.9983798861503601,858,183
35,1166,10,0.8893530368804932,0.3405592441558838,-0.13763700425624847,0.9977108836174011,853,183
35,1166,11,0.9345455765724182,0.37257227301597595,-0.15142527222633362,0.9999784827232361,897,201
35,1166,12,0.8855779767036438,0.37373968958854675,-0.0012077725259587169,0.9997852444648743,850,201
35,1166,13,0.9384375214576721,0.46594443917274475,-0.17253786325454712,0.8508042693138123,900,251
35,1166,14,0.871651828289032,0.45330336689949036,0.030754463747143745,0.2252446562051773,836,244
35,1166,15,0.9197323322296143,0.5466600060462952,-0.20427386462688446,0.7982632517814636,882,295
35,1166,16,0.8503039479255676,0.5156527161598206,-0.017853563651442528,0.4913875162601471,816,278
35,1166,17,0.919360876083374,0.5726962089538574,-0.223857119679451,0.7915330529212952,882,309
35,1166,18,0.8440080881118774,0.5389503836631775,-0.026628322899341583,0.5162723064422607,810,291
35,1166,19,0.910940408706665,0.5685931444168091,-0.23242606222629547,0.7885631918907166,874,307
35,1166,20,0.8432653546333313,0.5397384166717529,-0.04476729407906532,0.5264260172843933,809,291
35,1166,21,0.9100946187973022,0.5579056143760681,-0.2071487456560135,0.7265601754188538,873,301
35,1166,22,0.8472358584403992,0.5331818461418152,-0.027417097240686417,0.49508315324783325,813,287
35,1166,23,0.9070034623146057,0.5401765704154968,-0.05519770458340645,0.9998981356620789,870,291
35,1166,24,0.8880444169044495,0.5313321352005005,0.055123742669820786,0.999856173992157,852,286
35,1166,25,0.8699141144752502,0.639670729637146,-0.08575281500816345,0.9262641668319702,835,345
35,1166,26,0.8926541805267334,0.6371031403541565,0.07114265114068985,0.5489402413368225,856,344
35,1166,27,0.8728967905044556,0.7620666027069092,-0.04730551317334175,0.9435353875160217,837,411
35,1166,28,0.904568612575531,0.7581527829170227,0.13111497461795807,0.7377041578292847,868,409
35,1166,29,0.880379319190979,0.7840957641601562,-0.047323860228061676,0.8562034368515015,845,423
35,1166,30,0.9132982492446899,0.7794840931892395,0.13468843698501587,0.747713029384613,876,420
35,1166,31,0.8402555584907532,0.7884718775749207,-0.11215238273143768,0.921051561832428,806,425
35,1166,32,0.877921462059021,0.7786959409713745,0.09446514397859573,0.7775589823722839,842,420
36,1200,0,0.8853778839111328,0.34285208582878113,-0.17597390711307526,0.9985357522964478,849,185
36,1200,1,0.8885802626609802,0.32944217324256897,-0.17929653823375702,0.9976403117179871,853,177
36,1200,2,0.8907893300056458,0.3285791277885437,-0.17945463955402374,0.9978846311569214,855,177
36,1200,3,0.8933511972427368,0.3279670774936676,-0.17942656576633453,0.9981584548950195,857,177
36,1200,4,0.8835439682006836,0.33049124479293823,-0.16796007752418518,0.9978266954421997,848,178
36,1200,5,0.8823198676109314,0.3306100368499756,-0.1681527942419052,0.9983111023902893,847,178
36,1200,6,0.8810082674026489,0.33078017830848694,-0.16827629506587982,0.9984846115112305,845,178
36,1200,7,0.8993625044822693,0.32303470373153687,-0.15847867727279663,0.9990273118019104,863,174
36,1200,8,0.882915735244751,0.33010929822921753,-0.10502680391073227,0.9975691437721252,847,178
36,1200,9,0.8899123668670654,0.3479735255241394,-0.16341400146484375,0.9985064268112183,854,187
36,1200,10,0.8855377435684204,0.34947285056114197,-0.14928248524665833,0.9978768825531006,850,188
36,1200,11,0.9266795516014099,0.37623897194862366,-0.15496611595153809,0.9999780058860779,889,203
36,1200,12,0.8801877498626709,0.37718456983566284,-0.01888413168489933,0.9997677206993103,844,203
36,1200,13,0.9317054152488708,0.47336849570274353,-0.17966683208942413,0.8652082085609436,894,255
36,1200,14,0.8635804653167725,0.45451879501342773,0.003155171638354659,0.2351452112197876,829,245
36,1200,15,0.9163217544555664,0.5516551733016968,-0.21704958379268646,0.8169220685958862,879,297
36,1200,16,0.8408687114715576,0.5163078904151917,-0.040023140609264374,0.5102938413619995,807,278
36,1200,17,0.9180305600166321,0.5764946937561035,-0.23664666712284088,0.8098288178443909,881,311
36,1200,18,0.8323145508766174,0.5395583510398865,-0.047929566353559494,0.5340292453765869,799,291
36,1200,19,0.9083533883094788,0.5721060633659363,-0.24590298533439636,0.8074325323104858,872,308
36,1200,20,0.831330418586731,0.5405634641647339,-0.06699559837579727,0.5454427003860474,798,291
36,1200,21,0.9064284563064575,0.5625103712081909,-0.2205367088317871,0.7505654692649841,870,303
36,1200,22,0.836724579334259,0.5339837074279785,-0.04953160136938095,0.5148914456367493,803,288
36,1200,23,0.9028165936470032,0.5410314202308655,-0.05487459525465965,0.9998913407325745,866,292
36,1200,24,0.8847731351852417,0.5320562124252319,0.054813385009765625,0.9998427629470825,849,287
36,1200,25,0.8612239360809326,0.6401135325431824,-0.07998917251825333,0.9324558973312378,826,345
36,1200,26,0.8927870392799377,0.6371116042137146,0.05688954144716263,0.5628825426101685,857,344
36,1200,27,0.8459141850471497,0.765366792678833,-0.06606929749250412,0.9487696290016174,812,413
36,1200,28,0.9046807885169983,0.7587485313415527,0.10829401761293411,0.7513895034790039,868,409
36,1200,29,0.8514693379402161,0.790941059589386,-0.06929922848939896,0.8690614700317383,817,427
36,1200,30,0.9140409827232361,0.7828301787376404,0.11021620780229568,0.7632520198822021,877,422
36,1200,31,0.8125425577163696,0.7850669622421265,-0.13987165689468384,0.928545355796814,780,423
36,1200,32,0.8784568309783936,0.7796991467475891,0.07164692878723145,0.7928347587585449,843,421
37,1233,0,0.883495032787323,0.3417556583881378,-0.16701702773571014,0.9986501336097717,848,184
37,1233,1,0.8873497843742371,0.3283219039440155,-0.17042618989944458,0.9978298544883728,851,177
37,1233,2,0.8899040222167969,0.32724398374557495,-0.1705881655216217,0.998060405254364,854,176
37,1233,3,0.8922647833824158,0.3265281915664673,-0.17056040465831757,0.9983123540878296,856,176
37,1233,4,0.8816736936569214,0.3296458423137665,-0.15863960981369019,0.9980015158653259,846,178
37,1233,5,0.8803108930587769,0.3295579254627228,-0.15882661938667297,0.9984452128410339,845,177
37,1233,6,0.8788742423057556,0.32944291830062866,-0.15894652903079987,0.9985997080802917,843,177
37,1233,7,0.8986563086509705,0.3235463798046112,-0.15172791481018066,0.9991113543510437,862,174
37,1233,8,0.8807333707809448,0.3286266326904297,-0.09665587544441223,0.9977514147758484,845,177
37,1233,9,0.8886663317680359,0.34703660011291504,-0.1551906317472458,0.9986264705657959,853,187
37,1233,10,0.8830278515815735,0.34855949878692627,-0.14055711030960083,0.9980278015136719,847,188
37,1233,11,0.9236252903938293,0.3767484426498413,-0.15251785516738892,0.9999784231185913,886,203
37,1233,12,0.8786661624908447,0.37786030769348145,-0.011822006665170193,0.9997430443763733,843,204
37,1233,13,0.9309112429618835,0.47500479221343994,-0.1768294870853424,0.8783698678016663,893,256
37,1233,14,0.8650702834129333,0.4545787274837494,0.009762108325958252,0.23276759684085846,830,245
37,1233,15,0.914816677570343,0.5539286732673645,-0.21219274401664734,0.8345106244087219,878,299
37,1233,16,0.8409005403518677,0.5166674852371216,-0.039800193160772324,0.520746111869812,807,279
37,1233,17,0.9158833622932434,0.5793500542640686,-0.23186372220516205,0.8275468349456787,879,312
37,1233,18,0.8325031995773315,0.5389733910560608,-0.045290905982255936,0.5471084713935852,799,291
37,1233,19,0.9056320190429688,0.5746123790740967,-0.24010179936885834,0.8255296349525452,869,310
37,1233,20,0.8305532932281494,0.5401217341423035,-0.06677738577127457,0.5600762963294983,797,291
37,1233,21,0.904183030128479,0.565377950668335,-0.21514123678207397,0.7737353444099426,868,305
37,1233,22,0.8355711698532104,0.5342804789543152,-0.04881484806537628,0.5301229953765869,802,288
37,1233,23,0.9039315581321716,0.5428673028945923,-0.054692592471838,0.9998894929885864,867,293
37,1233,24,0.8851181268692017,0.5350788235664368,0.0546264611184597,0.9998332858085632,849,288
37,1233,25,0.8593944907188416,0.640373170375824,-0.07966727763414383,0.938434898853302,825,345
37,1233,26,0.8933277130126953,0.6407421827316284,0.060874272137880325,0.5844395756721497,857,346
37,1233,27,0.8443924188613892,0.7654141187667847,-0.0442349873483181,0.9535180330276489,810,413
37,1233,28,0.9073749780654907,0.7595444321632385,0.12331139296293259,0.7673286199569702,871,410
37,1233,29,0.8507102131843567,0.7935700416564941,-0.04495343193411827,0.8807970285415649,816,428
37,1233,30,0.9160677790641785,0.7848484516143799,0.12722809612751007,0.779154360294342,879,423
37,1233,31,0.808606743812561,0.7810848355293274,-0.12868382036685944,0.9352883696556091,776,421
37,1233,32,0.8792411088943481,0.7801206707954407,0.0889640524983406,0.8079102635383606,844,421
38,1266,0,0.8772180080413818,0.34009411931037903,-0.16440851986408234,0.9987678527832031,842,183
38,1266,1,0.8806332945823669,0.3272581100463867,-0.16800673305988312,0.9980238676071167,845,176
38,1266,2,0.8825998306274414,0.3264772593975067,-0.16817106306552887,0.9982364177703857,847,176
38,1266,3,0.8853625059127808,0.32582905888557434,-0.168130561709404,0.9984661936759949,849,175
38,1266,4,0.8762757778167725,0.3284556567668915,-0.15468552708625793,0.9981818795204163,841,177
38,1266,5,0.8753584623336792,0.3283393383026123,-0.15487965941429138,0.9985849261283875,840,177
38,1266,6,0.8742793798446655,0.32820644974708557,-0.15499825775623322,0.9987240433692932,839,177
38,1266,7,0.892078161239624,0.3231872618198395,-0.1508045494556427,0.9991910457611084,856,174
38,1266,8,0.8768166303634644,0.3278583884239197,-0.09104190766811371,0.9979438781738281,841,177
38,1266,9,0.8823610544204712,0.34591051936149597,-0.15366555750370026,0.9987499713897705,847,186
38,1266,10,0.8777111768722534,0.3472747504711151,-0.137100487947464,0.9982011318206787,842,187
38,1266,11,0.9172784090042114,0.3777824342250824,-0.15339741110801697,0.9999793171882629,880,204
38,1266,12,0.8746365904808044,0.3790675401687622,-0.007970013655722141,0.9997491240501404,839,204
38,1266,13,0.9233288168907166,0.47487351298332214,-0.17691713571548462,0.8901547789573669,886,256
38,1266,14,0.8564510345458984,0.45535844564437866,0.015831170603632927,0.23916786909103394,822,245
38,1266,15,0.9122020602226257,0.5545166730880737,-0.21211481094360352,0.8502270579338074,875,299
38,1266,16,0.8333408236503601,0.5171435475349426,-0.03674395754933357,0.5382874608039856,800,279
38,1266,17,0.9139147996902466,0.5811867117881775,-0.23229138553142548,0.8433563709259033,877,313
38,1266,18,0.8241152167320251,0.5385667681694031,-0.042620666325092316,0.5644201040267944,791,290
38,1266,19,0.9034088850021362,0.5765843987464905,-0.2420778125524521,0.8416852355003357,867,311
38,1266,20,0.8230494260787964,0.5398439168930054,-0.06258866935968399,0.5784012079238892,790,291
38,1266,21,0.9020366668701172,0.5665243268013,-0.21561604738235474,0.7944243550300598,865,305
38,1266,22,0.8280664682388306,0.5345203876495361,-0.04520195722579956,0.5494983196258545,794,288
38,1266,23,0.8963261246681213,0.5412206053733826,-0.05533231422305107,0.9998971223831177,860,292
38,1266,24,0.879657506942749,0.5344221591949463,0.055271271616220474,0.9998444318771362,844,288
38,1266,25,0.854175329208374,0.6418306827545166,-0.07762812823057175,0.9439851641654968,820,346
38,1266,26,0.8926440477371216,0.6404179334640503,0.05673093721270561,0.6131699085235596,856,345
38,1266,27,0.8312206268310547,0.7650812864303589,-0.030864546075463295,0.9579774141311646,797,413
38,1266,28,0.9074819087982178,0.7595242261886597,0.1156771183013916,0.787741482257843,871,410
38,1266,29,0.8331670761108398,0.7925761342048645,-0.03134656697511673,0.8917710185050964,799,427
38,1266,30,0.9161303043365479,0.7848630547523499,0.11865769326686859,0.7976737022399902,879,423
38,1266,31,0.7947500944137573,0.7733336091041565,-0.11300425976514816,0.9415643811225891,762,417
38,1266,32,0.8778063058853149,0.7811015844345093,0.0636935904622078,0.8254985809326172,842,421
39,1300,0,0.8761728405952454,0.3401196599006653,-0.1788221150636673,0.9988617897033691,841,183
39,1300,1,0.8796362280845642,0.32761088013648987,-0.1825452595949173,0.9981836676597595,844,176
39,1300,2,0.8819035887718201,0.32654473185539246,-0.18271683156490326,0.9983838796615601,846,176
39,1300,3,0.8842144012451172,0.32576167583465576,-0.18268322944641113,0.998597264289856,848,175
39,1300,4,0.8750333786010742,0.3287707269191742,-0.1694229394197464,0.9983296394348145,840,177
39,1300,5,0.8740106225013733,0.32840588688850403,-0.16960889101028442,0.9986980557441711,839,177
39,1300,6,0.8728647232055664,0.32802867889404297,-0.16972890496253967,0.9988220930099487,837,177
39,1300,7,0.8909977078437805,0.3239203691482544,-0.16306385397911072,0.9992610216140747,855,174
39,1300,8,0.8752708435058594,0.32736533880233765,-0.10238794982433319,0.998092770576477,840,176
39,1300,9,0.8811426758766174,0.3459274470806122,-0.16698208451271057,0.9988585710525513,845,186
39,1300,10,0.876264750957489,0.34736040234565735,-0.1506292074918747,0.9983475208282471,841,187
39,1300,11,0.9157969355583191,0.3790418803691864,-0.16120316088199615,0.9999800324440002,879,204
39,1300,12,0.8726503849029541,0.37912893295288086,-0.012079845182597637,0.9997385740280151,837,204
39,1300,13,0.9245036244392395,0.4766804575920105,-0.1845030039548874,0.9009152054786682,887,257
39,1300,14,0.8545510172843933,0.45566418766975403,0.013417487032711506,0.24614791572093964,820,246
39,1300,15,0.9122648239135742,0.5552109479904175,-0.2237771451473236,0.8647698163986206,875,299
39,1300,16,0.8307871222496033,0.5173437595367432,-0.03584415093064308,0.5519626140594482,797,279
39,1300,17,0.9129171371459961,0.5821744799613953,-0.24536380171775818,0.8581987023353577,876,314
39,1300,18,0.8230205774307251,0.5387864708900452,-0.04369942471385002,0.5780733227729797,790,290
39,1300,19,0.9033780694007874,0.5781870484352112,-0.25464099645614624,0.8567724823951721,867,312
39,1300,20,0.8205474019050598,0.539912223815918,-0.06463268399238586,0.5932702422142029,787,291
39,1300,21,0.9018795490264893,0.5677446722984314,-0.22719483077526093,0.8137919902801514,865,306
39,1300,22,0.8249629139900208,0.5345531702041626,-0.045727863907814026,0.5655666589736938,791,288
39,1300,23,0.8962547183036804,0.5416150093078613,-0.055136457085609436,0.9999009370803833,860,292
39,1300,24,0.8789575099945068,0.5346046090126038,0.055071987211704254,0.9998478889465332,843,288
39,1300,25,0.8545359373092651,0.6431747078895569,-0.06653065234422684,0.9489254951477051,820,347
39,1300,26,0.8909509778022766,0.6395115256309509,0.0567820779979229,0.6368641257286072,855,345
39,1300,27,0.8297521471977234,0.7666239738464355,-0.024065528064966202,0.9620245695114136,796,413
39,1300,28,0.9075389504432678,0.7596208453178406,0.11634919792413712,0.8051156997680664,871,410
39,1300,29,0.8308839201927185,0.7954244613647461,-0.024836990982294083,0.9018650054931641,797,429
39,1300,30,0.9182710647583008,0.7870217561721802,0.11945656687021255,0.8139802813529968,881,424
39,1300,31,0.7939251065254211,0.7697111368179321,-0.10482513159513474,0.9472218751907349,762,415
39,1300,32,0.8777654767036438,0.781093955039978,0.06833086162805557,0.8404011130332947,842,421
40,1333,0,0.8705793023109436,0.3412294387817383,-0.14248721301555634,0.9989482760429382,835,184
40,1333,1,0.8740655183792114,0.3291355073451996,-0.14312829077243805,0.9983243942260742,839,177
40,1333,2,0.8760277032852173,0.3283490538597107,-0.1432744562625885,0.9985119104385376,840,177
40,1333,3,0.8785646557807922,0.3278326392173767,-0.14323075115680695,0.9987070560455322,843,177
40,1333,4,0.869629442691803,0.3303168714046478,-0.13177034258842468,0.9984697699546814,834,178
40,1333,5,0.8686363697052002,0.33021244406700134,-0.13195525109767914,0.9988082051277161,833,178
40,1333,6,0.8675062656402588,0.33015763759613037,-0.13206817209720612,0.998920202255249,832,178
40,1333,7,0.8842156529426575,0.3261485695838928,-0.11934755742549896,0.9993200898170471,848,176
40,1333,8,0.869654655456543,0.3299597501754761,-0.06636898964643478,0.9982534646987915,834,178
40,1333,9,0.8751230239868164,0.3484590947628021,-0.12917205691337585,0.9989492297172546,840,188
40,1333,10,0.870481550693512,0.3498077094554901,-0.11520151048898697,0.9984795451164246,835,188
40,1333,11,0.9098994135856628,0.3802862763404846,-0.12189933657646179,0.9999792575836182,873,205
40,1333,12,0.8646435141563416,0.38378286361694336,0.012319659814238548,0.9997427463531494,830,207
40,1333,13,0.9207147359848022,0.47648319602012634,-0.14839233458042145,0.9101932048797607,883,257
40,1333,14,0.8456466197967529,0.45904529094696045,0.02805877849459648,0.2677450478076935,811,247
40,1333,15,0.9082585573196411,0.5549341440200806,-0.18669667840003967,0.8770352602005005,871,299
40,1333,16,0.8198909163475037,0.517687201499939,-0.02404501661658287,0.586057722568512,787,279
40,1333,17,0.9104881882667542,0.5819878578186035,-0.20454594492912292,0.8705910444259644,874,314
40,1333,18,0.8121491074562073,0.5390210747718811,-0.03315141052007675,0.6108053922653198,779,291
40,1333,19,0.9006439447402954,0.578095018863678,-0.21359361708164215,0.8694736957550049,864,312
40,1333,20,0.8106874227523804,0.539978563785553,-0.05197037756443024,0.6253798007965088,778,291
40,1333,21,0.8987768292427063,0.567645788192749,-0.1900295615196228,0.8301511406898499,862,306
40,1333,22,0.8145876526832581,0.5347059369087219,-0.033554837107658386,0.5992422699928284,782,288
40,1333,23,0.8902143239974976,0.5444564819335938,-0.05449898913502693,0.9999054670333862,854,294
40,1333,24,0.8743553757667542,0.5410250425338745,0.05443405359983444,0.9998564124107361,839,292
40,1333,25,0.8491952419281006,0.6464774012565613,-0.055480532348155975,0.9534536600112915,815,349
40,1333,26,0.8891628384590149,0.6409823298454285,0.04658905416727066,0.6653235554695129,853,346
40,1333,27,0.8193181157112122,0.7662967443466187,-0.01679099351167679,0.965662956237793,786,413
40,1333,28,0.9077364206314087,0.7592907547950745,0.0870925635099411,0.8227384090423584,871,410
40,1333,29,0.8203223347663879,0.7936705946922302,-0.01712246797978878,0.911111056804657,787,428
40,1333,30,0.9205703139305115,0.7866489291191101,0.08873306214809418,0.8308339715003967,883,424
40,1333,31,0.7837523221969604,0.7656517028808594,-0.08623027056455612,0.9523457288742065,752,413
40,1333,32,0.8777654767036438,0.7820671200752258,0.04234840348362923,0.8552770614624023,842,422
41,1366,0,0.8700307607650757,0.3405175805091858,-0.14780405163764954,0.9990267157554626,835,183
41,1366,1,0.8734748959541321,0.32884567975997925,-0.14823579788208008,0.9984524846076965,838,177
41,1366,2,0.8754071593284607,0.3279741704463959,-0.1483907699584961,0.9986302256584167,840,177
41,1366,3,0.8778905868530273,0.3276043236255646,-0.14834371209144592,0.998809814453125,842,176
41,1366,4,0.8684978485107422,0.32986706495285034,-0.13612595200538635,0.9985946416854858,833,178
41,1366,5,0.8669291138648987,0.3297049105167389,-0.13630342483520508,0.9989064335823059,832,178
41,1366,6,0.8654376864433289,0.3295896053314209,-0.13642020523548126,0.9990071058273315,830,177
41,1366,7,0.883293092250824,0.3257351219654083,-0.12447669357061386,0.9993756413459778,847,175
41,1366,8,0.866520881652832,0.3293844759464264,-0.07095260173082352,0.9983919262886047,831,177
41,1366,9,0.8744843006134033,0.3477431833744049,-0.13478998839855194,0.9990363121032715,839,187
41,1366,10,0.8696668148040771,0.3490404188632965,-0.11984207481145859,0.9986027479171753,834,188
41,1366,11,0.9091665148735046,0.38111624121665955,-0.12387527525424957,0.9999793767929077,872,205
41,1366,12,0.8645468950271606,0.38402998447418213,0.009027108550071716,0.9997444152832031,829,207
41,1366,13,0.9197944402694702,0.4767066538333893,-0.15475057065486908,0.9187560677528381,883,257
41,1366,14,0.8458971381187439,0.45997071266174316,0.027534786611795425,0.27883559465408325,812,248
41,1366,15,0.905401885509491,0.5566302537918091,-0.19007709622383118,0.8885141015052795,869,300
41,1366,16,0.8208816051483154,0.5177958011627197,-0.02348235994577408,0.6096935868263245,788,279
41,1366,17,0.9076298475265503,0.5830908417701721,-0.208452045917511,0.8822419047355652,871,314
41,1366,18,0.8114954829216003,0.5394873023033142,-0.032492976635694504,0.633995771408081,779,291
41,1366,19,0.897162139415741,0.5793365240097046,-0.21718326210975647,0.8813459873199463,861,312
41,1366,20,0.8093030452728271,0.5400992631912231,-0.05178958177566528,0.6485549211502075,776,291
41,1366,21,0.8955245614051819,0.5686224102973938,-0.19311746954917908,0.8454164862632751,859,307
41,1366,22,0.8138139247894287,0.5348182320594788,-0.03334338217973709,0.6236048936843872,781,288
41,1366,23,0.8904336094856262,0.5486397743225098,-0.05474098026752472,0.9999110698699951,854,296
41,1366,24,0.8747202754020691,0.5451582074165344,0.05467294156551361,0.9998652935028076,839,294
41,1366,25,0.8475043177604675,0.6479454636573792,-0.04743395745754242,0.9576544165611267,813,349
41,1366,26,0.8885505199432373,0.6432408094406128,0.0618237741291523,0.6922176480293274,853,347
41,1366,27,0.8189985752105713,0.7665486931800842,0.01239535678178072,0.9689598679542542,786,413
41,1366,28,0.9077515006065369,0.7587617039680481,0.11370738595724106,0.8393886685371399,871,409
41,1366,29,0.8199129700660706,0.7930997610092163,0.014277847483754158,0.9194262027740479,787,428
41,1366,30,0.9209964275360107,0.7864570617675781,0.11638016998767853,0.8464441299438477,884,424
41,1366,31,0.7839723229408264,0.7644408941268921,-0.0519447885453701,0.9569523930549622,752,412
41,1366,32,0.8777812719345093,0.7820553183555603,0.06829982250928879,0.8689597249031067,842,422
42,1400,0,0.8634526133537292,0.3401373624801636,-0.15379451215267181,0.9990944266319275,828,183
42,1400,1,0.8668972253799438,0.32834339141845703,-0.1537892073392868,0.9985604882240295,832,177
42,1400,2,0.8692188858985901,0.3274138271808624,-0.15393692255020142,0.9987276792526245,834,176
42,1400,3,0.8715031147003174,0.3269626796245575,-0.1538858562707901,0.9988948106765747,836,176
42,1400,4,0.862670361995697,0.32949528098106384,-0.14158926904201508,0.9987041354179382,828,177
42,1400,5,0.8616682887077332,0.32939639687538147,-0.1417759507894516,0.998991847038269,827,177
42,1400,6,0.8604905605316162,0.3293536901473999,-0.14190049469470978,0.9990851283073425,826,177
42,1400,7,0.8771362900733948,0.3260411322116852,-0.12934069335460663,0.9994143843650818,842,176
42,1400,8,0.8619163632392883,0.32992303371429443,-0.07370464503765106,0.9985101222991943,827,178
42,1400,9,0.8683035373687744,0.3472255766391754,-0.1397985816001892,0.999101996421814,833,187
42,1400,10,0.8639529347419739,0.34861868619918823,-0.1247672513127327,0.9987022280693054,829,188
42,1400,11,0.9027687907218933,0.3832070827484131,-0.1315758377313614,0.9999774694442749,866,206
42,1400,12,0.8568106889724731,0.3846682012081146,0.008779634721577168,0.9997497200965881,822,207
42,1400,13,0.9108323454856873,0.4765840172767639,-0.15367385745048523,0.9259160757064819,874,257
42,1400,14,0.8385299444198608,0.4612983465194702,0.029554031789302826,0.3010511100292206,804,249
42,1400,15,0.9012524485588074,0.5575642585754395,-0.18157832324504852,0.896235466003418,865,301
42,1400,16,0.8112691044807434,0.5197756886482239,-0.023060081526637077,0.6359474062919617,778,280
42,1400,17,0.9045056104660034,0.5831369757652283,-0.19863557815551758,0.8888015151023865,868,314
42,1400,18,0.8020408749580383,0.5407780408859253,-0.032022081315517426,0.6581035852432251,769,292
42,1400,19,0.8943150639533997,0.5799943804740906,-0.20909957587718964,0.8884953260421753,858,313
42,1400,20,0.8007422089576721,0.5419424176216125,-0.05179078131914139,0.6723928451538086,768,292
42,1400,21,0.8917681574821472,0.5699418783187866,-0.18519070744514465,0.8548434972763062,856,307
42,1400,22,0.8050941824913025,0.5370588302612305,-0.03317832574248314,0.6488791108131409,772,290
42,1400,23,0.8801394701004028,0.5484095215797424,-0.05513754114508629,0.9999155402183533,844,296
42,1400,24,0.8643032908439636,0.5449819564819336,0.05506399646401405,0.9998733997344971,829,294
42,1400,25,0.8379285931587219,0.6478891372680664,-0.07441402226686478,0.9612535238265991,804,349
42,1400,26,0.8828447461128235,0.6431085467338562,0.05381185561418533,0.7074295878410339,847,347
42,1400,27,0.8156287670135498,0.7684126496315002,-0.04528539627790451,0.9719151258468628,783,414
42,1400,28,0.9077557325363159,0.7581258416175842,0.10710082948207855,0.8518213629722595,871,409
42,1400,29,0.8174517750740051,0.7962342500686646,-0.046688854694366455,0.926795482635498,784,429
42,1400,30,0.9208651781082153,0.7843736410140991,0.11020456254482269,0.8581350445747375,884,423
42,1400,31,0.7765524983406067,0.7672602534294128,-0.12082245200872421,0.9611071944236755,745,414
42,1400,32,0.8776787519454956,0.7818941473960876,0.0588427297770977,0.8800659775733948,842,422
43,1433,0,0.8637383580207825,0.33981627225875854,-0.1666051596403122,0.9991586208343506,829,183
43,1433,1,0.8663114905357361,0.3281859755516052,-0.16824069619178772,0.9986689686775208,831,177
43,1433,2,0.8684869408607483,0.3272188901901245,-0.16840234398841858,0.9988284111022949,833,176
43,1433,3,0.8703994154930115,0.3268168270587921,-0.16836658120155334,0.9989818334579468,835,176
43,1433,4,0.8616918325424194,0.32932308316230774,-0.15661883354187012,0.9988074898719788,827,177
43,1433,5,0.8601139783859253,0.3292172849178314,-0.15680332481861115,0.9990723133087158,825,177
43,1433,6,0.8586498498916626,0.329155832529068,-0.15692633390426636,0.9991549849510193,824,177
43,1433,7,0.8755853772163391,0.3258281350135803,-0.14535672962665558,0.9994621276855469,840,175
43,1433,8,0.8595746755599976,0.32964298129081726,-0.09185413271188736,0.998623788356781,825,178
43,1433,9,0.8676959276199341,0.34687262773513794,-0.15405480563640594,0.9991718530654907,832,187
43,1433,10,0.863071858882904,0.3482810854911804,-0.1396523267030716,0.9987992644309998,828,188
43,1433,11,0.9004715085029602,0.38328099250793457,-0.14434950053691864,0.9999774098396301,864,206
43,1433,12,0.8561336994171143,0.38437017798423767,-0.008408789522945881,0.9997394680976868,821,207
43,1433,13,0.9101353287696838,0.47649863362312317,-0.15640881657600403,0.9329209923744202,873,257
43,1433,14,0.8374502658843994,0.46179306507110596,0.013217106461524963,0.30575889348983765,803,249
43,1433,15,0.90165776014328,0.5580871105194092,-0.1856054812669754,0.9055591225624084,865,301
43,1433,16,0.811328649520874,0.5210656523704529,-0.029751304537057877,0.6397020220756531,778,281
43,1433,17,0.9033281803131104,0.5832511782646179,-0.20354394614696503,0.8982675671577454,867,314
43,1433,18,0.8027271032333374,0.5421454906463623,-0.03774860128760338,0.661657989025116,770,292
43,1433,19,0.8947780132293701,0.5807114243507385,-0.21236935257911682,0.8981584906578064,858,313
43,1433,20,0.8008219003677368,0.5424986481666565,-0.05808880180120468,0.676891565322876,768,292
43,1433,21,0.8930314183235168,0.5711157917976379,-0.18844659626483917,0.867365300655365,857,308
43,1433,22,0.804949164390564,0.5374508500099182,-0.0399506650865078,0.6557822227478027,772,290
43,1433,23,0.880172073841095,0.5483461618423462,-0.054739587008953094,0.9999210834503174,844,296
43,1433,24,0.8633385300636292,0.5446763038635254,0.05465823411941528,0.9998809695243835,828,294
43,1433,25,0.8390134572982788,0.6483860015869141,-0.05616455152630806,0.964846134185791,805,350
43,1433,26,0.8808137774467468,0.6430487036705017,0.06549756973981857,0.7300837635993958,845,347
43,1433,27,0.8140234351158142,0.768378496170044,-0.025752680376172066,0.974655270576477,781,414
43,1433,28,0.9077950716018677,0.7579348683357239,0.12410224974155426,0.8654451966285706,871,409
43,1433,29,0.815956711769104,0.7973911166191101,-0.027442065998911858,0.9337460994720459,783,430
43,1433,30,0.9207838177680969,0.7833665609359741,0.127752423286438,0.8710877299308777,883,423
43,1433,31,0.7782366275787354,0.7687546014785767,-0.11056716740131378,0.9649137258529663,747,415
43,1433,32,0.8779008984565735,0.7817394733428955,0.0843367800116539,0.8912460207939148,842,422
44,1466,0,0.8559909462928772,0.33960509300231934,-0.15665364265441895,0.9992114305496216,821,183
44,1466,1,0.8594668507575989,0.3279120922088623,-0.15598048269748688,0.9987537264823914,825,177
44,1466,2,0.8621376156806946,0.32694289088249207,-0.15612199902534485,0.9989056587219238,827,176
44,1466,3,0.8646527528762817,0.3264670968055725,-0.15607862174510956,0.999045193195343,830,176
44,1466,4,0.8547912240028381,0.32907405495643616,-0.14414896070957184,0.9988964796066284,820,177
44,1466,5,0.8536655902862549,0.3290070593357086,-0.14433161914348602,0.9991428256034851,819,177
44,1466,6,0.8524214625358582,0.3289826214313507,-0.14445456862449646,0.9992183446884155,818,177
44,1466,7,0.8703649640083313,0.3259930908679962,-0.12862810492515564,0.9994931817054749,835,176
44,1466,8,0.8535634279251099,0.33000656962394714,-0.07340352237224579,0.9987262487411499,819,178
44,1466,9,0.8609020709991455,0.34678131341934204,-0.1420109122991562,0.9992183446884155,826,187
44,1466,10,0.8558751344680786,0.34817051887512207,-0.12738041579723358,0.9988737106323242,821,188
44,1466,11,0.8933226466178894,0.3838188052177429,-0.13159285485744476,0.9999743700027466,857,207
44,1466,12,0.8482651114463806,0.3851792812347412,0.00868288241326809,0.9997438192367554,814,207
44,1466,13,0.9010538458824158,0.4764783978462219,-0.15177394449710846,0.9386935830116272,865,257
44,1466,14,0.8308390378952026,0.4631948173046112,0.02632429078221321,0.3302346467971802,797,250
44,1466,15,0.8953424692153931,0.5589833855628967,-0.1814441978931427,0.9117260575294495,859,301
44,1466,16,0.8025261759757996,0.5218207836151123,-0.025961780920624733,0.6678231954574585,770,281
44,1466,17,0.8979904055595398,0.5834475159645081,-0.19855087995529175,0.9038217067718506,862,315
44,1466,18,0.7938016653060913,0.542513906955719,-0.03456093370914459,0.6876451969146729,762,292
44,1466,19,0.8895042538642883,0.581593930721283,-0.20909783244132996,0.9042075276374817,853,314
44,1466,20,0.7924597263336182,0.542519211769104,-0.055046044290065765,0.7021710276603699,760,292
44,1466,21,0.886742889881134,0.5728616118431091,-0.18523837625980377,0.8754642009735107,851,309
44,1466,22,0.796495258808136,0.5374162793159485,-0.03638607636094093,0.6823248267173767,764,290
44,1466,23,0.8749454617500305,0.5482548475265503,-0.055650487542152405,0.9999243021011353,839,296
44,1466,24,0.8576594591140747,0.544471263885498,0.055555231869220734,0.9998871684074402,823,294
44,1466,25,0.831972062587738,0.6487604975700378,-0.07692034542560577,0.9679582118988037,798,350
44,1466,26,0.8746883869171143,0.6441594958305359,0.06107172742486,0.7464972138404846,839,347
44,1466,27,0.8111373782157898,0.7694821953773499,-0.0571778230369091,0.9770902395248413,778,415
44,1466,28,0.9065399765968323,0.7551764845848083,0.11673198640346527,0.8764497637748718,870,407
44,1466,29,0.8141542673110962,0.7983565330505371,-0.05930730327963829,0.9399191737174988,781,431
44,1466,30,0.9192256331443787,0.7775224447250366,0.1198003739118576,0.8818901777267456,882,419
44,1466,31,0.7770467400550842,0.7789987921714783,-0.13239814341068268,0.9683183431625366,745,420
44,1466,32,0.8778277039527893,0.7817326784133911,0.07722271233797073,0.9006497859954834,842,422
45,1500,0,0.8563188910484314,0.33944326639175415,-0.1731909066438675,0.9992713928222656,822,183
45,1500,1,0.8596369624137878,0.3276955485343933,-0.17358842492103577,0.9988507628440857,825,176
45,1500,2,0.861870527267456,0.32670265436172485,-0.17374058067798615,0.9989919662475586,827,176
45,1500,3,0.8639791011810303,0.32619771361351013,-0.17370161414146423,0.9991187453269958,829,176
45,1500,4,0.8538729548454285,0.3288913667201996,-0.1623586267232895,0.9989895224571228,819,177
45,1500,5,0.8521501421928406,0.3288293480873108,-0.1625407189130783,0.999215304851532,818,177
45,1500,6,0.8503428101539612,0.3287927210330963,-0.1626625508069992,0.9992839694023132,816,177
45,1500,7,0.8690811395645142,0.32597577571868896,-0.14487306773662567,0.9995310306549072,834,176
45,1500,8,0.8509819507598877,0.3298395574092865,-0.09309640526771545,0.9988307952880859,816,178
45,1500,9,0.8608210682868958,0.34664633870124817,-0.1587560772895813,0.9992744326591492,826,187
45,1500,10,0.8552721738815308,0.3480505645275116,-0.14489296078681946,0.9989575147628784,821,187
45,1500,11,0.8915783762931824,0.38365909457206726,-0.14320801198482513,0.9999727010726929,855,207
45,1500,12,0.8468377590179443,0.38547131419181824,-0.007110729813575745,0.9997479915618896,812,208
45,1500,13,0.9009770750999451,0.47643721103668213,-0.15928080677986145,0.9438132643699646,864,257
45,1500,14,0.8300055861473083,0.4638422131538391,0.01595614291727543,0.34399643540382385,796,250
45,1500,15,0.8944494724273682,0.5587733387947083,-0.18715566396713257,0.9167556166648865,858,301
45,1500,16,0.8019668459892273,0.5225197076797485,-0.03166741505265236,0.6893373131752014,769,282
45,1500,17,0.8958699703216553,0.5826376676559448,-0.20390258729457855,0.9080037474632263,860,314
45,1500,18,0.7937101721763611,0.5431984663009644,-0.04025866836309433,0.7075052261352539,761,293
45,1500,19,0.888296365737915,0.5814722180366516,-0.21604464948177338,0.9088773727416992,852,313
45,1500,20,0.7912499308586121,0.5425378084182739,-0.06121625751256943,0.7217329144477844,759,292
45,1500,21,0.8865920305252075,0.5725987553596497,-0.19170379638671875,0.8817876577377319,851,309
45,1500,22,0.7947733402252197,0.5372802019119263,-0.04211864992976189,0.7027048468589783,762,290
45,1500,23,0.8725680112838745,0.5482094883918762,-0.05558847263455391,0.999927282333374,837,296
45,1500,24,0.8564493060112,0.5444989800453186,0.055496811866760254,0.9998926520347595,822,294
45,1500,25,0.8322706818580627,0.6491692662239075,-0.07080492377281189,0.9706186652183533,798,350
45,1500,26,0.8724730610847473,0.6441003680229187,0.06965858489274979,0.7581554651260376,837,347
45,1500,27,0.8109089732170105,0.7704718708992004,-0.05681931972503662,0.979245662689209,778,416
45,1500,28,0.9059494733810425,0.7542886734008789,0.13247694075107574,0.8858917355537415,869,407
45,1500,29,0.8139135837554932,0.7991873621940613,-0.057126808911561966,0.9453803896903992,781,431
45,1500,30,0.9181388020515442,0.7757922410964966,0.13663609325885773,0.8912467360496521,881,418
45,1500,31,0.7761926054954529,0.7840061783790588,-0.11975060403347015,0.9713306427001953,745,423
45,1500,32,0.8778778314590454,0.7821878790855408,0.09555427730083466,0.9086359739303589,842,422
46,1533,0,0.8485630750656128,0.3393305838108063,-0.16412968933582306,0.9993218183517456,814,183
46,1533,1,0.8515878319740295,0.3275468945503235,-0.16129682958126068,0.9989343285560608,817,176
46,1533,2,0.8542566895484924,0.3265470564365387,-0.16144700348377228,0.9990671277046204,820,176
46,1533,3,0.8567015528678894,0.3260113596916199,-0.1614052653312683,0.9991829991340637,822,176
46,1533,4,0.8468534350395203,0.3287954330444336,-0.1509234607219696,0.9990689158439636,812,177
46,1533,5,0.845398485660553,0.3287849426269531,-0.15110120177268982,0.9992770552635193,811,177
46,1533,6,0.8440529704093933,0.32879403233528137,-0.15122003853321075,0.9993391633033752,810,177
46,1533,7,0.86201012134552,0.32608065009117126,-0.1295599341392517,0.9995635747909546,827,176
46,1533,8,0.8445552587509155,0.330173134803772,-0.07938466221094131,0.9989187717437744,810,178
46,1533,9,0.8530272841453552,0.346526175737381,-0.14755672216415405,0.9993236660957336,818,187
46,1533,10,0.8480328321456909,0.3479357361793518,-0.13494379818439484,0.9990296959877014,814,187
46,1533,11,0.8834573030471802,0.3835468292236328,-0.13192568719387054,0.9999716877937317,848,207
46,1533,12,0.8395799398422241,0.387211412191391,0.003215185599401593,0.999748170375824,805,209
46,1533,13,0.8912649154663086,0.4763973653316498,-0.15120883285999298,0.9487603306770325,855,257
46,1533,14,0.8236988186836243,0.4665990173816681,0.02373327873647213,0.3679087162017822,790,251
46,1533,15,0.8859937191009521,0.5605161190032959,-0.18320348858833313,0.9235411882400513,850,302
46,1533,16,0.7941368818283081,0.5241519212722778,-0.026721106842160225,0.712994396686554,762,283
46,1533,17,0.888979971408844,0.5849777460098267,-0.20005200803279877,0.9149302840232849,853,315
46,1533,18,0.7858443856239319,0.544779896736145,-0.03493516147136688,0.7295090556144714,754,294
46,1533,19,0.8811959624290466,0.5847629308700562,-0.21183139085769653,0.9159575700759888,845,315
46,1533,20,0.7839284539222717,0.5436699986457825,-0.05648237094283104,0.7430891394615173,752,293
46,1533,21,0.8782583475112915,0.5759601593017578,-0.18761801719665527,0.8909556269645691,843,311
46,1533,22,0.7876503467559814,0.5378720164299011,-0.03747022524476051,0.7254323363304138,756,290
46,1533,23,0.8675938248634338,0.5480210781097412,-0.05540675297379494,0.9999311566352844,832,295
46,1533,24,0.850864589214325,0.5444585680961609,0.0553106889128685,0.9998986721038818,816,294
46,1533,25,0.8269506692886353,0.6494198441505432,-0.07517692446708679,0.973225474357605,793,350
46,1533,26,0.8658040165901184,0.6455332040786743,0.047161590307950974,0.7754456996917725,831,348
46,1533,27,0.8095836639404297,0.770672082901001,-0.05294791981577873,0.9812451601028442,777,416
46,1533,28,0.9028621912002563,0.7502793669700623,0.10796061903238297,0.8954169154167175,866,405
46,1533,29,0.8138652443885803,0.7989387512207031,-0.05418311804533005,0.9504453539848328,781,431
46,1533,30,0.9163447022438049,0.7679111361503601,0.11259515583515167,0.9002909660339355,879,414
46,1533,31,0.7747824788093567,0.7903969287872314,-0.12303772568702698,0.9741160869598389,743,426
46,1533,32,0.8776530027389526,0.7822138667106628,0.0742419958114624,0.9166402220726013,842,422
47,1566,0,0.8477421998977661,0.33924928307533264,-0.1801956295967102,0.9993801116943359,813,183
47,1566,1,0.8512689471244812,0.32743263244628906,-0.17979556322097778,0.9990285038948059,817,176
47,1566,2,0.8535521030426025,0.3264424502849579,-0.1799497753381729,0.9991499185562134,819,176
47,1566,3,0.8556357026100159,0.32589271664619446,-0.17990951240062714,0.9992548823356628,821,175
47,1566,4,0.8453112244606018,0.3286769688129425,-0.16914735734462738,0.999153733253479,811,177
47,1566,5,0.8433728814125061,0.328676700592041,-0.16932933032512665,0.999342679977417,809,177
47,1566,6,0.8414567112922668,0.3286954462528229,-0.16944657266139984,0.9993987083435059,807,177
47,1566,7,0.8607709407806396,0.32611051201820374,-0.14857536554336548,0.9996013045310974,826,176
47,1566,8,0.8419641256332397,0.3300603926181793,-0.09946515411138535,0.9990145564079285,808,178
47,1566,9,0.8522192239761353,0.3464282751083374,-0.164840430021286,0.999380350112915,818,187
47,1566,10,0.846274733543396,0.34785404801368713,-0.15182550251483917,0.9991117119789124,812,187
47,1566,11,0.8820755481719971,0.383456289768219,-0.14707373082637787,0.9999719262123108,846,207
47,1566,12,0.8389320969581604,0.3873649537563324,-0.011808698065578938,0.9997548460960388,805,209
47,1566,13,0.8913416266441345,0.47642019391059875,-0.1602054089307785,0.9533006548881531,855,257
47,1566,14,0.8246465921401978,0.4681355059146881,0.01343104150146246,0.3791419267654419,791,252
47,1566,15,0.8854130506515503,0.5616980791091919,-0.18532711267471313,0.929591178894043,849,303
47,1566,16,0.7936252951622009,0.5265069603919983,-0.029448427259922028,0.7315372824668884,761,284
47,1566,17,0.8874509930610657,0.5866785049438477,-0.2006024718284607,0.921039342880249,851,316
47,1566,18,0.7854860424995422,0.5470511317253113,-0.03685365617275238,0.7469794750213623,754,295
47,1566,19,0.8794927000999451,0.5864124894142151,-0.2135649025440216,0.9222105145454407,844,316
47,1566,20,0.7831456065177917,0.544918417930603,-0.058585990220308304,0.760211169719696,751,294
47,1566,21,0.8768710494041443,0.5775855183601379,-0.1898811161518097,0.8991059064865112,841,311
47,1566,22,0.7864172458648682,0.5390548706054688,-0.04007334262132645,0.7436642646789551,754,291
47,1566,23,0.8652870059013367,0.5480071902275085,-0.055118922144174576,0.9999353885650635,830,295
47,1566,24,0.8488599061965942,0.5445981621742249,0.055020228028297424,0.9999051094055176,814,294
47,1566,25,0.824859619140625,0.6498650908470154,-0.06690336763858795,0.9756173491477966,791,350
47,1566,26,0.863913357257843,0.6466295123100281,0.05271627753973007,0.791928231716156,829,349
47,1566,27,0.8081468939781189,0.7712386250495911,-0.03282088413834572,0.9830477833747864,775,416
47,1566,28,0.901934802532196,0.7485324740409851,0.11639732867479324,0.9045217037200928,865,404
47,1566,29,0.8124426603317261,0.7991446852684021,-0.03278890624642372,0.9550561904907227,779,431
47,1566,30,0.9151855707168579,0.7663168907165527,0.12099704891443253,0.9088840484619141,878,413
47,1566,31,0.773611307144165,0.7924885153770447,-0.09821683913469315,0.9766240119934082,742,427
47,1566,32,0.8775742650032043,0.7830953001976013,0.08285548537969589,0.924095630645752,842,422
48,1600,0,0.8407573699951172,0.33991318941116333,-0.15099237859249115,0.9993910789489746,807,183
48,1600,1,0.8440653085708618,0.32784178853034973,-0.15011383593082428,0.9990625977516174,810,177
48,1600,2,0.8462777733802795,0.3267724812030792,-0.15025661885738373,0.9991793632507324,812,176
48,1600,3,0.8484141826629639,0.326104074716568,-0.15021315217018127,0.999276876449585,814,176
48,1600,4,0.8390906453132629,0.3293262720108032,-0.1394425332546234,0.9991961717605591,805,177
48,1600,5,0.8376792669296265,0.3293007016181946,-0.13963109254837036,0.99937504529953,804,177
48,1600,6,0.8360459804534912,0.3293318748474121,-0.139754518866539,0.9994271993637085,802,177
48,1600,7,0.8536542057991028,0.326170414686203,-0.11937477439641953,0.999609112739563,819,176
48,1600,8,0.8366424441337585,0.3302769660949707,-0.06995807588100433,0.9990625977516174,803,178
48,1600,9,0.8449735641479492,0.346405029296875,-0.13588672876358032,0.9993852972984314,811,187
48,1600,10,0.8399074673652649,0.34797388315200806,-0.12290886044502258,0.9991287589073181,806,187
48,1600,11,0.8751382231712341,0.38325226306915283,-0.12244459241628647,0.9999677538871765,840,206
48,1600,12,0.8326665163040161,0.38723400235176086,0.01081813219934702,0.9997437000274658,799,209
48,1600,13,0.882427990436554,0.4754464626312256,-0.1441669762134552,0.9565387964248657,847,256
48,1600,14,0.8164167404174805,0.46809762716293335,0.029463311657309532,0.3918011486530304,783,252
48,1600,15,0.8787912130355835,0.5610114336013794,-0.1737608015537262,0.9327579140663147,843,302
48,1600,16,0.7879370450973511,0.528056263923645,-0.021757572889328003,0.7498762011528015,756,285
48,1600,17,0.881142258644104,0.5858914256095886,-0.18854159116744995,0.9239463806152344,845,316
48,1600,18,0.7804126143455505,0.5476812720298767,-0.029130106791853905,0.7645575404167175,749,295
48,1600,19,0.87335205078125,0.584990918636322,-0.1994495689868927,0.9254795908927917,838,315
48,1600,20,0.7779765725135803,0.5453518629074097,-0.04974551498889923,0.7772066593170166,746,294
48,1600,21,0.8712615966796875,0.5761109590530396,-0.17759661376476288,0.9035763144493103,836,311
48,1600,22,0.7815850377082825,0.5397013425827026,-0.032078806310892105,0.7618510127067566,750,291
48,1600,23,0.8602265119552612,0.5473291873931885,-0.05462758243083954,0.9999377131462097,825,295
48,1600,24,0.8420034646987915,0.5445300936698914,0.0545324943959713,0.9999096393585205,808,294
48,1600,25,0.8214988708496094,0.6507678627967834,-0.06958912312984467,0.9777027368545532,788,351
48,1600,26,0.8501250743865967,0.6478622555732727,0.025568952783942223,0.8076833486557007,816,349
48,1600,27,0.8070546388626099,0.7740041017532349,-0.05192481726408005,0.9846892952919006,774,417
48,1600,28,0.8950803279876709,0.7439464926719666,0.06636004894971848,0.9125102162361145,859,401
48,1600,29,0.8120954632759094,0.8019667863845825,-0.05374305695295334,0.9592471718788147,779,433
48,1600,30,0.9102665781974792,0.754721999168396,0.0689423456788063,0.9164450764656067,873,407
48,1600,31,0.7722840905189514,0.7964281439781189,-0.12229259312152863,0.9788974523544312,741,430
48,1600,32,0.8767465949058533,0.7841807007789612,0.028098611161112785,0.9307318329811096,841,423
49,1633,0,0.8381336331367493,0.3400268852710724,-0.1640581637620926,0.999352216720581,804,183
49,1633,1,0.8417851328849792,0.32777827978134155,-0.16389073431491852,0.9990308284759521,808,177
49,1633,2,0.8440757989883423,0.32670411467552185,-0.1640344262123108,0.9991490840911865,810,176
49,1633,3,0.8462075591087341,0.32603737711906433,-0.16398774087429047,0.9992420077323914,812,176
49,1633,4,0.8360464572906494,0.3292529582977295,-0.15178044140338898,0.999196469783783,802,177
49,1633,5,0.8343929648399353,0.3292704224586487,-0.15198272466659546,0.9993761777877808,801,177
49,1633,6,0.8326994776725769,0.3291904926300049,-0.15212036669254303,0.9994316697120667,799,177
49,1633,7,0.851867139339447,0.32614654302597046,-0.13077515363693237,0.9995771646499634,817,176
49,1633,8,0.8343948125839233,0.3300056457519531,-0.07466693222522736,0.9990626573562622,801,178
49,1633,9,0.8428040146827698,0.3463621735572815,-0.14861249923706055,0.9993354082107544,809,187
49,1633,10,0.8370581865310669,0.3479219973087311,-0.13381092250347137,0.999088704586029,803,187
49,1633,11,0.8735792636871338,0.38208064436912537,-0.12870380282402039,0.99996018409729,838,206
49,1633,12,0.8314198851585388,0.38707396388053894,0.008373093791306019,0.9997363686561584,798,209
49,1633,13,0.8817622661590576,0.4745470881462097,-0.15222565829753876,0.9573518633842468,846,256
49,1633,14,0.8154289722442627,0.4680691957473755,0.03150958940386772,0.3872552812099457,782,252
49,1633,15,0.8786061406135559,0.5605006217956543,-0.18279911577701569,0.9270443320274353,843,302
49,1633,16,0.7887709140777588,0.5280751585960388,-0.018721969798207283,0.761709451675415,757,285
49,1633,17,0.879808783531189,0.5850785374641418,-0.19635897874832153,0.916703999042511,844,315
49,1633,18,0.7809111475944519,0.548098087310791,-0.025729235261678696,0.7768383622169495,749,295
49,1633,19,0.8723570704460144,0.5842182636260986,-0.20798225700855255,0.9192398190498352,837,315
49,1633,20,0.7779954075813293,0.5456399321556091,-0.047199372202157974,0.789133608341217,746,294
49,1633,21,0.8709496259689331,0.5755559206008911,-0.18668027222156525,0.8967763781547546,836,310
49,1633,22,0.7816654443740845,0.5398657321929932,-0.02932029590010643,0.7743611335754395,750,291
49,1633,23,0.857021152973175,0.5473374724388123,-0.05479982867836952,0.999940812587738,822,295
49,1633,24,0.8398874998092651,0.5445070862770081,0.05470437556505203,0.999915361404419,806,294
49,1633,25,0.8208748698234558,0.6508622765541077,-0.07211479544639587,0.9795732498168945,788,351
49,1633,26,0.850775957107544,0.6482514142990112,0.03267129138112068,0.8222833871841431,816,350
49,1633,27,0.8073886632919312,0.7742515206336975,-0.05142762139439583,0.9861606359481812,775,418
49,1633,28,0.8924600481987,0.7429780960083008,0.07808210700750351,0.9200600981712341,856,401
49,1633,29,0.8140271306037903,0.802169680595398,-0.05060562118887901,0.9629345536231995,781,433
49,1633,30,0.9088422060012817,0.7527437210083008,0.08096013963222504,0.9231582283973694,872,406
49,1633,31,0.7724491953849792,0.7982481122016907,-0.12132580578327179,0.9809322953224182,741,431
49,1633,32,0.8764742016792297,0.7855231165885925,0.03724978491663933,0.936824381351471,841,424
50,1666,0,0.8315200209617615,0.3377610146999359,-0.1287781447172165,0.9991815686225891,798,182
50,1666,1,0.834539532661438,0.3260747194290161,-0.13108505308628082,0.9988665580749512,801,176
50,1666,2,0.8367726802825928,0.3250444829463959,-0.13123562932014465,0.9990066885948181,803,175
50,1666,3,0.8390998244285583,0.324359267950058,-0.1311911791563034,0.9991260766983032,805,175
50,1666,4,0.8300195336341858,0.3275558054447174,-0.1174546554684639,0.9990690350532532,796,176
50,1666,5,0.8288151025772095,0.32761865854263306,-0.11765265464782715,0.9992724061012268,795,176
50,1666,6,0.8274804949760437,0.32763341069221497,-0.11777513474225998,0.9993424415588379,794,176
50,1666,7,0.8452513217926025,0.32468098402023315,-0.11346530169248581,0.9995073080062866,811,175
50,1666,8,0.8285248875617981,0.32895904779434204,-0.05166041851043701,0.9989063143730164,795,177
50,1666,9,0.835948646068573,0.3437190651893616,-0.11897329241037369,0.9992361664772034,802,185
50,1666,10,0.8312810659408569,0.345413476228714,-0.10227584838867188,0.998945951461792,798,186
50,1666,11,0.8666918277740479,0.3818162679672241,-0.12374710291624069,0.9999569654464722,832,206
50,1666,12,0.8260497450828552,0.38686081767082214,0.029459547251462936,0.9996983408927917,793,208
50,1666,13,0.8738388419151306,0.47453489899635315,-0.14673438668251038,0.9601454138755798,838,256
50,1666,14,0.8100505471229553,0.46785998344421387,0.05687982589006424,0.3727913498878479,777,252
50,1666,15,0.8678025007247925,0.5621486306190491,-0.17215292155742645,0.930109977722168,833,303
50,1666,16,0.7851536870002747,0.5278671383857727,0.009225220419466496,0.7619856595993042,753,285
50,1666,17,0.8709975481033325,0.587783932685852,-0.18647471070289612,0.9191180467605591,836,317
50,1666,18,0.7771375179290771,0.5480306148529053,0.0036033678334206343,0.7790476679801941,746,295
50,1666,19,0.8628724217414856,0.5872906446456909,-0.19571886956691742,0.9217573404312134,828,317
50,1666,20,0.7752323746681213,0.5456404089927673,-0.01809973269701004,0.7917601466178894,744,294
50,1666,21,0.8605254888534546,0.5781964659690857,-0.17493882775306702,0.8996809720993042,826,312
50,1666,22,0.7792240977287292,0.5397627353668213,-0.0016953421290963888,0.778220534324646,748,291
50,1666,23,0.8477545976638794,0.547328531742096,-0.05453537404537201,0.999944806098938,813,295
50,1666,24,0.8297635316848755,0.5437344312667847,0.054454151540994644,0.9999209642410278,796,293
50,1666,25,0.8178291320800781,0.6537244915962219,-0.05886855348944664,0.9811734557151794,785,353
50,1666,26,0.8328990936279297,0.6457356214523315,0.011719567701220512,0.8363684415817261,799,348
50,1666,27,0.8059726357460022,0.7743709087371826,-0.030934525653719902,0.9874827861785889,773,418
50,1666,28,0.8813999891281128,0.7337898015975952,0.03681274130940437,0.9266358613967896,846,396
50,1666,29,0.8138185739517212,0.8026387691497803,-0.03103231079876423,0.966181218624115,781,433
50,1666,30,0.8993927836418152,0.7367612719535828,0.037724994122982025,0.9287755489349365,863,397
50,1666,31,0.7728365063667297,0.7998412847518921,-0.09917929023504257,0.982749342918396,741,431
50,1666,32,0.8729268908500671,0.7854694128036499,-0.008601376786828041,0.94219571352005,838,424
51,1700,0,0.8315287232398987,0.33588168025016785,-0.13786400854587555,0.9991188049316406,798,181
51,1700,1,0.8343631029129028,0.32395046949386597,-0.14370489120483398,0.9988180994987488,800,174
51,1700,2,0.8368489742279053,0.3227684199810028,-0.14385083317756653,0.9989671111106873,803,174
51,1700,3,0.838955819606781,0.32195600867271423,-0.14379453659057617,0.9990875720977783,805,173
51,1700,4,0.8291032910346985,0.3257705569267273,-0.12640687823295593,0.9990349411964417,795,175
51,1700,5,0.8274481892585754,0.3259056508541107,-0.12659892439842224,0.9992467761039734,794,175
51,1700,6,0.8257615566253662,0.3260221481323242,-0.12672923505306244,0.9993194341659546,792,176
51,1700,7,0.8443272113800049,0.32242462038993835,-0.13163094222545624,0.9994876384735107,810,174
51,1700,8,0.8269039392471313,0.3273184597492218,-0.05949226766824722,0.998877763748169,793,176
51,1700,9,0.8362056016921997,0.3417048156261444,-0.13175919651985168,0.9992142915725708,802,184
51,1700,10,0.8306534290313721,0.3433271646499634,-0.11083722859621048,0.9989168047904968,797,185
51,1700,11,0.865644097328186,0.38138216733932495,-0.14137738943099976,0.9999548196792603,831,205
51,1700,12,0.8255606293678284,0.38661161065101624,0.024456331506371498,0.9996787309646606,792,208
51,1700,13,0.8727303147315979,0.4772000312805176,-0.16643431782722473,0.9630931615829468,837,257
51,1700,14,0.8088521957397461,0.46770334243774414,0.04617301747202873,0.37149444222450256,776,252
51,1700,15,0.868032693862915,0.5672799348831177,-0.1972532868385315,0.9348094463348389,833,306
51,1700,16,0.7848227024078369,0.5277191996574402,0.0009327689185738564,0.7731369137763977,753,284
51,1700,17,0.8708398342132568,0.5951374769210815,-0.2143896073102951,0.9237999320030212,836,321
51,1700,18,0.7773115038871765,0.5480673909187317,-0.004953210707753897,0.7896950840950012,746,295
51,1700,19,0.8629929423332214,0.5953487753868103,-0.22395621240139008,0.9264273047447205,828,321
51,1700,20,0.7748869061470032,0.5458956956863403,-0.026804711669683456,0.8022878170013428,743,294
51,1700,21,0.8612962961196899,0.5865731239318848,-0.20039333403110504,0.9053390622138977,826,316
51,1700,22,0.778547465801239,0.5397533178329468,-0.009860655292868614,0.7894290685653687,747,291
51,1700,23,0.8482601046562195,0.5484171509742737,-0.054575685411691666,0.9999475479125977,814,296
51,1700,24,0.8293056488037109,0.5442309379577637,0.054495517164468765,0.9999247789382935,796,293
51,1700,25,0.8157082200050354,0.6560462117195129,-0.0698738545179367,0.9828046560287476,783,354
51,1700,26,0.8264173865318298,0.6494072675704956,0.025348316878080368,0.8494236469268799,793,350
51,1700,27,0.8059558868408203,0.7746597528457642,-0.03234542906284332,0.9886907339096069,773,418
51,1700,28,0.8797360062599182,0.7302841544151306,0.06238039210438728,0.9326584935188293,844,394
51,1700,29,0.8130143284797668,0.8028268218040466,-0.03142017871141434,0.969201385974884,780,433
51,1700,30,0.8963298201560974,0.7318666577339172,0.061880454421043396,0.9338748455047607,860,395
51,1700,31,0.7709903120994568,0.8002196550369263,-0.10268643498420715,0.9844095706939697,740,432
51,1700,32,0.8718878626823425,0.7852418422698975,0.020043253898620605,0.9470199346542358,837,424
52,1733,0,0.822196364402771,0.3324737846851349,-0.135067418217659,0.9990018010139465,789,179
52,1733,1,0.8256198763847351,0.3211328387260437,-0.1378629356622696,0.9987121820449829,792,173
52,1733,2,0.8278345465660095,0.32051655650138855,-0.13802139461040497,0.9988817572593689,794,173
52,1733,3,0.8303521275520325,0.320036381483078,-0.13797372579574585,0.999019980430603,797,172
52,1733,4,0.8210681080818176,0.3220420181751251,-0.12311144918203354,0.9989280104637146,788,173
52,1733,5,0.8199613094329834,0.3220084309577942,-0.1233026534318924,0.9991541504859924,787,173
52,1733,6,0.8187020421028137,0.3219609260559082,-0.12342659384012222,0.9992336630821228,785,173
52,1733,7,0.8364311456680298,0.32075685262680054,-0.11994833499193192,0.9994407892227173,802,173
52,1733,8,0.820092499256134,0.324173241853714,-0.05352890491485596,0.9986919164657593,787,175
52,1733,9,0.826708972454071,0.33959245681762695,-0.12520691752433777,0.999142050743103,793,183
52,1733,10,0.82220458984375,0.3404355049133301,-0.10704532265663147,0.9987899661064148,789,183
52,1733,11,0.858992874622345,0.38137075304985046,-0.12997516989707947,0.9999537467956543,824,205
52,1733,12,0.8187208771705627,0.3829120099544525,0.0310723464936018,0.9996410012245178,785,206
52,1733,13,0.8651403188705444,0.477146178483963,-0.15037743747234344,0.9657081961631775,830,257
52,1733,14,0.8048329949378967,0.4675742983818054,0.06256794184446335,0.35671305656433105,772,252
52,1733,15,0.8569138646125793,0.5666916966438293,-0.18056820333003998,0.9393987059593201,822,306
52,1733,16,0.7836874127388,0.5274118781089783,0.011222933419048786,0.7760997414588928,752,284
52,1733,17,0.8603728413581848,0.5931597948074341,-0.1976267546415329,0.9285281300544739,825,320
52,1733,18,0.7757800221443176,0.5479921698570251,0.004353183321654797,0.7943323850631714,744,295
52,1733,19,0.8509872555732727,0.5952306985855103,-0.2070368379354477,0.9311461448669434,816,321
52,1733,20,0.7738933563232422,0.5458421111106873,-0.017843203619122505,0.8073028922080994,742,294
52,1733,21,0.8484048843383789,0.5861560702323914,-0.18349437415599823,0.9110337495803833,814,316
52,1733,22,0.7779861688613892,0.5392839908599854,6.874768587294966e-05,0.7944636940956116,746,291
52,1733,23,0.8401400446891785,0.5477810502052307,-0.05473339930176735,0.9999483823776245,806,295
52,1733,24,0.8198768496513367,0.5414052605628967,0.05465579405426979,0.9999241828918457,787,292
52,1733,25,0.8131135106086731,0.6568085551261902,-0.06956672668457031,0.9838308691978455,780,354
52,1733,26,0.8194742202758789,0.6488693356513977,0.03680051863193512,0.8524320125579834,786,350
52,1733,27,0.8061984777450562,0.7744538187980652,-0.03254425898194313,0.9896865487098694,773,418
52,1733,28,0.8685327768325806,0.7248066067695618,0.09349655359983444,0.9338735938072205,833,391
52,1733,29,0.8128413558006287,0.8025578856468201,-0.031462568789720535,0.9713032841682434,780,433
52,1733,30,0.8858175277709961,0.726021409034729,0.09731844812631607,0.9335716962814331,850,392
52,1733,31,0.7706963419914246,0.7999264597892761,-0.10392259806394577,0.9857761263847351,739,431
52,1733,32,0.8634893298149109,0.7781668305397034,0.05622724071145058,0.9486151337623596,828,420
53,1766,0,0.8220400214195251,0.33200398087501526,-0.15737982094287872,0.9989762902259827,789,179
53,1766,1,0.8255288004875183,0.3203652799129486,-0.1594575196504593,0.998710572719574,792,172
53,1766,2,0.828093945980072,0.3195839822292328,-0.15963155031204224,0.998881995677948,794,172
53,1766,3,0.8304348587989807,0.318936824798584,-0.15958331525325775,0.999020516872406,797,172
53,1766,4,0.8198410272598267,0.32124894857406616,-0.1461254060268402,0.9989176392555237,787,173
53,1766,5,0.8181576132774353,0.32107940316200256,-0.14631643891334534,0.999143123626709,785,173
53,1766,6,0.816552996635437,0.3211210072040558,-0.14643844962120056,0.9992212653160095,783,173
53,1766,7,0.8356407880783081,0.31974509358406067,-0.13673873245716095,0.9994423389434814,802,172
53,1766,8,0.817556619644165,0.3227274715900421,-0.07555340975522995,0.9986576437950134,784,174
53,1766,9,0.8264540433883667,0.3391256630420685,-0.14523297548294067,0.9991315603256226,793,183
53,1766,10,0.8209272623062134,0.339927613735199,-0.1287878006696701,0.9987631440162659,788,183
53,1766,11,0.8569087386131287,0.38128718733787537,-0.13878826797008514,0.9999538064002991,822,205
53,1766,12,0.8171768188476562,0.3823832869529724,0.011593966744840145,0.9996172785758972,784,206
53,1766,13,0.8631568551063538,0.47711604833602905,-0.1621420830488205,0.9681091904640198,828,257
53,1766,14,0.805527925491333,0.467351496219635,0.0593440942466259,0.3458050787448883,773,252
53,1766,15,0.8559319376945496,0.5659806132316589,-0.20557063817977905,0.9440901279449463,821,305
53,1766,16,0.7843493223190308,0.526692807674408,0.0030084066092967987,0.7843675017356873,752,284
53,1766,17,0.8572632670402527,0.5921080708503723,-0.22548213601112366,0.9336759448051453,822,319
53,1766,18,0.7768877148628235,0.547809362411499,-0.004082246217876673,0.8035026788711548,745,295
53,1766,19,0.847956120967865,0.5935925841331482,-0.2348383516073227,0.9361816048622131,814,320
53,1766,20,0.7749347686767578,0.5455753803253174,-0.024397611618041992,0.8163706660270691,743,294
53,1766,21,0.8463627099990845,0.5852604508399963,-0.20890794694423676,0.9171280264854431,812,316
53,1766,22,0.7787244319915771,0.5387428998947144,-0.007628843188285828,0.8032813668251038,747,290
53,1766,23,0.8408907055854797,0.5487871170043945,-0.05218406766653061,0.9999489784240723,807,296
53,1766,24,0.8194054961204529,0.5415316224098206,0.05211520940065384,0.9999232292175293,786,292
53,1766,25,0.8135785460472107,0.6577855348587036,-0.056747447699308395,0.9848241209983826,781,355
53,1766,26,0.8197797536849976,0.6487022638320923,0.044736478477716446,0.8575814366340637,786,350
53,1766,27,0.8063997626304626,0.7744622230529785,-0.006795754190534353,0.9905781149864197,774,418
53,1766,28,0.8686789274215698,0.7224175333976746,0.10915227979421616,0.9358453154563904,833,390
53,1766,29,0.8129762411117554,0.8025059103965759,-0.004893272649496794,0.9733177423477173,780,433
53,1766,30,0.8840235471725464,0.7235314846038818,0.11425929516553879,0.9338923692703247,848,390
53,1766,31,0.7721478939056396,0.8015570640563965,-0.07216552644968033,0.9870094656944275,741,432
53,1766,32,0.8598158359527588,0.7765273451805115,0.07427646219730377,0.9506034255027771,825,419
54,1800,0,0.8129637837409973,0.3247624337673187,-0.14954133331775665,0.9987800121307373,780,175
54,1800,1,0.8165120482444763,0.3146754503250122,-0.1555311530828476,0.9985026717185974,783,169
54,1800,2,0.8182951807975769,0.3143666386604309,-0.15570075809955597,0.998687207698822,785,169
54,1800,3,0.820558488368988,0.3140694200992584,-0.15564225614070892,0.9988417625427246,787,169
54,1800,4,0.8132259845733643,0.315025269985199,-0.1388927549123764,0.9987557530403137,780,170
54,1800,5,0.8123629093170166,0.31507858633995056,-0.1390892118215561,0.9990078806877136,779,170
54,1800,6,0.8115243911743164,0.31510984897613525,-0.13920728862285614,0.9991121888160706,779,170
54,1800,7,0.8278343081474304,0.3156741261482239,-0.14130306243896484,0.9993119835853577,794,170
54,1800,8,0.8142160177230835,0.31913357973098755,-0.07157626003026962,0.9984385967254639,781,172
54,1800,9,0.8181055188179016,0.33406201004981995,-0.14253489673137665,0.9989310503005981,785,180
54,1800,10,0.814062774181366,0.334656298160553,-0.12190213799476624,0.9985471367835999,781,180
54,1800,11,0.847537636756897,0.37690573930740356,-0.15426486730575562,0.9999503493309021,813,203
54,1800,12,0.8144996166229248,0.3780197501182556,0.017770467326045036,0.9996039271354675,781,204
54,1800,13,0.852897584438324,0.47163695096969604,-0.18282786011695862,0.9668470621109009,818,254
54,1800,14,0.801384687423706,0.46421918272972107,0.05896270275115967,0.322025328874588,769,250
54,1800,15,0.8432379364967346,0.5593889355659485,-0.20961816608905792,0.9359288811683655,809,302
54,1800,16,0.7806569933891296,0.5247136950492859,0.012402222491800785,0.7763269543647766,749,283
54,1800,17,0.8461328744888306,0.5848509669303894,-0.22732025384902954,0.9236043095588684,812,315
54,1800,18,0.7748616933822632,0.5478090643882751,0.006617418956011534,0.7989885210990906,743,295
54,1800,19,0.8369683623313904,0.5849120020866394,-0.23526541888713837,0.9265502691268921,803,315
54,1800,20,0.7729267477989197,0.5465635061264038,-0.014949976466596127,0.8123959302902222,742,295
54,1800,21,0.8350476622581482,0.5757578015327454,-0.21188309788703918,0.9038165807723999,801,310
54,1800,22,0.7773004174232483,0.5391470193862915,0.0015177330933511257,0.7975189685821533,746,291
54,1800,23,0.8283625245094299,0.547839343547821,-0.057710763067007065,0.9999478459358215,795,295
54,1800,24,0.8124659657478333,0.5386714339256287,0.05763803794980049,0.9999220967292786,779,290
54,1800,25,0.8097792267799377,0.6565076112747192,-0.054055873304605484,0.9848698377609253,777,354
54,1800,26,0.8110333681106567,0.6395291686058044,0.08212807029485703,0.8427852392196655,778,345
54,1800,27,0.8055049180984497,0.7743491530418396,-0.008161384612321854,0.991196870803833,773,418
54,1800,28,0.8520788550376892,0.7234634757041931,0.13270114362239838,0.9328003525733948,817,390
54,1800,29,0.8136898279190063,0.8024072051048279,-0.006847940385341644,0.97380131483078,781,433
54,1800,30,0.8687065243721008,0.7247695922851562,0.13620735704898834,0.9284082055091858,833,391
54,1800,31,0.7693179249763489,0.8008148074150085,-0.07112061232328415,0.9878242015838623,738,432
54,1800,32,0.8428192734718323,0.7747589945793152,0.09822743386030197,0.9489944577217102,809,418
55,1833,0,0.8112148642539978,0.3229193389415741,-0.1391749531030655,0.998301088809967,778,174
55,1833,1,0.8153412342071533,0.31248417496681213,-0.14759275317192078,0.9980190396308899,782,168
55,1833,2,0.8170068860054016,0.31210604310035706,-0.14776413142681122,0.9982559680938721,784,168
55,1833,3,0.8186048865318298,0.3117341101169586,-0.14770856499671936,0.9984639883041382,785,168
55,1833,4,0.8120043277740479,0.31251925230026245,-0.13117444515228271,0.9983664155006409,779,168
55,1833,5,0.8113661408424377,0.3122425079345703,-0.13136929273605347,0.9987162351608276,778,168
55,1833,6,0.8105705976486206,0.31184062361717224,-0.13149061799049377,0.9988760352134705,778,168
55,1833,7,0.8252164721488953,0.31397876143455505,-0.1444975733757019,0.9991117119789124,792,169
55,1833,8,0.8135029673576355,0.3157646954059601,-0.07187118381261826,0.9980669021606445,780,170
55,1833,9,0.8162540197372437,0.33243152499198914,-0.13614311814308167,0.9986727833747864,783,179
55,1833,10,0.8125082850456238,0.3328554928302765,-0.11553271859884262,0.9982396960258484,780,179
55,1833,11,0.8471056818962097,0.37659674882888794,-0.15748843550682068,0.999947726726532,813,203
55,1833,12,0.8136733174324036,0.3759649395942688,0.011458858847618103,0.9995848536491394,781,203
55,1833,13,0.8498809337615967,0.4710736870765686,-0.1857946515083313,0.9675631523132324,815,254
55,1833,14,0.8017832040786743,0.4636204242706299,0.05298040807247162,0.3024374544620514,769,250
55,1833,15,0.8399374485015869,0.5560957789421082,-0.21672490239143372,0.9373378753662109,806,300
55,1833,16,0.7820820212364197,0.5223275423049927,0.014263767749071121,0.7806189060211182,750,282
55,1833,17,0.8418142795562744,0.5819729566574097,-0.2351061850786209,0.9246220588684082,808,314
55,1833,18,0.7751930356025696,0.5466741919517517,0.008812394924461842,0.8042101263999939,744,295
55,1833,19,0.8331209421157837,0.581939160823822,-0.24187716841697693,0.9274469017982483,799,314
55,1833,20,0.7741286158561707,0.5460731983184814,-0.012537025846540928,0.8175349235534668,743,294
55,1833,21,0.8313359022140503,0.571988046169281,-0.21864120662212372,0.9037186503410339,798,308
55,1833,22,0.7780682444572449,0.5383149981498718,0.0038027376867830753,0.8016560673713684,746,290
55,1833,23,0.826499342918396,0.5466866493225098,-0.05744896084070206,0.9999469518661499,793,295
55,1833,24,0.8109022378921509,0.5376769304275513,0.05739416182041168,0.9999204874038696,778,290
55,1833,25,0.8103691935539246,0.6561165452003479,-0.028886828571558,0.9835218191146851,777,354
55,1833,26,0.809224545955658,0.6383122801780701,0.08408256620168686,0.8244925737380981,776,344
55,1833,27,0.8055979609489441,0.7742690443992615,0.018686596304178238,0.9916067719459534,773,418
55,1833,28,0.851460874080658,0.7225281596183777,0.13612233102321625,0.9267731308937073,817,390
55,1833,29,0.8136125802993774,0.8023115992546082,0.020199455320835114,0.9738720655441284,781,433
55,1833,30,0.8664136528968811,0.7247411608695984,0.14004109799861908,0.921233057975769,831,391
55,1833,31,0.7698080539703369,0.8005694150924683,-0.04274636134505272,0.9883497953414917,739,432
55,1833,32,0.840632438659668,0.7751011252403259,0.10286406427621841,0.9455773830413818,807,418
56,1866,0,0.80471271276474,0.3217303454875946,-0.14177392423152924,0.9983060956001282,772,173
56,1866,1,0.8081439733505249,0.31122973561286926,-0.14821486175060272,0.9980784058570862,775,168
56,1866,2,0.8098565340042114,0.31096091866493225,-0.14838366210460663,0.9983074069023132,777,167
56,1866,3,0.8115860223770142,0.3108009397983551,-0.1483292281627655,0.9985190033912659,779,167
56,1866,4,0.8051533102989197,0.3114764094352722,-0.13283251225948334,0.9983859658241272,772,168
56,1866,5,0.8047372698783875,0.31140026450157166,-0.13302701711654663,0.9987115859985352,772,168
56,1866,6,0.8041412830352783,0.3112599551677704,-0.13314872980117798,0.9988667964935303,771,168
56,1866,7,0.8190630674362183,0.31361517310142517,-0.14493729174137115,0.9991359114646912,786,169
56,1866,8,0.807974636554718,0.3148258924484253,-0.07153090089559555,0.998016357421875,775,170
56,1866,9,0.8095928430557251,0.33137401938438416,-0.1364605575799942,0.9986454248428345,777,178
56,1866,10,0.8059349060058594,0.33176931738853455,-0.11663927137851715,0.9981465935707092,773,179
56,1866,11,0.8400272130966187,0.37427952885627747,-0.15731695294380188,0.9999494552612305,806,202
56,1866,12,0.8079986572265625,0.373371958732605,0.014246886596083641,0.9995298981666565,775,201
56,1866,13,0.8408883213996887,0.4711054563522339,-0.17907752096652985,0.9687818288803101,807,254
56,1866,14,0.797285258769989,0.46389883756637573,0.05032297223806381,0.2764206826686859,765,250
56,1866,15,0.83085036277771,0.5550342798233032,-0.20244453847408295,0.9376487731933594,797,299
56,1866,16,0.7818854451179504,0.5228691697120667,0.0072188591584563255,0.7196844816207886,750,282
56,1866,17,0.8324595093727112,0.5813401937484741,-0.2178080677986145,0.92372065782547,799,313
56,1866,18,0.7768469452857971,0.5469584465026855,0.0011467335280030966,0.7467344403266907,745,295
56,1866,19,0.8242095708847046,0.5802162885665894,-0.2241923213005066,0.9266902804374695,791,313
56,1866,20,0.775280237197876,0.5469419360160828,-0.013708102516829967,0.7602447867393494,744,295
56,1866,21,0.8232718110084534,0.5705556869506836,-0.20308129489421844,0.9012904763221741,790,308
56,1866,22,0.7791622281074524,0.5387764573097229,-0.0017980191623792052,0.7453877329826355,747,290
56,1866,23,0.8260189890861511,0.5427879095077515,-0.058383647352457047,0.9999450445175171,792,293
56,1866,24,0.8023300766944885,0.5342658758163452,0.05834417790174484,0.9999128580093384,770,288
56,1866,25,0.8069503307342529,0.6548627614974976,-0.05905121564865112,0.9829776883125305,774,353
56,1866,26,0.7908263802528381,0.6387709379196167,0.042847540229558945,0.8079389929771423,759,344
56,1866,27,0.8053858280181885,0.7748558521270752,-0.03988349810242653,0.991929829120636,773,418
56,1866,28,0.8274344801902771,0.7243703603744507,0.09559986740350723,0.9111524224281311,794,391
56,1866,29,0.8136759400367737,0.8025907874107361,-0.04149053618311882,0.9727275967597961,781,433
56,1866,30,0.842907726764679,0.7276512980461121,0.09979010373353958,0.9070225358009338,809,392
56,1866,31,0.7683006525039673,0.8011959195137024,-0.1157500371336937,0.9887704849243164,737,432
56,1866,32,0.8142511248588562,0.7742042541503906,0.060941919684410095,0.9365352392196655,781,418
57,1900,0,0.8050405383110046,0.3195933997631073,-0.14703403413295746,0.9981533288955688,772,172
57,1900,1,0.8094072937965393,0.309019535779953,-0.15337525308132172,0.9979476928710938,777,166
57,1900,2,0.8111162781715393,0.3084990084171295,-0.15354853868484497,0.9982057809829712,778,166
57,1900,3,0.8126453757286072,0.3080933690071106,-0.15349894762039185,0.9984406232833862,780,166
57,1900,4,0.8052943348884583,0.30966201424598694,-0.13777440786361694,0.9982620477676392,773,167
57,1900,5,0.8044695258140564,0.3095894455909729,-0.13797380030155182,0.998607337474823,772,167
57,1900,6,0.8034505844116211,0.309401273727417,-0.1381065547466278,0.998772382736206,771,167
57,1900,7,0.8194989562034607,0.3109877109527588,-0.14759863913059235,0.9990895390510559,786,167
57,1900,8,0.8061667084693909,0.3133430480957031,-0.07632826268672943,0.9978575706481934,773,169
57,1900,9,0.8102203607559204,0.328749418258667,-0.14158226549625397,0.9986018538475037,777,177
57,1900,10,0.8057904839515686,0.3300270736217499,-0.12189563363790512,0.9980676174163818,773,178
57,1900,11,0.8405320644378662,0.3738182485103607,-0.15855416655540466,0.9999504685401917,806,201
57,1900,12,0.8049196004867554,0.373800128698349,0.009990965016186237,0.9995104670524597,772,201
57,1900,13,0.840442955493927,0.47298064827919006,-0.17780421674251556,0.9705802202224731,806,255
57,1900,14,0.7958529591560364,0.4646779000759125,0.046884775161743164,0.26344168186187744,764,250
57,1900,15,0.8284041881561279,0.5551947355270386,-0.20319992303848267,0.9415243268013,795,299
57,1900,16,0.7792294025421143,0.5240731239318848,-0.0008275582804344594,0.7112861275672913,748,282
57,1900,17,0.8300859928131104,0.5816008448600769,-0.22022536396980286,0.9278421998023987,796,314
57,1900,18,0.7752034068107605,0.547153890132904,-0.008362894877791405,0.7410479187965393,744,295
57,1900,19,0.8217917680740356,0.5806068778038025,-0.22826789319515228,0.9307112693786621,788,313
57,1900,20,0.7734291553497314,0.5474308133125305,-0.026727234944701195,0.7552208304405212,742,295
57,1900,21,0.819921612739563,0.5710839629173279,-0.2049359232187271,0.9058462977409363,787,308
57,1900,22,0.7770207524299622,0.540684700012207,-0.010658061131834984,0.7390602231025696,745,291
57,1900,23,0.8266597986221313,0.5418117046356201,-0.05809178203344345,0.9999427199363708,793,292
57,1900,24,0.8015944361686707,0.5334703922271729,0.058048177510499954,0.9999062418937683,769,288
57,1900,25,0.8065309524536133,0.6542858481407166,-0.07213407009840012,0.9835253953933716,774,353
57,1900,26,0.789949357509613,0.6379513144493103,0.036816373467445374,0.8062135577201843,758,344
57,1900,27,0.804718554019928,0.7750608325004578,-0.051742732524871826,0.9925033450126648,772,418
57,1900,28,0.8261672258377075,0.7254985570907593,0.09114423394203186,0.9100974202156067,793,391
57,1900,29,0.8135867714881897,0.8029308915138245,-0.05369117483496666,0.9731777906417847,781,433
57,1900,30,0.8406054973602295,0.7297409772872925,0.09506544470787048,0.9032009243965149,806,394
57,1900,31,0.7686461806297302,0.8021840453147888,-0.13422700762748718,0.9895567297935486,737,433
57,1900,32,0.8058375120162964,0.7731874585151672,0.04989034682512283,0.9366317391395569,773,417
58,1933,0,0.794830858707428,0.3207411468029022,-0.14309121668338776,0.9981986284255981,763,173
58,1933,1,0.7974823713302612,0.3097948133945465,-0.15248247981071472,0.998029351234436,765,167
58,1933,2,0.7987465262413025,0.30922257900238037,-0.15265260636806488,0.9982708692550659,766,166
58,1933,3,0.7998201251029968,0.3087831735610962,-0.1526033878326416,0.9985084533691406,767,166
58,1933,4,0.7958375811576843,0.310592383146286,-0.1343872994184494,0.9982863068580627,764,167
58,1933,5,0.7958628535270691,0.31051957607269287,-0.13456939160823822,0.9985983967781067,764,167
58,1933,6,0.7956973910331726,0.3103688657283783,-0.13468365371227264,0.9987542033195496,763,167
58,1933,7,0.8084744215011597,0.31102725863456726,-0.1563229262828827,0.9991304278373718,776,167
58,1933,8,0.8013045191764832,0.313125342130661,-0.0759802907705307,0.9977924227714539,769,169
58,1933,9,0.7999288439750671,0.3295324444770813,-0.14115840196609497,0.9986217617988586,767,177
58,1933,10,0.79730224609375,0.3307824730873108,-0.11824219673871994,0.997999370098114,765,178
58,1933,11,0.8287526965141296,0.37003660202026367,-0.17922239005565643,0.9999534487724304,795,199
58,1933,12,0.804332971572876,0.37065500020980835,0.01005139946937561,0.9994579553604126,772,200
58,1933,13,0.8313137292861938,0.4667518436908722,-0.2135913074016571,0.9727505445480347,798,252
58,1933,14,0.7978143692016602,0.4649531841278076,0.04001551494002342,0.2391800582408905,765,251
58,1933,15,0.8135548830032349,0.552729606628418,-0.23213449120521545,0.9447677135467529,781,298
58,1933,16,0.78074711561203,0.5315015316009521,-0.006415653508156538,0.6488375663757324,749,287
58,1933,17,0.812519371509552,0.5807003974914551,-0.25205451250076294,0.9305354356765747,780,313
58,1933,18,0.7761894464492798,0.5515358448028564,-0.014482194557785988,0.6784839630126953,745,297
58,1933,19,0.8038444519042969,0.5807889103889465,-0.2555887699127197,0.9332379102706909,771,313
58,1933,20,0.7744032144546509,0.5540705919265747,-0.03201032429933548,0.6923597455024719,743,299
58,1933,21,0.8025444149971008,0.5722334980964661,-0.2321508228778839,0.9075592160224915,770,309
58,1933,22,0.7770691514015198,0.5483236312866211,-0.016189206391572952,0.6773310303688049,745,296
58,1933,23,0.8128910064697266,0.5418905019760132,-0.05943736806511879,0.9999362230300903,780,292
58,1933,24,0.7949547171592712,0.5336580276489258,0.05940866097807884,0.9998835325241089,763,288
58,1933,25,0.8028900623321533,0.6542590260505676,-0.05821878835558891,0.9707924723625183,770,353
58,1933,26,0.7728164792060852,0.6335012316703796,0.05502830445766449,0.7460789084434509,741,342
58,1933,27,0.8049752116203308,0.7751911282539368,-0.00861060805618763,0.9864310622215271,772,418
58,1933,28,0.8086037039756775,0.728177547454834,0.12926867604255676,0.8408907651901245,776,393
58,1933,29,0.8130677938461304,0.8029126524925232,-0.006829226389527321,0.9558697938919067,780,433
58,1933,30,0.8193943500518799,0.741828978061676,0.1353963166475296,0.8497926592826843,786,400
58,1933,31,0.7687408328056335,0.8026430606842041,-0.07209107279777527,0.9814361929893494,737,433
58,1933,32,0.7886818051338196,0.7691657543182373,0.10146987438201904,0.8777530789375305,757,415
59,1966,0,0.7950147390365601,0.3208940625190735,-0.09325116127729416,0.9982475638389587,763,173
59,1966,1,0.7975916266441345,0.3094707131385803,-0.10402914881706238,0.9981262683868408,765,167
59,1966,2,0.7984939217567444,0.30882492661476135,-0.10419203341007233,0.9983510971069336,766,166
59,1966,3,0.7991889119148254,0.30827707052230835,-0.10414224117994308,0.9985834956169128,767,166
59,1966,4,0.7968262434005737,0.31044429540634155,-0.08797907829284668,0.9983290433883667,764,167
59,1966,5,0.7971177697181702,0.3102869689464569,-0.08817044645547867,0.998619556427002,765,167
59,1966,6,0.7972055673599243,0.31009310483932495,-0.08828439563512802,0.9987671971321106,765,167
59,1966,7,0.8078525066375732,0.3094719350337982,-0.12024565041065216,0.9991854429244995,775,167
59,1966,8,0.8027780055999756,0.3119972050189972,-0.046331267803907394,0.9978052377700806,770,168
59,1966,9,0.8000207543373108,0.3288661241531372,-0.09418556839227676,0.9985713958740234,768,177
59,1966,10,0.7982883453369141,0.3305424749851227,-0.0741475448012352,0.9978158473968506,766,178
59,1966,11,0.8278053998947144,0.3685035705566406,-0.14703717827796936,0.9999569058418274,794,198
59,1966,12,0.8053451180458069,0.369771271944046,0.019304925575852394,0.9992857575416565,773,199
59,1966,13,0.827991247177124,0.46724873781204224,-0.1734621673822403,0.9730560779571533,794,252
59,1966,14,0.7989781498908997,0.46552345156669617,0.04031248390674591,0.2159593552350998,767,251
59,1966,15,0.8101047277450562,0.553452730178833,-0.17708216607570648,0.9455679059028625,777,298
59,1966,16,0.7816839218139648,0.5364504456520081,0.007861021906137466,0.585054874420166,750,289
59,1966,17,0.8085233569145203,0.5835418701171875,-0.19098632037639618,0.9302968382835388,776,315
59,1966,18,0.7777472138404846,0.5547763109207153,0.0028884157072752714,0.6122647523880005,746,299
59,1966,19,0.8007013201713562,0.5848016142845154,-0.19410371780395508,0.9327821731567383,768,315
59,1966,20,0.7767038941383362,0.5582766532897949,-0.010697941295802593,0.6248770952224731,745,301
59,1966,21,0.8000390529632568,0.5770202279090881,-0.1765970140695572,0.905136227607727,768,311
59,1966,22,0.7775174975395203,0.5531423687934875,0.0003132164420094341,0.6115074157714844,746,298
59,1966,23,0.8106755614280701,0.5420910716056824,-0.05462054908275604,0.9999394416809082,778,292
59,1966,24,0.7908768057823181,0.5337477326393127,0.05462423712015152,0.9998762607574463,759,288
59,1966,25,0.8019751906394958,0.6554109454154968,-0.005539730656892061,0.9692549109458923,769,353
59,1966,26,0.7694290280342102,0.631068766117096,0.09125731140375137,0.6860330700874329,738,340
59,1966,27,0.8048250675201416,0.7755157351493835,0.027766386047005653,0.9846212863922119,772,418
59,1966,28,0.7882872819900513,0.5850900411605835,0.16118749976158142,0.7641096115112305,756,315
59,1966,29,0.8124488592147827,0.8028678894042969,0.02862400934100151,0.9413691759109497,779,433
59,1966,30,0.7936276793479919,0.5865924954414368,0.16865280270576477,0.7840543985366821,761,316
59,1966,31,0.7692503333091736,0.8025822639465332,-0.024719126522541046,0.9782059788703918,738,433
59,1966,32,0.7792788147926331,0.5698652863502502,0.16284975409507751,0.8120887875556946,748,307
60,2000,0,0.7882603406906128,0.3196926414966583,-0.10771295428276062,0.9981440305709839,756,172
60,2000,1,0.790218710899353,0.3074726164340973,-0.11915674805641174,0.998038113117218,758,166
60,2000,2,0.7907111644744873,0.30683133006095886,-0.11931661516427994,0.9982709884643555,759,165
60,2000,3,0.7910134792327881,0.30638983845710754,-0.1192770004272461,0.9985259175300598,759,165
60,2000,4,0.7902790307998657,0.30845555663108826,-0.10165699571371078,0.9981908202171326,758,166
60,2000,5,0.790801465511322,0.3083932101726532,-0.1018417626619339,0.9984899759292603,759,166
60,2000,6,0.7912012338638306,0.3082748055458069,-0.10195252299308777,0.9986523985862732,759,166
60,2000,7,0.7964314818382263,0.30905014276504517,-0.13229066133499146,0.999159038066864,764,166
60,2000,8,0.7974281907081604,0.3106490671634674,-0.05482897907495499,0.9975965023040771,765,167
60,2000,9,0.7919906377792358,0.3281612992286682,-0.10888733714818954,0.9984124302864075,760,177
60,2000,10,0.7911363840103149,0.3296228349208832,-0.08715372532606125,0.9975083470344543,759,177
60,2000,11,0.8158010840415955,0.3680907189846039,-0.16583743691444397,0.9999571442604065,783,198
60,2000,12,0.80232834815979,0.3686102628707886,0.019710974767804146,0.9991939663887024,770,199
60,2000,13,0.8158751726150513,0.46761780977249146,-0.18927112221717834,0.9740972518920898,783,252
60,2000,14,0.795414924621582,0.4644031822681427,0.04042834788560867,0.19552667438983917,763,250
60,2000,15,0.7942876219749451,0.5495752096176147,-0.18489806354045868,0.9459230899810791,762,296
60,2000,16,0.7771898508071899,0.5352806448936462,0.0010158056393265724,0.5304306149482727,746,289
60,2000,17,0.7925728559494019,0.5740073919296265,-0.20075757801532745,0.9297347068786621,760,309
60,2000,18,0.7709845900535583,0.5510322451591492,-0.003996198996901512,0.5569098591804504,740,297
60,2000,19,0.7853435277938843,0.5758536458015442,-0.20591650903224945,0.9318814873695374,753,310
60,2000,20,0.7700870633125305,0.5541056394577026,-0.015664992853999138,0.5685939788818359,739,299
60,2000,21,0.7859715819358826,0.5669507384300232,-0.1859167367219925,0.9013360738754272,754,306
60,2000,22,0.7713140249252319,0.5514821410179138,-0.007136838976293802,0.5565590262413025,740,297
60,2000,23,0.8059765696525574,0.542327344417572,-0.05779280140995979,0.9999375939369202,773,292
60,2000,24,0.788891077041626,0.5342134833335876,0.057816281914711,0.9998725056648254,757,288
60,2000,25,0.7983047366142273,0.6553547382354736,-0.028401531279087067,0.9612817764282227,766,353
60,2000,26,0.7600256204605103,0.6303699016571045,0.08492077887058258,0.6445780992507935,729,340
60,2000,27,0.8017931580543518,0.7698099613189697,0.021384360268712044,0.9803357124328613,769,415
60,2000,28,0.7904465198516846,0.7092126607894897,0.10621364414691925,0.7385072112083435,758,382
60,2000,29,0.8114395141601562,0.7963347434997559,0.02386665903031826,0.9303624629974365,778,430
60,2000,30,0.7998167872428894,0.7344180345535278,0.10765994340181351,0.7680126428604126,767,396
60,2000,31,0.7694794535636902,0.8000249862670898,-0.02812119945883751,0.9726854562759399,738,432
60,2000,32,0.7696120738983154,0.748601496219635,0.07717739045619965,0.7947066426277161,738,404
61,2033,0,0.7878414988517761,0.3173501193523407,-0.10808407515287399,0.9980273842811584,756,171
61,2033,1,0.7899437546730042,0.30550599098205566,-0.11936650425195694,0.9979015588760376,758,164
61,2033,2,0.7903406620025635,0.3050495386123657,-0.11952056735754013,0.9981276988983154,758,164
61,2033,3,0.7905821204185486,0.30467525124549866,-0.11948239058256149,0.9984223246574402,758,164
61,2033,4,0.7903381586074829,0.3063204288482666,-0.10168565809726715,0.9980362057685852,758,165
61,2033,5,0.7909225821495056,0.30627185106277466,-0.10186871886253357,0.9983381628990173,759,165
61,2033,6,0.791351318359375,0.3061216175556183,-0.10197370499372482,0.9985357522964478,759,165
61,2033,7,0.796634316444397,0.3078652024269104,-0.1334991753101349,0.9991011619567871,764,166
61,2033,8,0.7968696355819702,0.309092253446579,-0.054947491735219955,0.997394859790802,764,166
61,2033,9,0.7917161583900452,0.32599514722824097,-0.1094614788889885,0.9982703924179077,760,176
61,2033,10,0.7913210988044739,0.3276146948337555,-0.0874052420258522,0.9972645044326782,759,176
61,2033,11,0.8153995871543884,0.3678295910358429,-0.16424055397510529,0.9999575614929199,782,198
61,2033,12,0.8024810552597046,0.3683316111564636,0.022941475734114647,0.9991641044616699,770,198
61,2033,13,0.8144748210906982,0.46794307231903076,-0.19016686081886292,0.9741184711456299,781,252
61,2033,14,0.7923060059547424,0.4634806513786316,0.04669974744319916,0.17719122767448425,760,250
61,2033,15,0.7943437695503235,0.5494286417961121,-0.18728849291801453,0.9442670941352844,762,296
61,2033,16,0.7757850289344788,0.5306892991065979,0.006089881528168917,0.4842149019241333,744,286
61,2033,17,0.7919431924819946,0.5747882723808289,-0.2035960555076599,0.9266237616539001,760,310
61,2033,18,0.768922746181488,0.5497531890869141,0.0006187736871652305,0.5113124251365662,738,296
61,2033,19,0.7843762040138245,0.5758183002471924,-0.21034760773181915,0.9285563826560974,753,310
61,2033,20,0.7679827213287354,0.5527076721191406,-0.01517456118017435,0.522544264793396,737,298
61,2033,21,0.78481125831604,0.5664154887199402,-0.18942008912563324,0.8940683007240295,753,305
61,2033,22,0.7699878215789795,0.5472278594970703,-0.0029867650009691715,0.5110034346580505,739,295
61,2033,23,0.8049051761627197,0.5419777631759644,-0.058810360729694366,0.9999339580535889,772,292
61,2033,24,0.7892739772796631,0.5345208048820496,0.058829810470342636,0.9998677968978882,757,288
61,2033,25,0.7973436117172241,0.6551583409309387,-0.02966153994202614,0.9433826804161072,765,353
61,2033,26,0.7605269551277161,0.6311089992523193,0.07592452317476273,0.5953251123428345,730,340
61,2033,27,0.7995005249977112,0.7648823857307434,0.031742729246616364,0.9707552194595337,767,413
61,2033,28,0.7890997529029846,0.7354752421379089,0.10785846412181854,0.700076699256897,757,397
61,2033,29,0.8101581335067749,0.7911351323127747,0.03503919020295143,0.9122266173362732,777,427
61,2033,30,0.7995616793632507,0.7606647610664368,0.11024563759565353,0.7385133504867554,767,410
61,2033,31,0.7684807181358337,0.7954444289207458,-0.014004142954945564,0.9622384309768677,737,429
61,2033,32,0.7672046422958374,0.7739635705947876,0.0777222290635109,0.7657352089881897,736,417
62,2066,0,0.7819203734397888,0.31541889905929565,-0.092710480093956,0.9974206686019897,750,170
62,2066,1,0.7839505672454834,0.3036263883113861,-0.10368511080741882,0.997157633304596,752,163
62,2066,2,0.7845595479011536,0.30311059951782227,-0.10382841527462006,0.9974758625030518,753,163
62,2066,3,0.785042405128479,0.3025989532470703,-0.10382284224033356,0.9979835748672485,753,163
62,2066,4,0.7833042144775391,0.3049078583717346,-0.0856507197022438,0.9971885681152344,751,164
62,2066,5,0.7838274240493774,0.30494463443756104,-0.0858309268951416,0.9975305199623108,752,164
62,2066,6,0.7839192152023315,0.30494552850723267,-0.08593427389860153,0.9978823065757751,752,164
62,2066,7,0.7924148440361023,0.3052726984024048,-0.12066186219453812,0.9988953471183777,760,164
62,2066,8,0.7900267243385315,0.3080817759037018,-0.03841591626405716,0.9959654211997986,758,166
62,2066,9,0.7856180667877197,0.323752224445343,-0.0944165512919426,0.9976958632469177,754,174
62,2066,10,0.7849109172821045,0.3248116374015808,-0.07192182540893555,0.9960780739784241,753,175
62,2066,11,0.8085286021232605,0.36358651518821716,-0.1544797569513321,0.9999573826789856,776,196
62,2066,12,0.7974048256874084,0.3663184344768524,0.04009558632969856,0.9990217089653015,765,197
62,2066,13,0.8092050552368164,0.460662841796875,-0.1854427307844162,0.9740358591079712,776,248
62,2066,14,0.7896865606307983,0.4622710347175598,0.057832300662994385,0.1597166359424591,758,249
62,2066,15,0.7851232886314392,0.5357590317726135,-0.1788739264011383,0.9281172156333923,753,289
62,2066,16,0.7764200568199158,0.5308205485343933,0.013284395448863506,0.4361855983734131,745,286
62,2066,17,0.7811657786369324,0.5610916614532471,-0.1946704089641571,0.9043057560920715,749,302
62,2066,18,0.770702064037323,0.5496958494186401,0.007895602844655514,0.4609110653400421,739,296
62,2066,19,0.7755568027496338,0.558849573135376,-0.19571208953857422,0.9057632684707642,744,301
62,2066,20,0.7684814929962158,0.5519105195999146,-0.007893417961895466,0.47104403376579285,737,298
62,2066,21,0.77649986743927,0.5514221787452698,-0.1778731495141983,0.8623974919319153,745,297
62,2066,22,0.7706318497657776,0.5463155508041382,0.004188487771898508,0.4607001841068268,739,295
62,2066,23,0.7935970425605774,0.5371303558349609,-0.05922806262969971,0.9999368786811829,761,290
62,2066,24,0.7868615388870239,0.5339131951332092,0.05923878774046898,0.9998741149902344,755,288
62,2066,25,0.7625519633293152,0.6385012865066528,-0.04299558699131012,0.9392899870872498,732,344
62,2066,26,0.7739222645759583,0.6401224732398987,0.0695251002907753,0.5627721548080444,742,345
62,2066,27,0.7771795392036438,0.750342607498169,0.02122832089662552,0.9663698673248291,746,405
62,2066,28,0.79322350025177,0.7826839089393616,0.07501769810914993,0.6979265809059143,761,422
62,2066,29,0.7861678600311279,0.7699949145317078,0.024976633489131927,0.9021033048629761,754,415
62,2066,30,0.8061021566390991,0.7897562384605408,0.07374142110347748,0.7316835522651672,773,426
62,2066,31,0.7470338940620422,0.788817822933197,-0.01986066810786724,0.9574018120765686,717,425
62,2066,32,0.771790087223053,0.8015831708908081,0.03278622776269913,0.7638692259788513,740,432
63,2100,0,0.7811635732650757,0.31496500968933105,-0.06004691869020462,0.9972142577171326,749,170
63,2100,1,0.7833034992218018,0.3033325672149658,-0.07103996723890305,0.9968931078910828,751,163
63,2100,2,0.7836295962333679,0.30279168486595154,-0.07115523517131805,0.9972204566001892,752,163
63,2100,3,0.7837752103805542,0.30225780606269836,-0.07114621251821518,0.9977869987487793,752,163
63,2100,4,0.783878743648529,0.3043863773345947,-0.05412955582141876,0.9969149827957153,752,164
63,2100,5,0.7846307158470154,0.30435118079185486,-0.05431300774216652,0.9972859025001526,753,164
63,2100,6,0.7851653695106506,0.30420297384262085,-0.054408855736255646,0.9976911544799805,753,164
63,2100,7,0.7903358936309814,0.3050649166107178,-0.09227016568183899,0.9988107681274414,758,164
63,2100,8,0.7911962866783142,0.30707281827926636,-0.015275751240551472,0.9955921769142151,759,165
63,2100,9,0.7845342755317688,0.32354795932769775,-0.06325627118349075,0.9970883131027222,753,174
63,2100,10,0.7844818830490112,0.3246244788169861,-0.0423184297978878,0.9950100779533386,753,175
63,2100,11,0.8046379685401917,0.3635488748550415,-0.12501507997512817,0.9999515414237976,772,196
63,2100,12,0.8007298707962036,0.36535072326660156,0.05558496713638306,0.9987710118293762,768,197
63,2100,13,0.8056513667106628,0.4597668945789337,-0.148466095328331,0.9705734848976135,773,248
63,2100,14,0.7946881651878357,0.4604061245918274,0.06998492032289505,0.14389857649803162,762,248
63,2100,15,0.7822057008743286,0.5283786058425903,-0.13227076828479767,0.887053906917572,750,285
63,2100,16,0.7866649627685547,0.5258846282958984,0.03164609894156456,0.3927759528160095,755,283
63,2100,17,0.7757469415664673,0.5555204749107361,-0.1437816470861435,0.8585628271102905,744,299
63,2100,18,0.7841842770576477,0.5460097789764404,0.027590733021497726,0.4152463972568512,752,294
63,2100,19,0.7732424139976501,0.5490731000900269,-0.14269261062145233,0.8590774536132812,742,296
63,2100,20,0.7793467044830322,0.5462501049041748,0.015160124748945236,0.4243617355823517,748,294
63,2100,21,0.7744066119194031,0.5426584482192993,-0.12997329235076904,0.8097442984580994,743,293
63,2100,22,0.7800608277320862,0.5406554341316223,0.02414899505674839,0.41507434844970703,748,291
63,2100,23,0.7870638370513916,0.5348493456840515,-0.05912337824702263,0.9999352693557739,755,288
63,2100,24,0.7904818654060364,0.5327653884887695,0.059129610657691956,0.9998724460601807,758,287
63,2100,25,0.7533113360404968,0.6320843696594238,-0.043126147240400314,0.9357634782791138,723,341
63,2100,26,0.7787684798240662,0.6414979696273804,0.0701698586344719,0.5247509479522705,747,346
63,2100,27,0.7691829204559326,0.7471749782562256,0.015982814133167267,0.9609095454216003,738,403
63,2100,28,0.7938326597213745,0.7683770656585693,0.08162171393632889,0.6799826622009277,762,414
63,2100,29,0.7806524038314819,0.7663518786430359,0.01929149217903614,0.8932523727416992,749,413
63,2100,30,0.8054277300834656,0.7903733849525452,0.08089884370565414,0.7158294320106506,773,426
63,2100,31,0.7390450835227966,0.7855872511863708,-0.015180408023297787,0.9495936036109924,709,424
63,2100,32,0.7708797454833984,0.8004295825958252,0.04992065206170082,0.7458919286727905,740,432
64,2133,0,0.7766131162643433,0.3154711425304413,-0.07948143780231476,0.997307300567627,745,170
64,2133,1,0.7784486413002014,0.3038961887359619,-0.08990783244371414,0.9969919919967651,747,164
64,2133,2,0.7790314555168152,0.30335164070129395,-0.09004230797290802,0.9972947835922241,747,163
64,2133,3,0.7795003056526184,0.3028147518634796,-0.09001234918832779,0.9978587031364441,748,163
64,2133,4,0.7780944108963013,0.30488666892051697,-0.07179763913154602,0.9969905614852905,746,164
64,2133,5,0.7783560156822205,0.30477893352508545,-0.07197143882513046,0.997320294380188,747,164
64,2133,6,0.778450071811676,0.30449026823043823,-0.07206029444932938,0.9977192878723145,747,164
64,2133,7,0.786289393901825,0.3055187463760376,-0.10524094104766846,0.998837947845459,754,164
64,2133,8,0.7839623689651489,0.30750828981399536,-0.02268839254975319,0.9955463409423828,752,166
64,2133,9,0.78047776222229,0.32405033707618713,-0.08058946579694748,0.9970839023590088,749,174
64,2133,10,0.7794429063796997,0.32511472702026367,-0.057965416461229324,0.9949462413787842,748,175
64,2133,11,0.8003576397895813,0.36186063289642334,-0.13496045768260956,0.9999535083770752,768,195
64,2133,12,0.7924717664718628,0.36492857336997986,0.057946573942899704,0.9986947178840637,760,197
64,2133,13,0.7994197607040405,0.4579222798347473,-0.15866495668888092,0.9719353914260864,767,247
64,2133,14,0.7895275950431824,0.45782271027565,0.08088339865207672,0.12983494997024536,757,247
64,2133,15,0.7726452946662903,0.5289579033851624,-0.150357186794281,0.8886154294013977,741,285
64,2133,16,0.7779838442802429,0.5254138112068176,0.0364452563226223,0.3541254699230194,746,283
64,2133,17,0.7675672173500061,0.5554043650627136,-0.16505488753318787,0.8571867942810059,736,299
64,2133,18,0.7763612866401672,0.5460609793663025,0.031348057091236115,0.37476596236228943,745,294
64,2133,19,0.7626378536224365,0.5525282025337219,-0.1657247543334961,0.8569843769073486,732,298
64,2133,20,0.7713028192520142,0.5465492606163025,0.014681543223559856,0.3829999566078186,740,295
64,2133,21,0.7645836472511292,0.5440108776092529,-0.14869289100170135,0.8008324503898621,734,293
64,2133,22,0.7729458212852478,0.540785551071167,0.026966094970703125,0.37469586730003357,742,292
64,2133,23,0.792344868183136,0.5325078964233398,-0.060820452868938446,0.9999338388442993,760,287
64,2133,24,0.7811407446861267,0.5316656827926636,0.06082897260785103,0.9998665452003479,749,287
64,2133,25,0.766640841960907,0.6428435444831848,-0.04320116341114044,0.937936007976532,735,347
64,2133,26,0.7505237460136414,0.6368036270141602,0.06453532725572586,0.5004311800003052,720,343
64,2133,27,0.7929009199142456,0.762070894241333,-0.004738450516015291,0.9631857872009277,761,411
64,2133,28,0.7509806156158447,0.7572371959686279,0.08879963308572769,0.6805195808410645,720,408
64,2133,29,0.803050696849823,0.7865569591522217,-0.005585185252130032,0.8952629566192627,770,424
64,2133,30,0.7561452984809875,0.7789676189422607,0.09011529386043549,0.7150280475616455,725,420
64,2133,31,0.7608731985092163,0.791379988193512,-0.07027699053287506,0.9519966840744019,730,427
64,2133,32,0.7183663249015808,0.7878296971321106,0.05204218998551369,0.7483639717102051,689,425
65,2166,0,0.7747716903686523,0.3159012794494629,-0.08642013370990753,0.997458279132843,743,170
65,2166,1,0.7772855758666992,0.30430638790130615,-0.09664829820394516,0.9971566200256348,746,164
65,2166,2,0.7781293392181396,0.303748220205307,-0.09678947180509567,0.9974436163902283,747,164
65,2166,3,0.7788993120193481,0.3032195568084717,-0.09675481915473938,0.9979773163795471,747,163
65,2166,4,0.7766891717910767,0.3053058385848999,-0.0786132961511612,0.9971391558647156,745,164
65,2166,5,0.7770088315010071,0.3052126169204712,-0.07878576964139938,0.9974430799484253,745,164
65,2166,6,0.7771497964859009,0.30495986342430115,-0.078875832259655,0.9978103637695312,746,164
65,2166,7,0.7866713404655457,0.3057594299316406,-0.10956522822380066,0.9989054799079895,755,165
65,2166,8,0.7829210758209229,0.3077943027019501,-0.02708755061030388,0.9956965446472168,751,166
65,2166,9,0.7795185446739197,0.32437893748283386,-0.08657217025756836,0.9972200393676758,748,175
65,2166,10,0.7779683470726013,0.32549816370010376,-0.06400074809789658,0.9951266050338745,746,175
65,2166,11,0.8016437888145447,0.36118215322494507,-0.13872462511062622,0.9999563694000244,769,195
65,2166,12,0.7876776456832886,0.36521053314208984,0.055642638355493546,0.998671293258667,756,197
65,2166,13,0.8020549416542053,0.4559931755065918,-0.1607823222875595,0.9739665389060974,769,246
65,2166,14,0.785568356513977,0.45582836866378784,0.07778824120759964,0.11745694279670715,754,246
65,2166,15,0.7732332348823547,0.5306015014648438,-0.1620331108570099,0.8947906494140625,742,286
65,2166,16,0.7722530364990234,0.5213282108306885,0.030405789613723755,0.3197321593761444,741,281
65,2166,17,0.7683795094490051,0.5567670464515686,-0.17698706686496735,0.8627558350563049,737,300
65,2166,18,0.7695618867874146,0.5448185801506042,0.02479284629225731,0.3389997184276581,738,294
65,2166,19,0.7631060481071472,0.5549600720405579,-0.17966079711914062,0.8623738884925842,732,299
65,2166,20,0.764855682849884,0.5453739166259766,0.007587342523038387,0.34649553894996643,734,294
65,2166,21,0.7649021148681641,0.5452939867973328,-0.1613573282957077,0.8043572902679443,734,294
65,2166,22,0.7671554684638977,0.5393151640892029,0.020706772804260254,0.3391433358192444,736,291
65,2166,23,0.7946911454200745,0.5289543867111206,-0.06106815114617348,0.9999315738677979,762,285
65,2166,24,0.7763798236846924,0.5287948846817017,0.06108154356479645,0.9998562335968018,745,285
65,2166,25,0.7835976481437683,0.6448534727096558,-0.04389028251171112,0.941301703453064,752,348
65,2166,26,0.7468539476394653,0.6311607956886292,0.05111278221011162,0.506580650806427,716,340
65,2166,27,0.7991486191749573,0.7665232419967651,-0.009546566754579544,0.9656360149383545,767,413
65,2166,28,0.7468569278717041,0.752368688583374,0.0760626569390297,0.698009192943573,716,406
65,2166,29,0.809954822063446,0.7935660481452942,-0.010752806439995766,0.8969327807426453,777,428
65,2166,30,0.7525664567947388,0.7747474908828735,0.07598284631967545,0.7262677550315857,722,418
65,2166,31,0.7675504088401794,0.7959318161010742,-0.08196798712015152,0.9547881484031677,736,429
65,2166,32,0.7142732739448547,0.7815655469894409,0.02508225478231907,0.7630022764205933,685,422
66,2200,0,0.7681513428688049,0.3161933720111847,-0.08703673630952835,0.9976327419281006,737,170
66,2200,1,0.7706823945045471,0.3045453727245331,-0.09777956455945969,0.9973374605178833,739,164
66,2200,2,0.7713519930839539,0.3040078282356262,-0.09791984409093857,0.9976003766059875,740,164
66,2200,3,0.7718895673751831,0.3035067617893219,-0.09788890928030014,0.9981059432029724,741,163
66,2200,4,0.7701005339622498,0.30553290247917175,-0.07959921658039093,0.9973151087760925,739,164
66,2200,5,0.7703481316566467,0.30549725890159607,-0.07977066934108734,0.9975937008857727,739,164
66,2200,6,0.7704381942749023,0.30532100796699524,-0.07984927296638489,0.9979347586631775,739,164
66,2200,7,0.777981162071228,0.3059086501598358,-0.11249279975891113,0.9989742040634155,746,165
66,2200,8,0.7760584950447083,0.3080390393733978,-0.030202725902199745,0.9958879947662354,745,166
66,2200,9,0.7718286514282227,0.32462507486343384,-0.08801402896642685,0.9973531365394592,740,175
66,2200,10,0.7704365849494934,0.32569149136543274,-0.06533931940793991,0.9953196048736572,739,175
66,2200,11,0.792348325252533,0.361953467130661,-0.1428993046283722,0.9999592304229736,760,195
66,2200,12,0.7835866808891296,0.36538368463516235,0.05302981659770012,0.9986823797225952,752,197
66,2200,13,0.7932485342025757,0.4578581750392914,-0.16321250796318054,0.9754470586776733,761,247
66,2200,14,0.7877868413925171,0.45761314034461975,0.0761384591460228,0.10589026659727097,756,247
66,2200,15,0.7666914463043213,0.5325489640235901,-0.14613017439842224,0.8953850865364075,736,287
66,2200,16,0.7768644094467163,0.53282231092453,0.03133479133248329,0.2879960238933563,745,287
66,2200,17,0.7601218819618225,0.5588045716285706,-0.16040724515914917,0.8594480156898499,729,301
66,2200,18,0.7728623151779175,0.55010586977005,0.02632174640893936,0.305550217628479,741,297
66,2200,19,0.7557553648948669,0.5563870072364807,-0.1601715087890625,0.8587565422058105,725,300
66,2200,20,0.768166184425354,0.5546123385429382,0.009024382568895817,0.3123183846473694,737,299
66,2200,21,0.7575485706329346,0.5469063520431519,-0.14374947547912598,0.7940725088119507,727,295
66,2200,22,0.7693241834640503,0.5473350882530212,0.021604882553219795,0.3057357668876648,738,295
66,2200,23,0.7930023670196533,0.5310913920402527,-0.06132910028100014,0.9999290704727173,761,286
66,2200,24,0.7769109606742859,0.5296642184257507,0.06135369464755058,0.9998492002487183,745,286
66,2200,25,0.7852077484130859,0.6518455743789673,-0.03583789989352226,0.9398162961006165,753,351
66,2200,26,0.7401451468467712,0.631443977355957,0.04195649176836014,0.493410587310791,710,340
66,2200,27,0.802557110786438,0.7730579376220703,0.018607573583722115,0.9625857472419739,770,417
66,2200,28,0.7241414189338684,0.7571317553520203,0.06020619720220566,0.7008786201477051,695,408
66,2200,29,0.8128240704536438,0.7995862364768982,0.0195140540599823,0.8799328207969666,780,431
66,2200,30,0.7273958921432495,0.7855998277664185,0.05898838862776756,0.7229560613632202,698,424
66,2200,31,0.7724081873893738,0.7984336614608765,-0.04716740921139717,0.9509987235069275,741,431
66,2200,32,0.6884688138961792,0.7714537978172302,0.005066809710115194,0.7678987383842468,660,416
67,2233,0,0.7667650580406189,0.31639841198921204,-0.09804033488035202,0.9978122711181641,736,170
67,2233,1,0.769362211227417,0.30474233627319336,-0.10564549267292023,0.9975346326828003,738,164
67,2233,2,0.7707406878471375,0.3041941821575165,-0.10578448325395584,0.9977734088897705,739,164
67,2233,3,0.7717984914779663,0.30369988083839417,-0.10575196146965027,0.9982461929321289,740,163
67,2233,4,0.7678079009056091,0.3057120442390442,-0.08668465912342072,0.9975072741508484,737,165
67,2233,5,0.7677345871925354,0.3056337535381317,-0.08686291426420212,0.9977568984031677,737,165
67,2233,6,0.7675405740737915,0.30540600419044495,-0.08692862093448639,0.9980677366256714,736,164
67,2233,7,0.7781409025192261,0.3059924840927124,-0.11348579078912735,0.9990478754043579,747,165
67,2233,8,0.7723877429962158,0.3083447515964508,-0.03140174224972725,0.9960887432098389,741,166
67,2233,9,0.7720046639442444,0.3248133957386017,-0.09292243421077728,0.9975172877311707,741,175
67,2233,10,0.7688716650009155,0.32590246200561523,-0.06890644133090973,0.9955586791038513,738,175
67,2233,11,0.7929108142852783,0.3623848557472229,-0.14356806874275208,0.9999622702598572,761,195
67,2233,12,0.7798132300376892,0.3657001852989197,0.060667868703603745,0.9987128973007202,748,197
67,2233,13,0.793990433216095,0.45856693387031555,-0.1628098040819168,0.9770196676254272,762,247
67,2233,14,0.7890604138374329,0.4577626883983612,0.08591852337121964,0.09557229280471802,757,247
67,2233,15,0.7653751373291016,0.533402144908905,-0.14850375056266785,0.8985944986343384,734,288
67,2233,16,0.7810191512107849,0.5322475433349609,0.032507311552762985,0.25956958532333374,749,287
67,2233,17,0.7599179744720459,0.559981107711792,-0.16414231061935425,0.8602302074432373,729,302
67,2233,18,0.7773275375366211,0.5510216951370239,0.02620786242187023,0.2757236659526825,746,297
67,2233,19,0.7546197175979614,0.5577012896537781,-0.1644127070903778,0.8596410751342773,724,301
67,2233,20,0.774750828742981,0.5555911064147949,0.008268017321825027,0.2818407416343689,743,300
67,2233,21,0.7566219568252563,0.5483930110931396,-0.1463114470243454,0.7913967370986938,726,296
67,2233,22,0.775600790977478,0.5480219125747681,0.022353431209921837,0.27595996856689453,744,295
67,2233,23,0.7935558557510376,0.5317813158035278,-0.062757708132267,0.9999305009841919,761,287
67,2233,24,0.7761897444725037,0.5297948718070984,0.06279442459344864,0.9998509287834167,745,286
67,2233,25,0.7891666293144226,0.6543938517570496,-0.036281466484069824,0.9423515796661377,757,353
67,2233,26,0.7374365925788879,0.6292386651039124,0.029994195327162743,0.5117198824882507,707,339
67,2233,27,0.8042631149291992,0.7770598530769348,0.017131758853793144,0.9638095498085022,772,419
67,2233,28,0.7237258553504944,0.7569902539253235,0.04392792657017708,0.7183340191841125,694,408
67,2233,29,0.8130173087120056,0.8019501566886902,0.018423279747366905,0.8749780654907227,780,433
67,2233,30,0.7266581058502197,0.7858920097351074,0.042229071259498596,0.731097936630249,697,424
67,2233,31,0.7721872329711914,0.8022484183311462,-0.04806043207645416,0.9521406292915344,741,433
67,2233,32,0.6860415935516357,0.7667735815048218,-0.019463328644633293,0.7820592522621155,658,414
68,2266,0,0.759974479675293,0.3169592618942261,-0.0671333521604538,0.997980535030365,729,171
68,2266,1,0.7614284157752991,0.3055143356323242,-0.0786384716629982,0.9977053999900818,730,164
68,2266,2,0.7621469497680664,0.30509427189826965,-0.07878074049949646,0.9979256391525269,731,164
68,2266,3,0.762664258480072,0.30471476912498474,-0.0787477120757103,0.9983704686164856,732,164
68,2266,4,0.761052668094635,0.30622899532318115,-0.05789109319448471,0.9976664185523987,730,165
68,2266,5,0.7613011598587036,0.30615830421447754,-0.0580621175467968,0.9978929162025452,730,165
68,2266,6,0.7613856792449951,0.3059713840484619,-0.05812349542975426,0.9981800317764282,730,165
68,2266,7,0.7695478200912476,0.3069297969341278,-0.09694350510835648,0.9991168975830078,738,165
68,2266,8,0.7669867277145386,0.3088427782058716,-0.003272416302934289,0.9962562322616577,736,166
68,2266,9,0.7632827758789062,0.3253940939903259,-0.06886991113424301,0.9976837635040283,732,175
68,2266,10,0.7619721293449402,0.3262227475643158,-0.04286374896764755,0.9958067536354065,731,176
68,2266,11,0.7875765562057495,0.36180171370506287,-0.13972769677639008,0.9999655485153198,756,195
68,2266,12,0.7718281149864197,0.36584219336509705,0.08549866825342178,0.9987857341766357,740,197
68,2266,13,0.7867306470870972,0.458112508058548,-0.16098584234714508,0.9787691831588745,755,247
68,2266,14,0.7747806906700134,0.4578001797199249,0.10993290692567825,0.0863441452383995,743,247
68,2266,15,0.7549389004707336,0.5328531861305237,-0.1427789181470871,0.9049433469772339,724,287
68,2266,16,0.7642711997032166,0.5280870199203491,0.04984668269753456,0.23432554304599762,733,285
68,2266,17,0.7488013505935669,0.5555891394615173,-0.15896815061569214,0.866330087184906,718,300
68,2266,18,0.7584889531135559,0.5455728769302368,0.043961942195892334,0.24945873022079468,728,294
68,2266,19,0.7442108988761902,0.5525093078613281,-0.15737119317054749,0.8655193448066711,714,298
68,2266,20,0.7531799077987671,0.5458120703697205,0.02492567151784897,0.2550595998764038,723,294
68,2266,21,0.7462045550346375,0.5445472598075867,-0.13973426818847656,0.7963745594024658,716,294
68,2266,22,0.7540892958641052,0.5354213118553162,0.03882567584514618,0.24983945488929749,723,289
68,2266,23,0.7867518663406372,0.5317864418029785,-0.06451193243265152,0.9999311566352844,755,287
68,2266,24,0.7663527131080627,0.52922523021698,0.06454983353614807,0.9998480677604675,735,285
68,2266,25,0.7894739508628845,0.6548004746437073,-0.03780480846762657,0.9403936266899109,757,353
68,2266,26,0.7350596189498901,0.6294481754302979,0.03766699880361557,0.4995253086090088,705,339
68,2266,27,0.8050294518470764,0.7761554718017578,0.010474363341927528,0.9609725475311279,772,419
68,2266,28,0.7076244354248047,0.7543541789054871,0.06297722458839417,0.7157685160636902,679,407
68,2266,29,0.8147634267807007,0.801019549369812,0.009280471131205559,0.8572338819503784,782,432
68,2266,30,0.708741307258606,0.7827578783035278,0.06279315054416656,0.7232680320739746,680,422
68,2266,31,0.772858202457428,0.8018060326576233,-0.06672146916389465,0.9489940404891968,741,432
68,2266,32,0.6726406216621399,0.7570294141769409,0.009127551689743996,0.7839940190315247,645,408
69,2300,0,0.757771909236908,0.31696897745132446,-0.07876190543174744,0.998151421546936,727,171
69,2300,1,0.7605235576629639,0.3055935204029083,-0.08949045836925507,0.997892439365387,730,165
69,2300,2,0.7617200613021851,0.30517175793647766,-0.08963348716497421,0.9980940222740173,731,164
69,2300,3,0.7625884413719177,0.3047979474067688,-0.08960212767124176,0.9985040426254272,732,164
69,2300,4,0.7595522999763489,0.30627381801605225,-0.0707482099533081,0.9978474378585815,729,165
69,2300,5,0.7597405910491943,0.3062351942062378,-0.07092387974262238,0.9980505108833313,729,165
69,2300,6,0.759747326374054,0.30609434843063354,-0.07100331038236618,0.9983097910881042,729,165
69,2300,7,0.7700385451316833,0.30703938007354736,-0.10324051231145859,0.9991887211799622,739,165
69,2300,8,0.7654420733451843,0.3088877499103546,-0.01264961902052164,0.9964637160301208,734,166
69,2300,9,0.7621596455574036,0.32548367977142334,-0.07953215390443802,0.9978574514389038,731,175
69,2300,10,0.7602661848068237,0.3263578712940216,-0.05577898398041725,0.996079683303833,729,176
69,2300,11,0.785274088382721,0.36119869351387024,-0.13990411162376404,0.9999684691429138,753,195
69,2300,12,0.7712740302085876,0.36593955755233765,0.08091001212596893,0.998835563659668,740,197
69,2300,13,0.78672194480896,0.4565197229385376,-0.16397696733474731,0.9804076552391052,755,246
69,2300,14,0.7749776840209961,0.4556732475757599,0.10330548882484436,0.07799585908651352,743,246
69,2300,15,0.7547382712364197,0.530254065990448,-0.146646186709404,0.9113326668739319,724,286
69,2300,16,0.7606178522109985,0.515012800693512,0.03985866531729698,0.21156594157218933,730,278
69,2300,17,0.7495689988136292,0.5527719259262085,-0.16306187212467194,0.8733163475990295,719,298
69,2300,18,0.7561854124069214,0.5293428897857666,0.03407345712184906,0.2258630245923996,725,285
69,2300,19,0.7438870668411255,0.5477185845375061,-0.16178388893604279,0.8724375367164612,714,295
69,2300,20,0.7502737045288086,0.5285115242004395,0.016231033951044083,0.2309807687997818,720,285
69,2300,21,0.7460777163505554,0.5398460626602173,-0.14627514779567719,0.8037742376327515,716,291
69,2300,22,0.751547634601593,0.5182665586471558,0.0294936615973711,0.22633297741413116,721,279
69,2300,23,0.7845844626426697,0.5310656428337097,-0.06583644449710846,0.9999303817749023,753,286
69,2300,24,0.7640385031700134,0.5288375020027161,0.06587040424346924,0.9998422265052795,733,285
69,2300,25,0.789661169052124,0.6549424529075623,-0.04687231034040451,0.9430750608444214,758,353
69,2300,26,0.7330106496810913,0.6297714114189148,0.042031049728393555,0.5106145143508911,703,340
69,2300,27,0.8048187494277954,0.7756762504577637,0.002752659609541297,0.9618508219718933,772,418
69,2300,28,0.7062330842018127,0.752870500087738,0.06889699399471283,0.7295876741409302,677,406
69,2300,29,0.8149287700653076,0.8003665804862976,0.002137556904926896,0.8546153903007507,782,432
69,2300,30,0.7084451913833618,0.7815290689468384,0.06870543211698532,0.7309607863426208,680,422
69,2300,31,0.7733208537101746,0.8014817237854004,-0.07492832094430923,0.9500528573989868,742,432
69,2300,32,0.6707199215888977,0.7539801597595215,0.01137159951031208,0.7953617572784424,643,407
70,2333,0,0.7530574202537537,0.3175356090068817,-0.08057542145252228,0.9982779026031494,722,171
70,2333,1,0.7550750374794006,0.3062455654144287,-0.09490370750427246,0.9980182647705078,724,165
70,2333,2,0.7558003664016724,0.3059448301792145,-0.09504611045122147,0.9982078075408936,725,165
70,2333,3,0.7563766241073608,0.30568960309028625,-0.09502442181110382,0.9985964894294739,726,165
70,2333,4,0.7544165253639221,0.3069515824317932,-0.07245106250047684,0.9979678988456726,724,165
70,2333,5,0.7546340227127075,0.3070261776447296,-0.07261260598897934,0.9981577396392822,724,165
70,2333,6,0.7546802759170532,0.3070768713951111,-0.07265851646661758,0.9983997941017151,724,165
70,2333,7,0.7627133727073669,0.3079974353313446,-0.11874318867921829,0.9992402791976929,732,166
70,2333,8,0.7602263689041138,0.3098379671573639,-0.02195768803358078,0.9966052770614624,729,167
70,2333,9,0.7570337057113647,0.3260878622531891,-0.08469326049089432,0.9979782104492188,726,176
70,2333,10,0.755491316318512,0.3270823359489441,-0.05593055859208107,0.9962650537490845,725,176
70,2333,11,0.7797002196311951,0.3613065779209137,-0.1598043441772461,0.9999709725379944,748,195
70,2333,12,0.7666953802108765,0.3659961521625519,0.07205687463283539,0.9988837242126465,736,197
70,2333,13,0.7750980257987976,0.45780515670776367,-0.1769609898328781,0.981874942779541,744,247
70,2333,14,0.7732721567153931,0.455788254737854,0.09357250481843948,0.0704229325056076,742,246
70,2333,15,0.7459926009178162,0.531015932559967,-0.15210264921188354,0.9151672124862671,716,286
70,2333,16,0.7620416879653931,0.5182039737701416,0.03663663566112518,0.19070541858673096,731,279
70,2333,17,0.7396266460418701,0.553962230682373,-0.1682817041873932,0.8754251003265381,710,299
70,2333,18,0.7595455050468445,0.5367163419723511,0.030849061906337738,0.20383287966251373,729,289
70,2333,19,0.7338132858276367,0.549500048160553,-0.16821633279323578,0.8742760419845581,704,296
70,2333,20,0.7550537586212158,0.534606397151947,0.01248165499418974,0.20847497880458832,724,288
70,2333,21,0.7360537052154541,0.541283369064331,-0.15102562308311462,0.8023623824119568,706,292
70,2333,22,0.7565367221832275,0.5259523391723633,0.026148058474063873,0.20433934032917023,726,284
70,2333,23,0.7811565399169922,0.5313910841941833,-0.06616612523794174,0.999932050704956,749,286
70,2333,24,0.7615075707435608,0.5290144681930542,0.06621118634939194,0.9998443126678467,731,285
70,2333,25,0.7881355285644531,0.655225932598114,-0.04519927129149437,0.9447568655014038,756,353
70,2333,26,0.7261403799057007,0.6300045847892761,0.04185179993510246,0.5141949653625488,697,340
70,2333,27,0.8050016164779663,0.7764888405799866,0.003280909499153495,0.9623126983642578,772,419
70,2333,28,0.6956225633621216,0.7538484334945679,0.06375942379236221,0.7414514422416687,667,407
70,2333,29,0.8148229718208313,0.8009524941444397,0.002195409033447504,0.8478304147720337,782,432
70,2333,30,0.6964623928070068,0.7863894701004028,0.06244974210858345,0.7374386191368103,668,424
70,2333,31,0.7737235426902771,0.8015503287315369,-0.07423978298902512,0.9509180784225464,742,432
70,2333,32,0.6616871953010559,0.7527394890785217,-0.0013066006358712912,0.8065128326416016,635,406
71,2366,0,0.7516953349113464,0.319745808839798,-0.069613978266716,0.9983879327774048,721,172
71,2366,1,0.7537603378295898,0.30828866362571716,-0.0810825303196907,0.9981231093406677,723,166
71,2366,2,0.7545580267906189,0.30786973237991333,-0.0812142938375473,0.9982981085777283,724,166
71,2366,3,0.7551248073577881,0.3075210452079773,-0.08118435740470886,0.9986692667007446,724,166
71,2366,4,0.7533445954322815,0.3088119328022003,-0.061124637722969055,0.9980751276016235,723,166
71,2366,5,0.7536498308181763,0.30870598554611206,-0.06129835918545723,0.9982535243034363,723,166
71,2366,6,0.7537944912910461,0.3087352216243744,-0.061368800699710846,0.9984829425811768,723,166
71,2366,7,0.7617241144180298,0.3093487322330475,-0.09891341626644135,0.999282717704773,731,167
71,2366,8,0.7592885494232178,0.310683012008667,-0.008697882294654846,0.9967620372772217,728,167
71,2366,9,0.7557951211929321,0.3276427686214447,-0.07149434089660645,0.998085618019104,725,176
71,2366,10,0.7545158267021179,0.32848384976387024,-0.04640750586986542,0.9964473247528076,724,177
71,2366,11,0.7776456475257874,0.361357718706131,-0.1406877338886261,0.9999729990959167,746,195
71,2366,12,0.7666202783584595,0.36611950397491455,0.07951634377241135,0.998934268951416,735,197
71,2366,13,0.7742172479629517,0.45806872844696045,-0.15673710405826569,0.9829941391944885,743,247
71,2366,14,0.7713068127632141,0.45597538352012634,0.10413452237844467,0.06370450556278229,740,246
71,2366,15,0.7451031804084778,0.531570553779602,-0.13340838253498077,0.9178295135498047,715,287
71,2366,16,0.7597247362136841,0.5188759565353394,0.046626683324575424,0.17217561602592468,729,280
71,2366,17,0.7386522889137268,0.5548631548881531,-0.14945252239704132,0.8764976859092712,709,299
71,2366,18,0.7582417130470276,0.5397906303405762,0.040512073785066605,0.18443560600280762,727,291
71,2366,19,0.7332428693771362,0.5507574081420898,-0.14845171570777893,0.8751487135887146,703,297
71,2366,20,0.7544053196907043,0.5348635911941528,0.022002242505550385,0.18867577612400055,724,288
71,2366,21,0.7359408736228943,0.5424509644508362,-0.13086146116256714,0.8002355098724365,706,292
71,2366,22,0.754520058631897,0.5269966125488281,0.036028265953063965,0.1850046068429947,724,284
71,2366,23,0.7809253931045532,0.5307596325874329,-0.06578389555215836,0.9999309182167053,749,286
71,2366,24,0.7609835863113403,0.5288549065589905,0.06582082062959671,0.9998418688774109,730,285
71,2366,25,0.787226676940918,0.6551082730293274,-0.04493233188986778,0.9456045627593994,755,353
71,2366,26,0.7245643138885498,0.6302620768547058,0.03406219184398651,0.5155172944068909,695,340
71,2366,27,0.8046615719795227,0.7761635780334473,-8.666997018735856e-05,0.9617723226547241,772,419
71,2366,28,0.6943727731704712,0.7542629241943359,0.04874444380402565,0.7471907734870911,666,407
71,2366,29,0.814392626285553,0.8005884885787964,-0.0012931752717122436,0.8386427164077759,781,432
71,2366,30,0.6951562762260437,0.7872249484062195,0.04683366045355797,0.7372841835021973,667,425
71,2366,31,0.773662805557251,0.8014279007911682,-0.07746455818414688,0.9503236413002014,742,432
71,2366,32,0.6608341336250305,0.7523021697998047,-0.015648655593395233,0.8129719495773315,634,406
72,2400,0,0.7442499399185181,0.31978970766067505,-0.07569453865289688,0.9984807372093201,714,172
72,2400,1,0.7458013296127319,0.30832159519195557,-0.08773277699947357,0.998206615447998,715,166
72,2400,2,0.7460118532180786,0.30795004963874817,-0.08786951750516891,0.998367190361023,716,166
72,2400,3,0.7461167573928833,0.3076708912849426,-0.08784067630767822,0.998730480670929,716,166
72,2400,4,0.7464681267738342,0.30881473422050476,-0.06782161444425583,0.9981520771980286,716,166
72,2400,5,0.7471029758453369,0.30871254205703735,-0.06799439340829849,0.9983189702033997,717,166
72,2400,6,0.7476016283035278,0.30874377489089966,-0.0680665671825409,0.9985441565513611,717,166
72,2400,7,0.7513312101364136,0.3101470470428467,-0.10883476585149765,0.9993177652359009,721,167
72,2400,8,0.75385981798172,0.3110775351524353,-0.01447358913719654,0.9968588948249817,723,167
72,2400,9,0.747248649597168,0.3279472291469574,-0.07794477045536041,0.9981774091720581,717,177
72,2400,10,0.7469013333320618,0.32867950201034546,-0.05313807353377342,0.9965873956680298,717,177
72,2400,11,0.7688114047050476,0.36390185356140137,-0.15276385843753815,0.99997478723526,738,196
72,2400,12,0.760577917098999,0.3664461374282837,0.07243550568819046,0.998978316783905,730,197
72,2400,13,0.7653542757034302,0.46304529905319214,-0.17078283429145813,0.983843207359314,734,250
72,2400,14,0.7645670771598816,0.4621966779232025,0.09805712103843689,0.05761774629354477,733,249
72,2400,15,0.7333855032920837,0.5317478179931641,-0.14171713590621948,0.9187641143798828,704,287
72,2400,16,0.7550942301750183,0.5330114364624023,0.04346053674817085,0.15535400807857513,724,287
72,2400,17,0.7261728644371033,0.5552308559417725,-0.15708684921264648,0.87446129322052,697,299
72,2400,18,0.7496277689933777,0.5520455837249756,0.037821296602487564,0.1666843444108963,719,298
72,2400,19,0.7206750512123108,0.5515234470367432,-0.15881282091140747,0.872417151927948,691,297
72,2400,20,0.7481428384780884,0.5535711646080017,0.018775278702378273,0.1705390214920044,718,298
72,2400,21,0.7239998579025269,0.5431196093559265,-0.14051347970962524,0.7917095422744751,695,293
72,2400,22,0.7494328618049622,0.5458791851997375,0.03272826969623566,0.16728575527668,719,294
72,2400,23,0.7690924406051636,0.5327044725418091,-0.06569815427064896,0.9999331831932068,738,287
72,2400,24,0.7555629014968872,0.5325076580047607,0.06573624908924103,0.9998465180397034,725,287
72,2400,25,0.7816629409790039,0.6552165746688843,-0.04571382328867912,0.944396436214447,750,353
72,2400,26,0.7187501788139343,0.6308733820915222,0.03688599541783333,0.5098096132278442,690,340
72,2400,27,0.8041200637817383,0.7759230136871338,-0.0012322881957516074,0.9612165689468384,771,418
72,2400,28,0.6916844844818115,0.7567391395568848,0.05772509425878525,0.7514824867248535,664,408
72,2400,29,0.8140811324119568,0.8003621697425842,-0.0022663921117782593,0.8313577771186829,781,432
72,2400,30,0.6932867169380188,0.7898020148277283,0.056783150881528854,0.7381506562232971,665,426
72,2400,31,0.7735369801521301,0.8022032380104065,-0.07897531986236572,0.9497343897819519,742,433
72,2400,32,0.6568958163261414,0.7530787587165833,-0.0011258849408477545,0.818128228187561,630,406
73,2433,0,0.7425905466079712,0.32046419382095337,-0.0793120488524437,0.9985927939414978,712,173
73,2433,1,0.744530439376831,0.3088076114654541,-0.09410100430250168,0.9983274936676025,714,166
73,2433,2,0.7449281811714172,0.30845382809638977,-0.09423492103815079,0.9984771609306335,715,166
73,2433,3,0.7453434467315674,0.30811807513237,-0.09420677274465561,0.998817503452301,715,166
73,2433,4,0.7448321580886841,0.30915555357933044,-0.07352045923471451,0.9982723593711853,715,166
73,2433,5,0.7453197836875916,0.3090178668498993,-0.07369153946638107,0.9984269738197327,715,166
73,2433,6,0.7456306219100952,0.308969110250473,-0.07376030832529068,0.9986371994018555,715,166
73,2433,7,0.7516537308692932,0.31060221791267395,-0.12002674490213394,0.9993655681610107,721,167
73,2433,8,0.7512704730033875,0.311383992433548,-0.027114219963550568,0.9970452785491943,721,168
73,2433,9,0.746349573135376,0.3285385072231293,-0.08497019112110138,0.9982978105545044,716,177
73,2433,10,0.7458018660545349,0.32916581630706787,-0.059273283928632736,0.9967966079711914,715,177
73,2433,11,0.767279863357544,0.3649025559425354,-0.1612107902765274,0.9999766945838928,736,197
73,2433,12,0.7594345211982727,0.36655813455581665,0.06326499581336975,0.9990243911743164,729,197
73,2433,13,0.7630927562713623,0.464980810880661,-0.17501211166381836,0.9849571585655212,732,251
73,2433,14,0.7634215950965881,0.462084025144577,0.09525346010923386,0.052103180438280106,732,249
73,2433,15,0.731968343257904,0.5321181416511536,-0.14586792886257172,0.9225558042526245,702,287
73,2433,16,0.7548969984054565,0.5317953824996948,0.04114295542240143,0.14011767506599426,724,287
73,2433,17,0.7249118089675903,0.5556402802467346,-0.16149790585041046,0.8781588077545166,695,300
73,2433,18,0.749621570110321,0.5495373010635376,0.03581056743860245,0.1505785584449768,719,296
73,2433,19,0.7204660177230835,0.551912248134613,-0.16126346588134766,0.8758999705314636,691,298
73,2433,20,0.7486662268638611,0.5519407987594604,0.017264701426029205,0.15407291054725647,718,298
73,2433,21,0.7228743433952332,0.5435646772384644,-0.14360737800598145,0.7941603660583496,693,293
73,2433,22,0.7499849200248718,0.5447946786880493,0.03065335378050804,0.151202991604805,719,294
73,2433,23,0.7692014575004578,0.5327655076980591,-0.06567856669425964,0.9999368190765381,738,287
73,2433,24,0.7523590922355652,0.532494843006134,0.06572159379720688,0.9998540282249451,722,287
73,2433,25,0.7796651721000671,0.6555300951004028,-0.04562757909297943,0.9470964074134827,748,353
73,2433,26,0.7158811092376709,0.6309866309165955,0.038516364991664886,0.5172024965286255,687,340
73,2433,27,0.8040297031402588,0.7757318019866943,-0.0011477043153718114,0.9628134369850159,771,418
73,2433,28,0.6899826526641846,0.758510172367096,0.06072250381112099,0.7638511061668396,662,409
73,2433,29,0.8138864636421204,0.8001223802566528,-0.0019728296902030706,0.831728458404541,781,432
73,2433,30,0.6934500336647034,0.7906336188316345,0.059681933373212814,0.7467086315155029,665,426
73,2433,31,0.7738401293754578,0.8026859164237976,-0.07649194449186325,0.9518547058105469,742,433
73,2433,32,0.6556075215339661,0.7536447644233704,0.001940811867825687,0.8287984728813171,629,406
74,2466,0,0.7335761785507202,0.3197547495365143,-0.07072828710079193,0.9986311197280884,704,172
74,2466,1,0.7358783483505249,0.3087863624095917,-0.0828157588839531,0.998365044593811,706,166
74,2466,2,0.7365072965621948,0.30845150351524353,-0.08294962346553802,0.9985070824623108,707,166
74,2466,3,0.737011194229126,0.30812183022499084,-0.0829257145524025,0.9988382458686829,707,166
74,2466,4,0.7356709837913513,0.3091166317462921,-0.06205068156123161,0.9982958436012268,706,166
74,2466,5,0.7363436222076416,0.30901435017585754,-0.06222684308886528,0.9984461665153503,706,166
74,2466,6,0.7367398142814636,0.3089742362499237,-0.062303148210048676,0.9986478686332703,707,166
74,2466,7,0.7443429827690125,0.3113345503807068,-0.10234250873327255,0.9993802309036255,714,168
74,2466,8,0.7435463070869446,0.3118949830532074,-0.008251079358160496,0.9970443844795227,713,168
74,2466,9,0.737250566482544,0.32852253317832947,-0.0735345184803009,0.9982432723045349,707,177
74,2466,10,0.7361530065536499,0.329169362783432,-0.047641169279813766,0.9966691136360168,706,177
74,2466,11,0.7592650055885315,0.36550766229629517,-0.1430821269750595,0.9999769330024719,728,197
74,2466,12,0.7513086795806885,0.3669344186782837,0.07505759596824646,0.9990092515945435,721,198
74,2466,13,0.7564965486526489,0.46533018350601196,-0.16304808855056763,0.9852908849716187,726,251
74,2466,14,0.7600737810134888,0.4621654152870178,0.09617505967617035,0.04704117774963379,729,249
74,2466,15,0.72636479139328,0.5323641896247864,-0.13739746809005737,0.9194931387901306,697,287
74,2466,16,0.7514108419418335,0.5319482088088989,0.03998579457402229,0.12632183730602264,721,287
74,2466,17,0.7198845744132996,0.5547949075698853,-0.15170878171920776,0.8725240230560303,691,299
74,2466,18,0.7480660080909729,0.5499845147132874,0.03441893681883812,0.13599003851413727,718,296
74,2466,19,0.7146434783935547,0.5512537360191345,-0.15052840113639832,0.8702109456062317,686,297
74,2466,20,0.7453572154045105,0.5514386892318726,0.016150986775755882,0.13917218148708344,715,297
74,2466,21,0.7179690599441528,0.5429200530052185,-0.13454605638980865,0.7835785150527954,689,293
74,2466,22,0.7460651397705078,0.5447097420692444,0.029552074149250984,0.1366545408964157,716,294
74,2466,23,0.7619444131851196,0.5335789918899536,-0.0653444230556488,0.9999350309371948,731,288
74,2466,24,0.743258535861969,0.5327357649803162,0.06539224833250046,0.9998506903648376,713,287
74,2466,25,0.7748071551322937,0.6558818817138672,-0.0339946374297142,0.9456989169120789,743,354
74,2466,26,0.7125135064125061,0.6317704319953918,0.02465401403605938,0.5293406844139099,684,341
74,2466,27,0.8034175038337708,0.7741791605949402,0.01172733772546053,0.9619842767715454,771,418
74,2466,28,0.6880318522453308,0.7603310346603394,0.025189226493239403,0.7774697542190552,660,410
74,2466,29,0.8135459423065186,0.7964648008346558,0.01102110929787159,0.8221077919006348,781,430
74,2466,30,0.6909229755401611,0.7917255163192749,0.021921029314398766,0.7575423121452332,663,427
74,2466,31,0.7736175060272217,0.8025828003883362,-0.06292103230953217,0.9511687159538269,742,433
74,2466,32,0.6542720198631287,0.7637231945991516,-0.04075042903423309,0.8397560119628906,628,412
75,2500,0,0.73145592212677,0.31939011812210083,-0.06986435502767563,0.9987310171127319,702,172
75,2500,1,0.7343397736549377,0.30877745151519775,-0.08166547119617462,0.9984798431396484,704,166
75,2500,2,0.7350152730941772,0.30844947695732117,-0.0817970260977745,0.9986086487770081,705,166
75,2500,3,0.7356031537055969,0.30812135338783264,-0.08176682889461517,0.9989171624183655,706,166
75,2500,4,0.7342946529388428,0.30908551812171936,-0.06124270707368851,0.9984137415885925,704,166
75,2500,5,0.7349014282226562,0.3089936375617981,-0.06141454353928566,0.9985511898994446,705,166
75,2500,6,0.735355794429779,0.3089337944984436,-0.06148854270577431,0.998738706111908,705,166
75,2500,7,0.742628276348114,0.3116665482521057,-0.10135708749294281,0.9994218349456787,712,168
75,2500,8,0.7419173717498779,0.31207889318466187,-0.008845572359859943,0.9972315430641174,712,168
75,2500,9,0.735648512840271,0.3284756541252136,-0.07270967960357666,0.9983460903167725,706,177
75,2500,10,0.7348776459693909,0.32917168736457825,-0.04722129553556442,0.996861457824707,705,177
75,2500,11,0.7576769590377808,0.3655470311641693,-0.14237284660339355,0.9999783635139465,727,197
75,2500,12,0.7501237988471985,0.36912405490875244,0.07437647879123688,0.9990529417991638,720,199
75,2500,13,0.755186140537262,0.4649544954299927,-0.16250993311405182,0.9857478141784668,724,251
75,2500,14,0.7556586861610413,0.46238067746162415,0.09471501410007477,0.042515359818935394,725,249
75,2500,15,0.7238803505897522,0.5324817299842834,-0.13820385932922363,0.9200970530509949,694,287
75,2500,16,0.7478621006011963,0.5339820981025696,0.03923516348004341,0.11396529525518417,717,288
75,2500,17,0.7182987332344055,0.5551009178161621,-0.15283368527889252,0.8722794055938721,689,299
75,2500,18,0.741986095905304,0.5520150065422058,0.033602524548769,0.12295608967542648,712,298
75,2500,19,0.71309894323349,0.5515531897544861,-0.15129432082176208,0.8697100281715393,684,297
75,2500,20,0.7401400208473206,0.5532419681549072,0.01558082178235054,0.1258479654788971,710,298
75,2500,21,0.7150591015815735,0.5432037115097046,-0.13514834642410278,0.7802525162696838,686,293
75,2500,22,0.7415438294410706,0.5462898015975952,0.028870748355984688,0.12364321202039719,711,294
75,2500,23,0.7623643279075623,0.534416913986206,-0.06505271792411804,0.9999383091926575,731,288
75,2500,24,0.7423532009124756,0.5341176390647888,0.06510130316019058,0.9998583793640137,712,288
75,2500,25,0.772720456123352,0.6561725735664368,-0.03252091258764267,0.9453177452087402,741,354
75,2500,26,0.709472119808197,0.6331650614738464,0.02893216162919998,0.5375526547431946,681,341
75,2500,27,0.8026973009109497,0.7734128832817078,0.024391455575823784,0.9613280892372131,770,417
75,2500,28,0.6884124875068665,0.7616609334945679,0.037688516080379486,0.788681149482727,660,411
75,2500,29,0.8134331107139587,0.7959285974502563,0.025507967919111252,0.8140372037887573,780,429
75,2500,30,0.69334477186203,0.7928305864334106,0.035584043711423874,0.7650620341300964,665,428
75,2500,31,0.7734736204147339,0.8025602102279663,-0.04065696522593498,0.9506602883338928,742,433
75,2500,32,0.6543994545936584,0.7686053514480591,-0.02214420773088932,0.8489336967468262,628,415
76,2533,0,0.7278496623039246,0.3199250400066376,-0.08802834153175354,0.9987983107566833,698,172
76,2533,1,0.7295178174972534,0.3093448281288147,-0.10020177066326141,0.9985458850860596,700,167
76,2533,2,0.7298476696014404,0.30905503034591675,-0.1003350093960762,0.9986670613288879,700,166
76,2533,3,0.7299876809120178,0.3087373375892639,-0.10031750798225403,0.9989633560180664,700,166
76,2533,4,0.7300888299942017,0.3097716271877289,-0.08056904375553131,0.9984725713729858,700,167
76,2533,5,0.7306515574455261,0.3097578287124634,-0.08072807639837265,0.9985985159873962,701,167
76,2533,6,0.7310559153556824,0.3097485899925232,-0.08079731464385986,0.9987801909446716,701,167
76,2533,7,0.7357699275016785,0.31297147274017334,-0.11908385902643204,0.9994447827339172,706,169
76,2533,8,0.7365621328353882,0.3137378990650177,-0.029891295358538628,0.9972766041755676,707,169
76,2533,9,0.7305624485015869,0.3292404115200043,-0.09016209095716476,0.9983869791030884,701,177
76,2533,10,0.7302135229110718,0.3298911452293396,-0.06563927978277206,0.9969151616096497,701,178
76,2533,11,0.7498647570610046,0.36815425753593445,-0.1590888947248459,0.9999793767929077,719,198
76,2533,12,0.7444063425064087,0.369903028011322,0.06056638062000275,0.9990608096122742,714,199
76,2533,13,0.7485666871070862,0.46568942070007324,-0.18423914909362793,0.986249566078186,718,251
76,2533,14,0.7477325797080994,0.46392256021499634,0.0833820030093193,0.038429711014032364,717,250
76,2533,15,0.7147964835166931,0.5348864197731018,-0.16749921441078186,0.9192959666252136,686,288
76,2533,16,0.7386570572853088,0.5353893637657166,0.031890761107206345,0.10282313823699951,709,289
76,2533,17,0.7073017954826355,0.5561670660972595,-0.18413043022155762,0.8690645694732666,679,300
76,2533,18,0.735623300075531,0.5538774728775024,0.02692713402211666,0.11116044223308563,706,299
76,2533,19,0.7022945284843445,0.5523830056190491,-0.18116873502731323,0.8661237359046936,674,298
76,2533,20,0.7314829230308533,0.5546295046806335,0.008993844501674175,0.11379096657037735,702,299
76,2533,21,0.7056723833084106,0.5438932180404663,-0.1640268713235855,0.7717267274856567,677,293
76,2533,22,0.7330822348594666,0.5477380752563477,0.021685518324375153,0.11185164004564285,703,295
76,2533,23,0.7487602829933167,0.5351522564888,-0.0655888020992279,0.9999406933784485,718,288
76,2533,24,0.7336409687995911,0.5350823402404785,0.0656292587518692,0.9998630881309509,704,288
76,2533,25,0.7629987597465515,0.6563562750816345,-0.05516288802027702,0.9467885494232178,732,354
76,2533,26,0.7037791609764099,0.6336444616317749,0.04450427368283272,0.533310055732727,675,342
76,2533,27,0.800548255443573,0.7707231640815735,-0.006473650224506855,0.9619672298431396,768,416
76,2533,28,0.6843480467796326,0.7621535062789917,0.06724739074707031,0.796381413936615,656,411
76,2533,29,0.8129519820213318,0.7905792593955994,-0.006198122166097164,0.8131709098815918,780,426
76,2533,30,0.6909916400909424,0.7931076884269714,0.06642550230026245,0.7713392376899719,663,428
76,2533,31,0.773372232913971,0.8025466203689575,-0.07499444484710693,0.9517437815666199,742,433
76,2533,32,0.6506117582321167,0.7778580188751221,0.010355249047279358,0.8555520176887512,624,420
77,2566,0,0.7254155278205872,0.3203434944152832,-0.06562509387731552,0.998824417591095,696,172
77,2566,1,0.7279676198959351,0.30961790680885315,-0.07730329036712646,0.9985595345497131,698,167
77,2566,2,0.7284284830093384,0.3092855215072632,-0.0774327740073204,0.9986778497695923,699,167
77,2566,3,0.7287896275520325,0.30892059206962585,-0.07742144912481308,0.9989726543426514,699,166
77,2566,4,0.7282984256744385,0.3101435899734497,-0.05717868357896805,0.9984719157218933,699,167
77,2566,5,0.7288656830787659,0.31012293696403503,-0.05734022334218025,0.9985931515693665,699,167
77,2566,6,0.729282021522522,0.31007635593414307,-0.05741424858570099,0.9987748265266418,700,167
77,2566,7,0.7345357537269592,0.3136688470840454,-0.09771966934204102,0.9994548559188843,705,169
77,2566,8,0.7348803281784058,0.31428804993629456,-0.006223137490451336,0.9972288012504578,705,169
77,2566,9,0.7292882204055786,0.32979825139045715,-0.06872418522834778,0.9983844757080078,700,178
77,2566,10,0.7287088632583618,0.33039602637290955,-0.043522536754608154,0.9968879818916321,699,178
77,2566,11,0.7471804022789001,0.368526428937912,-0.14292527735233307,0.9999803304672241,717,199
77,2566,12,0.7423933744430542,0.3718189597129822,0.07997231185436249,0.9990728497505188,712,200
77,2566,13,0.7470607757568359,0.46492207050323486,-0.16937638819217682,0.9863864183425903,717,251
77,2566,14,0.7484598159790039,0.46379899978637695,0.09821692109107971,0.034741662442684174,718,250
77,2566,15,0.7162941098213196,0.5347688794136047,-0.14818377792835236,0.9149954319000244,687,288
77,2566,16,0.7381095886230469,0.5350644588470459,0.03916887566447258,0.0927552804350853,708,288
77,2566,17,0.7083446979522705,0.5561152696609497,-0.16377973556518555,0.8615738749504089,680,300
77,2566,18,0.7346242666244507,0.5540193915367126,0.033909667283296585,0.10051362961530685,705,299
77,2566,19,0.7040895819664001,0.5521084070205688,-0.15975621342658997,0.8577578067779541,675,298
77,2566,20,0.7324910759925842,0.5541507005691528,0.017119238153100014,0.10289555042982101,703,299
77,2566,21,0.7062581777572632,0.5438377261161804,-0.1441667675971985,0.7574645280838013,678,293
77,2566,22,0.7338146567344666,0.5472062230110168,0.029191957786679268,0.10120917111635208,704,295
77,2566,23,0.7495096325874329,0.5353982448577881,-0.06607507914304733,0.9999436140060425,719,289
77,2566,24,0.7337692379951477,0.5353428721427917,0.06610910594463348,0.9998700022697449,704,289
77,2566,25,0.760735809803009,0.6574339270591736,-0.058949582278728485,0.9485608339309692,730,355
77,2566,26,0.702864408493042,0.636250913143158,0.041388947516679764,0.540132462978363,674,343
77,2566,27,0.79868483543396,0.7702121138572693,-0.013117937371134758,0.9627268314361572,766,415
77,2566,28,0.6839803457260132,0.7629407048225403,0.0512310266494751,0.807499349117279,656,411
77,2566,29,0.8109005093574524,0.7881510853767395,-0.012890717945992947,0.8125477433204651,778,425
77,2566,30,0.6893942952156067,0.7926368117332458,0.04913933575153351,0.7802649140357971,661,428
77,2566,31,0.7732387185096741,0.8033303618431091,-0.07919792085886002,0.9524082541465759,742,433
77,2566,32,0.6520944237709045,0.7807872891426086,-0.007417790591716766,0.8633993864059448,626,421
78,2600,0,0.7197049856185913,0.31956982612609863,-0.11295963823795319,0.9988958239555359,690,172
78,2600,1,0.7208787202835083,0.3091460168361664,-0.12533757090568542,0.9986414313316345,692,166
78,2600,2,0.7210479974746704,0.30887848138809204,-0.1254955530166626,0.9987541437149048,692,166
78,2600,3,0.7210198044776917,0.3085259795188904,-0.1254970133304596,0.9990344047546387,692,166
78,2600,4,0.7217097878456116,0.30965718626976013,-0.10547910630702972,0.9985380172729492,692,167
78,2600,5,0.72234708070755,0.30970025062561035,-0.105635866522789,0.9986465573310852,693,167
78,2600,6,0.7227985858917236,0.3096861243247986,-0.1057114526629448,0.9988158941268921,693,167
78,2600,7,0.7262334823608398,0.31355020403862,-0.1432194709777832,0.9994900226593018,697,169
78,2600,8,0.7284702658653259,0.31425991654396057,-0.052800197154283524,0.997279167175293,699,169
78,2600,9,0.7220524549484253,0.3294304609298706,-0.11461109668016434,0.9984742999076843,693,177
78,2600,10,0.7218104600906372,0.3300311863422394,-0.08973335474729538,0.9970187544822693,692,178
78,2600,11,0.7411976456642151,0.3684788644313812,-0.1816405951976776,0.999981701374054,711,198
78,2600,12,0.7348897457122803,0.37167873978614807,0.045720066875219345,0.999098002910614,705,200
78,2600,13,0.7416654229164124,0.4648778736591339,-0.20542612671852112,0.9871903657913208,711,251
78,2600,14,0.73893803358078,0.4642726480960846,0.06857052445411682,0.031507279723882675,709,250
78,2600,15,0.7118983864784241,0.5357711911201477,-0.18956854939460754,0.9189119338989258,683,289
78,2600,16,0.7248361706733704,0.5352749824523926,0.014170477166771889,0.08377183973789215,695,289
78,2600,17,0.7047462463378906,0.5571596622467041,-0.2079978734254837,0.8658035397529602,676,300
78,2600,18,0.7202354073524475,0.5577880144119263,0.009646023623645306,0.0909959003329277,691,301
78,2600,19,0.6992524266242981,0.5523362159729004,-0.20441175997257233,0.8616747856140137,671,298
78,2600,20,0.7169822454452515,0.557381272315979,-0.009731186553835869,0.0931573361158371,688,300
78,2600,21,0.7021293044090271,0.5439709424972534,-0.18598563969135284,0.7610704898834229,674,293
78,2600,22,0.718898594379425,0.5502113103866577,0.0032622579019516706,0.09171231836080551,690,297
78,2600,23,0.7464643120765686,0.5348451733589172,-0.0668104737997055,0.9999479651451111,716,288
78,2600,24,0.7315282821655273,0.5351479649543762,0.06683139503002167,0.999879777431488,702,288
78,2600,25,0.7516420483589172,0.6589376330375671,-0.06405868381261826,0.951562762260437,721,355
78,2600,26,0.6975579857826233,0.6361987590789795,0.051464419811964035,0.5603169202804565,669,343
78,2600,27,0.7934297919273376,0.7644931674003601,0.005177916027605534,0.9634199142456055,761,412
78,2600,28,0.6840417981147766,0.7626432776451111,0.08045707643032074,0.8215848803520203,656,411
78,2600,29,0.8068894147872925,0.776055634021759,0.009526669047772884,0.8124748468399048,774,419
78,2600,30,0.6902185082435608,0.7921522259712219,0.08041432499885559,0.7937374114990234,662,427
78,2600,31,0.7731202840805054,0.8039732575416565,-0.0484328456223011,0.9529988169670105,742,434
78,2600,32,0.6511641144752502,0.7824985980987549,0.028502589091658592,0.8727246522903442,625,422
79,2633,0,0.7194095849990845,0.3198184669017792,-0.1033933013677597,0.9989396333694458,690,172
79,2633,1,0.7205527424812317,0.30929526686668396,-0.11193808913230896,0.9986786246299744,691,167
79,2633,2,0.7205786108970642,0.30906370282173157,-0.11210954934358597,0.9987917542457581,691,166
79,2633,3,0.7205601930618286,0.3087531626224518,-0.11215053498744965,0.9990613460540771,691,166
79,2633,4,0.7214341759681702,0.3096686899662018,-0.0946488305926323,0.9985668063163757,692,167
79,2633,5,0.7219768762588501,0.30969908833503723,-0.09481354057788849,0.9986741542816162,693,167
79,2633,6,0.7223427295684814,0.30966630578041077,-0.09489748626947403,0.998831033706665,693,167
79,2633,7,0.7248659729957581,0.31359922885894775,-0.12230758368968964,0.9995090365409851,695,169
79,2633,8,0.7278925180435181,0.31415674090385437,-0.04139120131731033,0.9972944855690002,698,169
79,2633,9,0.7220740914344788,0.329668790102005,-0.1022462323307991,0.9985072612762451,693,178
79,2633,10,0.7215995192527771,0.3301135301589966,-0.08099941164255142,0.9970647692680359,692,178
79,2633,11,0.7393959760665894,0.36842453479766846,-0.1749601513147354,0.9999825954437256,709,198
79,2633,12,0.7320178747177124,0.3725000023841858,0.06044642627239227,0.9991072416305542,702,201
79,2633,13,0.7412430644035339,0.4645354151725769,-0.19617626070976257,0.9879512190818787,711,250
79,2633,14,0.7381570935249329,0.4649565815925598,0.0802578404545784,0.028731880709528923,708,251
79,2633,15,0.7095816135406494,0.5358245968818665,-0.17734520137310028,0.9215362668037415,681,289
79,2633,16,0.7269719839096069,0.5400799512863159,0.02387400157749653,0.07582069933414459,697,291
79,2633,17,0.702812135219574,0.5571830868721008,-0.19393955171108246,0.8684878349304199,674,300
79,2633,18,0.7212094068527222,0.5596063733100891,0.021597275510430336,0.08269581198692322,692,302
79,2633,19,0.6978738903999329,0.5524317622184753,-0.19578950107097626,0.863999605178833,669,298
79,2633,20,0.7186852097511292,0.5614122748374939,0.0021564399357885122,0.0846613198518753,689,303
79,2633,21,0.7003961801528931,0.5440647006034851,-0.17549265921115875,0.7635513544082642,672,293
79,2633,22,0.7203994393348694,0.5537160038948059,0.013035181909799576,0.08347828686237335,691,299
79,2633,23,0.7448869347572327,0.5349730253219604,-0.06704087555408478,0.9999515414237976,715,288
79,2633,24,0.7313669919967651,0.5355938673019409,0.06705597043037415,0.9998877644538879,702,289
79,2633,25,0.7501784563064575,0.6593017578125,-0.0785769373178482,0.955513060092926,720,356
79,2633,26,0.6964288949966431,0.6337670087814331,0.043517451733350754,0.5884793996810913,668,342
79,2633,27,0.7915636897087097,0.7623592019081116,-0.017122812569141388,0.9656201601028442,759,411
79,2633,28,0.6847013235092163,0.7626168727874756,0.05579034984111786,0.8362317681312561,657,411
79,2633,29,0.8061150312423706,0.7729293704032898,-0.014436427503824234,0.8200535178184509,773,417
79,2633,30,0.6910707950592041,0.7923654317855835,0.05386608839035034,0.8078613877296448,663,427
79,2633,31,0.7738660573959351,0.806522011756897,-0.07119806110858917,0.955402135848999,742,435
79,2633,32,0.6517351269721985,0.7836069464683533,0.002440851181745529,0.8824383020401001,625,423
80,2666,0,0.7070007920265198,0.3169971704483032,-0.1390209048986435,0.9989957213401794,678,171
80,2666,1,0.7094449996948242,0.30738380551338196,-0.1494947373867035,0.9987480640411377,681,165
80,2666,2,0.7100976705551147,0.3072602450847626,-0.14966373145580292,0.9988561272621155,681,165
80,2666,3,0.710576593875885,0.3070022165775299,-0.1496708244085312,0.9991132616996765,682,165
80,2666,4,0.7092241048812866,0.30756857991218567,-0.1293724924325943,0.9986201524734497,680,166
80,2666,5,0.7096732258796692,0.30762243270874023,-0.12954778969287872,0.9987140893936157,681,166
80,2666,6,0.7099252939224243,0.3075191080570221,-0.12964245676994324,0.998860239982605,681,166
80,2666,7,0.7170247435569763,0.3117084205150604,-0.1578630805015564,0.9995371699333191,688,168
80,2666,8,0.715386152267456,0.312206894159317,-0.06648660451173782,0.9973174333572388,686,168
80,2666,9,0.7106541991233826,0.3277679979801178,-0.1371845155954361,0.9985756874084473,682,176
80,2666,10,0.7096310257911682,0.32799962162971497,-0.11212215572595596,0.9971499443054199,681,177
80,2666,11,0.7318792343139648,0.3674115836620331,-0.19239245355129242,0.9999831914901733,702,198
80,2666,12,0.7242181301116943,0.3699256479740143,0.040023621171712875,0.9991032481193542,695,199
80,2666,13,0.7326234579086304,0.46469447016716003,-0.21281784772872925,0.9883769154548645,703,250
80,2666,14,0.7301842570304871,0.4649593234062195,0.06439322233200073,0.02615385502576828,700,251
80,2666,15,0.7019140124320984,0.5394726395606995,-0.19504716992378235,0.9223811030387878,673,291
80,2666,16,0.7177726030349731,0.5405314564704895,0.006407993845641613,0.06854673475027084,689,291
80,2666,17,0.6949042081832886,0.5598796606063843,-0.21379531919956207,0.8683292269706726,667,302
80,2666,18,0.7149447202682495,0.5597139000892639,0.0012267563724890351,0.074979268014431,686,302
80,2666,19,0.6892877817153931,0.5545756220817566,-0.2114870399236679,0.8637851476669312,661,299
80,2666,20,0.7104723453521729,0.5617111921310425,-0.018620511516928673,0.07677711546421051,682,303
80,2666,21,0.6921833753585815,0.5467833876609802,-0.19189229607582092,0.7616659998893738,664,295
80,2666,22,0.7124987840652466,0.5541505217552185,-0.004713671747595072,0.07578662037849426,683,299
80,2666,23,0.7350539565086365,0.534902811050415,-0.06917918473482132,0.9999542832374573,705,288
80,2666,24,0.7231113314628601,0.5354143977165222,0.06917624920606613,0.9998940825462341,694,289
80,2666,25,0.7329394221305847,0.6609426140785217,-0.08084455877542496,0.9580384492874146,703,356
80,2666,26,0.6888099908828735,0.6319814920425415,0.057535625994205475,0.6050980687141418,661,341
80,2666,27,0.7816842794418335,0.7574349045753479,0.0004167132137808949,0.9657933712005615,750,409
80,2666,28,0.6836596131324768,0.7628472447395325,0.09436681121587753,0.8463515639305115,656,411
80,2666,29,0.7953577041625977,0.7605587244033813,0.007277896162122488,0.8191372156143188,763,410
80,2666,30,0.6909685134887695,0.7922541499137878,0.09518954902887344,0.8166497349739075,663,427
80,2666,31,0.7730327844619751,0.8087724447250366,-0.04678588733077049,0.9552077651023865,742,436
80,2666,32,0.6505110263824463,0.7855138778686523,0.04452616721391678,0.8884229063987732,624,424
81,2700,0,0.7033988833427429,0.3158358931541443,-0.12759578227996826,0.9990473389625549,675,170
81,2700,1,0.7065402269363403,0.30616092681884766,-0.12778286635875702,0.9988059997558594,678,165
81,2700,2,0.7073689699172974,0.3061365783214569,-0.1279708594083786,0.99891197681427,679,165
81,2700,3,0.7079693078994751,0.30596640706062317,-0.12802618741989136,0.9991545081138611,679,165
81,2700,4,0.7059841156005859,0.3062058091163635,-0.10802332311868668,0.9986686110496521,677,165
81,2700,5,0.7064268589019775,0.3062785565853119,-0.1082213819026947,0.9987581968307495,678,165
81,2700,6,0.7066814303398132,0.30618739128112793,-0.1083492711186409,0.9988894462585449,678,165
81,2700,7,0.7149851322174072,0.31075721979141235,-0.12509691715240479,0.9995625019073486,686,167
81,2700,8,0.712649405002594,0.3108697533607483,-0.035255517810583115,0.9973689913749695,684,167
81,2700,9,0.7076340317726135,0.32680752873420715,-0.11753850430250168,0.998625636100769,679,176
81,2700,10,0.7062076926231384,0.3270678222179413,-0.09297565370798111,0.9972104430198669,677,176
81,2700,11,0.7305513024330139,0.36508405208587646,-0.16697819530963898,0.9999838471412659,701,197
81,2700,12,0.7204370498657227,0.36981937289237976,0.06560064852237701,0.999103844165802,691,199
81,2700,13,0.7340307235717773,0.46362540125846863,-0.19228383898735046,0.9891436696052551,704,250
81,2700,14,0.7282420992851257,0.46490269899368286,0.08340016007423401,0.02401227317750454,699,251
81,2700,15,0.7027308940887451,0.5395835041999817,-0.1746073216199875,0.9256065487861633,674,291
81,2700,16,0.7179407477378845,0.5397666692733765,0.021129589527845383,0.062265899032354355,689,291
81,2700,17,0.6951988935470581,0.5604016184806824,-0.19225803017616272,0.8724901080131531,667,302
81,2700,18,0.7159175872802734,0.5595712065696716,0.016970587894320488,0.06853264570236206,687,302
81,2700,19,0.6904276609420776,0.5555599927902222,-0.18631555140018463,0.8677158951759338,662,300
81,2700,20,0.7126084566116333,0.5612275004386902,-0.0005944435251876712,0.07015068084001541,684,303
81,2700,21,0.6932078003883362,0.5474880933761597,-0.1699376106262207,0.7677243947982788,665,295
81,2700,22,0.7143200039863586,0.5535693764686584,0.010897076688706875,0.06941399723291397,685,298
81,2700,23,0.735580563545227,0.5321435332298279,-0.06996835023164749,0.9999575018882751,706,287
81,2700,24,0.7225611209869385,0.5337509512901306,0.06995885074138641,0.9999015927314758,693,288
81,2700,25,0.7313232421875,0.6620063781738281,-0.09110663831233978,0.9617600440979004,702,357
81,2700,26,0.6891389489173889,0.6273689270019531,0.05396689474582672,0.6341132521629333,661,338
81,2700,27,0.7813454866409302,0.7548694610595703,-0.015031998045742512,0.9680473208427429,750,407
81,2700,28,0.6824885010719299,0.7635571360588074,0.0774558037519455,0.8595806956291199,655,412
81,2700,29,0.794273316860199,0.7574446797370911,-0.009944191202521324,0.8292034864425659,762,409
81,2700,30,0.6908368468284607,0.7926346659660339,0.0760011374950409,0.8307762742042542,663,428
81,2700,31,0.7716492414474487,0.809894859790802,-0.0554802231490612,0.9577317237854004,740,437
81,2700,32,0.6489548087120056,0.7855538725852966,0.03643898293375969,0.8972941637039185,622,424
82,2733,0,0.6979736685752869,0.31563928723335266,-0.11341535300016403,0.999103844165802,670,170
82,2733,1,0.7009609341621399,0.3054291009902954,-0.11952083557844162,0.9988685250282288,672,164
82,2733,2,0.7019420266151428,0.30531516671180725,-0.11968401819467545,0.9989692568778992,673,164
82,2733,3,0.7026618123054504,0.30515214800834656,-0.11969857662916183,0.9992004036903381,674,164
82,2733,4,0.6999593377113342,0.3056047260761261,-0.10002197325229645,0.9987279772758484,671,165
82,2733,5,0.700134813785553,0.3056493401527405,-0.10020408034324646,0.9988080859184265,672,165
82,2733,6,0.7000879049301147,0.3055952489376068,-0.10030169785022736,0.9989327788352966,672,165
82,2733,7,0.7103944420814514,0.30937495827674866,-0.12080573290586472,0.9995819926261902,681,167
82,2733,8,0.705242931842804,0.30984213948249817,-0.033269722014665604,0.9974109530448914,677,167
82,2733,9,0.7025794386863708,0.32595422863960266,-0.10906191170215607,0.9986785054206848,674,176
82,2733,10,0.7006632089614868,0.32637864351272583,-0.08473584800958633,0.9972954988479614,672,176
82,2733,11,0.7248436212539673,0.36510059237480164,-0.15906330943107605,0.9999839663505554,695,197
82,2733,12,0.7118827700614929,0.3697044551372528,0.07001861929893494,0.9991180896759033,683,199
82,2733,13,0.7255186438560486,0.46400904655456543,-0.18866543471813202,0.9893831610679626,696,250
82,2733,14,0.7185179591178894,0.46513792872428894,0.09062042087316513,0.02221621572971344,689,251
82,2733,15,0.6986317038536072,0.5395077466964722,-0.17322976887226105,0.9231892228126526,670,291
82,2733,16,0.7110407948493958,0.5395286083221436,0.02668282762169838,0.05660441890358925,682,291
82,2733,17,0.6921936869621277,0.5610524415969849,-0.19197723269462585,0.8681548237800598,664,302
82,2733,18,0.7098907232284546,0.559480607509613,0.021209903061389923,0.06264671683311462,681,302
82,2733,19,0.6876548528671265,0.5588609576225281,-0.18793638050556183,0.8632681965827942,660,301
82,2733,20,0.7078704237937927,0.5608895421028137,0.0030242768116295338,0.06413734704256058,679,302
82,2733,21,0.6898519396781921,0.5493585467338562,-0.16950026154518127,0.7613003253936768,662,296
82,2733,22,0.7066124677658081,0.5534773468971252,0.01612825132906437,0.06359891593456268,678,298
82,2733,23,0.7263872623443604,0.5307997465133667,-0.07057874649763107,0.9999597072601318,697,286
82,2733,24,0.7127148509025574,0.530913233757019,0.07055564969778061,0.9999074935913086,684,286
82,2733,25,0.7139394283294678,0.6621518135070801,-0.1057424247264862,0.9644792675971985,685,357
82,2733,26,0.6843574643135071,0.6299182176589966,0.04802394658327103,0.6509549021720886,656,340
82,2733,27,0.7690626382827759,0.7469000816345215,-0.020845575258135796,0.9684119820594788,738,403
82,2733,28,0.6827862858772278,0.7649845480918884,0.07401074469089508,0.8685203790664673,655,413
82,2733,29,0.782427191734314,0.7451155185699463,-0.015374036505818367,0.8309716582298279,751,402
82,2733,30,0.6905854344367981,0.7926107048988342,0.0731535330414772,0.8380445837974548,662,428
82,2733,31,0.766261100769043,0.8090699911117554,-0.061447568237781525,0.9581030607223511,735,436
82,2733,32,0.6496044993400574,0.7854676246643066,0.026507224887609482,0.9025660753250122,623,424
83,2766,0,0.6974582672119141,0.3152342438697815,-0.10864584147930145,0.9991508722305298,669,170
83,2766,1,0.7007923126220703,0.3044807016849518,-0.11854598671197891,0.9989255666732788,672,164
83,2766,2,0.7016805410385132,0.30433231592178345,-0.11872164160013199,0.9990234375,673,164
83,2766,3,0.7025079131126404,0.3041486144065857,-0.11875772476196289,0.9992414712905884,674,164
83,2766,4,0.6998476386070251,0.3045702278614044,-0.09905575960874557,0.9987832903862,671,164
83,2766,5,0.7000064253807068,0.3046351671218872,-0.09922296553850174,0.9988595247268677,672,164
83,2766,6,0.6999788880348206,0.30453258752822876,-0.09930328279733658,0.998975396156311,671,164
83,2766,7,0.7095089554786682,0.3080857992172241,-0.1138826534152031,0.9996053576469421,681,166
83,2766,8,0.7048119902610779,0.3088185787200928,-0.02807115949690342,0.997499942779541,676,166
83,2766,9,0.7021334767341614,0.3252577483654022,-0.10824442654848099,0.9987374544143677,674,175
83,2766,10,0.699943482875824,0.32580995559692383,-0.08335383981466293,0.997402012348175,671,175
83,2766,11,0.7228101491928101,0.3644905388355255,-0.15165787935256958,0.9999842643737793,693,196
83,2766,12,0.7095900774002075,0.3696958124637604,0.07196051627397537,0.9991382956504822,681,199
83,2766,13,0.7254514098167419,0.4636342227458954,-0.1788671612739563,0.9897475838661194,696,250
83,2766,14,0.7173680067062378,0.4645881652832031,0.09395241737365723,0.02069271169602871,688,250
83,2766,15,0.6984118223190308,0.5389357209205627,-0.1710299551486969,0.9210276007652283,670,291
83,2766,16,0.7101805210113525,0.5390863418579102,0.03518567979335785,0.05166720598936081,681,291
83,2766,17,0.6914809346199036,0.5615795850753784,-0.1914478838443756,0.8643733859062195,663,303
83,2766,18,0.7067416310310364,0.5592129230499268,0.03027488850057125,0.05764496326446533,678,301
83,2766,19,0.6863319873809814,0.5593175292015076,-0.18571315705776215,0.8590779304504395,658,302
83,2766,20,0.7042131423950195,0.5604457855224609,0.012527554295957088,0.05901448056101799,676,302
83,2766,21,0.6894236207008362,0.5493221282958984,-0.16712133586406708,0.7552019357681274,661,296
83,2766,22,0.7050702571868896,0.5529754161834717,0.025049617514014244,0.058672159910202026,676,298
83,2766,23,0.724677324295044,0.5295549035072327,-0.07044181227684021,0.9999624490737915,695,285
83,2766,24,0.7104046940803528,0.5296052694320679,0.07041709125041962,0.9999142289161682,681,285
83,2766,25,0.7130357027053833,0.6623224020004272,-0.1043999195098877,0.9676387310028076,684,357
83,2766,26,0.6851629018783569,0.6337416768074036,0.05358109995722771,0.6746606826782227,657,342
83,2766,27,0.7669525742530823,0.7433150410652161,-0.019000906497240067,0.9705256223678589,736,401
83,2766,28,0.6830441355705261,0.7649092078208923,0.08780613541603088,0.8793835043907166,655,413
83,2766,29,0.7786651849746704,0.7391436100006104,-0.013511953875422478,0.8404185771942139,747,399
83,2766,30,0.6906052827835083,0.7925528287887573,0.0883772149682045,0.8492610454559326,662,427
83,2766,31,0.7642158269882202,0.8088048100471497,-0.061250269412994385,0.9606949687004089,733,436
83,2766,32,0.6500234603881836,0.7854487895965576,0.04299019277095795,0.9099928736686707,624,424
84,2800,0,0.6890031099319458,0.3125934600830078,-0.10406152904033661,0.9991543292999268,661,168
84,2800,1,0.6921138167381287,0.30136778950691223,-0.11406167596578598,0.9989238381385803,664,162
84,2800,2,0.6929571032524109,0.3011034429073334,-0.11423370242118835,0.999030590057373,665,162
84,2800,3,0.6935932636260986,0.3008353114128113,-0.1142631247639656,0.9992423057556152,665,162
84,2800,4,0.6915615200996399,0.30170875787734985,-0.09364749491214752,0.9987494945526123,663,162
84,2800,5,0.6919497847557068,0.3017471730709076,-0.09381745755672455,0.9988319277763367,664,162
84,2800,6,0.6921332478523254,0.30167749524116516,-0.09390880167484283,0.9989399313926697,664,162
84,2800,7,0.7009896039962769,0.30451804399490356,-0.11399956792593002,0.9996116757392883,672,164
84,2800,8,0.6977599263191223,0.30557721853256226,-0.027453677728772163,0.9974306225776672,669,165
84,2800,9,0.6933251619338989,0.3224984109401703,-0.10508314520120621,0.9986748099327087,665,174
84,2800,10,0.6917572617530823,0.32323968410491943,-0.07903876155614853,0.997214674949646,664,174
84,2800,11,0.7147459387779236,0.36337703466415405,-0.15238307416439056,0.9999824166297913,686,196
84,2800,12,0.7056439518928528,0.3677763342857361,0.0714462623000145,0.9990277290344238,677,198
84,2800,13,0.7174106240272522,0.46325811743736267,-0.1796288937330246,0.9898974895477295,688,250
84,2800,14,0.7113887667655945,0.46306687593460083,0.0898454412817955,0.018961364403367043,682,250
84,2800,15,0.6933071613311768,0.5396562218666077,-0.16935981810092926,0.917121410369873,665,291
84,2800,16,0.7008745670318604,0.5345945954322815,0.034808866679668427,0.04693588986992836,672,288
84,2800,17,0.687980592250824,0.5638121366500854,-0.18736200034618378,0.8591501116752625,660,304
84,2800,18,0.7007967233657837,0.5574721097946167,0.030562669038772583,0.05270117148756981,672,301
84,2800,19,0.6831979751586914,0.5627312064170837,-0.1816800981760025,0.8535772562026978,655,303
84,2800,20,0.697195827960968,0.555840790271759,0.013541625812649727,0.05396157130599022,669,300
84,2800,21,0.6849374175071716,0.5538178086280823,-0.1652897149324417,0.7481349110603333,657,299
84,2800,22,0.6963031888008118,0.547303318977356,0.02488420158624649,0.053775448352098465,668,295
84,2800,23,0.7150383591651917,0.5296359658241272,-0.0702332928776741,0.999962329864502,686,286
84,2800,24,0.7052600979804993,0.5296854376792908,0.07021307200193405,0.9999144673347473,677,286
84,2800,25,0.6979514360427856,0.6599301099777222,-0.09321994334459305,0.9701164960861206,670,356
84,2800,26,0.6883867383003235,0.6411808133125305,0.0837118998169899,0.678600549697876,660,346
84,2800,27,0.7518368363380432,0.7388479709625244,-0.012431444600224495,0.9722564816474915,721,398
84,2800,28,0.6824873685836792,0.7651218175888062,0.12446531653404236,0.8864638805389404,655,413
84,2800,29,0.7650349140167236,0.7366599440574646,-0.005728655029088259,0.8502969741821289,734,397
84,2800,30,0.6908137202262878,0.7924418449401855,0.1258685141801834,0.8570401072502136,663,427
84,2800,31,0.7463727593421936,0.8038628697395325,-0.04459679126739502,0.9628902077674866,716,434
84,2800,32,0.6494127511978149,0.7860338091850281,0.08950202167034149,0.914472222328186,623,424
85,2833,0,0.6871228814125061,0.31221622228622437,-0.09938299655914307,0.9991903901100159,659,168
85,2833,1,0.6904478669166565,0.30101823806762695,-0.10829382389783859,0.9989635348320007,662,162
85,2833,2,0.6915714740753174,0.3007313907146454,-0.1084538996219635,0.9990719556808472,663,162
85,2833,3,0.6923772692680359,0.3004166781902313,-0.10846921801567078,0.9992714524269104,664,162
85,2833,4,0.6896819472312927,0.3013359606266022,-0.08985623717308044,0.9987792372703552,662,162
85,2833,5,0.6901233792304993,0.3013385534286499,-0.09002968668937683,0.99886155128479,662,162
85,2833,6,0.6903814077377319,0.3012181520462036,-0.09011874347925186,0.9989584684371948,662,162
85,2833,7,0.6997243165969849,0.3038219213485718,-0.1121445745229721,0.9996301531791687,671,164
85,2833,8,0.6966105103492737,0.3046649396419525,-0.027517853304743767,0.9974808096885681,668,164
85,2833,9,0.6921351552009583,0.32225340604782104,-0.09864375740289688,0.9986888766288757,664,174
85,2833,10,0.6904075145721436,0.32286280393600464,-0.07535318285226822,0.9972081184387207,662,174
85,2833,11,0.7128583192825317,0.36182305216789246,-0.14604131877422333,0.9999825954437256,684,195
85,2833,12,0.7042903900146484,0.3657863438129425,0.06669656932353973,0.9990041851997375,676,197
85,2833,13,0.7183636426925659,0.4625488519668579,-0.17192627489566803,0.9903404116630554,689,249
85,2833,14,0.7091195583343506,0.46170300245285034,0.08299517631530762,0.01742240972816944,680,249
85,2833,15,0.6929319500923157,0.5391324162483215,-0.16386431455612183,0.9182943105697632,665,291
85,2833,16,0.6967781186103821,0.5306028723716736,0.03425147756934166,0.042799849063158035,668,286
85,2833,17,0.6881892681121826,0.5637840628623962,-0.1804625391960144,0.860802412033081,660,304
85,2833,18,0.6942229866981506,0.5526544451713562,0.030144693329930305,0.04846899211406708,666,298
85,2833,19,0.6830878853797913,0.562404215335846,-0.17644748091697693,0.8551885485649109,655,303
85,2833,20,0.6908992528915405,0.5501353144645691,0.012734118849039078,0.04962265118956566,663,297
85,2833,21,0.6850298047065735,0.5537555813789368,-0.16053058207035065,0.7509740591049194,657,299
85,2833,22,0.6908468008041382,0.54269939661026,0.02465345896780491,0.04955505579710007,663,293
85,2833,23,0.7130794525146484,0.5297619104385376,-0.06812915951013565,0.9999645352363586,684,286
85,2833,24,0.7023637294769287,0.5289743542671204,0.0680953711271286,0.9999191164970398,674,285
85,2833,25,0.6953503489494324,0.6579453349113464,-0.08984589576721191,0.972707211971283,667,355
85,2833,26,0.6861387491226196,0.6438365578651428,0.08337342739105225,0.6849218606948853,658,347
85,2833,27,0.7503077387809753,0.7377731204032898,-0.020354013890028,0.9743226170539856,720,398
85,2833,28,0.6820605993270874,0.7650031447410583,0.11748971045017242,0.8936361074447632,654,413
85,2833,29,0.7648740410804749,0.7363215684890747,-0.015857024118304253,0.8612720966339111,734,397
85,2833,30,0.6896138787269592,0.7923605442047119,0.11823179572820663,0.8648484945297241,662,427
85,2833,31,0.7440555691719055,0.8016344904899597,-0.04719334468245506,0.9656371474266052,714,432
85,2833,32,0.6481143236160278,0.785563051700592,0.08359064906835556,0.9195547699928284,622,424
86,2866,0,0.6832950711250305,0.311608225107193,-0.07772433757781982,0.9991453886032104,655,168
86,2866,1,0.6856124997138977,0.30065643787384033,-0.086258165538311,0.9988923072814941,658,162
86,2866,2,0.6862518191337585,0.3003840744495392,-0.08639957755804062,0.9990166425704956,658,162
86,2866,3,0.6866788864135742,0.3000934422016144,-0.08640490472316742,0.9992272257804871,659,162
86,2866,4,0.6853718161582947,0.3010604977607727,-0.06817672401666641,0.9986546039581299,657,162
86,2866,5,0.6857845187187195,0.3010910451412201,-0.06834044307470322,0.9987364411354065,658,162
86,2866,6,0.6859933137893677,0.30102014541625977,-0.06842049956321716,0.998834490776062,658,162
86,2866,7,0.6939360499382019,0.3037683665752411,-0.09666147083044052,0.9996143579483032,666,164
86,2866,8,0.6922096610069275,0.30458566546440125,-0.01399144809693098,0.9971891045570374,664,164
86,2866,9,0.6871474385261536,0.32148241996765137,-0.07773128896951675,0.9985219240188599,659,173
86,2866,10,0.6858653426170349,0.32214486598968506,-0.05518848076462746,0.9967737793922424,658,173
86,2866,11,0.7069584727287292,0.3611060082912445,-0.13464827835559845,0.9999811053276062,678,194
86,2866,12,0.698413074016571,0.36538970470428467,0.07117078453302383,0.9988317489624023,670,197
86,2866,13,0.7094906568527222,0.46161168813705444,-0.16285035014152527,0.9900642037391663,681,249
86,2866,14,0.7058629989624023,0.4617581367492676,0.08582273870706558,0.015872249379754066,677,249
86,2866,15,0.6862055659294128,0.539496123790741,-0.15255805850028992,0.9128701090812683,658,291
86,2866,16,0.6933864951133728,0.5310249924659729,0.040344417095184326,0.038775525987148285,665,286
86,2866,17,0.6827099323272705,0.5650553107261658,-0.1679789274930954,0.8531572818756104,655,305
86,2866,18,0.6909158825874329,0.5548097491264343,0.037186525762081146,0.04412635788321495,663,299
86,2866,19,0.6781131029129028,0.5642709732055664,-0.16458158195018768,0.8471865057945251,650,304
86,2866,20,0.6871393322944641,0.5518404841423035,0.02109362557530403,0.04517751187086105,659,297
86,2866,21,0.6789215803146362,0.5554487705230713,-0.14939084649085999,0.7407441735267639,651,299
86,2866,22,0.6858424544334412,0.5430914163589478,0.031165607273578644,0.045187704265117645,658,293
86,2866,23,0.7012516260147095,0.5301199555397034,-0.06679557263851166,0.999962568283081,673,286
86,2866,24,0.695717990398407,0.52927565574646,0.0667596086859703,0.9999131560325623,667,285
86,2866,25,0.6863424181938171,0.6577617526054382,-0.08230824023485184,0.9732547402381897,658,355
86,2866,26,0.682540774345398,0.6477887630462646,0.08127940446138382,0.661284327507019,655,349
86,2866,27,0.7359155416488647,0.7398504018783569,-0.00979822687804699,0.9730497002601624,706,399
86,2866,28,0.682063102722168,0.7667167782783508,0.1168019026517868,0.8860867023468018,654,414
86,2866,29,0.7481738924980164,0.7411471009254456,-0.004789849743247032,0.8614895939826965,718,400
86,2866,30,0.6894155144691467,0.7928802371025085,0.11786878854036331,0.8582322597503662,661,428
86,2866,31,0.7236853241920471,0.7995722889900208,-0.038517065346241,0.9637187719345093,694,431
86,2866,32,0.6468599438667297,0.785430371761322,0.08525004982948303,0.9119959473609924,620,424
87,2900,0,0.6808366775512695,0.31111717224121094,-0.09169268608093262,0.999183177947998,653,168
87,2900,1,0.683582067489624,0.300192266702652,-0.09916866570711136,0.9989358186721802,656,162
87,2900,2,0.6845934391021729,0.2998259663581848,-0.09930912405252457,0.9990589022636414,657,161
87,2900,3,0.6853245496749878,0.29943138360977173,-0.09931342303752899,0.9992585778236389,657,161
87,2900,4,0.6829234957695007,0.30077043175697327,-0.08184536546468735,0.9986995458602905,655,162
87,2900,5,0.6832940578460693,0.30080461502075195,-0.0820140466094017,0.998776912689209,655,162
87,2900,6,0.6834887266159058,0.30072033405303955,-0.08210412412881851,0.9988676309585571,656,162
87,2900,7,0.69272780418396,0.30334481596946716,-0.10406066477298737,0.9996309280395508,665,163
87,2900,8,0.6895577311515808,0.3043239414691925,-0.025312859565019608,0.9972748160362244,661,164
87,2900,9,0.6854024529457092,0.3205491900444031,-0.08983993530273438,0.998563289642334,657,173
87,2900,10,0.6835572719573975,0.3217363953590393,-0.06808464229106903,0.9968518614768982,656,173
87,2900,11,0.7062795162200928,0.360482394695282,-0.13869278132915497,0.9999812245368958,678,194
87,2900,12,0.6963844299316406,0.36514630913734436,0.06008744239807129,0.9988352656364441,668,197
87,2900,13,0.7088648676872253,0.4597749710083008,-0.1655828356742859,0.9903072118759155,680,248
87,2900,14,0.699239194393158,0.46178480982780457,0.07877325266599655,0.014793982729315758,671,249
87,2900,15,0.6853376030921936,0.539458155632019,-0.1641104370355606,0.9118767380714417,657,291
87,2900,16,0.6885562539100647,0.5332896113395691,0.03951855003833771,0.0354350209236145,661,287
87,2900,17,0.682748556137085,0.5649027228355408,-0.1807139813899994,0.8511046767234802,655,305
87,2900,18,0.688183605670929,0.5576122999191284,0.03667156770825386,0.04061081260442734,660,301
87,2900,19,0.6776075959205627,0.5645624995231628,-0.17881056666374207,0.8451200127601624,650,304
87,2900,20,0.6844593286514282,0.5567295551300049,0.01912844553589821,0.041575126349925995,657,300
87,2900,21,0.6779378652572632,0.5551255345344543,-0.161728635430336,0.7385225296020508,650,299
87,2900,22,0.6855429410934448,0.5483989715576172,0.03055432252585888,0.04169810935854912,658,296
87,2900,23,0.7028747797012329,0.5277786254882812,-0.06653280556201935,0.9999634027481079,674,285
87,2900,24,0.6925559639930725,0.5280630588531494,0.06649468094110489,0.9999152421951294,664,285
87,2900,25,0.6856290698051453,0.6572719216346741,-0.0832221657037735,0.974751353263855,658,354
87,2900,26,0.6804776787757874,0.6472209692001343,0.07966429740190506,0.6547591090202332,653,349
87,2900,27,0.7329336404800415,0.7399813532829285,-0.015108218416571617,0.9737106561660767,703,399
87,2900,28,0.6815011501312256,0.7665660977363586,0.11559204012155533,0.8867915868759155,654,413
87,2900,29,0.747643232345581,0.7412204742431641,-0.011031352914869785,0.8656550645828247,717,400
87,2900,30,0.6895589232444763,0.7928060293197632,0.11660636216402054,0.858737051486969,661,428
87,2900,31,0.7206996083259583,0.7986277341842651,-0.044988539069890976,0.9646497368812561,691,431
87,2900,32,0.6470591425895691,0.7856116890907288,0.08225990831851959,0.9121197462081909,621,424
88,2933,0,0.6745110154151917,0.3108169138431549,-0.09515746682882309,0.9991133809089661,647,167
88,2933,1,0.6770687103271484,0.3000722825527191,-0.1022525280714035,0.9988462328910828,649,162
88,2933,2,0.6778276562690735,0.29973292350769043,-0.10240757465362549,0.9989872574806213,650,161
88,2933,3,0.6783623099327087,0.2993740439414978,-0.10240403562784195,0.999195396900177,651,161
88,2933,4,0.6767138838768005,0.30062440037727356,-0.08402872830629349,0.9985691905021667,649,162
88,2933,5,0.6771685481071472,0.3006528317928314,-0.08420120924711227,0.9986593723297119,650,162
88,2933,6,0.6774293780326843,0.3005836009979248,-0.08429936319589615,0.9987601637840271,650,162
88,2933,7,0.6857353448867798,0.3032206892967224,-0.10500215739011765,0.999596118927002,658,163
88,2933,8,0.6834564208984375,0.30421000719070435,-0.025245852768421173,0.996985912322998,656,164
88,2933,9,0.6786139607429504,0.3201923072338104,-0.0930335596203804,0.9984307289123535,651,172
88,2933,10,0.6771600246429443,0.32117584347724915,-0.07012040913105011,0.9965540170669556,650,173
88,2933,11,0.7005073428153992,0.3601149320602417,-0.14125069975852966,0.9999796748161316,672,194
88,2933,12,0.6877527236938477,0.36391353607177734,0.06039007008075714,0.9988327026367188,660,196
88,2933,13,0.70433509349823,0.45722851157188416,-0.1785047948360443,0.9889820218086243,676,246
88,2933,14,0.6832874417304993,0.4596225917339325,0.07981804013252258,0.013810700736939907,655,248
88,2933,15,0.6843624114990234,0.5368692278862,-0.1870242804288864,0.9014343619346619,656,289
88,2933,16,0.6715377569198608,0.524742066860199,0.028244176879525185,0.033226288855075836,644,283
88,2933,17,0.6809318661689758,0.56056147813797,-0.20588213205337524,0.8393062353134155,653,302
88,2933,18,0.666918933391571,0.5450258255004883,0.02307785116136074,0.039044830948114395,640,294
88,2933,19,0.6753014326095581,0.5629321336746216,-0.20447851717472076,0.8331241607666016,648,303
88,2933,20,0.6636574864387512,0.5458254814147949,0.006039476953446865,0.03998371213674545,637,294
88,2933,21,0.675930917263031,0.5533396601676941,-0.18517956137657166,0.7244989275932312,648,298
88,2933,22,0.6655385494232178,0.5376399755477905,0.018667524680495262,0.040139101445674896,638,290
88,2933,23,0.6930723190307617,0.5305431485176086,-0.067335344851017,0.9999651312828064,665,286
88,2933,24,0.6834012866020203,0.5282807946205139,0.06728644669055939,0.9999198317527771,656,285
88,2933,25,0.6717730164527893,0.6549424529075623,-0.07731854915618896,0.9750609993934631,644,353
88,2933,26,0.6704447269439697,0.6468876600265503,0.10764613002538681,0.6420758366584778,643,349
88,2933,27,0.7139708995819092,0.7406554818153381,0.004624701105058193,0.9738787412643433,685,399
88,2933,28,0.6817474961280823,0.7603552341461182,0.15622468292713165,0.8864355683326721,654,410
88,2933,29,0.7267044186592102,0.743229329586029,0.010380851104855537,0.8701132535934448,697,401
88,2933,30,0.6899028420448303,0.7845194339752197,0.15883056819438934,0.8592885732650757,662,423
88,2933,31,0.7008326053619385,0.7981544733047485,-0.029677705839276314,0.9649999141693115,672,431
88,2933,32,0.6477539539337158,0.7854670882225037,0.1255747675895691,0.9109534025192261,621,424
89,2966,0,0.6722947955131531,0.30961933732032776,-0.10040316730737686,0.9988293647766113,645,167
89,2966,1,0.6753671169281006,0.29897379875183105,-0.10956370085477829,0.9984931349754333,648,161
89,2966,2,0.6761251091957092,0.29860809445381165,-0.10972510278224945,0.9987146854400635,649,161
89,2966,3,0.6767869591712952,0.29820123314857483,-0.10972656309604645,0.9989789128303528,649,161
89,2966,4,0.6750733256340027,0.2995234429836273,-0.09222526848316193,0.9980325102806091,648,161
89,2966,5,0.6755451560020447,0.2995176911354065,-0.09240517020225525,0.9981842637062073,648,161
89,2966,6,0.6758164763450623,0.2993851900100708,-0.09251724928617477,0.9983118176460266,648,161
89,2966,7,0.6838252544403076,0.30230385065078735,-0.12128184735774994,0.9995222687721252,656,163
89,2966,8,0.6822788119316101,0.30331671237945557,-0.04285550117492676,0.9962573051452637,654,163
89,2966,9,0.6770027875900269,0.3190353810787201,-0.10040692985057831,0.9980993270874023,649,172
89,2966,10,0.6758140325546265,0.3199642300605774,-0.07865564525127411,0.9957178831100464,648,172
89,2966,11,0.6988974809646606,0.36008644104003906,-0.14995475113391876,0.9999778866767883,670,194
89,2966,12,0.6896223425865173,0.36393964290618896,0.03700890764594078,0.998691201210022,662,196
89,2966,13,0.7024441361427307,0.45820915699005127,-0.17874141037464142,0.9888916611671448,674,247
89,2966,14,0.6848294734954834,0.4597216248512268,0.056249942630529404,0.012791133485734463,657,248
89,2966,15,0.6806784272193909,0.5421965718269348,-0.18060731887817383,0.8999667167663574,653,292
89,2966,16,0.677007794380188,0.5278857946395874,0.02139914594590664,0.030324827879667282,649,285
89,2966,17,0.676506757736206,0.5724368691444397,-0.20127591490745544,0.8366082310676575,649,309
89,2966,18,0.673820436000824,0.5454335808753967,0.018071763217449188,0.03584948927164078,646,294
89,2966,19,0.6710532307624817,0.5694171190261841,-0.19697608053684235,0.8301131129264832,644,307
89,2966,20,0.6701627969741821,0.5470771789550781,0.0027746804989874363,0.036698419600725174,643,295
89,2966,21,0.6716225147247314,0.5594650506973267,-0.1776231974363327,0.7214273810386658,644,302
89,2966,22,0.6717957854270935,0.5396872758865356,0.012993309646844864,0.03692598640918732,644,291
89,2966,23,0.6927321553230286,0.5321553349494934,-0.06304752081632614,0.999967098236084,665,287
89,2966,24,0.6824725270271301,0.5283440351486206,0.06301315128803253,0.9999241232872009,655,285
89,2966,25,0.6698876023292542,0.6534203290939331,-0.05888291820883751,0.9758882522583008,643,352
89,2966,26,0.6686995029449463,0.6467347741127014,0.10381203144788742,0.632098913192749,641,349
89,2966,27,0.7082464098930359,0.7407512664794922,0.027820521965622902,0.9743584990501404,679,400
89,2966,28,0.680862307548523,0.7556212544441223,0.14919064939022064,0.8851073980331421,653,408
89,2966,29,0.7231805324554443,0.743419885635376,0.03419337794184685,0.8749762773513794,694,401
89,2966,30,0.6897914409637451,0.7785088419914246,0.1516275852918625,0.8584851026535034,662,420
89,2966,31,0.7003480195999146,0.796811044216156,-0.0009107657242566347,0.9654696583747864,672,430
89,2966,32,0.6472879648208618,0.7851872444152832,0.12261739373207092,0.9089397192001343,621,424
90,3000,0,0.670378565788269,0.30973124504089355,-0.07458361983299255,0.9982323050498962,643,167
90,3000,1,0.6720683574676514,0.2990967333316803,-0.08492076396942139,0.9976523518562317,645,161
90,3000,2,0.6721481084823608,0.29874855279922485,-0.08506060391664505,0.9979755282402039,645,161
90,3000,3,0.6721025109291077,0.298359215259552,-0.0850553885102272,0.9984639883041382,645,161
90,3000,4,0.673101007938385,0.29964110255241394,-0.06769998371601105,0.9970444440841675,646,161
90,3000,5,0.673870861530304,0.2996230125427246,-0.06786219775676727,0.9972308278083801,646,161
90,3000,6,0.6745254397392273,0.2994861900806427,-0.06795485317707062,0.9975382089614868,647,161
90,3000,7,0.6777920126914978,0.3023429214954376,-0.10474520176649094,0.99928218126297,650,163
90,3000,8,0.6805174946784973,0.30336639285087585,-0.027507809922099113,0.9948815107345581,653,163
90,3000,9,0.6736077070236206,0.31921249628067017,-0.07748132199048996,0.9974813461303711,646,172
90,3000,10,0.673556387424469,0.3201201260089874,-0.056065209209918976,0.9944916367530823,646,172
90,3000,11,0.6926425695419312,0.3600853681564331,-0.1417723447084427,0.9999752640724182,664,194
90,3000,12,0.6858352422714233,0.36372020840644836,0.04393896088004112,0.9984696507453918,658,196
90,3000,13,0.697537362575531,0.45821526646614075,-0.1731518805027008,0.987801730632782,669,247
90,3000,14,0.680277407169342,0.46041929721832275,0.061092931777238846,0.011760438792407513,653,248
90,3000,15,0.6778200268745422,0.5447375774383545,-0.17932100594043732,0.8980438709259033,650,294
90,3000,16,0.6668778657913208,0.5284687876701355,0.03760325163602829,0.027877261862158775,640,285
90,3000,17,0.6757407784461975,0.5737932324409485,-0.19796881079673767,0.8340522646903992,648,309
90,3000,18,0.663098156452179,0.5467196702957153,0.0348125621676445,0.033271726220846176,636,295
90,3000,19,0.6687548756599426,0.5733690857887268,-0.19435861706733704,0.8277841806411743,642,309
90,3000,20,0.6586320400238037,0.5473410487174988,0.018709419295191765,0.03408525511622429,632,295
90,3000,21,0.6691312789916992,0.5622411370277405,-0.17591458559036255,0.7190904021263123,642,303
90,3000,22,0.6600013971328735,0.5403811931610107,0.028857408091425896,0.03434206545352936,633,291
90,3000,23,0.6841205954551697,0.5377840399742126,-0.06300599873065948,0.9999585747718811,656,290
90,3000,24,0.6806710958480835,0.5336060523986816,0.06297372281551361,0.9999020099639893,653,288
90,3000,25,0.6589502096176147,0.6513110995292664,-0.05353621020913124,0.9611759185791016,632,351
90,3000,26,0.6657941341400146,0.6459124088287354,0.09328572452068329,0.5762653350830078,639,348
90,3000,27,0.6879306435585022,0.7522269487380981,0.019832521677017212,0.9597173929214478,660,406
90,3000,28,0.6809675693511963,0.7562394738197327,0.13672353327274323,0.822131872177124,653,408
90,3000,29,0.6996186375617981,0.770971953868866,0.02458024211227894,0.8552157878875732,671,416
90,3000,30,0.6916235685348511,0.7798520922660828,0.13901935517787933,0.8100319504737854,663,421
90,3000,31,0.6562254428863525,0.7905723452568054,-0.015397934243083,0.9491987824440002,629,426
90,3000,32,0.6488752961158752,0.7850894331932068,0.10991818457841873,0.8548081517219543,622,423
91,3033,0,0.6666069030761719,0.309156596660614,-0.0789484903216362,0.9981319904327393,639,166
91,3033,1,0.6697825789451599,0.298437237739563,-0.09002301841974258,0.9975118041038513,642,161
91,3033,2,0.6703638434410095,0.2978912889957428,-0.09014890342950821,0.9978252649307251,643,160
91,3033,3,0.6707124710083008,0.2974938750267029,-0.090110644698143,0.9983484148979187,643,160
91,3033,4,0.6698618531227112,0.29895514249801636,-0.07145204395055771,0.9969496130943298,643,161
91,3033,5,0.6704350709915161,0.2989274561405182,-0.0716233178973198,0.9971462488174438,643,161
91,3033,6,0.6708459854125977,0.2987613379955292,-0.07174086570739746,0.9974956512451172,644,161
91,3033,7,0.6773275136947632,0.3019910752773285,-0.11116103082895279,0.9991965889930725,650,163
91,3033,8,0.6770656108856201,0.30302706360816956,-0.028811104595661163,0.9947735071182251,649,163
91,3033,9,0.670542299747467,0.31862589716911316,-0.08354455977678299,0.9973641037940979,643,172
91,3033,10,0.669853150844574,0.3194369971752167,-0.060506921261548996,0.9943776726722717,643,172
91,3033,11,0.6921766996383667,0.35988545417785645,-0.14649295806884766,0.9999727606773376,664,194
91,3033,12,0.6833261847496033,0.3640506863594055,0.04832015931606293,0.9984742403030396,655,196
91,3033,13,0.6947856545448303,0.45864441990852356,-0.17615456879138947,0.9864791631698608,666,247
91,3033,14,0.6776729822158813,0.46185052394866943,0.0675174668431282,0.011139977723360062,650,249
91,3033,15,0.675492525100708,0.54515540599823,-0.1767774373292923,0.891555666923523,648,294
91,3033,16,0.6660090088844299,0.5298182368278503,0.033554501831531525,0.02675912156701088,639,286
91,3033,17,0.67363440990448,0.5733981132507324,-0.1942651867866516,0.8258919715881348,646,309
91,3033,18,0.6616904139518738,0.549896776676178,0.02858435921370983,0.03258845582604408,635,296
91,3033,19,0.6661633253097534,0.5732532739639282,-0.19340190291404724,0.8200075030326843,639,309
91,3033,20,0.658102810382843,0.5479010343551636,0.011492856778204441,0.033433947712183,631,295
91,3033,21,0.6668334603309631,0.5622164011001587,-0.17464403808116913,0.7104724645614624,640,303
91,3033,22,0.6592146158218384,0.5422583818435669,0.024278078228235245,0.0336260050535202,632,292
91,3033,23,0.6841065287590027,0.5394545793533325,-0.06362278759479523,0.9999545812606812,656,291
91,3033,24,0.678741991519928,0.5359076261520386,0.06359372287988663,0.9998964667320251,651,289
91,3033,25,0.657486617565155,0.6488959789276123,-0.05577751249074936,0.9485666751861572,631,350
91,3033,26,0.6618479490280151,0.6453821659088135,0.09272579848766327,0.5295206308364868,635,348
91,3033,27,0.686970591545105,0.7559873461723328,0.016453353688120842,0.947470486164093,659,408
91,3033,28,0.6813182234764099,0.7563660740852356,0.13696204125881195,0.7718137502670288,654,408
91,3033,29,0.6964892745018005,0.7776712775230408,0.020806992426514626,0.8378389477729797,668,419
91,3033,30,0.6915894150733948,0.7801421880722046,0.1391534060239792,0.7722963690757751,663,421
91,3033,31,0.6546611189842224,0.7896279692649841,-0.023379238322377205,0.9363231062889099,628,426
91,3033,32,0.6499389410018921,0.7851060628890991,0.10619094967842102,0.8137433528900146,623,423
92,3066,0,0.661472737789154,0.30915480852127075,-0.10995005071163177,0.9977265000343323,635,166
92,3066,1,0.6636794209480286,0.2982769012451172,-0.1213710606098175,0.9970239996910095,637,161
92,3066,2,0.6640169620513916,0.29782798886299133,-0.12153828144073486,0.9974182844161987,637,160
92,3066,3,0.664339005947113,0.2974552512168884,-0.12152565270662308,0.998094916343689,637,160
92,3066,4,0.663918673992157,0.2988702952861786,-0.10293271392583847,0.9963615536689758,637,161
92,3066,5,0.664425253868103,0.29879459738731384,-0.10310134291648865,0.9965797066688538,637,161
92,3066,6,0.6647266149520874,0.2985922396183014,-0.10320734232664108,0.9970289468765259,638,161
92,3066,7,0.6703315377235413,0.30154716968536377,-0.14105598628520966,0.9990763068199158,643,162
92,3066,8,0.6713314056396484,0.30280330777168274,-0.05700689181685448,0.9938400983810425,644,163
92,3066,9,0.664099395275116,0.3185253143310547,-0.11322606354951859,0.9972692728042603,637,172
92,3066,10,0.6639756560325623,0.31927621364593506,-0.09013964235782623,0.9941739439964294,637,172
92,3066,11,0.6893351674079895,0.36022594571113586,-0.17461414635181427,0.9999731779098511,661,194
92,3066,12,0.6720033884048462,0.3641246557235718,0.02634485624730587,0.9984676837921143,645,196
92,3066,13,0.6923362612724304,0.46226766705513,-0.19924989342689514,0.9863301515579224,664,249
92,3066,14,0.663979709148407,0.4618903398513794,0.05458225682377815,0.010764223523437977,637,249
92,3066,15,0.6732956767082214,0.5533474683761597,-0.19781677424907684,0.894353449344635,646,298
92,3066,16,0.6512794494628906,0.5300200581550598,0.02023816667497158,0.025837738066911697,625,286
92,3066,17,0.6716898679733276,0.5824960470199585,-0.2155659794807434,0.8296501636505127,644,314
92,3066,18,0.6453834176063538,0.5500500798225403,0.015687381848692894,0.03202075511217117,619,297
92,3066,19,0.66435307264328,0.5827269554138184,-0.21779169142246246,0.8241400122642517,637,314
92,3066,20,0.6423436999320984,0.5486446619033813,-0.0032680474687367678,0.03297751024365425,616,296
92,3066,21,0.6644561290740967,0.5751906633377075,-0.1970711350440979,0.717002809047699,637,310
92,3066,22,0.6459544897079468,0.5430286526679993,0.010173200629651546,0.03321732208132744,620,293
92,3066,23,0.6802704334259033,0.5390071272850037,-0.06362827122211456,0.9999545812606812,653,291
92,3066,24,0.6696190237998962,0.5359395742416382,0.06360150873661041,0.9998960494995117,642,289
92,3066,25,0.6598078012466431,0.6486320495605469,-0.045747436583042145,0.938060462474823,633,350
92,3066,26,0.6568003296852112,0.6450299024581909,0.08971479535102844,0.49069780111312866,630,348
92,3066,27,0.674514889717102,0.7588590979576111,0.022754790261387825,0.9434186816215515,647,409
92,3066,28,0.6779390573501587,0.7564377188682556,0.13111422955989838,0.7407073974609375,650,408
92,3066,29,0.6860765218734741,0.7828784584999084,0.02631031908094883,0.8298260569572449,658,422
92,3066,30,0.6893298625946045,0.7802685499191284,0.13288570940494537,0.7480785846710205,661,421
92,3066,31,0.6437205672264099,0.7936828136444092,-0.024248233065009117,0.9317582249641418,617,428
92,3066,32,0.646934449672699,0.7920874953269958,0.09876442700624466,0.7909433245658875,621,427
93,3100,0,0.6598601937294006,0.31006917357444763,-0.11789176613092422,0.9976953268051147,633,167
93,3100,1,0.6620233654975891,0.29880714416503906,-0.1285848617553711,0.9970022439956665,635,161
93,3100,2,0.6627176403999329,0.2983803153038025,-0.1287478357553482,0.9974047541618347,636,161
93,3100,3,0.6630646586418152,0.2980354428291321,-0.12873391807079315,0.9980955719947815,636,160
93,3100,4,0.6620184779167175,0.29908639192581177,-0.10971272736787796,0.996333658695221,635,161
93,3100,5,0.6623718738555908,0.2989071011543274,-0.10988693684339523,0.9965524077415466,635,161
93,3100,6,0.6625497937202454,0.2986204922199249,-0.1099906712770462,0.9970062375068665,636,161
93,3100,7,0.6691400408744812,0.3016914427280426,-0.14486664533615112,0.9990686178207397,642,162
93,3100,8,0.668499767780304,0.30285853147506714,-0.0587548203766346,0.9937478303909302,641,163
93,3100,9,0.6632385849952698,0.3197033703327179,-0.11960729211568832,0.9973368644714355,636,172
93,3100,10,0.6623584628105164,0.31999191641807556,-0.09598664939403534,0.9943075180053711,635,172
93,3100,11,0.6878963112831116,0.3617119789123535,-0.17693740129470825,0.9999733567237854,660,195
93,3100,12,0.6724532842636108,0.3649819791316986,0.02930859476327896,0.9984827041625977,645,197
93,3100,13,0.6886430978775024,0.4692010283470154,-0.20378023386001587,0.9861483573913574,661,253
93,3100,14,0.6625435948371887,0.46309444308280945,0.056034643203020096,0.010261643677949905,636,250
93,3100,15,0.6713931560516357,0.561655580997467,-0.2066141813993454,0.8980077505111694,644,303
93,3100,16,0.6510223150253296,0.5299189686775208,0.01417603064328432,0.02473198063671589,624,286
93,3100,17,0.6695717573165894,0.5893962383270264,-0.22605480253696442,0.8350998759269714,642,318
93,3100,18,0.6474922895431519,0.5503231287002563,0.008837338536977768,0.031276434659957886,621,297
93,3100,19,0.6625825762748718,0.5885981321334839,-0.22813543677330017,0.8301101326942444,636,317
93,3100,20,0.6441769003868103,0.549146831035614,-0.0100190294906497,0.03229357674717903,618,296
93,3100,21,0.6632311940193176,0.5790139436721802,-0.2060302346944809,0.7258161306381226,636,312
93,3100,22,0.6465861201286316,0.5430670976638794,0.003966755699366331,0.032524339854717255,620,293
93,3100,23,0.6782167553901672,0.5406916737556458,-0.06390798091888428,0.9999528527259827,651,291
93,3100,24,0.67116379737854,0.5361305475234985,0.06387881189584732,0.9998923540115356,644,289
93,3100,25,0.6517782807350159,0.6486279964447021,-0.050797950476408005,0.9304060339927673,625,350
93,3100,26,0.6605020761489868,0.6434510350227356,0.09016960114240646,0.4584098756313324,634,347
93,3100,27,0.673348605632782,0.7602246403694153,0.02264619804918766,0.9383106231689453,646,410
93,3100,28,0.6780112981796265,0.7567466497421265,0.1364499181509018,0.7121152281761169,650,408
93,3100,29,0.6848589181900024,0.7870737314224243,0.02672097273170948,0.8211320042610168,657,425
93,3100,30,0.6887642741203308,0.7808274626731873,0.13877703249454498,0.7258606553077698,661,421
93,3100,31,0.6402328610420227,0.7961643934249878,-0.023976821452379227,0.9265226125717163,614,429
93,3100,32,0.646271288394928,0.7920491695404053,0.10288060456514359,0.7695896029472351,620,427
94,3133,0,0.6538204550743103,0.3096679151058197,-0.09531860798597336,0.9977676868438721,627,167
94,3133,1,0.6555805206298828,0.2986671030521393,-0.10482759028673172,0.9970521926879883,629,161
94,3133,2,0.6558877825737,0.29828527569770813,-0.1049523800611496,0.9974068999290466,629,161
94,3133,3,0.6560717225074768,0.2979503870010376,-0.10490213334560394,0.998062252998352,629,160
94,3133,4,0.655961811542511,0.2991330325603485,-0.08665182441473007,0.9965403079986572,629,161
94,3133,5,0.6564850211143494,0.29897406697273254,-0.08683646470308304,0.9967710375785828,630,161
94,3133,6,0.6568670272827148,0.29869741201400757,-0.08693453669548035,0.9972209930419922,630,161
94,3133,7,0.6613802313804626,0.30172234773635864,-0.1186361089348793,0.9990212321281433,634,162
94,3133,8,0.66230708360672,0.3029092252254486,-0.03544360771775246,0.9942313432693481,635,163
94,3133,9,0.6563844084739685,0.3188859522342682,-0.0968034639954567,0.9974775910377502,630,172
94,3133,10,0.6563008427619934,0.31952497363090515,-0.07393582910299301,0.9947471022605896,630,172
94,3133,11,0.6814502477645874,0.36168697476387024,-0.14918766915798187,0.9999720454216003,654,195
94,3133,12,0.6624100804328918,0.36593347787857056,0.03722822666168213,0.9986178278923035,635,197
94,3133,13,0.6844913363456726,0.46469980478286743,-0.17949871718883514,0.9846014380455017,657,250
94,3133,14,0.6498790383338928,0.4628019630908966,0.07745597511529922,0.02110161818563938,623,249
94,3133,15,0.6674456000328064,0.5472095608711243,-0.1980389505624771,0.8943495154380798,640,295
94,3133,16,0.6308249235153198,0.5253279209136963,0.02441265620291233,0.09049658477306366,605,283
94,3133,17,0.6658139824867249,0.5736027359962463,-0.2165076732635498,0.8324251770973206,639,309
94,3133,18,0.626437246799469,0.5490283370018005,0.014511430636048317,0.09890804439783096,601,296
94,3133,19,0.656671404838562,0.575687050819397,-0.21377460658550262,0.827634871006012,630,310
94,3133,20,0.6256949305534363,0.5487349033355713,-0.009427222423255444,0.1014946922659874,600,296
94,3133,21,0.6567413806915283,0.5645666718482971,-0.19443683326244354,0.7239118814468384,630,304
94,3133,22,0.6300762295722961,0.5418204665184021,0.01289550494402647,0.09688307344913483,604,292
94,3133,23,0.6705688238143921,0.5406273007392883,-0.06352054327726364,0.9999516010284424,643,291
94,3133,24,0.6551247239112854,0.5360865592956543,0.06350383907556534,0.9998967051506042,628,289
94,3133,25,0.6617723107337952,0.6487680077552795,-0.05824344605207443,0.9329069256782532,635,350
94,3133,26,0.6352866888046265,0.6429330110549927,0.06971655786037445,0.45692864060401917,609,347
94,3133,27,0.6734133958816528,0.761045515537262,-0.014045904390513897,0.9421213865280151,646,410
94,3133,28,0.6451104879379272,0.7684410214424133,0.11350900679826736,0.714433491230011,619,414
94,3133,29,0.6820451617240906,0.7850508093833923,-0.013319293968379498,0.8275187015533447,654,423
94,3133,30,0.6572694778442383,0.7774322628974915,0.11549844592809677,0.7245407104492188,630,419
94,3133,31,0.6391202211380005,0.795684278011322,-0.08037937432527542,0.9310777187347412,613,429
94,3133,32,0.6189067363739014,0.7957653999328613,0.0660369023680687,0.7753989696502686,594,429
95,3166,0,0.6533147096633911,0.3097071051597595,-0.11017105728387833,0.9979325532913208,627,167
95,3166,1,0.6560699939727783,0.29867246747016907,-0.11820141226053238,0.9972607493400574,629,161
95,3166,2,0.6569539308547974,0.29828009009361267,-0.11834338307380676,0.9975799322128296,630,161
95,3166,3,0.6577720642089844,0.2979256212711334,-0.11828659474849701,0.9981744289398193,631,160
95,3166,4,0.654884934425354,0.2991721034049988,-0.10054873675107956,0.9968242645263672,628,161
95,3166,5,0.6549275517463684,0.29902493953704834,-0.10073154419660568,0.9970447421073914,628,161
95,3166,6,0.6548693180084229,0.298757404088974,-0.10083142668008804,0.9974605441093445,628,161
95,3166,7,0.6636364459991455,0.3017067313194275,-0.12305068224668503,0.9990718960762024,637,162
95,3166,8,0.658831000328064,0.30294808745384216,-0.04201050102710724,0.9947402477264404,632,163
95,3166,9,0.6576538681983948,0.3189356327056885,-0.10803910344839096,0.9976707696914673,631,172
95,3166,10,0.6551145315170288,0.3195493221282959,-0.08580374717712402,0.9952026605606079,628,172
95,3166,11,0.682654082775116,0.3621077537536621,-0.15065144002437592,0.999972403049469,655,195
95,3166,12,0.6585429906845093,0.3688386380672455,0.037472907453775406,0.9987413883209229,632,199
95,3166,13,0.6839611530303955,0.4645760953426361,-0.18472346663475037,0.9831096529960632,656,250
95,3166,14,0.6465414762496948,0.4629139006137848,0.06782270222902298,0.02624509483575821,620,249
95,3166,15,0.6644086241722107,0.5470733642578125,-0.21054504811763763,0.8931350708007812,637,295
95,3166,16,0.630082905292511,0.5243962407112122,0.008062181994318962,0.13297511637210846,604,283
95,3166,17,0.6612927317619324,0.5750442743301392,-0.23107083141803741,0.833345890045166,634,310
95,3166,18,0.624847948551178,0.5488982796669006,-0.0022438557352870703,0.1477978676557541,599,296
95,3166,19,0.6524447202682495,0.5753816366195679,-0.23430408537387848,0.8289178609848022,626,310
95,3166,20,0.6246440410614014,0.5489420294761658,-0.021869193762540817,0.15199925005435944,599,296
95,3166,21,0.6537916660308838,0.5642204284667969,-0.21070164442062378,0.7260705828666687,627,304
95,3166,22,0.6274535059928894,0.5420293211936951,-0.0025816948618739843,0.14211192727088928,602,292
95,3166,23,0.6684867739677429,0.5433517098426819,-0.06329460442066193,0.999953031539917,641,293
95,3166,24,0.6515662670135498,0.5407781600952148,0.06327757984399796,0.9999032020568848,625,292
95,3166,25,0.6632254123687744,0.6489555835723877,-0.049678727984428406,0.9364256858825684,636,350
95,3166,26,0.6328069567680359,0.6428209543228149,0.08649717271327972,0.47114798426628113,607,347
95,3166,27,0.6763424277305603,0.7609819173812866,0.016815634444355965,0.9459187388420105,649,410
95,3166,28,0.6396970748901367,0.7615786194801331,0.13677874207496643,0.7292156219482422,614,411
95,3166,29,0.6840597987174988,0.7855557203292847,0.019779358059167862,0.8354909420013428,656,424
95,3166,30,0.6521366834640503,0.7763045430183411,0.13936354219913483,0.7350890040397644,626,419
95,3166,31,0.6446780562400818,0.7952266335487366,-0.05410380661487579,0.9357009530067444,618,429
95,3166,32,0.6154864430427551,0.7965709567070007,0.08756285160779953,0.7888830304145813,590,430
96,3200,0,0.64592045545578,0.3116014897823334,-0.09191621840000153,0.9981083273887634,620,168
96,3200,1,0.6482572555541992,0.30037713050842285,-0.10071797668933868,0.9974895119667053,622,162
96,3200,2,0.6493011116981506,0.2999391257762909,-0.10085107386112213,0.9977840185165405,623,161
96,3200,3,0.6502042412757874,0.29950621724128723,-0.100791797041893,0.9983217716217041,624,161
96,3200,4,0.6468807458877563,0.30142951011657715,-0.08300071209669113,0.9971076846122742,621,162
96,3200,5,0.6467645168304443,0.30161547660827637,-0.08318129181861877,0.9973141551017761,620,162
96,3200,6,0.646433413028717,0.30177029967308044,-0.08326942473649979,0.9976914525032043,620,162
96,3200,7,0.657304048538208,0.3025170862674713,-0.11132144927978516,0.999147355556488,631,163
96,3200,8,0.6504814624786377,0.30581897497177124,-0.029651550576090813,0.9952298402786255,624,165
96,3200,9,0.6499359607696533,0.3206914961338043,-0.09156391024589539,0.9978676438331604,623,173
96,3200,10,0.6477956175804138,0.32151511311531067,-0.06927543133497238,0.9956320524215698,621,173
96,3200,11,0.6751794219017029,0.3626914918422699,-0.1398286670446396,0.9999731183052063,648,195
96,3200,12,0.6536940336227417,0.36932098865509033,0.04611983522772789,0.9988433122634888,627,199
96,3200,13,0.6814332604408264,0.46448948979377747,-0.1773415058851242,0.9838292002677917,654,250
96,3200,14,0.6437684893608093,0.4624779522418976,0.07580149918794632,0.033030442893505096,618,249
96,3200,15,0.6631847620010376,0.5470871925354004,-0.2002934068441391,0.8999508619308472,636,295
96,3200,16,0.6223353147506714,0.5194204449653625,0.024038005620241165,0.1855344921350479,597,280
96,3200,17,0.6617896556854248,0.5749973654747009,-0.21932262182235718,0.8443185687065125,635,310
96,3200,18,0.61601722240448,0.546393096446991,0.01568419113755226,0.2057761549949646,591,295
96,3200,19,0.6532122492790222,0.5753362774848938,-0.220963254570961,0.8403939604759216,627,310
96,3200,20,0.6171241998672485,0.54677414894104,-0.003481213003396988,0.21104592084884644,592,295
96,3200,21,0.6537686586380005,0.5641106367111206,-0.19948486983776093,0.7447110414505005,627,304
96,3200,22,0.6208100914955139,0.5392674207687378,0.014007745310664177,0.19734196364879608,595,291
96,3200,23,0.6570479869842529,0.545346200466156,-0.06336402148008347,0.9999493956565857,630,294
96,3200,24,0.6513140201568604,0.5424978733062744,0.06334218382835388,0.9998994469642639,625,292
96,3200,25,0.6262369155883789,0.6491621136665344,-0.04845435172319412,0.9412341117858887,601,350
96,3200,26,0.6409221887588501,0.6472814083099365,0.10112845152616501,0.4658890962600708,615,349
96,3200,27,0.620286762714386,0.7744044661521912,0.0002949444460682571,0.9506147503852844,595,418
96,3200,28,0.6662017703056335,0.7624021172523499,0.15484602749347687,0.7323766946792603,639,411
96,3200,29,0.6265993118286133,0.8031356930732727,0.0009095885907299817,0.8496384620666504,601,433
96,3200,30,0.6754926443099976,0.7813034057617188,0.15813297033309937,0.742534339427948,648,421
96,3200,31,0.581481397151947,0.795248806476593,-0.05677548795938492,0.9413604140281677,558,429
96,3200,32,0.638027012348175,0.7929011583328247,0.1280537247657776,0.7969540953636169,612,428
97,3233,0,0.6449094414710999,0.31191766262054443,-0.09142979979515076,0.9982810020446777,619,168
97,3233,1,0.6473942995071411,0.3008388876914978,-0.09992106258869171,0.9977162480354309,621,162
97,3233,2,0.6484879851341248,0.30036628246307373,-0.10005242377519608,0.9979850053787231,622,162
97,3233,3,0.6496647000312805,0.29986754059791565,-0.09999732673168182,0.9984702467918396,623,161
97,3233,4,0.6458234190940857,0.3019064664840698,-0.08219883590936661,0.9973796010017395,619,163
97,3233,5,0.6456543207168579,0.30212756991386414,-0.08237825334072113,0.9975693821907043,619,163
97,3233,6,0.6452924609184265,0.30240875482559204,-0.08246566355228424,0.997910737991333,619,163
97,3233,7,0.6563351154327393,0.3026520311832428,-0.11064767837524414,0.9992220997810364,630,163
97,3233,8,0.6486595273017883,0.30641642212867737,-0.028976840898394585,0.9956870675086975,622,165
97,3233,9,0.6488319039344788,0.32097557187080383,-0.09130389243364334,0.9980617761611938,622,173
97,3233,10,0.6468973755836487,0.32185813784599304,-0.0690043643116951,0.9960433840751648,621,173
97,3233,11,0.6760289669036865,0.3637237548828125,-0.1391611099243164,0.9999741315841675,648,196
97,3233,12,0.6520141363143921,0.37199288606643677,0.047243356704711914,0.9989407658576965,625,200
97,3233,13,0.6789724826812744,0.46544715762138367,-0.17456462979316711,0.9846237301826477,651,251
97,3233,14,0.6406058073043823,0.46288567781448364,0.07779920846223831,0.03926822543144226,614,249
97,3233,15,0.6630824208259583,0.5495260953903198,-0.19619446992874146,0.9068136215209961,636,296
97,3233,16,0.6222807765007019,0.5171152353286743,0.02852739207446575,0.23412534594535828,597,279
97,3233,17,0.6622676253318787,0.577802300453186,-0.21481020748615265,0.855129599571228,635,312
97,3233,18,0.6161247491836548,0.545048177242279,0.020686989650130272,0.25887706875801086,591,294
97,3233,19,0.6540712118148804,0.5767576694488525,-0.2179090678691864,0.8516669869422913,627,311
97,3233,20,0.6164373159408569,0.5459611415863037,0.0017663540784269571,0.2650102376937866,591,294
97,3233,21,0.6543247699737549,0.5655819177627563,-0.19596917927265167,0.7628691792488098,628,305
97,3233,22,0.6201127171516418,0.536835253238678,0.018626753240823746,0.24777139723300934,595,289
97,3233,23,0.657008171081543,0.5463926196098328,-0.06331665068864822,0.9999460577964783,630,295
97,3233,24,0.651910126209259,0.5447974801063538,0.06328954547643661,0.9998961687088013,625,294
97,3233,25,0.6239328980445862,0.6481988430023193,-0.050985176116228104,0.9455851316452026,598,350
97,3233,26,0.6508257389068604,0.6471962928771973,0.10085010528564453,0.4596429467201233,624,349
97,3233,27,0.6179691553115845,0.7767655849456787,-0.010101023130118847,0.9547925591468811,593,419
97,3233,28,0.6735859513282776,0.7631123065948486,0.15261562168598175,0.7341088652610779,646,412
97,3233,29,0.624968409538269,0.8064191937446594,-0.009826327674090862,0.8621049523353577,599,435
97,3233,30,0.6825034022331238,0.7840767502784729,0.1556374579668045,0.7470030188560486,655,423
97,3233,31,0.5783142447471619,0.7950859665870667,-0.0664023831486702,0.9464439153671265,555,429
97,3233,32,0.6435451507568359,0.7902233600616455,0.12460774928331375,0.8040110468864441,617,426
98,3266,0,0.6370719075202942,0.3114412724971771,-0.09330760687589645,0.9984332919120789,611,168
98,3266,1,0.6404269933700562,0.30079934000968933,-0.10047288984060287,0.9979167580604553,614,162
98,3266,2,0.64152592420578,0.3003542721271515,-0.10061594843864441,0.9981652498245239,615,162
98,3266,3,0.64271479845047,0.29986804723739624,-0.1005370169878006,0.9986028671264648,617,161
98,3266,4,0.6386274695396423,0.3018511235713959,-0.0834689810872078,0.9976199269294739,613,162
98,3266,5,0.6383659243583679,0.30211323499679565,-0.08364321291446686,0.9977964758872986,612,163
98,3266,6,0.6378536224365234,0.30238577723503113,-0.08371606469154358,0.9981029629707336,612,163
98,3266,7,0.649244487285614,0.3028915524482727,-0.11235462129116058,0.9992912411689758,623,163
98,3266,8,0.6411730647087097,0.30665093660354614,-0.02970879152417183,0.9960911870002747,615,165
98,3266,9,0.6407760977745056,0.3207038938999176,-0.0914495438337326,0.9982352256774902,615,173
98,3266,10,0.6387113928794861,0.3216746151447296,-0.07003485411405563,0.9964074492454529,613,173
98,3266,11,0.665587842464447,0.36421605944633484,-0.1416510045528412,0.9999750256538391,638,196
98,3266,12,0.6441322565078735,0.3718646466732025,0.04767145216464996,0.9990174770355225,618,200
98,3266,13,0.6757029294967651,0.46535706520080566,-0.17563439905643463,0.9858747720718384,648,251
98,3266,14,0.6344251036643982,0.46216487884521484,0.07742965966463089,0.050590865314006805,609,249
98,3266,15,0.6606412529945374,0.5500385165214539,-0.1952434927225113,0.9149962663650513,634,297
98,3266,16,0.6112491488456726,0.5172541737556458,0.029407424852252007,0.28438425064086914,586,279
98,3266,17,0.658900797367096,0.5778746604919434,-0.2140253186225891,0.8678103089332581,632,312
98,3266,18,0.6041681170463562,0.5441851615905762,0.02241664193570614,0.3121757209300995,580,293
98,3266,19,0.650231122970581,0.5766496062278748,-0.21783672273159027,0.8647125363349915,624,311
98,3266,20,0.6033123135566711,0.5455799698829651,0.0026891108136624098,0.3189487159252167,579,294
98,3266,21,0.6507046222686768,0.5654990077018738,-0.1955137699842453,0.7838464975357056,624,305
98,3266,22,0.6084859371185303,0.5365017652511597,0.019192436710000038,0.30076292157173157,584,289
98,3266,23,0.64938884973526,0.5481047630310059,-0.06335528939962387,0.9999474883079529,623,295
98,3266,24,0.6459466814994812,0.5441981554031372,0.06333121657371521,0.99989914894104,620,293
98,3266,25,0.6148218512535095,0.6518840193748474,-0.03347283974289894,0.9507624506950378,590,352
98,3266,26,0.6518598198890686,0.6481299996376038,0.10906840860843658,0.5013307332992554,625,349
98,3266,27,0.5965263843536377,0.7780911326408386,0.01575424149632454,0.9592000842094421,572,420
98,3266,28,0.6768321394920349,0.7634487152099609,0.16698843240737915,0.7585849165916443,649,412
98,3266,29,0.6002048254013062,0.8057581186294556,0.016521133482456207,0.8754035830497742,576,435
98,3266,30,0.6858347654342651,0.78619784116745,0.1706729531288147,0.7700581550598145,658,424
98,3266,31,0.55967116355896,0.7859698534011841,-0.040245432406663895,0.9516306519508362,537,424
98,3266,32,0.6456539630889893,0.7891092896461487,0.13993927836418152,0.8220014572143555,619,426
99,3300,0,0.6371007561683655,0.31137800216674805,-0.10120882093906403,0.9985785484313965,611,168
99,3300,1,0.6410642862319946,0.30057492852211,-0.10751212388277054,0.9981103539466858,615,162
99,3300,2,0.6424039006233215,0.3002299666404724,-0.10766647011041641,0.998336672782898,616,162
99,3300,3,0.6436998844146729,0.2998219430446625,-0.1075974628329277,0.9987313151359558,617,161
99,3300,4,0.6381587386131287,0.30171528458595276,-0.09050292521715164,0.9978474378585815,612,162
99,3300,5,0.6375893354415894,0.30200913548469543,-0.09068264812231064,0.9980089068412781,612,163
99,3300,6,0.6368544101715088,0.3023037612438202,-0.09076160937547684,0.9982848167419434,611,163
99,3300,7,0.6496453881263733,0.30307018756866455,-0.11257287114858627,0.9993569254875183,623,163
99,3300,8,0.6395280361175537,0.30662956833839417,-0.03282003104686737,0.9964689016342163,613,165
99,3300,9,0.6410510540008545,0.32071182131767273,-0.09843135625123978,0.9984011650085449,615,173
99,3300,10,0.6376660466194153,0.32167381048202515,-0.0770881175994873,0.9967520833015442,612,173
99,3300,11,0.666000247001648,0.365281343460083,-0.14319343864917755,0.9999760389328003,639,197
99,3300,12,0.642527163028717,0.3728872537612915,0.04727988317608833,0.9990999102592468,616,201
99,3300,13,0.6732127666473389,0.46559032797813416,-0.17375348508358002,0.9869157075881958,646,251
99,3300,14,0.6324393153190613,0.4621681272983551,0.07826992124319077,0.06517015397548676,607,249
99,3300,15,0.6610288023948669,0.5530861616134644,-0.19146735966205597,0.9219954609870911,634,298
99,3300,16,0.6113274693489075,0.5174807906150818,0.03287150710821152,0.338131844997406,586,279
99,3300,17,0.6602199673652649,0.5815457105636597,-0.20985351502895355,0.8786696791648865,633,314
99,3300,18,0.6029838919639587,0.543816328048706,0.026559000834822655,0.3673994243144989,578,293
99,3300,19,0.6514375805854797,0.5787361264228821,-0.21675434708595276,0.875905454158783,625,312
99,3300,20,0.6028738021850586,0.5455414652824402,0.005998946260660887,0.37434908747673035,578,294
99,3300,21,0.6515290141105652,0.5671177506446838,-0.19292154908180237,0.8020153045654297,625,306
99,3300,22,0.6089466214179993,0.5364408493041992,0.02240351028740406,0.3558913767337799,584,289
99,3300,23,0.6492303609848022,0.5500079989433289,-0.06338396668434143,0.9999496936798096,623,297
99,3300,24,0.6433797478675842,0.5450096130371094,0.06336233019828796,0.9999045133590698,617,294
99,3300,25,0.6148588061332703,0.6532886028289795,-0.030174678191542625,0.9553678035736084,590,352
99,3300,26,0.6530950665473938,0.6479310393333435,0.10610678046941757,0.5396356582641602,626,349
99,3300,27,0.5967701077461243,0.7780898213386536,0.028853582218289375,0.9631479978561401,572,420
99,3300,28,0.677902102470398,0.763850212097168,0.16110573709011078,0.7805309891700745,650,412
99,3300,29,0.5999601483345032,0.8061550855636597,0.030972125008702278,0.8873145580291748,575,435
99,3300,30,0.6871219873428345,0.7875751852989197,0.16447149217128754,0.7905051708221436,659,425
99,3300,31,0.5588579177856445,0.7827558517456055,-0.023106707260012627,0.956267774105072,536,422
99,3300,32,0.6462002396583557,0.7893357276916504,0.13202939927577972,0.8381417393684387,620,426
100,3333,0,0.6308549642562866,0.31187817454338074,-0.09672808647155762,0.9987114071846008,605,168
100,3333,1,0.6337932348251343,0.3013930320739746,-0.10419763624668121,0.9982873797416687,608,162
100,3333,2,0.634491503238678,0.3011431097984314,-0.10434470325708389,0.9984927773475647,609,162
100,3333,3,0.6351026892662048,0.30081531405448914,-0.10427509248256683,0.9988486170768738,609,162
100,3333,4,0.6328642964363098,0.3023056387901306,-0.08674256503582001,0.9980542659759521,607,163
100,3333,5,0.6327984929084778,0.3026059865951538,-0.08691539615392685,0.9982016086578369,607,163
100,3333,6,0.6325454115867615,0.3028528392314911,-0.08698560297489166,0.9984500408172607,607,163
100,3333,7,0.6414873600006104,0.3046129643917084,-0.1124996468424797,0.9994156360626221,615,164
100,3333,8,0.6359629034996033,0.30766698718070984,-0.03180231526494026,0.9968095421791077,610,166
100,3333,9,0.6338084936141968,0.32150107622146606,-0.09551172703504562,0.9985483288764954,608,173
100,3333,10,0.6323757767677307,0.32264766097068787,-0.07366848737001419,0.9970598816871643,607,174
100,3333,11,0.6568848490715027,0.3663521707057953,-0.14295509457588196,0.999976396560669,630,197
100,3333,12,0.6397554874420166,0.37285366654396057,0.04939528554677963,0.9991703629493713,614,201
100,3333,13,0.6668500304222107,0.4653569459915161,-0.17583326995372772,0.9875612854957581,640,251
100,3333,14,0.6273186206817627,0.46153774857521057,0.07849451154470444,0.07391223311424255,602,249
100,3333,15,0.6555290818214417,0.5527229309082031,-0.19888648390769958,0.9270020127296448,629,298
100,3333,16,0.6016032695770264,0.5162394046783447,0.032808031886816025,0.3768020570278168,577,278
100,3333,17,0.6553218960762024,0.5806105732917786,-0.21809428930282593,0.8868508338928223,629,313
100,3333,18,0.5921603441238403,0.5410652756690979,0.02632143720984459,0.4078531265258789,568,292
100,3333,19,0.6466689705848694,0.5773875713348389,-0.22305424511432648,0.8843809962272644,620,311
100,3333,20,0.5922943949699402,0.543300986289978,0.004557922016829252,0.41536781191825867,568,293
100,3333,21,0.6472481489181519,0.5658907294273376,-0.19997873902320862,0.8160197138786316,621,305
100,3333,22,0.5973953008651733,0.5352378487586975,0.021603405475616455,0.3961239457130432,573,289
100,3333,23,0.6427125334739685,0.5495377779006958,-0.06341568380594254,0.9999516010284424,617,296
100,3333,24,0.6428203582763672,0.5445997714996338,0.0633949339389801,0.9999094009399414,617,294
100,3333,25,0.6066440939903259,0.6543791890144348,-0.02214139886200428,0.959170937538147,582,353
100,3333,26,0.6544535160064697,0.6452080607414246,0.10160086303949356,0.5705167055130005,628,348
100,3333,27,0.5818560719490051,0.777309238910675,0.022737327963113785,0.9666540622711182,558,419
100,3333,28,0.6781685948371887,0.7632952928543091,0.1511467844247818,0.7997705340385437,651,412
100,3333,29,0.5843616127967834,0.8045910000801086,0.02459695003926754,0.8978980183601379,560,434
100,3333,30,0.687462568283081,0.7872408628463745,0.15410569310188293,0.8089663982391357,659,425
100,3333,31,0.5461223125457764,0.7788041830062866,-0.027070848271250725,0.9603561758995056,524,420
100,3333,32,0.6473268270492554,0.7866122722625732,0.12642966210842133,0.8521691560745239,621,424
101,3366,0,0.6300926804542542,0.3128815293312073,-0.10205386579036713,0.9988311529159546,604,168
101,3366,1,0.6338981986045837,0.30233463644981384,-0.10906589031219482,0.9984480142593384,608,163
101,3366,2,0.6352298855781555,0.3020663857460022,-0.10921348631381989,0.9986347556114197,609,163
101,3366,3,0.6364418268203735,0.30179333686828613,-0.10914477705955505,0.9989557266235352,610,162
101,3366,4,0.6311314702033997,0.3033195734024048,-0.09175578504800797,0.9982412457466125,605,163
101,3366,5,0.6306059956550598,0.30363237857818604,-0.09192881733179092,0.998375654220581,605,163
101,3366,6,0.6299507021903992,0.30385714769363403,-0.09200727939605713,0.9985992312431335,604,164
101,3366,7,0.6423047780990601,0.30577683448791504,-0.1141093298792839,0.9994698762893677,616,165
101,3366,8,0.6328781247138977,0.30881744623184204,-0.03473258763551712,0.9971179962158203,607,166
101,3366,9,0.6344977021217346,0.32250770926475525,-0.09999258071184158,0.9986855387687683,609,174
101,3366,10,0.6309862732887268,0.3236231207847595,-0.07827835530042648,0.9973421692848206,605,174
101,3366,11,0.6600120663642883,0.3670373558998108,-0.14336486160755157,0.9999773502349854,633,198
101,3366,12,0.6375318169593811,0.3738608658313751,0.045804668217897415,0.9992378950119019,612,201
101,3366,13,0.666574239730835,0.46541982889175415,-0.17526893317699432,0.9885409474372864,639,251
101,3366,14,0.6267598867416382,0.46187570691108704,0.07626248151063919,0.0901503637433052,601,249
101,3366,15,0.6547783613204956,0.5537082552909851,-0.1970134824514389,0.9332109093666077,628,299
101,3366,16,0.6014756560325623,0.5168275237083435,0.032492976635694504,0.42256858944892883,577,279
101,3366,17,0.6548903584480286,0.5837613344192505,-0.21593494713306427,0.8963891267776489,628,315
101,3366,18,0.5928441286087036,0.5415579676628113,0.026153381913900375,0.4533553421497345,569,292
101,3366,19,0.6455739736557007,0.5807833671569824,-0.22003617882728577,0.8941986560821533,619,313
101,3366,20,0.592675507068634,0.5436049103736877,0.0037334784865379333,0.46109578013420105,568,293
101,3366,21,0.6454002261161804,0.5687021613121033,-0.19758525490760803,0.8318231105804443,619,307
101,3366,22,0.5965099930763245,0.5355311036109924,0.02142053097486496,0.4420560896396637,572,289
101,3366,23,0.6425106525421143,0.5492591261863708,-0.06273052841424942,0.999954104423523,616,296
101,3366,24,0.6388429999351501,0.54453444480896,0.06268718093633652,0.999914824962616,613,294
101,3366,25,0.6078053712844849,0.6543430685997009,-0.02766226977109909,0.962974488735199,583,353
101,3366,26,0.654836118221283,0.6440469026565552,0.0914674773812294,0.606669008731842,628,347
101,3366,27,0.5815993547439575,0.7766492366790771,0.020051587373018265,0.9699089527130127,558,419
101,3366,28,0.6784201860427856,0.7631131410598755,0.1439002901315689,0.8183493614196777,651,412
101,3366,29,0.5830662846565247,0.804160475730896,0.022983575239777565,0.9077465534210205,559,434
101,3366,30,0.6878253817558289,0.7871808409690857,0.14735755324363708,0.8265014290809631,660,425
101,3366,31,0.5452352166175842,0.7772189378738403,-0.036208365112543106,0.9641862511634827,523,419
101,3366,32,0.6496885418891907,0.7883398532867432,0.11584965139627457,0.8657546043395996,623,425
102,3400,0,0.6195937991142273,0.31287023425102234,-0.1024799570441246,0.9989285469055176,594,168
102,3400,1,0.6231531500816345,0.3026011884212494,-0.10992532223463058,0.9985825419425964,598,163
102,3400,2,0.624177098274231,0.3024289906024933,-0.11007197946310043,0.9987543225288391,599,163
102,3400,3,0.625048041343689,0.30222806334495544,-0.11000797152519226,0.9990451335906982,600,163
102,3400,4,0.6219274401664734,0.3034307658672333,-0.09177220612764359,0.9984008073806763,597,163
102,3400,5,0.6220600008964539,0.30374887585639954,-0.09194359183311462,0.9985247850418091,597,164
102,3400,6,0.621969997882843,0.30396372079849243,-0.09202192723751068,0.9987255930900574,597,164
102,3400,7,0.63253253698349,0.3067704737186432,-0.11514081060886383,0.999514639377594,607,165
102,3400,8,0.6271055340766907,0.3090916872024536,-0.03264172002673149,0.9973786473274231,602,166
102,3400,9,0.6235083937644958,0.3225886821746826,-0.10068751126527786,0.9987973570823669,598,174
102,3400,10,0.6220430135726929,0.323660284280777,-0.07809240370988846,0.9975764155387878,597,174
102,3400,11,0.6499106884002686,0.3678877353668213,-0.1435593068599701,0.9999774098396301,623,198
102,3400,12,0.6301270723342896,0.37447747588157654,0.05074038729071617,0.9992789626121521,604,202
102,3400,13,0.6614396572113037,0.46556106209754944,-0.1799682080745697,0.9891558885574341,634,251
102,3400,14,0.618513286113739,0.461879700422287,0.0788106694817543,0.08777081966400146,593,249
102,3400,15,0.6510218381881714,0.5546340346336365,-0.2031703144311905,0.9371455907821655,624,299
102,3400,16,0.5894662141799927,0.516411542892456,0.03179202601313591,0.4263056814670563,565,278
102,3400,17,0.6510384678840637,0.5840350389480591,-0.2224896103143692,0.9027954339981079,624,315
102,3400,18,0.5808460116386414,0.5411745309829712,0.025506168603897095,0.46296462416648865,557,292
102,3400,19,0.6423589587211609,0.5814059972763062,-0.22777606546878815,0.9009109139442444,616,313
102,3400,20,0.5806211829185486,0.5427780151367188,0.003580044023692608,0.47222641110420227,557,293
102,3400,21,0.6423032283782959,0.5698374509811401,-0.20436422526836395,0.8430484533309937,616,307
102,3400,22,0.585143506526947,0.5352563858032227,0.021001068875193596,0.4537465572357178,561,289
102,3400,23,0.6362642049789429,0.5486679673194885,-0.06336389482021332,0.9999562501907349,610,296
102,3400,24,0.6324081420898438,0.5444263219833374,0.06330141425132751,0.9999191164970398,607,293
102,3400,25,0.6001177430152893,0.6544666886329651,-0.026934633031487465,0.9661113619804382,576,353
102,3400,26,0.6487249732017517,0.64251309633255,0.08504195511341095,0.6358147859573364,622,346
102,3400,27,0.5751630663871765,0.7787979245185852,0.01691846176981926,0.9727873206138611,552,420
102,3400,28,0.6780983805656433,0.7612419128417969,0.13403572142124176,0.83430415391922,650,411
102,3400,29,0.5779392123222351,0.806402325630188,0.016550859436392784,0.9164019823074341,554,435
102,3400,30,0.6876513361930847,0.7842892408370972,0.1371268332004547,0.8419766426086426,660,423
102,3400,31,0.5395252108573914,0.7782565355300903,-0.04915853962302208,0.9675453305244446,517,420
102,3400,32,0.649953305721283,0.7877665758132935,0.10258091241121292,0.8773603439331055,623,425
103,3433,0,0.6176313161849976,0.3129013478755951,-0.10449611395597458,0.9990174174308777,592,168
103,3433,1,0.6216180920600891,0.3027246594429016,-0.11239834874868393,0.9987043738365173,596,163
103,3433,2,0.6226310729980469,0.3025188744068146,-0.11254718154668808,0.9988624453544617,597,163
103,3433,3,0.6236242651939392,0.3023383915424347,-0.11248941719532013,0.9991266131401062,598,163
103,3433,4,0.6205893158912659,0.30343687534332275,-0.09379973262548447,0.9985451698303223,595,163
103,3433,5,0.6207749247550964,0.3037368655204773,-0.09397079795598984,0.9986598491668701,595,164
103,3433,6,0.6207550764083862,0.30393481254577637,-0.09405109286308289,0.9988406300544739,595,164
103,3433,7,0.6305918097496033,0.3071132004261017,-0.11967063695192337,0.9995561242103577,605,165
103,3433,8,0.625822901725769,0.30908480286598206,-0.03454948216676712,0.9976180195808411,600,166
103,3433,9,0.6219316124916077,0.3228611350059509,-0.10333454608917236,0.9989036321640015,597,174
103,3433,10,0.6205175518989563,0.3238370716571808,-0.08004350960254669,0.997796356678009,595,174
103,3433,11,0.6501234173774719,0.36806049942970276,-0.14549876749515533,0.9999779462814331,624,198
103,3433,12,0.6290554404258728,0.3754684329032898,0.04787087067961693,0.9993240833282471,603,202
103,3433,13,0.6591259241104126,0.46597492694854736,-0.1841149926185608,0.9898901581764221,632,251
103,3433,14,0.6189181208610535,0.46346643567085266,0.07598190009593964,0.08872206509113312,594,250
103,3433,15,0.6497142910957336,0.5558900833129883,-0.21039079129695892,0.942192018032074,623,300
103,3433,16,0.5908473134040833,0.5166117548942566,0.028308268636465073,0.44420403242111206,567,278
103,3433,17,0.6509507298469543,0.5845668315887451,-0.23066310584545135,0.9105370044708252,624,315
103,3433,18,0.582194983959198,0.5412352681159973,0.021409982815384865,0.4846186637878418,558,292
103,3433,19,0.6412708759307861,0.5830268263816833,-0.23630517721176147,0.9088475108146667,615,314
103,3433,20,0.5804301500320435,0.5428643226623535,-0.0010395157150924206,0.4948442578315735,557,293
103,3433,21,0.6403108835220337,0.5726203322410583,-0.21185149252414703,0.8556802868843079,614,309
103,3433,22,0.584945559501648,0.5359824299812317,0.01685168780386448,0.4766346216201782,561,289
103,3433,23,0.6358688473701477,0.5482935309410095,-0.06251073628664017,0.999958336353302,610,296
103,3433,24,0.6313736438751221,0.5441491007804871,0.06244494765996933,0.9999231696128845,606,293
103,3433,25,0.5997648239135742,0.654442310333252,-0.023339251056313515,0.9689547419548035,575,353
103,3433,26,0.6484130024909973,0.6414646506309509,0.06704697757959366,0.6643542051315308,622,346
103,3433,27,0.5760195851325989,0.7798739075660706,0.021873045712709427,0.9753848314285278,552,421
103,3433,28,0.6778830289840698,0.7594068646430969,0.11474334448575974,0.8487446308135986,650,410
103,3433,29,0.5767949819564819,0.8081362247467041,0.021679649129509926,0.9241691827774048,553,436
103,3433,30,0.6879727840423584,0.7835599184036255,0.11750657111406326,0.8556915521621704,660,423
103,3433,31,0.5395305752754211,0.7787033915519714,-0.04434654489159584,0.9705826044082642,517,420
103,3433,32,0.6496559977531433,0.7870365381240845,0.08070016652345657,0.8879876136779785,623,424
104,3466,0,0.6150751113891602,0.3179187774658203,-0.1043764278292656,0.9990896582603455,590,171
104,3466,1,0.6182968020439148,0.30716580152511597,-0.11201336979866028,0.9988052845001221,593,165
104,3466,2,0.6191818118095398,0.30709531903266907,-0.11216180771589279,0.9989539384841919,594,165
104,3466,3,0.6205176711082458,0.30703720450401306,-0.11210677772760391,0.9991910457611084,595,165
104,3466,4,0.6170786619186401,0.30745625495910645,-0.09391773492097855,0.9986692070960999,592,166
104,3466,5,0.6169625520706177,0.3080083131790161,-0.09408847242593765,0.9987779259681702,592,166
104,3466,6,0.6162048578262329,0.3082948327064514,-0.09416738152503967,0.9989389181137085,591,166
104,3466,7,0.6269012093544006,0.31113147735595703,-0.11677560955286026,0.9995899796485901,601,168
104,3466,8,0.6204534769058228,0.31292107701301575,-0.034870631992816925,0.9978257417678833,595,168
104,3466,9,0.6189756989479065,0.3281656503677368,-0.10291775315999985,0.9989829063415527,594,177
104,3466,10,0.6170974969863892,0.3289322853088379,-0.07996314018964767,0.997972846031189,592,177
104,3466,11,0.6424760222434998,0.3719315528869629,-0.1419413983821869,0.9999774694442749,616,200
104,3466,12,0.6232751607894897,0.376948744058609,0.04770684242248535,0.9993593096733093,598,203
104,3466,13,0.6531308889389038,0.46764329075813293,-0.1837499886751175,0.9902379512786865,627,252
104,3466,14,0.6137216091156006,0.4646790325641632,0.07176605612039566,0.08875925093889236,589,250
104,3466,15,0.6444231271743774,0.5558274388313293,-0.2093985676765442,0.9454397559165955,618,300
104,3466,16,0.5846481323242188,0.5165852904319763,0.018882663920521736,0.4594792127609253,561,278
104,3466,17,0.6457189917564392,0.58416748046875,-0.22905506193637848,0.9163177609443665,619,315
104,3466,18,0.5743931531906128,0.541354238986969,0.011457690969109535,0.5049259662628174,551,292
104,3466,19,0.6360583901405334,0.5826978087425232,-0.2345530241727829,0.9149190187454224,610,314
104,3466,20,0.5733778476715088,0.54303377866745,-0.009915482252836227,0.5162650942802429,550,293
104,3466,21,0.6354137063026428,0.5722278356552124,-0.210926353931427,0.8658030033111572,609,309
104,3466,22,0.5787389278411865,0.5356824994087219,0.007522449363023043,0.49752235412597656,555,289
104,3466,23,0.624139666557312,0.5515250563621521,-0.062315769493579865,0.9999604821205139,599,297
104,3466,24,0.6265448331832886,0.5484333634376526,0.062243640422821045,0.9999273419380188,601,296
104,3466,25,0.5907958149909973,0.6571923494338989,-0.017210828140378,0.9717007279396057,567,354
104,3466,26,0.6426230072975159,0.6460545659065247,0.07454660534858704,0.6940283179283142,616,348
104,3466,27,0.5719355940818787,0.7804890275001526,0.028028355911374092,0.9777334928512573,549,421
104,3466,28,0.6768367290496826,0.7584745287895203,0.12238433957099915,0.8630790710449219,649,409
104,3466,29,0.5760796666145325,0.8072617650032043,0.028400378301739693,0.9312835931777954,553,435
104,3466,30,0.6871273517608643,0.7807931303977966,0.12512601912021637,0.8693185448646545,659,421
104,3466,31,0.5370386242866516,0.7866272926330566,-0.02936115488409996,0.9733303189277649,515,424
104,3466,32,0.6493213176727295,0.7866975665092468,0.0901167243719101,0.8984054327011108,623,424
105,3500,0,0.6145603060722351,0.3183279037475586,-0.1059798151254654,0.99916011095047,589,171
105,3500,1,0.6183947324752808,0.30749067664146423,-0.11237778514623642,0.9989016056060791,593,166
105,3500,2,0.6195717453956604,0.3073980212211609,-0.11252780258655548,0.9990394115447998,594,165
105,3500,3,0.6207758188247681,0.30710819363594055,-0.11247458308935165,0.9992535710334778,595,165
105,3500,4,0.6161211133003235,0.3079153001308441,-0.09489648789167404,0.9987853765487671,591,166
105,3500,5,0.6157069802284241,0.3083484470844269,-0.09506996721029282,0.9988870024681091,591,166
105,3500,6,0.6150655150413513,0.3085657060146332,-0.09515120089054108,0.9990315437316895,590,166
105,3500,7,0.6262862086296082,0.31182625889778137,-0.11415689438581467,0.9996209740638733,601,168
105,3500,8,0.6181608438491821,0.31358471512794495,-0.03478207811713219,0.9980162382125854,593,169
105,3500,9,0.6186472177505493,0.3286583721637726,-0.10299598425626755,0.99905925989151,593,177
105,3500,10,0.6154330968856812,0.32937678694725037,-0.08091007173061371,0.9981397986412048,590,177
105,3500,11,0.6427377462387085,0.3729153275489807,-0.13847321271896362,0.9999769926071167,617,201
105,3500,12,0.6210795640945435,0.3803125321865082,0.04778316244482994,0.9993925094604492,596,205
105,3500,13,0.649919867515564,0.4678928852081299,-0.1836547702550888,0.9902818202972412,623,252
105,3500,14,0.6113365888595581,0.4690474271774292,0.07125222682952881,0.08796987682580948,586,253
105,3500,15,0.6418992280960083,0.5576449036598206,-0.2160978466272354,0.9473524689674377,616,301
105,3500,16,0.5843262076377869,0.5180282592773438,0.01695876754820347,0.46824634075164795,560,279
105,3500,17,0.6435613036155701,0.5853269100189209,-0.23693332076072693,0.920171320438385,617,316
105,3500,18,0.5743613839149475,0.5416146516799927,0.009159560315310955,0.5186320543289185,551,292
105,3500,19,0.6340852975845337,0.584359347820282,-0.24294596910476685,0.9190211892127991,608,315
105,3500,20,0.5721222758293152,0.5433003306388855,-0.011966217309236526,0.530572235584259,549,293
105,3500,21,0.6329013109207153,0.5739161968231201,-0.21809937059879303,0.8728991746902466,607,309
105,3500,22,0.5776600241661072,0.5365886688232422,0.005685956217348576,0.5113379955291748,554,289
105,3500,23,0.6239169239997864,0.5533153414726257,-0.06173000484704971,0.999962568283081,598,298
105,3500,24,0.6246357560157776,0.5509305596351624,0.061655621975660324,0.9999316334724426,599,297
105,3500,25,0.5909149646759033,0.6584088802337646,-0.020373044535517693,0.9740629196166992,567,355
105,3500,26,0.6417598724365234,0.6471458673477173,0.07107235491275787,0.7190042734146118,616,349
105,3500,27,0.5710569024085999,0.781496524810791,0.029365036636590958,0.9798133373260498,548,422
105,3500,28,0.676099419593811,0.7581949234008789,0.11113347113132477,0.875580370426178,649,409
105,3500,29,0.5757685899734497,0.806611180305481,0.03021862730383873,0.9375143647193909,552,435
105,3500,30,0.687080442905426,0.7806507349014282,0.1132180243730545,0.8810842037200928,659,421
105,3500,31,0.5363275408744812,0.7909109592437744,-0.027038581669330597,0.9757567644119263,514,427
105,3500,32,0.6491417288780212,0.7863454818725586,0.07757331430912018,0.907505989074707,623,424
106,3533,0,0.6051538586616516,0.3180394470691681,-0.10460589081048965,0.9992135167121887,580,171
106,3533,1,0.6081089377403259,0.30730974674224854,-0.11059673875570297,0.9989548325538635,583,165
106,3533,2,0.6091539859771729,0.3071433901786804,-0.11074673384428024,0.999085009098053,584,165
106,3533,3,0.6100367307662964,0.30686154961586,-0.11070366948843002,0.9992831349372864,585,165
106,3533,4,0.6067191958427429,0.3078087866306305,-0.09336350858211517,0.9988544583320618,582,166
106,3533,5,0.6066249012947083,0.3082318902015686,-0.0935368612408638,0.998954176902771,582,166
106,3533,6,0.6063088774681091,0.30846312642097473,-0.09361155331134796,0.9990899562835693,582,166
106,3533,7,0.6164256930351257,0.3116316795349121,-0.1110818088054657,0.9996334314346313,591,168
106,3533,8,0.6101480722427368,0.31356289982795715,-0.0317942313849926,0.998136043548584,585,169
106,3533,9,0.6082131266593933,0.32836925983428955,-0.10077621787786484,0.9991119503974915,583,177
106,3533,10,0.6066619157791138,0.3291694223880768,-0.07904229313135147,0.9982643723487854,582,177
106,3533,11,0.6326532959938049,0.3725863993167877,-0.13244883716106415,0.9999775290489197,607,201
106,3533,12,0.6120525002479553,0.3798125088214874,0.05078234151005745,0.9994297623634338,587,205
106,3533,13,0.6407867670059204,0.46972015500068665,-0.16997908055782318,0.9899693727493286,615,253
106,3533,14,0.6002978682518005,0.4689047932624817,0.07866614311933517,0.08624153584241867,576,253
106,3533,15,0.6351574063301086,0.5605729818344116,-0.211700901389122,0.949425995349884,609,302
106,3533,16,0.5737740397453308,0.5184313058853149,0.02266968972980976,0.4740990400314331,550,279
106,3533,17,0.6360475420951843,0.5876789093017578,-0.2358102649450302,0.9232937097549438,610,317
106,3533,18,0.5658578276634216,0.5417366027832031,0.013979258947074413,0.5263872146606445,543,292
106,3533,19,0.6270430684089661,0.5859977602958679,-0.2381543666124344,0.9222266674041748,601,316
106,3533,20,0.5643202066421509,0.5436849594116211,-0.008639857172966003,0.5393977761268616,541,293
106,3533,21,0.6260803937911987,0.57568359375,-0.21637119352817535,0.876923680305481,601,310
106,3533,22,0.569758415222168,0.5372695326805115,0.010643983259797096,0.5184156894683838,546,290
106,3533,23,0.6210196614265442,0.5537987351417542,-0.05896786227822304,0.99996018409729,596,299
106,3533,24,0.6122562289237976,0.5533972382545471,0.058913927525281906,0.9999292492866516,587,298
106,3533,25,0.6030084490776062,0.6668583750724792,-0.03566719964146614,0.974479615688324,578,360
106,3533,26,0.6133299469947815,0.6581729650497437,0.07433300465345383,0.7121331095695496,588,355
106,3533,27,0.6289012432098389,0.7822484970092773,0.026566896587610245,0.9803677797317505,603,422
106,3533,28,0.6120677590370178,0.7813062071800232,0.11544087529182434,0.8761106729507446,587,421
106,3533,29,0.6384270191192627,0.8060962557792664,0.02766953781247139,0.9357152581214905,612,435
106,3533,30,0.6183892488479614,0.8085295557975769,0.11857752501964569,0.8766061067581177,593,436
106,3533,31,0.6092057824134827,0.7965131998062134,-0.02773757092654705,0.9764869213104248,584,430
106,3533,32,0.5846022963523865,0.795261561870575,0.08271794766187668,0.9091790914535522,561,429
107,3566,0,0.6046728491783142,0.3178424835205078,-0.13451138138771057,0.9992833733558655,580,171
107,3566,1,0.6087403893470764,0.30717313289642334,-0.13883832097053528,0.9990432858467102,584,165
107,3566,2,0.6102545857429504,0.3069688081741333,-0.1390003114938736,0.9991607666015625,585,165
107,3566,3,0.6121561527252197,0.30667874217033386,-0.13894779980182648,0.9993398785591125,587,165
107,3566,4,0.6055297255516052,0.30765941739082336,-0.1224849596619606,0.9989548325538635,581,166
107,3566,5,0.6045833230018616,0.3080626130104065,-0.12265738099813461,0.9990459680557251,580,166
107,3566,6,0.6037158370018005,0.3082805275917053,-0.12272760272026062,0.9991694092750549,579,166
107,3566,7,0.617861807346344,0.3114760220050812,-0.12703688442707062,0.9996591806411743,593,168
107,3566,8,0.6066312193870544,0.31339898705482483,-0.051650550216436386,0.9982922673225403,582,169
107,3566,9,0.6088868975639343,0.3281049132347107,-0.1265518069267273,0.9991864562034607,584,177
107,3566,10,0.6048088669776917,0.3288974165916443,-0.10601302981376648,0.9984179139137268,580,177
107,3566,11,0.6332359910011292,0.3717539310455322,-0.1437663733959198,0.9999791383743286,607,200
107,3566,12,0.609452486038208,0.3803146481513977,0.04193871468305588,0.9994789958000183,585,205
107,3566,13,0.63893061876297,0.4696195125579834,-0.18554343283176422,0.9897469282150269,613,253
107,3566,14,0.599025309085846,0.4698869585990906,0.07716206461191177,0.08467695862054825,575,253
107,3566,15,0.631216824054718,0.5611117482185364,-0.23796173930168152,0.9519208669662476,605,303
107,3566,16,0.5741704106330872,0.5205774307250977,0.02066921256482601,0.48925313353538513,551,281
107,3566,17,0.6324100494384766,0.5882598757743835,-0.2629155218601227,0.9268889427185059,607,317
107,3566,18,0.564990222454071,0.5434087514877319,0.01159552950412035,0.5411117076873779,542,293
107,3566,19,0.6231224536895752,0.586769163608551,-0.26884257793426514,0.9259620308876038,598,316
107,3566,20,0.5641084313392639,0.5448593497276306,-0.01184338703751564,0.55499267578125,541,294
107,3566,21,0.6216824054718018,0.57704758644104,-0.24054013192653656,0.8812044858932495,596,311
107,3566,22,0.5689118504524231,0.5382125377655029,0.008216503076255322,0.5314557552337646,546,290
107,3566,23,0.623066246509552,0.5534273982048035,-0.0585860013961792,0.9999613761901855,598,298
107,3566,24,0.6089358925819397,0.5526311993598938,0.058534350246191025,0.9999331831932068,584,298
107,3566,25,0.6273478865623474,0.6664078831672668,-0.024271555244922638,0.9737105965614319,602,359
107,3566,26,0.5887983441352844,0.6561546325683594,0.06253048777580261,0.7295331954956055,565,354
107,3566,27,0.6647759675979614,0.7616378664970398,0.07733157277107239,0.9791456460952759,638,411
107,3566,28,0.573552131652832,0.7814218401908875,0.09188735485076904,0.885762095451355,550,421
107,3566,29,0.6771312355995178,0.776161789894104,0.08279426395893097,0.9195642471313477,650,419
107,3566,30,0.5779255032539368,0.8085941672325134,0.09185853600502014,0.8820923566818237,554,436
107,3566,31,0.6417169570922852,0.7962549924850464,0.022791657596826553,0.975202739238739,616,429
107,3566,32,0.5389993786811829,0.7998464703559875,0.03512038663029671,0.9162878394126892,517,431
108,3600,0,0.5996177196502686,0.3177051544189453,-0.10835287719964981,0.9993059039115906,575,171
108,3600,1,0.6018708348274231,0.30708444118499756,-0.1145123615860939,0.9990919828414917,577,165
108,3600,2,0.6023594737052917,0.3068288564682007,-0.11467358469963074,0.9992101192474365,578,165
108,3600,3,0.6026214957237244,0.3065601885318756,-0.11464112251996994,0.9993720650672913,578,165
108,3600,4,0.6016481518745422,0.30754464864730835,-0.09890491515398026,0.9990177154541016,577,166
108,3600,5,0.6016749739646912,0.30792486667633057,-0.09905851632356644,0.9991098642349243,577,166
108,3600,6,0.6015711426734924,0.3081398904323578,-0.0991235226392746,0.9992179274559021,577,166
108,3600,7,0.6070134043693542,0.3114011287689209,-0.11713599413633347,0.9996798634529114,582,168
108,3600,8,0.6049548983573914,0.313258558511734,-0.04790179058909416,0.9984090328216553,580,169
108,3600,9,0.6015124917030334,0.32793766260147095,-0.10650577396154404,0.9992345571517944,577,177
108,3600,10,0.6006252765655518,0.32869237661361694,-0.08743417263031006,0.9985241889953613,576,177
108,3600,11,0.6228887438774109,0.37134331464767456,-0.14389657974243164,0.9999793767929077,597,200
108,3600,12,0.6042929291725159,0.37999844551086426,0.04287397116422653,0.9994888305664062,580,205
108,3600,13,0.6308921575546265,0.4680904746055603,-0.18736200034618378,0.9904997944831848,605,252
108,3600,14,0.5928485989570618,0.46996891498565674,0.07236707210540771,0.09031130373477936,569,253
108,3600,15,0.6213432550430298,0.5605466365814209,-0.2262176126241684,0.9563347697257996,596,302
108,3600,16,0.564923882484436,0.5213844776153564,0.017393212765455246,0.5184273719787598,542,281
108,3600,17,0.6237905621528625,0.586854100227356,-0.24813704192638397,0.933653712272644,598,316
108,3600,18,0.5583256483078003,0.5445805788040161,0.00984675157815218,0.5699058771133423,535,294
108,3600,19,0.613711953163147,0.5862801671028137,-0.2530559301376343,0.932824432849884,589,316
108,3600,20,0.5564911961555481,0.5456187129020691,-0.012593296356499195,0.5838043093681335,534,294
108,3600,21,0.6129153370857239,0.5764304995536804,-0.22777335345745087,0.8921926021575928,588,311
108,3600,22,0.5608442425727844,0.5388883948326111,0.005444273352622986,0.5610960721969604,538,290
108,3600,23,0.6069909930229187,0.5531542897224426,-0.05876398831605911,0.9999642968177795,582,298
108,3600,24,0.6054524779319763,0.5521063208580017,0.05871357396245003,0.9999377727508545,581,298
108,3600,25,0.5799506902694702,0.6603182554244995,-0.025614146143198013,0.9761838912963867,556,356
108,3600,26,0.6103166341781616,0.655023992061615,0.06223254278302193,0.7547727227210999,585,353
108,3600,27,0.577192485332489,0.770423948764801,0.02715151757001877,0.9811977744102478,554,416
108,3600,28,0.6398715972900391,0.7524905800819397,0.10253410041332245,0.8968497514724731,614,406
108,3600,29,0.5856834053993225,0.7923316955566406,0.028003914281725883,0.9273998141288757,562,427
108,3600,30,0.6587209701538086,0.7591454386711121,0.10492794215679169,0.8934449553489685,632,409
108,3600,31,0.5417612195014954,0.8031898140907288,-0.025895869359374046,0.9776284694671631,520,433
108,3600,32,0.6351186633110046,0.799543023109436,0.06092117726802826,0.9243515729904175,609,431
109,3633,0,0.5976903438568115,0.3166883885860443,-0.10764369368553162,0.9993464946746826,573,171
109,3633,1,0.6013386249542236,0.3061201274394989,-0.1129336878657341,0.99915611743927,577,165
109,3633,2,0.6022945642471313,0.3060432970523834,-0.1130901500582695,0.9992685914039612,578,165
109,3633,3,0.6035444736480713,0.30591028928756714,-0.11305034905672073,0.9994131922721863,579,165
109,3633,4,0.5995109677314758,0.30677276849746704,-0.09763509780168533,0.9990946054458618,575,165
109,3633,5,0.599042534828186,0.3072180449962616,-0.09779500216245651,0.9991825819015503,575,165
109,3633,6,0.5984851717948914,0.307507187128067,-0.09786771982908249,0.99927818775177,574,166
109,3633,7,0.6083491444587708,0.31113600730895996,-0.11184705048799515,0.9997029304504395,584,168
109,3633,8,0.6017634272575378,0.3127872049808502,-0.04358668997883797,0.9985424280166626,577,168
109,3633,9,0.6011820435523987,0.32734668254852295,-0.10434958338737488,0.9992855787277222,577,176
109,3633,10,0.5982696413993835,0.32788941264152527,-0.08600498735904694,0.9986345767974854,574,177
109,3633,11,0.6227655410766602,0.3705653250217438,-0.1405804604291916,0.9999792575836182,597,200
109,3633,12,0.6028995513916016,0.37980374693870544,0.042996346950531006,0.9995014667510986,578,205
109,3633,13,0.6310209631919861,0.46756359934806824,-0.18822486698627472,0.9909907579421997,605,252
109,3633,14,0.5910326838493347,0.4707123935222626,0.071596160531044,0.09214664250612259,567,254
109,3633,15,0.6203617453575134,0.5602867603302002,-0.23317833244800568,0.9598130583763123,595,302
109,3633,16,0.5662906765937805,0.5226782560348511,0.01798299327492714,0.5350301265716553,543,282
109,3633,17,0.6221115589141846,0.5864862203598022,-0.25529325008392334,0.9391837120056152,597,316
109,3633,18,0.5567246079444885,0.5454946160316467,0.010215852409601212,0.5889936685562134,534,294
109,3633,19,0.6126449704170227,0.5860596895217896,-0.2603006958961487,0.938461422920227,588,316
109,3633,20,0.5558717250823975,0.5465838313102722,-0.012111545540392399,0.6030688881874084,533,295
109,3633,21,0.6118084788322449,0.5760570168495178,-0.23493972420692444,0.9012840986251831,587,311
109,3633,22,0.5601591467857361,0.5397519469261169,0.00579291395843029,0.5806498527526855,537,291
109,3633,23,0.6058592200279236,0.5537300109863281,-0.059001583606004715,0.9999667406082153,581,299
109,3633,24,0.6045235395431519,0.5516300201416016,0.05894998088479042,0.999941885471344,580,297
109,3633,25,0.5770252346992493,0.6688104867935181,-0.026093987748026848,0.9784399271011353,553,361
109,3633,26,0.6134933233261108,0.6555461883544922,0.06376682221889496,0.7780600786209106,588,353
109,3633,27,0.5691277384757996,0.7763006687164307,0.02812052145600319,0.9830390810966492,546,419
109,3633,28,0.6536210179328918,0.7484227418899536,0.10612084716558456,0.9068974256515503,627,404
109,3633,29,0.5760790109634399,0.8021790385246277,0.02972753718495369,0.9344159960746765,553,433
109,3633,30,0.6716923117637634,0.7548494338989258,0.10907944291830063,0.9037066102027893,644,407
109,3633,31,0.533661425113678,0.8052706718444824,-0.023213567212224007,0.9798020124435425,512,434
109,3633,32,0.6452161073684692,0.7982586026191711,0.06982506811618805,0.9316624402999878,619,431
110,3666,0,0.5906313061714172,0.3163045346736908,-0.09472907334566116,0.9993274807929993,567,170
110,3666,1,0.5935261249542236,0.30576083064079285,-0.10117810219526291,0.9991639852523804,569,165
110,3666,2,0.5940038561820984,0.3056919276714325,-0.10132851451635361,0.9992842674255371,570,165
110,3666,3,0.5944902300834656,0.30554044246673584,-0.10128755122423172,0.9994125962257385,570,164
110,3666,4,0.5931669473648071,0.306323766708374,-0.08488587290048599,0.9991220235824585,569,165
110,3666,5,0.5932783484458923,0.30667927861213684,-0.08505525439977646,0.9992180466651917,569,165
110,3666,6,0.5932251214981079,0.3069034814834595,-0.08513464778661728,0.9993027448654175,569,165
110,3666,7,0.6000354886054993,0.31057754158973694,-0.10512631386518478,0.9997059106826782,576,167
110,3666,8,0.5970519781112671,0.31221672892570496,-0.03212277963757515,0.9986124634742737,573,168
110,3666,9,0.5932134985923767,0.3268604278564453,-0.0929844081401825,0.9992846846580505,569,176
110,3666,10,0.5922523140907288,0.32745203375816345,-0.07307294011116028,0.9986734986305237,568,176
110,3666,11,0.6146218776702881,0.37068337202072144,-0.1389610767364502,0.9999783635139465,590,200
110,3666,12,0.5960162878036499,0.37956884503364563,0.04964796453714371,0.9994956851005554,572,204
110,3666,13,0.6210266947746277,0.46850740909576416,-0.1871808022260666,0.9911421537399292,596,252
110,3666,14,0.5845537781715393,0.4705517292022705,0.07766517996788025,0.09045100957155228,561,254
110,3666,15,0.6148450374603271,0.5600868463516235,-0.22659189999103546,0.9618197083473206,590,302
110,3666,16,0.560745120048523,0.5245000123977661,0.028544610366225243,0.5333793759346008,538,283
110,3666,17,0.6167800426483154,0.5863180160522461,-0.2478610724210739,0.9428876042366028,592,316
110,3666,18,0.5534143447875977,0.5470415949821472,0.02327965758740902,0.5902858972549438,531,295
110,3666,19,0.6095999479293823,0.5860934257507324,-0.25286218523979187,0.9422512650489807,585,316
110,3666,20,0.5515435934066772,0.5474457740783691,0.0017205439507961273,0.6051186919212341,529,295
110,3666,21,0.6086969971656799,0.5765724778175354,-0.2281063050031662,0.9075914621353149,584,311
110,3666,22,0.5555858016014099,0.5405275225639343,0.016992727294564247,0.5833006501197815,533,291
110,3666,23,0.5990419983863831,0.5521315336227417,-0.059083323925733566,0.9999693632125854,575,298
110,3666,24,0.593976616859436,0.5492286086082458,0.059029918164014816,0.9999462962150574,570,296
110,3666,25,0.5745617151260376,0.667935311794281,-0.03379330411553383,0.9804678559303284,551,360
110,3666,26,0.6000966429710388,0.6552024483680725,0.06277859956026077,0.7986567616462708,576,353
110,3666,27,0.5684159994125366,0.7792803645133972,0.015951380133628845,0.9846969842910767,545,420
110,3666,28,0.6525535583496094,0.7403686046600342,0.09792649000883102,0.9158797860145569,626,399
110,3666,29,0.5743025541305542,0.8045828938484192,0.017865067347884178,0.940697431564331,551,434
110,3666,30,0.6697043776512146,0.7417316436767578,0.10045231878757477,0.912786066532135,642,400
110,3666,31,0.5313163995742798,0.806431233882904,-0.03628741577267647,0.9817595481872559,510,435
110,3666,32,0.644659161567688,0.797361433506012,0.06461036205291748,0.938183069229126,618,430
111,3700,0,0.5895858407020569,0.3151906132698059,-0.09617026150226593,0.9993516802787781,566,170
111,3700,1,0.5934751629829407,0.30477479100227356,-0.10353834927082062,0.9992090463638306,569,164
111,3700,2,0.594667375087738,0.3048073351383209,-0.10368725657463074,0.9993208646774292,570,164
111,3700,3,0.5962477326393127,0.3047851026058197,-0.10364285111427307,0.9994372129440308,572,164
111,3700,4,0.590844452381134,0.3055686950683594,-0.08700408041477203,0.9991826415061951,567,165
111,3700,5,0.5899372696876526,0.30599838495254517,-0.08717405050992966,0.9992746114730835,566,165
111,3700,6,0.5891410112380981,0.30628275871276855,-0.08725323528051376,0.9993529915809631,565,165
111,3700,7,0.6015053391456604,0.3101653456687927,-0.10009582340717316,0.9997149109840393,577,167
111,3700,8,0.5917803645133972,0.3119255304336548,-0.027872050181031227,0.9987160563468933,568,168
111,3700,9,0.5931129455566406,0.3256668746471405,-0.0947565957903862,0.9993150234222412,569,175
111,3700,10,0.5897785425186157,0.32643356919288635,-0.07450596988201141,0.9987580180168152,566,176
111,3700,11,0.615799069404602,0.370126336812973,-0.12718749046325684,0.9999765753746033,591,199
111,3700,12,0.5935828685760498,0.37963777780532837,0.05160068720579147,0.9995144009590149,569,205
111,3700,13,0.6201296448707581,0.46864593029022217,-0.17357748746871948,0.9901698231697083,595,253
111,3700,14,0.5826978087425232,0.47115856409072876,0.07921932637691498,0.09268384426832199,559,254
111,3700,15,0.6140634417533875,0.559952437877655,-0.2177373319864273,0.9604182839393616,589,302
111,3700,16,0.5599582195281982,0.5259128212928772,0.028043469414114952,0.5518844127655029,537,283
111,3700,17,0.6139181852340698,0.5862426161766052,-0.2380005270242691,0.9427156448364258,589,316
111,3700,18,0.5526005029678345,0.547728955745697,0.022110994905233383,0.6089873313903809,530,295
111,3700,19,0.6072099804878235,0.5858748555183411,-0.24377036094665527,0.9423497319221497,582,316
111,3700,20,0.550370454788208,0.5477092266082764,0.0007541803061030805,0.623971700668335,528,295
111,3700,21,0.6063070297241211,0.5763119459152222,-0.2197640836238861,0.9086931347846985,582,311
111,3700,22,0.5544401407241821,0.5408629775047302,0.016696730628609657,0.6018432378768921,532,292
111,3700,23,0.5998018980026245,0.5480795502662659,-0.05868961662054062,0.9999710917472839,575,295
111,3700,24,0.5917903184890747,0.5445950627326965,0.0586349256336689,0.9999498128890991,568,294
111,3700,25,0.5740247368812561,0.667525053024292,-0.03720061480998993,0.9819363355636597,551,360
111,3700,26,0.5992376208305359,0.6551442742347717,0.05505078285932541,0.813454806804657,575,353
111,3700,27,0.5665130019187927,0.7796282768249512,0.0055417525582015514,0.9861111640930176,543,420
111,3700,28,0.6510937809944153,0.7367088794708252,0.08966416865587234,0.9226504564285278,625,397
111,3700,29,0.5752342939376831,0.8062085509300232,0.006850844714790583,0.9459602236747742,552,435
111,3700,30,0.6686665415763855,0.7370498180389404,0.09219121932983398,0.9192646741867065,641,398
111,3700,31,0.5307319760322571,0.8078338503837585,-0.053294140845537186,0.983422577381134,509,436
111,3700,32,0.6455827951431274,0.7967662215232849,0.05365632474422455,0.9431284070014954,619,430
112,3733,0,0.5784849524497986,0.3124842941761017,-0.08224435895681381,0.9991462826728821,555,168
112,3733,1,0.5814187526702881,0.30265820026397705,-0.09323367476463318,0.9990327954292297,558,163
112,3733,2,0.581917941570282,0.30265700817108154,-0.09337441623210907,0.9991723299026489,558,163
112,3733,3,0.58216392993927,0.30257612466812134,-0.09332876652479172,0.9992885589599609,558,163
112,3733,4,0.581762433052063,0.30314964056015015,-0.07448747009038925,0.9990547299385071,558,163
112,3733,5,0.5822380781173706,0.30340376496315,-0.0746573880314827,0.9991893768310547,558,163
112,3733,6,0.5828636884689331,0.3034229278564453,-0.07474041730165482,0.9992762804031372,559,163
112,3733,7,0.5882971286773682,0.3077239990234375,-0.10247974842786789,0.9996444582939148,564,166
112,3733,8,0.5882665514945984,0.30892446637153625,-0.026444315910339355,0.9986410737037659,564,166
112,3733,9,0.580700159072876,0.32283589243888855,-0.08580391854047775,0.9991776943206787,557,174
112,3733,10,0.5805419683456421,0.32388433814048767,-0.06254630535840988,0.9986239075660706,557,174
112,3733,11,0.6033743023872375,0.36939987540245056,-0.1431344449520111,0.9999735355377197,579,199
112,3733,12,0.5893107056617737,0.37530216574668884,0.051386360079050064,0.9994863867759705,565,202
112,3733,13,0.6090271472930908,0.46803927421569824,-0.19151069223880768,0.9899128079414368,584,252
112,3733,14,0.579564094543457,0.4702429473400116,0.07878411561250687,0.08791060000658035,556,253
112,3733,15,0.6053422093391418,0.5572666525840759,-0.21882383525371552,0.959611713886261,581,300
112,3733,16,0.5570303201675415,0.5242627263069153,0.02968435548245907,0.5436210036277771,534,283
112,3733,17,0.6078169345855713,0.582003116607666,-0.2380491942167282,0.9425313472747803,583,314
112,3733,18,0.5482243299484253,0.547294557094574,0.024896396324038506,0.6033039689064026,526,295
112,3733,19,0.6008239984512329,0.5847111940383911,-0.24352341890335083,0.942089855670929,576,315
112,3733,20,0.5455443263053894,0.5473538041114807,0.004611387848854065,0.6190435290336609,523,295
112,3733,21,0.5991670489311218,0.5760643482208252,-0.2200753390789032,0.9088228344917297,575,311
112,3733,22,0.5507190823554993,0.5399690270423889,0.018730109557509422,0.5968320965766907,528,291
112,3733,23,0.5894109606742859,0.5468003153800964,-0.05951866880059242,0.9999727010726929,565,295
112,3733,24,0.5868576169013977,0.5409064292907715,0.0594625398516655,0.9999524354934692,563,292
112,3733,25,0.5692760348320007,0.6665488481521606,-0.03657633066177368,0.9830343723297119,546,359
112,3733,26,0.584896981716156,0.6412813663482666,0.07449113577604294,0.8200904130935669,561,346
112,3733,27,0.5659217238426208,0.7795305848121643,0.011065155267715454,0.9873399138450623,543,420
112,3733,28,0.6391040086746216,0.7313194274902344,0.09747641533613205,0.9274764060974121,613,394
112,3733,29,0.5764827132225037,0.8068663477897644,0.012641719542443752,0.9503920078277588,553,435
112,3733,30,0.6576865911483765,0.729047417640686,0.09881209582090378,0.9239205718040466,631,393
112,3733,31,0.5294809937477112,0.8085511326789856,-0.04771694168448448,0.9848223328590393,508,436
112,3733,32,0.6413190364837646,0.7928027510643005,0.07000482082366943,0.9465429782867432,615,428
113,3766,0,0.5762273073196411,0.3106403052806854,-0.08848873525857925,0.9991413354873657,553,167
113,3766,1,0.5793378353118896,0.30079105496406555,-0.09740519523620605,0.9990612268447876,556,162
113,3766,2,0.5798837542533875,0.300814688205719,-0.09754892438650131,0.9991931915283203,556,162
113,3766,3,0.5801006555557251,0.3007014989852905,-0.09750369936227798,0.9993005394935608,556,162
113,3766,4,0.5796342492103577,0.3013755679130554,-0.07937739789485931,0.9990957975387573,556,162
113,3766,5,0.5801111459732056,0.30165550112724304,-0.07954494655132294,0.9992285370826721,556,162
113,3766,6,0.580451250076294,0.3017168343067169,-0.07962401956319809,0.9993113875389099,557,162
113,3766,7,0.5860913395881653,0.30651113390922546,-0.10311546176671982,0.99964839220047,562,165
113,3766,8,0.5859824419021606,0.3075300455093384,-0.02740023285150528,0.9987190961837769,562,166
113,3766,9,0.5788401365280151,0.3214972913265228,-0.08920390158891678,0.9991866946220398,555,173
113,3766,10,0.5783426761627197,0.32246068120002747,-0.06670722365379333,0.9986737370491028,555,174
113,3766,11,0.6027504205703735,0.36911529302597046,-0.142225444316864,0.9999723434448242,578,199
113,3766,12,0.586891770362854,0.37521079182624817,0.04403914883732796,0.9994937181472778,563,202
113,3766,13,0.607225239276886,0.4680485725402832,-0.17890676856040955,0.989581823348999,582,252
113,3766,14,0.5782615542411804,0.47015824913978577,0.0723135694861412,0.08451754599809647,555,253
113,3766,15,0.6025081276893616,0.5570226311683655,-0.19710560142993927,0.9588291049003601,578,300
113,3766,16,0.5555495619773865,0.5237602591514587,0.02884785272181034,0.5431641340255737,533,282
113,3766,17,0.6038264632225037,0.582226037979126,-0.21261031925678253,0.9426270723342896,579,314
113,3766,18,0.5475828647613525,0.5472826361656189,0.02461453713476658,0.6065935492515564,525,295
113,3766,19,0.596025288105011,0.5847823619842529,-0.2184281051158905,0.9423442482948303,572,315
113,3766,20,0.5456336140632629,0.5475044846534729,0.003461850108578801,0.6230472922325134,523,295
113,3766,21,0.5945707559585571,0.5759305357933044,-0.19834883511066437,0.9100828170776367,570,311
113,3766,22,0.5504058003425598,0.5397821068763733,0.018519748002290726,0.6008743047714233,528,291
113,3766,23,0.5895232558250427,0.5456494092941284,-0.05757569521665573,0.9999743103981018,565,294
113,3766,24,0.5831962823867798,0.5393573045730591,0.05753733590245247,0.9999554753303528,559,291
113,3766,25,0.5694421529769897,0.6663500666618347,-0.004065146204084158,0.9839693903923035,546,359
113,3766,26,0.5834968090057373,0.6365847587585449,0.06908926367759705,0.8312914967536926,560,343
113,3766,27,0.5665147304534912,0.7795260548591614,0.04743143543601036,0.9884459376335144,543,420
113,3766,28,0.6359668374061584,0.7293022274971008,0.0861772671341896,0.9325062036514282,610,393
113,3766,29,0.5757713317871094,0.8067352771759033,0.04992258548736572,0.9544583559036255,552,435
113,3766,30,0.6524855494499207,0.7265114784240723,0.08726545423269272,0.928629457950592,626,392
113,3766,31,0.5308404564857483,0.8077973127365112,-0.0026426315307617188,0.9860832691192627,509,436
113,3766,32,0.6402660012245178,0.7891334295272827,0.05334755405783653,0.9502578377723694,614,426
114,3800,0,0.5694254040718079,0.31024062633514404,-0.08311805874109268,0.9980424046516418,546,167
114,3800,1,0.5720730423927307,0.2998132109642029,-0.09536384046077728,0.9978364109992981,549,161
114,3800,2,0.5723561644554138,0.2997765839099884,-0.0955183133482933,0.9980468153953552,549,161
114,3800,3,0.5725744962692261,0.29958415031433105,-0.09547822177410126,0.9984642863273621,549,161
114,3800,4,0.5728065371513367,0.3004603683948517,-0.07699058204889297,0.9979646801948547,549,162
114,3800,5,0.5735441446304321,0.3005423843860626,-0.0771610215306282,0.9982383251190186,550,162
114,3800,6,0.5745624303817749,0.3003575801849365,-0.07725755870342255,0.9985671043395996,551,162
114,3800,7,0.5789281725883484,0.30397990345954895,-0.11571101099252701,0.9992162585258484,555,164
114,3800,8,0.5811931490898132,0.3051004707813263,-0.03264687955379486,0.9975654482841492,557,164
114,3800,9,0.5716779232025146,0.32032322883605957,-0.08766623586416245,0.998627781867981,548,172
114,3800,10,0.5720948576927185,0.32113364338874817,-0.0647188052535057,0.9979020357131958,549,173
114,3800,11,0.5933634042739868,0.3670964539051056,-0.15570640563964844,0.9999685287475586,569,198
114,3800,12,0.5838123559951782,0.3715810775756836,0.04056018218398094,0.9993685483932495,560,200
114,3800,13,0.5930184721946716,0.4680388271808624,-0.18635623157024384,0.9868434071540833,569,252
114,3800,14,0.5709643959999084,0.4696466028690338,0.06664254516363144,0.07700377702713013,548,253
114,3800,15,0.5849798917770386,0.5573917627334595,-0.19770368933677673,0.9513289332389832,561,300
114,3800,16,0.5529011487960815,0.5237980484962463,0.026884237304329872,0.4985297918319702,530,282
114,3800,17,0.5867112278938293,0.5914425253868103,-0.21509556472301483,0.9321590065956116,563,319
114,3800,18,0.5458511114120483,0.5472486019134521,0.02221379429101944,0.5602590441703796,524,295
114,3800,19,0.5812821984291077,0.5915908217430115,-0.21965868771076202,0.9316962361335754,558,319
114,3800,20,0.5437211990356445,0.5475064516067505,0.0033717299811542034,0.576259434223175,521,295
114,3800,21,0.5787528157234192,0.5813120007514954,-0.19837482273578644,0.8942655920982361,555,313
114,3800,22,0.5470906496047974,0.540054440498352,0.01718708500266075,0.5553626418113708,525,291
114,3800,23,0.5794342756271362,0.5453868508338928,-0.060383446514606476,0.9999687671661377,556,294
114,3800,24,0.5739713311195374,0.5395392775535583,0.06034863367676735,0.9999426007270813,551,291
114,3800,25,0.5676997303962708,0.6656935811042786,-0.009614711627364159,0.9619454741477966,544,359
114,3800,26,0.5693780779838562,0.6382452249526978,0.11425022780895233,0.7539681196212769,546,344
114,3800,27,0.5658937096595764,0.7796368598937988,0.05599570646882057,0.9791619777679443,543,421
114,3800,28,0.6036396026611328,0.7331799268722534,0.1857926994562149,0.8527095317840576,579,395
114,3800,29,0.5743817687034607,0.8070726990699768,0.05980324372649193,0.9289979338645935,551,435
114,3800,30,0.6174991726875305,0.7285188436508179,0.19185861945152283,0.8609373569488525,592,393
114,3800,31,0.5324398279190063,0.807714581489563,0.009079561568796635,0.9729570746421814,511,436
114,3800,32,0.5890962481498718,0.7645509243011475,0.16866816580295563,0.8801836371421814,565,412
115,3833,0,0.5685604214668274,0.31019771099090576,-0.07732857763767242,0.9978330731391907,545,167
115,3833,1,0.5712155103683472,0.2995954751968384,-0.09018494933843613,0.9975919723510742,548,161
115,3833,2,0.571441113948822,0.2993771731853485,-0.09034263342618942,0.9978011250495911,548,161
115,3833,3,0.5715529322624207,0.2991766333580017,-0.09029295295476913,0.9982532262802124,548,161
115,3833,4,0.5723074674606323,0.3000623881816864,-0.0721098929643631,0.9977741837501526,549,162
115,3833,5,0.5731354355812073,0.3000856339931488,-0.07228772342205048,0.998092770576477,550,162
115,3833,6,0.5738532543182373,0.29989951848983765,-0.07238075882196426,0.9984551072120667,550,161
115,3833,7,0.5774829387664795,0.3037430942058563,-0.11543293297290802,0.9991171956062317,554,164
115,3833,8,0.580424964427948,0.3045935034751892,-0.03267383947968483,0.9974186420440674,557,164
115,3833,9,0.5712328553199768,0.3202801048755646,-0.08277225494384766,0.9984489679336548,548,172
115,3833,10,0.5717447400093079,0.32099413871765137,-0.060119058936834335,0.9977145195007324,548,173
115,3833,11,0.5894708037376404,0.3664972186088562,-0.1521943360567093,0.9999661445617676,565,197
115,3833,12,0.5828465819358826,0.37091848254203796,0.040831275284290314,0.9993387460708618,559,200
115,3833,13,0.5890634059906006,0.4663899540901184,-0.1861417293548584,0.983564019203186,565,251
115,3833,14,0.5694494843482971,0.46892526745796204,0.06576927751302719,0.07107588648796082,546,253
115,3833,15,0.5813738703727722,0.5550907254219055,-0.1945021152496338,0.9445641040802002,558,299
115,3833,16,0.5501950979232788,0.5237453579902649,0.022454380989074707,0.47076189517974854,528,282
115,3833,17,0.5798918008804321,0.5891831517219543,-0.21246682107448578,0.9239264726638794,556,318
115,3833,18,0.5430649518966675,0.5472036004066467,0.01639668457210064,0.5344598889350891,521,295
115,3833,19,0.5758211612701416,0.5873154997825623,-0.21546334028244019,0.9233015775680542,552,317
115,3833,20,0.5414107441902161,0.548140287399292,-0.00044357762089930475,0.5503801703453064,519,295
115,3833,21,0.5734441876411438,0.5743395686149597,-0.19469207525253296,0.8814780116081238,550,310
115,3833,22,0.546493411064148,0.5401192307472229,0.013266134075820446,0.5288551449775696,524,291
115,3833,23,0.5757129788398743,0.5457268953323364,-0.06154601275920868,0.9999653697013855,552,294
115,3833,24,0.5726926326751709,0.539728581905365,0.061501242220401764,0.9999344944953918,549,291
115,3833,25,0.5668836832046509,0.6652652025222778,0.0035178728867322206,0.951881468296051,544,359
115,3833,26,0.5684025883674622,0.6314296126365662,0.15170083940029144,0.6857426166534424,545,340
115,3833,27,0.5652105212211609,0.779593288898468,0.06906475126743317,0.9767396450042725,542,420
115,3833,28,0.5909267067909241,0.720021665096283,0.24523822963237762,0.7897054553031921,567,388
115,3833,29,0.5747491717338562,0.8074266314506531,0.0725783035159111,0.9187384247779846,551,436
115,3833,30,0.5997387170791626,0.7301743030548096,0.25339141488075256,0.810127854347229,575,394
115,3833,31,0.53229159116745,0.8088210821151733,0.020600177347660065,0.9693235754966736,510,436
115,3833,32,0.5751937627792358,0.7444101572036743,0.23359885811805725,0.8315433263778687,552,401
116,3866,0,0.5624641180038452,0.3101709187030792,-0.07697802037000656,0.9954662919044495,539,167
116,3866,1,0.5647242665290833,0.29931753873825073,-0.08960897475481033,0.9959160685539246,542,161
116,3866,2,0.5650144815444946,0.299034982919693,-0.08976302295923233,0.996356725692749,542,161
116,3866,3,0.5652031302452087,0.2987276017665863,-0.08973200619220734,0.9971910119056702,542,161
116,3866,4,0.56533282995224,0.2999640703201294,-0.07131800800561905,0.9956345558166504,542,161
116,3866,5,0.5660606622695923,0.2999124228954315,-0.07150588184595108,0.9962447881698608,543,161
116,3866,6,0.5665963888168335,0.29969075322151184,-0.07161588221788406,0.9968607425689697,543,161
116,3866,7,0.5719836950302124,0.30243492126464844,-0.11514388769865036,0.9986489415168762,549,163
116,3866,8,0.5742747783660889,0.3037673532962799,-0.03213869407773018,0.9947418570518494,551,164
116,3866,9,0.5649780631065369,0.31971895694732666,-0.08185938000679016,0.996325671672821,542,172
116,3866,10,0.5652771592140198,0.32046300172805786,-0.05906382575631142,0.9941107034683228,542,173
116,3866,11,0.5847813487052917,0.3653373122215271,-0.1505490243434906,0.9999579191207886,561,197
116,3866,12,0.5800539255142212,0.36724236607551575,0.03952683508396149,0.9987643361091614,556,198
116,3866,13,0.5831255316734314,0.46531057357788086,-0.17344042658805847,0.9808546304702759,559,251
116,3866,14,0.5752333402633667,0.4680810570716858,0.05959082767367363,0.06427174061536789,552,252
116,3866,15,0.5772990584373474,0.5511506795883179,-0.16195185482501984,0.9203725457191467,554,297
116,3866,16,0.5725120902061462,0.532019317150116,0.022309502586722374,0.4241233766078949,549,287
116,3866,17,0.5807859897613525,0.5803364515304565,-0.17500875890254974,0.8951153755187988,557,313
116,3866,18,0.5765529870986938,0.5595542192459106,0.016515841707587242,0.4818616211414337,553,302
116,3866,19,0.5748007297515869,0.5825592875480652,-0.17605194449424744,0.8930476903915405,551,314
116,3866,20,0.5742811560630798,0.5584676861763,0.002720063319429755,0.4961874783039093,551,301
116,3866,21,0.5728557109832764,0.5725365281105042,-0.16060686111450195,0.8440547585487366,549,309
116,3866,22,0.5742183923721313,0.550285279750824,0.013428505510091782,0.47690606117248535,551,297
116,3866,23,0.5737608671188354,0.5388170480728149,-0.06014528125524521,0.9999672174453735,550,290
116,3866,24,0.5687845349311829,0.5359344482421875,0.06012902781367302,0.9999367594718933,546,289
116,3866,25,0.5642117261886597,0.6575224995613098,0.0032265938352793455,0.9536186456680298,541,355
116,3866,26,0.5617390275001526,0.6335241198539734,0.13729092478752136,0.6633119583129883,539,342
116,3866,27,0.5650473237037659,0.7787225246429443,0.03682403638958931,0.9785642623901367,542,420
116,3866,28,0.6011698246002197,0.7252517938613892,0.15989428758621216,0.795979917049408,577,391
116,3866,29,0.5747796297073364,0.8064392805099487,0.0383479967713356,0.9237511157989502,551,435
116,3866,30,0.615117073059082,0.7327058911323547,0.1613326072692871,0.8139292001724243,590,395
116,3866,31,0.5330939888954163,0.8104017972946167,-0.018338311463594437,0.9713784456253052,511,437
116,3866,32,0.5899890065193176,0.7712507247924805,0.1250285506248474,0.8363522291183472,566,416
117,3900,0,0.5621535181999207,0.30989381670951843,-0.06840892136096954,0.9926856756210327,539,167
117,3900,1,0.5640003681182861,0.29891183972358704,-0.0823582112789154,0.9940398931503296,541,161
117,3900,2,0.5640822649002075,0.2985941171646118,-0.08250569552183151,0.9946689605712891,541,161
117,3900,3,0.5641610026359558,0.2982445955276489,-0.0824786052107811,0.9959622025489807,541,161
117,3900,4,0.5652124285697937,0.2993890345096588,-0.06473507732152939,0.9932657480239868,542,161
117,3900,5,0.5660429000854492,0.29923808574676514,-0.0649212971329689,0.994118332862854,543,161
117,3900,6,0.5674225091934204,0.29901862144470215,-0.06503196060657501,0.9950535893440247,544,161
117,3900,7,0.5698000192642212,0.30220460891723633,-0.11413823068141937,0.9981412291526794,547,163
117,3900,8,0.5741579532623291,0.3033392131328583,-0.032157883048057556,0.9922196865081787,551,163
117,3900,9,0.5650917291641235,0.3193301558494568,-0.07504744082689285,0.9938875436782837,542,172
117,3900,10,0.565548300743103,0.32007864117622375,-0.05320792645215988,0.9899082779884338,542,172
117,3900,11,0.5797317028045654,0.3648108243942261,-0.14933115243911743,0.9999451041221619,556,196
117,3900,12,0.5822126865386963,0.36597758531570435,0.036172475665807724,0.9977348446846008,558,197
117,3900,13,0.5769617557525635,0.466763973236084,-0.1728854924440384,0.9770403504371643,553,252
117,3900,14,0.57732754945755,0.46744462847709656,0.05629720911383629,0.05796431750059128,554,252
117,3900,15,0.5688073635101318,0.5535182952880859,-0.162185937166214,0.8927017450332642,546,298
117,3900,16,0.5729501247406006,0.5360656976699829,0.030093692243099213,0.3818572461605072,550,289
117,3900,17,0.567807137966156,0.588935375213623,-0.17494159936904907,0.862331748008728,545,318
117,3900,18,0.572939932346344,0.5583620071411133,0.02828430011868477,0.43397006392478943,550,301
117,3900,19,0.5657672882080078,0.5885313153266907,-0.1759769171476364,0.8589625358581543,543,317
117,3900,20,0.5698654055595398,0.5582075715065002,0.015055883675813675,0.4468630850315094,547,301
117,3900,21,0.5653920769691467,0.5765178799629211,-0.16094467043876648,0.8036004304885864,542,311
117,3900,22,0.5709384679794312,0.5506998300552368,0.022545043379068375,0.4295694828033447,548,297
117,3900,23,0.5710789561271667,0.539625346660614,-0.057409968227148056,0.9999685883522034,548,291
117,3900,24,0.5701470971107483,0.536597490310669,0.05741846188902855,0.9999378323554993,547,289
117,3900,25,0.5624694228172302,0.657505214214325,0.01321286428719759,0.9542816877365112,539,355
117,3900,26,0.561458945274353,0.6344900727272034,0.114240363240242,0.6437342762947083,539,342
117,3900,27,0.564479649066925,0.7800424098968506,0.0646253451704979,0.9801698327064514,541,421
117,3900,28,0.6022860407829285,0.7265833020210266,0.1580754667520523,0.8006696701049805,578,392
117,3900,29,0.5724093317985535,0.8065058588981628,0.06692082434892654,0.9278467893600464,549,435
117,3900,30,0.6179835796356201,0.7340001463890076,0.1576038897037506,0.8155511021614075,593,396
117,3900,31,0.530820906162262,0.810177206993103,0.01152649987488985,0.9729644060134888,509,437
117,3900,32,0.5915170311927795,0.7838941812515259,0.11875288933515549,0.8390751481056213,567,423
118,3933,0,0.5550534725189209,0.3082580864429474,-0.07479538768529892,0.9926616549491882,532,166
118,3933,1,0.5575266480445862,0.29673054814338684,-0.08681592345237732,0.9939891695976257,535,160
118,3933,2,0.5580346584320068,0.2963404357433319,-0.08696342259645462,0.9946156144142151,535,160
118,3933,3,0.5581874847412109,0.2959386706352234,-0.08693058043718338,0.9959095120429993,535,159
118,3933,4,0.5579866170883179,0.29754161834716797,-0.06905848532915115,0.993228018283844,535,160
118,3933,5,0.558633029460907,0.29740047454833984,-0.06924094259738922,0.9940311908721924,536,160
118,3933,6,0.5591286420822144,0.2971925139427185,-0.06934358924627304,0.9949527382850647,536,160
118,3933,7,0.5641078352928162,0.3000873029232025,-0.11053721606731415,0.9981111884117126,541,162
118,3933,8,0.5654792785644531,0.30157017707824707,-0.03320159390568733,0.9920488595962524,542,162
118,3933,9,0.5577953457832336,0.3175020217895508,-0.07887701690196991,0.9933767914772034,535,171
118,3933,10,0.557654082775116,0.31830570101737976,-0.05712689459323883,0.989104151725769,535,171
118,3933,11,0.574009358882904,0.3620757758617401,-0.14409202337265015,0.9999403953552246,551,195
118,3933,12,0.571546733379364,0.3641047179698944,0.037177637219429016,0.9971178770065308,548,196
118,3933,13,0.5718689560890198,0.46545350551605225,-0.165171280503273,0.9748849272727966,548,251
118,3933,14,0.5693943500518799,0.46420326828956604,0.054937295615673065,0.052347566932439804,546,250
118,3933,15,0.5573057532310486,0.54521244764328,-0.15327757596969604,0.8802251815795898,535,294
118,3933,16,0.5605376958847046,0.5345639586448669,0.024359293282032013,0.3439616858959198,538,288
118,3933,17,0.5560445785522461,0.5716379284858704,-0.16517657041549683,0.8474174737930298,533,308
118,3933,18,0.5592009425163269,0.5573426485061646,0.022857297211885452,0.3911367356777191,536,300
118,3933,19,0.5504807829856873,0.570425808429718,-0.16638103127479553,0.843705415725708,528,308
118,3933,20,0.5570862293243408,0.5573846697807312,0.014076347462832928,0.4027467668056488,534,300
118,3933,21,0.551771879196167,0.562456488609314,-0.15194709599018097,0.7825400233268738,529,303
118,3933,22,0.5571605563163757,0.5487058162689209,0.017751282081007957,0.38724541664123535,534,296
118,3933,23,0.5678974986076355,0.5329601764678955,-0.05762773007154465,0.99996417760849,545,287
118,3933,24,0.562221884727478,0.5338114500045776,0.057629697024822235,0.9999213814735413,539,288
118,3933,25,0.5587502121925354,0.6557989716529846,-0.019231421872973442,0.9547642469406128,536,354
118,3933,26,0.5447524785995483,0.6352934241294861,0.08830712735652924,0.5961709022521973,522,343
118,3933,27,0.5635913610458374,0.7799845337867737,0.007362438831478357,0.9811151027679443,541,421
118,3933,28,0.576056182384491,0.7289232611656189,0.13040168583393097,0.7700269818305969,553,393
118,3933,29,0.573161244392395,0.8072243928909302,0.007174051832407713,0.929908037185669,550,435
118,3933,30,0.5896939635276794,0.734722375869751,0.13235774636268616,0.7940541505813599,566,396
118,3933,31,0.5289198756217957,0.8105230927467346,-0.047952573746442795,0.9738019704818726,507,437
118,3933,32,0.5591335892677307,0.77475905418396,0.10278161615133286,0.8183258771896362,536,418
119,3966,0,0.5544365644454956,0.3083556294441223,-0.0775885358452797,0.9931548833847046,532,166
119,3966,1,0.5574905872344971,0.29680219292640686,-0.08782514929771423,0.9943919777870178,535,160
119,3966,2,0.5581322908401489,0.2964377701282501,-0.08796500414609909,0.994969367980957,535,160
119,3966,3,0.5586913824081421,0.29606080055236816,-0.08793092519044876,0.9961708188056946,536,159
119,3966,4,0.557135283946991,0.29765498638153076,-0.071156807243824,0.9936972260475159,534,160
119,3966,5,0.5574808120727539,0.2975446879863739,-0.07133933156728745,0.9944214820861816,535,160
119,3966,6,0.5576609373092651,0.2973615527153015,-0.07143911719322205,0.995266318321228,535,160
119,3966,7,0.5640660524368286,0.30031123757362366,-0.0972396656870842,0.9982191324234009,541,162
119,3966,8,0.5632971525192261,0.30173978209495544,-0.028126060962677002,0.9924795031547546,540,162
119,3966,9,0.5589807033538818,0.3175410032272339,-0.07873453199863434,0.9935717582702637,536,171
119,3966,10,0.5575101375579834,0.3183401823043823,-0.058676157146692276,0.989439845085144,535,171
119,3966,11,0.5730105638504028,0.3606860041618347,-0.12919530272483826,0.9999402761459351,550,194
119,3966,12,0.5686176419258118,0.36404213309288025,0.04678171128034592,0.9968560934066772,545,196
119,3966,13,0.5736086368560791,0.4623737037181854,-0.15550866723060608,0.9749618172645569,550,249
119,3966,14,0.5665842890739441,0.4630261957645416,0.0593956895172596,0.04737985506653786,543,250
119,3966,15,0.5570873022079468,0.5424065589904785,-0.1533188819885254,0.8795464038848877,534,292
119,3966,16,0.5579012632369995,0.5378371477127075,0.025370057672262192,0.31003499031066895,535,290
119,3966,17,0.5553683638572693,0.5665425062179565,-0.1666492372751236,0.8460932374000549,533,305
119,3966,18,0.555840253829956,0.5588809251785278,0.02288660779595375,0.3529106080532074,533,301
119,3966,19,0.549179196357727,0.5680917501449585,-0.1678095906972885,0.8426693677902222,527,306
119,3966,20,0.5527403354644775,0.5598061680793762,0.01090530026704073,0.3633851706981659,530,302
119,3966,21,0.5504487752914429,0.558505117893219,-0.15210320055484772,0.7793257832527161,528,301
119,3966,22,0.5535898208618164,0.552293598651886,0.01828683726489544,0.34949007630348206,531,298
119,3966,23,0.5664777755737305,0.5310563445091248,-0.05765953287482262,0.9999570250511169,543,286
119,3966,24,0.5601626038551331,0.5326010584831238,0.05766258388757706,0.9998984336853027,537,287
119,3966,25,0.557677686214447,0.6559720635414124,-0.03281588479876518,0.9547523856163025,535,354
119,3966,26,0.5426270365715027,0.638422966003418,0.06900584697723389,0.5529689788818359,520,344
119,3966,27,0.5631255507469177,0.7803365588188171,-0.012165580876171589,0.9814341068267822,540,421
119,3966,28,0.5758342146873474,0.7335830330848694,0.10244753956794739,0.7339498996734619,552,396
119,3966,29,0.5727952718734741,0.8071630001068115,-0.012944693677127361,0.931134045124054,549,435
119,3966,30,0.5872556567192078,0.741737425327301,0.10405166447162628,0.7682737112045288,563,400
119,3966,31,0.5274543762207031,0.8113901019096375,-0.06799253821372986,0.9740257859230042,506,438
119,3966,32,0.5519439578056335,0.7748309373855591,0.07350996136665344,0.7925035357475281,529,418
120,4000,0,0.5464842915534973,0.3082450330257416,-0.06463316828012466,0.9933134317398071,524,166
120,4000,1,0.5494318008422852,0.29670649766921997,-0.07391402125358582,0.9944165349006653,527,160
120,4000,2,0.5503460168838501,0.29627498984336853,-0.07404358685016632,0.9949339032173157,528,159
120,4000,3,0.551061749458313,0.29585206508636475,-0.07402868568897247,0.9961919784545898,529,159
120,4000,4,0.5487610101699829,0.29747113585472107,-0.05694577842950821,0.9937534928321838,526,160
120,4000,5,0.5491539239883423,0.29731670022010803,-0.057127807289361954,0.9943629503250122,527,160
120,4000,6,0.5494852066040039,0.29708099365234375,-0.05721871554851532,0.9952418208122253,527,160
120,4000,7,0.5580002665519714,0.29931727051734924,-0.08785243332386017,0.9981930255889893,535,161
120,4000,8,0.5550529956817627,0.3006496727466583,-0.011812660843133926,0.9921274781227112,532,162
120,4000,9,0.5511680841445923,0.31758591532707214,-0.065741628408432,0.9932836890220642,529,171
120,4000,10,0.5494986176490784,0.3182557225227356,-0.04483925923705101,0.988867461681366,527,171
120,4000,11,0.5679788589477539,0.3586215078830719,-0.1216675415635109,0.9999392628669739,545,193
120,4000,12,0.5643967986106873,0.36205974221229553,0.06247083470225334,0.996604323387146,541,195
120,4000,13,0.5671987533569336,0.4594583809375763,-0.14259672164916992,0.9739309549331665,544,248
120,4000,14,0.5648720860481262,0.46249786019325256,0.07844207435846329,0.04273964837193489,542,249
120,4000,15,0.5474249720573425,0.539057731628418,-0.1286013275384903,0.8732003569602966,525,291
120,4000,16,0.5534811615943909,0.5392361879348755,0.03966701403260231,0.27924230694770813,531,291
120,4000,17,0.5448991060256958,0.5650389790534973,-0.1419675648212433,0.8341164588928223,523,305
120,4000,18,0.5527275204658508,0.5623753666877747,0.03573956713080406,0.31799060106277466,530,303
120,4000,19,0.5391212105751038,0.567345917224884,-0.14282988011837006,0.8309330940246582,517,306
120,4000,20,0.546902596950531,0.5628538727760315,0.02007041685283184,0.3274366557598114,525,303
120,4000,21,0.5401473641395569,0.5575003623962402,-0.12715241312980652,0.7616004347801208,518,301
120,4000,22,0.5468659996986389,0.5533374547958374,0.030791575089097023,0.3149489760398865,524,298
120,4000,23,0.5635324120521545,0.5264087915420532,-0.058214131742715836,0.9999243021011353,540,284
120,4000,24,0.5623629689216614,0.5281647443771362,0.05821967124938965,0.9998095035552979,539,285
120,4000,25,0.5556639432907104,0.6555615067481995,-0.035542622208595276,0.9094686508178711,533,354
120,4000,26,0.5523154139518738,0.6438283920288086,0.06937825679779053,0.49847185611724854,530,347
120,4000,27,0.5639336109161377,0.780311644077301,-0.018007375299930573,0.9494417309761047,541,421
120,4000,28,0.5677185654640198,0.7667633891105652,0.09709605574607849,0.6641957759857178,545,414
120,4000,29,0.5727088451385498,0.8066747784614563,-0.020062582567334175,0.8895431756973267,549,435
120,4000,30,0.5760125517845154,0.7911037802696228,0.09725967049598694,0.7014266848564148,552,427
120,4000,31,0.5296078324317932,0.8110799193382263,-0.07703778147697449,0.9396432638168335,508,437
120,4000,32,0.5393037796020508,0.7894110083580017,0.06226678192615509,0.721632182598114,517,426
121,4033,0,0.5453576445579529,0.30823224782943726,-0.06931817531585693,0.993741512298584,523,166
121,4033,1,0.5488017797470093,0.29654058814048767,-0.07954474538564682,0.9947143793106079,526,160
121,4033,2,0.5496441721916199,0.29610809683799744,-0.07968095690011978,0.9951696991920471,527,159
121,4033,3,0.5501773357391357,0.2956708073616028,-0.0796566903591156,0.9963889718055725,528,159
121,4033,4,0.5478871464729309,0.2972466051578522,-0.06251448392868042,0.9941087961196899,525,160
121,4033,5,0.5481401681900024,0.29709139466285706,-0.06269658356904984,0.9946333765983582,526,160
121,4033,6,0.5481836199760437,0.29689356684684753,-0.06278916448354721,0.9954782724380493,526,160
121,4033,7,0.5570585131645203,0.298749178647995,-0.08906766027212143,0.998242199420929,534,161
121,4033,8,0.5537193417549133,0.30013468861579895,-0.010811387561261654,0.9921814203262329,531,162
121,4033,9,0.5501468777656555,0.3175860345363617,-0.07108841091394424,0.9933283925056458,528,171
121,4033,10,0.5482031106948853,0.31831222772598267,-0.04998307675123215,0.9888935089111328,526,171
121,4033,11,0.568108856678009,0.3567788898944855,-0.12390933185815811,0.9999388456344604,545,192
121,4033,12,0.5607402920722961,0.36200469732284546,0.07245021313428879,0.9965617656707764,538,195
121,4033,13,0.5672590136528015,0.4592396020889282,-0.14686483144760132,0.9729288816452026,544,247
121,4033,14,0.5622098445892334,0.46044084429740906,0.09273151308298111,0.03860671818256378,539,248
121,4033,15,0.5478495359420776,0.5382608771324158,-0.1358930766582489,0.8628142476081848,525,290
121,4033,16,0.5509127378463745,0.5382195115089417,0.04295174777507782,0.2516360878944397,528,290
121,4033,17,0.5445996522903442,0.565086841583252,-0.15126006305217743,0.817150890827179,522,305
121,4033,18,0.5507757663726807,0.5614628791809082,0.03752799704670906,0.2867623567581177,528,303
121,4033,19,0.5387800931930542,0.5665817856788635,-0.1513032764196396,0.814501166343689,517,305
121,4033,20,0.5443914532661438,0.5618800520896912,0.020153004676103592,0.29530248045921326,522,303
121,4033,21,0.5396808981895447,0.557022213935852,-0.13415560126304626,0.7391636371612549,518,300
121,4033,22,0.5443245768547058,0.5524766445159912,0.0330701544880867,0.2840624153614044,522,298
121,4033,23,0.5637450814247131,0.5277527570724487,-0.06133563444018364,0.9998817443847656,541,284
121,4033,24,0.561083972454071,0.5287107229232788,0.06134294345974922,0.999710738658905,538,285
121,4033,25,0.5556021928787231,0.655489981174469,-0.033400144428014755,0.8622643351554871,533,353
121,4033,26,0.554864764213562,0.6461965441703796,0.07329162955284119,0.4495961666107178,532,348
121,4033,27,0.5631030201911926,0.7806106209754944,-0.009155075065791607,0.9145087599754333,540,421
121,4033,28,0.5668667554855347,0.7744772434234619,0.10616004467010498,0.6018597483634949,544,418
121,4033,29,0.5724179744720459,0.8067769408226013,-0.010627835988998413,0.8486341834068298,549,435
121,4033,30,0.5744546055793762,0.7989650964736938,0.10682747513055801,0.6414113640785217,551,431
121,4033,31,0.5299555659294128,0.8108569979667664,-0.07000302523374557,0.9032428860664368,508,437
121,4033,32,0.5386975407600403,0.7920036315917969,0.06777919083833694,0.6581734418869019,517,427
122,4066,0,0.5387809872627258,0.3060685992240906,-0.08337508887052536,0.994199812412262,517,165
122,4066,1,0.5410913228988647,0.2947278618812561,-0.09320729225873947,0.9950893521308899,519,159
122,4066,2,0.5417088270187378,0.29426074028015137,-0.09336085617542267,0.9955082535743713,520,158
122,4066,3,0.5420886874198914,0.293783038854599,-0.0933413878083229,0.9966430068016052,520,158
122,4066,4,0.5409672856330872,0.29538494348526,-0.07530583441257477,0.9945257306098938,519,159
122,4066,5,0.5414384007453918,0.29524746537208557,-0.07549139857292175,0.9950024485588074,519,159
122,4066,6,0.54168301820755,0.29507315158843994,-0.07558267563581467,0.9957848191261292,520,159
122,4066,7,0.5485091805458069,0.29700103402137756,-0.10265272110700607,0.9983602166175842,526,160
122,4066,8,0.5470302700996399,0.29837554693222046,-0.02075883373618126,0.9926247000694275,525,161
122,4066,9,0.5425719022750854,0.31544575095176697,-0.08330824971199036,0.9937524795532227,520,170
122,4066,10,0.5414639115333557,0.3160100281238556,-0.06122642010450363,0.9895456433296204,519,170
122,4066,11,0.5623359680175781,0.3565845787525177,-0.13900719583034515,0.9999405145645142,539,192
122,4066,12,0.5544708371162415,0.3593992590904236,0.06523831933736801,0.9966192245483398,532,194
122,4066,13,0.5598020553588867,0.4593433439731598,-0.15291818976402283,0.9736987352371216,537,248
122,4066,14,0.5551608204841614,0.4580346345901489,0.08524646610021591,0.03500904515385628,532,247
122,4066,15,0.535487949848175,0.5388244390487671,-0.13677754998207092,0.8642673492431641,514,290
122,4066,16,0.544097363948822,0.5297043919563293,0.03932610899209976,0.227013498544693,522,286
122,4066,17,0.531994640827179,0.5622174143791199,-0.15041080117225647,0.8166806697845459,510,303
122,4066,18,0.5413913130760193,0.5463185906410217,0.034305259585380554,0.25913769006729126,519,295
122,4066,19,0.5278550386428833,0.5635213255882263,-0.15074679255485535,0.8139604926109314,506,304
122,4066,20,0.5394564867019653,0.5502325296401978,0.017081541940569878,0.26687702536582947,517,297
122,4066,21,0.5287647843360901,0.554301381111145,-0.13470330834388733,0.7356685400009155,507,299
122,4066,22,0.5394337773323059,0.541587769985199,0.029663173481822014,0.2568194270133972,517,292
122,4066,23,0.5593360662460327,0.5291711091995239,-0.061865661293268204,0.9998849630355835,536,285
122,4066,24,0.546399712562561,0.5291179418563843,0.061878714710474014,0.9997185468673706,524,285
122,4066,25,0.5560181736946106,0.6553157567977905,-0.04977063462138176,0.8680912852287292,533,353
122,4066,26,0.5209895372390747,0.6351749300956726,0.07011179625988007,0.4265969693660736,500,342
122,4066,27,0.5643619894981384,0.7804133892059326,-0.00066142319701612,0.9145288467407227,541,421
122,4066,28,0.5423318147659302,0.7707505226135254,0.1079295352101326,0.5872119069099426,520,416
122,4066,29,0.5731179118156433,0.7996336817741394,0.006892840843647718,0.8401395678520203,550,431
122,4066,30,0.5522698163986206,0.7850692272186279,0.109641432762146,0.6275737285614014,530,423
122,4066,31,0.5311915278434753,0.8108114004135132,-0.040390416979789734,0.9017730951309204,509,437
122,4066,32,0.5142025947570801,0.7912687063217163,0.07191118597984314,0.6486220359802246,493,427
123,4100,0,0.5379524827003479,0.303851842880249,-0.09020067751407623,0.9945755004882812,516,164
123,4100,1,0.5412601232528687,0.29238492250442505,-0.09827794879674911,0.9953873157501221,519,157
123,4100,2,0.5420721769332886,0.2919667363166809,-0.09842822700738907,0.9957850575447083,520,157
123,4100,3,0.5425918698310852,0.29157108068466187,-0.09840162843465805,0.9968429803848267,520,157
123,4100,4,0.5401766300201416,0.2929874062538147,-0.08159030228853226,0.9948537349700928,518,158
123,4100,5,0.5403370261192322,0.2928822338581085,-0.08177917450666428,0.9952903389930725,518,158
123,4100,6,0.5403026342391968,0.292709082365036,-0.08187750726938248,0.9960103034973145,518,158
123,4100,7,0.5479733943939209,0.2956256866455078,-0.10318870842456818,0.9984567165374756,526,159
123,4100,8,0.5452579259872437,0.2964509129524231,-0.026027610525488853,0.9929489493370056,523,160
123,4100,9,0.5423826575279236,0.31369975209236145,-0.08790121972560883,0.9940781593322754,520,169
123,4100,10,0.540188193321228,0.3141694962978363,-0.06731956452131271,0.9900257587432861,518,169
123,4100,11,0.5617881417274475,0.35521090030670166,-0.13880862295627594,0.9999427199363708,539,191
123,4100,12,0.5499370694160461,0.35942965745925903,0.062019605189561844,0.9965388178825378,527,194
123,4100,13,0.5612912774085999,0.45586854219436646,-0.15500925481319427,0.9754997491836548,538,246
123,4100,14,0.5497750639915466,0.4544855058193207,0.08062267303466797,0.03197195380926132,527,245
123,4100,15,0.5338515639305115,0.5365557670593262,-0.14591899514198303,0.8720005750656128,512,289
123,4100,16,0.5404909253120422,0.5260608196258545,0.03428233787417412,0.2049173265695572,518,284
123,4100,17,0.5304880738258362,0.5595012307167053,-0.16035516560077667,0.8255226612091064,509,302
123,4100,18,0.5390597581863403,0.5425365567207336,0.02880573272705078,0.23429055511951447,517,292
123,4100,19,0.5263800024986267,0.5598574876785278,-0.1611708551645279,0.8227007389068604,505,302
123,4100,20,0.5357589721679688,0.543526291847229,0.012998663820326328,0.24128293991088867,514,293
123,4100,21,0.5275298357009888,0.5516613721847534,-0.1442941576242447,0.7453082203865051,506,297
123,4100,22,0.5356276631355286,0.5381020903587341,0.025213025510311127,0.2323063164949417,514,290
123,4100,23,0.5585771203041077,0.529554009437561,-0.06064314395189285,0.9998919367790222,536,285
123,4100,24,0.5422669053077698,0.5291523933410645,0.06067151576280594,0.9997326731681824,520,285
123,4100,25,0.5565598607063293,0.6541098356246948,-0.052142370492219925,0.8801091313362122,534,353
123,4100,26,0.5183748006820679,0.6331734657287598,0.06113157048821449,0.43365970253944397,497,341
123,4100,27,0.5641634464263916,0.7787143588066101,-0.009687138721346855,0.9224451780319214,541,420
123,4100,28,0.538367509841919,0.761108934879303,0.10290059447288513,0.6086546182632446,516,410
123,4100,29,0.5730827450752258,0.799468457698822,-0.007972611114382744,0.852141261100769,550,431
123,4100,30,0.5488128662109375,0.7807157635688782,0.10482820868492126,0.6423377990722656,526,421
123,4100,31,0.5317138433456421,0.8107004165649414,-0.06864681839942932,0.9105290770530701,510,437
123,4100,32,0.5136627554893494,0.7911443710327148,0.06319381296634674,0.6691290736198425,493,427
124,4133,0,0.532967209815979,0.30305781960487366,-0.10257576406002045,0.9949443936347961,511,163
124,4133,1,0.5345544815063477,0.2922392189502716,-0.11313877254724503,0.9956659078598022,513,157
124,4133,2,0.5346434712409973,0.2918436825275421,-0.11329104751348495,0.9960402846336365,513,157
124,4133,3,0.5345005393028259,0.2914697229862213,-0.11326199024915695,0.997033953666687,513,157
124,4133,4,0.5354414582252502,0.29284557700157166,-0.09480766952037811,0.9951665997505188,514,158
124,4133,5,0.5361053943634033,0.29279595613479614,-0.09497899562120438,0.995566725730896,514,158
124,4133,6,0.5366135835647583,0.29268133640289307,-0.09506279975175858,0.9962368607521057,515,158
124,4133,7,0.5391911268234253,0.295713871717453,-0.1258808672428131,0.9985401034355164,517,159
124,4133,8,0.5417720675468445,0.29671257734298706,-0.04193360358476639,0.9932016730308533,520,160
124,4133,9,0.5355769395828247,0.3125815987586975,-0.10238946229219437,0.9943865537643433,514,168
124,4133,10,0.5356037020683289,0.3131274878978729,-0.07959769666194916,0.9904946088790894,514,169
124,4133,11,0.5515322089195251,0.3552638590335846,-0.16443517804145813,0.9999446868896484,529,191
124,4133,12,0.5468946099281311,0.3590708374977112,0.05589472874999046,0.9965145587921143,525,193
124,4133,13,0.5479534268379211,0.4563390016555786,-0.18463987112045288,0.976645290851593,526,246
124,4133,14,0.5478681325912476,0.45522579550743103,0.08018222451210022,0.02900117076933384,525,245
124,4133,15,0.5227566361427307,0.5352357029914856,-0.17018531262874603,0.8752743005752563,501,289
124,4133,16,0.5340186953544617,0.5261685848236084,0.029731471091508865,0.1847524791955948,512,284
124,4133,17,0.5164830684661865,0.5593588948249817,-0.1874960958957672,0.8267691731452942,495,302
124,4133,18,0.5325964689254761,0.5434560179710388,0.02442403882741928,0.21147127449512482,511,293
124,4133,19,0.5105413198471069,0.5583979487419128,-0.18644526600837708,0.8236142992973328,490,301
124,4133,20,0.5293086171150208,0.5448837876319885,0.006127622909843922,0.2177899330854416,508,294
124,4133,21,0.513145923614502,0.5480865240097046,-0.16759495437145233,0.7417546510696411,492,295
124,4133,22,0.5308668613433838,0.5387848019599915,0.019382599741220474,0.20976294577121735,509,290
124,4133,23,0.5509660840034485,0.5296962857246399,-0.06487835198640823,0.9998946189880371,528,286
124,4133,24,0.5359863042831421,0.5288342833518982,0.0649130791425705,0.9997355341911316,514,285
124,4133,25,0.5549544095993042,0.653830885887146,-0.05275268852710724,0.8897645473480225,532,353
124,4133,26,0.5097255706787109,0.6339592933654785,0.07546962052583694,0.4252130687236786,489,342
124,4133,27,0.5636247992515564,0.7787202000617981,-0.008114848285913467,0.9291855096817017,541,420
124,4133,28,0.5166479349136353,0.7592096328735352,0.12862534821033478,0.6289606094360352,495,409
124,4133,29,0.5730469822883606,0.8010997772216797,-0.007888246327638626,0.859423041343689,550,432
124,4133,30,0.5237115621566772,0.7797390818595886,0.13055483996868134,0.6573428511619568,502,421
124,4133,31,0.5314956903457642,0.8124618530273438,-0.08342146873474121,0.9178021550178528,510,438
124,4133,32,0.48454323410987854,0.789695143699646,0.06472812592983246,0.6887075901031494,465,426
125,4166,0,0.531133770942688,0.30319944024086,-0.09793157130479813,0.9953692555427551,509,163
125,4166,1,0.533342719078064,0.29234808683395386,-0.10462243109941483,0.9960122108459473,512,157
125,4166,2,0.5338762998580933,0.291980117559433,-0.1047639325261116,0.9963546395301819,512,157
125,4166,3,0.5341461896896362,0.29164108633995056,-0.1047259122133255,0.9972668886184692,512,157
125,4166,4,0.5329802632331848,0.29293444752693176,-0.08867115527391434,0.9955578446388245,511,158
125,4166,5,0.5332324504852295,0.2928699254989624,-0.08882901072502136,0.9959185719490051,511,158
125,4166,6,0.5333057641983032,0.2927534282207489,-0.08888997882604599,0.996527910232544,511,158
125,4166,7,0.5392274856567383,0.2958219051361084,-0.10483251512050629,0.9986476898193359,517,159
125,4166,8,0.5381084680557251,0.296873539686203,-0.030074559152126312,0.9936527609825134,516,160
125,4166,9,0.5349251627922058,0.31285151839256287,-0.09225308895111084,0.994781494140625,513,168
125,4166,10,0.5331926941871643,0.3132525682449341,-0.07222643494606018,0.9911389350891113,511,169
125,4166,11,0.5508590340614319,0.3524196147918701,-0.14185936748981476,0.9999479651451111,528,190
125,4166,12,0.5423718690872192,0.3593311011791229,0.061890002340078354,0.9966015815734863,520,194
125,4166,13,0.5495456457138062,0.45181626081466675,-0.16241055727005005,0.9780449867248535,527,243
125,4166,14,0.5440654158592224,0.45473992824554443,0.081546351313591,0.02643919363617897,522,245
125,4166,15,0.5220279097557068,0.5318462252616882,-0.15473750233650208,0.8815970420837402,501,287
125,4166,16,0.5358620285987854,0.5247128009796143,0.03034096583724022,0.166741281747818,514,283
125,4166,17,0.5163951516151428,0.5563657879829407,-0.1716098040342331,0.8335351347923279,495,300
125,4166,18,0.5305320620536804,0.5442659854888916,0.024643825367093086,0.1911693513393402,509,293
125,4166,19,0.5121812224388123,0.5531384348869324,-0.1710643321275711,0.830322802066803,491,298
125,4166,20,0.5263480544090271,0.5443214178085327,0.006649638060480356,0.19687719643115997,505,293
125,4166,21,0.5138497352600098,0.5438656210899353,-0.15251019597053528,0.7480445504188538,493,293
125,4166,22,0.5302730798721313,0.5374637842178345,0.020122503861784935,0.1897020936012268,509,290
125,4166,23,0.5509880185127258,0.5274243354797363,-0.06450407952070236,0.9998990893363953,528,284
125,4166,24,0.5341120958328247,0.5278946161270142,0.0645483210682869,0.9997439980506897,512,285
125,4166,25,0.5543721318244934,0.6530538201332092,-0.05300656333565712,0.8991866111755371,532,352
125,4166,26,0.5090645551681519,0.6337997913360596,0.06136225536465645,0.427478551864624,488,342
125,4166,27,0.5639345645904541,0.7786239981651306,-0.01858278177678585,0.935360848903656,541,420
125,4166,28,0.5153437852859497,0.7578932046890259,0.09456822276115417,0.6483744978904724,494,409
125,4166,29,0.5732600688934326,0.8015514612197876,-0.01955677941441536,0.8669061064720154,550,432
125,4166,30,0.5225504040718079,0.7784043550491333,0.09465478360652924,0.6697567105293274,501,420
125,4166,31,0.5317199230194092,0.8128840327262878,-0.09193076193332672,0.9245566725730896,510,438
125,4166,32,0.4819064736366272,0.7883151173591614,0.04028676450252533,0.7069585919380188,462,425
126,4200,0,0.524172306060791,0.3043193519115448,-0.08001081645488739,0.9955999255180359,503,164
126,4200,1,0.5248605012893677,0.2935110330581665,-0.09430497139692307,0.996101975440979,503,158
126,4200,2,0.5244999527931213,0.293282151222229,-0.09444208443164825,0.9964423775672913,503,158
126,4200,3,0.5238975286483765,0.29310914874076843,-0.09441670775413513,0.9973384737968445,502,158
126,4200,4,0.5269390940666199,0.2937956750392914,-0.07523903250694275,0.9956772923469543,505,158
126,4200,5,0.5279232263565063,0.2936813533306122,-0.07539460062980652,0.9960356950759888,506,158
126,4200,6,0.5289235711097717,0.29350024461746216,-0.07545887678861618,0.9966340065002441,507,158
126,4200,7,0.5282572507858276,0.2975272834300995,-0.1155315414071083,0.9986870884895325,507,160
126,4200,8,0.5344310402870178,0.298126220703125,-0.030736714601516724,0.9937910437583923,513,160
126,4200,9,0.5264790058135986,0.31384479999542236,-0.08513955026865005,0.9950419664382935,505,169
126,4200,10,0.5271470546722412,0.31431105732917786,-0.06139443442225456,0.9915383458137512,506,169
126,4200,11,0.542123019695282,0.35688090324401855,-0.16181474924087524,0.9999507069587708,520,192
126,4200,12,0.5392749905586243,0.3597612977027893,0.06068495661020279,0.9967237710952759,517,194
126,4200,13,0.5367134809494019,0.45714959502220154,-0.18619109690189362,0.9791529178619385,515,246
126,4200,14,0.5408668518066406,0.457976758480072,0.0821479931473732,0.02402058057487011,519,247
126,4200,15,0.5061929821968079,0.5322064757347107,-0.16957810521125793,0.8858650922775269,485,287
126,4200,16,0.5317064523696899,0.5289032459259033,0.03989435359835625,0.15036366879940033,510,285
126,4200,17,0.49984362721443176,0.5592500567436218,-0.18768802285194397,0.8361338376998901,479,301
126,4200,18,0.5248482823371887,0.5475179553031921,0.036114342510700226,0.17257194221019745,503,295
126,4200,19,0.4931824803352356,0.5551198124885559,-0.18470904231071472,0.8324400782585144,473,299
126,4200,20,0.5227813124656677,0.5476589202880859,0.01746288500726223,0.1777334213256836,501,295
126,4200,21,0.4952806830406189,0.546084463596344,-0.16616524755954742,0.745972216129303,475,294
126,4200,22,0.5247761011123657,0.5410609841346741,0.02962990663945675,0.17133383452892303,503,292
126,4200,23,0.5422541499137878,0.5275160670280457,-0.06584398448467255,0.9998990297317505,520,284
126,4200,24,0.5289520025253296,0.5282487869262695,0.06588815152645111,0.9997407793998718,507,285
126,4200,25,0.5485474467277527,0.6534541249275208,-0.05252000316977501,0.9025346040725708,526,352
126,4200,26,0.49997374415397644,0.6342175006866455,0.06545544415712357,0.40740126371383667,479,342
126,4200,27,0.5627518892288208,0.7786746621131897,-0.014493359252810478,0.9380158185958862,540,420
126,4200,28,0.49191969633102417,0.7632793188095093,0.10225941240787506,0.6475740671157837,472,412
126,4200,29,0.5733226537704468,0.8027425408363342,-0.015363502316176891,0.8592267632484436,550,433
126,4200,30,0.4978751540184021,0.7925892472267151,0.10306582599878311,0.6665416955947876,477,427
126,4200,31,0.5300223231315613,0.8127602338790894,-0.09017690271139145,0.9264015555381775,508,438
126,4200,32,0.4569336473941803,0.7823477387428284,0.05075258016586304,0.7105362415313721,438,422
127,4233,0,0.5221136212348938,0.3070278465747833,-0.07702143490314484,0.9958247542381287,501,165
127,4233,1,0.5232832431793213,0.2961745262145996,-0.09184860438108444,0.9962217211723328,502,159
127,4233,2,0.5231059789657593,0.2960023581981659,-0.09199152886867523,0.9965633749961853,502,159
127,4233,3,0.5227332711219788,0.29588669538497925,-0.0919642224907875,0.9974217414855957,501,159
127,4233,4,0.5251269936561584,0.2960638701915741,-0.07176566869020462,0.9958241581916809,504,159
127,4233,5,0.5261186361312866,0.29583507776260376,-0.07192600518465042,0.9961891770362854,505,159
127,4233,6,0.5269560813903809,0.29555976390838623,-0.07200031727552414,0.9967628121376038,505,159
127,4233,7,0.5279463529586792,0.30026760697364807,-0.1173817440867424,0.9987337589263916,506,162
127,4233,8,0.5327309370040894,0.3004467487335205,-0.029741283506155014,0.9939838647842407,511,162
127,4233,9,0.5253971815109253,0.31619858741760254,-0.08315026760101318,0.9952777028083801,504,170
127,4233,10,0.5259791612625122,0.31717926263809204,-0.058022186160087585,0.9919179081916809,504,171
127,4233,11,0.5407649278640747,0.3577703535556793,-0.16358402371406555,0.9999528527259827,519,193
127,4233,12,0.5389558672904968,0.3603598177433014,0.06121409311890602,0.9968511462211609,517,194
127,4233,13,0.532565176486969,0.45954954624176025,-0.182844340801239,0.9800695180892944,511,248
127,4233,14,0.5402123332023621,0.4591860771179199,0.08735901862382889,0.021874627098441124,518,247
127,4233,15,0.5066470503807068,0.5331732630729675,-0.16303463280200958,0.8895874619483948,486,287
127,4233,16,0.530324399471283,0.5303155779838562,0.041756194084882736,0.13576824963092804,509,286
127,4233,17,0.49972671270370483,0.5600398182868958,-0.18124569952487946,0.8390931487083435,479,302
127,4233,18,0.5230621099472046,0.547619104385376,0.03769911453127861,0.15614403784275055,502,295
127,4233,19,0.4932522177696228,0.5564804077148438,-0.17777369916439056,0.8350715637207031,473,300
127,4233,20,0.5208848118782043,0.5478228330612183,0.018682384863495827,0.16082797944545746,500,295
127,4233,21,0.49626538157463074,0.5468710660934448,-0.15927037596702576,0.7457332015037537,476,295
127,4233,22,0.5227190256118774,0.5415406823158264,0.031198401004076004,0.1551462709903717,501,292
127,4233,23,0.5426568984985352,0.5294414758682251,-0.06781540811061859,0.9999001622200012,520,285
127,4233,24,0.5297916531562805,0.5296118259429932,0.06785409152507782,0.9997435212135315,508,285
127,4233,25,0.5486437678337097,0.6537622809410095,-0.05303192138671875,0.9086155891418457,526,353
127,4233,26,0.4998816251754761,0.63425213098526,0.08048299700021744,0.4019466042518616,479,342
127,4233,27,0.5630301237106323,0.7789695858955383,-0.009114859625697136,0.9416742324829102,540,420
127,4233,28,0.4923519194126129,0.7654747366905212,0.12717261910438538,0.6614216566085815,472,413
127,4233,29,0.5734157562255859,0.8035311102867126,-0.008259860798716545,0.8578153252601624,550,433
127,4233,30,0.4967373311519623,0.7942278981208801,0.12872548401355743,0.6768556833267212,476,428
127,4233,31,0.529448390007019,0.8120647668838501,-0.0797622874379158,0.9297870993614197,508,438
127,4233,32,0.45551207661628723,0.7806911468505859,0.07305339723825455,0.7238109111785889,437,421
128,4266,0,0.5147736668586731,0.3083689510822296,-0.06928963959217072,0.9958933591842651,494,166
128,4266,1,0.5159485936164856,0.29725509881973267,-0.08365757018327713,0.996139407157898,495,160
128,4266,2,0.5158412456512451,0.29712700843811035,-0.0837942585349083,0.996460497379303,495,160
128,4266,3,0.5155600309371948,0.29703447222709656,-0.0837697684764862,0.9973655343055725,494,160
128,4266,4,0.5176164507865906,0.2970889210700989,-0.06305819004774094,0.9957230091094971,496,160
128,4266,5,0.5185539126396179,0.29685837030410767,-0.06322421133518219,0.9960771203041077,497,160
128,4266,6,0.5193578004837036,0.2965680658817291,-0.06329243630170822,0.9966974258422852,498,160
128,4266,7,0.5204223394393921,0.3020007014274597,-0.11534921824932098,0.9987086057662964,499,163
128,4266,8,0.5251026749610901,0.301853209733963,-0.02025098167359829,0.9937317967414856,504,163
128,4266,9,0.5173935294151306,0.3182956874370575,-0.07539581507444382,0.9952918887138367,496,171
128,4266,10,0.5180234313011169,0.31875377893447876,-0.04958420991897583,0.9918610453605652,497,172
128,4266,11,0.5330101251602173,0.3621496856212616,-0.15854287147521973,0.9999529719352722,511,195
128,4266,12,0.5342656970024109,0.3615594804286957,0.0672534927725792,0.9968770742416382,512,195
128,4266,13,0.5258796215057373,0.46519163250923157,-0.1798957884311676,0.9798044562339783,504,251
128,4266,14,0.53574138879776,0.46218883991241455,0.09790609031915665,0.01982136070728302,514,249
128,4266,15,0.49421653151512146,0.5342733860015869,-0.16289542615413666,0.8849741816520691,474,288
128,4266,16,0.5266574621200562,0.5339043140411377,0.056405939161777496,0.12241105735301971,505,288
128,4266,17,0.48793524503707886,0.5601286292076111,-0.1806788444519043,0.8301581144332886,468,302
128,4266,18,0.5225694179534912,0.5500202775001526,0.0525081567466259,0.1409464031457901,501,297
128,4266,19,0.48246321082115173,0.557490348815918,-0.17719894647598267,0.8250574469566345,463,301
128,4266,20,0.5191152095794678,0.5530926585197449,0.03373901546001434,0.14518164098262787,498,298
128,4266,21,0.48557379841804504,0.5477005243301392,-0.15877319872379303,0.7276163101196289,466,295
128,4266,22,0.5201150178909302,0.5461356043815613,0.04600534215569496,0.14010131359100342,499,294
128,4266,23,0.52906334400177,0.5333330035209656,-0.06714434921741486,0.9998990893363953,507,287
128,4266,24,0.5249541401863098,0.5345636010169983,0.0671764686703682,0.9997409582138062,503,288
128,4266,25,0.5474965572357178,0.6574634313583374,-0.05237654969096184,0.9108930230140686,525,355
128,4266,26,0.49332359433174133,0.6404433846473694,0.08121953159570694,0.3826538026332855,473,345
128,4266,27,0.5632370710372925,0.779353141784668,-0.00882770400494337,0.9435102939605713,540,420
128,4266,28,0.47452354431152344,0.7655165791511536,0.13452835381031036,0.6588849425315857,455,413
128,4266,29,0.5735645890235901,0.8042324781417847,-0.007673044688999653,0.8522434234619141,550,434
128,4266,30,0.4761982560157776,0.795450747013092,0.13671983778476715,0.6706060767173767,457,429
128,4266,31,0.530366063117981,0.8119889497756958,-0.07563014328479767,0.9307863116264343,509,438
128,4266,32,0.4439401626586914,0.7902568578720093,0.08145067095756531,0.7238325476646423,426,426
129,4300,0,0.514458954334259,0.31058114767074585,-0.06262826174497604,0.9960497617721558,493,167
129,4300,1,0.5153626203536987,0.29952698945999146,-0.07704091817140579,0.9961667060852051,494,161
129,4300,2,0.5151766538619995,0.2993151545524597,-0.07717962563037872,0.9964799284934998,494,161
129,4300,3,0.5147753357887268,0.2990042269229889,-0.07715126872062683,0.9973807334899902,494,161
129,4300,4,0.5176228880882263,0.2992517650127411,-0.05744074657559395,0.9957852959632874,496,161
129,4300,5,0.5187193751335144,0.29891160130500793,-0.057606883347034454,0.9961512088775635,497,161
129,4300,6,0.5197200179100037,0.29845696687698364,-0.057677995413541794,0.9967778325080872,498,161
129,4300,7,0.5190926790237427,0.30467045307159424,-0.11096137017011642,0.9987267255783081,498,164
129,4300,8,0.5254623293876648,0.3033534288406372,-0.018966346979141235,0.9938551187515259,504,163
129,4300,9,0.5169684290885925,0.32030513882637024,-0.06931230425834656,0.9954522252082825,496,172
129,4300,10,0.5178722143173218,0.320833683013916,-0.04470137134194374,0.9921519756317139,497,173
129,4300,11,0.532362163066864,0.3636466860771179,-0.15654391050338745,0.9999540448188782,511,196
129,4300,12,0.533065915107727,0.3636005222797394,0.0661906972527504,0.9969735741615295,511,196
129,4300,13,0.5242425203323364,0.466009259223938,-0.17224082350730896,0.9799469709396362,503,251
129,4300,14,0.5314520597457886,0.462811678647995,0.09585405886173248,0.01797986589372158,510,249
129,4300,15,0.49512824416160583,0.5348014831542969,-0.14533811807632446,0.8810964822769165,475,288
129,4300,16,0.5180513858795166,0.5340076088905334,0.053676143288612366,0.11039705574512482,497,288
129,4300,17,0.48939067125320435,0.5596422553062439,-0.16217072308063507,0.8228716254234314,469,302
129,4300,18,0.5101720094680786,0.5494891405105591,0.04988165944814682,0.12730029225349426,489,296
129,4300,19,0.4836744964122772,0.5575032830238342,-0.1593605875968933,0.817409098148346,464,301
129,4300,20,0.5052312612533569,0.5528041124343872,0.03084305301308632,0.13115085661411285,485,298
129,4300,21,0.48618003726005554,0.5479458570480347,-0.14199510216712952,0.713359534740448,466,295
129,4300,22,0.5095520615577698,0.5460569858551025,0.04318125918507576,0.12662340700626373,489,294
129,4300,23,0.5309093594551086,0.5364598035812378,-0.06669476628303528,0.9998930096626282,509,289
129,4300,24,0.5203148126602173,0.5368058085441589,0.06672263145446777,0.9997282028198242,499,289
129,4300,25,0.5453484058380127,0.6594945192337036,-0.04759679362177849,0.9115287661552429,523,356
129,4300,26,0.4923248291015625,0.6447116136550903,0.08417882025241852,0.3624400496482849,472,348
129,4300,27,0.5633748173713684,0.7795579433441162,0.012076960876584053,0.9421483874320984,540,420
129,4300,28,0.4712159335613251,0.7650208473205566,0.13457755744457245,0.6542620658874512,452,413
129,4300,29,0.5736580491065979,0.8046297430992126,0.013774576596915722,0.8365817070007324,550,434
129,4300,30,0.47413110733032227,0.7949014902114868,0.13653682172298431,0.6644521951675415,455,429
129,4300,31,0.5311906337738037,0.8114498853683472,-0.05416792631149292,0.928191602230072,509,438
129,4300,32,0.4391556978225708,0.772257387638092,0.08398930728435516,0.7241153717041016,421,417
130,4333,0,0.5061813592910767,0.31117498874664307,-0.0510488897562027,0.9961622953414917,485,168
130,4333,1,0.5072308778762817,0.30066800117492676,-0.06599791347980499,0.9961717128753662,486,162
130,4333,2,0.5071070194244385,0.3003891408443451,-0.06612558662891388,0.9964525699615479,486,162
130,4333,3,0.5067980289459229,0.3000982105731964,-0.06609449535608292,0.9973633289337158,486,162
130,4333,4,0.5090133547782898,0.30071571469306946,-0.047249093651771545,0.9958057999610901,488,162
130,4333,5,0.510197103023529,0.3004533648490906,-0.04742159694433212,0.9961624145507812,489,162
130,4333,6,0.5112256407737732,0.3001265525817871,-0.04749244824051857,0.9968183636665344,490,162
130,4333,7,0.5110132694244385,0.3052647113800049,-0.10090398788452148,0.9987311363220215,490,164
130,4333,8,0.5173754096031189,0.3045917749404907,-0.014371972531080246,0.9939844608306885,496,164
130,4333,9,0.5082287192344666,0.3208458125591278,-0.058323536068201065,0.9955262541770935,487,173
130,4333,10,0.5092960000038147,0.32136401534080505,-0.034901849925518036,0.9923065304756165,488,173
130,4333,11,0.522136926651001,0.36468052864074707,-0.14380724728107452,0.9999552965164185,501,196
130,4333,12,0.5285013318061829,0.3637751340866089,0.06478633731603622,0.9970570802688599,507,196
130,4333,13,0.51385897397995,0.4670085608959198,-0.1587689071893692,0.9792309403419495,493,252
130,4333,14,0.5325289964675903,0.4669991731643677,0.09308505803346634,0.016279282048344612,511,252
130,4333,15,0.48296257853507996,0.5350531935691833,-0.13074041903018951,0.874608039855957,463,288
130,4333,16,0.5115873217582703,0.5338470339775085,0.05836944654583931,0.09949871152639389,491,288
130,4333,17,0.4766845703125,0.560108482837677,-0.14561763405799866,0.8126145601272583,457,302
130,4333,18,0.5060984492301941,0.5513948798179626,0.055413294583559036,0.11483772844076157,485,297
130,4333,19,0.47205236554145813,0.5572676658630371,-0.14321541786193848,0.8061062097549438,453,300
130,4333,20,0.5036166906356812,0.5529036521911621,0.03806203976273537,0.1183159351348877,483,298
130,4333,21,0.47491711378097534,0.5481736063957214,-0.12763331830501556,0.6951514482498169,455,296
130,4333,22,0.5056521892547607,0.5463180541992188,0.04875081405043602,0.11426891386508942,485,295
130,4333,23,0.5209815502166748,0.5379523038864136,-0.06321197003126144,0.9998964667320251,500,290
130,4333,24,0.5140069723129272,0.5387675166130066,0.06324709206819534,0.9997373223304749,493,290
130,4333,25,0.5431665778160095,0.6613332629203796,-0.03178396075963974,0.9129146337509155,521,357
130,4333,26,0.48402664065361023,0.6475971937179565,0.08291899412870407,0.3432243764400482,464,349
130,4333,27,0.5634481310844421,0.7795965671539307,0.021345971152186394,0.9432949423789978,540,420
130,4333,28,0.4594188928604126,0.7663841843605042,0.13101941347122192,0.6475893259048462,441,413
130,4333,29,0.5737248659133911,0.8048415780067444,0.022352371364831924,0.8289965987205505,550,434
130,4333,30,0.4611298143863678,0.7959379553794861,0.13291288912296295,0.6537724733352661,442,429
130,4333,31,0.5316376686096191,0.8114110231399536,-0.04347101226449013,0.928655743598938,510,438
130,4333,32,0.4239702522754669,0.7661641836166382,0.08272960782051086,0.7226986289024353,407,413
131,4366,0,0.5054551362991333,0.31163403391838074,-0.047348249703645706,0.9964320659637451,485,168
131,4366,1,0.5058248043060303,0.30133262276649475,-0.06227825954556465,0.9963927865028381,485,162
131,4366,2,0.5053620338439941,0.3010869324207306,-0.06240459531545639,0.9966467022895813,485,162
131,4366,3,0.5047881007194519,0.30082184076309204,-0.06236788257956505,0.9975050091743469,484,162
131,4366,4,0.5085651278495789,0.30123618245124817,-0.043961115181446075,0.9960730671882629,488,162
131,4366,5,0.5102139115333557,0.300863116979599,-0.04412734508514404,0.9964137673377991,489,162
131,4366,6,0.5116028189659119,0.30049511790275574,-0.04418684169650078,0.9970360994338989,491,162
131,4366,7,0.5082854628562927,0.30622291564941406,-0.09840290248394012,0.998799204826355,487,165
131,4366,8,0.5171465873718262,0.305090069770813,-0.014165759086608887,0.994394063949585,496,164
131,4366,9,0.5073421001434326,0.32135674357414246,-0.05552694573998451,0.99580317735672,487,173
131,4366,10,0.5089135766029358,0.32165372371673584,-0.03260139003396034,0.9928246736526489,488,173
131,4366,11,0.5203949809074402,0.3649365305900574,-0.1426832377910614,0.999957263469696,499,197
131,4366,12,0.5272125601768494,0.3646427094936371,0.0640564113855362,0.9972272515296936,506,196
131,4366,13,0.5122418999671936,0.4679562747478485,-0.15486599504947662,0.9784663915634155,491,252
131,4366,14,0.5291314721107483,0.4658593237400055,0.09227682650089264,0.014769173227250576,507,251
131,4366,15,0.48266151547431946,0.5352534055709839,-0.12297414988279343,0.8645996451377869,463,289
131,4366,16,0.5121094584465027,0.532814085483551,0.05824524536728859,0.08975021541118622,491,287
131,4366,17,0.4755379259586334,0.5601673126220703,-0.13729111850261688,0.7990919947624207,456,302
131,4366,18,0.5053293108940125,0.5503393411636353,0.05543994903564453,0.10375401377677917,485,297
131,4366,19,0.4710291624069214,0.556704044342041,-0.13516443967819214,0.7916954755783081,452,300
131,4366,20,0.5040302276611328,0.5513817667961121,0.03791626915335655,0.10690554976463318,483,297
131,4366,21,0.4740411937236786,0.5478394627571106,-0.11990353465080261,0.6743996143341064,455,295
131,4366,22,0.505534291267395,0.5452361106872559,0.04857571795582771,0.10329923778772354,485,294
131,4366,23,0.5204422473907471,0.5379290580749512,-0.06316322833299637,0.9998990297317505,499,290
131,4366,24,0.5138636827468872,0.5385032296180725,0.06319764256477356,0.9997463226318359,493,290
131,4366,25,0.5426920056343079,0.6612951755523682,-0.03427552804350853,0.9144663214683533,520,357
131,4366,26,0.48568040132522583,0.647611141204834,0.0820326879620552,0.3258821964263916,466,349
131,4366,27,0.5634271502494812,0.7795378565788269,0.018209178000688553,0.9437504410743713,540,420
131,4366,28,0.4575595259666443,0.7656337022781372,0.12190532684326172,0.6450172662734985,439,413
131,4366,29,0.5737754106521606,0.8048779368400574,0.01995513029396534,0.8198960423469543,550,434
131,4366,30,0.4583917558193207,0.7953997850418091,0.12279960513114929,0.6492284536361694,440,429
131,4366,31,0.5314793586730957,0.8113277554512024,-0.04882871359586716,0.9287382364273071,510,438
131,4366,32,0.4248330891132355,0.7620410323143005,0.07383466511964798,0.7255436778068542,407,411
132,4400,0,0.49789178371429443,0.3133050501346588,-0.04631252586841583,0.9967182278633118,477,169
132,4400,1,0.49917495250701904,0.30308815836906433,-0.05922943353652954,0.996658980846405,479,163
132,4400,2,0.49938103556632996,0.30271607637405396,-0.05934740602970123,0.9968852996826172,479,163
132,4400,3,0.4994088113307953,0.30238106846809387,-0.05931933596730232,0.9976846575737,479,163
132,4400,4,0.49994468688964844,0.3035145699977875,-0.04034510999917984,0.9963610768318176,479,163
132,4400,5,0.5006176829338074,0.3034000098705292,-0.04051601141691208,0.9966651797294617,480,163
132,4400,6,0.5012266039848328,0.3032531142234802,-0.040582235902547836,0.9972505569458008,481,163
132,4400,7,0.504136860370636,0.30716463923454285,-0.08606646209955215,0.9988797903060913,483,165
132,4400,8,0.5060920119285583,0.30771416425704956,-1.674270970397629e-05,0.9947652816772461,485,166
132,4400,9,0.5003054141998291,0.3229840099811554,-0.05135500058531761,0.9960809946060181,480,174
132,4400,10,0.5004400014877319,0.32344475388526917,-0.02780514769256115,0.9932959079742432,480,174
132,4400,11,0.5149145722389221,0.3654409945011139,-0.13048169016838074,0.9999599456787109,494,197
132,4400,12,0.5179556608200073,0.36496075987815857,0.07928481698036194,0.9974044561386108,497,197
132,4400,13,0.5045679211616516,0.4681999981403351,-0.1498466581106186,0.9789997339248657,484,252
132,4400,14,0.51790851354599,0.4657108187675476,0.10742344707250595,0.013448568992316723,497,251
132,4400,15,0.47065937519073486,0.5353331565856934,-0.12546780705451965,0.8686266541481018,451,289
132,4400,16,0.5064181089401245,0.532715380191803,0.07163618505001068,0.08100394904613495,486,287
132,4400,17,0.46263977885246277,0.5603686571121216,-0.14093635976314545,0.8028659224510193,444,302
132,4400,18,0.5034543871879578,0.5511741638183594,0.06849127262830734,0.09379208832979202,483,297
132,4400,19,0.45922407507896423,0.5564865469932556,-0.13794533908367157,0.7953015565872192,440,300
132,4400,20,0.5018308162689209,0.5516195297241211,0.052000511437654495,0.0966428741812706,481,297
132,4400,21,0.46224871277809143,0.5480961799621582,-0.12205864489078522,0.6755046248435974,443,295
132,4400,22,0.5030296444892883,0.5453633069992065,0.0623290091753006,0.09344371408224106,482,294
132,4400,23,0.5149441361427307,0.5378789901733398,-0.06315770000219345,0.9999041557312012,494,290
132,4400,24,0.5032590627670288,0.5384014248847961,0.0631919577717781,0.999760091304779,483,290
132,4400,25,0.5370184183120728,0.6613004207611084,-0.041439808905124664,0.9128815531730652,515,357
132,4400,26,0.4745262563228607,0.6492465138435364,0.06540675461292267,0.3106595277786255,455,350
132,4400,27,0.5626795291900635,0.7797980308532715,0.0003053055261261761,0.9409650564193726,540,421
132,4400,28,0.45327767729759216,0.7694372534751892,0.10200829803943634,0.6321222186088562,435,415
132,4400,29,0.5734474658966064,0.8048887252807617,0.00036647982778958976,0.8017224073410034,550,434
132,4400,30,0.45639917254447937,0.7981753349304199,0.1029437929391861,0.6353463530540466,438,431
132,4400,31,0.5312913656234741,0.8125633597373962,-0.06590817123651505,0.9255365133285522,510,438
132,4400,32,0.42033836245536804,0.7659701704978943,0.05433610826730728,0.7199940085411072,403,413
133,4433,0,0.49663931131362915,0.3141927719116211,-0.052222661674022675,0.9970290660858154,476,169
133,4433,1,0.49879488348960876,0.30375027656555176,-0.06413954496383667,0.9969679117202759,478,164
133,4433,2,0.4993327856063843,0.3033357262611389,-0.06428942829370499,0.9971681237220764,479,163
133,4433,3,0.49967724084854126,0.30296918749809265,-0.06425710022449493,0.9978941082954407,479,163
133,4433,4,0.49849197268486023,0.30436962842941284,-0.04518432170152664,0.9967005252838135,478,164
133,4433,5,0.49878838658332825,0.30433914065361023,-0.04534982144832611,0.9969722032546997,478,164
133,4433,6,0.4989592432975769,0.3042445182800293,-0.045429546386003494,0.9975051283836365,479,164
133,4433,7,0.5044604539871216,0.3081289529800415,-0.08291152864694595,0.9989752173423767,484,166
133,4433,8,0.5039942860603333,0.30841079354286194,0.0012238711351528764,0.9952253103256226,483,166
133,4433,9,0.49990832805633545,0.32382437586784363,-0.05730127915740013,0.9963976144790649,479,174
133,4433,10,0.4985235631465912,0.3246489465236664,-0.03383926302194595,0.9938490986824036,478,175
133,4433,11,0.5136276483535767,0.3657348155975342,-0.11937817931175232,0.9999617338180542,493,197
133,4433,12,0.516227126121521,0.3663136661052704,0.08797518908977509,0.9975869655609131,495,197
133,4433,13,0.5020688772201538,0.46850278973579407,-0.13469116389751434,0.978225588798523,481,252
133,4433,14,0.5151363611221313,0.466625839471817,0.11083196848630905,0.012269438244402409,494,251
133,4433,15,0.4685070812702179,0.5361611843109131,-0.10887717455625534,0.8616635203361511,449,289
133,4433,16,0.5006872415542603,0.53556889295578,0.06406319886445999,0.07325532287359238,480,289
133,4433,17,0.4606145918369293,0.5608829855918884,-0.12411074340343475,0.7922837734222412,442,302
133,4433,18,0.4971208870410919,0.5568170547485352,0.06210247427225113,0.08504626154899597,477,300
133,4433,19,0.45630010962486267,0.5566431283950806,-0.1221485510468483,0.7846879363059998,438,300
133,4433,20,0.4939136207103729,0.5556406378746033,0.04516381770372391,0.08763548731803894,474,300
133,4433,21,0.46041110157966614,0.5482902526855469,-0.10587675869464874,0.6602393388748169,441,296
133,4433,22,0.4939570426940918,0.5477941632270813,0.054688096046447754,0.08478017896413803,474,295
133,4433,23,0.5109940767288208,0.5378432273864746,-0.06325679272413254,0.9999038577079773,490,290
133,4433,24,0.5056120753288269,0.538890540599823,0.06328412145376205,0.9997662305831909,485,291
133,4433,25,0.5307019352912903,0.6613197326660156,-0.06129714101552963,0.9109017848968506,509,357
133,4433,26,0.4766048789024353,0.6503992080688477,0.05659879744052887,0.2937389612197876,457,351
133,4433,27,0.5621340870857239,0.7800567150115967,-0.03141452744603157,0.9352453947067261,539,421
133,4433,28,0.45190536975860596,0.7698475122451782,0.09449587017297745,0.6095573902130127,433,415
133,4433,29,0.5733277797698975,0.8055697679519653,-0.03268907219171524,0.7837508320808411,550,435
133,4433,30,0.45397868752479553,0.8003185987472534,0.09540573507547379,0.6139981150627136,435,432
133,4433,31,0.5313462615013123,0.8133999705314636,-0.09725239127874374,0.9196176528930664,510,439
133,4433,32,0.41994360089302063,0.7666494250297546,0.04786941036581993,0.7032030820846558,403,413
134,4466,0,0.48870107531547546,0.31534239649772644,-0.05323033779859543,0.9972156286239624,469,170
134,4466,1,0.4890831410884857,0.3045824468135834,-0.06720639020204544,0.997126042842865,469,164
134,4466,2,0.48873674869537354,0.3042544722557068,-0.06734643876552582,0.9973164796829224,469,164
134,4466,3,0.488217830657959,0.3039740025997162,-0.06731833517551422,0.9980040788650513,468,164
134,4466,4,0.4912046492099762,0.30515313148498535,-0.04781012237071991,0.9968746304512024,471,164
134,4466,5,0.4924497604370117,0.305105984210968,-0.047977253794670105,0.9971329569816589,472,164
134,4466,6,0.4935641586780548,0.3049984574317932,-0.048053186386823654,0.9976458549499512,473,164
134,4466,7,0.4911953806877136,0.3095707595348358,-0.0978468507528305,0.9990299940109253,471,167
134,4466,8,0.499381959438324,0.3097366690635681,-0.0025042840279638767,0.9954833388328552,479,167
134,4466,9,0.4904670715332031,0.3248150646686554,-0.05990012362599373,0.996601402759552,470,175
134,4466,10,0.49165600538253784,0.32554516196250916,-0.03580961376428604,0.994204044342041,471,175
134,4466,11,0.5044804215431213,0.36791908740997314,-0.14564773440361023,0.9999639391899109,484,198
134,4466,12,0.510669469833374,0.36782509088516235,0.07677610963582993,0.9977425932884216,490,198
134,4466,13,0.49384403228759766,0.4716150760650635,-0.1528126746416092,0.9789553880691528,474,254
134,4466,14,0.517753541469574,0.47232213616371155,0.1050998792052269,0.011248824186623096,497,255
134,4466,15,0.4594699740409851,0.5383539795875549,-0.1191665306687355,0.8635029792785645,441,290
134,4466,16,0.5062539577484131,0.544081449508667,0.06925162672996521,0.06617152690887451,486,293
134,4466,17,0.45041924715042114,0.5622812509536743,-0.13369904458522797,0.7927342653274536,432,303
134,4466,18,0.5032060742378235,0.5635241270065308,0.06705086678266525,0.07698111981153488,483,304
134,4466,19,0.4462215304374695,0.5568438768386841,-0.1305467188358307,0.7846068143844604,428,300
134,4466,20,0.49943456053733826,0.5646831393241882,0.05034716799855232,0.07933071255683899,479,304
134,4466,21,0.45048609375953674,0.549170970916748,-0.11539708822965622,0.656409740447998,432,296
134,4466,22,0.5001031160354614,0.5566165447235107,0.06005299463868141,0.07682574540376663,480,300
134,4466,23,0.5069789290428162,0.539501428604126,-0.06388255208730698,0.9999096393585205,486,291
134,4466,24,0.49612534046173096,0.5398622155189514,0.06391690671443939,0.9997808933258057,476,291
134,4466,25,0.5276635885238647,0.6612259149551392,-0.037623047828674316,0.9139845967292786,506,357
134,4466,26,0.4667552709579468,0.6505469679832458,0.07944536954164505,0.2948625087738037,448,351
134,4466,27,0.561038613319397,0.7798354625701904,0.01155048981308937,0.9379603862762451,538,421
134,4466,28,0.4493841528892517,0.7717959880828857,0.12485209852457047,0.626555323600769,431,416
134,4466,29,0.5732882618904114,0.8048537969589233,0.011938375420868397,0.7785042524337769,550,434
134,4466,30,0.45294302701950073,0.800529420375824,0.12652184069156647,0.624765157699585,434,432
134,4466,31,0.5312228798866272,0.8133859038352966,-0.05668362230062485,0.922607958316803,509,439
134,4466,32,0.41690728068351746,0.7746559977531433,0.0751432552933693,0.7191559672355652,400,418
135,4500,0,0.48727503418922424,0.31641292572021484,-0.07064409554004669,0.9974321126937866,467,170
135,4500,1,0.4880998730659485,0.3056533932685852,-0.08480511605739594,0.9973320364952087,468,165
135,4500,2,0.4880831837654114,0.30521100759506226,-0.08494345098733902,0.9975044131278992,468,164
135,4500,3,0.48785507678985596,0.30482035875320435,-0.08491961658000946,0.9981445670127869,468,164
135,4500,4,0.48958495259284973,0.3063124120235443,-0.06367754191160202,0.9971010684967041,470,165
135,4500,5,0.49046820402145386,0.3063332736492157,-0.06384750455617905,0.9973356127738953,470,165
135,4500,6,0.4915897250175476,0.30611637234687805,-0.06392734497785568,0.9978171586990356,471,165
135,4500,7,0.49183687567710876,0.31077146530151367,-0.11232978850603104,0.9990928173065186,472,167
135,4500,8,0.4976681172847748,0.3104685842990875,-0.013822422362864017,0.9957646727561951,477,167
135,4500,9,0.4899040162563324,0.3258365988731384,-0.07582104951143265,0.9968217015266418,470,175
135,4500,10,0.49018070101737976,0.32672783732414246,-0.04930119216442108,0.9945837259292603,470,176
135,4500,11,0.5048483610153198,0.3686451017856598,-0.15587478876113892,0.9999656081199646,484,199
135,4500,12,0.5071362853050232,0.3706039786338806,0.07471396774053574,0.9978815913200378,486,200
135,4500,13,0.4914557635784149,0.4738326370716095,-0.1637011617422104,0.9791537523269653,471,255
135,4500,14,0.5085324645042419,0.47197115421295166,0.10474706441164017,0.010300738736987114,488,254
135,4500,15,0.4577789008617401,0.5387054681777954,-0.12451492249965668,0.8594672679901123,439,290
135,4500,16,0.500305712223053,0.5460606217384338,0.065050408244133,0.0597701333463192,480,294
135,4500,17,0.4487271010875702,0.562332034111023,-0.13954803347587585,0.7848471999168396,430,303
135,4500,18,0.4947555363178253,0.5652384161949158,0.06193359196186066,0.06968402862548828,474,305
135,4500,19,0.44576993584632874,0.5568339824676514,-0.13677215576171875,0.7764521241188049,427,300
135,4500,20,0.49229204654693604,0.5659142732620239,0.044681988656520844,0.07182324677705765,472,305
135,4500,21,0.449319452047348,0.5491369366645813,-0.12092001736164093,0.6428302526473999,431,296
135,4500,22,0.49359968304634094,0.5583034157752991,0.05539591982960701,0.0696287602186203,473,301
135,4500,23,0.5063331127166748,0.5400505661964417,-0.06644506752490997,0.9999139308929443,486,291
135,4500,24,0.4948437511920929,0.5401776432991028,0.06647462397813797,0.9997931718826294,475,291
135,4500,25,0.5269849896430969,0.661356508731842,-0.04061713069677353,0.916743814945221,505,357
135,4500,26,0.46723473072052,0.6504277586936951,0.08579853922128677,0.29763275384902954,448,351
135,4500,27,0.5607260465621948,0.7797017693519592,0.009316506795585155,0.9407325387001038,538,421
135,4500,28,0.4484509825706482,0.7723985910415649,0.1353384554386139,0.6445197463035583,430,417
135,4500,29,0.5726069211959839,0.8039923906326294,0.009047255851328373,0.7751144766807556,549,434
135,4500,30,0.45315197110176086,0.800493597984314,0.13722926378250122,0.6359134316444397,435,432
135,4500,31,0.5312528610229492,0.8133558630943298,-0.07040789723396301,0.9258483648300171,510,439
135,4500,32,0.41683414578437805,0.7781240344047546,0.08075498789548874,0.73482346534729,400,420
136,4533,0,0.4775725305080414,0.316255658864975,-0.1084565669298172,0.9976159334182739,458,170
136,4533,1,0.47978273034095764,0.3056248128414154,-0.12033824622631073,0.9975093603134155,460,165
136,4533,2,0.4800884425640106,0.30516111850738525,-0.12049277126789093,0.9976710677146912,460,164
136,4533,3,0.4803023636341095,0.3047385513782501,-0.1204783171415329,0.998271107673645,461,164
136,4533,4,0.48011311888694763,0.3061133921146393,-0.10062575340270996,0.9972694516181946,460,165
136,4533,5,0.4805941879749298,0.3060917258262634,-0.10079959034919739,0.9974736571311951,461,165
136,4533,6,0.48092859983444214,0.30589574575424194,-0.10088598728179932,0.9979267120361328,461,165
136,4533,7,0.48533692955970764,0.3102714717388153,-0.13710922002792358,0.9991483092308044,465,167
136,4533,8,0.4859582483768463,0.31028005480766296,-0.047081395983695984,0.9958731532096863,466,167
136,4533,9,0.4803730249404907,0.32542869448661804,-0.10956548154354095,0.9969958662986755,461,175
136,4533,10,0.48001423478126526,0.3266977071762085,-0.08492650836706161,0.9948344230651855,460,176
136,4533,11,0.4959160089492798,0.3684201240539551,-0.17232900857925415,0.9999678134918213,476,198
136,4533,12,0.4957663118839264,0.37052121758461,0.046232324093580246,0.9979997277259827,475,200
136,4533,13,0.4860510230064392,0.47339749336242676,-0.18667691946029663,0.9805983901023865,466,255
136,4533,14,0.49893054366111755,0.471773236989975,0.08150012046098709,0.009526344016194344,478,254
136,4533,15,0.4495997428894043,0.5397741794586182,-0.16205137968063354,0.8701263070106506,431,291
136,4533,16,0.49973952770233154,0.5487129092216492,0.04837006330490112,0.054063133895397186,479,296
136,4533,17,0.4417822062969208,0.5631936192512512,-0.1805916577577591,0.79925537109375,424,304
136,4533,18,0.49805429577827454,0.568946361541748,0.04389597102999687,0.06318055838346481,478,307
136,4533,19,0.4370037615299225,0.5570123195648193,-0.1773577332496643,0.7913203835487366,419,300
136,4533,20,0.49434036016464233,0.5697046518325806,0.02662932313978672,0.06512384116649628,474,307
136,4533,21,0.439832478761673,0.5496041178703308,-0.15839093923568726,0.6623352766036987,422,296
136,4533,22,0.49481824040412903,0.5613404512405396,0.038950689136981964,0.06320158392190933,475,303
136,4533,23,0.49824851751327515,0.5423545241355896,-0.06612303853034973,0.9999207258224487,478,292
136,4533,24,0.48367753624916077,0.5411499738693237,0.06615240126848221,0.999809205532074,464,292
136,4533,25,0.5191200971603394,0.6622150540351868,-0.031336039304733276,0.9196935892105103,498,357
136,4533,26,0.4596908986568451,0.6503584384918213,0.08435828238725662,0.31186753511428833,441,351
136,4533,27,0.5587419867515564,0.777867317199707,0.029136495664715767,0.9432410597801208,536,420
136,4533,28,0.44643285870552063,0.7723569273948669,0.13198979198932648,0.6662945747375488,428,417
136,4533,29,0.5708603262901306,0.7970608472824097,0.030282732099294662,0.7726398706436157,548,430
136,4533,30,0.4520917534828186,0.800428032875061,0.13371239602565765,0.6518982648849487,434,432
136,4533,31,0.531294584274292,0.8128834962844849,-0.04264119639992714,0.9290540218353271,510,438
136,4533,32,0.4134649932384491,0.7846938371658325,0.07874885946512222,0.7525848746299744,396,423
137,4566,0,0.4783509075641632,0.31635427474975586,-0.12012839317321777,0.9978189468383789,459,170
137,4566,1,0.4801800549030304,0.30562442541122437,-0.12943939864635468,0.9977140426635742,460,165
137,4566,2,0.4805888831615448,0.3051571547985077,-0.1296006143093109,0.9978650808334351,461,164
137,4566,3,0.481052041053772,0.3047278821468353,-0.12958435714244843,0.9984139800071716,461,164
137,4566,4,0.47985032200813293,0.30616286396980286,-0.11104508489370346,0.9974865317344666,460,165
137,4566,5,0.4799935519695282,0.3061085343360901,-0.11121835559606552,0.9976693391799927,460,165
137,4566,6,0.4800451695919037,0.3058972656726837,-0.11130800098180771,0.9980819821357727,460,165
137,4566,7,0.48488062620162964,0.31019526720046997,-0.13563328981399536,0.9992154836654663,465,167
137,4566,8,0.4849068522453308,0.31017789244651794,-0.051224902272224426,0.9961274862289429,465,167
137,4566,9,0.48147135972976685,0.3254649341106415,-0.11732614785432816,0.9972131252288818,462,175
137,4566,10,0.47976383566856384,0.3266870379447937,-0.09435323625802994,0.9951871037483215,460,176
137,4566,11,0.4947807192802429,0.3682974874973297,-0.17114926874637604,0.9999701380729675,474,198
137,4566,12,0.49019572138786316,0.3709339499473572,0.04895736649632454,0.9981101155281067,470,200
137,4566,13,0.48405545949935913,0.47305381298065186,-0.18501333892345428,0.9820854663848877,464,255
137,4566,14,0.494319349527359,0.47037792205810547,0.08305913954973221,0.008861045353114605,474,254
137,4566,15,0.4469369947910309,0.5408893823623657,-0.16368038952350616,0.879904568195343,429,292
137,4566,16,0.4915383756160736,0.5471910238265991,0.0455755777657032,0.04896707087755203,471,295
137,4566,17,0.43837273120880127,0.5648421049118042,-0.1829114407300949,0.8125821352005005,420,305
137,4566,18,0.49178314208984375,0.5686013102531433,0.041077565401792526,0.057411372661590576,472,307
137,4566,19,0.4341842830181122,0.5574706196784973,-0.18011769652366638,0.8052099943161011,416,301
137,4566,20,0.487165242433548,0.5694737434387207,0.02292904257774353,0.05918709561228752,467,307
137,4566,21,0.4371491074562073,0.5503479838371277,-0.16028404235839844,0.6811766624450684,419,297
137,4566,22,0.4879313111305237,0.5611839294433594,0.0357317253947258,0.057516682893037796,468,303
137,4566,23,0.4990774393081665,0.5422102212905884,-0.06709014624357224,0.999926745891571,479,292
137,4566,24,0.4820381999015808,0.5409950017929077,0.06711180508136749,0.9998230338096619,462,292
137,4566,25,0.5169476270675659,0.6628215909004211,-0.05842852219939232,0.9255302548408508,496,357
137,4566,26,0.4610442817211151,0.6493538618087769,0.08713065832853317,0.3252476751804352,442,350
137,4566,27,0.5587330460548401,0.7759824991226196,-0.004686560947448015,0.9469467997550964,536,419
137,4566,28,0.4476396143436432,0.7732875347137451,0.1359565556049347,0.6872615814208984,429,417
137,4566,29,0.5709648132324219,0.7947620153427124,-0.00399434519931674,0.7788181900978088,548,429
137,4566,30,0.4535358250141144,0.8007669448852539,0.13764522969722748,0.6685885787010193,435,432
137,4566,31,0.5316909551620483,0.8129588961601257,-0.08054578304290771,0.9337427020072937,510,438
137,4566,32,0.4140627682209015,0.7877813577651978,0.08123807609081268,0.7693758010864258,397,425
138,4600,0,0.47116518020629883,0.31568092107772827,-0.11424218863248825,0.9979444146156311,452,170
138,4600,1,0.4714168608188629,0.30486923456192017,-0.12790633738040924,0.9978314638137817,452,164
138,4600,2,0.47106674313545227,0.3045109808444977,-0.12806811928749084,0.9979820847511292,452,164
138,4600,3,0.4705376625061035,0.3041471242904663,-0.1280614733695984,0.9984992742538452,451,164
138,4600,4,0.4731607437133789,0.3051812946796417,-0.10818064212799072,0.9975808262825012,454,164
138,4600,5,0.4739597737789154,0.3050658106803894,-0.10834765434265137,0.997748851776123,455,164
138,4600,6,0.47463685274124146,0.30477067828178406,-0.10843189805746078,0.9981381893157959,455,164
138,4600,7,0.47470834851264954,0.30990827083587646,-0.15158399939537048,0.9992599487304688,455,167
138,4600,8,0.4800145924091339,0.3093602657318115,-0.06126071885228157,0.9961977601051331,460,167
138,4600,9,0.47269025444984436,0.3250177204608917,-0.11733612418174744,0.9973445534706116,453,175
138,4600,10,0.4732297360897064,0.3259955048561096,-0.09260556101799011,0.9953630566596985,454,176
138,4600,11,0.4859161674976349,0.3682030141353607,-0.19062590599060059,0.9999714493751526,466,198
138,4600,12,0.4878571629524231,0.36885693669319153,0.0358283706009388,0.9981638789176941,468,199
138,4600,13,0.47543442249298096,0.47345542907714844,-0.20702941715717316,0.9832706451416016,456,255
138,4600,14,0.4894641637802124,0.4700687527656555,0.07224468141794205,0.008274350315332413,469,253
138,4600,15,0.4401571452617645,0.5425465106964111,-0.18207226693630219,0.8881372809410095,422,292
138,4600,16,0.48801714181900024,0.5473743677139282,0.040942661464214325,0.044363584369421005,468,295
138,4600,17,0.4329177141189575,0.5671799182891846,-0.20095333456993103,0.8234060406684875,415,306
138,4600,18,0.4869116544723511,0.5676683783531189,0.03799879178404808,0.05218462273478508,467,306
138,4600,19,0.42827731370925903,0.5610296726226807,-0.19722150266170502,0.8162407279014587,411,302
138,4600,20,0.48149412870407104,0.5686483979225159,0.019661616533994675,0.05380573868751526,462,307
138,4600,21,0.43127310276031494,0.5532569885253906,-0.1782880574464798,0.6955856084823608,414,298
138,4600,22,0.4820569157600403,0.5605085492134094,0.03111063502728939,0.052394941449165344,462,302
138,4600,23,0.4871363639831543,0.54202800989151,-0.06756575405597687,0.9999315142631531,467,292
138,4600,24,0.47445663809776306,0.5409294962882996,0.0675874799489975,0.9998341798782349,455,292
138,4600,25,0.5054670572280884,0.6640750765800476,-0.05381609871983528,0.9314014911651611,485,358
138,4600,26,0.45336484909057617,0.649246096611023,0.10448375344276428,0.358332097530365,435,350
138,4600,27,0.5515377521514893,0.7693893313407898,0.020098906010389328,0.9506181478500366,529,415
138,4600,28,0.44451647996902466,0.7729307413101196,0.16524925827980042,0.7122920155525208,426,417
138,4600,29,0.5658608078956604,0.7838682532310486,0.023459024727344513,0.7861429452896118,543,423
138,4600,30,0.4521535336971283,0.800304114818573,0.1684352308511734,0.6907680630683899,434,432
138,4600,31,0.5312916040420532,0.8124649524688721,-0.043332960456609726,0.937781035900116,510,438
138,4600,32,0.41191330552101135,0.7891150712966919,0.11809427291154861,0.7873451709747314,395,426
139,4633,0,0.4681549668312073,0.3156110644340515,-0.10156583040952682,0.9980793595314026,449,170
139,4633,1,0.4701102077960968,0.3048153817653656,-0.11456774920225143,0.9979624152183533,451,164
139,4633,2,0.4702610969543457,0.30445823073387146,-0.1147150993347168,0.9981116056442261,451,164
139,4633,3,0.4702712297439575,0.304082453250885,-0.11469902098178864,0.9985918402671814,451,164
139,4633,4,0.47053366899490356,0.3051273822784424,-0.0955282524228096,0.9976992011070251,451,164
139,4633,5,0.470854789018631,0.3050195574760437,-0.09569703042507172,0.9978502988815308,452,164
139,4633,6,0.4710536599159241,0.30473846197128296,-0.0957752913236618,0.9982060790061951,452,164
139,4633,7,0.4752834439277649,0.3097914755344391,-0.1417594999074936,0.9993048906326294,456,167
139,4633,8,0.4761739671230316,0.3092956840991974,-0.03900526836514473,0.9962548613548279,457,167
139,4633,9,0.47097301483154297,0.32496052980422974,-0.10545206815004349,0.9974340200424194,452,175
139,4633,10,0.46965134143829346,0.32597365975379944,-0.082643061876297,0.9954437017440796,450,176
139,4633,11,0.48617804050445557,0.36571916937828064,-0.1898094117641449,0.9999727606773376,466,197
139,4633,12,0.4835065007209778,0.36841240525245667,0.07091278582811356,0.9982061982154846,464,198
139,4633,13,0.4754413068294525,0.47284507751464844,-0.19959889352321625,0.9839770793914795,456,255
139,4633,14,0.4831767976284027,0.468372106552124,0.10275707393884659,0.0076262615621089935,463,252
139,4633,15,0.4414311349391937,0.5425049066543579,-0.1772194802761078,0.8921987414360046,423,292
139,4633,16,0.47665849328041077,0.5368571281433105,0.055289704352617264,0.040187813341617584,457,289
139,4633,17,0.4332870841026306,0.5673322677612305,-0.19887182116508484,0.8284158706665039,415,306
139,4633,18,0.47048521041870117,0.5608939528465271,0.0525466613471508,0.047525130212306976,451,302
139,4633,19,0.42848458886146545,0.5610095262527466,-0.18904168903827667,0.821346640586853,411,302
139,4633,20,0.46677112579345703,0.5596490502357483,0.033951640129089355,0.04900823161005974,448,302
139,4633,21,0.4316891133785248,0.5532268285751343,-0.17037250101566315,0.7005047798156738,414,298
139,4633,22,0.46969878673553467,0.5510655641555786,0.04486661031842232,0.04782721400260925,450,297
139,4633,23,0.48648008704185486,0.5410954356193542,-0.0717046782374382,0.9999352097511292,467,292
139,4633,24,0.47395259141921997,0.5407207012176514,0.07171005755662918,0.9998427033424377,454,291
139,4633,25,0.5033047795295715,0.6645259857177734,-0.06971517950296402,0.936950147151947,483,358
139,4633,26,0.4541636109352112,0.6491997838020325,0.09824220091104507,0.38597244024276733,435,350
139,4633,27,0.5507938265800476,0.7681061029434204,-0.009446591138839722,0.9543449282646179,528,414
139,4633,28,0.4453040361404419,0.7730131149291992,0.15347343683242798,0.7344080209732056,427,417
139,4633,29,0.5647336840629578,0.7820080518722534,-0.007463336922228336,0.7967085242271423,542,422
139,4633,30,0.45122337341308594,0.8009232878684998,0.15614604949951172,0.7118127942085266,433,432
139,4633,31,0.5313340425491333,0.8129225969314575,-0.07334969937801361,0.9421218633651733,510,438
139,4633,32,0.411724716424942,0.7895437479019165,0.10743121057748795,0.8033977746963501,395,426
140,4666,0,0.4611964225769043,0.3129013776779175,-0.06351076066493988,0.9981440901756287,442,168
140,4666,1,0.46105507016181946,0.30249401926994324,-0.0795966163277626,0.9980075359344482,442,163
140,4666,2,0.46036389470100403,0.3022252917289734,-0.0797492042183876,0.9981669187545776,441,163
140,4666,3,0.4594855010509491,0.30202728509902954,-0.07975498586893082,0.9986303448677063,441,163
140,4666,4,0.4641767144203186,0.3022400438785553,-0.059867244213819504,0.9976948499679565,445,163
140,4666,5,0.4655646085739136,0.30193549394607544,-0.060028742998838425,0.997847855091095,446,163
140,4666,6,0.46685799956321716,0.3014725148677826,-0.06009827181696892,0.9981884360313416,448,162
140,4666,7,0.462289959192276,0.3079313337802887,-0.12164806574583054,0.999339759349823,443,166
140,4666,8,0.47270819544792175,0.30625829100608826,-0.025979017838835716,0.9962825179100037,453,165
140,4666,9,0.4623575210571289,0.3223300576210022,-0.07255064696073532,0.9975463151931763,443,174
140,4666,10,0.4643707573413849,0.3224925398826599,-0.047913361340761185,0.9955698251724243,445,174
140,4666,11,0.4743286073207855,0.36437681317329407,-0.18414084613323212,0.9999740719795227,455,196
140,4666,12,0.48261114954948425,0.3650277554988861,0.06801363080739975,0.9982476830482483,463,197
140,4666,13,0.46905553340911865,0.47013524174690247,-0.18968038260936737,0.9845741987228394,450,253
140,4666,14,0.48113176226615906,0.4663226902484894,0.09930878132581711,0.007113754283636808,461,251
140,4666,15,0.43801435828208923,0.5416516661643982,-0.16550160944461823,0.8955715298652649,420,292
140,4666,16,0.4702945351600647,0.5314599275588989,0.055332284420728683,0.03643239289522171,451,286
140,4666,17,0.43036746978759766,0.5668532848358154,-0.1847832202911377,0.8325205445289612,413,306
140,4666,18,0.46926939487457275,0.5541768074035645,0.05381238833069801,0.04329059273004532,450,299
140,4666,19,0.42661091685295105,0.5608349442481995,-0.18084797263145447,0.8247552514076233,409,302
140,4666,20,0.4640728533267975,0.5543451905250549,0.03653963282704353,0.044632140547037125,445,299
140,4666,21,0.43009835481643677,0.5527790784835815,-0.16082565486431122,0.7035747170448303,412,298
140,4666,22,0.4652549624443054,0.5466384887695312,0.04543406888842583,0.043672382831573486,446,295
140,4666,23,0.47849854826927185,0.5366193652153015,-0.07091724127531052,0.9999392628669739,459,289
140,4666,24,0.47277191281318665,0.5376222133636475,0.07092160731554031,0.9998524188995361,453,290
140,4666,25,0.4877334535121918,0.6647019982337952,-0.08406683802604675,0.9422194957733154,468,358
140,4666,26,0.44806572794914246,0.6468833684921265,0.09449981898069382,0.409707635641098,430,349
140,4666,27,0.5397580862045288,0.7618180513381958,-0.01575208269059658,0.9566032886505127,518,411
140,4666,28,0.44418078660964966,0.7728022933006287,0.14560386538505554,0.7511983513832092,426,417
140,4666,29,0.555291473865509,0.7655534744262695,-0.011891026049852371,0.8029332160949707,533,413
140,4666,30,0.4500870108604431,0.8006404638290405,0.14784881472587585,0.7275633215904236,432,432
140,4666,31,0.5313647985458374,0.8141646981239319,-0.06439507752656937,0.9438737630844116,510,439
140,4666,32,0.41119852662086487,0.7908663153648376,0.10194320231676102,0.8140933513641357,394,427
141,4700,0,0.45928436517715454,0.30891621112823486,-0.07052183151245117,0.9982136487960815,440,166
141,4700,1,0.46034520864486694,0.29904526472091675,-0.0848793238401413,0.9980694651603699,441,161
141,4700,2,0.4598821699619293,0.29895099997520447,-0.08502814918756485,0.9982279539108276,441,161
141,4700,3,0.45927008986473083,0.2988148331642151,-0.08502154052257538,0.9986734390258789,440,161
141,4700,4,0.46262407302856445,0.2986604571342468,-0.0653035119175911,0.9977350831031799,444,161
141,4700,5,0.4636726975440979,0.29851311445236206,-0.06547006219625473,0.9978848099708557,445,161
141,4700,6,0.46459707617759705,0.29819655418395996,-0.0655447468161583,0.9982109069824219,446,161
141,4700,7,0.4628540575504303,0.30535146594047546,-0.12134159356355667,0.9993646740913391,444,164
141,4700,8,0.4702759385108948,0.3045724332332611,-0.024231193587183952,0.9962888360023499,451,164
141,4700,9,0.4611244201660156,0.3191191256046295,-0.07660872489213943,0.9976179599761963,442,172
141,4700,10,0.46261268854141235,0.31942954659461975,-0.05212223902344704,0.9956461191177368,444,172
141,4700,11,0.4733844995498657,0.3640972971916199,-0.17412123084068298,0.9999744296073914,454,196
141,4700,12,0.4808093309402466,0.3633960783481598,0.07124419510364532,0.9982904195785522,461,196
141,4700,13,0.4671710133552551,0.4696342647075653,-0.1863269954919815,0.9849619269371033,448,253
141,4700,14,0.4817877411842346,0.46424412727355957,0.10013320297002792,0.006688321009278297,462,250
141,4700,15,0.4388118088245392,0.5411245822906494,-0.1546195149421692,0.8961560130119324,421,292
141,4700,16,0.4710196256637573,0.5315496921539307,0.055284950882196426,0.03315059095621109,452,287
141,4700,17,0.43122896552085876,0.5668092966079712,-0.17223061621189117,0.8322257995605469,413,306
141,4700,18,0.4683362543582916,0.5526323318481445,0.05353010445833206,0.03965596482157707,449,298
141,4700,19,0.4263649582862854,0.5609755516052246,-0.1669229120016098,0.823651909828186,409,302
141,4700,20,0.4643355906009674,0.5519304275512695,0.035813428461551666,0.04087299853563309,445,298
141,4700,21,0.43012893199920654,0.5527595281600952,-0.1496661752462387,0.7008388042449951,412,298
141,4700,22,0.4663983881473541,0.5463072061538696,0.04524119570851326,0.040132902562618256,447,295
141,4700,23,0.48028528690338135,0.5357396602630615,-0.07231423258781433,0.9999433159828186,461,289
141,4700,24,0.47204482555389404,0.5344901084899902,0.07230981439352036,0.9998628497123718,453,288
141,4700,25,0.4868321120738983,0.6646928787231445,-0.08752734214067459,0.9471449851989746,467,358
141,4700,26,0.4476845860481262,0.6437297463417053,0.0887160450220108,0.44513753056526184,429,347
141,4700,27,0.5382795333862305,0.7595983147621155,-0.011535083875060081,0.9592580199241638,516,410
141,4700,28,0.4438673257827759,0.7726417183876038,0.133022740483284,0.7710776925086975,426,417
141,4700,29,0.5537793636322021,0.7619030475616455,-0.007775718346238136,0.8100548982620239,531,411
141,4700,30,0.45030727982521057,0.8004698157310486,0.13495628535747528,0.7462685108184814,432,432
141,4700,31,0.5313577055931091,0.8150667548179626,-0.05853015184402466,0.9461649060249329,510,440
141,4700,32,0.4107103943824768,0.7911704182624817,0.09724973887205124,0.8273987174034119,394,427
142,4733,0,0.4512837827205658,0.30769211053848267,-0.056730471551418304,0.9983362555503845,433,166
142,4733,1,0.4517667591571808,0.2976558208465576,-0.06832108646631241,0.9981868863105774,433,160
142,4733,2,0.4514155089855194,0.29747217893600464,-0.06845100969076157,0.9983331561088562,433,160
142,4733,3,0.45084112882614136,0.29728561639785767,-0.0684463307261467,0.9987502098083496,432,160
142,4733,4,0.45373639464378357,0.2975051701068878,-0.05014414340257645,0.9978656768798828,435,160
142,4733,5,0.45468568801879883,0.29735472798347473,-0.05031588301062584,0.9980018734931946,436,160
142,4733,6,0.45549583435058594,0.2970901131629944,-0.05038604885339737,0.9983087778091431,437,160
142,4733,7,0.45505616068840027,0.3028000295162201,-0.09199988096952438,0.999398410320282,436,163
142,4733,8,0.4612480700016022,0.3027038276195526,-0.00818010326474905,0.99647456407547,442,163
142,4733,9,0.45333462953567505,0.31740257143974304,-0.060511596500873566,0.9977272152900696,435,171
142,4733,10,0.4543587267398834,0.31773415207862854,-0.03787171095609665,0.995831310749054,436,171
142,4733,11,0.46693307161331177,0.3618815839290619,-0.13697433471679688,0.9999743103981018,448,195
142,4733,12,0.47123199701309204,0.36053624749183655,0.07624278962612152,0.9983425140380859,452,194
142,4733,13,0.46341362595558167,0.46625274419784546,-0.16561678051948547,0.9839419722557068,444,251
142,4733,14,0.47443678975105286,0.45954424142837524,0.09847269207239151,0.006303086411207914,455,248
142,4733,15,0.43391305208206177,0.5387051701545715,-0.15138159692287445,0.8889529705047607,416,290
142,4733,16,0.46551963686943054,0.5240168571472168,0.05534960329532623,0.03023357503116131,446,282
142,4733,17,0.42792603373527527,0.5618025660514832,-0.16846174001693726,0.823279082775116,410,303
142,4733,18,0.46073439717292786,0.5441311597824097,0.05340270325541496,0.03639741241931915,442,293
142,4733,19,0.4237568974494934,0.5596359372138977,-0.16294482350349426,0.8139174580574036,406,302
142,4733,20,0.45961782336235046,0.5437083840370178,0.036706823855638504,0.037491198629140854,441,293
142,4733,21,0.42704257369041443,0.5513061285018921,-0.14696450531482697,0.6878730058670044,409,297
142,4733,22,0.4608687460422516,0.5384920239448547,0.04574048891663551,0.03691874444484711,442,290
142,4733,23,0.4716395139694214,0.5281602740287781,-0.07016266137361526,0.9999464750289917,452,285
142,4733,24,0.46644115447998047,0.5277765989303589,0.07011296600103378,0.9998716711997986,447,284
142,4733,25,0.4674685299396515,0.6605958342552185,-0.09367375820875168,0.9507250189781189,448,356
142,4733,26,0.445233553647995,0.642273485660553,0.06769313663244247,0.45661813020706177,427,346
142,4733,27,0.5263195633888245,0.7510457038879395,-0.04366374760866165,0.9604504108428955,505,405
142,4733,28,0.4443529546260834,0.7726101875305176,0.0976661965250969,0.7814281582832336,426,417
142,4733,29,0.5420742630958557,0.7480735182762146,-0.0416330024600029,0.8130594491958618,520,403
142,4733,30,0.45121464133262634,0.8003096580505371,0.09832731634378433,0.7538386583328247,433,432
142,4733,31,0.5218954682350159,0.8136096000671387,-0.08584705740213394,0.947196364402771,501,439
142,4733,32,0.4116423428058624,0.7929180860519409,0.0650058165192604,0.8333973288536072,395,428
143,4766,0,0.450642853975296,0.30563896894454956,-0.019949818029999733,0.9983490705490112,432,165
143,4766,1,0.45107847452163696,0.29565730690956116,-0.03125074878334999,0.9981401562690735,433,159
143,4766,2,0.4507852792739868,0.2956354022026062,-0.03137529268860817,0.998290479183197,432,159
143,4766,3,0.4503619372844696,0.2956641912460327,-0.03137939050793648,0.9987035989761353,432,159
143,4766,4,0.45278316736221313,0.2952587902545929,-0.01336081326007843,0.9978204369544983,434,159
143,4766,5,0.453570157289505,0.29512521624565125,-0.013530964963138103,0.9979711771011353,435,159
143,4766,6,0.45417723059654236,0.2949378788471222,-0.013604637235403061,0.9982867240905762,436,159
143,4766,7,0.45422178506851196,0.30107513070106506,-0.05745182931423187,0.9993806481361389,436,162
143,4766,8,0.4596358835697174,0.3003057837486267,0.02421928010880947,0.9964634776115417,441,162
143,4766,9,0.45290765166282654,0.3155612051486969,-0.025394713506102562,0.997652530670166,434,170
143,4766,10,0.4535350501537323,0.3161647915840149,-0.0031134963501244783,0.9957423210144043,435,170
143,4766,11,0.46606647968292236,0.35825371742248535,-0.1112549751996994,0.999972939491272,447,193
143,4766,12,0.4667898118495941,0.3600860834121704,0.09828344732522964,0.9983640313148499,448,194
143,4766,13,0.46093741059303284,0.4619162976741791,-0.14570634067058563,0.9835460782051086,442,249
143,4766,14,0.4672679007053375,0.45873820781707764,0.11145544797182083,0.006186618469655514,448,247
143,4766,15,0.4348757565021515,0.5344874858856201,-0.13342982530593872,0.8810873031616211,417,288
143,4766,16,0.4590107500553131,0.5251421332359314,0.06819246709346771,0.027835216373205185,440,283
143,4766,17,0.42954495549201965,0.5565898418426514,-0.14893196523189545,0.8142827153205872,412,300
143,4766,18,0.45946693420410156,0.5437300205230713,0.06661304086446762,0.03382821008563042,441,293
143,4766,19,0.42482805252075195,0.5562710762023926,-0.14343556761741638,0.8037539124488831,407,300
143,4766,20,0.45606380701065063,0.5447299480438232,0.051756370812654495,0.03481297567486763,437,294
143,4766,21,0.4269363582134247,0.5483853816986084,-0.12931746244430542,0.675822377204895,409,296
143,4766,22,0.4571554362773895,0.5383468270301819,0.059508029371500015,0.034456510096788406,438,290
143,4766,23,0.4725281894207001,0.5258220434188843,-0.06925594061613083,0.9999491572380066,453,283
143,4766,24,0.4631461799144745,0.5248873233795166,0.06918665021657944,0.9998794198036194,444,283
143,4766,25,0.46549782156944275,0.6575244665145874,-0.10158459842205048,0.9545555114746094,446,355
143,4766,26,0.4421516954898834,0.6389733552932739,0.0605054646730423,0.4729478359222412,424,345
143,4766,27,0.5245401263237,0.7486697435379028,-0.05380803719162941,0.9618951678276062,503,404
143,4766,28,0.4432414174079895,0.7720527648925781,0.08519421517848969,0.7932755351066589,425,416
143,4766,29,0.5404494404792786,0.7459357976913452,-0.05151759833097458,0.8172674179077148,518,402
143,4766,30,0.45083552598953247,0.7994977235794067,0.08535823971033096,0.7636457681655884,432,431
143,4766,31,0.5177780389785767,0.8125349283218384,-0.09135569632053375,0.9482395052909851,497,438
143,4766,32,0.4099928140640259,0.7925894856452942,0.05424351617693901,0.8398717045783997,393,427
144,4800,0,0.4376738965511322,0.3034118413925171,-0.04450936242938042,0.9984652996063232,420,163
144,4800,1,0.4397757649421692,0.293381929397583,-0.056505344808101654,0.9982626438140869,422,158
144,4800,2,0.44019249081611633,0.29331567883491516,-0.0566391758620739,0.9983992576599121,422,158
144,4800,3,0.44040507078170776,0.2933099567890167,-0.05663244426250458,0.998781144618988,422,158
144,4800,4,0.44024309515953064,0.2932868003845215,-0.03782534971833229,0.9979568123817444,422,158
144,4800,5,0.4409184455871582,0.29325535893440247,-0.03799624368548393,0.9980922937393188,423,158
144,4800,6,0.4414048194885254,0.29318127036094666,-0.03807178884744644,0.9983837008476257,423,158
144,4800,7,0.4464707672595978,0.298263818025589,-0.07888760417699814,0.999413251876831,428,161
144,4800,8,0.44749683141708374,0.29871371388435364,0.005064604803919792,0.9966441988945007,429,161
144,4800,9,0.4413226842880249,0.3136410713195801,-0.04881061986088753,0.9977067112922668,423,169
144,4800,10,0.4408183991909027,0.31411150097846985,-0.02550891414284706,0.9958170056343079,423,169
144,4800,11,0.4554063379764557,0.3580969572067261,-0.12313436716794968,0.9999704957008362,437,193
144,4800,12,0.46345049142837524,0.3569874167442322,0.08691538870334625,0.9982939958572388,444,192
144,4800,13,0.4559459090232849,0.46043115854263306,-0.15189427137374878,0.9826356768608093,437,248
144,4800,14,0.46498486399650574,0.45377475023269653,0.09706460684537888,0.0058051347732543945,446,245
144,4800,15,0.4315769374370575,0.5346390008926392,-0.13458837568759918,0.873794674873352,414,288
144,4800,16,0.45663169026374817,0.5148822665214539,0.05448771268129349,0.02542150393128395,438,278
144,4800,17,0.4264354407787323,0.5572847127914429,-0.14878039062023163,0.8065313100814819,409,300
144,4800,18,0.4571397602558136,0.5331562161445618,0.0524396151304245,0.031156301498413086,438,287
144,4800,19,0.4215169847011566,0.5570111274719238,-0.14449520409107208,0.7954280972480774,404,300
144,4800,20,0.4521777331829071,0.5351378917694092,0.04117061570286751,0.03202614188194275,434,288
144,4800,21,0.4235500395298004,0.5484342575073242,-0.13079538941383362,0.6668806672096252,406,296
144,4800,22,0.4530876874923706,0.529254674911499,0.04697975888848305,0.03180691972374916,434,285
144,4800,23,0.45945656299591064,0.5269399285316467,-0.0675891563296318,0.9999491572380066,441,284
144,4800,24,0.45934197306632996,0.5253039002418518,0.06751620024442673,0.9998810291290283,440,283
144,4800,25,0.4517654776573181,0.6571521759033203,-0.08982494473457336,0.9574853181838989,433,354
144,4800,26,0.43935319781303406,0.6367563605308533,0.07335548102855682,0.4792562425136566,421,343
144,4800,27,0.5081650614738464,0.7450227737426758,-0.03598817065358162,0.9629635810852051,487,402
144,4800,28,0.44363757967948914,0.7720078825950623,0.0974891409277916,0.7989049553871155,425,416
144,4800,29,0.5231784582138062,0.7448124289512634,-0.034012146294116974,0.8238368034362793,502,402
144,4800,30,0.4511049687862396,0.7994540929794312,0.09882831573486328,0.7697052955627441,433,431
144,4800,31,0.5000267624855042,0.8071871995925903,-0.06956135481595993,0.9489595293998718,480,435
144,4800,32,0.40895313024520874,0.7925092577934265,0.07947204262018204,0.8414090871810913,392,427
145,4833,0,0.4372142255306244,0.30387187004089355,-0.02413838915526867,0.9985411167144775,419,164
145,4833,1,0.43916431069374084,0.2937932014465332,-0.035877201706171036,0.9983226656913757,421,158
145,4833,2,0.4393448233604431,0.2937105894088745,-0.03598664700984955,0.9984450936317444,421,158
145,4833,3,0.4393206238746643,0.2936776876449585,-0.03597636520862579,0.9988122582435608,421,158
145,4833,4,0.4403055012226105,0.29363030195236206,-0.018383333459496498,0.9980282783508301,422,158
145,4833,5,0.4412485659122467,0.29351571202278137,-0.018558723852038383,0.9981533288955688,423,158
145,4833,6,0.44202932715415955,0.29332005977630615,-0.018628982827067375,0.9984394311904907,424,158
145,4833,7,0.4445804953575134,0.2986258268356323,-0.06186801940202713,0.9994221925735474,426,161
145,4833,8,0.4489404559135437,0.2986033260822296,0.017685001716017723,0.9967503547668457,430,161
145,4833,9,0.44089508056640625,0.3139869272708893,-0.029195526614785194,0.9977056980133057,423,169
145,4833,10,0.44122982025146484,0.3144509196281433,-0.007467187475413084,0.9958199858665466,423,169
145,4833,11,0.45416224002838135,0.35797107219696045,-0.10661565512418747,0.9999699592590332,435,193
145,4833,12,0.4657685458660126,0.3561132252216339,0.08998038619756699,0.9983264803886414,447,192
145,4833,13,0.45281121134757996,0.4605664610862732,-0.12771235406398773,0.9811321496963501,434,248
145,4833,14,0.4718780219554901,0.45231273770332336,0.10252387821674347,0.005455748178064823,453,244
145,4833,15,0.43078047037124634,0.534469485282898,-0.09828075021505356,0.8613465428352356,413,288
145,4833,16,0.46048596501350403,0.5115272998809814,0.06740293651819229,0.023293372243642807,442,276
145,4833,17,0.42561075091362,0.5577439069747925,-0.10935771465301514,0.7924113273620605,408,301
145,4833,18,0.4596004784107208,0.5324981808662415,0.06627275049686432,0.028800783678889275,441,287
145,4833,19,0.4210697114467621,0.5570508241653442,-0.10571657121181488,0.7804444432258606,404,300
145,4833,20,0.45496129989624023,0.5351132154464722,0.0542089007794857,0.029560934752225876,436,288
145,4833,21,0.4233929216861725,0.5485244393348694,-0.09448480606079102,0.6507900953292847,406,296
145,4833,22,0.45578062534332275,0.528946578502655,0.060012336820364,0.02945052832365036,437,285
145,4833,23,0.45814216136932373,0.5266731977462769,-0.0660090371966362,0.9999505281448364,439,284
145,4833,24,0.4630529582500458,0.5249748229980469,0.06594159454107285,0.9998856782913208,444,283
145,4833,25,0.4501548707485199,0.6559541821479797,-0.08982542157173157,0.9595465660095215,432,354
145,4833,26,0.4410768449306488,0.6365605592727661,0.07062302529811859,0.4616716802120209,423,343
145,4833,27,0.5067355036735535,0.7453489899635315,-0.05188615247607231,0.9627167582511902,486,402
145,4833,28,0.4426766335964203,0.7719505429267883,0.095213383436203,0.7873612642288208,424,416
145,4833,29,0.5231022834777832,0.7446823716163635,-0.05036620423197746,0.8260731101036072,502,402
145,4833,30,0.45110243558883667,0.7992570400238037,0.09595847129821777,0.76038658618927,433,431
145,4833,31,0.4981097877025604,0.8071722984313965,-0.08028217405080795,0.9480695724487305,478,435
145,4833,32,0.40878573060035706,0.7915146946907043,0.07679090648889542,0.8301207423210144,392,427
146,4866,0,0.4331991970539093,0.30312684178352356,-0.034970659762620926,0.9985241293907166,415,163
146,4866,1,0.4334174692630768,0.2930193245410919,-0.046504199504852295,0.9982685446739197,416,158
146,4866,2,0.4329705536365509,0.29293006658554077,-0.04661813750863075,0.9983741641044617,415,158
146,4866,3,0.43229907751083374,0.2928920090198517,-0.04661105200648308,0.9987608790397644,415,158
146,4866,4,0.4358274042606354,0.29269006848335266,-0.02913370542228222,0.9979837536811829,418,158
146,4866,5,0.43702957034111023,0.2924214005470276,-0.02930443175137043,0.99810391664505,419,157
146,4866,6,0.43809956312179565,0.29208698868751526,-0.029375186190009117,0.9984162449836731,420,157
146,4866,7,0.43620243668556213,0.29752081632614136,-0.07181710749864578,0.9993963241577148,418,160
146,4866,8,0.44445574283599854,0.29725703597068787,0.007796987425535917,0.9967437982559204,426,160
146,4866,9,0.4353354573249817,0.3129640519618988,-0.03978511318564415,0.9976169466972351,417,169
146,4866,10,0.43671873211860657,0.31313279271125793,-0.01819653995335102,0.9956822395324707,419,169
146,4866,11,0.44632208347320557,0.3578813672065735,-0.11421630531549454,0.9999640583992004,428,193
146,4866,12,0.4563712179660797,0.35493671894073486,0.08906960487365723,0.9982345104217529,438,191
146,4866,13,0.4491388201713562,0.4602769613265991,-0.13469058275222778,0.9748263955116272,431,248
146,4866,14,0.4598301947116852,0.4520393908023834,0.09678809344768524,0.005113193299621344,441,244
146,4866,15,0.42568439245224,0.5345084071159363,-0.10875745117664337,0.8203209638595581,408,288
146,4866,16,0.44464239478111267,0.5142210125923157,0.0634513646364212,0.021227700635790825,426,277
146,4866,17,0.421776682138443,0.5579991340637207,-0.12092570960521698,0.7509024739265442,404,301
146,4866,18,0.44102713465690613,0.5323578119277954,0.06261175125837326,0.02640562877058983,423,287
146,4866,19,0.41734156012535095,0.5578505992889404,-0.1177053153514862,0.7389065623283386,400,301
146,4866,20,0.43733325600624084,0.5328353643417358,0.05276035889983177,0.027103327214717865,419,287
146,4866,21,0.418034166097641,0.549163281917572,-0.10535244643688202,0.6111833453178406,401,296
146,4866,22,0.4390290379524231,0.5291253924369812,0.05667443200945854,0.02706851251423359,421,285
146,4866,23,0.4524562656879425,0.5250400900840759,-0.0635656788945198,0.9999394416809082,434,283
146,4866,24,0.45609569549560547,0.52213054895401,0.06350859254598618,0.999869704246521,437,281
146,4866,25,0.4368048310279846,0.6560273766517639,-0.0857739970088005,0.9548117518424988,419,354
146,4866,26,0.4347740113735199,0.6367699503898621,0.06669885665178299,0.4303399920463562,417,343
146,4866,27,0.489278107881546,0.7465506196022034,-0.050786737352609634,0.9518018960952759,469,403
146,4866,28,0.44215571880340576,0.7718074321746826,0.09804212301969528,0.7485073208808899,424,416
146,4866,29,0.5032764077186584,0.7463762760162354,-0.04381156340241432,0.807256817817688,483,403
146,4866,30,0.4497995972633362,0.7969375848770142,0.09939480572938919,0.7265197038650513,431,430
146,4866,31,0.47896212339401245,0.807158887386322,-0.06151971593499184,0.9341779351234436,459,435
146,4866,32,0.4083256721496582,0.7913130521774292,0.07539191097021103,0.7940717935562134,391,427
147,4900,0,0.42868873476982117,0.3028506934642792,-0.04302932322025299,0.9986196756362915,411,163
147,4900,1,0.4310390055179596,0.29255959391593933,-0.049320098012685776,0.9983727931976318,413,157
147,4900,2,0.43138039112091064,0.292451411485672,-0.04947109892964363,0.998465895652771,414,157
147,4900,3,0.4314586818218231,0.29231348633766174,-0.04947661608457565,0.9988290071487427,414,157
147,4900,4,0.43139660358428955,0.29236850142478943,-0.031275585293769836,0.9981074333190918,414,157
147,4900,5,0.4319871664047241,0.29217302799224854,-0.0314239040017128,0.9982128739356995,414,157
147,4900,6,0.4318286180496216,0.292030394077301,-0.031489212065935135,0.9985072016716003,414,157
147,4900,7,0.4368719756603241,0.2969213128089905,-0.07482275366783142,0.9994162321090698,419,160
147,4900,8,0.43897050619125366,0.2967417538166046,0.007280637975782156,0.9968644380569458,421,160
147,4900,9,0.43250635266304016,0.3122805058956146,-0.04416307061910629,0.9976479411125183,415,168
147,4900,10,0.43175965547561646,0.31285980343818665,-0.021622158586978912,0.9957365989685059,414,168
147,4900,11,0.44600164890289307,0.35649242997169495,-0.11624695360660553,0.9999629259109497,428,192
147,4900,12,0.4535207450389862,0.3542933166027069,0.09060166031122208,0.9982577562332153,435,191
147,4900,13,0.4482981264591217,0.4584833085536957,-0.13661138713359833,0.9731568694114685,430,247
147,4900,14,0.4603060781955719,0.44917991757392883,0.10212380439043045,0.0048677679151296616,441,242
147,4900,15,0.42586201429367065,0.5334823727607727,-0.1094517707824707,0.801689088344574,408,288
147,4900,16,0.4513922333717346,0.5128576159477234,0.05849558487534523,0.019523167982697487,433,276
147,4900,17,0.4220966696739197,0.5569884777069092,-0.12210773676633835,0.7292996048927307,405,300
147,4900,18,0.44938167929649353,0.5329594016075134,0.054651498794555664,0.024532003328204155,431,287
147,4900,19,0.41830557584762573,0.5573983192443848,-0.11927647143602371,0.7169526815414429,401,300
147,4900,20,0.44508618116378784,0.5343068242073059,0.04321343079209328,0.02514810673892498,427,288
147,4900,21,0.4195711314678192,0.548405647277832,-0.10599077492952347,0.5886812210083008,402,296
147,4900,22,0.44617965817451477,0.5291433334350586,0.05081375315785408,0.025180991739034653,428,285
147,4900,23,0.4508068263530731,0.5252126455307007,-0.06520432978868484,0.9999397993087769,432,283
147,4900,24,0.45191243290901184,0.5219370126724243,0.06514807045459747,0.9998728036880493,433,281
147,4900,25,0.4362075924873352,0.6560894250869751,-0.08869650214910507,0.9559709429740906,418,354
147,4900,26,0.43204498291015625,0.6369263529777527,0.06665102392435074,0.42315542697906494,414,343
147,4900,27,0.48809725046157837,0.7471975088119507,-0.04293689876794815,0.9514369964599609,468,403
147,4900,28,0.4419589042663574,0.7717881798744202,0.09800508618354797,0.7445741295814514,424,416
147,4900,29,0.5014304518699646,0.7486652731895447,-0.03957275673747063,0.8073961138725281,481,404
147,4900,30,0.45016154646873474,0.7951431274414062,0.09900395572185516,0.7227702736854553,432,429
147,4900,31,0.4765688478946686,0.8062822818756104,-0.07438899576663971,0.9330103397369385,457,435
147,4900,32,0.408878356218338,0.7917113900184631,0.06947146356105804,0.7886744141578674,392,427
148,4933,0,0.42330870032310486,0.30173254013061523,-0.07087055593729019,0.9985803365707397,406,162
148,4933,1,0.42472130060195923,0.2913260757923126,-0.08016476780176163,0.9983435273170471,407,157
148,4933,2,0.4246600866317749,0.291177362203598,-0.08030066639184952,0.9984337687492371,407,157
148,4933,3,0.42433279752731323,0.2910856604576111,-0.08029299229383469,0.9988123178482056,407,157
148,4933,4,0.42619502544403076,0.2911679446697235,-0.06086068972945213,0.9980561137199402,409,157
148,4933,5,0.4270800054073334,0.29099228978157043,-0.061017703264951706,0.9981366395950317,409,157
148,4933,6,0.42766904830932617,0.29086971282958984,-0.06109935790300369,0.9984335899353027,410,157
148,4933,7,0.4302324652671814,0.29550114274024963,-0.10049974173307419,0.9993901252746582,413,159
148,4933,8,0.4338262975215912,0.29593971371650696,-0.013331026770174503,0.9965910911560059,416,159
148,4933,9,0.42666614055633545,0.3112313449382782,-0.07338151335716248,0.9975399971008301,409,168
148,4933,10,0.4271867871284485,0.3119026720523834,-0.04946735128760338,0.9954442977905273,410,168
148,4933,11,0.43902045488357544,0.356649249792099,-0.14848600327968597,0.9999603629112244,421,192
148,4933,12,0.44916680455207825,0.3544079065322876,0.07719762623310089,0.9980872273445129,431,191
148,4933,13,0.4434744119644165,0.45880547165870667,-0.1782301366329193,0.9732359051704407,425,247
148,4933,14,0.45038002729415894,0.4531749188899994,0.09366972744464874,0.004576651845127344,432,244
148,4933,15,0.4220711290836334,0.5345606207847595,-0.16052177548408508,0.8071228265762329,405,288
148,4933,16,0.4384928345680237,0.5245072841644287,0.04536908492445946,0.017987988889217377,420,283
148,4933,17,0.41787177324295044,0.5600231289863586,-0.17669200897216797,0.7340575456619263,401,302
148,4933,18,0.4359927773475647,0.5462690591812134,0.04177599772810936,0.022831516340374947,418,294
148,4933,19,0.4136573076248169,0.5610045790672302,-0.1734718680381775,0.722241997718811,397,302
148,4933,20,0.43433961272239685,0.549199104309082,0.02562638558447361,0.02338266558945179,416,296
148,4933,21,0.41474857926368713,0.5529317855834961,-0.15715935826301575,0.5944198966026306,398,298
148,4933,22,0.43560391664505005,0.5426371693611145,0.03591672703623772,0.023498419672250748,418,293
148,4933,23,0.44390517473220825,0.5248749256134033,-0.07113495469093323,0.9999352097511292,426,283
148,4933,24,0.4483766555786133,0.5223455429077148,0.07109945267438889,0.9998623728752136,430,282
148,4933,25,0.4242805540561676,0.6499168872833252,-0.07148972153663635,0.9455704092979431,407,350
148,4933,26,0.4272427558898926,0.6372675895690918,0.07578469067811966,0.39624646306037903,410,344
148,4933,27,0.4605925679206848,0.7475848197937012,-0.005693551618605852,0.9437418580055237,442,403
148,4933,28,0.44819405674934387,0.7595123052597046,0.12367518246173859,0.7110774517059326,430,410
148,4933,29,0.47456541657447815,0.758639395236969,-0.0017090036999434233,0.7958495616912842,455,409
148,4933,30,0.4621998369693756,0.7757933139801025,0.12664398550987244,0.7041546106338501,443,418
148,4933,31,0.432119220495224,0.7939589619636536,-0.04426272585988045,0.9204759001731873,414,428
148,4933,32,0.41570189595222473,0.7909785509109497,0.09853871911764145,0.7565139532089233,399,427
149,4966,0,0.4209844768047333,0.3015364706516266,-0.04613139107823372,0.9980725646018982,404,162
149,4966,1,0.42236098647117615,0.29127025604248047,-0.05815143510699272,0.9977033734321594,405,157
149,4966,2,0.4223223030567169,0.29110610485076904,-0.058265116065740585,0.9977417588233948,405,157
149,4966,3,0.42211204767227173,0.2909698188304901,-0.05825748294591904,0.9983391165733337,405,157
149,4966,4,0.4239107072353363,0.2910199761390686,-0.03851102292537689,0.9974372982978821,406,157
149,4966,5,0.42493757605552673,0.29074233770370483,-0.03867494687438011,0.9975096583366394,407,157
149,4966,6,0.4258035123348236,0.29042091965675354,-0.03876210376620293,0.9979906678199768,408,156
149,4966,7,0.42691951990127563,0.29564958810806274,-0.08768896758556366,0.9990956783294678,409,159
149,4966,8,0.4324725568294525,0.29514193534851074,0.0014385698596015573,0.9956278800964355,415,159
149,4966,9,0.4243498146533966,0.31105923652648926,-0.05240921303629875,0.9967790246009827,407,167
149,4966,10,0.42447295784950256,0.3116873502731323,-0.027977563440799713,0.9941660761833191,407,168
149,4966,11,0.43929025530815125,0.35565218329429626,-0.14015009999275208,0.9999527931213379,421,192
149,4966,12,0.44887837767601013,0.3538578748703003,0.08102741837501526,0.9979397058486938,430,191
149,4966,13,0.441984623670578,0.45707041025161743,-0.17728576064109802,0.9688555002212524,424,246
149,4966,14,0.44960352778434753,0.45298466086387634,0.09728525578975677,0.004245446994900703,431,244
149,4966,15,0.4219706654548645,0.5333282947540283,-0.15203776955604553,0.7839664816856384,405,287
149,4966,16,0.4390425682067871,0.5262185335159302,0.04811590909957886,0.016484452411532402,421,284
149,4966,17,0.41785404086112976,0.5590054392814636,-0.16349665820598602,0.707625687122345,401,301
149,4966,18,0.4354458749294281,0.5465288162231445,0.04394877701997757,0.02108911983668804,418,295
149,4966,19,0.4142194092273712,0.5581932067871094,-0.16168411076068878,0.6959390044212341,397,301
149,4966,20,0.4315510392189026,0.5493777394294739,0.02794351987540722,0.02158496156334877,414,296
149,4966,21,0.41565123200416565,0.5513849854469299,-0.1493263840675354,0.5681532025337219,399,297
149,4966,22,0.43314653635025024,0.542853057384491,0.03866100683808327,0.02173720858991146,415,293
149,4966,23,0.44360700249671936,0.5239439606666565,-0.07089923322200775,0.99992436170578,425,282
149,4966,24,0.44863662123680115,0.5225447416305542,0.07087003439664841,0.9998456835746765,430,282
149,4966,25,0.4243282973766327,0.6452077031135559,-0.0680292472243309,0.9075168967247009,407,348
149,4966,26,0.4267505407333374,0.6370250582695007,0.07192841172218323,0.3604024350643158,409,343
149,4966,27,0.45739343762397766,0.7476629614830017,-0.007767248433083296,0.9057626128196716,439,403
149,4966,28,0.45122912526130676,0.755953311920166,0.10954351723194122,0.6508020758628845,433,408
149,4966,29,0.47145161032676697,0.7641911506652832,-0.004417287185788155,0.75567626953125,452,412
149,4966,30,0.466577410697937,0.7735123038291931,0.11150101572275162,0.65644770860672,447,417
149,4966,31,0.42517727613449097,0.7899256944656372,-0.045527055859565735,0.876228928565979,408,426
149,4966,32,0.42005547881126404,0.7884783744812012,0.0867868959903717,0.6963933706283569,403,425
150,5000,0,0.419768363237381,0.3021293878555298,-0.047749653458595276,0.9981850981712341,402,163
150,5000,1,0.4195941686630249,0.2917730212211609,-0.05882399156689644,0.9978325366973877,402,157
150,5000,2,0.4189198613166809,0.2918589115142822,-0.0589250884950161,0.9978690147399902,402,157
150,5000,3,0.41830623149871826,0.2920333743095398,-0.058918777853250504,0.998432993888855,401,157
150,5000,4,0.4221898913383484,0.29109933972358704,-0.04271280765533447,0.9975869655609131,405,157
150,5000,5,0.424022376537323,0.2909375727176666,-0.042862553149461746,0.997652530670166,407,157
150,5000,6,0.42513418197631836,0.29063063859939575,-0.04292105883359909,0.9981019496917725,408,156
150,5000,7,0.42128297686576843,0.2968997657299042,-0.09414444863796234,0.9991519451141357,404,160
150,5000,8,0.4297258257865906,0.2952764630317688,-0.01771393232047558,0.9959164261817932,412,159
150,5000,9,0.4210238754749298,0.31170400977134705,-0.05478353053331375,0.9969881176948547,404,168
150,5000,10,0.42231231927871704,0.31181326508522034,-0.03419983759522438,0.9945529103279114,405,168
150,5000,11,0.43113717436790466,0.35563164949417114,-0.13955828547477722,0.9999544620513916,413,192
150,5000,12,0.44218146800994873,0.35247382521629333,0.05524773523211479,0.9979870319366455,424,190
150,5000,13,0.43706515431404114,0.455700546503067,-0.17382974922657013,0.9696629047393799,419,246
150,5000,14,0.4423726499080658,0.45706984400749207,0.0705481767654419,0.004321991000324488,424,246
150,5000,15,0.4171083867549896,0.5333763957023621,-0.1450367569923401,0.7947363257408142,400,288
150,5000,16,0.4276808798313141,0.534700870513916,0.03591368719935417,0.01571301557123661,410,288
150,5000,17,0.4142112731933594,0.5590549111366272,-0.1537678837776184,0.7195152640342712,397,301
150,5000,18,0.4237801432609558,0.5537169575691223,0.03295451030135155,0.020329434424638748,406,299
150,5000,19,0.4110318720340729,0.5599151849746704,-0.15595057606697083,0.7083332538604736,394,302
150,5000,20,0.4208528399467468,0.5571815371513367,0.01821589097380638,0.020791225135326385,404,300
150,5000,21,0.41206690669059753,0.5528342723846436,-0.1448546051979065,0.5834482908248901,395,298
150,5000,22,0.4222685992717743,0.5506426692008972,0.02758004143834114,0.021010495722293854,405,297
150,5000,23,0.4334464371204376,0.5241918563842773,-0.06619904935359955,0.9999162554740906,416,283
150,5000,24,0.4411613345146179,0.5227025151252747,0.0661654844880104,0.9998254179954529,423,282
150,5000,25,0.4090045988559723,0.6453119516372681,-0.05157902091741562,0.8998232483863831,392,348
150,5000,26,0.4246053099632263,0.6359255313873291,0.07935843616724014,0.3306090831756592,407,343
150,5000,27,0.44222480058670044,0.7562112808227539,0.007820858620107174,0.8954532146453857,424,408
150,5000,28,0.4484473764896393,0.7554658055305481,0.12388638406991959,0.6013956069946289,430,407
150,5000,29,0.4536677300930023,0.7803947925567627,0.011125302873551846,0.740756630897522,435,421
150,5000,30,0.46228843927383423,0.7736263275146484,0.1264386773109436,0.6172633767127991,443,417
150,5000,31,0.41122257709503174,0.7916851043701172,-0.02481045573949814,0.8622574210166931,394,427
150,5000,32,0.4193060100078583,0.7826565504074097,0.10574515908956528,0.6502997279167175,402,422
151,5033,0,0.41922181844711304,0.3031783699989319,-0.03112291544675827,0.9982395768165588,402,163
151,5033,1,0.41866302490234375,0.2930617332458496,-0.04401831328868866,0.9978890419006348,401,158
151,5033,2,0.4179900884628296,0.29320788383483887,-0.04412607476115227,0.9979287981987,401,158
151,5033,3,0.41726964712142944,0.29350557923316956,-0.044121306389570236,0.9984751343727112,400,158
151,5033,4,0.4212411344051361,0.2921202778816223,-0.028348581865429878,0.9976575374603271,404,157
151,5033,5,0.42321717739105225,0.2917007803916931,-0.028501948341727257,0.9977260231971741,406,157
151,5033,6,0.42447158694267273,0.29124709963798523,-0.02855575643479824,0.9981524348258972,407,157
151,5033,7,0.41947534680366516,0.29855161905288696,-0.0796583741903305,0.9991878867149353,402,161
151,5033,8,0.42947784066200256,0.2953557074069977,-0.011315603740513325,0.9961036443710327,412,159
151,5033,9,0.4204331636428833,0.3129858374595642,-0.039179958403110504,0.9971283674240112,403,169
151,5033,10,0.42224135994911194,0.312628835439682,-0.0198491383343935,0.9948129057884216,405,168
151,5033,11,0.4296252131462097,0.3556451201438904,-0.1250971257686615,0.9999563097953796,412,192
151,5033,12,0.44217678904533386,0.3523702621459961,0.06098036840558052,0.9980382919311523,424,190
151,5033,13,0.4359455108642578,0.45412084460258484,-0.1560167670249939,0.9703667759895325,418,245
151,5033,14,0.4439481496810913,0.4575082063674927,0.07368744909763336,0.004214062355458736,426,247
151,5033,15,0.4168299436569214,0.5318233966827393,-0.14353175461292267,0.8062430620193481,400,287
151,5033,16,0.4292190372943878,0.5334585309028625,0.03700590506196022,0.015076818875968456,412,288
151,5033,17,0.41302061080932617,0.556900680065155,-0.15362398326396942,0.7334791421890259,396,300
151,5033,18,0.4257226288318634,0.5530906319618225,0.034072406589984894,0.019908560439944267,408,298
151,5033,19,0.41038796305656433,0.5563417673110962,-0.15386199951171875,0.7227989435195923,393,300
151,5033,20,0.422308087348938,0.5562900304794312,0.019845157861709595,0.02030990645289421,405,300
151,5033,21,0.41129177808761597,0.5500959157943726,-0.1414269357919693,0.6011723875999451,394,297
151,5033,22,0.4233209788799286,0.5496940612792969,0.0288754440844059,0.020534761250019073,406,296
151,5033,23,0.432464063167572,0.5248773097991943,-0.06269533932209015,0.9999154210090637,415,283
151,5033,24,0.4413415789604187,0.5231168866157532,0.06266821175813675,0.9998207092285156,423,282
151,5033,25,0.40892478823661804,0.6453700065612793,-0.053041137754917145,0.8951679468154907,392,348
151,5033,26,0.4252709746360779,0.6361285448074341,0.07411561161279678,0.3060312271118164,408,343
151,5033,27,0.44173192977905273,0.7591683268547058,0.0031288997270166874,0.8893203735351562,424,409
151,5033,28,0.44572511315345764,0.7564395070075989,0.11178938299417496,0.5639111399650574,427,408
151,5033,29,0.4537225663661957,0.783076286315918,0.006216555368155241,0.7337568402290344,435,422
151,5033,30,0.4601244330406189,0.7758204340934753,0.11376230418682098,0.590369462966919,441,418
151,5033,31,0.41312283277511597,0.7926362752914429,-0.0268350038677454,0.8540056943893433,396,428
151,5033,32,0.41903573274612427,0.7829504609107971,0.1002766340970993,0.6173661351203918,402,422
152,5066,0,0.4075469374656677,0.30323246121406555,-0.03494713082909584,0.9983024001121521,391,163
152,5066,1,0.4083724617958069,0.29308339953422546,-0.0535733699798584,0.9979644417762756,392,158
152,5066,2,0.4081042408943176,0.2932155132293701,-0.05366765707731247,0.9980204105377197,391,158
152,5066,3,0.4076441824436188,0.2934754490852356,-0.053672123700380325,0.9985333681106567,391,158
152,5066,4,0.4106661379337311,0.2921921908855438,-0.038389816880226135,0.9977365136146545,394,157
152,5066,5,0.4120875895023346,0.29177460074424744,-0.038534097373485565,0.9978184103965759,395,157
152,5066,6,0.4132828116416931,0.2913166582584381,-0.03859872743487358,0.9982061386108398,396,157
152,5066,7,0.4121168553829193,0.29835858941078186,-0.09566257894039154,0.9992415308952332,395,161
152,5066,8,0.42029812932014465,0.29549941420555115,-0.021131908521056175,0.9963380694389343,403,159
152,5066,9,0.41001981496810913,0.3130299150943756,-0.04860854521393776,0.997285783290863,393,169
152,5066,10,0.4115794599056244,0.3126855790615082,-0.029708337038755417,0.9950771927833557,395,168
152,5066,11,0.42353999614715576,0.35570546984672546,-0.13935069739818573,0.999957263469696,406,192
152,5066,12,0.43501216173171997,0.3534562289714813,0.04760757461190224,0.9979879856109619,417,190
152,5066,13,0.4292331337928772,0.45437851548194885,-0.16710114479064941,0.9729686975479126,412,245
152,5066,14,0.4446231424808502,0.4621053636074066,0.06177469715476036,0.006398085039108992,426,249
152,5066,15,0.41142719984054565,0.5373578667640686,-0.14964285492897034,0.8205648064613342,394,290
152,5066,16,0.42743831872940063,0.5385357737541199,0.03742855787277222,0.013911874033510685,410,290
152,5066,17,0.4079674482345581,0.5661997199058533,-0.16151271760463715,0.7504842281341553,391,305
152,5066,18,0.42315638065338135,0.5558973550796509,0.03584647923707962,0.018386095762252808,406,300
152,5066,19,0.40460723638534546,0.570420503616333,-0.1599593609571457,0.740278422832489,388,308
152,5066,20,0.41963285207748413,0.5588704943656921,0.02213701605796814,0.018739331513643265,402,301
152,5066,21,0.4054640829563141,0.5601776242256165,-0.1469445675611496,0.6241398453712463,389,302
152,5066,22,0.4213644564151764,0.5519194006919861,0.029895402491092682,0.019013704732060432,404,298
152,5066,23,0.41744479537010193,0.5383608341217041,-0.06211625039577484,0.9999143481254578,400,290
152,5066,24,0.4326179623603821,0.5359299182891846,0.06208670511841774,0.9998098015785217,415,289
152,5066,25,0.3929094076156616,0.6454982757568359,-0.039292361587285995,0.9038651585578918,377,348
152,5066,26,0.42633256316185,0.6391894817352295,0.10514768958091736,0.3078228533267975,409,345
152,5066,27,0.4197384715080261,0.7631081342697144,0.03152240440249443,0.8987287878990173,402,412
152,5066,28,0.44372931122779846,0.7632937431335449,0.1515939086675644,0.5764361619949341,425,412
152,5066,29,0.43220674991607666,0.7856387495994568,0.03658705949783325,0.7564234137535095,414,424
152,5066,30,0.45176663994789124,0.7853798866271973,0.1541980803012848,0.6093146204948425,433,424
152,5066,31,0.38703206181526184,0.7985278964042664,0.0080616669729352,0.8657801747322083,371,431
152,5066,32,0.4163438379764557,0.786190927028656,0.13615266978740692,0.6290884613990784,399,424
153,5100,0,0.4017393887042999,0.3023988902568817,-0.06900213658809662,0.9979937076568604,385,163
153,5100,1,0.40447670221328735,0.2919934391975403,-0.08278587460517883,0.9975922107696533,388,157
153,5100,2,0.4050256907939911,0.29174068570137024,-0.08290763199329376,0.9976770877838135,388,157
153,5100,3,0.40534210205078125,0.29169049859046936,-0.08290305733680725,0.998302161693573,389,157
153,5100,4,0.4049800634384155,0.2916463613510132,-0.06340730935335159,0.9972996115684509,388,157
153,5100,5,0.40585198998451233,0.2913679778575897,-0.06357473880052567,0.9973867535591125,389,157
153,5100,6,0.4065329134464264,0.290978342294693,-0.06366521865129471,0.9978553652763367,390,157
153,5100,7,0.41217437386512756,0.29699862003326416,-0.1121964156627655,0.9991267919540405,395,160
153,5100,8,0.4145834147930145,0.2949661612510681,-0.024361485615372658,0.9955792427062988,398,159
153,5100,9,0.4062637984752655,0.3124864101409912,-0.07540237903594971,0.9967729449272156,390,168
153,5100,10,0.4058476388454437,0.31232964992523193,-0.05125577002763748,0.9939961433410645,389,168
153,5100,11,0.4243893623352051,0.35446223616600037,-0.14987578988075256,0.9999532103538513,407,191
153,5100,12,0.42979174852371216,0.35353609919548035,0.05299578234553337,0.9976605772972107,412,190
153,5100,13,0.43013566732406616,0.4537290334701538,-0.17582552134990692,0.9724230170249939,412,245
153,5100,14,0.4311826825141907,0.46178847551345825,0.06944910436868668,0.0058960397727787495,413,249
153,5100,15,0.41040802001953125,0.5379919409751892,-0.15611007809638977,0.8121810555458069,393,290
153,5100,16,0.42092955112457275,0.538360059261322,0.03129423037171364,0.012725370936095715,404,290
153,5100,17,0.4084600806236267,0.5665962100028992,-0.1702071726322174,0.7370805740356445,392,305
153,5100,18,0.4196436107158661,0.5577197670936584,0.027360018342733383,0.016916070133447647,402,301
153,5100,19,0.40357834100723267,0.5699294209480286,-0.16915540397167206,0.7266806960105896,387,307
153,5100,20,0.4121769070625305,0.5627322196960449,0.012006828561425209,0.01723535545170307,395,303
153,5100,21,0.4041327238082886,0.5600272417068481,-0.15363317728042603,0.6090850234031677,387,302
153,5100,22,0.4164656102657318,0.5566773414611816,0.022538641467690468,0.01750713586807251,399,300
153,5100,23,0.41791245341300964,0.5375277996063232,-0.0624188631772995,0.9999082088470459,401,290
153,5100,24,0.4277304410934448,0.5357503294944763,0.06239321455359459,0.9997926950454712,410,289
153,5100,25,0.39148586988449097,0.6423450112342834,-0.049203161150217056,0.8961590528488159,375,346
153,5100,26,0.42636817693710327,0.6392512917518616,0.09531553089618683,0.2825777232646942,409,345
153,5100,27,0.41649988293647766,0.7655943036079407,0.014446554705500603,0.8951610326766968,399,413
153,5100,28,0.4417376220226288,0.767027735710144,0.1373836249113083,0.542416512966156,424,414
153,5100,29,0.4295063018798828,0.7860543131828308,0.018709510564804077,0.755044162273407,412,424
153,5100,30,0.44812434911727905,0.7907904982566833,0.13941194117069244,0.584942102432251,430,427
153,5100,31,0.38242894411087036,0.8037950992584229,0.003123681293800473,0.8604403734207153,367,434
153,5100,32,0.41280144453048706,0.7927350401878357,0.1144857406616211,0.5981165170669556,396,428
154,5133,0,0.3998435437679291,0.30270785093307495,-0.05369478836655617,0.998045802116394,383,163
154,5133,1,0.4005756974220276,0.29208502173423767,-0.06821850687265396,0.9976553916931152,384,157
154,5133,2,0.4002416431903839,0.29176169633865356,-0.06834318488836288,0.9977623820304871,384,157
154,5133,3,0.3997593820095062,0.29172483086586,-0.06832920014858246,0.9983512163162231,383,157
154,5133,4,0.40304437279701233,0.2917073667049408,-0.05329735204577446,0.9973857402801514,386,157
154,5133,5,0.40433627367019653,0.2914349138736725,-0.05345579609274864,0.9974919557571411,388,157
154,5133,6,0.4055066704750061,0.29104551672935486,-0.05352463573217392,0.9979228377342224,389,157
154,5133,7,0.40422219038009644,0.2970691919326782,-0.10968495160341263,0.9991729259490967,388,160
154,5133,8,0.4119340181350708,0.2950034737586975,-0.024306131526827812,0.9958279132843018,395,159
154,5133,9,0.40238872170448303,0.312644898891449,-0.06215003505349159,0.996900200843811,386,168
154,5133,10,0.40386492013931274,0.3123888671398163,-0.0440429262816906,0.9942401647567749,387,168
154,5133,11,0.4164904057979584,0.35568302869796753,-0.14259633421897888,0.9999537467956543,399,192
154,5133,12,0.42320436239242554,0.3554762303829193,0.043984219431877136,0.9975745677947998,406,191
154,5133,13,0.4210585653781891,0.45721447467803955,-0.17116771638393402,0.9727052450180054,404,246
154,5133,14,0.4271983206272125,0.46566423773765564,0.057972777634859085,0.005716938059777021,410,251
154,5133,15,0.4047008752822876,0.5415540933609009,-0.15079626441001892,0.8175740242004395,388,292
154,5133,16,0.4120456874370575,0.537582278251648,0.0314432717859745,0.012106054462492466,395,290
154,5133,17,0.40251317620277405,0.5685867071151733,-0.16468003392219543,0.7447562217712402,386,307
154,5133,18,0.40887176990509033,0.5566372275352478,0.028704730793833733,0.016435934230685234,392,300
154,5133,19,0.3971864581108093,0.5711525678634644,-0.16317179799079895,0.734722912311554,381,308
154,5133,20,0.40496569871902466,0.5613059997558594,0.014545576646924019,0.016726352274417877,388,303
154,5133,21,0.39783188700675964,0.5609683394432068,-0.14832408726215363,0.6201586127281189,381,302
154,5133,22,0.4051961600780487,0.5551689863204956,0.02355370670557022,0.01699303649365902,388,299
154,5133,23,0.4074467122554779,0.5438200831413269,-0.058735985308885574,0.9999078512191772,391,293
154,5133,24,0.42028510570526123,0.5408952236175537,0.05871424451470375,0.999786376953125,403,292
154,5133,25,0.37737008929252625,0.6427322626113892,-0.037419501692056656,0.9042944312095642,362,347
154,5133,26,0.42232105135917664,0.642738401889801,0.10299519449472427,0.2793560028076172,405,347
154,5133,27,0.39113131165504456,0.7732909917831421,0.015338829718530178,0.9040926098823547,375,417
154,5133,28,0.43841075897216797,0.7677846550941467,0.14717340469360352,0.5524219870567322,420,414
154,5133,29,0.40129902958869934,0.7975249290466309,0.018077034503221512,0.7751936912536621,385,430
154,5133,30,0.44672146439552307,0.7916362285614014,0.14960424602031708,0.5989447236061096,428,427
154,5133,31,0.35603684186935425,0.8045452833175659,-0.016281617805361748,0.8717105984687805,341,434
154,5133,32,0.41149479150772095,0.7899547219276428,0.12772923707962036,0.6087202429771423,395,426
155,5166,0,0.39772748947143555,0.3037738502025604,-0.040282879024744034,0.9981376528739929,381,164
155,5166,1,0.39827606081962585,0.2929358184337616,-0.05499930679798126,0.9977737665176392,382,158
155,5166,2,0.39791807532310486,0.29276683926582336,-0.055112551897764206,0.9978874325752258,382,158
155,5166,3,0.3974106013774872,0.292777955532074,-0.05507630109786987,0.9984320998191833,381,158
155,5166,4,0.4011761546134949,0.2921101450920105,-0.04080122336745262,0.9975343346595764,385,157
155,5166,5,0.40249958634376526,0.2916642427444458,-0.04096588119864464,0.9976542592048645,386,157
155,5166,6,0.40370190143585205,0.29112476110458374,-0.041045185178518295,0.9980440735816956,387,157
155,5166,7,0.40167883038520813,0.2978346645832062,-0.10043451935052872,0.9992268085479736,385,160
155,5166,8,0.4099467396736145,0.2950831949710846,-0.023589516058564186,0.996152937412262,393,159
155,5166,9,0.40008312463760376,0.31348302960395813,-0.050349537283182144,0.9970987439155579,384,169
155,5166,10,0.4022957384586334,0.3127843141555786,-0.03327525034546852,0.9946407675743103,386,168
155,5166,11,0.4134063422679901,0.3566969633102417,-0.1349336802959442,0.9999550580978394,396,192
155,5166,12,0.42706039547920227,0.35678592324256897,0.0328814871609211,0.9976181387901306,409,192
155,5166,13,0.4185514748096466,0.45916590094566345,-0.16123515367507935,0.9748404622077942,401,247
155,5166,14,0.4327697157859802,0.46806636452674866,0.04504561424255371,0.00926577765494585,415,252
155,5166,15,0.4018644392490387,0.5476861596107483,-0.14888279139995575,0.8289598226547241,385,295
155,5166,16,0.41630440950393677,0.5386629700660706,0.03185339272022247,0.011235703714191914,399,290
155,5166,17,0.4004250168800354,0.5739434361457825,-0.1630098968744278,0.759345531463623,384,309
155,5166,18,0.413754940032959,0.559044361114502,0.03071916103363037,0.015222259797155857,397,301
155,5166,19,0.3964749574661255,0.5772038102149963,-0.16182443499565125,0.7496477365493774,380,311
155,5166,20,0.4095200300216675,0.5641379952430725,0.01707790605723858,0.015466638840734959,393,304
155,5166,21,0.39662352204322815,0.5668420791625977,-0.14587734639644623,0.6393380165100098,380,306
155,5166,22,0.4107656478881836,0.5571871995925903,0.024987805634737015,0.015756798908114433,394,300
155,5166,23,0.40775448083877563,0.5430547595024109,-0.05484788119792938,0.9999109506607056,391,293
155,5166,24,0.424528032541275,0.5405141115188599,0.05483706668019295,0.9997901320457458,407,291
155,5166,25,0.37814322113990784,0.6429454684257507,-0.010283556766808033,0.9125491976737976,363,347
155,5166,26,0.42297422885894775,0.6451920866966248,0.09700369834899902,0.28842511773109436,406,348
155,5166,27,0.388030469417572,0.7742220759391785,0.03166496381163597,0.9132018089294434,372,418
155,5166,28,0.43876609206199646,0.7685179114341736,0.13504956662654877,0.5757607817649841,421,414
155,5166,29,0.3970576822757721,0.7962905168533325,0.033412329852581024,0.7963831424713135,381,429
155,5166,30,0.44648805260658264,0.7919268012046814,0.1354953646659851,0.62359619140625,428,427
155,5166,31,0.3517369329929352,0.8049892783164978,-0.0007280534482561052,0.8835784792900085,337,434
155,5166,32,0.41126298904418945,0.7902086973190308,0.12677790224552155,0.6299709677696228,394,426
156,5200,0,0.39177265763282776,0.30463138222694397,-0.04334254562854767,0.9980770349502563,376,164
156,5200,1,0.39274170994758606,0.2936488091945648,-0.05727756395936012,0.9977167844772339,377,158
156,5200,2,0.39265891909599304,0.2934308350086212,-0.05739359185099602,0.9978549480438232,376,158
156,5200,3,0.392385870218277,0.2933405935764313,-0.0573665015399456,0.9983987808227539,376,158
156,5200,4,0.3943292200565338,0.2931675314903259,-0.041925881057977676,0.9974955916404724,378,158
156,5200,5,0.39527034759521484,0.29277610778808594,-0.04209009185433388,0.9976328015327454,379,158
156,5200,6,0.39610907435417175,0.2922714650630951,-0.04216787591576576,0.9979990124702454,380,157
156,5200,7,0.39715686440467834,0.29787948727607727,-0.09640946239233017,0.9992232918739319,381,160
156,5200,8,0.4020743668079376,0.295995831489563,-0.021785816177725792,0.9961571097373962,385,159
156,5200,9,0.39454174041748047,0.3141932785511017,-0.05173220857977867,0.9969624280929565,378,169
156,5200,10,0.3953699767589569,0.3136809766292572,-0.033489879220724106,0.9944018125534058,379,169
156,5200,11,0.40881603956222534,0.3568057715892792,-0.1308639943599701,0.9999527931213379,392,192
156,5200,12,0.41580674052238464,0.3578276038169861,0.042230986058712006,0.9973372220993042,399,193
156,5200,13,0.4120696187019348,0.4602106213569641,-0.15445733070373535,0.9749222993850708,395,248
156,5200,14,0.41722342371940613,0.46737200021743774,0.05627918243408203,0.008738863281905651,400,252
156,5200,15,0.39900168776512146,0.547781229019165,-0.13695234060287476,0.8319358229637146,383,295
156,5200,16,0.4065468907356262,0.5396416187286377,0.03415234014391899,0.010568314231932163,390,291
156,5200,17,0.39712366461753845,0.5743475556373596,-0.14905114471912384,0.763129472732544,381,310
156,5200,18,0.40714073181152344,0.5636864304542542,0.032559845596551895,0.014433286152780056,390,304
156,5200,19,0.3918943703174591,0.5769537687301636,-0.14906811714172363,0.7535881400108337,376,311
156,5200,20,0.40131691098213196,0.5656014680862427,0.01914357952773571,0.014646824449300766,385,305
156,5200,21,0.39298582077026367,0.567156195640564,-0.13486172258853912,0.645474910736084,377,306
156,5200,22,0.40065374970436096,0.5590868592262268,0.02742358297109604,0.014964333735406399,384,301
156,5200,23,0.40130674839019775,0.5421082377433777,-0.05633518844842911,0.999906599521637,385,292
156,5200,24,0.41556861996650696,0.5395598411560059,0.05632450059056282,0.9997758269309998,398,291
156,5200,25,0.3705842196941376,0.6456263065338135,0.0013329344801604748,0.9172488451004028,355,348
156,5200,26,0.4233757555484772,0.6449496746063232,0.09428831934928894,0.287829726934433,406,348
156,5200,27,0.3653821647167206,0.7757247090339661,0.04221446067094803,0.9202744364738464,350,418
156,5200,28,0.4391089677810669,0.7671045660972595,0.14042219519615173,0.5836544036865234,421,414
156,5200,29,0.37169045209884644,0.8031049966812134,0.04280441999435425,0.812411904335022,356,433
156,5200,30,0.44676336646080017,0.7923235297203064,0.14308324456214905,0.6390566825866699,428,427
156,5200,31,0.32700425386428833,0.7971639633178711,0.0003246876294724643,0.8915326595306396,313,430
156,5200,32,0.410579115152359,0.7878754138946533,0.12278147041797638,0.6343411207199097,394,425
157,5233,0,0.39191609621047974,0.3057161271572113,-0.03583816438913345,0.9980495572090149,376,165
157,5233,1,0.392150342464447,0.29497289657592773,-0.05000734701752663,0.9977179169654846,376,159
157,5233,2,0.3913998305797577,0.29495757818222046,-0.050125885754823685,0.9978765845298767,375,159
157,5233,3,0.3905753195285797,0.29499098658561707,-0.050096988677978516,0.9984023571014404,374,159
157,5233,4,0.39529961347579956,0.2939557433128357,-0.03645478934049606,0.9975377321243286,379,158
157,5233,5,0.3965819478034973,0.2933715283870697,-0.03662418946623802,0.9977024793624878,380,158
157,5233,6,0.3977632224559784,0.2926768958568573,-0.03670557588338852,0.9980319738388062,381,158
157,5233,7,0.39380085468292236,0.299547404050827,-0.08843614161014557,0.9992496371269226,378,161
157,5233,8,0.4034712612628937,0.2962583601474762,-0.0227420125156641,0.996360182762146,387,159
157,5233,9,0.3940604031085968,0.31518858671188354,-0.04418037459254265,0.9970617890357971,378,170
157,5233,10,0.39630624651908875,0.3144383430480957,-0.027918290346860886,0.9946408867835999,380,169
157,5233,11,0.4041072428226471,0.3581807315349579,-0.12324770539999008,0.9999525547027588,387,193
157,5233,12,0.4177083969116211,0.35815170407295227,0.032903727144002914,0.9972816705703735,401,193
157,5233,13,0.4057917594909668,0.4600888192653656,-0.14323744177818298,0.9766940474510193,389,248
157,5233,14,0.42369863390922546,0.46788108348846436,0.046645935624837875,0.01176849938929081,406,252
157,5233,15,0.39522185921669006,0.5472015738487244,-0.1287309229373932,0.8406842947006226,379,295
157,5233,16,0.4105595648288727,0.5424368381500244,0.03531652316451073,0.009928587824106216,394,292
157,5233,17,0.39334335923194885,0.5740317106246948,-0.138979971408844,0.7745633721351624,377,309
157,5233,18,0.40922829508781433,0.5623226165771484,0.0328248105943203,0.013523035682737827,392,303
157,5233,19,0.38931506872177124,0.5757092237472534,-0.13915039598941803,0.7654309272766113,373,310
157,5233,20,0.4045996069908142,0.5653360486030579,0.020870249718427658,0.01370044331997633,388,305
157,5233,21,0.3896152675151825,0.5660558342933655,-0.12698470056056976,0.6612700819969177,374,305
157,5233,22,0.4053196907043457,0.5583825707435608,0.02803659439086914,0.014053919352591038,389,301
157,5233,23,0.39973029494285583,0.5415889620780945,-0.05115197226405144,0.9999088048934937,383,292
157,5233,24,0.4182773232460022,0.5388687252998352,0.05114340782165527,0.9997789859771729,401,290
157,5233,25,0.37125271558761597,0.6484627723693848,0.015409937128424644,0.9242960214614868,356,350
157,5233,26,0.4240632653236389,0.6472669243812561,0.08407174050807953,0.31565120816230774,407,349
157,5233,27,0.36320751905441284,0.7762680053710938,0.051045700907707214,0.9279316067695618,348,419
157,5233,28,0.4395184814929962,0.7672269344329834,0.12698106467723846,0.6119101643562317,421,414
157,5233,29,0.37066876888275146,0.8035534024238586,0.05169063061475754,0.8302629590034485,355,433
157,5233,30,0.44728097319602966,0.7933552265167236,0.1294102817773819,0.6652974486351013,429,428
157,5233,31,0.32587817311286926,0.7955296635627747,0.012791377492249012,0.9014989733695984,312,429
157,5233,32,0.41044557094573975,0.7883204817771912,0.10950226336717606,0.6562866568565369,394,425
158,5266,0,0.38365986943244934,0.3062732517719269,-0.03911907598376274,0.9982235431671143,368,165
158,5266,1,0.38435304164886475,0.29513171315193176,-0.05308254063129425,0.9979276657104492,368,159
158,5266,2,0.38393643498420715,0.29519525170326233,-0.05320227891206741,0.9980748295783997,368,159
158,5266,3,0.3833680748939514,0.29526659846305847,-0.05317814648151398,0.9985498189926147,368,159
158,5266,4,0.3870140612125397,0.29431459307670593,-0.038001298904418945,0.9977663159370422,371,158
158,5266,5,0.3884372115135193,0.2936621904373169,-0.038164172321558,0.9979182481765747,372,158
158,5266,6,0.3897929787635803,0.2928908169269562,-0.038233622908592224,0.9982115626335144,374,158
158,5266,7,0.38736122846603394,0.3004007637500763,-0.09031706303358078,0.9993214011192322,371,162
158,5266,8,0.3959414064884186,0.29644620418548584,-0.021641576662659645,0.9967035055160522,380,160
158,5266,9,0.38611704111099243,0.3160701394081116,-0.04688098281621933,0.997336745262146,370,170
158,5266,10,0.38787391781806946,0.31523004174232483,-0.02828308381140232,0.995140016078949,372,170
158,5266,11,0.3991732895374298,0.35926035046577454,-0.13444291055202484,0.9999561309814453,383,194
158,5266,12,0.40856483578681946,0.3592758774757385,0.04350259155035019,0.9974659085273743,392,194
158,5266,13,0.4012751877307892,0.46012240648269653,-0.16030457615852356,0.9788764715194702,385,248
158,5266,14,0.41731229424476624,0.469860315322876,0.061819832772016525,0.017300494015216827,400,253
158,5266,15,0.3929286301136017,0.546882152557373,-0.14461499452590942,0.8547111749649048,377,295
158,5266,16,0.40521228313446045,0.5436232089996338,0.04779962822794914,0.010323439724743366,389,293
158,5266,17,0.3918282687664032,0.5736734867095947,-0.15756134688854218,0.7936756014823914,376,309
158,5266,18,0.40185612440109253,0.5621552467346191,0.046568863093853,0.014028799720108509,385,303
158,5266,19,0.38635632395744324,0.5753353834152222,-0.15549826622009277,0.7852724194526672,370,310
158,5266,20,0.40014636516571045,0.5645496249198914,0.033588334918022156,0.014156823977828026,384,304
158,5266,21,0.3869992196559906,0.564972460269928,-0.14192309975624084,0.6893355846405029,371,305
158,5266,22,0.40097159147262573,0.5575934052467346,0.040576379746198654,0.014714827761054039,384,301
158,5266,23,0.39456018805503845,0.5460805296897888,-0.057545728981494904,0.9999159574508667,378,294
158,5266,24,0.4121125638484955,0.5409791469573975,0.05750350281596184,0.9997958540916443,395,292
158,5266,25,0.3630310595035553,0.6512040495872498,0.02440306544303894,0.9316357374191284,348,351
158,5266,26,0.42428144812583923,0.6477479338645935,0.11308649927377701,0.3793642222881317,407,349
158,5266,27,0.34349924325942993,0.7762355804443359,0.09022583067417145,0.9350650906562805,329,419
158,5266,28,0.4397037923336029,0.7679240107536316,0.16891512274742126,0.6500975489616394,422,414
158,5266,29,0.34722718596458435,0.8033010959625244,0.09394227713346481,0.846992552280426,333,433
158,5266,30,0.4502345025539398,0.7944889664649963,0.17295758426189423,0.6982764005661011,432,429
158,5266,31,0.30502501130104065,0.7865419983863831,0.055418942123651505,0.9111315608024597,292,424
158,5266,32,0.41197434067726135,0.7891256213188171,0.15014906227588654,0.6897401809692383,395,426
159,5300,0,0.37985318899154663,0.3064340651035309,-0.04094912111759186,0.9983592629432678,364,165
159,5300,1,0.38181549310684204,0.2954287528991699,-0.05600804463028908,0.9980981945991516,366,159
159,5300,2,0.3818076252937317,0.2954768240451813,-0.05613890662789345,0.9982355833053589,366,159
159,5300,3,0.38165780901908875,0.2954963743686676,-0.05609593167901039,0.9986697435379028,366,159
159,5300,4,0.38321924209594727,0.2947317361831665,-0.038060471415519714,0.9979536533355713,367,159
159,5300,5,0.384056031703949,0.29419195652008057,-0.03822736069560051,0.998094379901886,368,158
159,5300,6,0.3847697675228119,0.29348641633987427,-0.03829845041036606,0.9983574151992798,369,158
159,5300,7,0.38683146238327026,0.3004627227783203,-0.09338540583848953,0.9993788003921509,371,162
159,5300,8,0.3911465108394623,0.29703763127326965,-0.016544131562113762,0.9969779849052429,375,160
159,5300,9,0.38275548815727234,0.31618568301200867,-0.049220915883779526,0.9975454807281494,367,170
159,5300,10,0.38312387466430664,0.3155207931995392,-0.029002618044614792,0.9955180883407593,367,170
159,5300,11,0.39675837755203247,0.3593740165233612,-0.13619007170200348,0.9999575614929199,380,194
159,5300,12,0.4072943925857544,0.35989612340927124,0.057833604514598846,0.9975597262382507,391,194
159,5300,13,0.40060198307037354,0.45804470777511597,-0.16559897363185883,0.9799931049346924,384,247
159,5300,14,0.40939950942993164,0.4695807993412018,0.07801138609647751,0.016254698857665062,393,253
159,5300,15,0.3900659680366516,0.5468071699142456,-0.15171480178833008,0.8622369766235352,374,295
159,5300,16,0.39864620566368103,0.5385801196098328,0.05039764568209648,0.010436385869979858,382,290
159,5300,17,0.38914522528648376,0.5729442834854126,-0.16636653244495392,0.8035757541656494,373,309
159,5300,18,0.3986656963825226,0.5615922212600708,0.04804559424519539,0.014571128413081169,382,303
159,5300,19,0.38342174887657166,0.5746402144432068,-0.16481076180934906,0.795447826385498,368,310
159,5300,20,0.39473381638526917,0.5642249584197998,0.03365291655063629,0.014670695178210735,378,304
159,5300,21,0.3845284581184387,0.5645065903663635,-0.14934228360652924,0.7034854292869568,369,304
159,5300,22,0.395073801279068,0.5574511885643005,0.042342305183410645,0.015317993238568306,379,301
159,5300,23,0.39263877272605896,0.5451542735099792,-0.05989799648523331,0.9999216794967651,376,294
159,5300,24,0.409429132938385,0.5404037237167358,0.059858132153749466,0.999810516834259,393,291
159,5300,25,0.36304014921188354,0.6537503004074097,0.020397325977683067,0.9372767806053162,348,353
159,5300,26,0.42403072118759155,0.647480845451355,0.10880424082279205,0.41955846548080444,407,349
159,5300,27,0.34322279691696167,0.7769894003868103,0.07798190414905548,0.9412512183189392,329,419
159,5300,28,0.4397965967655182,0.7684212923049927,0.1613297313451767,0.6816659569740295,422,414
159,5300,29,0.34703943133354187,0.8036103844642639,0.08027131110429764,0.8613283038139343,333,433
159,5300,30,0.45034945011138916,0.7950646877288818,0.1648271381855011,0.7256984710693359,432,429
159,5300,31,0.30229294300079346,0.7847913503646851,0.03700239956378937,0.9192124009132385,290,423
159,5300,32,0.41225534677505493,0.7900351881980896,0.13895449042320251,0.7167408466339111,395,426
160,5333,0,0.37764090299606323,0.30813413858413696,-0.041834041476249695,0.9984939098358154,362,166
160,5333,1,0.37690678238868713,0.29712483286857605,-0.05671565234661102,0.9982622265815735,361,160
160,5333,2,0.37595319747924805,0.2972553074359894,-0.056844230741262436,0.9983928203582764,360,160
160,5333,3,0.3748660087585449,0.29737162590026855,-0.056807149201631546,0.9987853765487671,359,160
160,5333,4,0.3803912401199341,0.29610005021095276,-0.03864225372672081,0.9981335401535034,365,159
160,5333,5,0.3823264241218567,0.29535484313964844,-0.03882032260298729,0.9982659816741943,367,159
160,5333,6,0.38391077518463135,0.29450923204421997,-0.038905978202819824,0.9984981417655945,368,159
160,5333,7,0.37745288014411926,0.30232033133506775,-0.09717383235692978,0.9994361996650696,362,163
160,5333,8,0.3888294994831085,0.298044353723526,-0.025233952328562737,0.997253954410553,373,160
160,5333,9,0.37820330262184143,0.3183605968952179,-0.04995543509721756,0.9977675080299377,363,171
160,5333,10,0.3804911971092224,0.31727325916290283,-0.02913210354745388,0.9959245324134827,365,171
160,5333,11,0.3868904709815979,0.3640247583389282,-0.14320993423461914,0.9999605417251587,371,196
160,5333,12,0.4002331495285034,0.3610154688358307,0.044166192412376404,0.9977168440818787,384,194
160,5333,13,0.3877749741077423,0.4653225839138031,-0.17282900214195251,0.9818487167358398,372,251
160,5333,14,0.3990517258644104,0.4694143235683441,0.06259491294622421,0.02545313350856304,383,253
160,5333,15,0.3832625448703766,0.5527814030647278,-0.16210338473320007,0.8744298219680786,367,298
160,5333,16,0.3917216360569,0.5385393500328064,0.049335017800331116,0.011234072968363762,376,290
160,5333,17,0.382433146238327,0.5806112289428711,-0.17637555301189423,0.8204163908958435,367,313
160,5333,18,0.3902813196182251,0.5645929574966431,0.046646181493997574,0.015310126356780529,374,304
160,5333,19,0.37903279066085815,0.5839487910270691,-0.17514298856258392,0.8129405975341797,363,315
160,5333,20,0.3886145353317261,0.5648142099380493,0.03242449834942818,0.015365471132099628,373,304
160,5333,21,0.3791259527206421,0.576386034488678,-0.1599336713552475,0.7282959222793579,363,311
160,5333,22,0.38949280977249146,0.5580050349235535,0.04104495793581009,0.016206901520490646,373,301
160,5333,23,0.38339510560035706,0.5491534471511841,-0.059862587600946426,0.9999275803565979,368,296
160,5333,24,0.403920978307724,0.5431357622146606,0.05981903150677681,0.9998244047164917,387,293
160,5333,25,0.35391509532928467,0.6580528616905212,0.0442645438015461,0.9433619976043701,339,355
160,5333,26,0.4205556809902191,0.6482459902763367,0.1198495402932167,0.47444477677345276,403,350
160,5333,27,0.3291323482990265,0.7775797247886658,0.11143030971288681,0.9470784068107605,315,419
160,5333,28,0.44003480672836304,0.7689666152000427,0.1787637621164322,0.713106095790863,422,415
160,5333,29,0.3314191401004791,0.8054718971252441,0.11512181907892227,0.8750389814376831,318,434
160,5333,30,0.4503690302371979,0.7952536940574646,0.18318508565425873,0.7528049349784851,432,429
160,5333,31,0.2894231677055359,0.7814745903015137,0.07754778861999512,0.9271292090415955,277,421
160,5333,32,0.41240164637565613,0.7902950644493103,0.16115666925907135,0.7443913817405701,395,426
161,5366,0,0.37351369857788086,0.3082696497440338,-0.04241488501429558,0.9985764622688293,358,166
161,5366,1,0.37434113025665283,0.2973625361919403,-0.05695798620581627,0.998374879360199,359,160
161,5366,2,0.3736177384853363,0.2975557744503021,-0.05709376558661461,0.9985028505325317,358,160
161,5366,3,0.37281110882759094,0.297707200050354,-0.05704916641116142,0.9988658428192139,357,160
161,5366,4,0.37716421484947205,0.2963079810142517,-0.03896432742476463,0.9982674717903137,362,160
161,5366,5,0.37833061814308167,0.2956388592720032,-0.03913664072751999,0.998396635055542,363,159
161,5366,6,0.3801923096179962,0.2947976589202881,-0.039227742701768875,0.9986056685447693,364,159
161,5366,7,0.3759020268917084,0.30274781584739685,-0.09870538115501404,0.9994775652885437,360,163
161,5366,8,0.3856757581233978,0.29863089323043823,-0.02384919486939907,0.9974659085273743,370,161
161,5366,9,0.3752959668636322,0.31861114501953125,-0.0506100095808506,0.9979315996170044,360,172
161,5366,10,0.3774561285972595,0.3177222013473511,-0.02923630364239216,0.9962359666824341,362,171
161,5366,11,0.3860085904598236,0.3685007691383362,-0.14177189767360687,0.9999614357948303,370,198
161,5366,12,0.39935603737831116,0.3631991446018219,0.0442841611802578,0.9978528618812561,383,196
161,5366,13,0.3851030766963959,0.47672075033187866,-0.1654120534658432,0.9821798801422119,369,257
161,5366,14,0.39942219853401184,0.4737223982810974,0.07175721228122711,0.024442370980978012,383,255
161,5366,15,0.38077312707901,0.5557501912117004,-0.14437741041183472,0.8773937821388245,365,300
161,5366,16,0.393005907535553,0.5406728386878967,0.05030108243227005,0.013146867044270039,377,291
161,5366,17,0.37923964858055115,0.582877516746521,-0.15912124514579773,0.8251030445098877,364,314
161,5366,18,0.3927803337574005,0.5679215788841248,0.047141894698143005,0.01835360750555992,377,306
161,5366,19,0.3764941394329071,0.5853030681610107,-0.15891212224960327,0.817676305770874,361,316
161,5366,20,0.38986626267433167,0.5696477293968201,0.03219625726342201,0.01838671788573265,374,307
161,5366,21,0.3764900267124176,0.5775858163833618,-0.14249929785728455,0.7351873517036438,361,311
161,5366,22,0.38976022601127625,0.5629631876945496,0.04197120666503906,0.01910674199461937,374,304
161,5366,23,0.3793773353099823,0.5522605180740356,-0.05988579988479614,0.9999327659606934,364,298
161,5366,24,0.4022832214832306,0.5446299314498901,0.059840429574251175,0.9998381733894348,386,294
161,5366,25,0.3522484600543976,0.6622595191001892,0.03862037509679794,0.9481303095817566,338,357
161,5366,26,0.41958171129226685,0.6518273949623108,0.11748163402080536,0.5152317881584167,402,351
161,5366,27,0.32839474081993103,0.7779178619384766,0.10485196113586426,0.9521247744560242,315,420
161,5366,28,0.4401744604110718,0.7692010998725891,0.1835629940032959,0.7401362061500549,422,415
161,5366,29,0.33078205585479736,0.8046023845672607,0.10804171860218048,0.8867216110229492,317,434
161,5366,30,0.45033422112464905,0.7951288819313049,0.18888017535209656,0.7761540412902832,432,429
161,5366,31,0.28936758637428284,0.7805719375610352,0.06671001017093658,0.9336323142051697,277,421
161,5366,32,0.4124901592731476,0.7911192178726196,0.16571786999702454,0.7674519419670105,395,427
162,5400,0,0.3629508316516876,0.30906468629837036,-0.042919766157865524,0.9986154437065125,348,166
162,5400,1,0.3647463023662567,0.2981586456298828,-0.057329047471284866,0.9984386563301086,350,161
162,5400,2,0.36453038454055786,0.2982657551765442,-0.05746090039610863,0.9985781311988831,349,161
162,5400,3,0.36409738659858704,0.2983262538909912,-0.05742010846734047,0.9989137053489685,349,161
162,5400,4,0.3669545352458954,0.2971959710121155,-0.03964177891612053,0.9983490109443665,352,160
162,5400,5,0.36825209856033325,0.2965501546859741,-0.039810147136449814,0.9984861016273499,353,160
162,5400,6,0.3695274889469147,0.2957408130168915,-0.03988988697528839,0.9986664652824402,354,159
162,5400,7,0.3688122630119324,0.30296453833580017,-0.09820617735385895,0.9995084404945374,354,163
162,5400,8,0.37673819065093994,0.29961103200912476,-0.018665259703993797,0.9976118206977844,361,161
162,5400,9,0.36465829610824585,0.3191494643688202,-0.05083060637116432,0.9980452656745911,350,172
162,5400,10,0.36590856313705444,0.3185606598854065,-0.02964857779443264,0.9964553117752075,351,172
162,5400,11,0.3798374533653259,0.3682018518447876,-0.1409357488155365,0.999962329864502,364,198
162,5400,12,0.38594961166381836,0.36607033014297485,0.052039243280887604,0.9979591369628906,370,197
162,5400,13,0.38027164340019226,0.47439274191856384,-0.17285555601119995,0.9829405546188354,365,256
162,5400,14,0.3773041069507599,0.4690096378326416,0.07093910872936249,0.02336478978395462,362,253
162,5400,15,0.37845054268836975,0.5548905730247498,-0.17256511747837067,0.8860877752304077,363,299
162,5400,16,0.36955899000167847,0.5352003574371338,0.030044201761484146,0.016341637820005417,354,289
162,5400,17,0.3787151873111725,0.5815174579620361,-0.19013330340385437,0.8379167914390564,363,314
162,5400,18,0.36902207136154175,0.5588009357452393,0.023691000416874886,0.023449555039405823,354,301
162,5400,19,0.3730214536190033,0.5853268504142761,-0.19105710089206696,0.8310630321502686,358,316
162,5400,20,0.3672275245189667,0.5592711567878723,0.00792947132140398,0.02370116114616394,352,302
162,5400,21,0.37339481711387634,0.5758934617042542,-0.17173948884010315,0.7539004683494568,358,310
162,5400,22,0.3664792776107788,0.5504518151283264,0.020833363756537437,0.024198953062295914,351,297
162,5400,23,0.37386372685432434,0.5557515025138855,-0.06026459112763405,0.9999374151229858,358,300
162,5400,24,0.3907773792743683,0.5489508509635925,0.06020902469754219,0.9998495578765869,375,296
162,5400,25,0.3446817100048065,0.6616172790527344,0.03352069854736328,0.9523135423660278,330,357
162,5400,26,0.4146988093852997,0.6566904187202454,0.1120903417468071,0.5548095703125,398,354
162,5400,27,0.32455912232398987,0.7779693603515625,0.0872911587357521,0.9566567540168762,311,420
162,5400,28,0.43894636631011963,0.7685209512710571,0.16950498521327972,0.7648748755455017,421,415
162,5400,29,0.3278605341911316,0.8049794435501099,0.08882651478052139,0.8971248269081116,314,434
162,5400,30,0.44956478476524353,0.7930436134338379,0.17365843057632446,0.7975938320159912,431,428
162,5400,31,0.2872987389564514,0.7823960185050964,0.044203903526067734,0.9396657943725586,275,422
162,5400,32,0.41263532638549805,0.7914373278617859,0.14935584366321564,0.7891209721565247,396,427
163,5433,0,0.3628317415714264,0.31129834055900574,-0.051996685564517975,0.9987243413925171,348,168
163,5433,1,0.3647642433643341,0.30030083656311035,-0.06508971005678177,0.9985681772232056,350,162
163,5433,2,0.36480364203453064,0.3002837002277374,-0.06523237377405167,0.9986997246742249,350,162
163,5433,3,0.36473754048347473,0.30021220445632935,-0.06518620252609253,0.9990037083625793,350,162
163,5433,4,0.3657005727291107,0.2999386489391327,-0.046740513294935226,0.9984889030456543,351,161
163,5433,5,0.36626502871513367,0.2996279299259186,-0.046915337443351746,0.99861741065979,351,161
163,5433,6,0.36672815680503845,0.29943689703941345,-0.04698158800601959,0.9987764954566956,352,161
163,5433,7,0.3698536455631256,0.304300993680954,-0.09823185950517654,0.9995505213737488,355,164
163,5433,8,0.3729371130466461,0.30277734994888306,-0.017924631014466286,0.9978138208389282,358,163
163,5433,9,0.3659650385379791,0.32092389464378357,-0.05777521803975105,0.998196542263031,351,173
163,5433,10,0.3661070466041565,0.32086411118507385,-0.03531801328063011,0.9967374205589294,351,173
163,5433,11,0.37958666682243347,0.3676639795303345,-0.13921348750591278,0.99996417760849,364,198
163,5433,12,0.38409313559532166,0.3665306866168976,0.054533202201128006,0.9980762600898743,368,197
163,5433,13,0.38385826349258423,0.4707642197608948,-0.17057228088378906,0.9839973449707031,368,254
163,5433,14,0.37429606914520264,0.4683465361595154,0.07149215042591095,0.022552166134119034,359,252
163,5433,15,0.37917983531951904,0.5557001829147339,-0.1649220734834671,0.8941348791122437,364,300
163,5433,16,0.37508419156074524,0.5441136956214905,0.033407069742679596,0.017658760771155357,360,293
163,5433,17,0.3800038695335388,0.5823909640312195,-0.18087908625602722,0.8494349718093872,364,314
163,5433,18,0.37442970275878906,0.5640535950660706,0.028840966522693634,0.025616738945245743,359,304
163,5433,19,0.3753102719783783,0.5864898562431335,-0.18121972680091858,0.843092143535614,360,316
163,5433,20,0.36909258365631104,0.5624868273735046,0.013788709416985512,0.02593289501965046,354,303
163,5433,21,0.3752210736274719,0.5762282609939575,-0.16361764073371887,0.7710884809494019,360,311
163,5433,22,0.37281689047813416,0.5563086867332458,0.024774612858891487,0.02646365761756897,357,300
163,5433,23,0.3727497160434723,0.5553795099258423,-0.06015566363930702,0.9999420642852783,357,299
163,5433,24,0.38953012228012085,0.5506353974342346,0.060103025287389755,0.9998608827590942,373,297
163,5433,25,0.3442218601703644,0.6616902947425842,0.035772137343883514,0.9565048217773438,330,357
163,5433,26,0.41420778632164,0.6559649705886841,0.1110207587480545,0.5896525382995605,397,354
163,5433,27,0.323611855506897,0.7782999277114868,0.08279208093881607,0.9608520269393921,310,420
163,5433,28,0.4378940463066101,0.768094539642334,0.1650516241788864,0.7872269749641418,420,414
163,5433,29,0.3264637291431427,0.804880678653717,0.08369583636522293,0.9069703817367554,313,434
163,5433,30,0.448527991771698,0.7912350296974182,0.16702395677566528,0.8168367147445679,430,427
163,5433,31,0.2858942747116089,0.7833830118179321,0.03747599571943283,0.9453836679458618,274,423
163,5433,32,0.41248372197151184,0.7913826704025269,0.1351354718208313,0.8088958859443665,395,427
164,5466,0,0.3552843928337097,0.3116293251514435,-0.052751995623111725,0.9985882043838501,341,168
164,5466,1,0.35764971375465393,0.3004407584667206,-0.06585530191659927,0.9983076453208923,343,162
164,5466,2,0.3576620817184448,0.3004111349582672,-0.06599615514278412,0.998441755771637,343,162
164,5466,3,0.3574683964252472,0.30033621191978455,-0.06595204025506973,0.9987735748291016,343,162
164,5466,4,0.35902002453804016,0.29998064041137695,-0.04774503409862518,0.9982583522796631,344,161
164,5466,5,0.35989004373550415,0.2996228337287903,-0.04791912063956261,0.9984279870986938,345,161
164,5466,6,0.36059197783470154,0.2993386387825012,-0.047987960278987885,0.9986352920532227,346,161
164,5466,7,0.36260154843330383,0.3042371869087219,-0.09701705724000931,0.9994505047798157,348,164
164,5466,8,0.3667083978652954,0.302856981754303,-0.015809113159775734,0.9976446032524109,352,163
164,5466,9,0.35779479146003723,0.3212624490261078,-0.0582834929227829,0.9980421662330627,343,173
164,5466,10,0.35843998193740845,0.3211638033390045,-0.03595825284719467,0.9966214895248413,344,173
164,5466,11,0.37475576996803284,0.3674704134464264,-0.13825616240501404,0.9999651908874512,359,198
164,5466,12,0.3707137107849121,0.3675427734851837,0.056487299501895905,0.9981560707092285,355,198
164,5466,13,0.37756940722465515,0.4702315330505371,-0.16792365908622742,0.9829149842262268,362,253
164,5466,14,0.3667280972003937,0.4682677984237671,0.07799579948186874,0.020728491246700287,352,252
164,5466,15,0.37134087085723877,0.5578004121780396,-0.1609828919172287,0.8882036209106445,356,301
164,5466,16,0.36095428466796875,0.5489953756332397,0.03903695568442345,0.01655527949333191,346,296
164,5466,17,0.37189435958862305,0.5846036076545715,-0.1759953796863556,0.8407834768295288,357,315
164,5466,18,0.3598560094833374,0.5820070505142212,0.03347229212522507,0.024072540923953056,345,314
164,5466,19,0.3652297258377075,0.589313805103302,-0.17596039175987244,0.8336236476898193,350,318
164,5466,20,0.35725831985473633,0.5854048728942871,0.014331120066344738,0.02442384883761406,342,316
164,5466,21,0.36555084586143494,0.5782436728477478,-0.15923133492469788,0.7542964220046997,350,312
164,5466,22,0.35846737027168274,0.5766720771789551,0.028858423233032227,0.024965746328234673,344,311
164,5466,23,0.3729999363422394,0.5541913509368896,-0.05824172496795654,0.9999412298202515,358,299
164,5466,24,0.36554449796676636,0.5536675453186035,0.058237385004758835,0.9998602867126465,350,298
164,5466,25,0.3968018889427185,0.6589557528495789,0.011126001365482807,0.9559490084648132,380,355
164,5466,26,0.3408050537109375,0.6552219986915588,0.085057832300663,0.5723212361335754,327,353
164,5466,27,0.4288407862186432,0.7682176828384399,0.06636500358581543,0.9629084467887878,411,414
164,5466,28,0.32650285959243774,0.7745282053947449,0.1314677745103836,0.7921844124794006,313,418
164,5466,29,0.4395972490310669,0.7910147905349731,0.06665916740894318,0.9012362360954285,422,427
164,5466,30,0.33129987120628357,0.8017607927322388,0.1327412873506546,0.8104747533798218,318,432
164,5466,31,0.39949116110801697,0.7910274863243103,-0.0061035980470478535,0.9480605721473694,383,427
164,5466,32,0.29183509945869446,0.7942943572998047,0.07687973231077194,0.8170348405838013,280,428
165,5500,0,0.35055258870124817,0.31170615553855896,-0.06923913955688477,0.9986621141433716,336,168
165,5500,1,0.35346120595932007,0.3006250262260437,-0.08048801124095917,0.9983890652656555,339,162
165,5500,2,0.3543647527694702,0.3005222678184509,-0.08063378185033798,0.9985150694847107,340,162
165,5500,3,0.3549167513847351,0.3003973960876465,-0.08058183640241623,0.9988201260566711,340,162
165,5500,4,0.353065550327301,0.3004697859287262,-0.06077009439468384,0.9983439445495605,338,162
165,5500,5,0.35348865389823914,0.30028608441352844,-0.060950543731451035,0.9985070824623108,339,162
165,5500,6,0.3537212014198303,0.30013617873191833,-0.06103141978383064,0.9987002015113831,339,162
165,5500,7,0.3612987697124481,0.3044632077217102,-0.09937276691198349,0.9994661808013916,346,164
165,5500,8,0.36075156927108765,0.30385687947273254,-0.013677289709448814,0.9977476596832275,346,164
165,5500,9,0.3545401692390442,0.32143333554267883,-0.07137070596218109,0.9980974793434143,340,173
165,5500,10,0.3534757196903229,0.32147490978240967,-0.04679669812321663,0.9967501163482666,339,173
165,5500,11,0.3739386796951294,0.3673814833164215,-0.138229638338089,0.9999665021896362,358,198
165,5500,12,0.3679560720920563,0.36801570653915405,0.06255713105201721,0.9982404112815857,353,198
165,5500,13,0.377282977104187,0.470144122838974,-0.17023514211177826,0.9832233786582947,362,253
165,5500,14,0.36453279852867126,0.46825656294822693,0.08314018696546555,0.019139330834150314,349,252
165,5500,15,0.3694359064102173,0.5595608353614807,-0.17257224023342133,0.891730546951294,354,302
165,5500,16,0.3606807589530945,0.5634942054748535,0.038585055619478226,0.01574990712106228,346,304
165,5500,17,0.36956068873405457,0.5864040851593018,-0.1897534430027008,0.8452484607696533,354,316
165,5500,18,0.35836562514305115,0.5893800258636475,0.03260587900876999,0.023050816729664803,344,318
165,5500,19,0.36257949471473694,0.5900797247886658,-0.19147008657455444,0.8384010195732117,348,318
165,5500,20,0.35121574997901917,0.5896368026733398,0.01415931899100542,0.02347066067159176,337,318
165,5500,21,0.36307188868522644,0.579119861125946,-0.17166461050510406,0.757569432258606,348,312
165,5500,22,0.35635262727737427,0.5836988091468811,0.028271866962313652,0.024063970893621445,342,315
165,5500,23,0.3743341863155365,0.5540705323219299,-0.05834685266017914,0.9999377131462097,359,299
165,5500,24,0.36115118861198425,0.5550552010536194,0.05833596736192703,0.999854564666748,346,299
165,5500,25,0.40271231532096863,0.6584206223487854,-0.00472778407856822,0.957207441329956,386,355
165,5500,26,0.33729714155197144,0.6555159687995911,0.07333671301603317,0.5762030482292175,323,353
165,5500,27,0.43484005331993103,0.7636792063713074,0.04401881992816925,0.9651803970336914,417,412
165,5500,28,0.3209092319011688,0.7777162790298462,0.10462970286607742,0.8037478923797607,308,419
165,5500,29,0.44540655612945557,0.7873125076293945,0.04361114278435707,0.9003371000289917,427,425
165,5500,30,0.32617634534835815,0.8057469725608826,0.10439851880073547,0.8157683610916138,313,435
165,5500,31,0.40723198652267456,0.792027473449707,-0.03213571757078171,0.9513199329376221,390,427
165,5500,32,0.2872903048992157,0.795080304145813,0.045729730278253555,0.829518735408783,275,429
166,5533,0,0.3482414484024048,0.31241801381111145,-0.06716781109571457,0.9977639317512512,334,168
166,5533,1,0.3490196466445923,0.3012752830982208,-0.07710594683885574,0.9968189001083374,335,162
166,5533,2,0.3488052487373352,0.30114758014678955,-0.07723470777273178,0.9971501231193542,334,162
166,5533,3,0.3483836054801941,0.30100110173225403,-0.07717466354370117,0.9976625442504883,334,162
166,5533,4,0.3507413864135742,0.3012501895427704,-0.05809232220053673,0.9967018961906433,336,162
166,5533,5,0.3516455888748169,0.3010949194431305,-0.05827420577406883,0.997201144695282,337,162
166,5533,6,0.3527595102787018,0.3008496165275574,-0.058340851217508316,0.9976106286048889,338,162
166,5533,7,0.35298293828964233,0.30527642369270325,-0.10131542384624481,0.9989936947822571,338,164
166,5533,8,0.35868188738822937,0.30495500564575195,-0.017287731170654297,0.9960870146751404,344,164
166,5533,9,0.3499716520309448,0.3222806751728058,-0.06815098226070404,0.996959924697876,335,174
166,5533,10,0.35092031955718994,0.3223017454147339,-0.04456484690308571,0.9951493144035339,336,174
166,5533,11,0.3650704622268677,0.36725983023643494,-0.1405365765094757,0.9999618530273438,350,198
166,5533,12,0.3660697340965271,0.36882132291793823,0.058050282299518585,0.9981400370597839,351,199
166,5533,13,0.3678932189941406,0.47166216373443604,-0.17327980697155,0.9792075157165527,353,254
166,5533,14,0.36572152376174927,0.4766848385334015,0.07784807682037354,0.017549991607666016,351,257
166,5533,15,0.3614872694015503,0.5663009285926819,-0.17306795716285706,0.8732682466506958,347,305
166,5533,16,0.3587779402732849,0.56629478931427,0.0335153304040432,0.014905181713402271,344,305
166,5533,17,0.3608929216861725,0.5948376059532166,-0.1901087909936905,0.8233506679534912,346,321
166,5533,18,0.3549462556838989,0.5846918821334839,0.028184188529849052,0.02200199104845524,340,315
166,5533,19,0.3561752438545227,0.5987580418586731,-0.1905679553747177,0.8149229288101196,341,323
166,5533,20,0.3537190854549408,0.5908752083778381,0.010798846371471882,0.022422103211283684,339,319
166,5533,21,0.3561682403087616,0.5886658430099487,-0.1717280000448227,0.7261598706245422,341,317
166,5533,22,0.3547026216983795,0.583207905292511,0.023791486397385597,0.023008089512586594,340,314
166,5533,23,0.358184278011322,0.5538946986198425,-0.05834943428635597,0.9999284744262695,343,299
166,5533,24,0.3607201874256134,0.5540124177932739,0.058338701725006104,0.9998369216918945,346,299
166,5533,25,0.38584718108177185,0.6669315695762634,-0.002335519529879093,0.9532787799835205,370,360
166,5533,26,0.35591205954551697,0.6595242619514465,0.08034270256757736,0.5447088479995728,341,356
166,5533,27,0.4093284010887146,0.7750910520553589,0.039058201014995575,0.9663374423980713,392,418
166,5533,28,0.34889426827430725,0.787719190120697,0.1100270077586174,0.7969432473182678,334,425
166,5533,29,0.41911935806274414,0.7966088652610779,0.03790239989757538,0.8977801203727722,402,430
166,5533,30,0.3545445501804352,0.8158972859382629,0.10672782361507416,0.8078241944313049,340,440
166,5533,31,0.38671332597732544,0.7959958910942078,-0.02859639935195446,0.952016294002533,371,429
166,5533,32,0.32027286291122437,0.8016048669815063,0.07828807085752487,0.8255099654197693,307,432
167,5566,0,0.34675607085227966,0.31355321407318115,-0.05258170887827873,0.997211754322052,332,169
167,5566,1,0.34805580973625183,0.3022967576980591,-0.0648983046412468,0.9963802099227905,334,163
167,5566,2,0.3477065861225128,0.3021838366985321,-0.06502456963062286,0.9967910647392273,333,163
167,5566,3,0.34724751114845276,0.3020482361316681,-0.0649944618344307,0.997398853302002,333,163
167,5566,4,0.35018861293792725,0.301941454410553,-0.04702261462807655,0.9962753653526306,336,163
167,5566,5,0.35121485590934753,0.30161282420158386,-0.04719657823443413,0.9968353509902954,337,162
167,5566,6,0.3521980047225952,0.30119454860687256,-0.04728442430496216,0.9972663521766663,338,162
167,5566,7,0.3514752686023712,0.3060579001903534,-0.09620977938175201,0.9988811612129211,337,165
167,5566,8,0.35809457302093506,0.30500099062919617,-0.01490839384496212,0.9956196546554565,343,164
167,5566,9,0.34912022948265076,0.32320284843444824,-0.05813730135560036,0.9965254068374634,335,174
167,5566,10,0.3504858613014221,0.3229620158672333,-0.0358535461127758,0.9944628477096558,336,174
167,5566,11,0.36239853501319885,0.36713868379592896,-0.13463720679283142,0.9999583959579468,347,198
167,5566,12,0.36613762378692627,0.3688373863697052,0.056164491921663284,0.9979833960533142,351,199
167,5566,13,0.36849164962768555,0.4714091122150421,-0.17318645119667053,0.9787834882736206,353,254
167,5566,14,0.36120742559432983,0.47554367780685425,0.07011139392852783,0.016557244583964348,346,256
167,5566,15,0.3637550175189972,0.5643239617347717,-0.17235402762889862,0.8734060525894165,349,304
167,5566,16,0.3571940064430237,0.5676460266113281,0.033997196704149246,0.014231890439987183,342,306
167,5566,17,0.36506181955337524,0.5927472114562988,-0.18850234150886536,0.8241896033287048,350,320
167,5566,18,0.35523757338523865,0.5875002145767212,0.029317425563931465,0.020979637280106544,341,317
167,5566,19,0.3591049611568451,0.5964053273200989,-0.18954923748970032,0.8157297372817993,344,322
167,5566,20,0.3536182641983032,0.5906379818916321,0.012975048273801804,0.021351004019379616,339,318
167,5566,21,0.3589283227920532,0.5860306024551392,-0.17141656577587128,0.7268693447113037,344,316
167,5566,22,0.3542443811893463,0.5830052495002747,0.024957386776804924,0.02199961431324482,340,314
167,5566,23,0.35246703028678894,0.5502060651779175,-0.058310262858867645,0.9999328851699829,338,297
167,5566,24,0.3605312407016754,0.5505565404891968,0.058293648064136505,0.9998463988304138,346,297
167,5566,25,0.34265321493148804,0.665777862071991,-0.0031472600530833006,0.9544922709465027,328,359
167,5566,26,0.3682722747325897,0.6592673659324646,0.07310047745704651,0.5628837943077087,353,356
167,5566,27,0.32452306151390076,0.7785570025444031,0.0380387045443058,0.9689539670944214,311,420
167,5566,28,0.419930636882782,0.761475682258606,0.12345262616872787,0.8092478513717651,403,411
167,5566,29,0.34067821502685547,0.8100021481513977,0.03787326440215111,0.9043707251548767,327,437
167,5566,30,0.4342188239097595,0.7791936993598938,0.12422288209199905,0.821736216545105,416,420
167,5566,31,0.2897500991821289,0.8010047674179077,-0.02151663787662983,0.9548711180686951,278,432
167,5566,32,0.402395635843277,0.7996519207954407,0.08040306717157364,0.8335137963294983,386,431
168,5600,0,0.33824482560157776,0.3128744959831238,-0.04711456224322319,0.9968017339706421,324,168
168,5600,1,0.3392843008041382,0.3021295964717865,-0.061105262488126755,0.9957449436187744,325,163
168,5600,2,0.33897072076797485,0.3020186424255371,-0.06123853474855423,0.9961578845977783,325,163
168,5600,3,0.33847111463546753,0.30191096663475037,-0.061226822435855865,0.9969145655632019,324,163
168,5600,4,0.34157562255859375,0.30191367864608765,-0.04328161105513573,0.9953649640083313,327,163
168,5600,5,0.34287723898887634,0.30152755975723267,-0.043445032089948654,0.9959354400634766,329,162
168,5600,6,0.34415245056152344,0.3010769188404083,-0.043518662452697754,0.9965421557426453,330,162
168,5600,7,0.3425960838794708,0.30599096417427063,-0.09506455063819885,0.9986941814422607,328,165
168,5600,8,0.3503158390522003,0.30499568581581116,-0.013822593726217747,0.9945809841156006,336,164
168,5600,9,0.33983221650123596,0.32255691289901733,-0.054467856884002686,0.995855450630188,326,174
168,5600,10,0.3413040339946747,0.3226768970489502,-0.03218706697225571,0.9932827949523926,327,174
168,5600,11,0.35389846563339233,0.3675221800804138,-0.13485415279865265,0.9999586939811707,339,198
168,5600,12,0.3589767515659332,0.3686659634113312,0.05748751387000084,0.9979549050331116,344,199
168,5600,13,0.3563470244407654,0.4727648198604584,-0.16826556622982025,0.9767691493034363,342,255
168,5600,14,0.3577372431755066,0.4754660725593567,0.07357668876647949,0.01501476764678955,343,256
168,5600,15,0.3513193428516388,0.5694836378097534,-0.1568254977464676,0.8625832796096802,337,307
168,5600,16,0.353840172290802,0.5639866590499878,0.04453951120376587,0.013042996637523174,339,304
168,5600,17,0.34836626052856445,0.59969562292099,-0.1716744601726532,0.8092494606971741,334,323
168,5600,18,0.35365378856658936,0.5859906673431396,0.042476605623960495,0.019321048632264137,339,316
168,5600,19,0.34158897399902344,0.6040021181106567,-0.17116284370422363,0.7991061210632324,327,326
168,5600,20,0.35059022903442383,0.5889371633529663,0.02709258534014225,0.019657298922538757,336,318
168,5600,21,0.34233421087265015,0.5945627689361572,-0.1549743115901947,0.7027750611305237,328,321
168,5600,22,0.3509187698364258,0.5811148881912231,0.036014631390571594,0.02030079998075962,336,313
168,5600,23,0.3490515351295471,0.5497593879699707,-0.05870309844613075,0.999935507774353,335,296
168,5600,24,0.35093823075294495,0.551162600517273,0.05868202820420265,0.9998525977134705,336,297
168,5600,25,0.3553099036216736,0.6653006672859192,-0.020657023414969444,0.9513231515884399,341,359
168,5600,26,0.3269568383693695,0.6591649055480957,0.0794576033949852,0.5323386192321777,313,355
168,5600,27,0.41090187430381775,0.758114218711853,0.03465307876467705,0.9667326807975769,394,409
168,5600,28,0.3235270082950592,0.7695482969284058,0.12607021629810333,0.7975284457206726,310,415
168,5600,29,0.4273392856121063,0.7671610713005066,0.03649910166859627,0.8893219232559204,410,414
168,5600,30,0.33153876662254333,0.794232189655304,0.12781637907028198,0.80922931432724,318,428
168,5600,31,0.3978017568588257,0.8005850315093994,-0.013466908596456051,0.9505626559257507,381,432
168,5600,32,0.2895435094833374,0.8018215894699097,0.09055473655462265,0.8253207206726074,277,432
169,5633,0,0.3374381959438324,0.3128438889980316,-0.046574875712394714,0.9968003034591675,323,168
169,5633,1,0.3386722505092621,0.3020056486129761,-0.05963725969195366,0.9957680702209473,325,163
169,5633,2,0.33823055028915405,0.3018817901611328,-0.05977819487452507,0.9961764812469482,324,163
169,5633,3,0.33767393231391907,0.30174556374549866,-0.05975829437375069,0.9968840479850769,324,162
169,5633,4,0.34055623412132263,0.3018365502357483,-0.042456451803445816,0.9953703880310059,326,162
169,5633,5,0.3413371443748474,0.30147281289100647,-0.04262922704219818,0.9959480166435242,327,162
169,5633,6,0.3420616686344147,0.3010293245315552,-0.04270734637975693,0.9965337514877319,328,162
169,5633,7,0.3409576416015625,0.30595433712005615,-0.08749377727508545,0.9986990094184875,327,165
169,5633,8,0.3475412130355835,0.30492863059043884,-0.01062252838164568,0.9946607351303101,333,164
169,5633,9,0.3388533890247345,0.32249143719673157,-0.05265922471880913,0.9957592487335205,325,174
169,5633,10,0.3394816815853119,0.3225947320461273,-0.03134112060070038,0.9932178854942322,325,174
169,5633,11,0.3540104925632477,0.3670727014541626,-0.12714345753192902,0.9999604225158691,339,198
169,5633,12,0.3524927496910095,0.36893850564956665,0.05813611298799515,0.9980111718177795,338,199
169,5633,13,0.3578135073184967,0.4713238775730133,-0.1548256278038025,0.9767048358917236,343,254
169,5633,14,0.3530948758125305,0.4748415946960449,0.0735292062163353,0.01373285986483097,338,256
169,5633,15,0.3506121039390564,0.5675384998321533,-0.14582215249538422,0.8620033264160156,336,306
169,5633,16,0.3516916334629059,0.5645379424095154,0.0438668467104435,0.01208455115556717,337,304
169,5633,17,0.3500783145427704,0.59694904088974,-0.15907184779644012,0.8092705607414246,336,322
169,5633,18,0.35070285201072693,0.5876685380935669,0.041430287063121796,0.018018243834376335,336,317
169,5633,19,0.34309303760528564,0.6013625264167786,-0.1591082662343979,0.7983153462409973,329,324
169,5633,20,0.3478033244609833,0.5907612442970276,0.026580514386296272,0.01831776276230812,333,319
169,5633,21,0.34350094199180603,0.5914339423179626,-0.1441308856010437,0.6992107629776001,329,319
169,5633,22,0.3479832708835602,0.5820276141166687,0.03546570613980293,0.01897832565009594,334,314
169,5633,23,0.35132867097854614,0.5498514175415039,-0.05734794959425926,0.9999405145645142,337,296
169,5633,24,0.346546471118927,0.55362468957901,0.05733880773186684,0.9998640418052673,332,298
169,5633,25,0.36385804414749146,0.6646631360054016,-0.016232741996645927,0.9546079635620117,349,358
169,5633,26,0.3215079605579376,0.658950686454773,0.07996606081724167,0.5467692613601685,308,355
169,5633,27,0.42006078362464905,0.7514510750770569,0.05955211818218231,0.9690628051757812,403,405
169,5633,28,0.31801024079322815,0.7746883034706116,0.11418082565069199,0.8119887113571167,305,418
169,5633,29,0.4359137713909149,0.7584505677223206,0.06352003663778305,0.8921170234680176,418,409
169,5633,30,0.32540225982666016,0.8002119660377502,0.1151030883193016,0.8184430003166199,312,432
169,5633,31,0.40434882044792175,0.8004835247993469,0.020991122350096703,0.9537160992622375,388,432
169,5633,32,0.28316032886505127,0.8052321076393127,0.07911136746406555,0.8380591869354248,271,434
170,5666,0,0.32691290974617004,0.3115420341491699,-0.05045227333903313,0.9968778491020203,313,168
170,5666,1,0.3290950059890747,0.30098122358322144,-0.06321697682142258,0.9958691000938416,315,162
170,5666,2,0.32914838194847107,0.30086714029312134,-0.06337052583694458,0.9962883591651917,315,162
170,5666,3,0.32898733019828796,0.30075061321258545,-0.06335996836423874,0.9969438314437866,315,162
170,5666,4,0.3303459584712982,0.30086687207221985,-0.04597484692931175,0.9954080581665039,317,162
170,5666,5,0.33120763301849365,0.300579696893692,-0.04616343975067139,0.9959942102432251,317,162
170,5666,6,0.331918329000473,0.30023086071014404,-0.046243973076343536,0.9965329766273499,318,162
170,5666,7,0.3345660865306854,0.3049047589302063,-0.08841144293546677,0.9987443685531616,321,164
170,5666,8,0.33869752287864685,0.30431899428367615,-0.011717839166522026,0.9947080612182617,325,164
170,5666,9,0.3292817175388336,0.3214171528816223,-0.056002479046583176,0.9957889914512634,316,173
170,5666,10,0.32981929183006287,0.32162854075431824,-0.03461570665240288,0.9932319521903992,316,173
170,5666,11,0.34690654277801514,0.36537009477615356,-0.12871608138084412,0.9999622702598572,333,197
170,5666,12,0.34735211730003357,0.3685702681541443,0.054956428706645966,0.998076319694519,333,199
170,5666,13,0.35059186816215515,0.4712219536304474,-0.15511898696422577,0.9778385758399963,336,254
170,5666,14,0.3493812680244446,0.47464028000831604,0.06710180640220642,0.01271288376301527,335,256
170,5666,15,0.34541743993759155,0.5670018196105957,-0.14541324973106384,0.8693942427635193,331,306
170,5666,16,0.3447490930557251,0.5620829463005066,0.03745495527982712,0.01156372670084238,330,303
170,5666,17,0.3494020402431488,0.5953633189201355,-0.15847721695899963,0.8190187811851501,335,321
170,5666,18,0.3457133173942566,0.586557924747467,0.03595314174890518,0.01740175113081932,331,316
170,5666,19,0.34276753664016724,0.5996076464653015,-0.15850938856601715,0.8081461787223816,329,323
170,5666,20,0.3426544964313507,0.589992880821228,0.021680835634469986,0.017673220485448837,328,318
170,5666,21,0.3414866626262665,0.5897643566131592,-0.14367231726646423,0.7111678719520569,327,318
170,5666,22,0.3415704667568207,0.5807391405105591,0.029351362958550453,0.018388111144304276,327,313
170,5666,23,0.3445237874984741,0.5487646460533142,-0.05553337186574936,0.9999451041221619,330,296
170,5666,24,0.33774060010910034,0.5529060363769531,0.055510468780994415,0.9998742938041687,324,298
170,5666,25,0.35746484994888306,0.6645573377609253,-0.026674898341298103,0.9582027196884155,343,358
170,5666,26,0.3212045133113861,0.659740686416626,0.08077938109636307,0.5653981566429138,308,356
170,5666,27,0.4115237593650818,0.7445574402809143,0.04036808758974075,0.9711353182792664,395,402
170,5666,28,0.317825049161911,0.7772219777107239,0.11148418486118317,0.8255324363708496,305,419
170,5666,29,0.4262346625328064,0.7443637251853943,0.04438117891550064,0.8962069749832153,409,401
170,5666,30,0.32639822363853455,0.8033238649368286,0.11219513416290283,0.8274210691452026,313,433
170,5666,31,0.4083068072795868,0.8003527522087097,0.016316048800945282,0.9566720724105835,391,432
170,5666,32,0.28275564312934875,0.8119128942489624,0.08284303545951843,0.8496683239936829,271,438
171,5700,0,0.32453495264053345,0.3106377124786377,-0.06488341838121414,0.9969666600227356,311,167
171,5700,1,0.32705157995224,0.2997814416885376,-0.07793233543634415,0.9960160851478577,313,161
171,5700,2,0.32748764753341675,0.29954400658607483,-0.07809266448020935,0.9964443445205688,314,161
171,5700,3,0.32747888565063477,0.2993042767047882,-0.07808614522218704,0.9970439672470093,314,161
171,5700,4,0.32769471406936646,0.2998097836971283,-0.060088515281677246,0.9954997301101685,314,161
171,5700,5,0.3282751441001892,0.29955288767814636,-0.06028379127383232,0.9960811138153076,315,161
171,5700,6,0.32914766669273376,0.2991141676902771,-0.06037472188472748,0.996565580368042,315,161
171,5700,7,0.33289676904678345,0.30380678176879883,-0.10306665301322937,0.9988017082214355,319,164
171,5700,8,0.3354167640209198,0.3035556375980377,-0.022312922403216362,0.9947953820228577,322,163
171,5700,9,0.3276230990886688,0.32056495547294617,-0.06974615156650543,0.9957935214042664,314,173
171,5700,10,0.3272900879383087,0.3210466206073761,-0.04752141609787941,0.9931767582893372,314,173
171,5700,11,0.3446654677391052,0.36408373713493347,-0.13744477927684784,0.9999638199806213,330,196
171,5700,12,0.3465753495693207,0.36743295192718506,0.048218391835689545,0.9981074333190918,332,198
171,5700,13,0.35103118419647217,0.47011762857437134,-0.15589047968387604,0.9789627194404602,336,253
171,5700,14,0.34933170676231384,0.47319602966308594,0.06240297108888626,0.011722316965460777,335,255
171,5700,15,0.3430387079715729,0.5663133859634399,-0.14607620239257812,0.8750349283218384,329,305
171,5700,16,0.34722548723220825,0.5613078474998474,0.035319648683071136,0.01086052879691124,333,303
171,5700,17,0.34586936235427856,0.5949687361717224,-0.15875840187072754,0.8261409401893616,332,321
171,5700,18,0.34877675771713257,0.585058867931366,0.034246645867824554,0.016481516882777214,334,315
171,5700,19,0.3405298590660095,0.5993191003799438,-0.15859507024288177,0.8151825666427612,326,323
171,5700,20,0.34425148367881775,0.5889847278594971,0.02081918530166149,0.016717836260795593,330,318
171,5700,21,0.3386664390563965,0.5893785953521729,-0.1441439688205719,0.719360888004303,325,318
171,5700,22,0.34336331486701965,0.5798452496528625,0.027667833492159843,0.017465515062212944,329,313
171,5700,23,0.3445819318294525,0.5474166870117188,-0.05571560934185982,0.9999492168426514,330,295
171,5700,24,0.3358479142189026,0.5508586764335632,0.055694855749607086,0.9998834133148193,322,297
171,5700,25,0.35821637511253357,0.664888858795166,-0.03185355290770531,0.9617317318916321,343,359
171,5700,26,0.32096755504608154,0.6610962748527527,0.09401607513427734,0.5836348533630371,308,356
171,5700,27,0.41028815507888794,0.741131603717804,0.03624216094613075,0.9731672406196594,393,400
171,5700,28,0.31724056601524353,0.7784988880157471,0.12137361615896225,0.8384768962860107,304,420
171,5700,29,0.4247598350048065,0.7427499294281006,0.04051218181848526,0.900805652141571,407,401
171,5700,30,0.32644230127334595,0.8057628870010376,0.12163055688142776,0.837261974811554,313,435
171,5700,31,0.4048604965209961,0.7989818453788757,0.01213659904897213,0.9595634937286377,388,431
171,5700,32,0.282976895570755,0.8141781687736511,0.10307608544826508,0.8607568144798279,271,439
172,5733,0,0.32112932205200195,0.3105884790420532,-0.06299911439418793,0.9961047768592834,308,167
172,5733,1,0.3215719163417816,0.2996038496494293,-0.07609110325574875,0.9947555661201477,308,161
172,5733,2,0.3207870125770569,0.29939737915992737,-0.0762408897280693,0.9953728914260864,307,161
172,5733,3,0.319781631231308,0.2991785407066345,-0.07627376914024353,0.9960669279098511,306,161
172,5733,4,0.32475852966308594,0.29951420426368713,-0.058678723871707916,0.9938647747039795,311,161
172,5733,5,0.32608652114868164,0.2992245554924011,-0.058872029185295105,0.9947299361228943,313,161
172,5733,6,0.32791945338249207,0.29885604977607727,-0.058954283595085144,0.9953293800354004,314,161
172,5733,7,0.3227781057357788,0.30364614725112915,-0.10281576961278915,0.9984878301620483,309,163
172,5733,8,0.3332281708717346,0.3034874498844147,-0.023754538968205452,0.9932277202606201,319,163
172,5733,9,0.3223849833011627,0.3205571472644806,-0.06854769587516785,0.994392454624176,309,173
172,5733,10,0.32431748509407043,0.3210276961326599,-0.045546386390924454,0.9908902645111084,311,173
172,5733,11,0.3322519361972809,0.36593422293663025,-0.1367209404706955,0.9999585151672363,318,197
172,5733,12,0.342822402715683,0.367385596036911,0.04512719437479973,0.9979182481765747,329,198
172,5733,13,0.33483126759529114,0.4724878668785095,-0.15688157081604004,0.9745708107948303,321,255
172,5733,14,0.348929762840271,0.4733753204345703,0.05638216808438301,0.01068794820457697,334,255
172,5733,15,0.32898399233818054,0.5697997808456421,-0.1477036476135254,0.8485148549079895,315,307
172,5733,16,0.3387492895126343,0.5603981018066406,0.029535064473748207,0.010008808225393295,325,302
172,5733,17,0.3305872082710266,0.5992829203605652,-0.16084590554237366,0.7980426549911499,317,323
172,5733,18,0.33614590764045715,0.5787020921707153,0.028668923303484917,0.015291259624063969,322,312
172,5733,19,0.32524916529655457,0.6026926040649414,-0.160667285323143,0.7855798006057739,312,325
172,5733,20,0.33231133222579956,0.5836188197135925,0.015014950186014175,0.015501121059060097,319,315
172,5733,21,0.3243686556816101,0.5930049419403076,-0.14586888253688812,0.6858555674552917,311,320
172,5733,22,0.33260592818260193,0.5758471488952637,0.021858179941773415,0.01622159779071808,319,310
172,5733,23,0.32983943819999695,0.5477190017700195,-0.05494434013962746,0.9999481439590454,316,295
172,5733,24,0.33708053827285767,0.5495223999023438,0.05490793287754059,0.9998824000358582,323,296
172,5733,25,0.3317696154117584,0.6641207337379456,-0.03217743709683418,0.9627270102500916,318,358
172,5733,26,0.32545727491378784,0.6600281596183777,0.09342855960130692,0.5636671185493469,312,356
172,5733,27,0.40396395325660706,0.7348631620407104,0.023667989298701286,0.9731079339981079,387,396
172,5733,28,0.3259458541870117,0.7807825803756714,0.11810117214918137,0.8329781889915466,312,421
172,5733,29,0.41769421100616455,0.7400060296058655,0.026772843673825264,0.9009485244750977,400,399
172,5733,30,0.33272334933280945,0.8060091137886047,0.11833249777555466,0.8290522694587708,319,435
172,5733,31,0.37977078557014465,0.7932246923446655,-0.0020522414706647396,0.958917498588562,364,428
172,5733,32,0.2856711149215698,0.8121931552886963,0.09582482278347015,0.8542394638061523,274,438
173,5766,0,0.3180972635746002,0.3105796277523041,-0.06169060245156288,0.9960842132568359,305,167
173,5766,1,0.31978949904441833,0.299595445394516,-0.07566823065280914,0.9946994781494141,306,161
173,5766,2,0.31954580545425415,0.29938554763793945,-0.07581226527690887,0.9953304529190063,306,161
173,5766,3,0.3191264569759369,0.299154669046402,-0.07586439698934555,0.9960082769393921,306,161
173,5766,4,0.3212692439556122,0.2994976341724396,-0.05766410380601883,0.9937434792518616,308,161
173,5766,5,0.3219790458679199,0.29920879006385803,-0.05784175544977188,0.994629979133606,309,161
173,5766,6,0.3226582705974579,0.2988409399986267,-0.057914458215236664,0.9952412843704224,309,161
173,5766,7,0.32275378704071045,0.3036520183086395,-0.09800827503204346,0.9984608292579651,309,163
173,5766,8,0.3285847306251526,0.3034079670906067,-0.0230728592723608,0.9930503368377686,315,163
173,5766,9,0.32121947407722473,0.32053640484809875,-0.06779079139232635,0.9941200017929077,308,173
173,5766,10,0.3214348554611206,0.320942759513855,-0.044700685888528824,0.9904431700706482,308,173
173,5766,11,0.3339473009109497,0.36469680070877075,-0.13267573714256287,0.9999583959579468,320,196
173,5766,12,0.33807188272476196,0.36675310134887695,0.04554944485425949,0.9979483485221863,324,198
173,5766,13,0.33565157651901245,0.47143787145614624,-0.15411724150180817,0.9731955528259277,322,254
173,5766,14,0.3418769836425781,0.4731709659099579,0.05872037634253502,0.009750786237418652,328,255
173,5766,15,0.3249351382255554,0.5670127868652344,-0.13873140513896942,0.8309069275856018,311,306
173,5766,16,0.33594104647636414,0.558455228805542,0.034311067312955856,0.009237960912287235,322,301
173,5766,17,0.32774752378463745,0.5975834131240845,-0.1510140746831894,0.7785021662712097,314,322
173,5766,18,0.33463770151138306,0.5770323872566223,0.03464911878108978,0.014193300157785416,321,311
173,5766,19,0.3231845796108246,0.6015984416007996,-0.14955350756645203,0.7645894289016724,310,324
173,5766,20,0.3312448561191559,0.5805968046188354,0.02200492098927498,0.014378268271684647,317,313
173,5766,21,0.32264915108680725,0.5909116864204407,-0.13634692132472992,0.6606966257095337,309,319
173,5766,22,0.3313460052013397,0.5727910995483398,0.027377726510167122,0.015065625309944153,318,309
173,5766,23,0.3319576382637024,0.5455748438835144,-0.05497737228870392,0.9999515414237976,318,294
173,5766,24,0.3306112587451935,0.5481774210929871,0.054939936846494675,0.9998906254768372,317,296
173,5766,25,0.33362117409706116,0.662016749382019,-0.04749806597828865,0.9641865491867065,320,357
173,5766,26,0.3163430392742157,0.6597324013710022,0.0887892097234726,0.5459531545639038,303,356
173,5766,27,0.39962679147720337,0.7317907214164734,0.0191802978515625,0.9721991419792175,383,395
173,5766,28,0.3161942660808563,0.7806350588798523,0.11058232188224792,0.8297242522239685,303,421
173,5766,29,0.41430455446243286,0.7333285808563232,0.023893410339951515,0.8979876041412354,397,395
173,5766,30,0.326166570186615,0.8061168193817139,0.11099568754434586,0.821620523929596,313,435
173,5766,31,0.38712257146835327,0.7906014323234558,-0.001965657575055957,0.957779586315155,371,426
173,5766,32,0.28321540355682373,0.8114691972732544,0.0903419554233551,0.8514489531517029,271,438
174,5800,0,0.312345415353775,0.30833324790000916,-0.050380509346723557,0.9940583109855652,299,166
174,5800,1,0.3130021393299103,0.29716742038726807,-0.06413201987743378,0.9931389093399048,300,160
174,5800,2,0.3125893771648407,0.29706642031669617,-0.06426418572664261,0.9938792586326599,300,160
174,5800,3,0.3120254874229431,0.29701003432273865,-0.06425178050994873,0.9948892593383789,299,160
174,5800,4,0.3151583671569824,0.2966981530189514,-0.04762069135904312,0.992217481136322,302,160
174,5800,5,0.31617388129234314,0.2962794005870819,-0.047807905822992325,0.9933620691299438,303,159
174,5800,6,0.31711912155151367,0.29577890038490295,-0.047904130071401596,0.994210422039032,304,159
174,5800,7,0.31552186608314514,0.3017236590385437,-0.09416862577199936,0.9979308247566223,302,162
174,5800,8,0.3232823610305786,0.3002059757709503,-0.022194059565663338,0.9914543628692627,310,162
174,5800,9,0.31412971019744873,0.3184621036052704,-0.05758221447467804,0.9921574592590332,301,171
174,5800,10,0.3155376613140106,0.3183414041996002,-0.036976758390665054,0.9875651001930237,302,171
174,5800,11,0.32538849115371704,0.3640329837799072,-0.13215847313404083,0.9999384880065918,312,196
174,5800,12,0.33471861481666565,0.364474356174469,0.04618791118264198,0.9972177743911743,321,196
174,5800,13,0.32666680216789246,0.47034597396850586,-0.15382549166679382,0.9659285545349121,313,253
174,5800,14,0.3366953730583191,0.47117945551872253,0.0654691830277443,0.008986442349851131,323,254
174,5800,15,0.31474578380584717,0.5536685585975647,-0.13777877390384674,0.7973402738571167,302,298
174,5800,16,0.3234182596206665,0.5405837893486023,0.038329001516103745,0.00859167892485857,310,291
174,5800,17,0.31319889426231384,0.5740381479263306,-0.14982934296131134,0.7458025217056274,300,309
174,5800,18,0.32137712836265564,0.5612841844558716,0.03772918879985809,0.0132987005636096,308,303
174,5800,19,0.3105800449848175,0.5767961740493774,-0.14857593178749084,0.731831967830658,298,311
174,5800,20,0.31743720173835754,0.5620890259742737,0.024250146001577377,0.01345653273165226,304,303
174,5800,21,0.3112315833568573,0.5707738995552063,-0.13551168143749237,0.6280900239944458,298,308
174,5800,22,0.31802988052368164,0.5551316142082214,0.030948974192142487,0.014126877300441265,305,299
174,5800,23,0.3235153555870056,0.5411555767059326,-0.05678127706050873,0.9999529123306274,310,292
174,5800,24,0.329010009765625,0.5384855270385742,0.05675317347049713,0.9998934864997864,315,290
174,5800,25,0.3149743974208832,0.6608366370201111,-0.014873932115733624,0.9633979797363281,302,356
174,5800,26,0.32076627016067505,0.6450144648551941,0.10049678385257721,0.5388282537460327,307,348
174,5800,27,0.3201534152030945,0.7724505662918091,0.038553886115550995,0.9738336801528931,307,417
174,5800,28,0.36843541264533997,0.7311517596244812,0.15327130258083344,0.8292149901390076,353,394
174,5800,29,0.33161160349845886,0.7977516055107117,0.04183701053261757,0.9031288623809814,318,430
174,5800,30,0.38213348388671875,0.7344273924827576,0.15785865485668182,0.8247230648994446,366,396
174,5800,31,0.28537699580192566,0.8049620389938354,-0.0015526640927419066,0.9589806199073792,273,434
174,5800,32,0.3634616732597351,0.782569944858551,0.13294409215450287,0.8461591005325317,348,422
175,5833,0,0.3096880614757538,0.30795612931251526,-0.05973048135638237,0.9927696585655212,297,166
175,5833,1,0.31077080965042114,0.29688236117362976,-0.07338540256023407,0.9912068247795105,298,160
175,5833,2,0.3102499842643738,0.29682663083076477,-0.0735195055603981,0.9920578002929688,297,160
175,5833,3,0.30960509181022644,0.29681530594825745,-0.07352599501609802,0.9935837388038635,297,160
175,5833,4,0.31336262822151184,0.29608431458473206,-0.05599255487322807,0.9898205399513245,300,159
175,5833,5,0.3144904375076294,0.29548248648643494,-0.05616367235779762,0.9911048412322998,301,159
175,5833,6,0.31550803780555725,0.2948009967803955,-0.05625468119978905,0.9924905300140381,302,159
175,5833,7,0.31300413608551025,0.301493763923645,-0.10454601794481277,0.997349202632904,300,162
175,5833,8,0.3215119242668152,0.2986782491207123,-0.02614400163292885,0.9885817170143127,308,161
175,5833,9,0.31162330508232117,0.31773650646209717,-0.06662646681070328,0.9906464219093323,299,171
175,5833,10,0.3138614892959595,0.31740936636924744,-0.04486294463276863,0.9849603772163391,301,171
175,5833,11,0.32316526770591736,0.3633435368537903,-0.141253262758255,0.9999275803565979,310,196
175,5833,12,0.3349020183086395,0.36218151450157166,0.045628514140844345,0.9969900846481323,321,195
175,5833,13,0.3229078948497772,0.4682125747203827,-0.16391083598136902,0.9582391977310181,309,252
175,5833,14,0.33489206433296204,0.47037404775619507,0.06512310355901718,0.008180719800293446,321,254
175,5833,15,0.3122459948062897,0.5515273213386536,-0.1476726531982422,0.7611239552497864,299,297
175,5833,16,0.3218153417110443,0.539676308631897,0.035803329199552536,0.007875947281718254,308,291
175,5833,17,0.31061628460884094,0.5751783847808838,-0.1623389720916748,0.706713080406189,298,310
175,5833,18,0.3201667070388794,0.5618708729743958,0.034472763538360596,0.012245813384652138,307,303
175,5833,19,0.307894766330719,0.5783497095108032,-0.16138094663619995,0.6925312280654907,295,312
175,5833,20,0.31662940979003906,0.5646990537643433,0.019224125891923904,0.012396449223160744,303,304
175,5833,21,0.30851516127586365,0.5699770450592041,-0.14572422206401825,0.5879858732223511,296,307
175,5833,22,0.3158469796180725,0.5570262670516968,0.02765914425253868,0.013035926967859268,303,300
175,5833,23,0.3231634497642517,0.5381326079368591,-0.05767820030450821,0.9999415874481201,310,290
175,5833,24,0.32738587260246277,0.5366564989089966,0.0576334185898304,0.999875009059906,314,289
175,5833,25,0.31873899698257446,0.6587198972702026,-0.0501103550195694,0.9484115839004517,305,355
175,5833,26,0.3155054748058319,0.6458630561828613,0.09800482541322708,0.49397405982017517,302,348
175,5833,27,0.3558253347873688,0.7372263073921204,0.018052689731121063,0.953535258769989,341,398
175,5833,28,0.33282044529914856,0.7482258677482605,0.14527425169944763,0.7781262993812561,319,404
175,5833,29,0.36846303939819336,0.7481544613838196,0.022408034652471542,0.8682238459587097,353,404
175,5833,30,0.34092992544174194,0.7593280076980591,0.14834469556808472,0.7795478701591492,327,410
175,5833,31,0.3328944146633148,0.7877744436264038,-0.014484396204352379,0.9314654469490051,319,425
175,5833,32,0.31480053067207336,0.7865747213363647,0.12170494347810745,0.7973016500473022,302,424
176,5866,0,0.30117326974868774,0.3048172891139984,-0.058508504182100296,0.9919755458831787,289,164
176,5866,1,0.3029917776584625,0.2934981882572174,-0.07216977328062057,0.9908060431480408,290,158
176,5866,2,0.30280742049217224,0.2927880883216858,-0.07228951156139374,0.9917073845863342,290,158
176,5866,3,0.30238932371139526,0.29261156916618347,-0.07227194309234619,0.9933125972747803,290,158
176,5866,4,0.30500516295433044,0.2928556203842163,-0.055525556206703186,0.9894802570343018,292,158
176,5866,5,0.30614152550697327,0.2923024892807007,-0.05570509284734726,0.9908654093742371,293,157
176,5866,6,0.30708691477775574,0.29165053367614746,-0.05583358183503151,0.992250382900238,294,157
176,5866,7,0.3072226643562317,0.29751715064048767,-0.10444794595241547,0.9972665905952454,294,160
176,5866,8,0.31370484828948975,0.29569458961486816,-0.024878758937120438,0.9885715246200562,301,159
176,5866,9,0.30314838886260986,0.31393179297447205,-0.06552616506814957,0.990408718585968,291,169
176,5866,10,0.3049570620059967,0.3140774667263031,-0.044630635529756546,0.9846943616867065,292,169
176,5866,11,0.3157808482646942,0.3589305877685547,-0.14015531539916992,0.9999191164970398,303,193
176,5866,12,0.32796046137809753,0.3588123917579651,0.0430232398211956,0.9965934157371521,314,193
176,5866,13,0.3108748197555542,0.465323805809021,-0.16383172571659088,0.9610166549682617,298,251
176,5866,14,0.3329099714756012,0.46635350584983826,0.06272157281637192,0.010736142285168171,319,251
176,5866,15,0.2984558045864105,0.545698881149292,-0.1477222591638565,0.7658480405807495,286,294
176,5866,16,0.3166808485984802,0.5365769267082214,0.03711370751261711,0.007320857606828213,304,289
176,5866,17,0.29745057225227356,0.5718489289283752,-0.16183926165103912,0.7078986167907715,285,308
176,5866,18,0.31227684020996094,0.5564201474189758,0.03678002208471298,0.01130762416869402,299,300
176,5866,19,0.29388517141342163,0.5754188895225525,-0.16092056035995483,0.6934743523597717,282,310
176,5866,20,0.3099178969860077,0.556824803352356,0.022836772724986076,0.011431151069700718,297,300
176,5866,21,0.2944153845310211,0.5641182065010071,-0.1457505226135254,0.5865018963813782,282,304
176,5866,22,0.3117593228816986,0.5489779710769653,0.029709290713071823,0.01206467766314745,299,296
176,5866,23,0.314925879240036,0.5265882015228271,-0.05766395851969719,0.9999423623085022,302,284
176,5866,24,0.3226107954978943,0.5251911878585815,0.057622600346803665,0.9998738169670105,309,283
176,5866,25,0.308744341135025,0.6533586382865906,-0.012658222578465939,0.9517953395843506,296,352
176,5866,26,0.31822118163108826,0.6346397399902344,0.09784474968910217,0.49704447388648987,305,342
176,5866,27,0.3144477307796478,0.7712330222129822,0.027939094230532646,0.9579083323478699,301,416
176,5866,28,0.3499332070350647,0.733916699886322,0.14594414830207825,0.7842909693717957,335,396
176,5866,29,0.32501021027565,0.7969720363616943,0.029117796570062637,0.8800196051597595,312,430
176,5866,30,0.3671574890613556,0.7364153861999512,0.14964419603347778,0.7880069613456726,352,397
176,5866,31,0.28228670358657837,0.8029985427856445,-0.012187730520963669,0.9376034140586853,270,433
176,5866,32,0.3439469635486603,0.7869118452072144,0.12068670243024826,0.8018803000450134,330,424
177,5900,0,0.29815658926963806,0.304265558719635,-0.07121667265892029,0.9924314022064209,286,164
177,5900,1,0.30061864852905273,0.29249107837677,-0.08289046585559845,0.9914581775665283,288,157
177,5900,2,0.30080002546310425,0.2918805778026581,-0.08300716429948807,0.992283046245575,288,157
177,5900,3,0.30074188113212585,0.2915348410606384,-0.0829671248793602,0.9937622547149658,288,157
177,5900,4,0.30149611830711365,0.29222118854522705,-0.06618154793977737,0.9902584552764893,289,157
177,5900,5,0.30224159359931946,0.2917938828468323,-0.06636189669370651,0.9915358424186707,290,157
177,5900,6,0.30280593037605286,0.291228324174881,-0.06648139655590057,0.9927938580513,290,157
177,5900,7,0.3059106171131134,0.29617542028427124,-0.10592611134052277,0.9974414706230164,293,159
177,5900,8,0.30973920226097107,0.2949744164943695,-0.029441002756357193,0.989404559135437,297,159
177,5900,9,0.3022506535053253,0.31306055188179016,-0.07448172569274902,0.9908796548843384,290,169
177,5900,10,0.3021589517593384,0.31383487582206726,-0.05392804369330406,0.9855066537857056,290,169
177,5900,11,0.3138267695903778,0.35633376240730286,-0.14350013434886932,0.999912440776825,301,192
177,5900,12,0.3239985704421997,0.3575814962387085,0.04050489142537117,0.9963759779930115,311,193
177,5900,13,0.30800122022628784,0.46445196866989136,-0.1683988720178604,0.9642238020896912,295,250
177,5900,14,0.3278637230396271,0.4601268470287323,0.06031843274831772,0.014755232259631157,314,248
177,5900,15,0.29626137018203735,0.5459915995597839,-0.15193650126457214,0.773064374923706,284,294
177,5900,16,0.3142603933811188,0.5382030010223389,0.03704080730676651,0.0068689556792378426,301,290
177,5900,17,0.29583120346069336,0.5733410716056824,-0.16425558924674988,0.7116295099258423,283,309
177,5900,18,0.30908578634262085,0.5583961009979248,0.03675134852528572,0.010503290221095085,296,301
177,5900,19,0.2919824719429016,0.5769192576408386,-0.16342541575431824,0.6976651549339294,280,311
177,5900,20,0.30730533599853516,0.5605228543281555,0.022846680134534836,0.010604538023471832,295,302
177,5900,21,0.2927059531211853,0.5661095380783081,-0.14970682561397552,0.591081976890564,280,305
177,5900,22,0.30976980924606323,0.5526745915412903,0.02969493716955185,0.01125993113964796,297,298
177,5900,23,0.3140622079372406,0.5271281599998474,-0.058018967509269714,0.9999402761459351,301,284
177,5900,24,0.32082781195640564,0.5264407992362976,0.05798499658703804,0.9998673796653748,307,284
177,5900,25,0.3086565434932709,0.6526240706443787,-0.004301128443330526,0.9555540680885315,296,352
177,5900,26,0.3123012185096741,0.6351092457771301,0.09917379915714264,0.5101156830787659,299,342
177,5900,27,0.3143303096294403,0.7838298678398132,0.034836120903491974,0.9619474411010742,301,423
177,5900,28,0.3546043038368225,0.7341996431350708,0.15064941346645355,0.7941002249717712,340,396
177,5900,29,0.3241400122642517,0.8066951036453247,0.035865433514118195,0.8913065791130066,311,435
177,5900,30,0.3704979717731476,0.7366165518760681,0.15441976487636566,0.7993980050086975,355,397
177,5900,31,0.27934569120407104,0.808938205242157,-0.010058719664812088,0.9433725476264954,268,436
177,5900,32,0.3501493036746979,0.789140522480011,0.12447649985551834,0.8094152808189392,336,426
178,5933,0,0.29292401671409607,0.303186297416687,-0.06979238986968994,0.9928941130638123,281,163
178,5933,1,0.294010728597641,0.29065677523612976,-0.08081914484500885,0.9920545816421509,282,156
178,5933,2,0.2937045395374298,0.29016801714897156,-0.08091311156749725,0.9928237795829773,281,156
178,5933,3,0.2931623160839081,0.28982654213905334,-0.08081518113613129,0.9941800236701965,281,156
178,5933,4,0.29609015583992004,0.2904868423938751,-0.06467477977275848,0.9909847378730774,284,156
178,5933,5,0.2971062660217285,0.29007312655448914,-0.06486589461565018,0.9921772480010986,285,156
178,5933,6,0.2984849512577057,0.2893124222755432,-0.06499133259057999,0.9933320879936218,286,156
178,5933,7,0.2981948256492615,0.29446879029273987,-0.1036682277917862,0.9976040124893188,286,159
178,5933,8,0.304536908864975,0.2936652600765228,-0.02890210598707199,0.9902132749557495,292,158
178,5933,9,0.2954302430152893,0.3122430145740509,-0.0723646953701973,0.9912888407707214,283,168
178,5933,10,0.2962622046470642,0.3131549656391144,-0.05262603983283043,0.9862762689590454,284,169
178,5933,11,0.30771157145500183,0.3566443622112274,-0.14311648905277252,0.9999042749404907,295,192
178,5933,12,0.3172406554222107,0.3579663634300232,0.041698262095451355,0.9960880875587463,304,193
178,5933,13,0.30213943123817444,0.46445727348327637,-0.16402244567871094,0.9655850529670715,290,250
178,5933,14,0.32500967383384705,0.4603598713874817,0.06613568216562271,0.014325178228318691,312,248
178,5933,15,0.284450501203537,0.5448585748672485,-0.14547325670719147,0.774188756942749,273,294
178,5933,16,0.3074709177017212,0.532738447189331,0.04181627184152603,0.006491626612842083,295,287
178,5933,17,0.2831498384475708,0.5697835683822632,-0.15734237432479858,0.7114090323448181,271,307
178,5933,18,0.30010828375816345,0.5497050881385803,0.040799882262945175,0.0099356509745121,288,296
178,5933,19,0.28004539012908936,0.5717854499816895,-0.15734632313251495,0.6979616284370422,268,308
178,5933,20,0.29931318759918213,0.55222088098526,0.0267669428139925,0.010030224919319153,287,298
178,5933,21,0.2802654206752777,0.5632703900337219,-0.14352746307849884,0.5901958346366882,269,304
178,5933,22,0.3013421297073364,0.5453035235404968,0.03432749956846237,0.010675921104848385,289,294
178,5933,23,0.3066876530647278,0.5290546417236328,-0.059060268104076385,0.9999258518218994,294,285
178,5933,24,0.3113843500614166,0.5284240245819092,0.0590553916990757,0.9998236894607544,298,285
178,5933,25,0.30507001280784607,0.6527389287948608,-0.0068390341475605965,0.9569621682167053,292,352
178,5933,26,0.3068588078022003,0.6350591778755188,0.1059451550245285,0.47668078541755676,294,342
178,5933,27,0.31585773825645447,0.7823272943496704,0.021387876942753792,0.9648959636688232,303,422
178,5933,28,0.342294842004776,0.7335310578346252,0.162957563996315,0.766022264957428,328,396
178,5933,29,0.326408714056015,0.807985246181488,0.02159320004284382,0.8990669846534729,313,436
178,5933,30,0.35740116238594055,0.7422837018966675,0.1668558418750763,0.7849042415618896,343,400
178,5933,31,0.2798571288585663,0.8119701743125916,-0.032421600073575974,0.947351336479187,268,438
178,5933,32,0.3269996643066406,0.775672197341919,0.13934871554374695,0.7915178537368774,313,418
179,5966,0,0.2937290370464325,0.30140024423599243,-0.05643709376454353,0.992801308631897,281,162
179,5966,1,0.2949307858943939,0.2893877923488617,-0.06882666796445847,0.9920578598976135,283,156
179,5966,2,0.2945471704006195,0.2890426814556122,-0.06893489509820938,0.9927738904953003,282,156
179,5966,3,0.29404518008232117,0.28874334692955017,-0.06886918097734451,0.994159460067749,282,155
179,5966,4,0.2967192232608795,0.2890574038028717,-0.05202821269631386,0.9911737442016602,284,156
179,5966,5,0.29748523235321045,0.2885971963405609,-0.052209995687007904,0.9923439621925354,285,155
179,5966,6,0.2982788681983948,0.2878553569316864,-0.0523044727742672,0.9935277104377747,286,155
179,5966,7,0.29726770520210266,0.2939930260181427,-0.09608034789562225,0.9975419044494629,285,158
179,5966,8,0.3040367066860199,0.29233840107917786,-0.019246524199843407,0.9903708696365356,291,157
179,5966,9,0.29618561267852783,0.31089556217193604,-0.061285246163606644,0.9909911751747131,284,167
179,5966,10,0.2967565655708313,0.31134214997291565,-0.04054147005081177,0.9861098527908325,284,168
179,5966,11,0.3061814308166504,0.3568096160888672,-0.1369679868221283,0.9998975396156311,293,192
179,5966,12,0.3168967664241791,0.35720041394233704,0.05560227483510971,0.995905339717865,304,192
179,5966,13,0.3018435537815094,0.4608992040157318,-0.15673989057540894,0.9593133926391602,289,248
179,5966,14,0.31374797224998474,0.45511046051979065,0.07899925112724304,0.013021443970501423,301,245
179,5966,15,0.28405895829200745,0.5341799855232239,-0.13735580444335938,0.745754063129425,272,288
179,5966,16,0.2972944378852844,0.5250826478004456,0.04156893864274025,0.006129217334091663,285,283
179,5966,17,0.28049004077911377,0.55527663230896,-0.15017877519130707,0.6821222305297852,269,299
179,5966,18,0.29527613520622253,0.5429604053497314,0.040581878274679184,0.009548427537083626,283,293
179,5966,19,0.27849331498146057,0.5527213215827942,-0.1498500555753708,0.6688023209571838,267,298
179,5966,20,0.29105204343795776,0.5449365377426147,0.02539331652224064,0.009650790132582188,279,294
179,5966,21,0.2793498933315277,0.5471938252449036,-0.13534650206565857,0.5602332353591919,268,295
179,5966,22,0.2924386262893677,0.5389954447746277,0.03385932743549347,0.010239831171929836,280,291
179,5966,23,0.30432164669036865,0.529554545879364,-0.060398999601602554,0.9999197721481323,292,285
179,5966,24,0.31008198857307434,0.5280789136886597,0.06041111797094345,0.9998087286949158,297,285
179,5966,25,0.30480146408081055,0.6529614925384521,-0.023563969880342484,0.951270580291748,292,352
179,5966,26,0.30373653769493103,0.6347616910934448,0.10323524475097656,0.43598663806915283,291,342
179,5966,27,0.3147886395454407,0.7808789014816284,0.0002529688645154238,0.9655351638793945,302,421
179,5966,28,0.3365505337715149,0.7344458699226379,0.1547098159790039,0.7209086418151855,323,396
179,5966,29,0.32502931356430054,0.8067162036895752,-0.0006562223425135016,0.8986793756484985,312,435
179,5966,30,0.35168734192848206,0.7457689642906189,0.15798701345920563,0.7515005469322205,337,402
179,5966,31,0.28220799565315247,0.8123115301132202,-0.061781976372003555,0.9476481676101685,270,438
179,5966,32,0.3210182189941406,0.7739852070808411,0.13242550194263458,0.7571734189987183,308,417
180,6000,0,0.28720664978027344,0.3011976480484009,-0.052750539034605026,0.9932941794395447,275,162
180,6000,1,0.2892273962497711,0.2893361747264862,-0.06486734747886658,0.9926341772079468,277,156
180,6000,2,0.28935521841049194,0.28898563981056213,-0.06497463583946228,0.9932723045349121,277,156
180,6000,3,0.28933852910995483,0.2886679172515869,-0.06492487341165543,0.9945753216743469,277,155
180,6000,4,0.29018518328666687,0.2892236113548279,-0.04826193302869797,0.9918510913848877,278,156
180,6000,5,0.2908608019351959,0.2888314723968506,-0.04844002053141594,0.992914080619812,279,155
180,6000,6,0.29145902395248413,0.2881764769554138,-0.048511408269405365,0.9940232634544373,279,155
180,6000,7,0.2936467230319977,0.29390832781791687,-0.0923471599817276,0.9976987838745117,281,158
180,6000,8,0.29690635204315186,0.29263076186180115,-0.016827404499053955,0.9910548329353333,285,158
180,6000,9,0.2906457185745239,0.31091758608818054,-0.05797221139073372,0.9915337562561035,279,167
180,6000,10,0.2906581461429596,0.3113609254360199,-0.037509992718696594,0.986991286277771,279,168
180,6000,11,0.29986754059791565,0.3570067882537842,-0.1305873841047287,0.9999006986618042,287,192
180,6000,12,0.3131294250488281,0.3594188392162323,0.05707978084683418,0.9960361123085022,300,194
180,6000,13,0.2985991835594177,0.4600054919719696,-0.14569416642189026,0.9580177664756775,286,248
180,6000,14,0.3150463402271271,0.4550783336162567,0.08339398354291916,0.01182615663856268,302,245
180,6000,15,0.2738938629627228,0.5360487699508667,-0.12518265843391418,0.7448660731315613,262,289
180,6000,16,0.30139023065567017,0.5200133919715881,0.05125238001346588,0.005953019950538874,289,280
180,6000,17,0.2700747847557068,0.5590525269508362,-0.13763776421546936,0.6793390512466431,259,301
180,6000,18,0.30173566937446594,0.5398396849632263,0.04797263443470001,0.00951404683291912,289,291
180,6000,19,0.26672449707984924,0.5602060556411743,-0.13762441277503967,0.6663086414337158,256,302
180,6000,20,0.29714328050613403,0.541084349155426,0.03286345303058624,0.00961820874363184,285,292
180,6000,21,0.270248681306839,0.5504391193389893,-0.1231396347284317,0.5551906228065491,259,297
180,6000,22,0.29771289229393005,0.5355920195579529,0.043058402836322784,0.01011242438107729,285,289
180,6000,23,0.2974250912666321,0.5305458307266235,-0.06031137332320213,0.9999139308929443,285,286
180,6000,24,0.3021230399608612,0.5290549993515015,0.06032329052686691,0.9997950196266174,290,285
180,6000,25,0.29935750365257263,0.652435839176178,-0.02304968610405922,0.9367978572845459,287,352
180,6000,26,0.2969806492328644,0.634958028793335,0.0839727446436882,0.3961389660835266,285,342
180,6000,27,0.3145923614501953,0.7818820476531982,0.006125340238213539,0.9608021974563599,302,422
180,6000,28,0.3185514509677887,0.7617886066436768,0.11969133466482162,0.6661394834518433,305,411
180,6000,29,0.3244952857494354,0.8081200122833252,0.005398695357143879,0.8891534805297852,311,436
180,6000,30,0.32764241099357605,0.7867220044136047,0.12101045995950699,0.7058068513870239,314,424
180,6000,31,0.28090783953666687,0.8125718235969543,-0.050556134432554245,0.9415816068649292,269,438
180,6000,32,0.2925400137901306,0.7818260192871094,0.08736301213502884,0.7125532031059265,280,422
181,6033,0,0.287609726190567,0.30135220289230347,-0.04740374535322189,0.9936274886131287,276,162
181,6033,1,0.2878154218196869,0.28959766030311584,-0.06077084690332413,0.9930371642112732,276,156
181,6033,2,0.2870481610298157,0.28924939036369324,-0.06088416278362274,0.9936455488204956,275,156
181,6033,3,0.2862369120121002,0.28892937302589417,-0.06084056198596954,0.9948760867118835,274,156
181,6033,4,0.29098597168922424,0.28942206501960754,-0.04438881203532219,0.9923503994941711,279,156
181,6033,5,0.2922290563583374,0.28896865248680115,-0.04455629736185074,0.9933647513389587,280,156
181,6033,6,0.2933822572231293,0.2882534861564636,-0.044634636491537094,0.9943979978561401,281,155
181,6033,7,0.28854939341545105,0.29412370920181274,-0.09294627606868744,0.9978361129760742,277,158
181,6033,8,0.29868951439857483,0.2924633026123047,-0.01717374101281166,0.9916709065437317,286,157
181,6033,9,0.2896021902561188,0.3110772669315338,-0.05514160916209221,0.9921083450317383,278,167
181,6033,10,0.2916753888130188,0.3114074766635895,-0.034970760345458984,0.9879243969917297,280,168
181,6033,11,0.2975570559501648,0.35794565081596375,-0.13691751658916473,0.9999063611030579,285,193
181,6033,12,0.3136519491672516,0.35952332615852356,0.05229223147034645,0.996189534664154,301,194
181,6033,13,0.2911529242992401,0.46016716957092285,-0.15251560509204865,0.9616622924804688,279,248
181,6033,14,0.31409892439842224,0.4552132189273834,0.08078601956367493,0.012163618579506874,301,245
181,6033,15,0.2696760296821594,0.5380696058273315,-0.13804693520069122,0.7648502588272095,258,290
181,6033,16,0.3000532388687134,0.5241551995277405,0.04871070384979248,0.00560410413891077,288,283
181,6033,17,0.265904039144516,0.5615772008895874,-0.15249040722846985,0.7012621164321899,255,303
181,6033,18,0.29585081338882446,0.5436302423477173,0.04587428644299507,0.008908276446163654,284,293
181,6033,19,0.26271262764930725,0.5636870265007019,-0.15237456560134888,0.6890701651573181,252,304
181,6033,20,0.29280900955200195,0.5446179509162903,0.030956923961639404,0.00900813564658165,281,294
181,6033,21,0.26392045617103577,0.5539578199386597,-0.13606904447078705,0.5803316235542297,253,299
181,6033,22,0.2945025861263275,0.5381140112876892,0.04057104140520096,0.009478037245571613,282,290
181,6033,23,0.29641789197921753,0.5310813188552856,-0.060812778770923615,0.9999004602432251,284,286
181,6033,24,0.3025282025337219,0.5290853977203369,0.06083481013774872,0.9997506737709045,290,285
181,6033,25,0.3009306490421295,0.6525369882583618,-0.020075898617506027,0.9306971430778503,288,352
181,6033,26,0.29673874378204346,0.6363350749015808,0.08556503802537918,0.3614754378795624,284,343
181,6033,27,0.31492945551872253,0.7815826535224915,0.008037323132157326,0.9595247507095337,302,422
181,6033,28,0.3145862817764282,0.7647306323051453,0.1265355795621872,0.6190553903579712,302,412
181,6033,29,0.32524237036705017,0.8085659742355347,0.009045873768627644,0.8893914818763733,312,436
181,6033,30,0.325434148311615,0.7915076017379761,0.12853316962718964,0.6742516756057739,312,427
181,6033,31,0.28141501545906067,0.8125019073486328,-0.03913448378443718,0.9401996731758118,270,438
181,6033,32,0.2911547124385834,0.7830830216407776,0.09598638117313385,0.6755263209342957,279,422
182,6066,0,0.2835254669189453,0.3008732199668884,-0.014311965554952621,0.9936738610267639,272,162
182,6066,1,0.28245729207992554,0.28949809074401855,-0.03005228564143181,0.9930383563041687,271,156
182,6066,2,0.28109169006347656,0.2892681360244751,-0.030160490423440933,0.9936403036117554,269,156
182,6066,3,0.27962765097618103,0.2890457510948181,-0.030127612873911858,0.9948844313621521,268,156
182,6066,4,0.2872433662414551,0.28888705372810364,-0.01802915893495083,0.9924803972244263,275,155
182,6066,5,0.28927576541900635,0.2882719933986664,-0.018195217475295067,0.9935109615325928,277,155
182,6066,6,0.29121577739715576,0.28748512268066406,-0.018270054832100868,0.9945204257965088,279,155
182,6066,7,0.27999934554100037,0.29429519176483154,-0.07705900818109512,0.9978843927383423,268,158
182,6066,8,0.2957910895347595,0.29167792201042175,-0.017249148339033127,0.992073118686676,283,157
182,6066,9,0.28294482827186584,0.31082719564437866,-0.02652982994914055,0.9925408363342285,271,167
182,6066,10,0.2867209017276764,0.3105419874191284,-0.012120089493691921,0.98863685131073,275,167
182,6066,11,0.2868424355983734,0.3566632568836212,-0.12220283597707748,0.9999123215675354,275,192
182,6066,12,0.31187722086906433,0.3585926592350006,0.028888298198580742,0.9964030385017395,299,193
182,6066,13,0.27984917163848877,0.46025627851486206,-0.13525280356407166,0.9631513357162476,268,248
182,6066,14,0.31313005089759827,0.45422598719596863,0.040045786648988724,0.011975647881627083,300,245
182,6066,15,0.25723764300346375,0.535610556602478,-0.1147465780377388,0.7645960450172424,246,289
182,6066,16,0.2958124279975891,0.5198315382003784,0.036339301615953445,0.00516100786626339,283,280
182,6066,17,0.25271373987197876,0.5602289438247681,-0.1231752410531044,0.7003034949302673,242,302
182,6066,18,0.29117318987846375,0.5350846648216248,0.036564335227012634,0.00819272268563509,279,288
182,6066,19,0.24937491118907928,0.5583017468452454,-0.1224505603313446,0.6880379915237427,239,301
182,6066,20,0.28774455189704895,0.5335191488265991,0.02692549303174019,0.008274243213236332,276,288
182,6066,21,0.2503190338611603,0.5494816899299622,-0.1123405173420906,0.5760094523429871,240,296
182,6066,22,0.2888198792934418,0.5276352763175964,0.031244385987520218,0.008709629066288471,277,284
182,6066,23,0.2881929576396942,0.5284729599952698,-0.04910656064748764,0.9998989105224609,276,285
182,6066,24,0.302468478679657,0.52751624584198,0.04910846799612045,0.9997491836547852,290,284
182,6066,25,0.2823873460292816,0.6437183618545532,0.022365273907780647,0.9228693246841431,271,347
182,6066,26,0.2966839671134949,0.6371146440505981,0.06865143030881882,0.3411453664302826,284,344
182,6066,27,0.2947072684764862,0.770361065864563,0.06258741021156311,0.9578390717506409,282,415
182,6066,28,0.3110944330692291,0.768068253993988,0.08942733705043793,0.6012052297592163,298,414
182,6066,29,0.30588674545288086,0.794371485710144,0.06412612646818161,0.8883495330810547,293,428
182,6066,30,0.32035937905311584,0.7951207160949707,0.08972091227769852,0.6626522541046143,307,429
182,6066,31,0.26104816794395447,0.7962504625320435,0.027556253597140312,0.935661256313324,250,429
182,6066,32,0.28871697187423706,0.7965694069862366,0.06262330710887909,0.6559011340141296,277,430
183,6100,0,0.27986180782318115,0.30015456676483154,-0.029496191069483757,0.9940959811210632,268,162
183,6100,1,0.27898961305618286,0.2891365587711334,-0.043686069548130035,0.9934999346733093,267,156
183,6100,2,0.2779121696949005,0.2889491617679596,-0.043800629675388336,0.9940549731254578,266,156
183,6100,3,0.2767666280269623,0.288737028837204,-0.04376816377043724,0.9952086210250854,265,155
183,6100,4,0.2829628586769104,0.28843584656715393,-0.0292776208370924,0.9930374622344971,271,155
183,6100,5,0.2844661474227905,0.2877092957496643,-0.029449112713336945,0.9940008521080017,273,155
183,6100,6,0.28651052713394165,0.2866741418838501,-0.029529942199587822,0.99493408203125,275,154
183,6100,7,0.2787288725376129,0.29410454630851746,-0.08067021518945694,0.9980209469795227,267,158
183,6100,8,0.2918703258037567,0.2906931936740875,-0.0174731332808733,0.9927054047584534,280,156
183,6100,9,0.28010812401771545,0.310091108083725,-0.03832291066646576,0.9930243492126465,268,167
183,6100,10,0.2830508351325989,0.31006667017936707,-0.020930476486682892,0.9894324541091919,271,167
183,6100,11,0.2848958671092987,0.35609200596809387,-0.12191077321767807,0.999914824962616,273,192
183,6100,12,0.30776724219322205,0.3579629063606262,0.03514644131064415,0.996480405330658,295,193
183,6100,13,0.2798168361186981,0.46020305156707764,-0.14009971916675568,0.9657019376754761,268,248
183,6100,14,0.30923810601234436,0.4547523558139801,0.0500016026198864,0.012288408353924751,296,245
183,6100,15,0.25737521052360535,0.5342406034469604,-0.12344828993082047,0.7726166248321533,247,288
183,6100,16,0.294025719165802,0.5199669003486633,0.036821745336055756,0.004781014751642942,282,280
183,6100,17,0.2525333762168884,0.55940842628479,-0.13387975096702576,0.7074158787727356,242,302
183,6100,18,0.2881189286708832,0.5352306962013245,0.03670577332377434,0.007555222138762474,276,289
183,6100,19,0.2478141039609909,0.5570000410079956,-0.13279548287391663,0.695281982421875,237,300
183,6100,20,0.28598010540008545,0.5354134440422058,0.02701273374259472,0.007624990772455931,274,289
183,6100,21,0.24973972141742706,0.5481775999069214,-0.12102233618497849,0.5819573998451233,239,296
183,6100,22,0.2876189351081848,0.5289610028266907,0.031442008912563324,0.008034071885049343,276,285
183,6100,23,0.28806793689727783,0.5246878862380981,-0.050163354724645615,0.9998887181282043,276,283
183,6100,24,0.3010673224925995,0.5237367749214172,0.050184786319732666,0.9997268915176392,289,282
183,6100,25,0.2757069766521454,0.6381707191467285,0.007630074862390757,0.9198105931282043,264,344
183,6100,26,0.29422175884246826,0.6375879049301147,0.0556793287396431,0.31650522351264954,282,344
183,6100,27,0.2933458387851715,0.7649689316749573,0.03297113999724388,0.957102358341217,281,413
183,6100,28,0.30874359607696533,0.769199788570404,0.06758537888526917,0.5707827806472778,296,415
183,6100,29,0.30409422516822815,0.7879889011383057,0.032541003078222275,0.8903861045837402,291,425
183,6100,30,0.32022780179977417,0.7958493828773499,0.06654257327318192,0.6391792297363281,307,429
183,6100,31,0.26034265756607056,0.7917771339416504,-0.0010595850180834532,0.9350295066833496,249,427
183,6100,32,0.28370141983032227,0.7980409860610962,0.0344882495701313,0.6311928033828735,272,430
184,6133,0,0.27127087116241455,0.3008010983467102,-0.033284008502960205,0.9944824576377869,260,162
184,6133,1,0.2703399360179901,0.2901761829853058,-0.04790977016091347,0.9939361214637756,259,156
184,6133,2,0.26908034086227417,0.2900048792362213,-0.04802851006388664,0.9944676160812378,258,156
184,6133,3,0.2676575481891632,0.28984391689300537,-0.04799136146903038,0.99553382396698,256,156
184,6133,4,0.2747485041618347,0.28938525915145874,-0.03268595412373543,0.9935134053230286,263,156
184,6133,5,0.27665093541145325,0.2886185348033905,-0.03285712003707886,0.9944188594818115,265,155
184,6133,6,0.2785848081111908,0.28770217299461365,-0.03293559327721596,0.9952719211578369,267,155
184,6133,7,0.2688775360584259,0.29451873898506165,-0.083262138068676,0.9981634020805359,258,159
184,6133,8,0.2843734920024872,0.29236796498298645,-0.01724257320165634,0.993226945400238,272,157
184,6133,9,0.27133601903915405,0.31059426069259644,-0.041576191782951355,0.9935218691825867,260,167
184,6133,10,0.27448925375938416,0.31032368540763855,-0.022960586473345757,0.990180492401123,263,167
184,6133,11,0.2774129807949066,0.3560112416744232,-0.1262398064136505,0.9999212026596069,266,192
184,6133,12,0.2975797653198242,0.3566257655620575,0.041509270668029785,0.9966443181037903,285,192
184,6133,13,0.2680300772190094,0.46024709939956665,-0.14354005455970764,0.9686287641525269,257,248
184,6133,14,0.3006584346294403,0.45457276701927185,0.06287390738725662,0.012476651929318905,288,245
184,6133,15,0.24398674070835114,0.5335939526557922,-0.12486349791288376,0.7916290163993835,234,288
184,6133,16,0.28491875529289246,0.5147907137870789,0.049289777874946594,0.004536301363259554,273,277
184,6133,17,0.2375589907169342,0.5583551526069641,-0.13623151183128357,0.7301483750343323,228,301
184,6133,18,0.28295841813087463,0.5342052578926086,0.04919053986668587,0.007149198558181524,271,288
184,6133,19,0.23351192474365234,0.5540754795074463,-0.13525740802288055,0.7186638116836548,224,299
184,6133,20,0.2786805033683777,0.5306873321533203,0.03667614981532097,0.007196503225713968,267,286
184,6133,21,0.23573336005210876,0.5459818243980408,-0.12219931930303574,0.6097806096076965,226,294
184,6133,22,0.2805527448654175,0.5272887349128723,0.04257209599018097,0.007608762010931969,269,284
184,6133,23,0.2837957739830017,0.5269978642463684,-0.05135292187333107,0.9998956322669983,272,284
184,6133,24,0.28534266352653503,0.5245057344436646,0.051394227892160416,0.999738335609436,273,283
184,6133,25,0.2886619567871094,0.6425884366035461,-0.014838782139122486,0.9269798398017883,277,346
184,6133,26,0.25971361994743347,0.6357215642929077,0.05802135914564133,0.33759137988090515,249,343
184,6133,27,0.30627137422561646,0.7749558091163635,0.014404344372451305,0.9610727429389954,294,418
184,6133,28,0.2702787220478058,0.7664822936058044,0.09516029804944992,0.5988433361053467,259,413
184,6133,29,0.3171808421611786,0.7992115616798401,0.01389800850301981,0.8991603255271912,304,431
184,6133,30,0.2793184816837311,0.793224573135376,0.09602739661931992,0.6607898473739624,268,428
184,6133,31,0.2744143605232239,0.8063868880271912,-0.04090159386396408,0.940864086151123,263,435
184,6133,32,0.23864221572875977,0.786436915397644,0.047805964946746826,0.6571326851844788,229,424
185,6166,0,0.2717180848121643,0.30157482624053955,-0.045926034450531006,0.9947600364685059,260,162
185,6166,1,0.26982516050338745,0.2912909984588623,-0.062054045498371124,0.9942002296447754,259,157
185,6166,2,0.2680131494998932,0.2913702130317688,-0.06218607351183891,0.994737446308136,257,157
185,6166,3,0.2661873996257782,0.2914585769176483,-0.06213700771331787,0.9957407116889954,255,157
185,6166,4,0.27570411562919617,0.2898087501525879,-0.04618988558650017,0.9938552975654602,264,156
185,6166,5,0.2777816355228424,0.2889602482318878,-0.04635161906480789,0.994744062423706,266,156
185,6166,6,0.2797822952270508,0.28801777958869934,-0.04643674194812775,0.9955403804779053,268,155
185,6166,7,0.26749324798583984,0.29646772146224976,-0.10202696174383163,0.9982447028160095,256,160
185,6166,8,0.2847423255443573,0.2929215431213379,-0.030565381050109863,0.9936143159866333,273,158
185,6166,9,0.2709554433822632,0.3115800619125366,-0.05559872090816498,0.9939360618591309,260,168
185,6166,10,0.27530398964881897,0.3110692501068115,-0.036072805523872375,0.9908499717712402,264,167
185,6166,11,0.27705293893814087,0.35607320070266724,-0.15224571526050568,0.9999269247055054,265,192
185,6166,12,0.29533421993255615,0.3567447364330292,0.03669006749987602,0.9968264102935791,283,192
185,6166,13,0.2683655321598053,0.46029138565063477,-0.16877321898937225,0.9714155197143555,257,248
185,6166,14,0.2965739369392395,0.4545111060142517,0.0581388883292675,0.013593440875411034,284,245
185,6166,15,0.24296769499778748,0.5340327024459839,-0.15146031975746155,0.8085285425186157,233,288
185,6166,16,0.2795730531215668,0.5172767639160156,0.036220356822013855,0.004327010829001665,268,279
185,6166,17,0.23574678599834442,0.5588640570640564,-0.1657990664243698,0.7498965859413147,226,301
185,6166,18,0.27563172578811646,0.5365333557128906,0.03457712382078171,0.006757993251085281,264,289
185,6166,19,0.2310735434293747,0.5540635585784912,-0.1649191975593567,0.7390083074569702,221,299
185,6166,20,0.27202388644218445,0.5344927310943604,0.01965203881263733,0.006797010079026222,261,288
185,6166,21,0.2335304170846939,0.5463647246360779,-0.14877986907958984,0.6328337788581848,224,295
185,6166,22,0.27419063448905945,0.529511034488678,0.028246048837900162,0.007206132169812918,263,285
185,6166,23,0.28472572565078735,0.5272025465965271,-0.05544440075755119,0.9999001026153564,273,284
185,6166,24,0.2812677323818207,0.5251157879829407,0.05550495162606239,0.9997438788414001,270,283
185,6166,25,0.2923968732357025,0.6428785920143127,-0.025806782767176628,0.9324679970741272,280,347
185,6166,26,0.25796642899513245,0.6354936361312866,0.06593434512615204,0.3358016014099121,247,343
185,6166,27,0.3101850748062134,0.7781984210014343,0.004034667741507292,0.9643398523330688,297,420
185,6166,28,0.2682860195636749,0.7648604512214661,0.0978413075208664,0.6141424775123596,257,413
185,6166,29,0.3218524158000946,0.8039650321006775,0.0030076431576162577,0.9053650498390198,308,434
185,6166,30,0.27618297934532166,0.791677713394165,0.09656234830617905,0.6728072166442871,265,427
185,6166,31,0.2781551480293274,0.8131620287895203,-0.06246126443147659,0.9456523656845093,267,439
185,6166,32,0.2396335005760193,0.7838294506072998,0.06943432986736298,0.6742194890975952,230,423
186,6200,0,0.2637704312801361,0.301635205745697,-0.017233015969395638,0.9943546056747437,253,162
186,6200,1,0.2622305452823639,0.29131147265434265,-0.03423105180263519,0.9935992956161499,251,157
186,6200,2,0.2608025372028351,0.29138386249542236,-0.034375254064798355,0.9942514896392822,250,157
186,6200,3,0.25932276248931885,0.2914665937423706,-0.03433884680271149,0.9954596757888794,248,157
186,6200,4,0.2674098610877991,0.2898411750793457,-0.017268098890781403,0.9930858612060547,256,156
186,6200,5,0.2696382701396942,0.28902795910835266,-0.017418989911675453,0.9940416812896729,258,156
186,6200,6,0.2717929482460022,0.2881530821323395,-0.017478298395872116,0.9949787855148315,260,155
186,6200,7,0.2603517174720764,0.296525239944458,-0.08355658501386642,0.9981182217597961,249,160
186,6200,8,0.2767362892627716,0.29335251450538635,-0.005970961879938841,0.9925512075424194,265,158
186,6200,9,0.26325127482414246,0.3116271495819092,-0.029993811622262,0.9938302636146545,252,168
186,6200,10,0.26749423146247864,0.3111528158187866,-0.008867686614394188,0.9904782176017761,256,168
186,6200,11,0.2695799469947815,0.35611286759376526,-0.14966847002506256,0.9999322891235352,258,192
186,6200,12,0.28871485590934753,0.35671067237854004,0.061695173382759094,0.9968606233596802,277,192
186,6200,13,0.2564612925052643,0.4603337049484253,-0.16513970494270325,0.9728061556816101,246,248
186,6200,14,0.2912508249282837,0.4543890655040741,0.08725889772176743,0.012332197278738022,279,245
186,6200,15,0.2285301834344864,0.5316665768623352,-0.15055832266807556,0.8233298063278198,219,287
186,6200,16,0.27769091725349426,0.5177448391914368,0.06557351350784302,0.004073457792401314,266,279
186,6200,17,0.2218044251203537,0.5562726855278015,-0.16035045683383942,0.7675445079803467,212,300
186,6200,18,0.2799852192401886,0.5370216369628906,0.06381949037313461,0.0064615304581820965,268,289
186,6200,19,0.21799355745315552,0.5512808561325073,-0.16166122257709503,0.7570915222167969,209,297
186,6200,20,0.2742759883403778,0.5361829400062561,0.04824697971343994,0.0064909690991044044,263,289
186,6200,21,0.22052007913589478,0.5433212518692017,-0.1462283581495285,0.6526103615760803,211,293
186,6200,22,0.27446284890174866,0.5305614471435547,0.056982722133398056,0.006892645265907049,263,286
186,6200,23,0.2768184244632721,0.5312723517417908,-0.0576123483479023,0.9999057054519653,265,286
186,6200,24,0.2755911648273468,0.5271329283714294,0.05765920504927635,0.9997532367706299,264,284
186,6200,25,0.2932945191860199,0.6469936966896057,-0.024064932018518448,0.9343051314353943,281,349
186,6200,26,0.25141170620918274,0.6334818601608276,0.10065171867609024,0.3218059837818146,241,342
186,6200,27,0.31162893772125244,0.7786333560943604,0.019785046577453613,0.9654933214187622,299,420
186,6200,28,0.24781452119350433,0.7629786133766174,0.15923166275024414,0.6156600117683411,237,412
186,6200,29,0.3239929974079132,0.8060379028320312,0.019425269216299057,0.8974068760871887,311,435
186,6200,30,0.2515888810157776,0.7897933125495911,0.1623549461364746,0.6661310195922852,241,426
186,6200,31,0.2785954475402832,0.8132337927818298,-0.04629238694906235,0.9465430378913879,267,439
186,6200,32,0.21570569276809692,0.7738755345344543,0.1206895038485527,0.677987277507782,207,417
187,6233,0,0.2604690492153168,0.3016485571861267,-0.032437779009342194,0.994629979133606,250,162
187,6233,1,0.2594999372959137,0.29139918088912964,-0.051137033849954605,0.9938732385635376,249,157
187,6233,2,0.25823137164115906,0.29147934913635254,-0.05130515620112419,0.9945152997970581,247,157
187,6233,3,0.2569696605205536,0.29152342677116394,-0.05127088725566864,0.9956854581832886,246,157
187,6233,4,0.2642430365085602,0.28997886180877686,-0.03191611170768738,0.993368923664093,253,156
187,6233,5,0.2660767734050751,0.2892024517059326,-0.03207061067223549,0.9942883253097534,255,156
187,6233,6,0.2677899897098541,0.2883654832839966,-0.032124996185302734,0.9951880574226379,257,155
187,6233,7,0.25932660698890686,0.2967904806137085,-0.09811019152402878,0.998201847076416,248,160
187,6233,8,0.27323201298713684,0.2933703064918518,-0.013400197960436344,0.992730438709259,262,158
187,6233,9,0.26058924198150635,0.3116549849510193,-0.045166827738285065,0.9941195249557495,250,168
187,6233,10,0.26444172859191895,0.31118908524513245,-0.020856095477938652,0.9908780455589294,253,168
187,6233,11,0.2686155438423157,0.3560830354690552,-0.15177220106124878,0.9999372363090515,257,192
187,6233,12,0.28526657819747925,0.3566422760486603,0.0574946403503418,0.9969550371170044,273,192
187,6233,13,0.2567419111728668,0.459947407245636,-0.16404956579208374,0.9742913246154785,246,248
187,6233,14,0.2843211591243744,0.4545411169528961,0.08220972120761871,0.011218644678592682,272,245
187,6233,15,0.22688931226730347,0.5309524536132812,-0.1408819854259491,0.8349667191505432,217,286
187,6233,16,0.2703389525413513,0.5159359574317932,0.05810309946537018,0.0038399582263082266,259,278
187,6233,17,0.21889667212963104,0.5550174713134766,-0.15490414202213287,0.7802824378013611,210,299
187,6233,18,0.2642119228839874,0.5334619879722595,0.05656895413994789,0.006168432533740997,253,288
187,6233,19,0.21556268632411957,0.5493218898773193,-0.1533769965171814,0.7701692581176758,206,296
187,6233,20,0.2612857520580292,0.5322155356407166,0.043296921998262405,0.006205309648066759,250,287
187,6233,21,0.21855054795742035,0.541734516620636,-0.13648085296154022,0.6651214957237244,209,292
187,6233,22,0.2641426920890808,0.529434859752655,0.05036912113428116,0.006602506153285503,253,285
187,6233,23,0.2778862714767456,0.531879186630249,-0.059864941984415054,0.9999104738235474,266,287
187,6233,24,0.27424782514572144,0.5275487899780273,0.05990085378289223,0.9997615814208984,263,284
187,6233,25,0.29224517941474915,0.6479832530021667,-0.03014557808637619,0.9367838501930237,280,349
187,6233,26,0.2526119649410248,0.633583128452301,0.10365115106105804,0.30630072951316833,242,342
187,6233,27,0.31278276443481445,0.7796244025230408,0.008520662784576416,0.9666633605957031,300,420
187,6233,28,0.24642696976661682,0.7626425623893738,0.15587218105793,0.6186308264732361,236,411
187,6233,29,0.32421210408210754,0.8061678409576416,0.0076458510011434555,0.8926026821136475,311,435
187,6233,30,0.25100797414779663,0.7888330817222595,0.1582048237323761,0.6632021069526672,240,425
187,6233,31,0.27956393361091614,0.8128385543823242,-0.06267830729484558,0.9483444094657898,268,438
187,6233,32,0.2144307792186737,0.7696594595909119,0.11429561674594879,0.686213493347168,205,415
188,6266,0,0.256050169467926,0.301596999168396,-0.028188398107886314,0.9933409690856934,245,162
188,6266,1,0.25411149859428406,0.29138073325157166,-0.04568061605095863,0.9918128252029419,243,157
188,6266,2,0.25236189365386963,0.2914886772632599,-0.04584205895662308,0.992622435092926,242,157
188,6266,3,0.2506394684314728,0.2915298640727997,-0.045812468975782394,0.9944705963134766,240,157
188,6266,4,0.2603408694267273,0.28989094495773315,-0.02850320190191269,0.9912007451057434,249,156
188,6266,5,0.2625252306461334,0.2892048954963684,-0.028667381033301353,0.9924066662788391,252,156
188,6266,6,0.2644570469856262,0.28843164443969727,-0.028736209496855736,0.9938202500343323,253,155
188,6266,7,0.2516477406024933,0.2969547212123871,-0.09535674750804901,0.9976608753204346,241,160
188,6266,8,0.26867052912712097,0.2933914363384247,-0.014150639995932579,0.9903196096420288,257,158
188,6266,9,0.25490328669548035,0.31168171763420105,-0.04060745611786842,0.9935168623924255,244,168
188,6266,10,0.26019734144210815,0.311162531375885,-0.01895831897854805,0.9898554086685181,249,168
188,6266,11,0.2623249590396881,0.3573649525642395,-0.14752794802188873,0.9999408721923828,251,192
188,6266,12,0.2797550559043884,0.3567337393760681,0.0555771104991436,0.9970531463623047,268,192
188,6266,13,0.2471781224012375,0.46030929684638977,-0.16251493990421295,0.9739880561828613,237,248
188,6266,14,0.2859038710594177,0.46129319071769714,0.08072299510240555,0.010207991115748882,274,249
188,6266,15,0.21237654983997345,0.5305638313293457,-0.13950873911380768,0.8401932120323181,203,286
188,6266,16,0.27497678995132446,0.5317907333374023,0.062479015439748764,0.0035954948980361223,263,287
188,6266,17,0.20461127161979675,0.5537688732147217,-0.15417665243148804,0.7841903567314148,196,299
188,6266,18,0.27263572812080383,0.5507156252861023,0.060357045382261276,0.0058149187825620174,261,297
188,6266,19,0.20035290718078613,0.547315776348114,-0.15262994170188904,0.7738147974014282,192,295
188,6266,20,0.2680184245109558,0.5515497326850891,0.04533395916223526,0.005846597719937563,257,297
188,6266,21,0.20253872871398926,0.5405327677726746,-0.13470450043678284,0.6626436710357666,194,291
188,6266,22,0.2684394419193268,0.5446256399154663,0.054369695484638214,0.006222561001777649,257,294
188,6266,23,0.27128225564956665,0.538247287273407,-0.05965552106499672,0.9999164342880249,260,290
188,6266,24,0.2652442455291748,0.5338709950447083,0.05968597158789635,0.999776303768158,254,288
188,6266,25,0.29129114747047424,0.6548916101455688,-0.012278352864086628,0.9320105910301208,279,353
188,6266,26,0.24205589294433594,0.6338368654251099,0.11232282221317291,0.29108622670173645,232,342
188,6266,27,0.31301847100257874,0.780105710029602,0.05310872569680214,0.9630028605461121,300,421
188,6266,28,0.22604259848594666,0.7619116902351379,0.1728110909461975,0.6110739707946777,217,411
188,6266,29,0.3245103061199188,0.8060680031776428,0.05515431985259056,0.8636027574539185,311,435
188,6266,30,0.22766271233558655,0.7882590293884277,0.1762644499540329,0.644105076789856,218,425
188,6266,31,0.2807163894176483,0.8130561709403992,-0.014230760745704174,0.9410048127174377,269,439
188,6266,32,0.1938372701406479,0.7585017681121826,0.1300458461046219,0.6801093220710754,186,409
189,6300,0,0.2526703178882599,0.3016147315502167,-0.042622290551662445,0.9930710196495056,242,162
189,6300,1,0.2515965700149536,0.2913939356803894,-0.06053116172552109,0.9913570284843445,241,157
189,6300,2,0.2501060366630554,0.2914977967739105,-0.0606953427195549,0.992237389087677,240,157
189,6300,3,0.24866846203804016,0.2915576696395874,-0.06065903231501579,0.9942433834075928,238,157
189,6300,4,0.2567577064037323,0.289916455745697,-0.04189067706465721,0.990671694278717,246,156
189,6300,5,0.2585321366786957,0.28922039270401,-0.04205965995788574,0.9919582605361938,248,156
189,6300,6,0.2608364224433899,0.28845441341400146,-0.04213719815015793,0.9934940934181213,250,155
189,6300,7,0.2502473294734955,0.29700085520744324,-0.10808932781219482,0.9975400567054749,240,160
189,6300,8,0.2651776671409607,0.2934376895427704,-0.023073671385645866,0.9895033240318298,254,158
189,6300,9,0.25223761796951294,0.31174662709236145,-0.05488867685198784,0.9933850765228271,242,168
189,6300,10,0.25680798292160034,0.3112180829048157,-0.03140654042363167,0.9895696640014648,246,168
189,6300,11,0.2605411112308502,0.3575461804866791,-0.15943101048469543,0.999943733215332,250,193
189,6300,12,0.2794772982597351,0.35678333044052124,0.055223166942596436,0.9970701336860657,268,192
189,6300,13,0.24603165686130524,0.46045970916748047,-0.1717108190059662,0.9741478562355042,236,248
189,6300,14,0.279142826795578,0.46091964840888977,0.08061125874519348,0.009265422821044922,267,248
189,6300,15,0.2128094583749771,0.5301055908203125,-0.1422756016254425,0.8444584608078003,204,286
189,6300,16,0.2676224410533905,0.52675861120224,0.05928009748458862,0.0033284970559179783,256,284
189,6300,17,0.2045012265443802,0.5533181428909302,-0.15906742215156555,0.7870394587516785,196,298
189,6300,18,0.26932957768440247,0.550000011920929,0.05713299661874771,0.005425546783953905,258,297
189,6300,19,0.20013834536075592,0.5474695563316345,-0.15585766732692719,0.7764511108398438,192,295
189,6300,20,0.26368144154548645,0.5505997538566589,0.04181741923093796,0.005457842256873846,253,297
189,6300,21,0.20327582955360413,0.5403705835342407,-0.13794560730457306,0.6599672436714172,195,291
189,6300,22,0.26373592019081116,0.5439872741699219,0.0508662685751915,0.005817904602736235,253,293
189,6300,23,0.26952221989631653,0.5387269854545593,-0.06149088218808174,0.9999200701713562,258,290
189,6300,24,0.26455992460250854,0.5349301099777222,0.06151292100548744,0.9997836947441101,253,288
189,6300,25,0.29003605246543884,0.6549817323684692,-0.012970831245183945,0.9299508929252625,278,353
189,6300,26,0.2426338791847229,0.6341438293457031,0.12396030128002167,0.27442997694015503,232,342
189,6300,27,0.3130488693714142,0.7801181674003601,0.04319433122873306,0.9617887139320374,300,421
189,6300,28,0.22398869693279266,0.761257529258728,0.18402615189552307,0.6076571941375732,215,411
189,6300,29,0.3243168294429779,0.8056503534317017,0.04444482550024986,0.8465453386306763,311,435
189,6300,30,0.22637343406677246,0.7878099679946899,0.18725423514842987,0.6331911683082581,217,425
189,6300,31,0.2810320258140564,0.8127180337905884,-0.01694343239068985,0.9387542009353638,269,438
189,6300,32,0.19289536774158478,0.7555450797080994,0.13924860954284668,0.6802812218666077,185,407
190,6333,0,0.24795570969581604,0.30264168977737427,0.00851344782859087,0.992845356464386,238,163
190,6333,1,0.24623222649097443,0.2928101718425751,-0.009060701355338097,0.9907816052436829,236,158
190,6333,2,0.2446800172328949,0.292966365814209,-0.00920106377452612,0.9916850924491882,234,158
190,6333,3,0.2430843859910965,0.2930695712566376,-0.009182562120258808,0.9939432144165039,233,158
190,6333,4,0.2515226900577545,0.29170888662338257,0.008591976948082447,0.9900286197662354,241,157
190,6333,5,0.25379079580307007,0.2911565601825714,0.008436950854957104,0.9913676381111145,243,157
190,6333,6,0.2560318112373352,0.2905898094177246,0.008370422758162022,0.9931355714797974,245,156
190,6333,7,0.24341462552547455,0.2989184856414795,-0.06310196965932846,0.9973849654197693,233,161
190,6333,8,0.2600399851799011,0.2963758707046509,0.017958011478185654,0.988616406917572,249,160
190,6333,9,0.2470586597919464,0.31309810280799866,-0.006180616095662117,0.9933152794837952,237,169
190,6333,10,0.2512136399745941,0.3125230371952057,0.015991229563951492,0.9893410205841064,241,168
190,6333,11,0.25321564078330994,0.36078736186027527,-0.12765611708164215,0.9999477863311768,243,194
190,6333,12,0.27120906114578247,0.3570723533630371,0.0796424150466919,0.9972409009933472,260,192
190,6333,13,0.23793356120586395,0.4611116647720337,-0.1463976800441742,0.9745232462882996,228,249
190,6333,14,0.2768346667289734,0.462717741727829,0.10298443585634232,0.008518555201590061,265,249
190,6333,15,0.20088768005371094,0.530293881893158,-0.11589794605970383,0.8493600487709045,192,286
190,6333,16,0.27039188146591187,0.5317307114601135,0.07781767845153809,0.0031805208418518305,259,287
190,6333,17,0.19324976205825806,0.5519985556602478,-0.13232849538326263,0.7906516194343567,185,298
190,6333,18,0.27122101187705994,0.5528848171234131,0.0750456154346466,0.005222962703555822,260,298
190,6333,19,0.18916553258895874,0.5457409024238586,-0.1259704977273941,0.7796037793159485,181,294
190,6333,20,0.2663363218307495,0.5530669093132019,0.06172842159867287,0.0052424208261072636,255,298
190,6333,21,0.1918310821056366,0.5394453406333923,-0.11083357781171799,0.6581996083259583,184,291
190,6333,22,0.2656022906303406,0.5453742742538452,0.07010479271411896,0.0056017739698290825,254,294
190,6333,23,0.26382285356521606,0.5387557148933411,-0.061443109065294266,0.9999251365661621,253,290
190,6333,24,0.25762173533439636,0.5350800156593323,0.06146131455898285,0.9997970461845398,247,288
190,6333,25,0.2862730324268341,0.6559969186782837,-0.022528303787112236,0.9249836802482605,274,354
190,6333,26,0.23156632483005524,0.6346383690834045,0.1149524450302124,0.2606474459171295,222,342
190,6333,27,0.3127717077732086,0.7811418771743774,0.028016842901706696,0.9560536742210388,300,421
190,6333,28,0.21241727471351624,0.7601359486579895,0.16916723549365997,0.5927489995956421,203,410
190,6333,29,0.32408133149147034,0.8063316941261292,0.028817879036068916,0.8179404735565186,311,435
190,6333,30,0.21414034068584442,0.7872556447982788,0.17205561697483063,0.6142979264259338,205,425
190,6333,31,0.28148478269577026,0.8130082488059998,-0.04123825207352638,0.9284611940383911,270,439
190,6333,32,0.18327166140079498,0.7552956938743591,0.1271013617515564,0.6662842035293579,175,407
191,6366,0,0.24620550870895386,0.30372828245162964,0.004840373061597347,0.9926466345787048,236,164
191,6366,1,0.24405470490455627,0.2941175103187561,-0.010339357890188694,0.990355908870697,234,158
191,6366,2,0.24228255450725555,0.29418760538101196,-0.010581880807876587,0.9913170337677002,232,158
191,6366,3,0.24056443572044373,0.2942943871021271,-0.010594082064926624,0.9937376379966736,230,158
191,6366,4,0.24965433776378632,0.292944997549057,0.007723943330347538,0.9895466566085815,239,158
191,6366,5,0.25199997425079346,0.2923072576522827,0.007549043279141188,0.9909524321556091,241,157
191,6366,6,0.25400641560554504,0.2916765511035919,0.007465960457921028,0.9928516745567322,243,157
191,6366,7,0.24168281257152557,0.300199031829834,-0.07023142278194427,0.9972678422927856,232,162
191,6366,8,0.2578243017196655,0.29706859588623047,0.012312576174736023,0.9878779649734497,247,160
191,6366,9,0.2449079304933548,0.31374433636665344,-0.006889264099299908,0.9932196736335754,235,169
191,6366,10,0.24964866042137146,0.31324806809425354,0.014039122499525547,0.9891562461853027,239,169
191,6366,11,0.2531663477420807,0.3607810437679291,-0.1337035596370697,0.9999511241912842,243,194
191,6366,12,0.2679814100265503,0.3573887050151825,0.07326539605855942,0.9973481297492981,257,192
191,6366,13,0.23767243325710297,0.4609595537185669,-0.14759929478168488,0.9748387932777405,228,248
191,6366,14,0.26786333322525024,0.4622780680656433,0.0935082882642746,0.007777113001793623,257,249
191,6366,15,0.200112447142601,0.530559241771698,-0.1221294105052948,0.8539243340492249,192,286
191,6366,16,0.26528555154800415,0.5340220928192139,0.06947369128465652,0.002971234731376171,254,288
191,6366,17,0.19247643649578094,0.5516038537025452,-0.13677261769771576,0.7942125797271729,184,297
191,6366,18,0.26494401693344116,0.553588330745697,0.06733419746160507,0.004910560324788094,254,298
191,6366,19,0.18831230700016022,0.5455348491668701,-0.132881298661232,0.7831665277481079,180,294
191,6366,20,0.25990450382232666,0.5541147589683533,0.05366094410419464,0.004931449890136719,249,299
191,6366,21,0.19124647974967957,0.5393456816673279,-0.11807789653539658,0.6573202013969421,183,291
191,6366,22,0.2593128979206085,0.5463494062423706,0.06166105717420578,0.005273246672004461,248,295
191,6366,23,0.2621745467185974,0.5392540097236633,-0.06127548962831497,0.9999290704727173,251,291
191,6366,24,0.25504299998283386,0.5357826948165894,0.061293479055166245,0.9998061656951904,244,289
191,6366,25,0.28470006585121155,0.6565123200416565,-0.026657437905669212,0.9201858639717102,273,354
191,6366,26,0.23325327038764954,0.6359890699386597,0.11066792905330658,0.24519428610801697,223,343
191,6366,27,0.3127094507217407,0.7812347412109375,0.023738520219922066,0.9509987235069275,300,421
191,6366,28,0.21159368753433228,0.7599274516105652,0.16236010193824768,0.5805628895759583,203,410
191,6366,29,0.324349582195282,0.8080549240112305,0.024417884647846222,0.7917605638504028,311,436
191,6366,30,0.21304696798324585,0.7872657179832458,0.165054589509964,0.5968802571296692,204,425
191,6366,31,0.2811194956302643,0.8132081627845764,-0.046180788427591324,0.9216826558113098,269,439
191,6366,32,0.1826941967010498,0.7546213865280151,0.12286751717329025,0.6593614816665649,175,407
192,6400,0,0.23896145820617676,0.3038135766983032,-0.0014335329178720713,0.9928104281425476,229,164
192,6400,1,0.23728275299072266,0.2941303253173828,-0.01804639771580696,0.990495502948761,227,158
192,6400,2,0.23579354584217072,0.294207900762558,-0.018192794173955917,0.9913672804832458,226,158
192,6400,3,0.23426532745361328,0.29431045055389404,-0.018166296184062958,0.9937893152236938,224,158
192,6400,4,0.24261300265789032,0.2930169701576233,-0.0014923897106200457,0.9897642135620117,232,158
192,6400,5,0.24506822228431702,0.292440265417099,-0.0016594781773164868,0.9911185503005981,235,157
192,6400,6,0.2472580522298813,0.2918431758880615,-0.0017301684711128473,0.9930461645126343,237,157
192,6400,7,0.23505547642707825,0.3003341853618622,-0.06919655948877335,0.9972561597824097,225,162
192,6400,8,0.2519629895687103,0.29746106266975403,0.006803412456065416,0.9881645441055298,241,160
192,6400,9,0.23809614777565002,0.31404179334640503,-0.014093443751335144,0.9933027029037476,228,169
192,6400,10,0.2423250377178192,0.31356993317604065,0.006300462409853935,0.9893781542778015,232,169
192,6400,11,0.2450053095817566,0.3622452914714813,-0.1248781830072403,0.9999539256095886,235,195
192,6400,12,0.2639096975326538,0.35847237706184387,0.06735456734895706,0.9975128769874573,253,193
192,6400,13,0.2284950464963913,0.4634037911891937,-0.13871175050735474,0.9719640612602234,219,250
192,6400,14,0.2702512741088867,0.46690937876701355,0.08920728415250778,0.0070992703549563885,259,252
192,6400,15,0.1895042359828949,0.5307401418685913,-0.10816994309425354,0.8436947464942932,181,286
192,6400,16,0.2616060674190521,0.538823664188385,0.06766386330127716,0.00278929783962667,251,290
192,6400,17,0.17926813662052155,0.5519452691078186,-0.12196943908929825,0.7810453772544861,172,298
192,6400,18,0.2609214186668396,0.557476818561554,0.06533435732126236,0.00464003998786211,250,301
192,6400,19,0.1754576861858368,0.5464025139808655,-0.1173069104552269,0.7689536809921265,168,295
192,6400,20,0.25549325346946716,0.5581986308097839,0.05227583646774292,0.004652001895010471,245,301
192,6400,21,0.17925380170345306,0.5399643182754517,-0.10380683094263077,0.6357721090316772,172,291
192,6400,22,0.2546948790550232,0.5503886938095093,0.06024720519781113,0.004976082127541304,244,297
192,6400,23,0.25496113300323486,0.5391408205032349,-0.05939791724085808,0.9999334216117859,244,291
192,6400,24,0.2505732774734497,0.535728394985199,0.059404827654361725,0.999818742275238,240,289
192,6400,25,0.28021326661109924,0.6570416688919067,-0.02553277648985386,0.917400062084198,269,354
192,6400,26,0.22703483700752258,0.6360871195793152,0.10999133437871933,0.23482690751552582,217,343
192,6400,27,0.31249111890792847,0.7812448740005493,0.024118639528751373,0.9476462602615356,299,421
192,6400,28,0.20837166905403137,0.7598721981048584,0.16155226528644562,0.5730357766151428,200,410
192,6400,29,0.32430583238601685,0.8075370192527771,0.02479906938970089,0.7704604864120483,311,436
192,6400,30,0.2096734493970871,0.7876830697059631,0.164516881108284,0.5834283232688904,201,425
192,6400,31,0.2813546061515808,0.8132508397102356,-0.04337003454566002,0.9158962368965149,270,439
192,6400,32,0.1782987415790558,0.7558457255363464,0.11958794295787811,0.6539717316627502,171,408
193,6433,0,0.23532800376415253,0.30400118231773376,-0.019879795610904694,0.9928621053695679,225,164
193,6433,1,0.2346714586019516,0.29422929883003235,-0.03685887157917023,0.9904918074607849,225,158
193,6433,2,0.23339015245437622,0.2943020462989807,-0.03700345382094383,0.9913350343704224,224,158
193,6433,3,0.23213814198970795,0.2943812906742096,-0.03696875274181366,0.9937645196914673,222,158
193,6433,4,0.23971262574195862,0.2931704521179199,-0.019755784422159195,0.9898390173912048,230,158
193,6433,5,0.24161285161972046,0.29261675477027893,-0.019935330376029015,0.9911981821060181,231,158
193,6433,6,0.24321529269218445,0.29203441739082336,-0.020017163828015327,0.9931523203849792,233,157
193,6433,7,0.2342013269662857,0.30030739307403564,-0.08319012075662613,0.9972251653671265,224,162
193,6433,8,0.24883708357810974,0.29747191071510315,-0.004909625742584467,0.9883347749710083,238,160
193,6433,9,0.2354237288236618,0.31416255235671997,-0.031024398282170296,0.9932461977005005,226,169
193,6433,10,0.2397642433643341,0.3137637972831726,-0.009691884741187096,0.9894188046455383,230,169
193,6433,11,0.24404706060886383,0.36221984028816223,-0.13070952892303467,0.9999556541442871,234,195
193,6433,12,0.26275965571403503,0.35939154028892517,0.059326741844415665,0.9975981712341309,252,194
193,6433,13,0.22776640951633453,0.4635103940963745,-0.1409860998392105,0.9703583717346191,218,250
193,6433,14,0.2627483010292053,0.4661557674407959,0.08577017486095428,0.0064714038744568825,252,251
193,6433,15,0.18865691125392914,0.5308946371078491,-0.11560967564582825,0.8361721634864807,181,286
193,6433,16,0.25878363847732544,0.5412901639938354,0.06542154401540756,0.0025906439404934645,248,292
193,6433,17,0.18024949729442596,0.5522893071174622,-0.12992051243782043,0.7704498767852783,173,298
193,6433,18,0.2580068111419678,0.5596379041671753,0.06316383183002472,0.004330662079155445,247,302
193,6433,19,0.17572298645973206,0.5469139218330383,-0.12634342908859253,0.7578698992729187,168,295
193,6433,20,0.2530115842819214,0.5609015226364136,0.049560174345970154,0.004343808628618717,242,302
193,6433,21,0.17894703149795532,0.5403734445571899,-0.1118372306227684,0.6174898743629456,171,291
193,6433,22,0.25243079662323,0.5530637502670288,0.05779991298913956,0.004645684268325567,242,298
193,6433,23,0.2556801438331604,0.5406473875045776,-0.05925798416137695,0.9999361038208008,245,291
193,6433,24,0.2509354054927826,0.5378363132476807,0.05926235765218735,0.9998262524604797,240,290
193,6433,25,0.27932995557785034,0.6577561497688293,-0.02943488210439682,0.9138240218162537,268,355
193,6433,26,0.22763963043689728,0.6365309953689575,0.1099453791975975,0.2188626080751419,218,343
193,6433,27,0.31266888976097107,0.7812287211418152,0.015552239492535591,0.9446500539779663,300,421
193,6433,28,0.20751501619815826,0.7598211765289307,0.16015344858169556,0.5601008534431458,199,410
193,6433,29,0.3244553208351135,0.8072063326835632,0.015833647921681404,0.7546820044517517,311,435
193,6433,30,0.20957060158252716,0.7875844240188599,0.16271352767944336,0.5672036409378052,201,425
193,6433,31,0.28146106004714966,0.8133994340896606,-0.05318455398082733,0.913560152053833,270,439
193,6433,32,0.1762983351945877,0.7570440173149109,0.11781687289476395,0.6493922472000122,169,408
194,6466,0,0.232234925031662,0.3039575517177582,-0.006876491475850344,0.9928151369094849,222,164
194,6466,1,0.23056642711162567,0.29418182373046875,-0.02397461049258709,0.9903751611709595,221,158
194,6466,2,0.22885827720165253,0.29429253935813904,-0.024119611829519272,0.9912136197090149,219,158
194,6466,3,0.2271299958229065,0.2943709194660187,-0.024099748581647873,0.9937081933021545,218,158
194,6466,4,0.23661237955093384,0.2930689752101898,-0.008091331459581852,0.9896640777587891,227,158
194,6466,5,0.23881575465202332,0.29256558418273926,-0.008254354819655418,0.9910104274749756,229,157
194,6466,6,0.2408246546983719,0.2920236885547638,-0.008320772089064121,0.9930380582809448,231,157
194,6466,7,0.22748595476150513,0.3005705773830414,-0.07395478338003159,0.9972033500671387,218,162
194,6466,8,0.24522872269153595,0.2979094386100769,-0.0007706046453677118,0.9881113171577454,235,160
194,6466,9,0.23073533177375793,0.31419721245765686,-0.01995089463889599,0.9933134317398071,221,169
194,6466,10,0.2362917959690094,0.31386926770210266,-0.00012261327356100082,0.9894679188728333,226,169
194,6466,11,0.23666232824325562,0.3646337687969208,-0.1287006288766861,0.9999584555625916,227,196
194,6466,12,0.2569456100463867,0.3621561825275421,0.0611051544547081,0.9977131485939026,246,195
194,6466,13,0.21906809508800507,0.4652022421360016,-0.14291830360889435,0.9700843095779419,210,251
194,6466,14,0.2628976106643677,0.4699094593524933,0.0865045115351677,0.0059625389985740185,252,253
194,6466,15,0.18387745320796967,0.529654860496521,-0.11773892492055893,0.8418129086494446,176,286
194,6466,16,0.25465306639671326,0.540535032749176,0.06762853264808655,0.0025314437225461006,244,291
194,6466,17,0.1755334436893463,0.551737904548645,-0.13266094028949738,0.7771784663200378,168,297
194,6466,18,0.25414520502090454,0.5587894916534424,0.06547815352678299,0.004289865959435701,243,301
194,6466,19,0.17085020244121552,0.546416163444519,-0.12832123041152954,0.7645121216773987,164,295
194,6466,20,0.2489902526140213,0.559723436832428,0.05166209489107132,0.004291119519621134,239,302
194,6466,21,0.1742783486843109,0.5391201376914978,-0.11369664967060089,0.6225026845932007,167,291
194,6466,22,0.24807140231132507,0.5520687699317932,0.05994988605380058,0.004591880366206169,238,298
194,6466,23,0.2487453669309616,0.5424403548240662,-0.059142231941223145,0.9999407529830933,238,292
194,6466,24,0.24344365298748016,0.5391841530799866,0.05914584919810295,0.9998387098312378,233,291
194,6466,25,0.27159878611564636,0.657680332660675,-0.0278969407081604,0.9135947823524475,260,355
194,6466,26,0.21956978738307953,0.6377699971199036,0.10893095284700394,0.21820269525051117,210,344
194,6466,27,0.3102077543735504,0.7791154980659485,0.02440805174410343,0.9436734914779663,297,420
194,6466,28,0.2047298401594162,0.7630465626716614,0.159702867269516,0.5684590935707092,196,412
194,6466,29,0.32302767038345337,0.8020739555358887,0.025697052478790283,0.7413008213043213,310,433
194,6466,30,0.20933036506175995,0.7895280122756958,0.16206656396389008,0.5697821974754333,200,426
194,6466,31,0.2814236581325531,0.8133633136749268,-0.03444850817322731,0.9109642505645752,270,439
194,6466,32,0.17452320456504822,0.7668339014053345,0.11747820675373077,0.6559805274009705,167,414
195,6500,0,0.23138563334941864,0.3057749569416046,-0.00982921663671732,0.9931338429450989,222,165
195,6500,1,0.22943666577339172,0.2958231270313263,-0.026946308091282845,0.9907916188240051,220,159
195,6500,2,0.22785227000713348,0.29593801498413086,-0.027086550369858742,0.9915904402732849,218,159
195,6500,3,0.226247638463974,0.2960560619831085,-0.027062777429819107,0.9939768314361572,217,159
195,6500,4,0.23486287891864777,0.2947394847869873,-0.01099906675517559,0.9900916218757629,225,159
195,6500,5,0.2367618978023529,0.29421523213386536,-0.011161070317029953,0.9913743734359741,227,158
195,6500,6,0.2385568618774414,0.2936164140701294,-0.011226167902350426,0.9933188557624817,229,158
195,6500,7,0.22684545814990997,0.30221959948539734,-0.07623166590929031,0.997320294380188,217,163
195,6500,8,0.24339507520198822,0.29920291900634766,-0.002588097006082535,0.988572359085083,233,161
195,6500,9,0.23025012016296387,0.31578630208969116,-0.022718442603945732,0.9935759902000427,221,170
195,6500,10,0.23554648458957672,0.3156152665615082,-0.0028233970515429974,0.9898601770401001,226,170
195,6500,11,0.23509512841701508,0.3651292026042938,-0.13030171394348145,0.9999610781669617,225,197
195,6500,12,0.2579420804977417,0.3652881383895874,0.060853514820337296,0.9978283643722534,247,197
195,6500,13,0.2175498604774475,0.46568453311920166,-0.14514242112636566,0.9705818295478821,208,251
195,6500,14,0.2626996338367462,0.47024473547935486,0.08489435166120529,0.005484066903591156,252,253
195,6500,15,0.18224523961544037,0.5294535160064697,-0.11960556358098984,0.8484572768211365,174,285
195,6500,16,0.2487291544675827,0.5370432138442993,0.06685416400432587,0.002439890755340457,238,290
195,6500,17,0.173091858625412,0.5518254637718201,-0.13449087738990784,0.785201370716095,166,297
195,6500,18,0.2507128417491913,0.5569939613342285,0.06438764929771423,0.004187913611531258,240,300
195,6500,19,0.16895468533039093,0.5465826988220215,-0.13008496165275574,0.7727470993995667,162,295
195,6500,20,0.24523726105690002,0.5576959252357483,0.05027220398187637,0.004182473756372929,235,301
195,6500,21,0.17262187600135803,0.5391792058944702,-0.11555606871843338,0.6305943727493286,165,291
195,6500,22,0.24444277584552765,0.550395131111145,0.05900627374649048,0.004480736795812845,234,297
195,6500,23,0.2471507340669632,0.5424972772598267,-0.058998964726924896,0.9999444484710693,237,292
195,6500,24,0.2450372725725174,0.5399181842803955,0.059005800634622574,0.9998485445976257,235,291
195,6500,25,0.26883846521377563,0.6577083468437195,-0.029575159773230553,0.9139207005500793,258,355
195,6500,26,0.22048896551132202,0.6389564275741577,0.09741057455539703,0.21695837378501892,211,345
195,6500,27,0.3093937039375305,0.7783522009849548,0.01483522355556488,0.9423160552978516,297,420
195,6500,28,0.20468805730342865,0.7646206617355347,0.13829007744789124,0.5718055963516235,196,412
195,6500,29,0.322086900472641,0.7987630367279053,0.01534892339259386,0.7320405840873718,309,431
195,6500,30,0.20939414203166962,0.7911185622215271,0.1401241421699524,0.5719736218452454,201,427
195,6500,31,0.28147608041763306,0.8133071660995483,-0.04265252500772476,0.9084827303886414,270,439
195,6500,32,0.175557941198349,0.7702354192733765,0.10194683074951172,0.659881055355072,168,415
196,6533,0,0.22449302673339844,0.30574434995651245,-0.005837617442011833,0.9930493235588074,215,165
196,6533,1,0.22309502959251404,0.2957843542098999,-0.02299060858786106,0.990662693977356,214,159
196,6533,2,0.22153577208518982,0.29589757323265076,-0.023132387548685074,0.9914917945861816,212,159
196,6533,3,0.21989555656909943,0.29600170254707336,-0.023122064769268036,0.9939181804656982,211,159
196,6533,4,0.22843226790428162,0.2946934103965759,-0.007435846608132124,0.9898247718811035,219,159
196,6533,5,0.23051676154136658,0.2941782772541046,-0.007595688104629517,0.9911072850227356,221,158
196,6533,6,0.23257456719875336,0.2935950756072998,-0.007659079506993294,0.9930959343910217,223,158
196,6533,7,0.219792902469635,0.30220115184783936,-0.07305808365345001,0.9973393082618713,211,163
196,6533,8,0.23662778735160828,0.29928335547447205,-0.0015515368431806564,0.9883065223693848,227,161
196,6533,9,0.22306209802627563,0.3157912492752075,-0.018980003893375397,0.9936520457267761,214,170
196,6533,10,0.227559894323349,0.31562671065330505,0.00037072927807457745,0.9898875951766968,218,170
196,6533,11,0.22692790627479553,0.36534300446510315,-0.12896588444709778,0.999963641166687,217,197
196,6533,12,0.2478128969669342,0.36509934067726135,0.06113782897591591,0.9979245066642761,237,197
196,6533,13,0.21248136460781097,0.466177761554718,-0.14597037434577942,0.9708374738693237,203,251
196,6533,14,0.25552400946617126,0.47030776739120483,0.0844988152384758,0.005065974313765764,245,253
196,6533,15,0.17573925852775574,0.5291684865951538,-0.12060238420963287,0.8548961877822876,168,285
196,6533,16,0.24493524432182312,0.5367197394371033,0.06616008281707764,0.0023875869810581207,235,289
196,6533,17,0.16665582358837128,0.5519962906837463,-0.1355179399251938,0.7929915189743042,159,298
196,6533,18,0.24487529695034027,0.5567096471786499,0.06427440047264099,0.004155631177127361,235,300
196,6533,19,0.16260629892349243,0.5464937090873718,-0.13120338320732117,0.7805123329162598,156,295
196,6533,20,0.23930832743644714,0.557149350643158,0.05045204237103462,0.00413849763572216,229,300
196,6533,21,0.16563601791858673,0.5388752222061157,-0.11666490137577057,0.6381829380989075,159,290
196,6533,22,0.23836641013622284,0.5497401356697083,0.058455824851989746,0.004441378638148308,228,296
196,6533,23,0.23786868155002594,0.5419711470603943,-0.05869155749678612,0.9999483227729797,228,292
196,6533,24,0.23687458038330078,0.5393778085708618,0.058695171028375626,0.9998588562011719,227,291
196,6533,25,0.26070132851600647,0.6579261422157288,-0.03022311069071293,0.9165061712265015,250,355
196,6533,26,0.21435627341270447,0.6387707591056824,0.09119085967540741,0.22559282183647156,205,344
196,6533,27,0.3053949177265167,0.7735910415649414,0.013637159019708633,0.9428389668464661,293,417
196,6533,28,0.20231714844703674,0.764796257019043,0.12655039131641388,0.5870034694671631,194,412
196,6533,29,0.31976422667503357,0.7902617454528809,0.01424524188041687,0.7269469499588013,306,426
196,6533,30,0.20841103792190552,0.7914052605628967,0.1278824359178543,0.5815145373344421,200,427
196,6533,31,0.2815271317958832,0.8133665323257446,-0.043081000447273254,0.9082022309303284,270,439
196,6533,32,0.1712729036808014,0.7777955532073975,0.08922266960144043,0.671046257019043,164,420
197,6566,0,0.2223735749721527,0.30523115396499634,-0.027558667585253716,0.9931268095970154,213,164
197,6566,1,0.22085970640182495,0.2954160273075104,-0.044302865862846375,0.9907643795013428,212,159
197,6566,2,0.21926192939281464,0.2955101430416107,-0.04446009173989296,0.9916357398033142,210,159
197,6566,3,0.21767981350421906,0.2956191599369049,-0.044454269111156464,0.994015097618103,208,159
197,6566,4,0.22613798081874847,0.294445663690567,-0.026640748605132103,0.9898673295974731,217,159
197,6566,5,0.22801019251346588,0.2939760684967041,-0.026806620880961418,0.9911711812019348,218,158
197,6566,6,0.2298126518726349,0.2934112250804901,-0.026880448684096336,0.9931371212005615,220,158
197,6566,7,0.2180091291666031,0.30210450291633606,-0.08924862742424011,0.9973903298377991,209,163
197,6566,8,0.23444606363773346,0.29926538467407227,-0.008707243949174881,0.9882906079292297,225,161
197,6566,9,0.22102783620357513,0.3153415620326996,-0.038818858563899994,0.9937416315078735,212,170
197,6566,10,0.22597168385982513,0.3153787851333618,-0.016677461564540863,0.9899899363517761,216,170
197,6566,11,0.22609330713748932,0.36521682143211365,-0.14157207310199738,0.999965488910675,217,197
197,6566,12,0.24382604658603668,0.3650605380535126,0.06089920178055763,0.997995138168335,234,197
197,6566,13,0.21125157177448273,0.46624475717544556,-0.14910756051540375,0.9722673892974854,202,251
197,6566,14,0.2500482201576233,0.47017616033554077,0.08778222650289536,0.004747417289763689,240,253
197,6566,15,0.17279019951820374,0.5294268727302551,-0.1187560185790062,0.8624072074890137,165,285
197,6566,16,0.2402753233909607,0.5367230772972107,0.06614945828914642,0.0024041016586124897,230,289
197,6566,17,0.16493327915668488,0.5521053075790405,-0.1339077651500702,0.8017356395721436,158,298
197,6566,18,0.23954232037067413,0.5563174486160278,0.06458697468042374,0.004236212000250816,229,300
197,6566,19,0.16058139503002167,0.5466426610946655,-0.1288595199584961,0.7893855571746826,154,295
197,6566,20,0.23440437018871307,0.55673748254776,0.04988069459795952,0.004228290170431137,225,300
197,6566,21,0.16350983083248138,0.5390322208404541,-0.11425252258777618,0.6480981111526489,156,291
197,6566,22,0.23400050401687622,0.5493991374969482,0.05810048431158066,0.004549247212707996,224,296
197,6566,23,0.23687304556369781,0.54116290807724,-0.06164538115262985,0.9999513626098633,227,292
197,6566,24,0.23288340866565704,0.5393263101577759,0.06165030971169472,0.999866783618927,223,291
197,6566,25,0.2578788101673126,0.6579123139381409,-0.054576147347688675,0.920901358127594,247,355
197,6566,26,0.21309539675712585,0.6399480104446411,0.10254082828760147,0.22460722923278809,204,345
197,6566,27,0.3036544620990753,0.7714369893074036,-0.014319433830678463,0.9447671175003052,291,416
197,6566,28,0.20266135036945343,0.7655754685401917,0.1491106003522873,0.5991396903991699,194,413
197,6566,29,0.3188367486000061,0.7871317863464355,-0.014063091017305851,0.7295940518379211,306,425
197,6566,30,0.2081201672554016,0.7919183969497681,0.15135979652404785,0.5904765725135803,199,427
197,6566,31,0.28149694204330444,0.8136485815048218,-0.07591358572244644,0.9112721681594849,270,439
197,6566,32,0.1710350215435028,0.7823336720466614,0.11108279228210449,0.6824897527694702,164,422
198,6600,0,0.21337799727916718,0.3045482039451599,-0.024881156161427498,0.9935033917427063,204,164
198,6600,1,0.21228094398975372,0.294766366481781,-0.04187660291790962,0.9913204908370972,203,159
198,6600,2,0.21084338426589966,0.29491397738456726,-0.042023319751024246,0.9921231865882874,202,159
198,6600,3,0.20931029319763184,0.29508012533187866,-0.042022839188575745,0.994350790977478,200,159
198,6600,4,0.21772924065589905,0.2937816083431244,-0.02595054917037487,0.9904344081878662,209,158
198,6600,5,0.21996714174747467,0.29335474967956543,-0.026127107441425323,0.9916455149650574,211,158
198,6600,6,0.22208723425865173,0.2928256094455719,-0.02619844675064087,0.9935059547424316,213,158
198,6600,7,0.21034811437129974,0.30186721682548523,-0.08738268166780472,0.9975389242172241,201,163
198,6600,8,0.22729270160198212,0.2992098927497864,-0.010298754088580608,0.9889386296272278,218,161
198,6600,9,0.21252062916755676,0.31494200229644775,-0.036127012223005295,0.9940329194068909,204,170
198,6600,10,0.21758857369422913,0.31512507796287537,-0.016131727024912834,0.9904487729072571,208,170
198,6600,11,0.21704091131687164,0.3664886951446533,-0.13296158611774445,0.9999667406082153,208,197
198,6600,12,0.24214056134223938,0.3665740489959717,0.05569746717810631,0.9980993866920471,232,197
198,6600,13,0.201328843832016,0.47064897418022156,-0.13400354981422424,0.9716684222221375,193,254
198,6600,14,0.2489011436700821,0.46994996070861816,0.08529722690582275,0.004493190441280603,238,253
198,6600,15,0.16537700593471527,0.5322906970977783,-0.09646787494421005,0.8653014302253723,158,287
198,6600,16,0.2367396056652069,0.5365607142448425,0.06658786535263062,0.0025966863613575697,227,289
198,6600,17,0.15632708370685577,0.5545619130134583,-0.10845028609037399,0.8053222298622131,150,299
198,6600,18,0.23546446859836578,0.5557325482368469,0.06583797186613083,0.004625894594937563,226,300
198,6600,19,0.15272420644760132,0.5489405393600464,-0.10470683127641678,0.7929092049598694,146,296
198,6600,20,0.2299233227968216,0.5565856695175171,0.05164353549480438,0.004590249620378017,220,300
198,6600,21,0.15587152540683746,0.5425812602043152,-0.09238912165164948,0.6515717506408691,149,292
198,6600,22,0.22943700850009918,0.5493074059486389,0.058955367654561996,0.004917784593999386,220,296
198,6600,23,0.22816820442676544,0.5414608120918274,-0.06014972925186157,0.9999547600746155,219,292
198,6600,24,0.22984907031059265,0.539229691028595,0.06013001129031181,0.9998766183853149,220,291
198,6600,25,0.24693459272384644,0.6604905128479004,-0.0447988361120224,0.9242828488349915,237,356
198,6600,26,0.20589309930801392,0.6411412954330444,0.10523770749568939,0.23480890691280365,197,346
198,6600,27,0.29592224955558777,0.7676178216934204,-0.000747591198887676,0.9455636739730835,284,414
198,6600,28,0.20066086947917938,0.7668973803520203,0.15099622309207916,0.6142601370811462,192,414
198,6600,29,0.3111260235309601,0.776716947555542,0.004265687428414822,0.7312813401222229,298,419
198,6600,30,0.20640727877616882,0.7926300168037415,0.15375611186027527,0.6017738580703735,198,428
198,6600,31,0.280325710773468,0.8158377408981323,-0.03087340109050274,0.9113757014274597,269,440
198,6600,32,0.1701429784297943,0.7875364422798157,0.12576144933700562,0.6920356750488281,163,425
199,6633,0,0.2109641134738922,0.3041245937347412,-0.028817035257816315,0.9937859177589417,202,164
199,6633,1,0.2101294994354248,0.2943062484264374,-0.04517310857772827,0.9917173981666565,201,158
199,6633,2,0.2087632268667221,0.2945317327976227,-0.04531855881214142,0.9924899935722351,200,159
199,6633,3,0.2073626071214676,0.2947723865509033,-0.045306768268346786,0.9945997595787048,199,159
199,6633,4,0.21514396369457245,0.29308363795280457,-0.028944024816155434,0.9908210039138794,206,158
199,6633,5,0.21768441796302795,0.2924952208995819,-0.029121501371264458,0.991978108882904,208,157
199,6633,6,0.21965700387954712,0.29186809062957764,-0.02919580601155758,0.993750274181366,210,157
199,6633,7,0.20891743898391724,0.3013240098953247,-0.08812733739614487,0.9976504445075989,200,162
199,6633,8,0.22495679557323456,0.29815804958343506,-0.012249693274497986,0.9893575310707092,215,161
199,6633,9,0.21031276881694794,0.3146355152130127,-0.03910624608397484,0.9942116737365723,201,169
199,6633,10,0.21534228324890137,0.31476935744285583,-0.01885879598557949,0.9907324314117432,206,169
199,6633,11,0.21609753370285034,0.36611899733543396,-0.1331067830324173,0.9999680519104004,207,197
199,6633,12,0.23893530666828156,0.36643871665000916,0.055778563022613525,0.9981561899185181,229,197
199,6633,13,0.20132671296596527,0.4702844023704529,-0.1364111751317978,0.9724547266960144,193,253
199,6633,14,0.24422314763069153,0.4698667824268341,0.08508246392011642,0.004227485042065382,234,253
199,6633,15,0.16461294889450073,0.5331259369850159,-0.09898742288351059,0.8708821535110474,158,287
199,6633,16,0.23305585980415344,0.5371665954589844,0.0673215463757515,0.002614305354654789,223,290
199,6633,17,0.15701159834861755,0.5556802749633789,-0.11186912655830383,0.8119167685508728,150,300
199,6633,18,0.23172178864479065,0.5557230114936829,0.06688667088747025,0.0046763550490140915,222,300
199,6633,19,0.1522340327501297,0.5493906140327454,-0.10758335888385773,0.7995343208312988,146,296
199,6633,20,0.226673424243927,0.5568340420722961,0.052422814071178436,0.004637039732187986,217,300
199,6633,21,0.15513120591640472,0.5429374575614929,-0.09469012916088104,0.6591629385948181,148,293
199,6633,22,0.22635743021965027,0.5495575666427612,0.059632476419210434,0.0049749743193387985,217,296
199,6633,23,0.22792765498161316,0.5407243371009827,-0.06013737991452217,0.999957799911499,218,291
199,6633,24,0.22992293536663055,0.5388241410255432,0.060118574649095535,0.9998849034309387,220,290
199,6633,25,0.2447264939546585,0.6605406999588013,-0.04644853249192238,0.9280163645744324,234,356
199,6633,26,0.2057499885559082,0.6411921381950378,0.10103171318769455,0.24007251858711243,197,346
199,6633,27,0.29513099789619446,0.7644472718238831,-0.0010303412564098835,0.9472225904464722,283,412
199,6633,28,0.19994904100894928,0.7676385045051575,0.1431855708360672,0.6292736530303955,191,414
199,6633,29,0.3094688951969147,0.773516833782196,0.0011468710144981742,0.7344595789909363,297,417
199,6633,30,0.2060624212026596,0.7937248945236206,0.14546068012714386,0.6127038598060608,197,428
199,6633,31,0.27968671917915344,0.8158093690872192,-0.04117121547460556,0.9137155413627625,268,440
199,6633,32,0.16865947842597961,0.7873570919036865,0.11954706162214279,0.7041609883308411,161,425
200,6666,0,0.20733995735645294,0.30393844842910767,0.03705867752432823,0.994027316570282,199,164
200,6666,1,0.20544423162937164,0.29419249296188354,0.020499680191278458,0.9920876026153564,197,158
200,6666,2,0.20362921059131622,0.29442429542541504,0.02037254348397255,0.9928336143493652,195,158
200,6666,3,0.201836496591568,0.2946532666683197,0.020362263545393944,0.9948691129684448,193,159
200,6666,4,0.21145272254943848,0.29293420910835266,0.03507072106003761,0.9910765886306763,202,158
200,6666,5,0.21385493874549866,0.29234394431114197,0.034908492118120193,0.9921415448188782,205,157
200,6666,6,0.21599127352237701,0.29174676537513733,0.034860868006944656,0.9938564300537109,207,157
200,6666,7,0.2023731768131256,0.30124858021736145,-0.033735837787389755,0.9977840781211853,194,162
200,6666,8,0.2202870100736618,0.29800504446029663,0.03274852782487869,0.9896364808082581,211,160
200,6666,9,0.20608241856098175,0.31445544958114624,0.02191040851175785,0.994436502456665,197,169
200,6666,10,0.21141687035560608,0.3145727515220642,0.03985992819070816,0.9909142851829529,202,169
200,6666,11,0.2082681506872177,0.3654210865497589,-0.09796068072319031,0.9999697804450989,199,197
200,6666,12,0.23354871571063995,0.36337581276893616,0.08842641860246658,0.9981992244720459,224,196
200,6666,13,0.19488924741744995,0.4700453281402588,-0.11332916468381882,0.9726471304893494,187,253
200,6666,14,0.23848514258861542,0.4560926556587219,0.10857715457677841,0.003998002968728542,228,246
200,6666,15,0.16015459597110748,0.5335403084754944,-0.07738485932350159,0.8763027787208557,153,288
200,6666,16,0.23091888427734375,0.5091664791107178,0.09768450260162354,0.002666798420250416,221,274
200,6666,17,0.1539507359266281,0.5576451420783997,-0.08883096277713776,0.8191592693328857,147,301
200,6666,18,0.2307988852262497,0.5223705768585205,0.10081315040588379,0.00483803590759635,221,282
200,6666,19,0.14870290458202362,0.551662027835846,-0.08141229301691055,0.806536853313446,142,297
200,6666,20,0.22646142542362213,0.5228396654129028,0.09000611305236816,0.004760267678648233,217,282
200,6666,21,0.15064726769924164,0.5447965264320374,-0.07196994125843048,0.6683405637741089,144,294
200,6666,22,0.22520922124385834,0.5172775983810425,0.09172812849283218,0.005119498819112778,216,279
200,6666,23,0.2215546816587448,0.5322327017784119,-0.060116369277238846,0.9999606013298035,212,287
200,6666,24,0.23084083199501038,0.5308116674423218,0.060092512518167496,0.9998924136161804,221,286
200,6666,25,0.2258090078830719,0.660430371761322,-0.0730060487985611,0.9311009049415588,216,356
200,6666,26,0.2008422315120697,0.6418004035949707,0.06241858750581741,0.24868981540203094,192,346
200,6666,27,0.2826085686683655,0.7565509080886841,-0.04212411120533943,0.9464018940925598,271,408
200,6666,28,0.19982865452766418,0.7678481340408325,0.07680239528417587,0.6369845271110535,191,414
200,6666,29,0.2960328459739685,0.7541455626487732,-0.0407898910343647,0.738620400428772,284,407
200,6666,30,0.20621895790100098,0.7947680950164795,0.07712297141551971,0.6214969754219055,197,429
200,6666,31,0.2752618193626404,0.8147653937339783,-0.06789563596248627,0.9116076231002808,264,439
200,6666,32,0.16738317906856537,0.7871672511100769,0.06107557192444801,0.7065329551696777,160,425
201,6700,0,0.20535150170326233,0.30167073011398315,0.02514663152396679,0.9944643378257751,197,162
201,6700,1,0.2045413851737976,0.2924819588661194,0.00999925471842289,0.9927077889442444,196,157
201,6700,2,0.20309758186340332,0.29282936453819275,0.009869029745459557,0.9933862090110779,194,158
201,6700,3,0.2016160637140274,0.2932191491127014,0.009868144989013672,0.9952580332756042,193,158
201,6700,4,0.20899388194084167,0.2912801504135132,0.025890298187732697,0.9917548298835754,200,157
201,6700,5,0.21090491116046906,0.29079386591911316,0.02572162076830864,0.992727518081665,202,157
201,6700,6,0.21260815858840942,0.2902761399745941,0.0256641935557127,0.9943022131919861,204,156
201,6700,7,0.2022894024848938,0.29951223731040955,-0.0375189371407032,0.9979549050331116,194,161
201,6700,8,0.21717575192451477,0.2967522144317627,0.03457806631922722,0.9904130101203918,208,160
201,6700,9,0.20384642481803894,0.3127700984477997,0.012229896150529385,0.9947990775108337,195,168
201,6700,10,0.20847128331661224,0.31251585483551025,0.03185136243700981,0.9914891719818115,200,168
201,6700,11,0.20567919313907623,0.3645508289337158,-0.09983997792005539,0.9999701976776123,197,196
201,6700,12,0.2323576658964157,0.36207932233810425,0.09495878964662552,0.9982581734657288,223,195
201,6700,13,0.1926075518131256,0.46979400515556335,-0.11314424127340317,0.9740028977394104,184,253
201,6700,14,0.23685915768146515,0.45349615812301636,0.11279719322919846,0.004211673513054848,227,244
201,6700,15,0.16067123413085938,0.5334469079971313,-0.07458122819662094,0.8839959502220154,154,288
201,6700,16,0.23202385008335114,0.5144319534301758,0.09101542830467224,0.003367725992575288,222,277
201,6700,17,0.15481002628803253,0.5576140880584717,-0.08627968281507492,0.8295077681541443,148,301
201,6700,18,0.23148304224014282,0.5297014713287354,0.09210553765296936,0.0060485429130494595,222,286
201,6700,19,0.15021905303001404,0.5516800880432129,-0.07992931455373764,0.8171889185905457,144,297
201,6700,20,0.22700455784797668,0.5307005643844604,0.0795852467417717,0.005874559748917818,217,286
201,6700,21,0.15230101346969604,0.5447654724121094,-0.06954695284366608,0.6847147345542908,146,294
201,6700,22,0.22607502341270447,0.5244685411453247,0.0840330421924591,0.0063780988566577435,217,283
201,6700,23,0.2202945053577423,0.530099630355835,-0.061859313398599625,0.9999628067016602,211,286
201,6700,24,0.2290801852941513,0.5270726680755615,0.061815738677978516,0.99989914894104,219,284
201,6700,25,0.22465506196022034,0.6603379249572754,-0.06880791485309601,0.9369519352912903,215,356
201,6700,26,0.2016601860523224,0.6429913640022278,0.07443216443061829,0.29425954818725586,193,347
201,6700,27,0.28186437487602234,0.7538082003593445,-0.028210343793034554,0.9499214291572571,270,407
201,6700,28,0.2007431983947754,0.7679924964904785,0.1016106903553009,0.664843738079071,192,414
201,6700,29,0.29500436782836914,0.7514620423316956,-0.026431582868099213,0.7533953189849854,283,405
201,6700,30,0.20733994245529175,0.7954322099685669,0.10277032107114792,0.6478759050369263,199,429
201,6700,31,0.2744239270687103,0.8148242235183716,-0.06318017840385437,0.9160161018371582,263,440
201,6700,32,0.1683281511068344,0.7869386076927185,0.07824459671974182,0.7260686755180359,161,424
202,6733,0,0.19688990712165833,0.2996426224708557,0.04721355065703392,0.9948315620422363,189,161
202,6733,1,0.1960178166627884,0.2909592092037201,0.03108113631606102,0.9931996464729309,188,157
202,6733,2,0.19438470900058746,0.2912641763687134,0.030957119539380074,0.9938335418701172,186,157
202,6733,3,0.1927441954612732,0.2915843427181244,0.030942589044570923,0.9955920577049255,185,157
202,6733,4,0.20141921937465668,0.289777547121048,0.04871821403503418,0.9922344088554382,193,156
202,6733,5,0.2032337635755539,0.28940334916114807,0.04856700077652931,0.9931009411811829,195,156
202,6733,6,0.20557543635368347,0.28897595405578613,0.04853516444563866,0.9945794343948364,197,156
202,6733,7,0.19391393661499023,0.29753580689430237,-0.023433739319443703,0.9980994462966919,186,160
202,6733,8,0.2103084772825241,0.2960149347782135,0.056853290647268295,0.9908297657966614,201,159
202,6733,9,0.1959836184978485,0.3104173541069031,0.03162388876080513,0.9950953125953674,188,167
202,6733,10,0.2010597139596939,0.3100149929523468,0.05360475927591324,0.9918544292449951,193,167
202,6733,11,0.19986604154109955,0.362476110458374,-0.09683428704738617,0.9999716877937317,191,195
202,6733,12,0.2228361964225769,0.356594443321228,0.11906514316797256,0.9983224868774414,213,192
202,6733,13,0.18796376883983612,0.4684693515300751,-0.11844532936811447,0.9743828773498535,180,252
202,6733,14,0.22762076556682587,0.44882914423942566,0.13578097522258759,0.004097816068679094,218,242
202,6733,15,0.15883420407772064,0.5342288613319397,-0.07757825404405594,0.888041079044342,152,288
202,6733,16,0.221482053399086,0.5018326640129089,0.11055266857147217,0.003676061751320958,212,270
202,6733,17,0.1541096419095993,0.5583499073982239,-0.08912567049264908,0.8347041606903076,147,301
202,6733,18,0.22123096883296967,0.5149186253547668,0.11306915432214737,0.006711503490805626,212,278
202,6733,19,0.14967404305934906,0.553209662437439,-0.08122428506612778,0.8220059871673584,143,298
202,6733,20,0.21810556948184967,0.5150658488273621,0.10187020897865295,0.00646974565461278,209,278
202,6733,21,0.15110120177268982,0.5458831191062927,-0.07170914858579636,0.691421627998352,145,294
202,6733,22,0.21698440611362457,0.5096477270126343,0.10384968668222427,0.007089190185070038,208,275
202,6733,23,0.21100427210330963,0.5273118615150452,-0.06723826378583908,0.9999642968177795,202,284
202,6733,24,0.22184890508651733,0.5236778259277344,0.06715856492519379,0.9999035596847534,212,282
202,6733,25,0.20686869323253632,0.6604990363121033,-0.09989161044359207,0.9406213164329529,198,356
202,6733,26,0.1989637017250061,0.6436570286750793,0.0682569220662117,0.3015245199203491,191,347
202,6733,27,0.2670561373233795,0.7500045299530029,-0.06817828118801117,0.9509618878364563,256,405
202,6733,28,0.20146815478801727,0.7683687210083008,0.09152015298604965,0.6752474904060364,193,414
202,6733,29,0.2803824245929718,0.7467170357704163,-0.06695830076932907,0.7605564594268799,269,403
202,6733,30,0.20837755501270294,0.7956225872039795,0.09243528544902802,0.6599981784820557,200,429
202,6733,31,0.2612328827381134,0.8117144703865051,-0.09728975594043732,0.9170506000518799,250,438
202,6733,32,0.16838671267032623,0.787274181842804,0.07485143095254898,0.7319433689117432,161,425
203,6766,0,0.1975475251674652,0.2993158996105194,0.029882265254855156,0.9952890872955322,189,161
203,6766,1,0.19682282209396362,0.290534645318985,0.013844480738043785,0.9938043355941772,188,156
203,6766,2,0.1953253597021103,0.29094621539115906,0.013721790164709091,0.9943853616714478,187,157
203,6766,3,0.1937602013349533,0.291382759809494,0.013721911236643791,0.9959781765937805,186,157
203,6766,4,0.201523557305336,0.28915858268737793,0.030604014173150063,0.9929137229919434,193,156
203,6766,5,0.20315642654895782,0.2887822389602661,0.030454814434051514,0.9937074780464172,195,155
203,6766,6,0.20490512251853943,0.28836819529533386,0.030404774472117424,0.9950409531593323,196,155
203,6766,7,0.19377510249614716,0.29728177189826965,-0.03757611662149429,0.9982684254646301,186,160
203,6766,8,0.209608256816864,0.29550161957740784,0.03855876624584198,0.9916232228279114,201,159
203,6766,9,0.19637516140937805,0.3101963400840759,0.01571427285671234,0.9954867362976074,188,167
203,6766,10,0.20054103434085846,0.3097865879535675,0.036488257348537445,0.9924969673156738,192,167
203,6766,11,0.19676658511161804,0.36189454793930054,-0.10434070974588394,0.999972939491272,188,195
203,6766,12,0.22412613034248352,0.35550767183303833,0.09953873604536057,0.9984123110771179,215,191
203,6766,13,0.18615898489952087,0.4683821201324463,-0.12389902770519257,0.9767889976501465,178,252
203,6766,14,0.22858421504497528,0.4432998597621918,0.12162603437900543,0.012255045585334301,219,239
203,6766,15,0.1576402187347412,0.5356377959251404,-0.08462212979793549,0.8973403573036194,151,289
203,6766,16,0.22023926675319672,0.5044925808906555,0.09945403039455414,0.004013300407677889,211,272
203,6766,17,0.1524541825056076,0.5600971579551697,-0.09804024547338486,0.8472293019294739,146,302
203,6766,18,0.21720123291015625,0.5197445154190063,0.09825246036052704,0.0069292145781219006,208,280
203,6766,19,0.14751991629600525,0.5551903247833252,-0.09144768118858337,0.8352500796318054,141,299
203,6766,20,0.21480561792850494,0.5187101364135742,0.08574403822422028,0.00661794189363718,206,280
203,6766,21,0.1494397222995758,0.5477114319801331,-0.07978907972574234,0.7132063508033752,143,295
203,6766,22,0.21508897840976715,0.5119222402572632,0.09112253785133362,0.007380725350230932,206,276
203,6766,23,0.20861251652240753,0.5269067883491516,-0.06857720762491226,0.9999656677246094,200,284
203,6766,24,0.22085456550121307,0.5237411856651306,0.06850691884756088,0.9999068975448608,212,282
203,6766,25,0.20443707704544067,0.6601837277412415,-0.08659275621175766,0.9463072419166565,196,356
203,6766,26,0.19666674733161926,0.6446024775505066,0.0957762748003006,0.34856319427490234,188,348
203,6766,27,0.2665863633155823,0.7485488057136536,-0.054825227707624435,0.9554927945137024,255,404
203,6766,28,0.20070157945156097,0.7688170075416565,0.10962999612092972,0.7035681009292603,192,415
203,6766,29,0.280306875705719,0.7446189522743225,-0.05327484384179115,0.7827884554862976,269,402
203,6766,30,0.2084943801164627,0.7955573201179504,0.10814328491687775,0.6897048354148865,200,429
203,6766,31,0.2598012685775757,0.8092911839485168,-0.08255672454833984,0.9244747161865234,249,437
203,6766,32,0.16764716804027557,0.7871087789535522,0.10396717488765717,0.7537497878074646,160,425
204,6800,0,0.18935520946979523,0.29932260513305664,0.04050298407673836,0.995656430721283,181,161
204,6800,1,0.1879991739988327,0.2904188632965088,0.024731287732720375,0.9942877888679504,180,156
204,6800,2,0.18621306121349335,0.29077816009521484,0.024623658508062363,0.994818389415741,178,157
204,6800,3,0.18443243205547333,0.2911688983440399,0.0246181171387434,0.996293842792511,177,157
204,6800,4,0.19378072023391724,0.28910186886787415,0.04105692729353905,0.9934435486793518,186,156
204,6800,5,0.1960199922323227,0.2887129783630371,0.040913019329309464,0.9941551685333252,188,155
204,6800,6,0.19797199964523315,0.2883121073246002,0.04088909551501274,0.9953920841217041,190,155
204,6800,7,0.18505859375,0.2970890998840332,-0.027249200269579887,0.9983987808227539,177,160
204,6800,8,0.20255957543849945,0.29539892077445984,0.046832095831632614,0.992174506187439,194,159
204,6800,9,0.18843592703342438,0.31014740467071533,0.02592584118247032,0.9957740902900696,180,167
204,6800,10,0.19369398057460785,0.3096613883972168,0.04606939107179642,0.9929172396659851,185,167
204,6800,11,0.19057855010032654,0.3599121570587158,-0.09543821960687637,0.9999744296073914,182,194
204,6800,12,0.2165958136320114,0.3542979955673218,0.10429893434047699,0.9984596967697144,207,191
204,6800,13,0.1812174767255783,0.46274247765541077,-0.12249577790498734,0.9771599769592285,173,249
204,6800,14,0.225289985537529,0.4452950656414032,0.12026899307966232,0.01124504953622818,216,240
204,6800,15,0.15581999719142914,0.5356518030166626,-0.08851996809244156,0.9008806347846985,149,289
204,6800,16,0.21427902579307556,0.500412106513977,0.09980315715074539,0.004128938540816307,205,270
204,6800,17,0.1523410677909851,0.560590922832489,-0.1011972576379776,0.8517335057258606,146,302
204,6800,18,0.21478934586048126,0.5167835354804993,0.10141224414110184,0.0072198486886918545,206,279
204,6800,19,0.14774131774902344,0.5573554039001465,-0.09448526799678802,0.8396363258361816,141,300
204,6800,20,0.2111186534166336,0.5179722309112549,0.08981653302907944,0.0068908026441931725,202,279
204,6800,21,0.14909401535987854,0.5490161180496216,-0.08353955298662186,0.7194682359695435,143,296
204,6800,22,0.21053217351436615,0.5121442675590515,0.0927896797657013,0.007648585829883814,202,276
204,6800,23,0.2018153965473175,0.5261660814285278,-0.06758154928684235,0.9999668598175049,193,284
204,6800,24,0.2166612148284912,0.5227447152137756,0.06749565899372101,0.9999098777770996,207,282
204,6800,25,0.19060882925987244,0.6593777537345886,-0.08958670496940613,0.9474530220031738,182,356
204,6800,26,0.19249296188354492,0.6445403695106506,0.06328577548265457,0.33126339316368103,184,348
204,6800,27,0.24874085187911987,0.747032642364502,-0.06056569889187813,0.9545903205871582,238,403
204,6800,28,0.20089349150657654,0.769149124622345,0.0870019868016243,0.6849570870399475,192,415
204,6800,29,0.26290321350097656,0.7447946071624756,-0.05949489772319794,0.7870275974273682,252,402
204,6800,30,0.2090764194726944,0.7954747676849365,0.08784309774637222,0.6750622987747192,200,429
204,6800,31,0.23913033306598663,0.8075127601623535,-0.08846072107553482,0.9246678352355957,229,436
204,6800,32,0.16674543917179108,0.7870234847068787,0.07330707460641861,0.7395456433296204,160,424
205,6833,0,0.18970756232738495,0.29919615387916565,0.03922282159328461,0.9960295557975769,182,161
205,6833,1,0.18837113678455353,0.29017162322998047,0.023099755868315697,0.994780421257019,180,156
205,6833,2,0.1866675764322281,0.29058098793029785,0.022996775805950165,0.9952651262283325,179,156
205,6833,3,0.1849553883075714,0.2910197973251343,0.022993452847003937,0.9966108798980713,177,157
205,6833,4,0.19363459944725037,0.28884750604629517,0.039435550570487976,0.994002640247345,185,155
205,6833,5,0.1954878270626068,0.288486510515213,0.03930114209651947,0.9946519136428833,187,155
205,6833,6,0.19725635647773743,0.2881057560443878,0.0392678901553154,0.9957746267318726,189,155
205,6833,7,0.1851404756307602,0.29702433943748474,-0.029878323897719383,0.9985363483428955,177,160
205,6833,8,0.20161095261573792,0.2950468063354492,0.04386015608906746,0.9928297996520996,193,159
205,6833,9,0.1883665770292282,0.3100684583187103,0.024277694523334503,0.9961050152778625,180,167
205,6833,10,0.19310487806797028,0.3096070885658264,0.04433621093630791,0.9934598803520203,185,167
205,6833,11,0.18907862901687622,0.35882696509361267,-0.10176678746938705,0.9999760389328003,181,193
205,6833,12,0.21674643456935883,0.35421207547187805,0.0985141471028328,0.9985426664352417,208,191
205,6833,13,0.17997555434703827,0.46079161763191223,-0.12898682057857513,0.9792290329933167,172,248
205,6833,14,0.22523754835128784,0.4427315592765808,0.11685357987880707,0.015747223049402237,216,239
205,6833,15,0.1545843482017517,0.5356490612030029,-0.096140056848526,0.9081812500953674,148,289
205,6833,16,0.21395562589168549,0.5002200603485107,0.09471489489078522,0.004105355124920607,205,270
205,6833,17,0.15161095559597015,0.560778021812439,-0.10609351098537445,0.8609827756881714,145,302
205,6833,18,0.21310152113437653,0.5186682939529419,0.09649232774972916,0.006972480099648237,204,280
205,6833,19,0.14718382060527802,0.5578647255897522,-0.09751322865486145,0.8493388891220093,141,301
205,6833,20,0.210961252450943,0.5187616348266602,0.08520930260419846,0.006640826351940632,202,280
205,6833,21,0.14875802397727966,0.5491023659706116,-0.09022503346204758,0.7346943020820618,142,296
205,6833,22,0.2114683985710144,0.5118951797485352,0.08770468831062317,0.0074069080874323845,203,276
205,6833,23,0.19988679885864258,0.5266106128692627,-0.06683845818042755,0.9999678134918213,191,284
205,6833,24,0.21596591174602509,0.5234474539756775,0.06676540523767471,0.9999114274978638,207,282
205,6833,25,0.18916800618171692,0.657669723033905,-0.09052706509828568,0.9514139294624329,181,355
205,6833,26,0.1891382783651352,0.6440891623497009,0.06146148219704628,0.32873091101646423,181,347
205,6833,27,0.24689699709415436,0.7452483773231506,-0.07084671407938004,0.9579147100448608,237,402
205,6833,28,0.20033350586891174,0.7690781950950623,0.07470395416021347,0.6881071925163269,192,415
205,6833,29,0.26307326555252075,0.742888867855072,-0.07017941772937775,0.8052157163619995,252,401
205,6833,30,0.20897772908210754,0.7945108413696289,0.07427752017974854,0.686643660068512,200,429
205,6833,31,0.2405925691127777,0.8050720691680908,-0.09638187289237976,0.930482029914856,230,434
205,6833,32,0.16782021522521973,0.7873566746711731,0.05657082423567772,0.7440451979637146,161,425
206,6866,0,0.17959608137607574,0.29927703738212585,0.024780113250017166,0.9961527585983276,172,161
206,6866,1,0.17827123403549194,0.2901841104030609,0.010633819736540318,0.9950083494186401,171,156
206,6866,2,0.17681831121444702,0.29058682918548584,0.010522112250328064,0.9954751133918762,169,156
206,6866,3,0.17531061172485352,0.2909730076789856,0.010506599210202694,0.9967705607414246,168,157
206,6866,4,0.1842033416032791,0.2888649106025696,0.02538781240582466,0.9941588640213013,176,155
206,6866,5,0.1864292025566101,0.28850871324539185,0.025229183956980705,0.9947574734687805,178,155
206,6866,6,0.1883324682712555,0.2881196141242981,0.025195542722940445,0.9958307147026062,180,155
206,6866,7,0.177421435713768,0.2967890202999115,-0.03609491139650345,0.9986105561256409,170,160
206,6866,8,0.1937543749809265,0.29455575346946716,0.02998153492808342,0.9929266571998596,186,159
206,6866,9,0.17943856120109558,0.3100845515727997,0.011309538967907429,0.9962272644042969,172,167
206,6866,10,0.18412841856479645,0.309652715921402,0.029412508010864258,0.9935194253921509,176,167
206,6866,11,0.18352459371089935,0.3571222126483917,-0.1035684272646904,0.9999769926071167,176,192
206,6866,12,0.20960775017738342,0.35296499729156494,0.08224347233772278,0.9985523223876953,201,190
206,6866,13,0.17582014203071594,0.45996159315109253,-0.130301371216774,0.9785588979721069,168,248
206,6866,14,0.21256613731384277,0.44420379400253296,0.09471595287322998,0.014354534447193146,204,239
206,6866,15,0.152784064412117,0.5368747711181641,-0.11294229328632355,0.9100633859634399,146,289
206,6866,16,0.2013143002986908,0.5028860569000244,0.06992559134960175,0.004117801319807768,193,271
206,6866,17,0.1501152217388153,0.5623598694801331,-0.12592433393001556,0.8638582229614258,144,303
206,6866,18,0.19824886322021484,0.5209112763404846,0.07112693786621094,0.007088298909366131,190,281
206,6866,19,0.14669452607631683,0.5622134804725647,-0.11922366172075272,0.8522962331771851,140,303
206,6866,20,0.19711092114448547,0.5210894346237183,0.05803746357560158,0.006776492111384869,189,281
206,6866,21,0.14804615080356598,0.5531235933303833,-0.10839489847421646,0.7387011051177979,142,298
206,6866,22,0.1968614161014557,0.5142362117767334,0.0626106783747673,0.007480998523533344,188,277
206,6866,23,0.19223695993423462,0.5235103368759155,-0.05888829380273819,0.9999692440032959,184,282
206,6866,24,0.2080327719449997,0.521211564540863,0.05881858617067337,0.999914824962616,199,281
206,6866,25,0.1759575456380844,0.651216983795166,-0.08298154175281525,0.9478811025619507,168,351
206,6866,26,0.18502193689346313,0.638726532459259,0.059148140251636505,0.3100278675556183,177,344
206,6866,27,0.2259705364704132,0.7440541982650757,-0.05131073296070099,0.9546977281570435,216,401
206,6866,28,0.19925056397914886,0.7564470767974854,0.08569002896547318,0.6594143509864807,191,408
206,6866,29,0.24014678597450256,0.7435237169265747,-0.04784538596868515,0.8063557147979736,230,401
206,6866,30,0.20784984529018402,0.7729032635688782,0.08699885755777359,0.6590233445167542,199,417
206,6866,31,0.21914586424827576,0.8054225444793701,-0.06263935565948486,0.9274685978889465,210,434
206,6866,32,0.16954945027828217,0.7873202562332153,0.06867358088493347,0.7182618975639343,162,425
207,6900,0,0.17796654999256134,0.29828840494155884,0.023050595074892044,0.9963845610618591,170,161
207,6900,1,0.17678216099739075,0.288908988237381,0.008229389786720276,0.9953425526618958,169,156
207,6900,2,0.17537154257297516,0.28933629393577576,0.008111155591905117,0.9957762360572815,168,156
207,6900,3,0.17395876348018646,0.2897491753101349,0.008101650513708591,0.9969820976257324,167,156
207,6900,4,0.182893767952919,0.28724226355552673,0.023530183359980583,0.9945136308670044,175,155
207,6900,5,0.18516911566257477,0.286715030670166,0.023372679948806763,0.9950745105743408,177,154
207,6900,6,0.18713682889938354,0.28616368770599365,0.02333393692970276,0.9960609078407288,179,154
207,6900,7,0.17608316242694855,0.2954806089401245,-0.03682596608996391,0.9987038373947144,169,159
207,6900,8,0.1927187293767929,0.292343407869339,0.02933797612786293,0.9933338761329651,185,157
207,6900,9,0.17793458700180054,0.3091212809085846,0.009943753480911255,0.9964404106140137,170,166
207,6900,10,0.18268200755119324,0.3085970878601074,0.0285636056214571,0.9938306212425232,175,166
207,6900,11,0.1817038208246231,0.35650545358657837,-0.10569221526384354,0.9999775886535645,174,192
207,6900,12,0.2099945843219757,0.3524337112903595,0.0763557106256485,0.9986020922660828,201,190
207,6900,13,0.17515911161899567,0.4592151939868927,-0.13977651298046112,0.9800995588302612,168,247
207,6900,14,0.2126653492450714,0.4426783323287964,0.08624439686536789,0.016356702893972397,204,239
207,6900,15,0.1525210738182068,0.538379967212677,-0.12194984406232834,0.913363516330719,146,290
207,6900,16,0.20088981091976166,0.5030512809753418,0.06789080053567886,0.003992972895503044,192,271
207,6900,17,0.14963196218013763,0.5653531551361084,-0.13383357226848602,0.8674233555793762,143,305
207,6900,18,0.19589339196681976,0.522239089012146,0.07130374759435654,0.006745553575456142,188,282
207,6900,19,0.14680463075637817,0.5659170150756836,-0.1266874372959137,0.8559988141059875,140,305
207,6900,20,0.1936679482460022,0.5224380493164062,0.059126924723386765,0.006443418562412262,185,282
207,6900,21,0.14791329205036163,0.5570682883262634,-0.1170167401432991,0.7442473769187927,141,300
207,6900,22,0.19484643638134003,0.515433669090271,0.061324309557676315,0.007135999854654074,187,278
207,6900,23,0.19002622365951538,0.5205522775650024,-0.05883735045790672,0.9999702572822571,182,281
207,6900,24,0.20759864151477814,0.5194225907325745,0.05876857042312622,0.9999167323112488,199,280
207,6900,25,0.17458565533161163,0.6484953761100769,-0.0824815109372139,0.9487398862838745,167,350
207,6900,26,0.1844203770160675,0.6327276825904846,0.05963456630706787,0.30272477865219116,177,341
207,6900,27,0.22569242119789124,0.7444977164268494,-0.045532502233982086,0.9566245079040527,216,402
207,6900,28,0.19989635050296783,0.7480555176734924,0.09830992668867111,0.6498100757598877,191,403
207,6900,29,0.2396773397922516,0.7448790073394775,-0.04328354448080063,0.8200804591178894,230,402
207,6900,30,0.2080971896648407,0.7572854161262512,0.1014346033334732,0.656315267086029,199,408
207,6900,31,0.2200506329536438,0.8056883215904236,-0.061027221381664276,0.9306948781013489,211,435
207,6900,32,0.17638209462165833,0.7862013578414917,0.09260328859090805,0.7067511677742004,169,424
208,6933,0,0.17386707663536072,0.2972068190574646,-0.015619790181517601,0.9962121248245239,166,160
208,6933,1,0.171982541680336,0.2881919741630554,-0.030274061486124992,0.9951459765434265,165,155
208,6933,2,0.17033487558364868,0.28863227367401123,-0.030407370999455452,0.995625913143158,163,155
208,6933,3,0.1686801165342331,0.2891061007976532,-0.030393177643418312,0.9968355298042297,161,156
208,6933,4,0.1776757389307022,0.2864774465560913,-0.01840163581073284,0.9942494630813599,170,154
208,6933,5,0.17976097762584686,0.2858705222606659,-0.018569938838481903,0.9948920607566833,172,154
208,6933,6,0.18190762400627136,0.2852732837200165,-0.01864052563905716,0.9958346486091614,174,154
208,6933,7,0.16903726756572723,0.29484689235687256,-0.07180895656347275,0.9986483454704285,162,159
208,6933,8,0.18648821115493774,0.2914118766784668,-0.018958108499646187,0.9931939244270325,179,157
208,6933,9,0.1730886995792389,0.30796733498573303,-0.026071932166814804,0.9962658882141113,166,166
208,6933,10,0.1781332939863205,0.30671820044517517,-0.011874083429574966,0.9935764670372009,171,165
208,6933,11,0.17385543882846832,0.3559436500072479,-0.11707190424203873,0.9999763369560242,166,192
208,6933,12,0.20314647257328033,0.3510303497314453,0.03579910472035408,0.9985362887382507,195,189
208,6933,13,0.17104484140872955,0.45806998014450073,-0.14325548708438873,0.9797858595848083,164,247
208,6933,14,0.20325329899787903,0.44354256987571716,0.0496852733194828,0.015708645805716515,195,239
208,6933,15,0.14969222247600555,0.5387360453605652,-0.13752654194831848,0.913158118724823,143,290
208,6933,16,0.18883582949638367,0.5139719247817993,0.038659460842609406,0.0038286440540105104,181,277
208,6933,17,0.14771948754787445,0.5651969909667969,-0.15103034675121307,0.8674542903900146,141,305
208,6933,18,0.18473052978515625,0.5311774611473083,0.040008075535297394,0.006408004555851221,177,286
208,6933,19,0.146094411611557,0.5657250285148621,-0.14809007942676544,0.8565725088119507,140,305
208,6933,20,0.1824507862329483,0.5302848815917969,0.027701502665877342,0.006129713263362646,175,286
208,6933,21,0.14627748727798462,0.5568722486495972,-0.13493496179580688,0.7456304430961609,140,300
208,6933,22,0.18268269300460815,0.524871289730072,0.03249777480959892,0.0067617143504321575,175,283
208,6933,23,0.17909735441207886,0.5211959481239319,-0.05426834523677826,0.9999678730964661,171,281
208,6933,24,0.2004798799753189,0.5196912884712219,0.054228927940130234,0.9999099373817444,192,280
208,6933,25,0.1612137109041214,0.6426287293434143,-0.008061940781772137,0.9274283051490784,154,347
208,6933,26,0.18363305926322937,0.6313838958740234,0.0808548778295517,0.27837246656417847,176,340
208,6933,27,0.20010514557361603,0.7432325482368469,0.047109320759773254,0.9449422955513,192,401
208,6933,28,0.1967807412147522,0.7452960014343262,0.11126687377691269,0.6093157529830933,188,402
208,6933,29,0.20960654318332672,0.7455441951751709,0.051003508269786835,0.8145567774772644,201,402
208,6933,30,0.2043648660182953,0.7626587152481079,0.11314794421195984,0.6261740326881409,196,411
208,6933,31,0.1767929643392563,0.7877204418182373,0.03488718345761299,0.9144936800003052,169,425
208,6933,32,0.17466826736927032,0.7830179333686829,0.10311735421419144,0.6663824915885925,167,422
209,6966,0,0.17325863242149353,0.2972540855407715,-0.025776121765375137,0.9959173202514648,166,160
209,6966,1,0.17121651768684387,0.2882106602191925,-0.03900758549571037,0.9947522878646851,164,155
209,6966,2,0.16988977789878845,0.28868383169174194,-0.039131224155426025,0.9952744245529175,163,155
209,6966,3,0.1684940755367279,0.28920412063598633,-0.039112381637096405,0.9965381026268005,161,156
209,6966,4,0.17594370245933533,0.2865332067012787,-0.026979960501194,0.9938605427742004,168,154
209,6966,5,0.17756488919258118,0.28593865036964417,-0.027142183855175972,0.9945899844169617,170,154
209,6966,6,0.17915818095207214,0.28535130620002747,-0.027218380942940712,0.995552659034729,171,154
209,6966,7,0.16910187900066376,0.2949484586715698,-0.07394853234291077,0.9985290765762329,162,159
209,6966,8,0.18374308943748474,0.29132407903671265,-0.019759714603424072,0.9929490089416504,176,157
209,6966,9,0.17314839363098145,0.3080516755580902,-0.03361651673913002,0.9958739280700684,166,166
209,6966,10,0.177339106798172,0.30681976675987244,-0.01922033354640007,0.9930428862571716,170,165
209,6966,11,0.17496134340763092,0.3555416464805603,-0.11747298389673233,0.9999731779098511,167,191
209,6966,12,0.20068900287151337,0.35119760036468506,0.03927931562066078,0.998332679271698,192,189
209,6966,13,0.17136697471141815,0.457984060049057,-0.13894203305244446,0.9791532158851624,164,247
209,6966,14,0.19794777035713196,0.44416365027427673,0.0560484416782856,0.01484602876007557,190,239
209,6966,15,0.14937734603881836,0.5405026078224182,-0.12739668786525726,0.9064887762069702,143,291
209,6966,16,0.18449631333351135,0.516119122505188,0.0447971485555172,0.0035961868707090616,177,278
209,6966,17,0.14787398278713226,0.5656517148017883,-0.14128641784191132,0.858045220375061,141,305
209,6966,18,0.18038803339004517,0.5326654314994812,0.04578181728720665,0.005986190866678953,173,287
209,6966,19,0.14623799920082092,0.5668678879737854,-0.13461513817310333,0.847335934638977,140,306
209,6966,20,0.17765602469444275,0.5323185324668884,0.033694539219141006,0.005734193604439497,170,287
209,6966,21,0.14651447534561157,0.5572039484977722,-0.12281962484121323,0.7342150807380676,140,300
209,6966,22,0.17851762473583221,0.5265922546386719,0.03861575946211815,0.006316544488072395,171,284
209,6966,23,0.17950288951396942,0.5217891335487366,-0.0531342513859272,0.999957799911499,172,281
209,6966,24,0.1976199746131897,0.5200197100639343,0.05311832204461098,0.9998825192451477,189,280
209,6966,25,0.16279245913028717,0.6414852142333984,-0.010082246735692024,0.9030116200447083,156,346
209,6966,26,0.18257127702236176,0.6321408748626709,0.08168453723192215,0.2540309429168701,175,341
209,6966,27,0.19599729776382446,0.7431792616844177,0.05422259122133255,0.9249213337898254,188,401
209,6966,28,0.19358691573143005,0.7391035556793213,0.12358736246824265,0.5610818266868591,185,399
209,6966,29,0.20708860456943512,0.7498254179954529,0.05918196961283684,0.7989274859428406,198,404
209,6966,30,0.2046012282371521,0.7580744028091431,0.12666228413581848,0.5870163440704346,196,409
209,6966,31,0.17046119272708893,0.7870625853538513,0.03982328251004219,0.8891746997833252,163,425
209,6966,32,0.1737581193447113,0.7818699479103088,0.1143956333398819,0.6173287630081177,166,422
210,7000,0,0.16773401200771332,0.2983529269695282,-0.015443917363882065,0.9955595135688782,161,161
210,7000,1,0.1651282161474228,0.28906986117362976,-0.030439896509051323,0.9941782355308533,158,156
210,7000,2,0.16336169838905334,0.289617657661438,-0.03046058490872383,0.9946945905685425,156,156
210,7000,3,0.16164530813694,0.290203720331192,-0.03046640381217003,0.9961022138595581,155,156
210,7000,4,0.17090600728988647,0.2869659960269928,-0.014150777831673622,0.9934362173080444,164,154
210,7000,5,0.17308910191059113,0.2862382233142853,-0.014302674680948257,0.9942205548286438,166,154
210,7000,6,0.1751982867717743,0.28557494282722473,-0.014360282570123672,0.9953076243400574,168,154
210,7000,7,0.16167356073856354,0.296177476644516,-0.06935064494609833,0.9983890652656555,155,159
210,7000,8,0.1794084757566452,0.291348397731781,-0.01386698056012392,0.992973268032074,172,157
210,7000,9,0.16636966168880463,0.3092731833457947,-0.023500433191657066,0.9957888126373291,159,167
210,7000,10,0.17172686755657196,0.3079139292240143,-0.006009986158460379,0.9930369257926941,164,166
210,7000,11,0.16534985601902008,0.3559667766094208,-0.10201242566108704,0.9999723434448242,158,192
210,7000,12,0.1969068944454193,0.3542194962501526,0.029744811356067657,0.9983705282211304,189,191
210,7000,13,0.16046850383281708,0.4604165852069855,-0.11585989594459534,0.9722384810447693,154,248
210,7000,14,0.19841518998146057,0.4643215239048004,0.041672833263874054,0.014291464351117611,190,250
210,7000,15,0.14773298799991608,0.5404036641120911,-0.10173860937356949,0.865776538848877,141,291
210,7000,16,0.17826132476329803,0.5287867784500122,0.04178933426737785,0.003352157538756728,171,285
210,7000,17,0.14560182392597198,0.5655061602592468,-0.1099027693271637,0.8160616755485535,139,305
210,7000,18,0.1731838881969452,0.5438793301582336,0.04273764044046402,0.00555008091032505,166,293
210,7000,19,0.14479906857013702,0.5664292573928833,-0.11080070585012436,0.8055005073547363,139,305
210,7000,20,0.1700088232755661,0.5437023639678955,0.032397933304309845,0.005316823720932007,163,293
210,7000,21,0.14493335783481598,0.5568822622299194,-0.10067041963338852,0.6919363141059875,139,300
210,7000,22,0.17099955677986145,0.5378831028938293,0.036538612097501755,0.005847251042723656,164,290
210,7000,23,0.1689915657043457,0.5313652157783508,-0.04619549587368965,0.999954879283905,162,286
210,7000,24,0.1916806399822235,0.5305898189544678,0.046149738132953644,0.999878466129303,184,286
210,7000,25,0.14775291085243225,0.6451792120933533,-0.00879409909248352,0.8860840201377869,141,348
210,7000,26,0.175669327378273,0.6375676989555359,0.07451168447732925,0.23408903181552887,168,344
210,7000,27,0.18710558116436005,0.7511276006698608,0.0490235909819603,0.9036898016929626,179,405
210,7000,28,0.1916314959526062,0.7469321489334106,0.10844894498586655,0.5186555981636047,183,403
210,7000,29,0.19893918931484222,0.7688618302345276,0.053625550121068954,0.7770701050758362,190,415
210,7000,30,0.20244106650352478,0.7713243961334229,0.1108839213848114,0.5490383505821228,194,416
210,7000,31,0.16252383589744568,0.7901787757873535,0.042652733623981476,0.8625595569610596,156,426
210,7000,32,0.16758598387241364,0.787190318107605,0.10811444371938705,0.5726112127304077,160,425
211,7033,0,0.1650836169719696,0.30038949847221375,-0.009649320505559444,0.9956446886062622,158,162
211,7033,1,0.16256217658519745,0.29099735617637634,-0.024539239704608917,0.9942336082458496,156,157
211,7033,2,0.16107481718063354,0.2915317714214325,-0.02462092787027359,0.9947170615196228,154,157
211,7033,3,0.1595681607723236,0.29208388924598694,-0.024605652317404747,0.9960759878158569,153,157
211,7033,4,0.16835957765579224,0.28846511244773865,-0.010996025055646896,0.9936150312423706,161,155
211,7033,5,0.17047324776649475,0.2874942421913147,-0.011158802546560764,0.9944086670875549,163,155
211,7033,6,0.17247475683689117,0.28657832741737366,-0.011221797205507755,0.9954553842544556,165,154
211,7033,7,0.16082391142845154,0.29738011956214905,-0.06572267413139343,0.9983810782432556,154,160
211,7033,8,0.17771464586257935,0.2913748025894165,-0.00905078835785389,0.9932998418807983,170,157
211,7033,9,0.16476751863956451,0.3105066120624542,-0.019266938790678978,0.9957209229469299,158,167
211,7033,10,0.16981945931911469,0.30904632806777954,-0.00347490468993783,0.9930782914161682,163,166
211,7033,11,0.16609567403793335,0.35591423511505127,-0.10399111360311508,0.9999691247940063,159,192
211,7033,12,0.19691677391529083,0.3542324900627136,0.0411498062312603,0.9983162879943848,189,191
211,7033,13,0.16197790205478668,0.45887744426727295,-0.1213681623339653,0.9678118228912354,155,247
211,7033,14,0.19440858066082,0.4630126953125,0.05173026770353317,0.013430038467049599,186,250
211,7033,15,0.14862915873527527,0.5395903587341309,-0.10756762325763702,0.8334088921546936,142,291
211,7033,16,0.17853417992591858,0.5264125466346741,0.041422002017498016,0.003114799503237009,171,284
211,7033,17,0.14582358300685883,0.5651695132255554,-0.11576889455318451,0.7820366024971008,139,305
211,7033,18,0.17408356070518494,0.5420110821723938,0.04155545309185982,0.005146404728293419,167,292
211,7033,19,0.1453760266304016,0.5659809708595276,-0.1174730584025383,0.7715138792991638,139,305
211,7033,20,0.1709885150194168,0.5419806838035583,0.031059734523296356,0.004934180993586779,164,292
211,7033,21,0.14571884274482727,0.5566996932029724,-0.10674478858709335,0.6555382609367371,139,300
211,7033,22,0.17176488041877747,0.5359771847724915,0.0358421690762043,0.005414605140686035,164,289
211,7033,23,0.17111222445964813,0.5315773487091064,-0.04832708090543747,0.9999343156814575,164,287
211,7033,24,0.19324439764022827,0.5320108532905579,0.04829064756631851,0.9998326301574707,185,287
211,7033,25,0.1498599797487259,0.6457138657569885,-0.008488894440233707,0.8579516410827637,143,348
211,7033,26,0.1795671284198761,0.6370050311088562,0.0739198699593544,0.2127223163843155,172,343
211,7033,27,0.18765631318092346,0.7575185298919678,0.03990420326590538,0.8805356621742249,180,409
211,7033,28,0.19216109812259674,0.7515138387680054,0.10609815269708633,0.47448617219924927,184,405
211,7033,29,0.1998746693134308,0.7815130352973938,0.04283295199275017,0.7592296600341797,191,422
211,7033,30,0.20212556421756744,0.7772505879402161,0.10780791193246841,0.5103276968002319,194,419
211,7033,31,0.16098572313785553,0.797844409942627,0.021564431488513947,0.8374550938606262,154,430
211,7033,32,0.1668035089969635,0.7898573279380798,0.09963283687829971,0.5277295112609863,160,426
212,7066,0,0.15905101597309113,0.30074432492256165,-0.007574430666863918,0.9951714277267456,152,162
212,7066,1,0.15682503581047058,0.29118308424949646,-0.02328270487487316,0.993553876876831,150,157
212,7066,2,0.15520387887954712,0.29176703095436096,-0.02338414080440998,0.9940754771232605,148,157
212,7066,3,0.15357281267642975,0.29238373041152954,-0.023377735167741776,0.9955968856811523,147,157
212,7066,4,0.162445530295372,0.28852882981300354,-0.01113534439355135,0.9930540919303894,155,155
212,7066,5,0.16431085765361786,0.28753215074539185,-0.011297078803181648,0.9939567446708679,157,155
212,7066,6,0.1663960963487625,0.28658902645111084,-0.011356583796441555,0.9950631260871887,159,154
212,7066,7,0.15401135385036469,0.29783186316490173,-0.06806202232837677,0.9982385635375977,147,160
212,7066,8,0.17041918635368347,0.29142388701438904,-0.015423676930367947,0.9930253028869629,163,157
212,7066,9,0.15799875557422638,0.31145450472831726,-0.01847285032272339,0.9953609108924866,151,168
212,7066,10,0.16275383532047272,0.3094669580459595,-0.004050608724355698,0.9925578236579895,156,167
212,7066,11,0.15848438441753387,0.3559272587299347,-0.10535217821598053,0.9999644756317139,152,192
212,7066,12,0.18874484300613403,0.3542456030845642,0.03507363423705101,0.9981343746185303,181,191
212,7066,13,0.158936008810997,0.4568588137626648,-0.1268460601568222,0.9601565003395081,152,246
212,7066,14,0.18840140104293823,0.46186843514442444,0.041586145758628845,0.012422416359186172,180,249
212,7066,15,0.14643697440624237,0.5395230054855347,-0.11893537640571594,0.7996931672096252,140,291
212,7066,16,0.17624889314174652,0.5276238918304443,0.025555402040481567,0.0029728184454143047,169,284
212,7066,17,0.1443895399570465,0.5635676980018616,-0.12929877638816833,0.7478290796279907,138,304
212,7066,18,0.1720302402973175,0.541822612285614,0.024112755432724953,0.004937207791954279,165,292
212,7066,19,0.1440446823835373,0.5658624768257141,-0.12986910343170166,0.737663209438324,138,305
212,7066,20,0.16981841623783112,0.5432664752006531,0.013093245215713978,0.004744078032672405,163,293
212,7066,21,0.14431102573871613,0.5564296841621399,-0.11780496686697006,0.62110835313797,138,300
212,7066,22,0.1697109490633011,0.5374762415885925,0.019587494432926178,0.0051668318919837475,162,290
212,7066,23,0.16106031835079193,0.5342298746109009,-0.04832160100340843,0.9999198317527771,154,288
212,7066,24,0.1876266598701477,0.5336338877677917,0.04828623682260513,0.9997998476028442,180,288
212,7066,25,0.13506169617176056,0.6429944038391113,-0.011233076453208923,0.8518039584159851,129,347
212,7066,26,0.17968346178531647,0.6370140314102173,0.07462192326784134,0.1969081610441208,172,343
212,7066,27,0.1621960550546646,0.7624300718307495,0.028749067336320877,0.8804514408111572,155,411
212,7066,28,0.1927444338798523,0.7600513100624084,0.10089731216430664,0.45098230242729187,185,410
212,7066,29,0.17641231417655945,0.7839464545249939,0.030651072040200233,0.7625995874404907,169,423
212,7066,30,0.19966059923171997,0.7859624624252319,0.10122333467006683,0.4936884939670563,191,424
212,7066,31,0.13170844316482544,0.8022620677947998,0.004607012961059809,0.8343059420585632,126,433
212,7066,32,0.1673307567834854,0.7894116640090942,0.08352553844451904,0.5032598972320557,160,426
213,7100,0,0.15644951164722443,0.30089887976646423,-0.005394620820879936,0.9954943656921387,150,162
213,7100,1,0.15463042259216309,0.2914193868637085,-0.02150839939713478,0.9939960241317749,148,157
213,7100,2,0.1533346325159073,0.29197269678115845,-0.02161339297890663,0.9944761991500854,147,157
213,7100,3,0.15199987590312958,0.2925463020801544,-0.021600553765892982,0.9958759546279907,145,157
213,7100,4,0.1598498821258545,0.2887539565563202,-0.008949161507189274,0.9935582876205444,153,155
213,7100,5,0.16162174940109253,0.28773364424705505,-0.009110195562243462,0.9944016337394714,155,155
213,7100,6,0.1639741212129593,0.2866973280906677,-0.009172552265226841,0.9954095482826233,157,154
213,7100,7,0.1532590687274933,0.2980927526950836,-0.06897494941949844,0.998349130153656,147,160
213,7100,8,0.1690487116575241,0.29146620631217957,-0.013042137958109379,0.9935398101806641,162,157
213,7100,9,0.15638796985149384,0.3115915358066559,-0.017102111130952835,0.9956109523773193,150,168
213,7100,10,0.1609697937965393,0.3096857964992523,-0.002071881666779518,0.9929951429367065,154,167
213,7100,11,0.15662962198257446,0.35596585273742676,-0.11189734935760498,0.9999640583992004,150,192
213,7100,12,0.18913350999355316,0.35424983501434326,0.03518509492278099,0.9981911778450012,181,191
213,7100,13,0.15614230930805206,0.4568001627922058,-0.13022556900978088,0.96141117811203,149,246
213,7100,14,0.1891055852174759,0.4606906771659851,0.040057018399238586,0.013951626606285572,181,248
213,7100,15,0.14433977007865906,0.5395190119743347,-0.11564156413078308,0.7862083911895752,138,291
213,7100,16,0.17436853051185608,0.5281321406364441,0.028141837567090988,0.002896342659369111,167,285
213,7100,17,0.14362768828868866,0.5636623501777649,-0.12269175052642822,0.7300958037376404,137,304
213,7100,18,0.1699528694152832,0.5444559454917908,0.028963305056095123,0.004735472612082958,163,294
213,7100,19,0.14277061820030212,0.5656333565711975,-0.1248706504702568,0.7195028066635132,137,305
213,7100,20,0.16722577810287476,0.5449380278587341,0.018549015745520592,0.004543876741081476,160,294
213,7100,21,0.14269191026687622,0.5564857125282288,-0.11530661582946777,0.6022580862045288,136,300
213,7100,22,0.16779758036136627,0.5385920405387878,0.022562798112630844,0.004945916589349508,161,290
213,7100,23,0.15907087922096252,0.5359935760498047,-0.049245063215494156,0.9999195337295532,152,289
213,7100,24,0.18838928639888763,0.5338668823242188,0.04920535534620285,0.9998011589050293,180,288
213,7100,25,0.1353285163640976,0.64117032289505,-0.0007057657930999994,0.8623217940330505,129,346
213,7100,26,0.1812729686498642,0.63767409324646,0.09612715989351273,0.20532403886318207,174,344
213,7100,27,0.15983308851718903,0.7616112232208252,0.03473149985074997,0.8904921412467957,153,411
213,7100,28,0.1934201717376709,0.764633297920227,0.10670056194067001,0.47968852519989014,185,412
213,7100,29,0.1718127429485321,0.7796561121940613,0.036204993724823,0.7822633385658264,164,421
213,7100,30,0.19969555735588074,0.7889651656150818,0.10516370087862015,0.5229611396789551,191,426
213,7100,31,0.13145750761032104,0.8033389449119568,0.011026264168322086,0.8462958335876465,126,433
213,7100,32,0.16996422410011292,0.7907066941261292,0.08564908802509308,0.5234630703926086,163,426
214,7133,0,0.15040750801563263,0.30423420667648315,0.040137045085430145,0.9958338141441345,144,164
214,7133,1,0.14786480367183685,0.2937858998775482,0.021138262003660202,0.9944565892219543,141,158
214,7133,2,0.14619334042072296,0.2942906618118286,0.0210377536714077,0.9949087500572205,140,158
214,7133,3,0.14451971650123596,0.294809490442276,0.02105984464287758,0.9961949586868286,138,159
214,7133,4,0.15382279455661774,0.2915518581867218,0.03273989260196686,0.9940606951713562,147,157
214,7133,5,0.155966654419899,0.2905413508415222,0.03260105848312378,0.9948410391807556,149,156
214,7133,6,0.15835711359977722,0.2895517647266388,0.032554853707551956,0.9957560300827026,152,156
214,7133,7,0.14530505239963531,0.30086031556129456,-0.04251096025109291,0.9984796047210693,139,162
214,7133,8,0.16277717053890228,0.293948233127594,0.00937703438103199,0.9940586090087891,156,158
214,7133,9,0.1496446579694748,0.31514737010002136,0.02223014459013939,0.9959622025489807,143,170
214,7133,10,0.15440703928470612,0.31426817178726196,0.03618337959051132,0.9935420155525208,148,169
214,7133,11,0.14897868037223816,0.3570598363876343,-0.09940435737371445,0.9999661445617676,143,192
214,7133,12,0.1837746649980545,0.3583196997642517,0.03567101061344147,0.9982689023017883,176,193
214,7133,13,0.14821763336658478,0.45690858364105225,-0.12444392591714859,0.9637011289596558,142,246
214,7133,14,0.18022386729717255,0.46012651920318604,0.048283353447914124,0.016289301216602325,173,248
214,7133,15,0.1411839872598648,0.5406571626663208,-0.11540229618549347,0.7993239164352417,135,291
214,7133,16,0.14751596748828888,0.47618746757507324,0.03541310504078865,0.003541803453117609,141,257
214,7133,17,0.14141565561294556,0.5651564598083496,-0.12116315960884094,0.7456066012382507,135,305
214,7133,18,0.14317387342453003,0.4895161986351013,0.03386666998267174,0.005629231687635183,137,264
214,7133,19,0.1407693475484848,0.5690848231315613,-0.12459955364465714,0.7354699969291687,135,307
214,7133,20,0.1394021064043045,0.485594242811203,0.021036049351096153,0.0053665670566260815,133,262
214,7133,21,0.14055036008358002,0.5587109327316284,-0.11416434496641159,0.6230783462524414,134,301
214,7133,22,0.1411900669336319,0.4841952323913574,0.02880818210542202,0.005783443339169025,135,261
214,7133,23,0.15290071070194244,0.5362196564674377,-0.04853596165776253,0.9999204874038696,146,289
214,7133,24,0.1845083385705948,0.5344542264938354,0.04849224165081978,0.9997997283935547,177,288
214,7133,25,0.1293242871761322,0.641704797744751,0.006116925273090601,0.87259840965271,124,346
214,7133,26,0.18216048181056976,0.638929009437561,0.09123110771179199,0.21608766913414001,174,345
214,7133,27,0.1405523270368576,0.7699692845344543,0.029469406232237816,0.9005436301231384,134,415
214,7133,28,0.19382958114147186,0.7642959952354431,0.09429816901683807,0.5071301460266113,186,412
214,7133,29,0.15052182972431183,0.7956961393356323,0.031586721539497375,0.8017418384552002,144,429
214,7133,30,0.20040570199489594,0.7885071635246277,0.09315400570631027,0.5521177053451538,192,425
214,7133,31,0.10238102823495865,0.8017581105232239,0.00912726204842329,0.8595283031463623,98,432
214,7133,32,0.1697499006986618,0.7894309163093567,0.08271035552024841,0.5456187129020691,162,426
215,7166,0,0.1491575390100479,0.30502572655677795,0.03286595642566681,0.9960549473762512,143,164
215,7166,1,0.14671272039413452,0.2942706346511841,0.01528178434818983,0.9947677850723267,140,158
215,7166,2,0.1452641487121582,0.2946954369544983,0.015187634155154228,0.9951750040054321,139,159
215,7166,3,0.14379175007343292,0.29513606429100037,0.0152078066021204,0.9963791370391846,138,159
215,7166,4,0.15219123661518097,0.29238393902778625,0.027010150253772736,0.9944562911987305,146,157
215,7166,5,0.1542404145002365,0.29157036542892456,0.02685653232038021,0.9951925873756409,148,157
215,7166,6,0.15675005316734314,0.29073333740234375,0.026797737926244736,0.9960425496101379,150,156
215,7166,7,0.14463025331497192,0.30134040117263794,-0.04225897043943405,0.9985489845275879,138,162
215,7166,8,0.1618071347475052,0.29558926820755005,0.010046025738120079,0.9944912791252136,155,159
215,7166,9,0.1489388346672058,0.3156335651874542,0.0172333512455225,0.9961486458778381,142,170
215,7166,10,0.15329737961292267,0.3150978684425354,0.03130026161670685,0.9939059615135193,147,170
215,7166,11,0.1476001888513565,0.36037200689315796,-0.09536825120449066,0.9999647736549377,141,194
215,7166,12,0.1832764893770218,0.35831478238105774,0.04026021808385849,0.9983634948730469,175,193
215,7166,13,0.14628349244594574,0.45879676938056946,-0.11653566360473633,0.9612669348716736,140,247
215,7166,14,0.18373458087444305,0.45959019660949707,0.046123865991830826,0.01957402564585209,176,248
215,7166,15,0.1398930549621582,0.5416063070297241,-0.09467842429876328,0.7621685862541199,134,292
215,7166,16,0.16501255333423615,0.5031018853187561,0.039105646312236786,0.0036095522809773684,158,271
215,7166,17,0.13981933891773224,0.5649710297584534,-0.09950141608715057,0.7084091901779175,134,305
215,7166,18,0.1610725075006485,0.5182587504386902,0.03772161155939102,0.005586792714893818,154,279
215,7166,19,0.13919697701931,0.5688248872756958,-0.10031399875879288,0.6977291703224182,133,307
215,7166,20,0.15780416131019592,0.5138174891471863,0.023613272234797478,0.005304522812366486,151,277
215,7166,21,0.1398153305053711,0.558588445186615,-0.09289686381816864,0.587418258190155,134,301
215,7166,22,0.15876738727092743,0.5094576478004456,0.03167082741856575,0.005690387915819883,152,275
215,7166,23,0.1542470008134842,0.5362857580184937,-0.047025181353092194,0.9999216794967651,148,289
215,7166,24,0.18553873896598816,0.534173309803009,0.046967726200819016,0.9998066425323486,178,288
215,7166,25,0.1280837208032608,0.6421647071838379,0.0050838110037148,0.88246750831604,122,346
215,7166,26,0.1827012598514557,0.6390625834465027,0.0903150737285614,0.2395884096622467,175,345
215,7166,27,0.1378326117992401,0.7703452110290527,0.03642941638827324,0.9091917872428894,132,415
215,7166,28,0.1940978616476059,0.7645548582077026,0.09637768566608429,0.5380967855453491,186,412
215,7166,29,0.14865702390670776,0.79510498046875,0.03797485679388046,0.8185075521469116,142,429
215,7166,30,0.20054057240486145,0.789985716342926,0.09610243886709213,0.5822303891181946,192,426
215,7166,31,0.1011577844619751,0.8003019094467163,0.0161138866096735,0.8694266080856323,97,432
215,7166,32,0.16980354487895966,0.7883279919624329,0.08413431793451309,0.5650440454483032,163,425
216,7200,0,0.1424054205417633,0.30529096722602844,0.04220467060804367,0.996379017829895,136,164
216,7200,1,0.13996201753616333,0.2948140799999237,0.02295309491455555,0.9952095150947571,134,159
216,7200,2,0.1382707804441452,0.2952738404273987,0.02284698374569416,0.9955837726593018,132,159
216,7200,3,0.13659749925136566,0.29571741819381714,0.022860150784254074,0.9966884255409241,131,159
216,7200,4,0.14577659964561462,0.2926431894302368,0.03471147641539574,0.9949336647987366,139,158
216,7200,5,0.14805777370929718,0.2917374074459076,0.03458506986498833,0.9956057071685791,142,157
216,7200,6,0.15031342208385468,0.29085975885391235,0.03454413264989853,0.9963758587837219,144,157
216,7200,7,0.1370765119791031,0.30174317955970764,-0.04174720123410225,0.9986733794212341,131,162
216,7200,8,0.15483130514621735,0.2955836057662964,0.011255906894803047,0.9949647188186646,148,159
216,7200,9,0.14119990170001984,0.3160220980644226,0.024006418883800507,0.9964843988418579,135,170
216,7200,10,0.14611244201660156,0.3152583837509155,0.0382058210670948,0.99443119764328,140,170
216,7200,11,0.1402861326932907,0.36147353053092957,-0.09833288937807083,0.9999673366546631,134,195
216,7200,12,0.17569014430046082,0.3585757315158844,0.04244779050350189,0.9984744787216187,168,193
216,7200,13,0.14095838367938995,0.45886150002479553,-0.11929616332054138,0.9645678400993347,135,247
216,7200,14,0.17877314984798431,0.4591662883758545,0.04485451057553291,0.026998259127140045,171,247
216,7200,15,0.1328197866678238,0.5422009825706482,-0.10779424756765366,0.7825377583503723,127,292
216,7200,16,0.16527745127677917,0.5279711484909058,0.03972260281443596,0.005061516538262367,158,285
216,7200,17,0.13237468898296356,0.5662747025489807,-0.11549357324838638,0.7314965128898621,127,305
216,7200,18,0.16062988340854645,0.5419735908508301,0.04001418128609657,0.007053754758089781,154,292
216,7200,19,0.1301174759864807,0.5708500146865845,-0.11507798731327057,0.7214227914810181,124,308
216,7200,20,0.1588267832994461,0.5420317053794861,0.02854573354125023,0.006631181575357914,152,292
216,7200,21,0.13085328042507172,0.5606763958930969,-0.1056949645280838,0.6170064806938171,125,302
216,7200,22,0.15899087488651276,0.5359575748443604,0.03377314656972885,0.006998172961175442,152,289
216,7200,23,0.14660318195819855,0.5363590717315674,-0.0467238686978817,0.9999263882637024,140,289
216,7200,24,0.17794576287269592,0.5342219471931458,0.04667244106531143,0.9998180270195007,170,288
216,7200,25,0.11873412877321243,0.6422426104545593,0.03673272579908371,0.8931364417076111,113,346
216,7200,26,0.181625634431839,0.6393715739250183,0.09744077175855637,0.29178187251091003,174,345
216,7200,27,0.11284228414297104,0.7711414694786072,0.07844313979148865,0.917990505695343,108,416
216,7200,28,0.19434596598148346,0.7643118500709534,0.1216840073466301,0.5795566439628601,186,412
216,7200,29,0.12153419107198715,0.7969132661819458,0.08021143823862076,0.835898756980896,116,430
216,7200,30,0.2013557404279709,0.79000324010849,0.12292273342609406,0.6206552982330322,193,426
216,7200,31,0.07461581379175186,0.791997492313385,0.052866626530885696,0.8813678026199341,71,427
216,7200,32,0.16749106347560883,0.7886559367179871,0.10877803713083267,0.6005097031593323,160,425
217,7233,0,0.1408299058675766,0.3051782250404358,0.041866715997457504,0.9967053532600403,135,164
217,7233,1,0.13829144835472107,0.2947869300842285,0.018377574160695076,0.9956539869308472,132,159
217,7233,2,0.13662783801555634,0.29526486992836,0.018255148082971573,0.9959934949874878,131,159
217,7233,3,0.13498960435390472,0.29572179913520813,0.01830625906586647,0.9969971179962158,129,159
217,7233,4,0.14386500418186188,0.29260119795799255,0.03229474648833275,0.9954065680503845,138,158
217,7233,5,0.14588138461112976,0.2916991412639618,0.03221316263079643,0.9960147738456726,140,157
217,7233,6,0.14817360043525696,0.29081836342811584,0.032220907509326935,0.9967097043991089,142,157
217,7233,7,0.13531702756881714,0.30168014764785767,-0.049914292991161346,0.9987969994544983,129,162
217,7233,8,0.1534232795238495,0.295539915561676,0.007898218929767609,0.9954295754432678,147,159
217,7233,9,0.13993658125400543,0.3159479796886444,0.01982700452208519,0.9968075752258301,134,170
217,7233,10,0.14491133391857147,0.3151896595954895,0.036701373755931854,0.9949375987052917,139,170
217,7233,11,0.14079561829566956,0.362408310174942,-0.10711079090833664,0.9999694228172302,135,195
217,7233,12,0.17443545162677765,0.3576359152793884,0.043111350387334824,0.9985535144805908,167,193
217,7233,13,0.14113566279411316,0.4609068036079407,-0.12364057451486588,0.9674785733222961,135,248
217,7233,14,0.17741648852825165,0.4584427773952484,0.05570162460207939,0.030345264822244644,170,247
217,7233,15,0.13155724108219147,0.5421393513679504,-0.10665884613990784,0.7984570264816284,126,292
217,7233,16,0.1658792793750763,0.5270642638206482,0.05566145479679108,0.005331115797162056,159,284
217,7233,17,0.13107113540172577,0.5661817193031311,-0.11514954268932343,0.7483125329017639,125,305
217,7233,18,0.16356511414051056,0.541700005531311,0.05776212364435196,0.007343589793890715,157,292
217,7233,19,0.12958846986293793,0.5704329609870911,-0.11407894641160965,0.7385450601577759,124,308
217,7233,20,0.16084007918834686,0.5410929918289185,0.04634114354848862,0.006904957816004753,154,292
217,7233,21,0.12970004975795746,0.5603869557380676,-0.10420253127813339,0.6375776529312134,124,302
217,7233,22,0.16078363358974457,0.5349212288856506,0.04994333162903786,0.007301757112145424,154,288
217,7233,23,0.1492016464471817,0.5362859964370728,-0.04795360937714577,0.9999303221702576,143,289
217,7233,24,0.17923425137996674,0.5336264967918396,0.047914497554302216,0.9998276233673096,172,288
217,7233,25,0.11926057934761047,0.6426748037338257,0.03190579637885094,0.9029510617256165,114,347
217,7233,26,0.18183936178684235,0.6420928835868835,0.09723303467035294,0.33738186955451965,174,346
217,7233,27,0.11226890236139297,0.7715537548065186,0.08425047993659973,0.9259726405143738,107,416
217,7233,28,0.19442106783390045,0.7646832466125488,0.13944751024246216,0.6166518330574036,186,412
217,7233,29,0.11901156604290009,0.7967143058776855,0.08716461807489395,0.8516592979431152,114,430
217,7233,30,0.20235969126224518,0.7902519702911377,0.14242294430732727,0.6547521352767944,194,426
217,7233,31,0.07271167635917664,0.7880142331123352,0.05749119073152542,0.8923985362052917,69,425
217,7233,32,0.16768158972263336,0.7881028652191162,0.12537093460559845,0.632798969745636,160,425
218,7266,0,0.1336173117160797,0.3070226013660431,0.017056893557310104,0.9969516396522522,128,165
218,7266,1,0.13166718184947968,0.29649779200553894,-0.0011896247742697597,0.9960108995437622,126,160
218,7266,2,0.1300882250070572,0.2969304323196411,-0.0013155541382730007,0.9963226318359375,124,160
218,7266,3,0.1283819079399109,0.2973547875881195,-0.0012799360556527972,0.9972474575042725,123,160
218,7266,4,0.1367519050836563,0.29437384009361267,0.013362914323806763,0.9957913160324097,131,158
218,7266,5,0.13849994540214539,0.29351288080215454,0.013228243216872215,0.9963462948799133,132,158
218,7266,6,0.1406860500574112,0.2925478518009186,0.013215671293437481,0.9969775676727295,135,157
218,7266,7,0.12940038740634918,0.30271780490875244,-0.05543352663516998,0.9988976716995239,124,163
218,7266,8,0.145210400223732,0.2970586121082306,0.006837077438831329,0.9958035349845886,139,160
218,7266,9,0.1331162303686142,0.3175767958164215,0.002654524752870202,0.9970571398735046,127,171
218,7266,10,0.13682159781455994,0.31719180941581726,0.020523881539702415,0.99532151222229,131,171
218,7266,11,0.13515137135982513,0.36228540539741516,-0.10842417180538177,0.9999703168869019,129,195
218,7266,12,0.1639702469110489,0.35762426257133484,0.0543883815407753,0.9985983967781067,157,193
218,7266,13,0.13676577806472778,0.4602951407432556,-0.1300882250070572,0.9690338373184204,131,248
218,7266,14,0.16455389559268951,0.4566553831100464,0.07055597752332687,0.028460729867219925,157,246
218,7266,15,0.1267150491476059,0.5423564314842224,-0.11167623102664948,0.8121390342712402,121,292
218,7266,16,0.1601715385913849,0.5254183411598206,0.059964317828416824,0.00741314422339201,153,283
218,7266,17,0.1264883577823639,0.567428469657898,-0.12306460738182068,0.7637888789176941,121,306
218,7266,18,0.15692192316055298,0.545304000377655,0.06043582409620285,0.010941526852548122,150,294
218,7266,19,0.12429821491241455,0.5718603730201721,-0.12106498330831528,0.7542491555213928,119,308
218,7266,20,0.15612366795539856,0.5446870923042297,0.04753969609737396,0.010424922220408916,149,294
218,7266,21,0.12462374567985535,0.5611228346824646,-0.10901878029108047,0.6571668982505798,119,303
218,7266,22,0.15543720126152039,0.5389934182167053,0.053305257111787796,0.010654252022504807,149,291
218,7266,23,0.14062173664569855,0.5361830592155457,-0.04893874377012253,0.9999346137046814,134,289
218,7266,24,0.1684507429599762,0.5335565805435181,0.0489174947142601,0.9998394250869751,161,288
218,7266,25,0.11349300295114517,0.648361325263977,0.031780559569597244,0.9116868376731873,108,350
218,7266,26,0.17933253943920135,0.6458144783973694,0.0794580802321434,0.38557133078575134,172,348
218,7266,27,0.09411952644586563,0.7710467576980591,0.08555950969457626,0.9331250190734863,90,416
218,7266,28,0.19458183646202087,0.7649672627449036,0.12511447072029114,0.6515679955482483,186,413
218,7266,29,0.09862223267555237,0.7967629432678223,0.08794186264276505,0.8656486868858337,94,430
218,7266,30,0.20242947340011597,0.791191816329956,0.12939845025539398,0.6860530972480774,194,427
218,7266,31,0.05582664906978607,0.7773963212966919,0.055204734206199646,0.9023257493972778,53,419
218,7266,32,0.1664947122335434,0.7888503074645996,0.09971851855516434,0.6647964119911194,159,425
219,7300,0,0.13073652982711792,0.30690860748291016,0.01758132502436638,0.9972006678581238,125,165
219,7300,1,0.12910768389701843,0.2965129315853119,-0.0004858856846112758,0.9963589310646057,123,160
219,7300,2,0.12790121138095856,0.29693296551704407,-0.0006056538550183177,0.9966413974761963,122,160
219,7300,3,0.12660598754882812,0.29734259843826294,-0.0005695430445484817,0.9974887371063232,121,160
219,7300,4,0.13364998996257782,0.29442811012268066,0.01506073772907257,0.9961645603179932,128,158
219,7300,5,0.13541610538959503,0.2935609817504883,0.014924407005310059,0.9966669678688049,129,158
219,7300,6,0.13729551434516907,0.2926088571548462,0.014902015216648579,0.9972392916679382,131,158
219,7300,7,0.12806756794452667,0.30263474583625793,-0.054663319140672684,0.9989929795265198,122,163
219,7300,8,0.1424042135477066,0.2969685196876526,0.014991220086812973,0.9961593747138977,136,160
219,7300,9,0.13098855316638947,0.31738758087158203,0.003341236850246787,0.9972912669181824,125,171
219,7300,10,0.1340124011039734,0.31697288155555725,0.02232019044458866,0.9956831336021423,128,171
219,7300,11,0.13593022525310516,0.36127060651779175,-0.10842262208461761,0.9999710321426392,130,195
219,7300,12,0.16267193853855133,0.3573123812675476,0.06791146099567413,0.9986367225646973,156,192
219,7300,13,0.13799211382865906,0.4592301845550537,-0.13139817118644714,0.9709200263023376,132,247
219,7300,14,0.16483139991760254,0.45533639192581177,0.08380257338285446,0.02749893255531788,158,245
219,7300,15,0.12735754251480103,0.5422216057777405,-0.10659287869930267,0.8184993267059326,122,292
219,7300,16,0.15917779505252838,0.5268101692199707,0.07388246059417725,0.008010520599782467,152,284
219,7300,17,0.1264593005180359,0.5673858523368835,-0.11671113967895508,0.7683131098747253,121,306
219,7300,18,0.15615065395832062,0.5458768010139465,0.07496809214353561,0.011824612505733967,149,294
219,7300,19,0.12496484816074371,0.5716472864151001,-0.11338843405246735,0.7582428455352783,119,308
219,7300,20,0.1547510176897049,0.5451418161392212,0.06279919296503067,0.011272999458014965,148,294
219,7300,21,0.12487062811851501,0.5609012246131897,-0.1030828133225441,0.6617563962936401,119,302
219,7300,22,0.15415804088115692,0.539182722568512,0.06743089854717255,0.011584767140448093,147,291
219,7300,23,0.13733312487602234,0.5359858870506287,-0.05205551162362099,0.9999378323554993,131,289
219,7300,24,0.16649816930294037,0.5333535075187683,0.05202685669064522,0.9998486638069153,159,288
219,7300,25,0.10869114100933075,0.6504226922988892,0.02862454764544964,0.9194809198379517,104,351
219,7300,26,0.1786918044090271,0.6470386385917664,0.08458451181650162,0.4265576899051666,171,349
219,7300,27,0.09169468283653259,0.7704299092292786,0.08075592666864395,0.9395685791969299,88,416
219,7300,28,0.19472964107990265,0.7654091715812683,0.13630472123622894,0.6825791597366333,186,413
219,7300,29,0.09625237435102463,0.7961474061012268,0.08324076980352402,0.878347635269165,92,429
219,7300,30,0.20403996109962463,0.7917249798774719,0.14012211561203003,0.7146248817443848,195,427
219,7300,31,0.052598513662815094,0.7774419784545898,0.04865942895412445,0.9111350178718567,50,419
219,7300,32,0.16671614348888397,0.7888302206993103,0.11779739707708359,0.6921529769897461,160,425
220,7333,0,0.12386319786310196,0.3085351586341858,0.013286372646689415,0.9974350333213806,118,166
220,7333,1,0.12169738858938217,0.29766571521759033,-0.005677810404449701,0.9966824650764465,116,160
220,7333,2,0.12028876692056656,0.29805460572242737,-0.005795155186206102,0.9969427585601807,115,160
220,7333,3,0.11880422383546829,0.298434853553772,-0.005768698640167713,0.9977136254310608,114,161
220,7333,4,0.12656231224536896,0.29561519622802734,0.008390020579099655,0.9965104460716248,121,159
220,7333,5,0.1288403421640396,0.2945704758167267,0.008260650560259819,0.9969687461853027,123,159
220,7333,6,0.13091503083705902,0.29354628920555115,0.0082285450771451,0.9974836707115173,125,158
220,7333,7,0.11946132034063339,0.3036192059516907,-0.06579242646694183,0.9990846514701843,114,163
220,7333,8,0.13559556007385254,0.29773131012916565,-0.003767197486013174,0.9965039491653442,130,160
220,7333,9,0.12361220270395279,0.31911754608154297,-0.002800371963530779,0.9975349307060242,118,172
220,7333,10,0.12701769173145294,0.3184362053871155,0.014326702803373337,0.9960685968399048,121,171
220,7333,11,0.12538830935955048,0.36166971921920776,-0.11731550097465515,0.9999726414680481,120,195
220,7333,12,0.1565721035003662,0.3581242859363556,0.038203250616788864,0.9987200498580933,150,193
220,7333,13,0.1267790049314499,0.46033748984336853,-0.14000539481639862,0.9735746383666992,121,248
220,7333,14,0.16070620715618134,0.4572162628173828,0.048509836196899414,0.0410379096865654,154,246
220,7333,15,0.11869324743747711,0.5442630648612976,-0.12119167298078537,0.8338414430618286,113,293
220,7333,16,0.15379668772220612,0.5333154201507568,0.04587053880095482,0.009325395338237286,147,287
220,7333,17,0.11932500451803207,0.5709087252616882,-0.13162042200565338,0.7866506576538086,114,308
220,7333,18,0.14892636239528656,0.548082709312439,0.04644263535737991,0.012952820397913456,142,295
220,7333,19,0.11675500124692917,0.5749872326850891,-0.12998229265213013,0.7772045135498047,112,310
220,7333,20,0.14898529648780823,0.5496581792831421,0.03563511744141579,0.012310666032135487,143,296
220,7333,21,0.11627630144357681,0.5640654563903809,-0.11862016469240189,0.6867404580116272,111,304
220,7333,22,0.1488080620765686,0.5430339574813843,0.040402814745903015,0.012726197019219398,142,293
220,7333,23,0.13051600754261017,0.5386788249015808,-0.049995455890893936,0.9999416470527649,125,290
220,7333,24,0.15974240005016327,0.5354500412940979,0.0499429777264595,0.9998586177825928,153,289
220,7333,25,0.10368923097848892,0.652130126953125,0.053235650062561035,0.9272589683532715,99,352
220,7333,26,0.17439395189285278,0.6468947529792786,0.11208221316337585,0.47809523344039917,167,349
220,7333,27,0.07987169176340103,0.7700954675674438,0.11035506427288055,0.9455457925796509,76,415
220,7333,28,0.1942829191684723,0.7652509212493896,0.15589848160743713,0.7135360240936279,186,413
220,7333,29,0.08395333588123322,0.796836793422699,0.11367837339639664,0.8903451561927795,80,430
220,7333,30,0.2040792852640152,0.7914887070655823,0.15886341035366058,0.7425301671028137,195,427
220,7333,31,0.04205228388309479,0.772375226020813,0.08470945805311203,0.9197008609771729,40,417
220,7333,32,0.16716143488883972,0.7888186573982239,0.14003898203372955,0.7210479378700256,160,425
221,7366,0,0.12220337986946106,0.30865052342414856,0.02699575386941433,0.9976522922515869,117,166
221,7366,1,0.11942525207996368,0.29816699028015137,0.00733192078769207,0.9969780445098877,114,161
221,7366,2,0.11774502694606781,0.2987130880355835,0.00722249923273921,0.9972183704376221,113,161
221,7366,3,0.1161830946803093,0.29923173785209656,0.007249786518514156,0.9979193806648254,111,161
221,7366,4,0.12483494728803635,0.29577115178108215,0.02074042148888111,0.9968267679214478,119,159
221,7366,5,0.1272192746400833,0.294625848531723,0.020614691078662872,0.9972451329231262,122,159
221,7366,6,0.12936872243881226,0.2935541272163391,0.020582931116223335,0.9977079629898071,124,158
221,7366,7,0.1172080934047699,0.30421024560928345,-0.05894555523991585,0.999168336391449,112,164
221,7366,8,0.13421382009983063,0.29766884446144104,0.0018037197878584266,0.9968182444572449,128,160
221,7366,9,0.1213093250989914,0.31921279430389404,0.009164252318441868,0.99775630235672,116,172
221,7366,10,0.12605035305023193,0.3182530701160431,0.02553391456604004,0.9964165091514587,121,171
221,7366,11,0.1243097260594368,0.36249932646751404,-0.11525329947471619,0.9999744296073914,119,195
221,7366,12,0.15640312433242798,0.3583013415336609,0.0416828952729702,0.9987897276878357,150,193
221,7366,13,0.1276846081018448,0.46063855290412903,-0.13971266150474548,0.9758669137954712,122,248
221,7366,14,0.16118523478507996,0.4568933844566345,0.05210192874073982,0.04853789880871773,154,246
221,7366,15,0.11832127720117569,0.5438958406448364,-0.11872872710227966,0.8467746376991272,113,293
221,7366,16,0.15303973853588104,0.5328146815299988,0.0477319210767746,0.00957050733268261,146,287
221,7366,17,0.11792334169149399,0.5705533027648926,-0.12880907952785492,0.8018487691879272,113,308
221,7366,18,0.1490248739719391,0.5469056963920593,0.04924582690000534,0.013045858591794968,143,295
221,7366,19,0.11465290933847427,0.5748667120933533,-0.12699313461780548,0.7927815318107605,110,310
221,7366,20,0.1475529819726944,0.5486586093902588,0.03950658068060875,0.012351518496870995,141,296
221,7366,21,0.1150614321231842,0.5638501644134521,-0.11605481803417206,0.706683874130249,110,304
221,7366,22,0.14721880853176117,0.5422754883766174,0.0429072305560112,0.01279487181454897,141,292
221,7366,23,0.12972982227802277,0.5395527482032776,-0.04967733845114708,0.9999454617500305,124,291
221,7366,24,0.1613115519285202,0.5359297394752502,0.049624454230070114,0.9998674988746643,154,289
221,7366,25,0.10049623996019363,0.6518759727478027,0.04461658000946045,0.9342631101608276,96,352
221,7366,26,0.17240342497825623,0.6474619507789612,0.1066201850771904,0.5237212777137756,165,349
221,7366,27,0.07921752333641052,0.769960880279541,0.0885477364063263,0.9509285092353821,76,415
221,7366,28,0.1943756639957428,0.7666058540344238,0.1430792659521103,0.7412689328193665,186,413
221,7366,29,0.0828457772731781,0.7958695292472839,0.09064296633005142,0.9011276960372925,79,429
221,7366,30,0.2040112018585205,0.7914654612541199,0.14543451368808746,0.7675490379333496,195,427
221,7366,31,0.042114440351724625,0.7708402872085571,0.06116991862654686,0.9274478554725647,40,416
221,7366,32,0.1672273576259613,0.7889132499694824,0.12883153557777405,0.7469585537910461,160,426
222,7400,0,0.11476438492536545,0.3092941343784332,0.011860954575240612,0.9978416562080383,110,167
222,7400,1,0.1127680093050003,0.2986827492713928,-0.007016629911959171,0.9972397089004517,108,161
222,7400,2,0.11125258356332779,0.29914575815200806,-0.007138678338378668,0.9974640011787415,106,161
222,7400,3,0.10966269671916962,0.29961439967155457,-0.007115656975656748,0.9981030225753784,105,161
222,7400,4,0.11797164380550385,0.29658493399620056,0.007852685637772083,0.9971030950546265,113,160
222,7400,5,0.12007701396942139,0.2955917418003082,0.007729982491582632,0.9974859356880188,115,159
222,7400,6,0.122146375477314,0.2946551442146301,0.0076985531486570835,0.9979007244110107,117,159
222,7400,7,0.11013107001781464,0.30494627356529236,-0.06806852668523788,0.9992431402206421,105,164
222,7400,8,0.12692409753799438,0.2992675304412842,-0.0020896110218018293,0.9970865249633789,121,161
222,7400,9,0.11398479342460632,0.3200088441371918,-0.00467698136344552,0.9979525208473206,109,172
222,7400,10,0.11785714328289032,0.3191791772842407,0.013476315885782242,0.9967212080955505,113,172
222,7400,11,0.1156647726893425,0.36411380767822266,-0.1272626519203186,0.9999759197235107,111,196
222,7400,12,0.14651893079280853,0.35925939679145813,0.043686870485544205,0.9988389015197754,140,194
222,7400,13,0.12309926003217697,0.46185407042503357,-0.15952147543430328,0.9781053066253662,118,249
222,7400,14,0.15062464773654938,0.45676711201667786,0.05615035071969032,0.055812425911426544,144,246
222,7400,15,0.11185681819915771,0.5496570467948914,-0.14729131758213043,0.860325038433075,107,296
222,7400,16,0.14253681898117065,0.530857503414154,0.05552703142166138,0.010198808275163174,136,286
222,7400,17,0.11237211525440216,0.5758548378944397,-0.1604304015636444,0.818310558795929,107,310
222,7400,18,0.14154891669750214,0.5514382123947144,0.057010576128959656,0.013509294018149376,135,297
222,7400,19,0.1085558757185936,0.5815467834472656,-0.15694762766361237,0.8098114728927612,104,314
222,7400,20,0.1415901929140091,0.5493419766426086,0.04575074836611748,0.012782875448465347,135,296
222,7400,21,0.10801386833190918,0.5709989070892334,-0.14403213560581207,0.729540228843689,103,308
222,7400,22,0.14119748771190643,0.5426763296127319,0.049860525876283646,0.013364923186600208,135,293
222,7400,23,0.12145651131868362,0.5421311855316162,-0.05185258015990257,0.9999496340751648,116,292
222,7400,24,0.15109683573246002,0.5382377505302429,0.05180193856358528,0.9998775124549866,145,290
222,7400,25,0.09360940754413605,0.6564786434173584,0.05714305862784386,0.9404823184013367,89,354
222,7400,26,0.16895069181919098,0.6485787034034729,0.11060555279254913,0.5666428804397583,162,350
222,7400,27,0.07423408329486847,0.7713950872421265,0.12155799567699432,0.9557658433914185,71,416
222,7400,28,0.1943158209323883,0.7665717005729675,0.1507648527622223,0.7665825486183167,186,413
222,7400,29,0.0780278816819191,0.7971808910369873,0.12541243433952332,0.9108158349990845,74,430
222,7400,30,0.2041173130273819,0.7913385033607483,0.15342849493026733,0.7903297543525696,195,427
222,7400,31,0.03716196119785309,0.772606372833252,0.09451066702604294,0.9344069957733154,35,417
222,7400,32,0.1672876626253128,0.789516270160675,0.1329188048839569,0.7710856199264526,160,426
223,7433,0,0.11417244374752045,0.3092215657234192,0.012850051745772362,0.9980476498603821,109,166
223,7433,1,0.11167450249195099,0.2988106310367584,-0.00559330265969038,0.9975076913833618,107,161
223,7433,2,0.1101192981004715,0.2993410527706146,-0.005705513991415501,0.9977110028266907,105,161
223,7433,3,0.10852687060832977,0.29989132285118103,-0.005672605242580175,0.9982874989509583,104,161
223,7433,4,0.1167696937918663,0.29667821526527405,0.010084464214742184,0.9973852038383484,112,160
223,7433,5,0.118656225502491,0.29572099447250366,0.009960704483091831,0.9977309703826904,113,159
223,7433,6,0.1205848827958107,0.29480281472206116,0.009940505027770996,0.998103678226471,115,159
223,7433,7,0.1092458963394165,0.3054460287094116,-0.06497976183891296,0.9993170499801636,104,164
223,7433,8,0.12596943974494934,0.2991933524608612,0.005108688957989216,0.9973682165145874,120,161
223,7433,9,0.11350477486848831,0.31987863779067993,-0.0031886245124042034,0.9981497526168823,108,172
223,7433,10,0.11795089393854141,0.3190458416938782,0.016048075631260872,0.9970353841781616,113,172
223,7433,11,0.11610417813062668,0.36494550108909607,-0.12650294601917267,0.9999778270721436,111,197
223,7433,12,0.146832674741745,0.3594963848590851,0.05340714752674103,0.99892657995224,140,194
223,7433,13,0.12232198566198349,0.4629220962524414,-0.1543298214673996,0.980119526386261,117,249
223,7433,14,0.14807391166687012,0.4567917287349701,0.06248251721262932,0.06273327767848969,142,246
223,7433,15,0.11126110702753067,0.5492158532142639,-0.13258834183216095,0.87272047996521,106,296
223,7433,16,0.14044450223445892,0.5296934843063354,0.05542319640517235,0.011159632354974747,134,286
223,7433,17,0.11119189858436584,0.575157642364502,-0.14460870623588562,0.8336523771286011,106,310
223,7433,18,0.13952994346618652,0.550066351890564,0.05670224875211716,0.014421510510146618,133,297
223,7433,19,0.10823269188404083,0.5801535844802856,-0.1421070098876953,0.8257750868797302,103,313
223,7433,20,0.13738951086997986,0.5500689744949341,0.04538721963763237,0.013647370040416718,131,297
223,7433,21,0.10777049511671066,0.5696439146995544,-0.1292024403810501,0.7512718439102173,103,307
223,7433,22,0.1371486634016037,0.543323278427124,0.04981302469968796,0.01436162181198597,131,293
223,7433,23,0.12134937196969986,0.542603611946106,-0.052223172038793564,0.9999523758888245,116,293
223,7433,24,0.15182417631149292,0.5387673377990723,0.05217156186699867,0.9998838901519775,145,290
223,7433,25,0.09215904772281647,0.6567813158035278,0.04735030233860016,0.9461492300033569,88,354
223,7433,26,0.16784706711769104,0.6516543030738831,0.10776375979185104,0.6058353185653687,161,351
223,7433,27,0.07326021790504456,0.7711778283119202,0.09954747557640076,0.9601258635520935,70,416
223,7433,28,0.19364102184772491,0.7665503025054932,0.14325064420700073,0.7893537878990173,185,413
223,7433,29,0.0771825984120369,0.797201931476593,0.10214603692293167,0.9195511937141418,74,430
223,7433,30,0.2041243016719818,0.7912504076957703,0.14575201272964478,0.8108853101730347,195,427
223,7433,31,0.03600011765956879,0.7721261978149414,0.07159581780433655,0.9407046437263489,34,416
223,7433,32,0.1668175756931305,0.7896299958229065,0.12745754420757294,0.7928665280342102,160,426
224,7466,0,0.10312771052122116,0.309494286775589,-0.014076804742217064,0.9979212284088135,99,167
224,7466,1,0.10286340862512589,0.29911965131759644,-0.03145430609583855,0.9972215890884399,98,161
224,7466,2,0.10180246829986572,0.2995779514312744,-0.03157780319452286,0.9974316954612732,97,161
224,7466,3,0.10059968382120132,0.3000383973121643,-0.03154408186674118,0.9980543255805969,96,162
224,7466,4,0.10696457326412201,0.29726970195770264,-0.014775232411921024,0.9970771074295044,102,160
224,7466,5,0.10929621011018753,0.2963717579841614,-0.014927915297448635,0.9974780678749084,104,160
224,7466,6,0.11111751943826675,0.2958475649356842,-0.014985134825110435,0.9979061484336853,106,159
224,7466,7,0.10195925831794739,0.30572494864463806,-0.07968663424253464,0.9992465972900391,97,165
224,7466,8,0.11627569794654846,0.3002017140388489,-0.004339622333645821,0.9971824288368225,111,162
224,7466,9,0.1037600114941597,0.32022273540496826,-0.026577424257993698,0.9980769753456116,99,172
224,7466,10,0.10724091529846191,0.319389671087265,-0.005986401811242104,0.9969403147697449,102,172
224,7466,11,0.1088842824101448,0.36637595295906067,-0.13507623970508575,0.9999790191650391,104,197
224,7466,12,0.13220994174480438,0.3595905303955078,0.053508542478084564,0.998962938785553,126,194
224,7466,13,0.11160299181938171,0.4641958773136139,-0.15576156973838806,0.980760931968689,107,250
224,7466,14,0.13517151772975922,0.4566926062107086,0.07142546027898788,0.05717096105217934,129,246
224,7466,15,0.10136806219816208,0.5517411231994629,-0.13396160304546356,0.8771491646766663,97,297
224,7466,16,0.1253575086593628,0.5318207144737244,0.05538894981145859,0.01024605706334114,120,287
224,7466,17,0.10291051864624023,0.5787740349769592,-0.14719392359256744,0.8356634974479675,98,312
224,7466,18,0.12322988361120224,0.5514498949050903,0.055382873862981796,0.013267042115330696,118,297
224,7466,19,0.1000455915927887,0.5828961133956909,-0.14627806842327118,0.8269986510276794,96,314
224,7466,20,0.11983923614025116,0.55235356092453,0.04173002392053604,0.01256215013563633,115,298
224,7466,21,0.09927134215831757,0.5712460279464722,-0.13142509758472443,0.7469406723976135,95,308
224,7466,22,0.1199677437543869,0.5449548959732056,0.0486028827726841,0.013248445466160774,115,294
224,7466,23,0.12491360306739807,0.5442391037940979,-0.05296884849667549,0.999954104423523,119,293
224,7466,24,0.12788616120815277,0.5410937070846558,0.052963826805353165,0.9998878836631775,122,292
224,7466,25,0.15127865970134735,0.6562762260437012,0.02979554422199726,0.9473325610160828,145,354
224,7466,26,0.094737209379673,0.6513602137565613,0.07772692292928696,0.6081592440605164,90,351
224,7466,27,0.18720132112503052,0.7679010033607483,0.09602368623018265,0.9615187644958496,179,414
224,7466,28,0.07598630338907242,0.7671924233436584,0.11420636624097824,0.7973737716674805,72,414
224,7466,29,0.19776898622512817,0.7901670932769775,0.09931568801403046,0.9095835089683533,189,426
224,7466,30,0.078673355281353,0.7926778197288513,0.1156008392572403,0.8103646636009216,75,428
224,7466,31,0.16015297174453735,0.7839620113372803,0.05210389941930771,0.9417612552642822,153,423
224,7466,32,0.04002980887889862,0.7871888279914856,0.07070868462324142,0.8027133345603943,38,425
225,7500,0,0.10123501718044281,0.31068941950798035,-0.0218061376363039,0.9979561567306519,97,167
225,7500,1,0.09951746463775635,0.300579696893692,-0.038104500621557236,0.9972115159034729,95,162
225,7500,2,0.09833250194787979,0.30088457465171814,-0.03822483494877815,0.9973902106285095,94,162
225,7500,3,0.09707995504140854,0.3011745512485504,-0.0381864570081234,0.9980146884918213,93,162
225,7500,4,0.10439945012331009,0.29898422956466675,-0.021367620676755905,0.9970889091491699,100,161
225,7500,5,0.10647691786289215,0.2981361448764801,-0.02153231017291546,0.9974877238273621,102,160
225,7500,6,0.1084795743227005,0.2973901629447937,-0.02158402092754841,0.9979303479194641,104,160
225,7500,7,0.09867910295724869,0.3065686523914337,-0.08046882599592209,0.9992189407348633,94,165
225,7500,8,0.11474339663982391,0.3008364737033844,-0.004935293458402157,0.9971942901611328,110,162
225,7500,9,0.10158637911081314,0.3208605647087097,-0.03210322931408882,0.9980676174163818,97,173
225,7500,10,0.10493887960910797,0.32031768560409546,-0.011428463272750378,0.9969508051872253,100,172
225,7500,11,0.10827992111444473,0.367086797952652,-0.12911131978034973,0.9999798536300659,103,198
225,7500,12,0.13061872124671936,0.3603192865848541,0.0584876649081707,0.9989947080612183,125,194
225,7500,13,0.11231842637062073,0.4650112986564636,-0.15092793107032776,0.9797719717025757,107,251
225,7500,14,0.13273777067661285,0.460820734500885,0.07843945175409317,0.05171513184905052,127,248
225,7500,15,0.1018446609377861,0.5516735911369324,-0.13417699933052063,0.8769847750663757,97,297
225,7500,16,0.12552842497825623,0.5392613410949707,0.050034597516059875,0.00968808401376009,120,291
225,7500,17,0.10300769656896591,0.5792617201805115,-0.1490149050951004,0.8331387639045715,98,312
225,7500,18,0.12450196593999863,0.5589357614517212,0.0461997427046299,0.012723530642688274,119,301
225,7500,19,0.10019555687904358,0.5836941599845886,-0.148565873503685,0.8233289122581482,96,315
225,7500,20,0.12086202949285507,0.5621730089187622,0.030578093603253365,0.012080183252692223,116,303
225,7500,21,0.09931900352239609,0.5718465447425842,-0.1320544183254242,0.7362090945243835,95,308
225,7500,22,0.12039438635110855,0.5544885993003845,0.04142923653125763,0.012697974219918251,115,299
225,7500,23,0.1237541064620018,0.5450006127357483,-0.05329518765211105,0.9999551177024841,118,294
225,7500,24,0.12909910082817078,0.5425400733947754,0.05330418050289154,0.9998905658721924,123,292
225,7500,25,0.1554209589958191,0.656548798084259,-0.010333279147744179,0.9475182294845581,149,354
225,7500,26,0.08515860140323639,0.6517197489738464,0.06077548488974571,0.5822018980979919,81,351
225,7500,27,0.19142386317253113,0.7657845616340637,0.043734028935432434,0.9615905284881592,183,413
225,7500,28,0.07276926934719086,0.7684670686721802,0.10331354290246964,0.7831301093101501,69,414
225,7500,29,0.2017897665500641,0.7862882018089294,0.04486257955431938,0.8989034295082092,193,424
225,7500,30,0.07560460269451141,0.7946845889091492,0.1048363596200943,0.7903188467025757,72,429
225,7500,31,0.16464819014072418,0.7910134792327881,-0.01532958447933197,0.9415085315704346,158,427
225,7500,32,0.04557391628623009,0.7922402620315552,0.05995812267065048,0.7966384887695312,43,427
226,7533,0,0.09570124000310898,0.3110900819301605,-0.03419087082147598,0.9977273344993591,91,167
226,7533,1,0.09428639709949493,0.30101528763771057,-0.050700969994068146,0.9968195557594299,90,162
226,7533,2,0.0930735394358635,0.3013221323490143,-0.05084208399057388,0.9970532655715942,89,162
226,7533,3,0.09171226620674133,0.301646888256073,-0.050818707793951035,0.9977412223815918,88,162
226,7533,4,0.09884397685527802,0.29929888248443604,-0.033888109028339386,0.9965076446533203,94,161
226,7533,5,0.10047818720340729,0.29844334721565247,-0.03404152765870094,0.9969702363014221,96,161
226,7533,6,0.10201748460531235,0.2976571023464203,-0.03409624472260475,0.9974706172943115,97,160
226,7533,7,0.09312760829925537,0.3071495294570923,-0.0934707447886467,0.9991222620010376,89,165
226,7533,8,0.1074240505695343,0.301339715719223,-0.01682770997285843,0.9965709447860718,103,162
226,7533,9,0.0958109050989151,0.32152047753334045,-0.0448315292596817,0.9978057146072388,91,173
226,7533,10,0.09832447022199631,0.32117733359336853,-0.023975705727934837,0.9964303374290466,94,173
226,7533,11,0.1005076915025711,0.36814770102500916,-0.14443904161453247,0.9999806880950928,96,198
226,7533,12,0.12122417986392975,0.36076343059539795,0.05681498348712921,0.9989603161811829,116,194
226,7533,13,0.10384286940097809,0.4680171012878418,-0.16883958876132965,0.9799242615699768,99,252
226,7533,14,0.12137656658887863,0.460612952709198,0.07539840042591095,0.0467214435338974,116,248
226,7533,15,0.09550308436155319,0.5593207478523254,-0.1550796627998352,0.8837847113609314,91,302
226,7533,16,0.11745943129062653,0.5399757027626038,0.04961813986301422,0.009017129428684711,112,291
226,7533,17,0.09817792475223541,0.5844674706459045,-0.17127566039562225,0.8401443958282471,94,315
226,7533,18,0.11678671836853027,0.5589188933372498,0.04701312631368637,0.011990481987595558,112,301
226,7533,19,0.09631938487291336,0.5873537659645081,-0.17016521096229553,0.83025062084198,92,317
226,7533,20,0.1125248372554779,0.5617222189903259,0.03156255930662155,0.011411531828343868,108,303
226,7533,21,0.09496226161718369,0.5771209597587585,-0.15287333726882935,0.7417853474617004,91,311
226,7533,22,0.11191871762275696,0.5543962121009827,0.04089820012450218,0.012022384442389011,107,299
226,7533,23,0.11968233436346054,0.5439581871032715,-0.05631719529628754,0.999956488609314,114,293
226,7533,24,0.11613834649324417,0.54355788230896,0.05634617060422897,0.9998924732208252,111,293
226,7533,25,0.14745043218135834,0.6545245051383972,-0.0064191436395049095,0.947457492351532,141,353
226,7533,26,0.08473814278841019,0.6532300710678101,0.07171734422445297,0.573722243309021,81,352
226,7533,27,0.18636532127857208,0.7569739818572998,0.05358826369047165,0.9617227911949158,178,408
226,7533,28,0.0696781799197197,0.7720836997032166,0.11066842079162598,0.7887013554573059,66,416
226,7533,29,0.1989538073539734,0.7732070684432983,0.05559792369604111,0.8849582076072693,190,417
226,7533,30,0.07625799626111984,0.7979269027709961,0.11226630955934525,0.7895692586898804,73,430
226,7533,31,0.16561679542064667,0.7918095588684082,0.0017466045683249831,0.9408766031265259,158,427
226,7533,32,0.033378805965185165,0.7933458685874939,0.07333339750766754,0.8039805293083191,32,428
227,7566,0,0.09410439431667328,0.3120337128639221,-0.02830798551440239,0.9977618455886841,90,168
227,7566,1,0.09291274845600128,0.30196401476860046,-0.04349927231669426,0.9968215823173523,89,163
227,7566,2,0.09194250404834747,0.3021796643733978,-0.043624039739370346,0.9970440864562988,88,163
227,7566,3,0.09089470654726028,0.3023962676525116,-0.043590839952230453,0.9977099299430847,87,163
227,7566,4,0.09664251655340195,0.3005199432373047,-0.027270566672086716,0.9965236783027649,92,162
227,7566,5,0.09817888587713242,0.2997280955314636,-0.027430986985564232,0.9969855546951294,94,161
227,7566,6,0.09970954805612564,0.29889675974845886,-0.027485227212309837,0.9974849820137024,95,161
227,7566,7,0.09274359792470932,0.3076850175857544,-0.08422240614891052,0.9990987181663513,89,166
227,7566,8,0.10524193942546844,0.3020262122154236,-0.013390169478952885,0.9965695738792419,101,163
227,7566,9,0.09537914395332336,0.3220936954021454,-0.037443675100803375,0.9977114200592041,91,173
227,7566,10,0.097127266228199,0.3220229744911194,-0.0174089502543211,0.9963397979736328,93,173
227,7566,11,0.10028957575559616,0.36818161606788635,-0.13863323628902435,0.9999813437461853,96,198
227,7566,12,0.11936146765947342,0.361587792634964,0.06063033640384674,0.9989786744117737,114,195
227,7566,13,0.10323668271303177,0.46813663840293884,-0.1656818836927414,0.9788996577262878,99,252
227,7566,14,0.11999044567346573,0.4620623290538788,0.08098599314689636,0.042267803102731705,115,249
227,7566,15,0.09628992527723312,0.5580992102622986,-0.15440693497657776,0.8818917274475098,92,301
227,7566,16,0.11381059139966965,0.5410178303718567,0.054717496037483215,0.008476770482957363,109,292
227,7566,17,0.09767527878284454,0.5836006999015808,-0.16683724522590637,0.8357819318771362,93,315
227,7566,18,0.11278471350669861,0.5604689717292786,0.05269618332386017,0.011409304104745388,108,302
227,7566,19,0.09705743938684464,0.5862748622894287,-0.16248631477355957,0.8249644041061401,93,316
227,7566,20,0.10915321856737137,0.5637016892433167,0.036497537046670914,0.0108871441334486,104,304
227,7566,21,0.09607873111963272,0.5763666033744812,-0.1505662351846695,0.7311366200447083,92,311
227,7566,22,0.10884962230920792,0.5562891364097595,0.045834001153707504,0.01148494053632021,104,300
227,7566,23,0.11791828274726868,0.5437073707580566,-0.056079525500535965,0.9999575018882751,113,293
227,7566,24,0.11506227403879166,0.5431724190711975,0.05610321834683418,0.9998950362205505,110,293
227,7566,25,0.14595617353916168,0.6534035205841064,-0.016137922182679176,0.9477542638778687,140,352
227,7566,26,0.08058962970972061,0.6534749865531921,0.06457237154245377,0.5585261583328247,77,352
227,7566,27,0.18640314042568207,0.7551567554473877,0.030773337930440903,0.9619737863540649,178,407
227,7566,28,0.0701366439461708,0.7745521068572998,0.08957062661647797,0.7914276719093323,67,418
227,7566,29,0.19843462109565735,0.7719492316246033,0.031529802829027176,0.8729279637336731,190,416
227,7566,30,0.07502742111682892,0.8005433678627014,0.08960213512182236,0.7842066884040833,72,432
227,7566,31,0.16426315903663635,0.79197758436203,-0.02368505857884884,0.9410861730575562,157,427
227,7566,32,0.032336752861738205,0.7944286465644836,0.0476592555642128,0.8097975254058838,31,428
228,7600,0,0.08816953003406525,0.3121049106121063,-0.04366165027022362,0.9973822236061096,84,168
228,7600,1,0.08652899414300919,0.30193689465522766,-0.058258071541786194,0.9962595701217651,83,163
228,7600,2,0.08516041189432144,0.30218347907066345,-0.05840117856860161,0.996590793132782,81,163
228,7600,3,0.08375898748636246,0.3024365305900574,-0.05838197097182274,0.9973267316818237,80,163
228,7600,4,0.09103696048259735,0.30048489570617676,-0.04154392331838608,0.995781421661377,87,162
228,7600,5,0.09267844259738922,0.2997327148914337,-0.0417003259062767,0.9963536858558655,88,161
228,7600,6,0.09422411769628525,0.29895615577697754,-0.04176376387476921,0.9969213008880615,90,161
228,7600,7,0.08462809771299362,0.30787819623947144,-0.09367513656616211,0.9989784359931946,81,166
228,7600,8,0.09881451725959778,0.30277493596076965,-0.018223781138658524,0.9959074854850769,94,163
228,7600,9,0.08778699487447739,0.3223367929458618,-0.05186934769153595,0.9973892569541931,84,174
228,7600,10,0.09053513407707214,0.32223257422447205,-0.0311158187687397,0.995753824710846,86,174
228,7600,11,0.09239020943641663,0.36807727813720703,-0.1429620087146759,0.9999815821647644,88,198
228,7600,12,0.10506571829319,0.3622685968875885,0.059778083115816116,0.9988954067230225,100,195
228,7600,13,0.09707257896661758,0.468490332365036,-0.16568170487880707,0.9799893498420715,93,252
228,7600,14,0.11233318597078323,0.46479499340057373,0.07874611765146255,0.03829890117049217,107,250
228,7600,15,0.08778896182775497,0.561371922492981,-0.15181469917297363,0.8894086480140686,84,303
228,7600,16,0.10649490356445312,0.5429263710975647,0.05480963736772537,0.008029877208173275,102,293
228,7600,17,0.0899088904261589,0.586219310760498,-0.16702024638652802,0.8444108963012695,86,316
228,7600,18,0.10564827173948288,0.562282919883728,0.053063999861478806,0.010945329442620277,101,303
228,7600,19,0.08736168593168259,0.5886379480361938,-0.16505330801010132,0.8337327837944031,83,317
228,7600,20,0.10200706869363785,0.5658231973648071,0.036890704184770584,0.010490799322724342,97,305
228,7600,21,0.08588624745607376,0.5790170431137085,-0.14915089309215546,0.7406370043754578,82,312
228,7600,22,0.10188011080026627,0.5581331849098206,0.04588764160871506,0.011104794219136238,97,301
228,7600,23,0.11167152225971222,0.5413522124290466,-0.05822325870394707,0.9999594688415527,107,292
228,7600,24,0.1057974249124527,0.5428807735443115,0.05825887247920036,0.9998987317085266,101,293
228,7600,25,0.1431746631860733,0.6529918909072876,-0.018829520791769028,0.9514443278312683,137,352
228,7600,26,0.07534083724021912,0.6535857915878296,0.06612124294042587,0.5621376633644104,72,352
228,7600,27,0.18249502778053284,0.7503604888916016,0.04114845022559166,0.9647418260574341,175,405
228,7600,28,0.06993135809898376,0.7768086194992065,0.11352735012769699,0.8041176795959473,67,419
228,7600,29,0.19618003070354462,0.7639207243919373,0.04332136735320091,0.8742383122444153,188,412
228,7600,30,0.07656721025705338,0.8027076721191406,0.11530355364084244,0.7918411493301392,73,433
228,7600,31,0.16375266015529633,0.7945910096168518,-0.011636772193014622,0.9450382590293884,157,429
228,7600,32,0.03066609986126423,0.7993500828742981,0.05331345647573471,0.8225248456001282,29,431
229,7633,0,0.08673810213804245,0.31208500266075134,-0.057283300906419754,0.9974853992462158,83,168
229,7633,1,0.08565369248390198,0.3019126355648041,-0.06869950890541077,0.9964017868041992,82,163
229,7633,2,0.08498383313417435,0.30207765102386475,-0.06883665174245834,0.9967232942581177,81,163
229,7633,3,0.08421863615512848,0.3022209703922272,-0.0688101202249527,0.9974102973937988,80,163
229,7633,4,0.08786845952272415,0.30048060417175293,-0.05223865061998367,0.9959408640861511,84,162
229,7633,5,0.08864251524209976,0.2998819351196289,-0.0524001307785511,0.9964833855628967,85,161
229,7633,6,0.08933615684509277,0.2992943227291107,-0.05246443301439285,0.9970149993896484,85,161
229,7633,7,0.08608994632959366,0.30750301480293274,-0.09192296862602234,0.9989978671073914,82,166
229,7633,8,0.09382964670658112,0.30339816212654114,-0.01724061369895935,0.9959681034088135,90,163
229,7633,9,0.08755580335855484,0.3219280242919922,-0.06102990359067917,0.9973574876785278,84,173
229,7633,10,0.08886834233999252,0.3221803307533264,-0.04062998294830322,0.9957244396209717,85,173
229,7633,11,0.09389432519674301,0.366206556558609,-0.13845294713974,0.9999817609786987,90,197
229,7633,12,0.10044968873262405,0.3631429970264435,0.06065811216831207,0.9988760352134705,96,196
229,7633,13,0.09523345530033112,0.4683906137943268,-0.1609942764043808,0.9809901118278503,91,252
229,7633,14,0.10805797576904297,0.4650677442550659,0.0836496576666832,0.03483233600854874,103,251
229,7633,15,0.0849955752491951,0.5600406527519226,-0.14663776755332947,0.8953875303268433,81,302
229,7633,16,0.10148856788873672,0.5453828573226929,0.05607849732041359,0.007825013250112534,97,294
229,7633,17,0.08598329871892929,0.5851365327835083,-0.16164438426494598,0.8511306047439575,82,315
229,7633,18,0.1002693846821785,0.5657251477241516,0.054472193121910095,0.01084720715880394,96,305
229,7633,19,0.08371686190366745,0.5876590013504028,-0.16020968556404114,0.8406720161437988,80,317
229,7633,20,0.0964898094534874,0.5698820352554321,0.036990903317928314,0.01046243216842413,92,307
229,7633,21,0.08297348022460938,0.5781096816062927,-0.14419665932655334,0.7482616901397705,79,312
229,7633,22,0.09680862724781036,0.5617888569831848,0.046755120158195496,0.011138930916786194,92,303
229,7633,23,0.10881904512643814,0.5355998873710632,-0.05928276851773262,0.9999600648880005,104,289
229,7633,24,0.09655575454235077,0.54278963804245,0.05931726470589638,0.9998998641967773,92,293
229,7633,25,0.14102599024772644,0.652191698551178,-0.03229840099811554,0.9550536274909973,135,352
229,7633,26,0.07192805409431458,0.6534135341644287,0.0694657638669014,0.5692845582962036,69,352
229,7633,27,0.18174420297145844,0.7479462027549744,0.015761468559503555,0.9673690795898438,174,403
229,7633,28,0.06815607845783234,0.7778116464614868,0.11036612838506699,0.8167791962623596,65,420
229,7633,29,0.1947477161884308,0.761975109577179,0.016507204622030258,0.8772298097610474,186,411
229,7633,30,0.07433156669139862,0.8043457269668579,0.11164670437574387,0.8003936409950256,71,434
229,7633,31,0.16235284507274628,0.7951387166976929,-0.04480072483420372,0.9488885998725891,155,429
229,7633,32,0.0330035574734211,0.80025315284729,0.06206359341740608,0.8348691463470459,31,432
230,7666,0,0.0782492607831955,0.31053420901298523,-0.01650489680469036,0.9967585802078247,75,167
230,7666,1,0.07630524039268494,0.3004815876483917,-0.030774204060435295,0.9954032897949219,73,162
230,7666,2,0.07474537193775177,0.3007393181324005,-0.030913472175598145,0.995823323726654,71,162
230,7666,3,0.07322030514478683,0.30097341537475586,-0.030919140204787254,0.996688961982727,70,162
230,7666,4,0.0816187635064125,0.29900211095809937,-0.015249733813107014,0.9946578741073608,78,161
230,7666,5,0.08354012668132782,0.2984626591205597,-0.015422152355313301,0.9954209327697754,80,161
230,7666,6,0.08622457087039948,0.29782187938690186,-0.015483779832720757,0.9961344003677368,82,160
230,7666,7,0.07397350668907166,0.30676108598709106,-0.06956072151660919,0.9988136887550354,71,165
230,7666,8,0.09083123505115509,0.3027009963989258,0.001470857998356223,0.9950772523880005,87,163
230,7666,9,0.07774094492197037,0.3204282820224762,-0.026455450803041458,0.9968535304069519,74,173
230,7666,10,0.08239711076021194,0.3210158944129944,-0.007149479351937771,0.9948552846908569,79,173
230,7666,11,0.07908819615840912,0.3661937713623047,-0.11918914318084717,0.9999808073043823,75,197
230,7666,12,0.10156771540641785,0.36308515071868896,0.06666591763496399,0.9988091588020325,97,196
230,7666,13,0.08482863008975983,0.46823638677597046,-0.13384173810482025,0.9767358899116516,81,252
230,7666,14,0.10822202265262604,0.4647405445575714,0.0845523327589035,0.03148575499653816,103,250
230,7666,15,0.07729609310626984,0.5596335530281067,-0.1105511263012886,0.8763597011566162,74,302
230,7666,16,0.1021907702088356,0.5321487784385681,0.06425313651561737,0.007254127878695726,98,287
230,7666,17,0.07854793220758438,0.5854511260986328,-0.12236230075359344,0.8298394680023193,75,316
230,7666,18,0.10182364284992218,0.5483281016349792,0.06494399160146713,0.010206861421465874,97,296
230,7666,19,0.0755428746342659,0.5876267552375793,-0.12058607488870621,0.8171969652175903,72,317
230,7666,20,0.09757539629936218,0.5512238144874573,0.051256678998470306,0.009850449860095978,93,297
230,7666,21,0.07565947622060776,0.5792533755302429,-0.10792110115289688,0.7183825373649597,72,312
230,7666,22,0.09685823321342468,0.5444371700286865,0.05667106807231903,0.010510123334825039,92,293
230,7666,23,0.1006012037396431,0.5358158946037292,-0.05879845842719078,0.9999616146087646,96,289
230,7666,24,0.0996871143579483,0.5414502620697021,0.05882137641310692,0.9999042749404907,95,292
230,7666,25,0.1262165755033493,0.6531016826629639,-0.054528459906578064,0.9575358033180237,121,352
230,7666,26,0.07004671543836594,0.6487514972686768,0.07224928587675095,0.5588847994804382,67,350
230,7666,27,0.17346815764904022,0.740531861782074,0.0005958358524367213,0.9668483138084412,166,399
230,7666,28,0.06710348278284073,0.7773357033729553,0.09606762230396271,0.8189800977706909,64,419
230,7666,29,0.18635232746601105,0.7463138699531555,0.0037957068998366594,0.8685203194618225,178,403
230,7666,30,0.07550089061260223,0.8034994006156921,0.0961967185139656,0.797232449054718,72,433
230,7666,31,0.16400939226150513,0.7948891520500183,-0.033693745732307434,0.9470551609992981,157,429
230,7666,32,0.03213493898510933,0.8018831014633179,0.06483537703752518,0.8363614082336426,30,433
231,7700,0,0.07729265838861465,0.3070836365222931,-0.03298582509160042,0.9967569708824158,74,165
231,7700,1,0.07630067318677902,0.29737117886543274,-0.0454578660428524,0.9954007863998413,73,160
231,7700,2,0.07541012763977051,0.2976081967353821,-0.0456012487411499,0.9958530068397522,72,160
231,7700,3,0.07446079701185226,0.29787278175354004,-0.04559384658932686,0.996678352355957,71,160
231,7700,4,0.07940451800823212,0.2967078387737274,-0.028320902958512306,0.9945891499519348,76,160
231,7700,5,0.0806969478726387,0.2965511381626129,-0.0284865852445364,0.9953819513320923,77,160
231,7700,6,0.08214711397886276,0.2962542474269867,-0.02854459546506405,0.9960557818412781,78,159
231,7700,7,0.07539676874876022,0.3046320676803589,-0.07500766962766647,0.9988301396369934,72,164
231,7700,8,0.0875166729092598,0.3023061752319336,-8.107286703307182e-06,0.9950018525123596,84,163
231,7700,9,0.07765386998653412,0.3174077570438385,-0.04015103355050087,0.9967951774597168,74,171
231,7700,10,0.08005796372890472,0.31809642910957336,-0.018822241574525833,0.9947086572647095,76,171
231,7700,11,0.08185315877199173,0.36585870385169983,-0.12489330768585205,0.9999800324440002,78,197
231,7700,12,0.09394669532775879,0.3630549907684326,0.0713186264038086,0.9987308382987976,90,196
231,7700,13,0.08824610710144043,0.46737536787986755,-0.13977184891700745,0.9775815606117249,84,252
231,7700,14,0.09734810143709183,0.46371161937713623,0.09313728660345078,0.02873208560049534,93,250
231,7700,15,0.07990280538797379,0.5593658685684204,-0.11501769721508026,0.8789271712303162,76,302
231,7700,16,0.08798005431890488,0.5288923382759094,0.06695754081010818,0.0071801734156906605,84,285
231,7700,17,0.08092715591192245,0.5896692872047424,-0.13054095208644867,0.832111120223999,77,318
231,7700,18,0.08650243282318115,0.5452573299407959,0.06771131604909897,0.010438710451126099,83,294
231,7700,19,0.07653306424617767,0.5881961584091187,-0.12719759345054626,0.8189022541046143,73,317
231,7700,20,0.08275245875120163,0.5481652021408081,0.05205622687935829,0.01014788169413805,79,296
231,7700,21,0.07815926522016525,0.5792838335037231,-0.1117565929889679,0.7191545963287354,75,312
231,7700,22,0.08285839110612869,0.5414729118347168,0.05842452868819237,0.01094128843396902,79,292
231,7700,23,0.09911204874515533,0.5362254977226257,-0.060808055102825165,0.9999614953994751,95,289
231,7700,24,0.09387528896331787,0.5410035252571106,0.06081728637218475,0.9999033808708191,90,292
231,7700,25,0.12233539670705795,0.6532865166664124,-0.065313920378685,0.9612776637077332,117,352
231,7700,26,0.06721610575914383,0.648368239402771,0.07772120088338852,0.5753660202026367,64,350
231,7700,27,0.17104676365852356,0.740086555480957,-0.007040497846901417,0.9694642424583435,164,399
231,7700,28,0.0680559054017067,0.7769868969917297,0.11026620864868164,0.8318931460380554,65,419
231,7700,29,0.1849004179239273,0.7454835772514343,-0.0038882747758179903,0.8751013278961182,177,402
231,7700,30,0.07669048011302948,0.8028571009635925,0.11148437112569809,0.8077670335769653,73,433
231,7700,31,0.16207966208457947,0.7976928353309631,-0.04975244775414467,0.9508435130119324,155,430
231,7700,32,0.03502241522073746,0.8021462559700012,0.07698071748018265,0.8477017879486084,33,433
232,7733,0,0.06697645038366318,0.30721569061279297,-0.012082741595804691,0.99540114402771,64,165
232,7733,1,0.06548202782869339,0.29738402366638184,-0.027103830128908157,0.9929855465888977,62,160
232,7733,2,0.06410938501358032,0.2976469397544861,-0.02722710743546486,0.9933627843856812,61,160
232,7733,3,0.06269954144954681,0.29792672395706177,-0.027229836210608482,0.9946302771568298,60,160
232,7733,4,0.07031384855508804,0.2967318296432495,-0.012537142261862755,0.9921552538871765,67,160
232,7733,5,0.07213786244392395,0.29656070470809937,-0.012728177942335606,0.9933692216873169,69,160
232,7733,6,0.07457244396209717,0.29625624418258667,-0.012802815064787865,0.9946087002754211,71,159
232,7733,7,0.06422651559114456,0.3045724034309387,-0.06728293746709824,0.9980219006538391,61,164
232,7733,8,0.07980553805828094,0.3020143210887909,0.00036525618634186685,0.9932811856269836,76,163
232,7733,9,0.06701037287712097,0.31745532155036926,-0.022422928363084793,0.9950059056282043,64,171
232,7733,10,0.07072988152503967,0.31816935539245605,-0.004465724807232618,0.9924041032791138,67,171
232,7733,11,0.06825684010982513,0.3640141785144806,-0.10858837515115738,0.9999743103981018,65,196
232,7733,12,0.0978078842163086,0.3626004755496979,0.06117791682481766,0.9987019300460815,93,195
232,7733,13,0.07480006664991379,0.4672284424304962,-0.12663596868515015,0.9505411982536316,71,252
232,7733,14,0.09562499076128006,0.4635922312736511,0.0696491152048111,0.02598392777144909,91,250
232,7733,15,0.06794054806232452,0.5590084791183472,-0.10201562941074371,0.8155528903007507,65,301
232,7733,16,0.08706892281770706,0.5393205285072327,0.04933309555053711,0.006684739608317614,83,291
232,7733,17,0.06907923519611359,0.588912844657898,-0.11196031421422958,0.7722126841545105,66,318
232,7733,18,0.08434336632490158,0.5543714165687561,0.05019858852028847,0.009793780744075775,80,299
232,7733,19,0.06373531371355057,0.5890145301818848,-0.10957031697034836,0.7583603262901306,61,318
232,7733,20,0.08163351565599442,0.560056209564209,0.0377880223095417,0.009523513726890087,78,302
232,7733,21,0.06747841089963913,0.5788599848747253,-0.0992189571261406,0.6611104607582092,64,312
232,7733,22,0.08152638375759125,0.5533060431480408,0.0425012931227684,0.010257294401526451,78,298
232,7733,23,0.08559425920248032,0.5355033278465271,-0.054217707365751266,0.9999619722366333,82,289
232,7733,24,0.09681209176778793,0.5396669507026672,0.05415508896112442,0.9999077320098877,92,291
232,7733,25,0.10136745125055313,0.6548002362251282,-0.052220821380615234,0.9535655379295349,97,353
232,7733,26,0.0710931047797203,0.6508107781410217,0.07259027659893036,0.534486711025238,68,351
232,7733,27,0.1575918197631836,0.7310221195220947,-0.007985567674040794,0.9578770399093628,151,394
232,7733,28,0.06759175658226013,0.7768178582191467,0.0864909440279007,0.8038311004638672,64,419
232,7733,29,0.17096224427223206,0.7281288504600525,-0.005594238173216581,0.8498867154121399,164,393
232,7733,30,0.07639267295598984,0.8019087314605713,0.08603937178850174,0.7762554883956909,73,433
232,7733,31,0.15672634541988373,0.7963868379592896,-0.033943913877010345,0.9349588751792908,150,430
232,7733,32,0.03298826515674591,0.8020710349082947,0.06426246464252472,0.8203359246253967,31,433
233,7766,0,0.06710286438465118,0.3067743480205536,-0.023410746827721596,0.9954766035079956,64,165
233,7766,1,0.06574498116970062,0.2970066964626312,-0.037837885320186615,0.9930544495582581,63,160
233,7766,2,0.06432244926691055,0.2972898483276367,-0.03797033056616783,0.9934234619140625,61,160
233,7766,3,0.06280584633350372,0.2975723445415497,-0.03796445205807686,0.9946643710136414,60,160
233,7766,4,0.07011962682008743,0.2963069975376129,-0.023742634803056717,0.9921902418136597,67,160
233,7766,5,0.07201474159955978,0.29608386754989624,-0.02392471954226494,0.9933983683586121,69,159
233,7766,6,0.07402060925960541,0.295840859413147,-0.02399110235273838,0.9946117401123047,71,159
233,7766,7,0.0638180673122406,0.30429351329803467,-0.07434643805027008,0.9980329871177673,61,164
233,7766,8,0.07953988760709763,0.3016732335090637,-0.010184266604483128,0.9931968450546265,76,162
233,7766,9,0.06713398545980453,0.317028284072876,-0.03237657621502876,0.99500972032547,64,171
233,7766,10,0.07106287777423859,0.31731733679771423,-0.015107398852705956,0.9923765659332275,68,171
233,7766,11,0.07033319771289825,0.36308276653289795,-0.11302196979522705,0.999973714351654,67,196
233,7766,12,0.09280290454626083,0.3617251515388489,0.054523907601833344,0.9986935257911682,89,195
233,7766,13,0.07499517500400543,0.46598175168037415,-0.1321934163570404,0.9459925889968872,71,251
233,7766,14,0.08712778985500336,0.4634099304676056,0.062123239040374756,0.023529374971985817,83,250
233,7766,15,0.0685885027050972,0.5580138564109802,-0.11094578355550766,0.8030805587768555,65,301
233,7766,16,0.06916089355945587,0.5262833833694458,0.031005267053842545,0.006413279566913843,66,284
233,7766,17,0.06630414724349976,0.5887430906295776,-0.12236446887254715,0.7582909464836121,63,317
233,7766,18,0.06511899828910828,0.53895103931427,0.030687065795063972,0.009599579498171806,62,291
233,7766,19,0.06279051303863525,0.5875423550605774,-0.12048640102148056,0.7432940006256104,60,317
233,7766,20,0.06082802638411522,0.5393828749656677,0.017020702362060547,0.009358011186122894,58,291
233,7766,21,0.06311318278312683,0.5758885145187378,-0.10836300253868103,0.6407783627510071,60,310
233,7766,22,0.062069155275821686,0.5360980033874512,0.023341786116361618,0.010048804804682732,59,289
233,7766,23,0.0879095047712326,0.5356265306472778,-0.05319960415363312,0.9999622106552124,84,289
233,7766,24,0.09480917453765869,0.5391424298286438,0.05313843861222267,0.9999096989631653,91,291
233,7766,25,0.09927605092525482,0.6551408171653748,-0.04195345938205719,0.9487100839614868,95,353
233,7766,26,0.06619895994663239,0.6508124470710754,0.07333148270845413,0.5043566226959229,63,351
233,7766,27,0.15410242974758148,0.7281083464622498,0.005966550204902887,0.9509081244468689,147,393
233,7766,28,0.06562796235084534,0.7758917808532715,0.0824926570057869,0.7912895679473877,63,418
233,7766,29,0.16757167875766754,0.7261925935745239,0.008501077070832253,0.8336876630783081,160,392
233,7766,30,0.07441536337137222,0.8013110756874084,0.08105345070362091,0.7592459321022034,71,432
233,7766,31,0.15379446744918823,0.7963369488716125,-0.029874615371227264,0.9254504442214966,147,430
233,7766,32,0.031575851142406464,0.8027712106704712,0.05674256011843681,0.8087678551673889,30,433
234,7800,0,0.05968499928712845,0.30677372217178345,0.01960834488272667,0.9941306114196777,57,165
234,7800,1,0.05760303884744644,0.2969333231449127,0.003849518485367298,0.9906905889511108,55,160
234,7800,2,0.05591839924454689,0.29719242453575134,0.0037374936509877443,0.9910874962806702,53,160
234,7800,3,0.054244693368673325,0.2974407970905304,0.0037161812651902437,0.9931466579437256,52,160
234,7800,4,0.06301307678222656,0.2960425615310669,0.01639965921640396,0.9895702004432678,60,159
234,7800,5,0.06515618413686752,0.29567742347717285,0.016239842399954796,0.990918755531311,62,159
234,7800,6,0.06771611422300339,0.2952151894569397,0.01618967205286026,0.9928524494171143,65,159
234,7800,7,0.054998792707920074,0.30396848917007446,-0.045487962663173676,0.9972801208496094,52,164
234,7800,8,0.07275591790676117,0.30085289478302,0.011635294184088707,0.9903407096862793,69,162
234,7800,9,0.05861954763531685,0.31695929169654846,0.006011194549500942,0.9934244751930237,56,171
234,7800,10,0.06347791850566864,0.31719428300857544,0.021340887993574142,0.9895727634429932,60,171
234,7800,11,0.05681272968649864,0.3629210591316223,-0.0926961749792099,0.999969482421875,54,195
234,7800,12,0.09192658960819244,0.36155590415000916,0.05754220485687256,0.9985308647155762,88,195
234,7800,13,0.05708513781428337,0.4655085802078247,-0.11555683612823486,0.9198465347290039,54,251
234,7800,14,0.08869781345129013,0.45735615491867065,0.06476189941167831,0.021237656474113464,85,246
234,7800,15,0.047454677522182465,0.5541405081748962,-0.09846118092536926,0.7547629475593567,45,299
234,7800,16,0.07827549427747726,0.5180374383926392,0.035662852227687836,0.0059151058085262775,75,279
234,7800,17,0.04713505506515503,0.5825964212417603,-0.10861364006996155,0.7120173573493958,45,314
234,7800,18,0.07656506448984146,0.5327586531639099,0.03427240997552872,0.008924676105380058,73,287
234,7800,19,0.04610847681760788,0.5826184153556824,-0.10683117806911469,0.6962477564811707,44,314
234,7800,20,0.07256003469228745,0.5341976881027222,0.021867386996746063,0.008696597069501877,69,288
234,7800,21,0.045813385397195816,0.5720328688621521,-0.09604339301586151,0.594019889831543,43,308
234,7800,22,0.07249081134796143,0.5300025939941406,0.0249607153236866,0.009322264231741428,69,286
234,7800,23,0.07395325601100922,0.5333408117294312,-0.04864069074392319,0.99996018409729,70,288
234,7800,24,0.0952678695321083,0.5349897742271423,0.04856385663151741,0.9999062418937683,91,288
234,7800,25,0.07260334491729736,0.6527356505393982,-0.05088885873556137,0.922852098941803,69,352
234,7800,26,0.07452032715082169,0.6464925408363342,0.04904527962207794,0.4581703245639801,71,349
234,7800,27,0.1356983780860901,0.7260665893554688,-0.04712003469467163,0.9289605021476746,130,392
234,7800,28,0.0664372593164444,0.7756446599960327,0.03960239142179489,0.7299475073814392,63,418
234,7800,29,0.14730927348136902,0.7305487394332886,-0.04921220242977142,0.8014135956764221,141,394
234,7800,30,0.0757841020822525,0.8002191185951233,0.036887358874082565,0.7042385935783386,72,432
234,7800,31,0.11195085197687149,0.7848629951477051,-0.07520854473114014,0.8986717462539673,107,423
234,7800,32,0.05159557983279228,0.8030930757522583,0.01976834051311016,0.7496076226234436,49,433
235,7833,0,0.0579523965716362,0.30586764216423035,0.005496305879205465,0.9938570261001587,55,165
235,7833,1,0.05644956976175308,0.29602232575416565,-0.009892827831208706,0.9900972843170166,54,159
235,7833,2,0.05481934919953346,0.2963210940361023,-0.010007125325500965,0.9905452728271484,52,160
235,7833,3,0.053161777555942535,0.29660192131996155,-0.010012540966272354,0.9926562309265137,51,160
235,7833,4,0.06135270744562149,0.29502949118614197,0.0036294995807111263,0.9889982342720032,58,159
235,7833,5,0.06341221928596497,0.29457995295524597,0.003467409871518612,0.9905006289482117,60,159
235,7833,6,0.06546779721975327,0.2940182387828827,0.0034096734598279,0.9924470782279968,62,158
235,7833,7,0.05347621813416481,0.3032129406929016,-0.05480894818902016,0.9970830678939819,51,163
235,7833,8,0.07079644501209259,0.2996520400047302,0.007882876321673393,0.9898953437805176,67,161
235,7833,9,0.05746830254793167,0.3162282407283783,-0.006270340643823147,0.9927899241447449,55,170
235,7833,10,0.06209966912865639,0.31598278880119324,0.010257364250719547,0.9886987805366516,59,170
235,7833,11,0.05685138702392578,0.3615820109844208,-0.10188714414834976,0.9999661445617676,54,195
235,7833,12,0.08925407379865646,0.36016181111335754,0.05161023885011673,0.9984763264656067,85,194
235,7833,13,0.05476968735456467,0.46566513180732727,-0.12342912703752518,0.9220860600471497,52,251
235,7833,14,0.08939658850431442,0.4504896402359009,0.05617542192339897,0.019944721832871437,85,243
235,7833,15,0.04624366760253906,0.5541105270385742,-0.10428223758935928,0.7342872619628906,44,299
235,7833,16,0.08088672906160355,0.514848530292511,0.03965141251683235,0.005427710246294737,77,278
235,7833,17,0.047492992132902145,0.5814069509506226,-0.1139417514204979,0.6874240040779114,45,313
235,7833,18,0.07764969766139984,0.5299072861671448,0.03988896682858467,0.008181898854672909,74,286
235,7833,19,0.046521518379449844,0.5823356509208679,-0.11194180697202682,0.6705026626586914,44,314
235,7833,20,0.07503467053174973,0.5299760103225708,0.026913514360785484,0.007969002239406109,72,286
235,7833,21,0.045787882059812546,0.5719665288925171,-0.10163519531488419,0.564486563205719,43,308
235,7833,22,0.07540635764598846,0.5240055918693542,0.031589847058057785,0.008549465797841549,72,282
235,7833,23,0.07235923409461975,0.5324930548667908,-0.04843003675341606,0.9999557137489319,69,287
235,7833,24,0.09365325421094894,0.5318869352340698,0.04836495220661163,0.9998960494995117,89,287
235,7833,25,0.06964607536792755,0.651560366153717,-0.043811406940221786,0.9167940616607666,66,351
235,7833,26,0.07630794495344162,0.6451785564422607,0.05268710106611252,0.42257773876190186,73,348
235,7833,27,0.13590706884860992,0.725339412689209,-0.042329274117946625,0.9266695380210876,130,391
235,7833,28,0.06654296815395355,0.7741823792457581,0.04204012453556061,0.6950781345367432,63,418
235,7833,29,0.14835236966609955,0.730740487575531,-0.04485710337758064,0.8037132620811462,142,394
235,7833,30,0.08285379409790039,0.8004023432731628,0.03883625194430351,0.6792777180671692,79,432
235,7833,31,0.114288829267025,0.7804388403892517,-0.07015383988618851,0.8959473371505737,109,421
235,7833,32,0.03970909118652344,0.8028347492218018,0.020178304985165596,0.7177892327308655,38,433
236,7866,0,0.04925781488418579,0.3056364357471466,0.0017086805310100317,0.9938653111457825,47,165
236,7866,1,0.04765772074460983,0.2956450879573822,-0.01379487570375204,0.9902202486991882,45,159
236,7866,2,0.04631965979933739,0.2958633005619049,-0.013913092203438282,0.9906572103500366,44,159
236,7866,3,0.04490944370627403,0.2960645258426666,-0.013919735327363014,0.9927984476089478,43,159
236,7866,4,0.0526772066950798,0.29463309049606323,-0.00040331826312467456,0.9890270829200745,50,159
236,7866,5,0.05477317050099373,0.2941075563430786,-0.0005674163694493473,0.9904402494430542,52,158
236,7866,6,0.05745206028223038,0.29334864020347595,-0.0006214532186277211,0.992392897605896,55,158
236,7866,7,0.04687855765223503,0.30211806297302246,-0.05806500464677811,0.9970903396606445,45,163
236,7866,8,0.06317713111639023,0.29832351207733154,0.007729077246040106,0.9896090626716614,60,161
236,7866,9,0.049326129257678986,0.3160000741481781,-0.009637064300477505,0.9925921559333801,47,170
236,7866,10,0.05346549674868584,0.31586796045303345,0.006663297303020954,0.9882023334503174,51,170
236,7866,11,0.0478527694940567,0.36034509539604187,-0.1019296646118164,0.9999651908874512,45,194
236,7866,12,0.08394958823919296,0.3588010370731354,0.051421936601400375,0.9983839392662048,80,193
236,7866,13,0.044864654541015625,0.46663203835487366,-0.12185457348823547,0.9134615659713745,43,251
236,7866,14,0.08453816920518875,0.44888070225715637,0.05776047706604004,0.01800883188843727,81,242
236,7866,15,0.03472276031970978,0.5564798712730408,-0.10392317175865173,0.7261695861816406,33,300
236,7866,16,0.07768417149782181,0.5118380784988403,0.04013388231396675,0.005068907514214516,74,276
236,7866,17,0.03411378711462021,0.5816429853439331,-0.11444209516048431,0.6784794330596924,32,314
236,7866,18,0.07553539425134659,0.5244749784469604,0.04020468145608902,0.007752804551273584,72,283
236,7866,19,0.03300946205854416,0.5823591351509094,-0.11305960267782211,0.6611951589584351,31,314
236,7866,20,0.07134474813938141,0.5259186625480652,0.027944982051849365,0.0075528500601649284,68,283
236,7866,21,0.03324311599135399,0.5727446675300598,-0.10161314159631729,0.5498496294021606,31,309
236,7866,22,0.07104820758104324,0.5211942195892334,0.033060718327760696,0.008064177818596363,68,281
236,7866,23,0.06407685577869415,0.5321873426437378,-0.04757477343082428,0.9999541640281677,61,287
236,7866,24,0.08880738168954849,0.5298132300376892,0.04751008749008179,0.9998917579650879,85,286
236,7866,25,0.061251625418663025,0.6516715288162231,-0.044171445071697235,0.8903228640556335,58,351
236,7866,26,0.0714719295501709,0.6403986215591431,0.051618196070194244,0.3835529386997223,68,345
236,7866,27,0.11888836324214935,0.7260183095932007,-0.027743853628635406,0.8971020579338074,114,392
236,7866,28,0.06975191086530685,0.7726809978485107,0.047637682408094406,0.6369748115539551,66,417
236,7866,29,0.132249116897583,0.7327138185501099,-0.028181156143546104,0.7717731595039368,126,395
236,7866,30,0.08387020230293274,0.7955042719841003,0.0456264391541481,0.6274243593215942,80,429
236,7866,31,0.09980034828186035,0.7808312177658081,-0.051380667835474014,0.8657312989234924,95,421
236,7866,32,0.052778687328100204,0.8023231625556946,0.031318992376327515,0.663077175617218,50,433
237,7900,0,0.04911620169878006,0.3031364679336548,-0.0023165910970419645,0.9942777752876282,47,163
237,7900,1,0.04805547744035721,0.29310470819473267,-0.018009154126048088,0.9910346269607544,46,158
237,7900,2,0.04666924849152565,0.29342514276504517,-0.018117060884833336,0.9914542436599731,44,158
237,7900,3,0.04522545263171196,0.29371845722198486,-0.018063103780150414,0.9934009313583374,43,158
237,7900,4,0.05259614810347557,0.29177194833755493,-0.007078366354107857,0.9899592399597168,50,157
237,7900,5,0.05460626631975174,0.291127473115921,-0.007252619136124849,0.9912679195404053,52,157
237,7900,6,0.05666837841272354,0.29035887122154236,-0.007327195722609758,0.9930236339569092,54,156
237,7900,7,0.046055667102336884,0.30009815096855164,-0.06316027045249939,0.9973403215408325,44,162
237,7900,8,0.06240585818886757,0.29581233859062195,-0.009922533296048641,0.9905192255973816,59,159
237,7900,9,0.04915031045675278,0.3137260377407074,-0.01356596127152443,0.9931819438934326,47,169
237,7900,10,0.05353625491261482,0.3131100535392761,-0.0007630759500898421,0.9891659617424011,51,169
237,7900,11,0.046956129372119904,0.3594030737876892,-0.10554323345422745,0.9999650716781616,45,194
237,7900,12,0.08282811939716339,0.3576788008213043,0.034010693430900574,0.9983201622962952,79,193
237,7900,13,0.04248565435409546,0.46794477105140686,-0.12380402535200119,0.9216082096099854,40,252
237,7900,14,0.08277931064367294,0.4491126835346222,0.04661474749445915,0.024356234818696976,79,242
237,7900,15,0.03300577402114868,0.5566215515136719,-0.10197746753692627,0.7483317255973816,31,300
237,7900,16,0.07469391077756882,0.5137805938720703,0.04101141169667244,0.0051123457960784435,71,277
237,7900,17,0.03284729644656181,0.5816487669944763,-0.109324611723423,0.7025607824325562,31,314
237,7900,18,0.07097649574279785,0.5279192328453064,0.04195605590939522,0.007672294974327087,68,285
237,7900,19,0.0306538175791502,0.5816888809204102,-0.10914213210344315,0.6864445805549622,29,314
237,7900,20,0.06826695799827576,0.5281034708023071,0.029222233220934868,0.0074558439664542675,65,285
237,7900,21,0.03064899332821369,0.5725519061088562,-0.09960651397705078,0.5803589224815369,29,309
237,7900,22,0.06887349486351013,0.5224824547767639,0.03463490307331085,0.007970063015818596,66,282
237,7900,23,0.06159905716776848,0.5311511754989624,-0.04530150443315506,0.9999546408653259,59,286
237,7900,24,0.08781005442142487,0.5268217325210571,0.04527503624558449,0.9998894333839417,84,284
237,7900,25,0.059070467948913574,0.6506946086883545,0.004297084175050259,0.9005292057991028,56,351
237,7900,26,0.07168228924274445,0.6356592178344727,0.053654443472623825,0.41909897327423096,68,343
237,7900,27,0.06729709357023239,0.7653792500495911,0.019828975200653076,0.9072511196136475,64,413
237,7900,28,0.11355015635490417,0.7305952310562134,0.06079654023051262,0.6650224924087524,109,394
237,7900,29,0.07821691781282425,0.792053759098053,0.019378285855054855,0.7941330671310425,75,427
237,7900,30,0.12982042133808136,0.7362746000289917,0.05985475331544876,0.6575524806976318,124,397
237,7900,31,0.032853882759809494,0.7965815663337708,-0.015548479743301868,0.8787724375724792,31,430
237,7900,32,0.10619714856147766,0.7817448973655701,0.03982534259557724,0.6877065300941467,101,422
238,7933,0,0.042475376278162,0.3023873567581177,0.012538093142211437,0.9942492842674255,40,163
238,7933,1,0.04043188318610191,0.29235538840293884,-0.0022044305223971605,0.991311252117157,38,157
238,7933,2,0.038894832134246826,0.29276782274246216,-0.0023043404798954725,0.991753339767456,37,158
238,7933,3,0.037351787090301514,0.2931675612926483,-0.002270353492349386,0.9936471581459045,35,158
238,7933,4,0.04588031396269798,0.2905811369419098,0.00803416594862938,0.9903178811073303,44,156
238,7933,5,0.04837777838110924,0.28969958424568176,0.007871071808040142,0.9915866851806641,46,156
238,7933,6,0.05072232708334923,0.288822740316391,0.007804686203598976,0.9932262301445007,48,155
238,7933,7,0.03846752271056175,0.2993016839027405,-0.046377647668123245,0.9974545836448669,36,161
238,7933,8,0.05584537982940674,0.29367753863334656,-0.0012310236925259233,0.9909443855285645,53,158
238,7933,9,0.0416811928153038,0.31296807527542114,0.0012839615810662508,0.9935008883476257,40,169
238,7933,10,0.04702385142445564,0.31218087673187256,0.013190088793635368,0.9896705746650696,45,168
238,7933,11,0.03801775723695755,0.35733920335769653,-0.09003607928752899,0.9999653100967407,36,192
238,7933,12,0.07935978472232819,0.35720396041870117,0.0391516275703907,0.9981838464736938,76,192
238,7933,13,0.03420702740550041,0.4661089777946472,-0.10508556663990021,0.9277894496917725,32,251
238,7933,14,0.07985921949148178,0.4455205798149109,0.046005211770534515,0.023739218711853027,76,240
238,7933,15,0.01795387826859951,0.5494669675827026,-0.09334464371204376,0.7645120024681091,17,296
238,7933,16,0.06778619438409805,0.5050324201583862,0.040311139076948166,0.004745059181004763,65,272
238,7933,17,0.017038624733686447,0.5756900310516357,-0.10147633403539658,0.7194287180900574,16,310
238,7933,18,0.06337633728981018,0.5176324844360352,0.04090610891580582,0.00709440466016531,60,279
238,7933,19,0.015402907505631447,0.5767450332641602,-0.10139640420675278,0.7039410471916199,14,311
238,7933,20,0.06063250079751015,0.5163363814353943,0.03007197007536888,0.006885691080242395,58,278
238,7933,21,0.017067736014723778,0.5658347606658936,-0.09126507490873337,0.5979133248329163,16,305
238,7933,22,0.06131698936223984,0.5110743641853333,0.034834470599889755,0.00735536590218544,58,275
238,7933,23,0.05407850071787834,0.5275566577911377,-0.0415206216275692,0.9999521970748901,51,284
238,7933,24,0.08205389976501465,0.5209465026855469,0.04149285703897476,0.9998745918273926,78,281
238,7933,25,0.05337154120206833,0.6500306725502014,-0.007486340589821339,0.9039344191551208,51,351
238,7933,26,0.06341968476772308,0.6343298554420471,0.04474250599741936,0.39273297786712646,60,342
238,7933,27,0.06339175999164581,0.7718169093132019,0.014748597517609596,0.914280891418457,60,416
238,7933,28,0.11085344851016998,0.7360800504684448,0.055478401482105255,0.6365748047828674,106,397
238,7933,29,0.07949008047580719,0.7975374460220337,0.011561351828277111,0.8087722063064575,76,430
238,7933,30,0.12758037447929382,0.7525219917297363,0.05510065704584122,0.6384269595146179,122,406
238,7933,31,0.030753884464502335,0.8007437586784363,-0.021234411746263504,0.8867805600166321,29,432
238,7933,32,0.08563534915447235,0.7812638878822327,0.03682803735136986,0.6635592579841614,82,421
239,7966,0,0.040181372314691544,0.3023693859577179,0.007052096072584391,0.9945766925811768,38,163
239,7966,1,0.03830438479781151,0.2922380566596985,-0.00850767083466053,0.9919729828834534,36,157
239,7966,2,0.03700222074985504,0.29255005717277527,-0.008623461239039898,0.9923902750015259,35,157
239,7966,3,0.03559271991252899,0.29284313321113586,-0.008615289814770222,0.9941269755363464,34,158
239,7966,4,0.04327576979994774,0.2904711961746216,0.0032821623608469963,0.9910880327224731,41,156
239,7966,5,0.045230258256196976,0.28957515954971313,0.0031224419362843037,0.9922648668289185,43,156
239,7966,6,0.0470745787024498,0.28864607214927673,0.0030644561629742384,0.9937517642974854,45,155
239,7966,7,0.037585362792015076,0.29861918091773987,-0.052230726927518845,0.9976513981819153,36,161
239,7966,8,0.053002480417490005,0.29278701543807983,-5.695949585060589e-05,0.9916921854019165,50,158
239,7966,9,0.04051351174712181,0.31241336464881897,-0.00474798958748579,0.9939393997192383,38,168
239,7966,10,0.044239677488803864,0.3120521605014801,0.009317321702837944,0.9904080033302307,42,168
239,7966,11,0.0386357419192791,0.35604387521743774,-0.09710707515478134,0.999963641166687,37,192
239,7966,12,0.07606910169124603,0.35469624400138855,0.04057950899004936,0.9980331063270569,73,191
239,7966,13,0.03392999991774559,0.4647444188594818,-0.11260531097650528,0.9344128370285034,32,250
239,7966,14,0.07946411520242691,0.4418520927429199,0.05596332624554634,0.02524535357952118,76,238
239,7966,15,0.01517071109265089,0.5439558029174805,-0.09106580913066864,0.7814706563949585,14,293
239,7966,16,0.06876829266548157,0.5028334259986877,0.05681739002466202,0.004551441874355078,66,271
239,7966,17,0.013700408861041069,0.569981575012207,-0.09890322387218475,0.737128734588623,13,307
239,7966,18,0.064839668571949,0.5169035196304321,0.0584632083773613,0.006734336726367474,62,279
239,7966,19,0.011386257596313953,0.569782555103302,-0.09715390205383301,0.7222904562950134,10,307
239,7966,20,0.06196553632616997,0.5158844590187073,0.04888065159320831,0.0065236580558121204,59,278
239,7966,21,0.013571873307228088,0.5589383244514465,-0.08802466839551926,0.618672788143158,13,301
239,7966,22,0.06267981231212616,0.5100865960121155,0.05185788869857788,0.006975455675274134,60,275
239,7966,23,0.05438144877552986,0.5252006649971008,-0.04283523932099342,0.999947726726532,52,283
239,7966,24,0.08117944747209549,0.5169363021850586,0.042790211737155914,0.9998582005500793,77,279
239,7966,25,0.05354646220803261,0.6499636769294739,-0.003754608565941453,0.9119428992271423,51,350
239,7966,26,0.06381230056285858,0.6262629628181458,0.05025177076458931,0.39685896039009094,61,338
239,7966,27,0.0631425604224205,0.7758417129516602,0.027795564383268356,0.9222520589828491,60,418
239,7966,28,0.10300984978675842,0.7331792116165161,0.07801839709281921,0.6416395306587219,98,395
239,7966,29,0.07585491985082626,0.7985426187515259,0.028740931302309036,0.8259556889533997,72,431
239,7966,30,0.11634375154972076,0.7403723001480103,0.0800376757979393,0.6488410830497742,111,399
239,7966,31,0.02789231203496456,0.8022236227989197,-0.005820204503834248,0.8965927362442017,26,433
239,7966,32,0.08683136105537415,0.7760708332061768,0.06045332923531532,0.6668376922607422,83,419
240,8000,0,0.031611308455467224,0.2993098795413971,0.01700115017592907,0.9950339198112488,30,161
240,8000,1,0.030376030132174492,0.2890031039714813,0.00136745092459023,0.992671549320221,29,156
240,8000,2,0.029185745865106583,0.2891869843006134,0.0012805346632376313,0.9930423498153687,28,156
240,8000,3,0.02794392593204975,0.2893863320350647,0.0013376162387430668,0.9946218729019165,26,156
240,8000,4,0.035690125077962875,0.28757089376449585,0.012154859490692616,0.9919102787971497,34,155
240,8000,5,0.037943679839372635,0.2868179678916931,0.011978467926383018,0.9929832220077515,36,154
240,8000,6,0.03996656462550163,0.2861084043979645,0.011933228932321072,0.9943333268165588,38,154
240,8000,7,0.030059583485126495,0.29507744312286377,-0.04590539261698723,0.9978424310684204,28,159
240,8000,8,0.04654474928975105,0.29110580682754517,0.002598108956590295,0.9924723505973816,44,157
240,8000,9,0.031766392290592194,0.3096873164176941,0.004806595388799906,0.9944490194320679,30,167
240,8000,10,0.03588338941335678,0.3095761239528656,0.017642980441451073,0.9912698268890381,34,167
240,8000,11,0.02860143408179283,0.35590431094169617,-0.08814677596092224,0.9999613165855408,27,192
240,8000,12,0.0719442144036293,0.3547472059726715,0.042496997863054276,0.9981557130813599,69,191
240,8000,13,0.02683321014046669,0.4596346914768219,-0.07657881826162338,0.9343381524085999,25,248
240,8000,14,0.07412651926279068,0.4365193843841553,0.0668477788567543,0.026056451722979546,71,235
240,8000,15,0.011082175187766552,0.5131634473800659,-0.02760106697678566,0.7480722665786743,10,277
240,8000,16,0.05842525139451027,0.4839915633201599,0.0808512270450592,0.0047238110564649105,56,261
240,8000,17,0.0066323173232376575,0.5264082551002502,-0.02971445769071579,0.7063599824905396,6,284
240,8000,18,0.053170688450336456,0.4949480891227722,0.08334575593471527,0.006969423033297062,51,267
240,8000,19,0.006260106340050697,0.519914984703064,-0.03131784498691559,0.6926137804985046,6,280
240,8000,20,0.04961651191115379,0.49417153000831604,0.07392729818820953,0.006747640203684568,47,266
240,8000,21,0.009936211630702019,0.5160818099975586,-0.02544153854250908,0.5906630158424377,9,278
240,8000,22,0.050276365131139755,0.49029648303985596,0.07628810405731201,0.007163724862039089,48,264
240,8000,23,0.04557127133011818,0.5250778198242188,-0.04392721876502037,0.9999269843101501,43,283
240,8000,24,0.06992443650960922,0.5181758999824524,0.043887872248888016,0.9998165965080261,67,279
240,8000,25,0.04911826178431511,0.649898111820221,-0.008398923091590405,0.9141472578048706,47,350
240,8000,26,0.06174658611416817,0.6256090402603149,0.0813441127538681,0.3698256015777588,59,337
240,8000,27,0.06479562819004059,0.774397075176239,0.01966201700270176,0.9261263608932495,62,418
240,8000,28,0.08260597288608551,0.7366666793823242,0.12411928921937943,0.6102681159973145,79,397
240,8000,29,0.07636106014251709,0.8015497922897339,0.020362909883260727,0.8328226208686829,73,432
240,8000,30,0.09338688850402832,0.7503388524055481,0.12728069722652435,0.6274391412734985,89,405
240,8000,31,0.02908451296389103,0.8031398057937622,-0.01267994660884142,0.8974661231040955,27,433
240,8000,32,0.05636090412735939,0.7571709752082825,0.11610652506351471,0.6342397332191467,54,408
241,8033,0,0.029601968824863434,0.29942503571510315,0.0031760961282998323,0.9952268004417419,28,161
241,8033,1,0.0288481954485178,0.2889833450317383,-0.012101584114134312,0.9930840730667114,27,156
241,8033,2,0.027841651812195778,0.28909552097320557,-0.01216412428766489,0.9934114217758179,26,156
241,8033,3,0.02674490213394165,0.2892133593559265,-0.012057987041771412,0.9948248267173767,25,156
241,8033,4,0.03358661010861397,0.28769633173942566,-0.0009278524667024612,0.9925025105476379,32,155
241,8033,5,0.035622477531433105,0.2869628667831421,-0.0011339043267071247,0.9935296177864075,34,154
241,8033,6,0.03753628954291344,0.28624582290649414,-0.0012019238201901317,0.9947680234909058,36,154
241,8033,7,0.029094863682985306,0.29464635252952576,-0.055606525391340256,0.9979191422462463,27,159
241,8033,8,0.04408937320113182,0.2908526062965393,-0.0049650054425001144,0.9930983185768127,42,157
241,8033,9,0.0302348043769598,0.30952075123786926,-0.0068803164176642895,0.9944286942481995,29,167
241,8033,10,0.033713843673467636,0.30959174036979675,0.00621390575543046,0.9916279911994934,32,167
241,8033,11,0.026689328253269196,0.35570794343948364,-0.09352315962314606,0.9999313950538635,25,192
241,8033,12,0.06945667415857315,0.35436198115348816,0.03574536740779877,0.9981061816215515,66,191
241,8033,13,0.02371053211390972,0.45741361379623413,-0.09189291298389435,0.9312410950660706,22,247
241,8033,14,0.07864626497030258,0.4370461404323578,0.0644335225224495,0.026281015947461128,75,236
241,8033,15,0.008528733626008034,0.5064260959625244,-0.04513394087553024,0.6958743929862976,8,273
241,8033,16,0.06597371399402618,0.4840007722377777,0.0765753909945488,0.004553729202598333,63,261
241,8033,17,0.003708841511979699,0.5218837857246399,-0.047412946820259094,0.6584869027137756,3,281
241,8033,18,0.06188603490591049,0.49671974778175354,0.07934253662824631,0.006728518754243851,59,268
241,8033,19,0.0041869087144732475,0.521504819393158,-0.047570958733558655,0.6456248164176941,4,281
241,8033,20,0.058480147272348404,0.49561965465545654,0.07127566635608673,0.006512882653623819,56,267
241,8033,21,0.008253400214016438,0.5164909362792969,-0.04247706010937691,0.5483130812644958,7,278
241,8033,22,0.05883024260401726,0.4911186993122101,0.07273931801319122,0.006883170455694199,56,265
241,8033,23,0.04391680657863617,0.525382936000824,-0.044168390333652496,0.9998629093170166,42,283
241,8033,24,0.06997063755989075,0.5193853378295898,0.04413300380110741,0.9997032284736633,67,280
241,8033,25,0.04739747568964958,0.6499156355857849,0.004934400320053101,0.917116641998291,45,350
241,8033,26,0.06465082615613937,0.6245825886726379,0.09278801828622818,0.34777092933654785,62,337
241,8033,27,0.061615247279405594,0.7717984318733215,0.03494793176651001,0.9306621551513672,59,416
241,8033,28,0.07990243285894394,0.732276439666748,0.13201461732387543,0.5906667709350586,76,395
241,8033,29,0.07537753134965897,0.8001757860183716,0.03603469952940941,0.8436949253082275,72,432
241,8033,30,0.09060833603143692,0.7501692771911621,0.1347704380750656,0.6228266954421997,86,405
241,8033,31,0.0308942012488842,0.8024024367332458,0.004271781537681818,0.8999948501586914,29,433
241,8033,32,0.054610516875982285,0.7472362518310547,0.12230013310909271,0.6125056743621826,52,403
242,8066,0,0.02551419287919998,0.2988383173942566,0.0236020740121603,0.9940919876098633,24,161
242,8066,1,0.023144252598285675,0.2887333333492279,0.0049393451772630215,0.9917298555374146,22,155
242,8066,2,0.021743381395936012,0.2889544367790222,0.004810084123164415,0.9919770956039429,20,156
242,8066,3,0.02041187323629856,0.28914615511894226,0.0048826951533555984,0.9937583804130554,19,156
242,8066,4,0.028605224564671516,0.28722113370895386,0.01676938869059086,0.9919080138206482,27,155
242,8066,5,0.03101825900375843,0.28643926978111267,0.016595931723713875,0.9931745529174805,29,154
242,8066,6,0.03333141654729843,0.28575366735458374,0.016528280451893806,0.9945635795593262,31,154
242,8066,7,0.021859806030988693,0.29478588700294495,-0.05537860840559006,0.9977036714553833,20,159
242,8066,8,0.03904617205262184,0.2905609607696533,-0.003010787069797516,0.9932329654693604,37,156
242,8066,9,0.025057505816221237,0.3092103898525238,0.006263320334255695,0.9934737682342529,24,166
242,8066,10,0.029991596937179565,0.30898144841194153,0.0207656379789114,0.990958034992218,28,166
242,8066,11,0.021175475791096687,0.3552704155445099,-0.09468331933021545,0.9997833371162415,20,191
242,8066,12,0.06245265528559685,0.35478290915489197,0.03804416209459305,0.996067225933075,59,191
242,8066,13,0.011153368279337883,0.4565611481666565,-0.07329191267490387,0.8594359755516052,10,246
242,8066,14,0.056004010140895844,0.4355008006095886,0.09416219592094421,0.023792041465640068,53,235
242,8066,15,-0.013843516819179058,0.47717562317848206,0.027191249653697014,0.6274186372756958,-13,257
242,8066,16,0.026897694915533066,0.43188905715942383,0.14661386609077454,0.004160256125032902,25,233
242,8066,17,-0.02326611988246441,0.482634037733078,0.031842414289712906,0.5943126082420349,-22,260
242,8066,18,0.020589077845215797,0.43002957105636597,0.15568281710147858,0.006205339450389147,19,232
242,8066,19,-0.0211616363376379,0.4710829257965088,0.03276027739048004,0.5828275680541992,-20,254
242,8066,20,0.017375532537698746,0.4265565574169159,0.15027111768722534,0.006025730632245541,16,230
242,8066,21,-0.014679324813187122,0.47059306502342224,0.031300004571676254,0.4949820041656494,-14,254
242,8066,22,0.018098602071404457,0.427205353975296,0.14441291987895966,0.006404500920325518,17,230
242,8066,23,0.03976250812411308,0.5228063464164734,-0.04468601942062378,0.996561586856842,38,282
242,8066,24,0.058846767991781235,0.5133507251739502,0.04465902969241142,0.9913602471351624,56,277
242,8066,25,0.04612245038151741,0.6487506628036499,0.011129437014460564,0.9049081802368164,44,350
242,8066,26,0.03311365097761154,0.46747326850891113,0.11708170920610428,0.31467220187187195,31,252
242,8066,27,0.06156599894165993,0.7733127474784851,0.05063699930906296,0.9241570830345154,59,417
242,8066,28,0.00732004176825285,0.5079497694969177,0.19117584824562073,0.5352165699005127,7,274
242,8066,29,0.07326658815145493,0.7999386191368103,0.05398882180452347,0.8309279680252075,70,431
242,8066,30,0.0060895816422998905,0.5271068811416626,0.19965626299381256,0.5726828575134277,5,284
242,8066,31,0.02588503435254097,0.8040598034858704,0.016524486243724823,0.8773134350776672,24,434
242,8066,32,-0.011227519251406193,0.4845575988292694,0.20845632255077362,0.556834876537323,-10,261
243,8100,0,0.022772228345274925,0.29900625348091125,0.0186542309820652,0.9939678907394409,21,161
243,8100,1,0.021751094609498978,0.2887136936187744,0.0021875943057239056,0.9918332099914551,20,155
243,8100,2,0.020865892991423607,0.2888706922531128,0.002063679276034236,0.9920111298561096,20,155
243,8100,3,0.01985461637377739,0.2890109717845917,0.002126748440787196,0.9937119483947754,19,156
243,8100,4,0.025975940749049187,0.2873329520225525,0.014188672415912151,0.9922288060188293,24,155
243,8100,5,0.027744343504309654,0.2865745723247528,0.014020427130162716,0.9935012459754944,26,154
243,8100,6,0.029342126101255417,0.28587400913238525,0.013944693841040134,0.9948222637176514,28,154
243,8100,7,0.02184762991964817,0.2945273220539093,-0.05019863694906235,0.9977363348007202,20,159
243,8100,8,0.035404644906520844,0.2904610335826874,0.0030764422845095396,0.9936501383781433,33,156
243,8100,9,0.02386736124753952,0.30917954444885254,0.004571218974888325,0.9931594133377075,22,166
243,8100,10,0.027329444885253906,0.30906540155410767,0.019195403903722763,0.990925669670105,26,166
243,8100,11,0.0204307921230793,0.3540859818458557,-0.0904167890548706,0.9996610283851624,19,191
243,8100,12,0.05949164927005768,0.3546958565711975,0.039637450128793716,0.9946106672286987,57,191
243,8100,13,0.010157408192753792,0.4557904601097107,-0.07135341316461563,0.8129162788391113,9,246
243,8100,14,0.05866849422454834,0.4392373561859131,0.06467887759208679,0.021807895973324776,56,237
243,8100,15,-0.010592381469905376,0.4905175566673279,0.0009703769464977086,0.5694844126701355,-10,264
243,8100,16,0.028528425842523575,0.4608267843723297,0.062281545251607895,0.0038734986446797848,27,248
243,8100,17,-0.017559204250574112,0.4982924163341522,0.0012152480194345117,0.5415734052658081,-16,269
243,8100,18,0.021394304931163788,0.4675884544849396,0.06254506856203079,0.005856794770807028,20,252
243,8100,19,-0.01620224304497242,0.488236665725708,0.0015351650072261691,0.5314118266105652,-15,263
243,8100,20,0.017066968604922295,0.46620041131973267,0.05551575869321823,0.005713509861379862,16,251
243,8100,21,-0.011164531111717224,0.4864175319671631,0.003984016366302967,0.4510721266269684,-10,262
243,8100,22,0.018615756183862686,0.4636586904525757,0.05804603919386864,0.006130152847617865,17,250
243,8100,23,0.0384933203458786,0.5196954011917114,-0.043647460639476776,0.9956754446029663,36,280
243,8100,24,0.05547606199979782,0.5109189748764038,0.04357914254069328,0.9889172315597534,53,275
243,8100,25,0.04731115326285362,0.6461181044578552,0.01790662854909897,0.9078294038772583,45,348
243,8100,26,0.03245449438691139,0.5014098286628723,0.11812417954206467,0.2905592918395996,31,270
243,8100,27,0.06354165822267532,0.7735993266105652,0.06144660711288452,0.9276472330093384,60,417
243,8100,28,0.02508246898651123,0.5421122312545776,0.1923164427280426,0.4936753213405609,24,292
243,8100,29,0.07369575649499893,0.7996034622192383,0.06483782082796097,0.8337947130203247,70,431
243,8100,30,0.027683107182383537,0.5583906769752502,0.20059172809123993,0.5448346734046936,26,301
243,8100,31,0.027954954653978348,0.8035412430763245,0.0265443567186594,0.8751721382141113,26,433
243,8100,32,0.00915764831006527,0.5277494788169861,0.2058875858783722,0.5164231657981873,8,284
244,8133,0,0.01731865666806698,0.2991488575935364,0.05713962763547897,0.9942672252655029,16,161
244,8133,1,0.015563007444143295,0.28884467482566833,0.03879576176404953,0.9922592639923096,14,155
244,8133,2,0.014244004152715206,0.28900012373924255,0.038716480135917664,0.992439866065979,13,156
244,8133,3,0.01286051981151104,0.28913283348083496,0.03875681385397911,0.9939674735069275,12,156
244,8133,4,0.02065228298306465,0.287464439868927,0.04796919971704483,0.9928209185600281,19,155
244,8133,5,0.022819748148322105,0.28671348094940186,0.04779226705431938,0.9940313696861267,21,154
244,8133,6,0.024892635643482208,0.28601065278053284,0.04773291200399399,0.9952462911605835,23,154
244,8133,7,0.013929384760558605,0.2946639955043793,-0.02139754220843315,0.9978554844856262,13,159
244,8133,8,0.03014160506427288,0.29059359431266785,0.02022363990545273,0.9942229986190796,28,156
244,8133,9,0.01701865717768669,0.309310644865036,0.04104182496666908,0.9935039281845093,16,167
244,8133,10,0.02131500653922558,0.3090994954109192,0.051982201635837555,0.9916067719459534,20,166
244,8133,11,0.009806825779378414,0.3542131781578064,-0.06017766892910004,0.9995855689048767,9,191
244,8133,12,0.059292543679475784,0.3554450571537018,0.04034310206770897,0.9949659109115601,56,191
244,8133,13,-0.0035571001935750246,0.44647106528282166,-0.014326320961117744,0.8044370412826538,-3,241
244,8133,14,0.0589296817779541,0.43973609805107117,0.06482371687889099,0.024909816682338715,56,237
244,8133,15,-0.01010560616850853,0.43701276183128357,0.0889141783118248,0.5213693976402283,-9,235
244,8133,16,0.042080167680978775,0.4702896475791931,0.07887084782123566,0.00407628808170557,40,253
244,8133,17,-0.013301059603691101,0.43410566449165344,0.09691142290830612,0.49996575713157654,-12,234
244,8133,18,0.036993931978940964,0.4786919951438904,0.08364060521125793,0.006357942707836628,35,258
244,8133,19,-0.010886521078646183,0.4231386184692383,0.09380357712507248,0.4926076829433441,-10,228
244,8133,20,0.033407021313905716,0.4774494171142578,0.07765570282936096,0.006348969880491495,32,257
244,8133,21,-0.006789700128138065,0.42414242029190063,0.09123355895280838,0.4177897870540619,-6,229
244,8133,22,0.03415188938379288,0.4743025004863739,0.07634709775447845,0.006857458036392927,32,256
244,8133,23,0.0328839011490345,0.5228564143180847,-0.04106252267956734,0.9922395944595337,31,282
244,8133,24,0.05273759365081787,0.513380765914917,0.040948983281850815,0.9848079085350037,50,277
244,8133,25,0.04823038727045059,0.6488739848136902,0.010599363595247269,0.8984166979789734,46,350
244,8133,26,0.039499811828136444,0.6034476161003113,0.10748155415058136,0.2725833058357239,37,325
244,8133,27,0.06287157535552979,0.7740858793258667,0.047979723662137985,0.921987771987915,60,418
244,8133,28,0.037687063217163086,0.7060284614562988,0.17267507314682007,0.47798845171928406,36,381
244,8133,29,0.07490968704223633,0.7987266182899475,0.051841069012880325,0.8271506428718567,71,431
244,8133,30,0.043320007622241974,0.7193461060523987,0.17935895919799805,0.538896381855011,41,388
244,8133,31,0.025588519871234894,0.8020721673965454,0.02351319044828415,0.8598517775535583,24,433
244,8133,32,0.013389166444540024,0.7270296812057495,0.17422303557395935,0.4941622018814087,12,392
245,8166,0,0.016957147046923637,0.29917994141578674,0.0479997955262661,0.9941397905349731,16,161
245,8166,1,0.01478051021695137,0.28894874453544617,0.029740022495388985,0.9922077059745789,14,156
245,8166,2,0.013229007832705975,0.28905999660491943,0.029651280492544174,0.9924217462539673,12,156
245,8166,3,0.011600896716117859,0.28915756940841675,0.029691722244024277,0.9937902688980103,11,156
245,8166,4,0.02006191574037075,0.2876227796077728,0.03811504691839218,0.9931104779243469,19,155
245,8166,5,0.022068703547120094,0.28684383630752563,0.03793783858418465,0.9943515658378601,21,154
245,8166,6,0.023986130952835083,0.2860800623893738,0.037867117673158646,0.9955039024353027,23,154
245,8166,7,0.01198351476341486,0.29473960399627686,-0.028973983600735664,0.9978631138801575,11,159
245,8166,8,0.028956256806850433,0.2906213402748108,0.01605786569416523,0.9946640729904175,27,156
245,8166,9,0.016331028193235397,0.3093442916870117,0.03248600661754608,0.9935005307197571,15,167
245,8166,10,0.02095913141965866,0.30918532609939575,0.04232069104909897,0.9919919967651367,20,166
245,8166,11,0.008015132509171963,0.35468238592147827,-0.06724198907613754,0.9994926452636719,7,191
245,8166,12,0.05903869867324829,0.3566037714481354,0.027302226051688194,0.9952298402786255,56,192
245,8166,13,-0.008424133993685246,0.4468963146209717,-0.030283017084002495,0.8037492036819458,-8,241
245,8166,14,0.05930034816265106,0.4397273361682892,0.05642777308821678,0.027885131537914276,56,237
245,8166,15,-0.018018709495663643,0.4331517815589905,0.06029399111866951,0.4823148846626282,-17,233
245,8166,16,0.04767092317342758,0.47471505403518677,0.07925210893154144,0.004251233767718077,45,256
245,8166,17,-0.022536952048540115,0.4296879172325134,0.06574170291423798,0.46603235602378845,-21,232
245,8166,18,0.04348808526992798,0.4833551049232483,0.08458597958087921,0.006711849942803383,41,261
245,8166,19,-0.019095653668045998,0.41799357533454895,0.06439603120088577,0.46089476346969604,-18,225
245,8166,20,0.040008947253227234,0.4827723801136017,0.07860622555017471,0.006767732556909323,38,260
245,8166,21,-0.014574924483895302,0.4189871847629547,0.0630292221903801,0.39000204205513,-13,226
245,8166,22,0.040447644889354706,0.479453980922699,0.07708694040775299,0.0073063429445028305,38,258
245,8166,23,0.031560253351926804,0.5275288820266724,-0.03847081586718559,0.9911737442016602,30,284
245,8166,24,0.05329548567533493,0.5168725252151489,0.038337789475917816,0.9836403131484985,51,279
245,8166,25,0.04783153161406517,0.649610698223114,0.016435977071523666,0.8956000804901123,45,350
245,8166,26,0.03820522129535675,0.6057732701301575,0.12392682582139969,0.26102250814437866,36,327
245,8166,27,0.06263670325279236,0.7729139924049377,0.06131229177117348,0.921431839466095,60,417
245,8166,28,0.040964994579553604,0.7075152397155762,0.19562484323978424,0.47367411851882935,39,382
245,8166,29,0.07439617067575455,0.799232006072998,0.06506168097257614,0.8291624188423157,71,431
245,8166,30,0.04429321736097336,0.7207916378974915,0.20320220291614532,0.5446286201477051,42,389
245,8166,31,0.02704797126352787,0.8019423484802246,0.037547651678323746,0.8505740761756897,25,433
245,8166,32,0.019433405250310898,0.7220410108566284,0.20091459155082703,0.4793003797531128,18,389
246,8200,0,0.006085747387260199,0.30159613490104675,-0.052655261009931564,0.9934278726577759,5,162
246,8200,1,0.006919046398252249,0.28944751620292664,-0.06769560277462006,0.9919310212135315,6,156
246,8200,2,0.007083333563059568,0.2893785536289215,-0.06784134358167648,0.9921742677688599,6,156
246,8200,3,0.00783019419759512,0.2892564833164215,-0.06776625663042068,0.9933802485466003,7,156
246,8200,4,0.007348377723246813,0.28874140977859497,-0.05165008082985878,0.9929458498954773,7,155
246,8200,5,0.008954647928476334,0.2880856394767761,-0.051860418170690536,0.9943205118179321,8,155
246,8200,6,0.009458676911890507,0.2875957489013672,-0.05196110159158707,0.9954201579093933,9,155
246,8200,7,0.01160875242203474,0.2945369482040405,-0.10286631435155869,0.997749924659729,11,159
246,8200,8,0.01518749538809061,0.2913118600845337,-0.029795411974191666,0.9947047829627991,14,157
246,8200,9,0.007791153620928526,0.31163620948791504,-0.060154497623443604,0.9921453595161438,7,168
246,8200,10,0.008213711902499199,0.3118370473384857,-0.04026529937982559,0.9907691478729248,7,168
246,8200,11,0.012966548092663288,0.3554742932319641,-0.13001622259616852,0.9991523623466492,12,191
246,8200,12,0.04023297503590584,0.35293424129486084,0.027465354651212692,0.9937604069709778,38,190
246,8200,13,0.0032465963158756495,0.44749149680137634,-0.10970959812402725,0.7648181915283203,3,241
246,8200,14,0.04080336168408394,0.43942007422447205,0.058054760098457336,0.0256277434527874,39,237
246,8200,15,-0.011005623266100883,0.440502792596817,-0.0325254388153553,0.44247496128082275,-10,237
246,8200,16,0.026871569454669952,0.46781259775161743,0.0533883199095726,0.005408421624451876,25,252
246,8200,17,-0.015416426584124565,0.4346458315849304,-0.0348207913339138,0.4314683675765991,-14,234
246,8200,18,0.02466128207743168,0.47497445344924927,0.05274946615099907,0.010082006454467773,23,256
246,8200,19,-0.01417427696287632,0.4315946102142334,-0.0359986387193203,0.42741748690605164,-13,233
246,8200,20,0.021310901269316673,0.4733600616455078,0.04263849928975105,0.010611251927912235,20,255
246,8200,21,-0.01031089760363102,0.4274364709854126,-0.02994895912706852,0.3619268238544464,-9,230
246,8200,22,0.02155076153576374,0.47120675444602966,0.047974247485399246,0.011381912045180798,20,254
246,8200,23,0.0289273913949728,0.5266015529632568,-0.050897616893053055,0.9909977912902832,27,284
246,8200,24,0.036146488040685654,0.5149614810943604,0.050800006836652756,0.9834334850311279,34,278
246,8200,25,0.04527580738067627,0.6486791968345642,0.014533264562487602,0.9013496041297913,43,350
246,8200,26,0.026884449645876884,0.5612136721611023,0.16149769723415375,0.25339648127555847,25,303
246,8200,27,0.06219814717769623,0.773204505443573,0.04861484840512276,0.9277992844581604,59,417
246,8200,28,0.03458796814084053,0.6361475586891174,0.2567043602466583,0.4798036515712738,33,343
246,8200,29,0.07324541360139847,0.800193190574646,0.05122235789895058,0.8382315039634705,70,432
246,8200,30,0.03656737133860588,0.6379486322402954,0.26629459857940674,0.5524261593818665,35,344
246,8200,31,0.029261702671647072,0.8051000237464905,0.003122765338048339,0.8615413904190063,28,434
246,8200,32,0.017493555322289467,0.6510111689567566,0.25874200463294983,0.4911048412322998,16,351
247,8233,0,0.004734518006443977,0.3032122850418091,-0.037544529885053635,0.9906250834465027,4,163
247,8233,1,0.006642888765782118,0.2899218499660492,-0.052315857261419296,0.9899857640266418,6,156
247,8233,2,0.006892868783324957,0.28963321447372437,-0.05244213715195656,0.9902498126029968,6,156
247,8233,3,0.0072042872197926044,0.28938421607017517,-0.05236056074500084,0.9910232424736023,6,156
247,8233,4,0.007038048468530178,0.2897653579711914,-0.038691043853759766,0.9918556809425354,6,156
247,8233,5,0.007695890497416258,0.2892407774925232,-0.038904644548892975,0.9937437176704407,7,156
247,8233,6,0.008067111484706402,0.2888411581516266,-0.03901851549744606,0.9949182868003845,7,155
247,8233,7,0.010853628627955914,0.2944757342338562,-0.08991660177707672,0.9970583915710449,10,159
247,8233,8,0.014280513860285282,0.2918180823326111,-0.02787933498620987,0.994585394859314,13,157
247,8233,9,0.006236845161765814,0.3121088445186615,-0.04596197232604027,0.9888337850570679,5,168
247,8233,10,0.0076896115206182,0.31291404366493225,-0.029277382418513298,0.9886252880096436,7,168
247,8233,11,0.00852813757956028,0.35552293062210083,-0.11628887057304382,0.9984098672866821,8,191
247,8233,12,0.04151608794927597,0.3524028956890106,0.018010549247264862,0.9927347302436829,39,190
247,8233,13,-0.0011839995859190822,0.4485420882701874,-0.09792549163103104,0.7381858229637146,-1,242
247,8233,14,0.04148899018764496,0.430904746055603,0.052405234426259995,0.025838283821940422,39,232
247,8233,15,-0.016175754368305206,0.46407008171081543,-0.028312282636761665,0.40364617109298706,-15,250
247,8233,16,0.029049435630440712,0.46480390429496765,0.05641810968518257,0.005917227827012539,27,250
247,8233,17,-0.02066819742321968,0.46877413988113403,-0.031699635088443756,0.39637771248817444,-19,253
247,8233,18,0.02560577169060707,0.4723603427410126,0.057403430342674255,0.010980970226228237,24,255
247,8233,19,-0.0188484787940979,0.4618678390979767,-0.031327083706855774,0.39317700266838074,-18,249
247,8233,20,0.022662192583084106,0.47016727924346924,0.04888779670000076,0.011605888605117798,21,253
247,8233,21,-0.015010643750429153,0.4587601125240326,-0.025572175160050392,0.332957923412323,-14,247
247,8233,22,0.023308517411351204,0.4676518440246582,0.05216372013092041,0.012423616833984852,22,252
247,8233,23,0.02566627971827984,0.5251761674880981,-0.050401169806718826,0.9903605580329895,24,283
247,8233,24,0.036610350012779236,0.5133863091468811,0.050323911011219025,0.9828790426254272,35,277
247,8233,25,0.043769143521785736,0.6473766565322876,0.01785370707511902,0.9043059349060059,42,349
247,8233,26,0.027450405061244965,0.5565910339355469,0.15466520190238953,0.24265453219413757,26,300
247,8233,27,0.061808254569768906,0.7735387682914734,0.06479272246360779,0.9329753518104553,59,417
247,8233,28,0.03746603801846504,0.6318610906600952,0.24070459604263306,0.4769074618816376,35,341
247,8233,29,0.07261539250612259,0.7992357015609741,0.06842200458049774,0.8482879400253296,69,431
247,8233,30,0.04277344048023224,0.6457513570785522,0.24955345690250397,0.5581467747688293,41,348
247,8233,31,0.028742732480168343,0.8047358989715576,0.02573958970606327,0.8692998290061951,27,434
247,8233,32,0.021169371902942657,0.6469507217407227,0.24390798807144165,0.4890751540660858,20,349
248,8266,0,0.00799574889242649,0.3125745952129364,-0.022766737267374992,0.9569718837738037,7,168
248,8266,1,0.01027947012335062,0.30157721042633057,-0.04715661704540253,0.9458341598510742,9,162
248,8266,2,0.01050060149282217,0.30065077543258667,-0.04733561351895332,0.9382805824279785,10,162
248,8266,3,0.010762129910290241,0.30004897713661194,-0.04733675718307495,0.9439167380332947,10,162
248,8266,4,0.011231036856770515,0.30386674404144287,-0.0276255551725626,0.9707754254341125,10,164
248,8266,5,0.012285271659493446,0.3047468066215515,-0.027849797159433365,0.9769807457923889,11,164
248,8266,6,0.013210241682827473,0.3054748773574829,-0.028075866401195526,0.985418438911438,12,164
248,8266,7,0.015124436467885971,0.3041500747203827,-0.05588196590542793,0.9619786143302917,14,164
248,8266,8,0.02001611702144146,0.3102771043777466,0.008877752348780632,0.982539713382721,19,167
248,8266,9,0.009164893068373203,0.3186521530151367,-0.041919827461242676,0.9343134760856628,8,172
248,8266,10,0.009542245417833328,0.3195100426673889,-0.017098523676395416,0.9547740817070007,9,172
248,8266,11,0.012696249410510063,0.3528105318546295,-0.08416129648685455,0.9973201155662537,12,190
248,8266,12,0.03297781944274902,0.3713077902793884,0.046986281871795654,0.9892186522483826,31,200
248,8266,13,0.0048344796523451805,0.33766886591911316,-0.09799041599035263,0.6813769340515137,4,182
248,8266,14,0.03225413337349892,0.45191454887390137,0.07145106792449951,0.02338195964694023,30,244
248,8266,15,-0.0004128124564886093,0.3118622899055481,-0.06743314117193222,0.36978796124458313,0,168
248,8266,16,0.024048635736107826,0.5141987204551697,0.05702352523803711,0.005655650515109301,23,277
248,8266,17,-0.0004838801105506718,0.2985653579235077,-0.07628942281007767,0.3661404848098755,0,161
248,8266,18,0.021952234208583832,0.5287299752235413,0.05560576543211937,0.010529641062021255,21,285
248,8266,19,0.003750445554032922,0.29542678594589233,-0.07573620975017548,0.3629613518714905,3,159
248,8266,20,0.018882175907492638,0.5384364128112793,0.042889438569545746,0.011136909015476704,18,290
248,8266,21,0.005359376780688763,0.3016620874404907,-0.06653248518705368,0.30726754665374756,5,162
248,8266,22,0.020412204787135124,0.5270411968231201,0.05100846663117409,0.011911808513104916,19,284
248,8266,23,0.02635917440056801,0.525063693523407,-0.04712909832596779,0.9912261366844177,25,283
248,8266,24,0.026143092662096024,0.5129961967468262,0.047011811286211014,0.9842833280563354,25,277
248,8266,25,0.04147438332438469,0.6488915681838989,-0.009866295382380486,0.9096575975418091,39,350
248,8266,26,0.016970671713352203,0.4311535656452179,0.11368225514888763,0.21980087459087372,16,232
248,8266,27,0.06146020069718361,0.7742433547973633,0.0026788627728819847,0.9386253952980042,59,418
248,8266,28,0.01067693904042244,0.4143090844154358,0.17304658889770508,0.4397328197956085,10,223
248,8266,29,0.07204136997461319,0.7984256744384766,0.0014576102839782834,0.857738196849823,69,431
248,8266,30,0.010492504574358463,0.42333242297172546,0.17820431292057037,0.5259568095207214,10,228
248,8266,31,0.02968542091548443,0.805864155292511,-0.06710545718669891,0.8795393109321594,28,435
248,8266,32,0.0014634844847023487,0.38183292746543884,0.16412968933582306,0.4620852470397949,1,206
249,8300,0,0.0035550924949347973,0.3087921142578125,-0.03729208558797836,0.9571098685264587,3,166
249,8300,1,0.007192491088062525,0.29766297340393066,-0.053471386432647705,0.9466151595115662,6,160
249,8300,2,0.007607691455632448,0.2962918281555176,-0.053622424602508545,0.9387415647506714,7,159
249,8300,3,0.008059989660978317,0.2954447865486145,-0.053538061678409576,0.9447133541107178,7,159
249,8300,4,0.008373492397367954,0.30213531851768494,-0.03554530441761017,0.9705650806427002,8,163
249,8300,5,0.009787001647055149,0.30460259318351746,-0.03574094548821449,0.9769916534423828,9,164
249,8300,6,0.011120636947453022,0.30392274260520935,-0.035848699510097504,0.9854559898376465,10,164
249,8300,7,0.015056385658681393,0.29981714487075806,-0.08648538589477539,0.963180422782898,14,161
249,8300,8,0.02017114870250225,0.307811439037323,-0.002884570276364684,0.9821280837059021,19,166
249,8300,9,0.00609204638749361,0.31167998909950256,-0.046974580734968185,0.9294741749763489,5,168
249,8300,10,0.0065273093059659,0.3171576261520386,-0.02436082810163498,0.9495955109596252,6,171
249,8300,11,0.015622010454535484,0.34886157512664795,-0.11303673684597015,0.9970147013664246,14,188
249,8300,12,0.033008791506290436,0.369901180267334,0.04605831205844879,0.9832578301429749,31,199
249,8300,13,0.007496648468077183,0.3868958652019501,-0.1314665973186493,0.6216402649879456,7,208
249,8300,14,0.0348663292825222,0.4218553304672241,0.07834739238023758,0.021092036738991737,33,227
249,8300,15,0.0027791017200797796,0.4316738247871399,-0.10457649827003479,0.3332020044326782,2,233
249,8300,16,0.025976454839110374,0.4176310896873474,0.07566726952791214,0.005155784077942371,24,225
249,8300,17,0.0022678424138575792,0.44591814279556274,-0.1122066080570221,0.330056756734848,2,240
249,8300,18,0.024417726323008537,0.41354870796203613,0.07421394437551498,0.009632307104766369,23,223
249,8300,19,0.0049430509097874165,0.4532446265220642,-0.11335695534944534,0.32714736461639404,4,244
249,8300,20,0.020767362788319588,0.4131881296634674,0.06796860694885254,0.010184749960899353,19,223
249,8300,21,0.006617375649511814,0.44915416836738586,-0.1033058613538742,0.2769472599029541,6,242
249,8300,22,0.02086416259407997,0.4129723608493805,0.07162267714738846,0.010894875042140484,20,223
249,8300,23,0.02460315078496933,0.5233850479125977,-0.05068810656666756,0.9919959306716919,23,282
249,8300,24,0.024294402450323105,0.5075365304946899,0.05060501769185066,0.9854831099510193,23,274
249,8300,25,0.040618013590574265,0.6491275429725647,-0.02345910854637623,0.9175795912742615,38,350
249,8300,26,0.015345483087003231,0.4180110692977905,0.13481107354164124,0.20048493146896362,14,225
249,8300,27,0.06118359416723251,0.773820698261261,0.0028748693875968456,0.9443166851997375,58,417
249,8300,28,0.000944300671108067,0.38781803846359253,0.21755351126194,0.4151133596897125,0,209
249,8300,29,0.0720408484339714,0.7979316711425781,0.003070002654567361,0.8688711524009705,69,430
249,8300,30,-0.0004842928610742092,0.3978261351585388,0.225214883685112,0.5088157057762146,0,214
249,8300,31,0.029860708862543106,0.8058909177780151,-0.06730338931083679,0.8905325531959534,28,435
249,8300,32,-0.010718369856476784,0.34660157561302185,0.21664229035377502,0.4579433798789978,-10,187
250,8333,0,0.0033630533143877983,0.3090723156929016,-0.02617659792304039,0.914542019367218,3,166
250,8333,1,0.00651282025501132,0.29990050196647644,-0.03972405195236206,0.9075282216072083,6,161
250,8333,2,0.00673811137676239,0.2994813323020935,-0.03985422104597092,0.9048978090286255,6,161
250,8333,3,0.0070227752439677715,0.2996223270893097,-0.03977586328983307,0.9156889319419861,6,161
250,8333,4,0.007032586261630058,0.3017386794090271,-0.024501388892531395,0.9330431222915649,6,162
250,8333,5,0.007844885811209679,0.3030080497264862,-0.02469021826982498,0.9457932710647583,7,163
250,8333,6,0.008572044782340527,0.30255773663520813,-0.024783873930573463,0.9594323039054871,8,163
250,8333,7,0.01017709169536829,0.30509454011917114,-0.054276712238788605,0.9540743231773376,9,164
250,8333,8,0.012320708483457565,0.3065401315689087,0.010754019021987915,0.9572468996047974,11,165
250,8333,9,0.003097041044384241,0.3147273659706116,-0.034754518419504166,0.89938884973526,2,169
250,8333,10,0.0036156922578811646,0.31740108132362366,-0.015300116501748562,0.9180419445037842,3,171
250,8333,11,0.012021023780107498,0.35250774025917053,-0.09414663165807724,0.9962220788002014,11,190
250,8333,12,0.00914234109222889,0.36763206124305725,0.07200900465250015,0.9776189923286438,8,198
250,8333,13,0.00917220301926136,0.40240851044654846,-0.13298450410366058,0.615265429019928,8,217
250,8333,14,0.023569341748952866,0.4259451627731323,0.10509167611598969,0.019429437816143036,22,230
250,8333,15,0.007772466167807579,0.45081081986427307,-0.1589023917913437,0.3103862702846527,7,243
250,8333,16,0.019670583307743073,0.44252148270606995,0.08083202689886093,0.006662425585091114,18,238
250,8333,17,0.009599373675882816,0.4631738066673279,-0.17581795156002045,0.3115074932575226,9,250
250,8333,18,0.01945248618721962,0.44625335931777954,0.07712765783071518,0.014211823232471943,18,240
250,8333,19,0.011454793624579906,0.4646642804145813,-0.1766110360622406,0.31027114391326904,10,250
250,8333,20,0.015245458111166954,0.44623035192489624,0.06630250066518784,0.016129128634929657,14,240
250,8333,21,0.011543084867298603,0.46147096157073975,-0.15908336639404297,0.26127198338508606,11,249
250,8333,22,0.015073451213538647,0.4436430037021637,0.07314110547304153,0.016683772206306458,14,239
250,8333,23,0.01118631474673748,0.5237687826156616,-0.05472118407487869,0.9903601408004761,10,282
250,8333,24,0.006109254434704781,0.5193110704421997,0.054660145193338394,0.9835968017578125,5,280
250,8333,25,0.034174006432294846,0.6491262316703796,-0.044149480760097504,0.8971486687660217,32,350
250,8333,26,0.021915633231401443,0.6300438642501831,0.04826153442263603,0.19280235469341278,21,340
250,8333,27,0.056107793003320694,0.7717006206512451,0.002471453044563532,0.9393954277038574,53,416
250,8333,28,0.04127319157123566,0.7457085251808167,0.08638469129800797,0.427625447511673,39,402
250,8333,29,0.0688844695687294,0.7962221503257751,0.003650325583294034,0.8465952277183533,66,429
250,8333,30,0.05550764873623848,0.7690284848213196,0.08827244490385056,0.5145382285118103,53,415
250,8333,31,0.03034125827252865,0.8057763576507568,-0.0637790784239769,0.8860062956809998,29,435
250,8333,32,0.022208988666534424,0.7788522839546204,0.03879920020699501,0.4733352065086365,21,420
251,8366,0,0.005054860841482878,0.303926944732666,-0.038390111178159714,0.8624587059020996,4,164
251,8366,1,0.007329865358769894,0.29713672399520874,-0.040491703897714615,0.8520917892456055,7,160
251,8366,2,0.007690763566643,0.2973617911338806,-0.04066548869013786,0.8601759672164917,7,160
251,8366,3,0.008106079883873463,0.2981959283351898,-0.040675561875104904,0.8751522898674011,7,161
251,8366,4,0.006192236673086882,0.29694774746894836,-0.033387161791324615,0.8761234879493713,5,160
251,8366,5,0.005981620866805315,0.2973945140838623,-0.033528346568346024,0.8983010649681091,5,160
251,8366,6,0.0056481268256902695,0.2966856062412262,-0.03363227844238281,0.909741222858429,5,160
251,8366,7,0.00852830708026886,0.30444997549057007,-0.030795913189649582,0.9442252516746521,8,164
251,8366,8,0.004022067878395319,0.3004407584667206,0.010617006570100784,0.9138527512550354,3,162
251,8366,9,0.004227424971759319,0.3123829662799835,-0.03290501609444618,0.8725385069847107,4,168
251,8366,10,0.002819016808643937,0.31208083033561707,-0.02429860271513462,0.8849003911018372,2,168
251,8366,11,0.013218036852777004,0.35700172185897827,-0.051838383078575134,0.9958245158195496,12,192
251,8366,12,-0.010837684385478497,0.3638133406639099,0.0630645677447319,0.9654765129089355,-10,196
251,8366,13,0.0157647505402565,0.4302401542663574,-0.0780605897307396,0.6239503026008606,15,232
251,8366,14,0.005996130872517824,0.42814165353775024,0.03877998888492584,0.01892465353012085,5,231
251,8366,15,0.014796595089137554,0.48712781071662903,-0.11053315550088882,0.31581053137779236,14,263
251,8366,16,0.013005519285798073,0.4376474618911743,-0.031737472862005234,0.010290774516761303,12,236
251,8366,17,0.016002608463168144,0.5018911361694336,-0.12494098395109177,0.32330644130706787,15,271
251,8366,18,0.015230906195938587,0.439624160528183,-0.046395670622587204,0.025948474183678627,14,237
251,8366,19,0.016478361561894417,0.4971480071544647,-0.13075785338878632,0.32638880610466003,15,268
251,8366,20,0.012650092132389545,0.4337470531463623,-0.0553910955786705,0.03053867258131504,12,234
251,8366,21,0.015848737210035324,0.4918718636035919,-0.11254772543907166,0.27487680315971375,15,265
251,8366,22,0.01192505843937397,0.4317891597747803,-0.03824583441019058,0.029891660436987877,11,233
251,8366,23,0.009652664884924889,0.523806095123291,-0.04301596060395241,0.9877589344978333,9,282
251,8366,24,-0.005705134477466345,0.5210250020027161,0.042969509959220886,0.9770721793174744,-5,281
251,8366,25,0.03202096372842789,0.6491882801055908,-0.038328055292367935,0.9004694223403931,30,350
251,8366,26,0.024394458159804344,0.6400979161262512,0.03701329231262207,0.21285390853881836,23,345
251,8366,27,0.05549122393131256,0.7716214656829834,0.0058022914454340935,0.9439955949783325,53,416
251,8366,28,0.04945921525359154,0.7615610957145691,0.07211555540561676,0.47584086656570435,47,411
251,8366,29,0.06734851747751236,0.7960034012794495,0.006001653149724007,0.8498516082763672,64,429
251,8366,30,0.060919586569070816,0.7839770317077637,0.07293422520160675,0.5444115996360779,58,423
251,8366,31,0.03150046244263649,0.8039135336875916,-0.07516869902610779,0.895013689994812,30,434
251,8366,32,0.03146735951304436,0.7900305390357971,0.009124543517827988,0.5178210735321045,30,426
252,8400,0,0.006961219012737274,0.30316993594169617,0.014676963910460472,0.8602240085601807,6,163
252,8400,1,0.008412000723183155,0.2969330847263336,0.0003395082021597773,0.8494558930397034,8,160
252,8400,2,0.00827613566070795,0.2971312999725342,0.00024263160594273359,0.8562484979629517,7,160
252,8400,3,0.008156887255609035,0.2979349195957184,0.0002523781731724739,0.8698968291282654,7,160
252,8400,4,0.009296496398746967,0.29686152935028076,0.013451463542878628,0.8782638311386108,8,160
252,8400,5,0.009618442505598068,0.2973686158657074,0.013295624405145645,0.901370108127594,9,160
252,8400,6,0.009832452051341534,0.29705700278282166,0.013215000741183758,0.9137030243873596,9,160
252,8400,7,0.007495141122490168,0.3037736415863037,-0.038657452911138535,0.9429925084114075,7,164
252,8400,8,0.011626501567661762,0.3034711182117462,0.019667865708470345,0.9190846681594849,11,163
252,8400,9,0.004173216409981251,0.3122127950191498,0.0033763875253498554,0.8735524415969849,4,168
252,8400,10,0.006400554906576872,0.31209447979927063,0.019388342276215553,0.8891208171844482,6,168
252,8400,11,-0.0063830045983195305,0.35461583733558655,-0.08583846688270569,0.9954306483268738,-6,191
252,8400,12,0.010323736816644669,0.36489465832710266,0.06574379652738571,0.9678414463996887,9,197
252,8400,13,-0.015183215960860252,0.41753000020980835,-0.1436835080385208,0.6324127912521362,-14,225
252,8400,14,0.022758688777685165,0.4313190281391144,0.0857066959142685,0.026852862909436226,21,232
252,8400,15,-0.014486251398921013,0.45791488885879517,-0.15719975531101227,0.29128289222717285,-13,247
252,8400,16,0.01266361866146326,0.4556379020214081,0.0696999803185463,0.011014670133590698,12,246
252,8400,17,-0.012890252284705639,0.4684641659259796,-0.17066724598407745,0.29995274543762207,-12,252
252,8400,18,0.009579436853528023,0.4659211039543152,0.07047522068023682,0.026078462600708008,9,251
252,8400,19,-0.010007222183048725,0.466682106256485,-0.1697617471218109,0.30312734842300415,-9,252
252,8400,20,0.007664487697184086,0.46263596415519714,0.05598640814423561,0.030535317957401276,7,249
252,8400,21,-0.009293237701058388,0.46350380778312683,-0.1562557965517044,0.2540943920612335,-8,250
252,8400,22,0.008021757006645203,0.4576229155063629,0.062426503747701645,0.030037296935915947,7,247
252,8400,23,0.001345988130196929,0.5320385098457336,-0.054691266268491745,0.9877166152000427,1,287
252,8400,24,0.012867974117398262,0.5266594886779785,0.05460979416966438,0.9783234596252441,12,284
252,8400,25,0.023185987025499344,0.6521325707435608,-0.02923871949315071,0.8937631249427795,22,352
252,8400,26,0.026504604145884514,0.6457499861717224,0.06195151060819626,0.2302219122648239,25,348
252,8400,27,0.0484631210565567,0.771514356136322,0.007164814043790102,0.9448581337928772,46,416
252,8400,28,0.054265521466732025,0.7648871541023254,0.09350630640983582,0.5044278502464294,52,413
252,8400,29,0.06142377853393555,0.7954064011573792,0.007073195651173592,0.8522526621818542,58,429
252,8400,30,0.06565538793802261,0.7894544005393982,0.09519752115011215,0.5726298093795776,63,426
252,8400,31,0.028337663039565086,0.8038153052330017,-0.04874478280544281,0.8921602368354797,27,434
252,8400,32,0.03652150183916092,0.7938535213470459,0.05848759412765503,0.5341444611549377,35,428
253,8433,0,0.005990186240524054,0.30421748757362366,0.07203248143196106,0.870759129524231,5,164
253,8433,1,0.006573973223567009,0.29707974195480347,0.05613844469189644,0.8608795404434204,6,160
253,8433,2,0.004909396171569824,0.29705461859703064,0.056053005158901215,0.8671175241470337,4,160
253,8433,3,0.004649531561881304,0.2976498305797577,0.05606141313910484,0.879362940788269,4,160
253,8433,4,0.008546900935471058,0.2973344624042511,0.06591605395078659,0.8882083892822266,8,160
253,8433,5,0.010760006494820118,0.29867035150527954,0.06577536463737488,0.9096959829330444,10,161
253,8433,6,0.011405577883124352,0.2987063229084015,0.06571122258901596,0.9211145043373108,10,161
253,8433,7,0.0036729213315993547,0.3032659888267517,0.0017384253442287445,0.9476715326309204,3,163
253,8433,8,0.014542526565492153,0.305410236120224,0.04667496308684349,0.9264028072357178,13,164
253,8433,9,0.0021899444982409477,0.3137754499912262,0.056927334517240524,0.883713960647583,2,169
253,8433,10,0.006272456143051386,0.3142329156398773,0.06859635561704636,0.8984627723693848,6,169
253,8433,11,-0.013031271286308765,0.3538632094860077,-0.0643693059682846,0.9957433938980103,-12,191
253,8433,12,0.020083801820874214,0.36732974648475647,0.0718194916844368,0.9706226587295532,19,198
253,8433,13,-0.02743077650666237,0.4187830090522766,-0.10376928746700287,0.6553229689598083,-26,226
253,8433,14,0.026100365445017815,0.44214415550231934,0.0810539722442627,0.04430157691240311,25,238
253,8433,15,-0.027546048164367676,0.46791979670524597,-0.1279459446668625,0.2752971351146698,-26,252
253,8433,16,0.011053476482629776,0.4735189974308014,0.06844548135995865,0.011202842928469181,10,255
253,8433,17,-0.027384834364056587,0.4803149104118347,-0.12486568838357925,0.28462788462638855,-26,259
253,8433,18,0.00621014554053545,0.4835723340511322,0.07027200609445572,0.02529802732169628,5,261
253,8433,19,-0.023461895063519478,0.47819608449935913,-0.12380213290452957,0.28853896260261536,-22,258
253,8433,20,0.003153905738145113,0.4802771210670471,0.060246266424655914,0.029428651556372643,3,259
253,8433,21,-0.021609481424093246,0.4745578467845917,-0.12571078538894653,0.24001336097717285,-20,256
253,8433,22,0.0039028574246913195,0.47542300820350647,0.0630137175321579,0.02903176285326481,3,256
253,8433,23,-0.0023652021773159504,0.533939778804779,-0.05358606204390526,0.9875822067260742,-2,288
253,8433,24,0.018110191449522972,0.5302024483680725,0.0535198450088501,0.9790279865264893,17,286
253,8433,25,0.02340817078948021,0.6544292569160461,-0.027213621884584427,0.8955186009407043,22,353
253,8433,26,0.027614830061793327,0.6477633714675903,0.058170776814222336,0.27003106474876404,26,349
253,8433,27,0.04864947870373726,0.7717569470405579,-0.0005605180631391704,0.9458406567573547,46,416
253,8433,28,0.056722305715084076,0.7672796845436096,0.07578576356172562,0.5374205112457275,54,414
253,8433,29,0.06291524320840836,0.7967960238456726,-9.864813910098746e-05,0.8565995693206787,60,430
253,8433,30,0.0682038962841034,0.791286826133728,0.07703886181116104,0.6046258807182312,65,427
253,8433,31,0.025057287886738777,0.8039875626564026,-0.0450916551053524,0.8884179592132568,24,434
253,8433,32,0.0361434705555439,0.7948798537254333,0.05249246209859848,0.550369918346405,34,429
254,8466,0,-0.005891559645533562,0.30867651104927063,-0.015623475424945354,0.8704605102539062,-5,166
254,8466,1,-0.006346507929265499,0.30033692717552185,-0.032836370170116425,0.8621253371238708,-6,162
254,8466,2,-0.006968747358769178,0.3002468943595886,-0.03295684605836868,0.8691738843917847,-6,162
254,8466,3,-0.007236597128212452,0.30055731534957886,-0.03294699639081955,0.8807891607284546,-6,162
254,8466,4,-0.0026924735866487026,0.3006620705127716,-0.014124901965260506,0.8912356495857239,-2,162
254,8466,5,-0.001075036940164864,0.3012886643409729,-0.014277389273047447,0.9136534929275513,-1,162
254,8466,6,0.0003895795380230993,0.30129721760749817,-0.01435883343219757,0.9251487851142883,0,162
254,8466,7,-0.0037509051617234945,0.3068224787712097,-0.07997673004865646,0.9502419233322144,-3,165
254,8466,8,0.003315669484436512,0.3079177439212799,0.004315665457397699,0.9314064383506775,3,166
254,8466,9,-0.007503436878323555,0.3198656439781189,-0.028006846085190773,0.8907236456871033,-7,172
254,8466,10,-0.004963683430105448,0.32024693489074707,-0.004670994356274605,0.9049320220947266,-4,172
254,8466,11,-0.012071486562490463,0.3666304647922516,-0.12920118868350983,0.9958364963531494,-11,197
254,8466,12,0.018439358100295067,0.37221813201904297,0.06675788015127182,0.9730007648468018,17,200
254,8466,13,-0.01588389463722706,0.45809003710746765,-0.15554451942443848,0.6763453483581543,-15,247
254,8466,14,0.02068539336323738,0.4580337107181549,0.08981328457593918,0.04705476388335228,19,247
254,8466,15,-0.025123003870248795,0.49203237891197205,-0.14167505502700806,0.2724320590496063,-24,265
254,8466,16,0.006545352749526501,0.5073567628860474,0.06635871529579163,0.018216239288449287,6,273
254,8466,17,-0.027275601401925087,0.5000172257423401,-0.1531883329153061,0.2861495614051819,-26,270
254,8466,18,0.002059010788798332,0.5199136137962341,0.06654150038957596,0.037958722561597824,1,280
254,8466,19,-0.025614695623517036,0.49057474732398987,-0.15090376138687134,0.290680468082428,-24,264
254,8466,20,-0.00018299442308489233,0.5185790061950684,0.05347872152924538,0.04414806142449379,0,280
254,8466,21,-0.02314216084778309,0.48815128207206726,-0.1390201598405838,0.23842094838619232,-22,263
254,8466,22,0.0011739241890609264,0.5127051472663879,0.06079595908522606,0.044572219252586365,1,276
254,8466,23,-0.0008718387689441442,0.5398932099342346,-0.06028382107615471,0.9878160357475281,0,291
254,8466,24,0.009083067066967487,0.5373769402503967,0.06026696413755417,0.9804419279098511,8,290
254,8466,25,0.023348001763224602,0.657797634601593,-0.0031627712305635214,0.9021733999252319,22,355
254,8466,26,0.022551270201802254,0.6575666069984436,0.06734026968479156,0.3233351707458496,21,355
254,8466,27,0.0499914214015007,0.7697070837020874,0.08811519294977188,0.9504252672195435,47,415
254,8466,28,0.05534961447119713,0.7715550661087036,0.0940089225769043,0.5800638198852539,53,416
254,8466,29,0.04994028061628342,0.7712129354476929,0.09461001306772232,0.8667384386062622,47,416
254,8466,30,0.06509457528591156,0.7915210127830505,0.10184347629547119,0.6402344107627869,62,427
254,8466,31,0.01854616589844227,0.7674520611763,0.040702227503061295,0.8975535035133362,17,414
254,8466,32,0.03411119058728218,0.799507737159729,0.08235611021518707,0.5910927057266235,32,431
255,8500,0,-0.00565551919862628,0.3126846253871918,-0.045769669115543365,0.8693464994430542,-5,168
255,8500,1,-0.005490605253726244,0.3029729723930359,-0.05672746151685715,0.8608956336975098,-5,163
255,8500,2,-0.005449680611491203,0.30285486578941345,-0.05687541142106056,0.8707106709480286,-5,163
255,8500,3,-0.004249052610248327,0.30365967750549316,-0.05687331780791283,0.8818293213844299,-4,163
255,8500,4,-0.0038645740132778883,0.3029589354991913,-0.04060159623622894,0.890997052192688,-3,163
255,8500,5,-0.0028313950169831514,0.30310314893722534,-0.0407593809068203,0.9153497219085693,-2,163
255,8500,6,-0.001793271629139781,0.30295059084892273,-0.04084891080856323,0.926747739315033,-1,163
255,8500,7,-0.0019464328652247787,0.3106977343559265,-0.08101535588502884,0.9527035355567932,-1,167
255,8500,8,0.0013556205667555332,0.31055986881256104,-0.006207313854247332,0.9339784383773804,1,167
255,8500,9,-0.009247852489352226,0.32189977169036865,-0.05008888989686966,0.8954561352729797,-8,173
255,8500,10,-0.008137097582221031,0.32211440801620483,-0.030028851702809334,0.9084649085998535,-7,173
255,8500,11,-0.0056986077688634396,0.372985303401947,-0.1221391037106514,0.9959854483604431,-5,201
255,8500,12,-0.0015300485538318753,0.3751906156539917,0.06471964716911316,0.9742295742034912,-1,202
255,8500,13,-0.005865410901606083,0.46580833196640015,-0.1416596919298172,0.7001879215240479,-5,251
255,8500,14,0.009393412619829178,0.4684101939201355,0.10124550759792328,0.04426517337560654,9,252
255,8500,15,-0.01841847039759159,0.5045517683029175,-0.13290005922317505,0.29701998829841614,-17,272
255,8500,16,0.002128545194864273,0.5083103775978088,0.0682389959692955,0.025670714676380157,2,274
255,8500,17,-0.020452899858355522,0.5151111483573914,-0.14771968126296997,0.3110170364379883,-19,278
255,8500,18,0.001263490179553628,0.519114077091217,0.06567446887493134,0.05553941801190376,1,280
255,8500,19,-0.01941247098147869,0.5058093667030334,-0.14664508402347565,0.31697505712509155,-18,273
255,8500,20,-0.0021371415350586176,0.5173344016075134,0.05256963521242142,0.06547482311725616,-2,279
255,8500,21,-0.017172086983919144,0.5021011829376221,-0.13110460340976715,0.2593217194080353,-16,271
255,8500,22,-0.0018057842971757054,0.5119730830192566,0.06020855903625488,0.06531786918640137,-1,276
255,8500,23,0.003110575955361128,0.5426126718521118,-0.062407638877630234,0.987949550151825,2,293
255,8500,24,0.0018493760144338012,0.541341245174408,0.06243045628070831,0.9810073971748352,1,292
255,8500,25,0.022205127403140068,0.6573554873466492,-0.040010325610637665,0.9100437164306641,21,354
255,8500,26,0.019787512719631195,0.6525646448135376,0.06910041719675064,0.3455964922904968,18,352
255,8500,27,0.05188636854290962,0.7697046995162964,0.015150691382586956,0.9549123644828796,49,415
255,8500,28,0.053550563752651215,0.7661552429199219,0.11108686774969101,0.6153427958488464,51,413
255,8500,29,0.05130153149366379,0.7789642810821533,0.01633080653846264,0.8763334155082703,49,420
255,8500,30,0.06225023418664932,0.785172164440155,0.11570676416158676,0.6670560240745544,59,423
255,8500,31,0.022494520992040634,0.7864980697631836,-0.06469757854938507,0.9069485068321228,21,424
255,8500,32,0.03301996737718582,0.800752580165863,0.06527860462665558,0.6273431777954102,31,432
256,8533,0,-0.003270365996286273,0.3350771367549896,-0.04552965238690376,0.8037523627281189,-3,180
256,8533,1,-0.0023779948242008686,0.3249780535697937,-0.05695826932787895,0.7917857766151428,-2,175
256,8533,2,-0.0025044665671885014,0.3246203362941742,-0.057099152356386185,0.8047786951065063,-2,175
256,8533,3,-0.001924344920553267,0.32668009400367737,-0.057108040899038315,0.8177188634872437,-1,176
256,8533,4,-0.0009635647293180227,0.32494354248046875,-0.04284900426864624,0.8217996954917908,0,175
256,8533,5,-3.3324042306048796e-05,0.32481762766838074,-0.043006718158721924,0.851446807384491,0,175
256,8533,6,0.0007949897553771734,0.3245279788970947,-0.04311766102910042,0.8653568029403687,0,175
256,8533,7,-0.0007625306607224047,0.3296124041080475,-0.07832403481006622,0.9135823845863342,0,177
256,8533,8,0.003360479138791561,0.32351383566856384,-0.013214214704930782,0.8742623329162598,3,174
256,8533,9,-0.005537261720746756,0.3399523198604584,-0.04824204742908478,0.8428187966346741,-5,183
256,8533,10,-0.0041001932695508,0.33993008732795715,-0.031012902036309242,0.8526012897491455,-3,183
256,8533,11,-0.0032705573830753565,0.3727336823940277,-0.12098953872919083,0.9962035417556763,-3,201
256,8533,12,0.0055445958860218525,0.37362825870513916,0.06389547139406204,0.9725672602653503,5,201
256,8533,13,0.015947001054883003,0.46089473366737366,-0.1421968787908554,0.7260766625404358,15,248
256,8533,14,0.012875818647444248,0.4632023572921753,0.08494749665260315,0.041312869638204575,12,250
256,8533,15,0.018304573372006416,0.5286461114883423,-0.1317986249923706,0.3176482915878296,17,285
256,8533,16,0.02177710272371769,0.5322465300559998,0.044070906937122345,0.024037722498178482,20,287
256,8533,17,0.021666457876563072,0.5484264492988586,-0.14331096410751343,0.32246753573417664,20,296
256,8533,18,0.01609206758439541,0.5471919775009155,0.0413045808672905,0.051624543964862823,15,295
256,8533,19,0.016885513439774513,0.5503221154212952,-0.14460477232933044,0.3288555443286896,16,297
256,8533,20,0.01287958212196827,0.5475143194198608,0.025762978941202164,0.06080053746700287,12,295
256,8533,21,0.01588262803852558,0.5448458790779114,-0.13063092529773712,0.266056090593338,15,294
256,8533,22,0.019046824425458908,0.5431040525436401,0.03563399240374565,0.06070743128657341,18,293
256,8533,23,0.003820759244263172,0.5409932732582092,-0.06328003853559494,0.9884768128395081,3,292
256,8533,24,0.004301887471228838,0.5401202440261841,0.06325827538967133,0.9812626242637634,4,291
256,8533,25,0.014025007374584675,0.6576828956604004,-0.06882135570049286,0.9108527898788452,13,355
256,8533,26,0.012957819737493992,0.6524349451065063,0.05623054876923561,0.32393115758895874,12,352
256,8533,27,0.050946835428476334,0.7682604193687439,-0.03279411792755127,0.9561028480529785,48,414
256,8533,28,0.05231349170207977,0.7626180648803711,0.0928957387804985,0.6099313497543335,50,411
256,8533,29,0.052722588181495667,0.7811415791511536,-0.03234197944402695,0.8732380867004395,50,421
256,8533,30,0.061688777059316635,0.7807509899139404,0.09464649856090546,0.6651414036750793,59,421
256,8533,31,0.024171706289052963,0.7936954498291016,-0.09777793288230896,0.9105299115180969,23,428
256,8533,32,0.03132597357034683,0.7936607599258423,0.04860859736800194,0.6288037896156311,30,428
257,8566,0,-0.0026480606757104397,0.343553364276886,-0.06663741916418076,0.7357156276702881,-2,185
257,8566,1,-0.0009536469588056207,0.3353058099746704,-0.07634082436561584,0.7227858304977417,0,181
257,8566,2,-0.001038930262438953,0.33513426780700684,-0.07651448994874954,0.7394713759422302,0,180
257,8566,3,-0.0011534474324434996,0.335553914308548,-0.07654024660587311,0.7543694972991943,-1,181
257,8566,4,-2.78730510672176e-07,0.3350610136985779,-0.062213923782110214,0.7489945292472839,0,180
257,8566,5,0.0007019470795057714,0.33497270941734314,-0.062359873205423355,0.7797644138336182,0,180
257,8566,6,0.0012777687516063452,0.3347230553627014,-0.06247449666261673,0.793124258518219,1,180
257,8566,7,-0.00037622119998559356,0.3364727795124054,-0.09219534695148468,0.8719058632850647,0,181
257,8566,8,7.339184958254918e-05,0.33349016308784485,-0.027370143681764603,0.8017460703849792,0,180
257,8566,9,-0.006626218091696501,0.3470805287361145,-0.06780233979225159,0.7866451144218445,-6,187
257,8566,10,-0.003973358776420355,0.34647491574287415,-0.05050493776798248,0.7883037328720093,-3,187
257,8566,11,0.00403248704969883,0.37360939383506775,-0.13228872418403625,0.9964147210121155,3,201
257,8566,12,-0.00522735808044672,0.37728700041770935,0.05144305154681206,0.9652571082115173,-5,203
257,8566,13,0.023220131173729897,0.45811182260513306,-0.16079160571098328,0.7513651251792908,22,247
257,8566,14,0.014343188144266605,0.46315521001815796,0.07011037319898605,0.03773904964327812,13,250
257,8566,15,0.023875871673226357,0.5304102301597595,-0.1675233542919159,0.3727806508541107,22,286
257,8566,16,0.022036904469132423,0.5334063768386841,0.03356971964240074,0.023383287712931633,21,288
257,8566,17,0.02739235758781433,0.5524507761001587,-0.18326927721500397,0.37156617641448975,26,298
257,8566,18,0.019442282617092133,0.5469006896018982,0.029928410425782204,0.04993617162108421,18,295
257,8566,19,0.02119235321879387,0.5571758151054382,-0.18440650403499603,0.37770015001296997,20,300
257,8566,20,0.017379852011799812,0.5518625378608704,0.013693149201571941,0.058817196637392044,16,298
257,8566,21,0.019305437803268433,0.5491905808448792,-0.16678477823734283,0.31156060099601746,18,296
257,8566,22,0.019857726991176605,0.5450841188430786,0.024887507781386375,0.058865517377853394,19,294
257,8566,23,0.0047424654476344585,0.5404295325279236,-0.06341016292572021,0.9890958070755005,4,291
257,8566,24,-0.0018993016565218568,0.5388025045394897,0.06338980793952942,0.9814090728759766,-1,290
257,8566,25,0.011791827157139778,0.657568633556366,-0.08194252848625183,0.9158731698989868,11,355
257,8566,26,0.009830890223383904,0.6531802415847778,0.05015108361840248,0.3100135922431946,9,352
257,8566,27,0.0505702868103981,0.7674002051353455,-0.0432879701256752,0.958956241607666,48,414
257,8566,28,0.04263656958937645,0.7573920488357544,0.09474191814661026,0.6169358491897583,40,408
257,8566,29,0.057538531720638275,0.7818951606750488,-0.04314281791448593,0.8741278648376465,55,422
257,8566,30,0.060150157660245895,0.7774085402488708,0.09690649807453156,0.6688814759254456,57,419
257,8566,31,0.024904347956180573,0.7982552647590637,-0.11725200712680817,0.916517972946167,23,431
257,8566,32,0.0283335130661726,0.7959458231925964,0.04700858145952225,0.641250491142273,27,429
258,8600,0,-0.0014193957904353738,0.3494371473789215,-0.0804295763373375,0.6760839819908142,-1,188
258,8600,1,-0.0008173700189217925,0.340829074382782,-0.07722187787294388,0.6635427474975586,0,184
258,8600,2,-0.0005134473321959376,0.3405037820339203,-0.07743178308010101,0.68318110704422,0,183
258,8600,3,-0.0002996537077706307,0.3401831090450287,-0.07744645327329636,0.704362690448761,0,183
258,8600,4,-0.0005479867104440928,0.3433934450149536,-0.07761558890342712,0.685107409954071,0,185
258,8600,5,-0.000705263577401638,0.344070166349411,-0.07775631546974182,0.7165663838386536,0,185
258,8600,6,-0.0010170000605285168,0.34456667304039,-0.07789190858602524,0.7298442125320435,0,186
258,8600,7,3.0074859751039185e-05,0.3443908393383026,-0.056185558438301086,0.8358091115951538,0,185
258,8600,8,-0.003678199602290988,0.34963634610176086,-0.051524817943573,0.7335682511329651,-3,188
258,8600,9,-0.005452556069940329,0.3612560033798218,-0.06765802949666977,0.7396127581596375,-5,195
258,8600,10,-0.0038592254277318716,0.36157751083374023,-0.0692579373717308,0.7311619520187378,-3,195
258,8600,11,0.010291457176208496,0.40728676319122314,-0.04239766672253609,0.9954404234886169,9,219
258,8600,12,-0.017259879037737846,0.40471866726875305,-0.024343015626072884,0.9335150718688965,-16,218
258,8600,13,0.02026808075606823,0.48336488008499146,-0.03982092812657356,0.728934109210968,19,261
258,8600,14,-0.0005487538874149323,0.4575011432170868,-0.05507420748472214,0.0371570810675621,0,247
258,8600,15,0.017905723303556442,0.5545440912246704,-0.089530348777771,0.37253084778785706,17,299
258,8600,16,0.009019621647894382,0.4419212341308594,-0.10484667867422104,0.023484189063310623,8,238
258,8600,17,0.021090243011713028,0.5778419375419617,-0.10233420878648758,0.3776802718639374,20,312
258,8600,18,0.010966033674776554,0.43784409761428833,-0.12328033894300461,0.050063177943229675,10,236
258,8600,19,0.01815003901720047,0.5748882293701172,-0.11667229235172272,0.38710418343544006,17,310
258,8600,20,0.009499219246208668,0.4339403808116913,-0.127335324883461,0.0589042492210865,9,234
258,8600,21,0.016934674233198166,0.5669897198677063,-0.09552974253892899,0.3209282159805298,16,306
258,8600,22,0.009217792190611362,0.4337020814418793,-0.10900270193815231,0.05861227959394455,8,234
258,8600,23,0.005929900333285332,0.5633172988891602,-0.011570493690669537,0.9894230961799622,5,304
258,8600,24,-0.00830827746540308,0.565105676651001,0.011537043377757072,0.981188178062439,-7,305
258,8600,25,0.01729605160653591,0.6621977090835571,-0.008317564614117146,0.9102483987808228,16,357
258,8600,26,0.010632154531776905,0.6691320538520813,0.01449383795261383,0.32459837198257446,10,361
258,8600,27,0.040402937680482864,0.7588931322097778,0.0743865892291069,0.9601671695709229,38,409
258,8600,28,0.0388912670314312,0.7552907466888428,0.0809415802359581,0.6433014273643494,37,407
258,8600,29,0.04571447893977165,0.7701302170753479,0.0787075012922287,0.8675770163536072,43,415
258,8600,30,0.054261669516563416,0.7698469758033752,0.08516111224889755,0.6674901843070984,52,415
258,8600,31,0.025076942518353462,0.7976473569869995,0.004276715684682131,0.9198282361030579,24,430
258,8600,32,0.03064678981900215,0.7884381413459778,0.02235332876443863,0.6628577709197998,29,425
259,8633,0,-0.0009505607304163277,0.35201242566108704,-0.09804556518793106,0.6219994425773621,0,190
259,8633,1,-0.0002775731263682246,0.34223636984825134,-0.09272370487451553,0.6083276867866516,0,184
259,8633,2,7.450509292539209e-05,0.34191736578941345,-0.09293367713689804,0.6323868632316589,0,184
259,8633,3,-3.9603604818694293e-05,0.3416745364665985,-0.09296166896820068,0.6579353213310242,0,184
259,8633,4,-0.0005989159690216184,0.3435700833797455,-0.0933518186211586,0.6253046989440918,0,185
259,8633,5,-0.0013749493518844247,0.34436261653900146,-0.09349196404218674,0.6571617722511292,-1,185
259,8633,6,-0.00233975681476295,0.3449839651584625,-0.09363419562578201,0.6686276197433472,-2,186
259,8633,7,0.0006845394964329898,0.3446059226989746,-0.05705166980624199,0.8083094358444214,0,186
259,8633,8,-0.0061502885073423386,0.3502751588821411,-0.05769973620772362,0.6703643798828125,-5,189
259,8633,9,-0.004674509633332491,0.3597744107246399,-0.08158743381500244,0.7004110217094421,-4,194
259,8633,10,-0.003180887782946229,0.3641304671764374,-0.08338408172130585,0.6800084114074707,-3,196
259,8633,11,0.015033891424536705,0.4086892604827881,-0.048952918499708176,0.995324969291687,14,220
259,8633,12,-0.022132132202386856,0.4091099202632904,-0.01811232790350914,0.906155526638031,-21,220
259,8633,13,0.022807303816080093,0.4803195595741272,-0.05077643692493439,0.7461300492286682,21,259
259,8633,14,-0.006997210904955864,0.47762274742126465,-0.02827376499772072,0.03773293271660805,-6,257
259,8633,15,0.02073805220425129,0.5474333167076111,-0.09761016815900803,0.4168451726436615,19,295
259,8633,16,0.008581053465604782,0.49249279499053955,-0.0716639906167984,0.022687043994665146,8,265
259,8633,17,0.021040380001068115,0.5710474252700806,-0.11020848155021667,0.4211718738079071,20,308
259,8633,18,0.011906906962394714,0.5002913475036621,-0.08602544665336609,0.04832321032881737,11,270
259,8633,19,0.017522551119327545,0.5654085278511047,-0.11927682906389236,0.4318622946739197,16,305
259,8633,20,0.01029434334486723,0.49253416061401367,-0.09441599994897842,0.05689927190542221,9,265
259,8633,21,0.016787758097052574,0.5606298446655273,-0.10101080685853958,0.36745724081993103,16,302
259,8633,22,0.009957993403077126,0.487118124961853,-0.07674097269773483,0.05679537355899811,9,263
259,8633,23,0.006576560437679291,0.5636955499649048,-0.013798953033983707,0.9900839328765869,6,304
259,8633,24,-0.014573734253644943,0.5650395154953003,0.013762732967734337,0.9816250801086426,-13,305
259,8633,25,0.01942550204694271,0.6710877418518066,-0.00911490898579359,0.9149550795555115,18,362
259,8633,26,0.0047889030538499355,0.6688953042030334,0.0034156881738454103,0.3667316734790802,4,361
259,8633,27,0.03626995533704758,0.7533267736434937,0.05134541541337967,0.9630210399627686,34,406
259,8633,28,0.036683157086372375,0.7532539367675781,0.066545769572258,0.6742576956748962,35,406
259,8633,29,0.038066066801548004,0.7690719962120056,0.055702321231365204,0.8713698983192444,36,415
259,8633,30,0.0514843575656414,0.7658379077911377,0.07069116085767746,0.6839196681976318,49,413
259,8633,31,0.025586379691958427,0.7981905341148376,-0.016676049679517746,0.92552250623703,24,431
259,8633,32,0.030749669298529625,0.7934461236000061,0.006754167377948761,0.6897589564323425,29,428
