frame,timestamp_ms,landmark_id,x_norm,y_norm,z_norm,visibility,x_px,y_px
0,0,0,nan,nan,nan,0.0,-1,-1
1,33,0,nan,nan,nan,0.0,-1,-1
2,66,0,nan,nan,nan,0.0,-1,-1
3,100,0,nan,nan,nan,0.0,-1,-1
4,133,0,nan,nan,nan,0.0,-1,-1
5,166,0,nan,nan,nan,0.0,-1,-1
6,200,0,nan,nan,nan,0.0,-1,-1
7,233,0,nan,nan,nan,0.0,-1,-1
8,266,0,nan,nan,nan,0.0,-1,-1
9,300,0,nan,nan,nan,0.0,-1,-1
10,333,0,nan,nan,nan,0.0,-1,-1
11,366,0,nan,nan,nan,0.0,-1,-1
12,400,0,nan,nan,nan,0.0,-1,-1
13,433,0,nan,nan,nan,0.0,-1,-1
14,466,0,nan,nan,nan,0.0,-1,-1
15,500,0,nan,nan,nan,0.0,-1,-1
16,533,0,nan,nan,nan,0.0,-1,-1
17,566,0,nan,nan,nan,0.0,-1,-1
18,600,0,nan,nan,nan,0.0,-1,-1
19,633,0,nan,nan,nan,0.0,-1,-1
20,666,0,0.9238364100456238,0.33845630288124084,-0.00953022763133049,0.8958820700645447,886,182
20,666,1,0.9238306283950806,0.3294650912284851,-0.02257770299911499,0.9193152189254761,886,177
20,666,2,0.9234124422073364,0.3294420838356018,-0.02279185876250267,0.9318321943283081,886,177
20,666,3,0.922985315322876,0.3295358419418335,-0.022760333493351936,0.951590895652771,886,177
20,666,4,0.9246845841407776,0.32957568764686584,-0.014014684595167637,0.9165482521057129,887,177
20,666,5,0.9248887300491333,0.32957392930984497,-0.014196029864251614,0.928619921207428,887,177
20,666,6,0.9251288175582886,0.32964152097702026,-0.014253760688006878,0.9344072341918945,888,178
20,666,7,0.9227182269096375,0.3339669704437256,-0.05353957414627075,0.9688693284988403,885,180
20,666,8,0.9258721470832825,0.3336157500743866,-0.015109238214790821,0.8787400722503662,888,180
20,666,9,0.9223610758781433,0.3484474718570709,-0.014970497228205204,0.8750633001327515,885,188
20,666,10,0.9230775237083435,0.34757745265960693,-0.005324035882949829,0.804757297039032,886,187
20,666,11,0.9156566262245178,0.3963163495063782,-0.10807789862155914,0.9992944002151489,879,214
20,666,12,0.940236508846283,0.38278186321258545,0.05322951823472977,0.9768673181533813,902,206
20,666,13,0.9001455903053284,0.4553850293159485,-0.1489599645137787,0.7577426433563232,864,245
20,666,14,0.9601472616195679,0.4346926212310791,0.12472935020923615,0.008911114186048508,921,234
20,666,15,0.8600477576255798,0.5026794672012329,-0.15905867516994476,0.45965659618377686,825,271
20,666,16,0.9430927038192749,0.4477308988571167,0.18052665889263153,0.011010153219103813,905,241
20,666,17,0.8515351414680481,0.5143307447433472,-0.1751241534948349,0.5042728781700134,817,277
20,666,18,0.9425344467163086,0.4482148289680481,0.19062790274620056,0.022534970194101334,904,242
20,666,19,0.848260223865509,0.5060656070709229,-0.1638972908258438,0.4921746551990509,814,273
20,666,20,0.9338960647583008,0.4506329596042633,0.17366808652877808,0.0232908446341753,896,243
20,666,21,0.8522570729255676,0.502814769744873,-0.15307262539863586,0.3932427763938904,818,271
20,666,22,0.9328685402870178,0.45133399963378906,0.17404870688915253,0.0225296001881361,895,243
20,666,23,0.9340234398841858,0.5667484402656555,-0.05079583078622818,0.9997147917747498,896,306
20,666,24,0.9558692574501038,0.5633705258369446,0.0506339855492115,0.9993244409561157,917,304
20,666,25,0.8837913870811462,0.6368065476417542,0.042751558125019073,0.8346083760261536,848,343
20,666,26,0.9501138925552368,0.6351932287216187,0.1311468929052353,0.2572007477283478,912,343
20,666,27,0.856379508972168,0.751672089099884,0.06934472173452377,0.9682971239089966,822,405
20,666,28,0.9748350977897644,0.7127009034156799,0.16682544350624084,0.6917924880981445,935,384
20,666,29,0.8573874235153198,0.7797290086746216,0.0707014724612236,0.9634675979614258,823,421
20,666,30,0.9865044355392456,0.730402410030365,0.16970226168632507,0.7803694605827332,947,394
20,666,31,0.8204377889633179,0.7502363920211792,0.04132476821541786,0.9111961126327515,787,405
20,666,32,0.9646427035331726,0.7419046759605408,0.1468951255083084,0.5007131099700928,926,400
21,700,0,0.923748254776001,0.3392118215560913,-0.07526791840791702,0.9062378406524658,886,183
21,700,1,0.9239308834075928,0.3300524353981018,-0.07624581456184387,0.9272641539573669,886,178
21,700,2,0.9236679673194885,0.330243855714798,-0.07640502601861954,0.9385735988616943,886,178
21,700,3,0.9234517812728882,0.3305369019508362,-0.07635673880577087,0.9563159942626953,886,178
21,700,4,0.9245716333389282,0.3296410143375397,-0.06857790052890778,0.9248417019844055,887,178
21,700,5,0.924656867980957,0.3295772969722748,-0.06878062337636948,0.9357336759567261,887,177
21,700,6,0.9246670603752136,0.3296005427837372,-0.0688643604516983,0.940936803817749,887,177
21,700,7,0.9238776564598083,0.33457034826278687,-0.06208796054124832,0.9719303846359253,886,180
21,700,8,0.9248924255371094,0.333453506231308,-0.026968620717525482,0.8908246755599976,887,180
21,700,9,0.9224269986152649,0.3494745194911957,-0.06566424667835236,0.8874042630195618,885,188
21,700,10,0.9229599833488464,0.34828466176986694,-0.05686385929584503,0.8241727352142334,886,188
21,700,11,0.9338409304618835,0.3904545307159424,-0.08832166343927383,0.9993488192558289,896,210
21,700,12,0.9151670932769775,0.38935521245002747,0.04755593091249466,0.9791663289070129,878,210
21,700,13,0.9605340957641602,0.45115941762924194,-0.12952221930027008,0.7665777802467346,922,243
21,700,14,0.8986321091651917,0.45330849289894104,0.05858232453465462,0.06619749963283539,862,244
21,700,15,0.9566534161567688,0.45846420526504517,-0.17072409391403198,0.47986945509910583,918,247
21,700,16,0.8673667311668396,0.4935689866542816,-2.783614218060393e-05,0.10056893527507782,832,266
21,700,17,0.9578696489334106,0.4703204929828644,-0.1889718472957611,0.5282877087593079,919,253
21,700,18,0.8579930663108826,0.5047633051872253,-0.008642749860882759,0.11105745285749435,823,272
21,700,19,0.9559128284454346,0.45855262875556946,-0.19147610664367676,0.5187562108039856,917,247
21,700,20,0.854904055595398,0.5018500685691833,-0.02591102384030819,0.11245869845151901,820,270
21,700,21,0.9571483731269836,0.4581623077392578,-0.1724909096956253,0.4290540814399719,918,247
21,700,22,0.8600037097930908,0.4984256327152252,-0.009738609194755554,0.10973887145519257,825,269
21,700,23,0.9307648539543152,0.5691929459571838,-0.05243931710720062,0.9997408390045166,893,307
21,700,24,0.9330402612686157,0.5640647411346436,0.05226536840200424,0.9993895888328552,895,304
21,700,25,0.8836568593978882,0.6427275538444519,-0.029589679092168808,0.8510594964027405,848,347
21,700,26,0.9504796862602234,0.6380906105041504,0.13133056461811066,0.3308855891227722,912,344
21,700,27,0.8564391732215881,0.7528848052024841,0.03390384465456009,0.9713406562805176,822,406
21,700,28,0.9786555767059326,0.7188603281974792,0.19895003736019135,0.7225503325462341,939,388
21,700,29,0.8573883175849915,0.7798426151275635,0.037527844309806824,0.9668058753013611,823,421
21,700,30,0.987883448600769,0.7349104285240173,0.2051987200975418,0.8022451996803284,948,396
21,700,31,0.8229400515556335,0.7492936849594116,0.00642425287514925,0.919848620891571,790,404
21,700,32,0.9619997143745422,0.7396321296691895,0.18512016534805298,0.5504917502403259,923,399
22,733,0,0.9096275568008423,0.3365481197834015,-0.06466712802648544,0.9156128168106079,873,181
22,733,1,0.9117920994758606,0.32795044779777527,-0.06638520210981369,0.9345357418060303,875,177
22,733,2,0.912009060382843,0.32806888222694397,-0.06652555614709854,0.9447152018547058,875,177
22,733,3,0.9121423363685608,0.32828834652900696,-0.06647462397813797,0.9606826305389404,875,177
22,733,4,0.9114399552345276,0.3275728225708008,-0.055783867835998535,0.9323563575744629,874,176
22,733,5,0.9115644097328186,0.32744300365448,-0.055959902703762054,0.9421597123146057,875,176
22,733,6,0.9115266799926758,0.32734379172325134,-0.055999670177698135,0.9468421339988708,875,176
22,733,7,0.9150188565254211,0.33293095231056213,-0.06043166667222977,0.9747366309165955,878,179
22,733,8,0.9139316082000732,0.3318171501159668,-0.009430472739040852,0.9017409682273865,877,179
22,733,9,0.9107048511505127,0.3466919958591461,-0.05810705944895744,0.8986607789993286,874,187
22,733,10,0.9106670618057251,0.34527501463890076,-0.045417167246341705,0.8417524099349976,874,186
22,733,11,0.9297951459884644,0.38777369260787964,-0.08311915397644043,0.9994131326675415,892,209
22,733,12,0.9023412466049194,0.39091232419013977,0.062152598053216934,0.9812456369400024,866,211
22,733,13,0.9481760263442993,0.44798141717910767,-0.14114755392074585,0.789637565612793,910,241
22,733,14,0.8783851861953735,0.46149057149887085,0.0793289765715599,0.1320192813873291,843,249
22,733,15,0.9683415293693542,0.4697234630584717,-0.22843128442764282,0.5316758751869202,929,253
22,733,16,0.846930742263794,0.5013138651847839,0.029665403068065643,0.1870458424091339,813,270
22,733,17,0.9743152856826782,0.4821590781211853,-0.25051814317703247,0.5752467513084412,935,260
22,733,18,0.8376687169075012,0.5151477456092834,0.023995662108063698,0.19605304300785065,804,278
22,733,19,0.974719762802124,0.46882879734039307,-0.2577328085899353,0.5666970610618591,935,253
22,733,20,0.835163414478302,0.5113303661346436,0.0030655832961201668,0.19788654148578644,801,276
22,733,21,0.9716890454292297,0.4692189693450928,-0.23324695229530334,0.48592767119407654,932,253
22,733,22,0.8398069143295288,0.5067609548568726,0.01821955107152462,0.19524535536766052,806,273
22,733,23,0.9137065410614014,0.5661380887031555,-0.05268816649913788,0.9997662305831909,877,305
22,733,24,0.913194477558136,0.5607466697692871,0.052540142089128494,0.9994497299194336,876,302
22,733,25,0.8721216917037964,0.6451417803764343,-0.03267812728881836,0.8659204840660095,837,348
22,733,26,0.9370507001876831,0.6479094624519348,0.03341294452548027,0.39771416783332825,899,349
22,733,27,0.8532775044441223,0.7573943734169006,0.011363117024302483,0.9741840958595276,819,408
22,733,28,0.9784603118896484,0.7269525527954102,0.08049546182155609,0.7502778172492981,939,392
22,733,29,0.8549805283546448,0.7825637459754944,0.012168530374765396,0.970046877861023,820,422
22,733,30,0.9878633618354797,0.7350578904151917,0.08446326851844788,0.8219944834709167,948,396
22,733,31,0.8201519250869751,0.7579081058502197,-0.031123129650950432,0.9278320670127869,787,409
22,733,32,0.9641508460044861,0.769806444644928,0.056912414729595184,0.5954167246818542,925,415
23,766,0,0.907172441482544,0.33608290553092957,-0.04944450035691261,0.9239286780357361,870,181
23,766,1,0.9082186222076416,0.32782721519470215,-0.05300258472561836,0.9407875537872314,871,177
23,766,2,0.9078644514083862,0.32798734307289124,-0.053015947341918945,0.950066328048706,871,177
23,766,3,0.9073883295059204,0.3282259702682495,-0.05297776311635971,0.9643551707267761,871,177
23,766,4,0.9096453785896301,0.3273346424102783,-0.03604112192988396,0.9390007257461548,873,176
23,766,5,0.910247266292572,0.32719212770462036,-0.036191426217556,0.947891891002655,873,176
23,766,6,0.9107204675674438,0.3270662724971771,-0.036233559250831604,0.9520937204360962,874,176
23,766,7,0.908846914768219,0.3326292634010315,-0.06021492928266525,0.977176308631897,872,179
23,766,8,0.9133468270301819,0.33149346709251404,0.0010970785515382886,0.9115062355995178,876,179
23,766,9,0.9077088832855225,0.3458339273929596,-0.05661719664931297,0.9086494445800781,871,186
23,766,10,0.9087888598442078,0.3444986045360565,-0.029015852138400078,0.8574615716934204,872,186
23,766,11,0.9282625913619995,0.3879288136959076,-0.08585977554321289,0.9994630813598633,891,209
23,766,12,0.9030468463897705,0.3923003077507019,0.0607752799987793,0.9831066727638245,866,211
23,766,13,0.9477071166038513,0.447973370552063,-0.1412004679441452,0.8090817928314209,909,241
23,766,14,0.8775112628936768,0.4626021385192871,0.07166922092437744,0.17229779064655304,842,249
23,766,15,0.9716877341270447,0.4745451807975769,-0.20056083798408508,0.5721444487571716,932,256
23,766,16,0.8460789322853088,0.5025202035903931,0.016370320692658424,0.26052984595298767,812,271
23,766,17,0.9779304265975952,0.4852379262447357,-0.218955859541893,0.6112235188484192,938,262
23,766,18,0.8377118706703186,0.5136489868164062,0.010519161820411682,0.26736703515052795,804,277
23,766,19,0.9784481525421143,0.48236992955207825,-0.22174665331840515,0.6040311455726624,939,260
23,766,20,0.8356244564056396,0.510990560054779,-0.009474431164562702,0.2700648009777069,802,275
23,766,21,0.9757732152938843,0.47977226972579956,-0.20259186625480652,0.5306844711303711,936,259
23,766,22,0.8394546508789062,0.5075860023498535,0.005309991538524628,0.26736608147621155,805,274
23,766,23,0.9126408696174622,0.5583850741386414,-0.052973199635744095,0.9997884631156921,876,301
23,766,24,0.911842405796051,0.5539956092834473,0.05283265560865402,0.9995035529136658,875,299
23,766,25,0.8709558844566345,0.6446968913078308,-0.026504486799240112,0.879066526889801,836,348
23,766,26,0.9310503602027893,0.6477927565574646,0.030208010226488113,0.457350492477417,893,349
23,766,27,0.8508651256561279,0.7591217160224915,-0.011347188614308834,0.9766365885734558,816,409
23,766,28,0.9783589839935303,0.7284454107284546,0.05650101602077484,0.7751214504241943,939,393
23,766,29,0.8537928462028503,0.7842432260513306,-0.014081030152738094,0.9725981950759888,819,423
23,766,30,0.9875906109809875,0.7349758744239807,0.05811482295393944,0.8396845459938049,948,396
23,766,31,0.8198575973510742,0.7604157328605652,-0.06647607684135437,0.9348044395446777,787,410
23,766,32,0.9661953449249268,0.7700504064559937,0.02656519040465355,0.6356854438781738,927,415
24,800,0,0.8945823907852173,0.33623266220092773,0.009505750611424446,0.9308924078941345,858,181
24,800,1,0.8935412168502808,0.32795998454093933,-0.005280396901071072,0.9464793801307678,857,177
24,800,2,0.8921090364456177,0.32805758714675903,-0.005364650394767523,0.954838216304779,856,177
24,800,3,0.890588641166687,0.32824116945266724,-0.005318133160471916,0.9677585363388062,854,177
24,800,4,0.8983457088470459,0.3277181386947632,0.009490574710071087,0.9448752403259277,862,176
24,800,5,0.9002346396446228,0.32767215371131897,0.009330746717751026,0.9528995752334595,864,176
24,800,6,0.9021081924438477,0.32760149240493774,0.009275516495108604,0.9567336440086365,866,176
24,800,7,0.889807939529419,0.33296969532966614,-0.052377067506313324,0.9793738126754761,854,179
24,800,8,0.904991865158081,0.3328717052936554,0.012882892042398453,0.9202075600624084,868,179
24,800,9,0.8928714394569397,0.3459317088127136,-0.00449192663654685,0.9174624681472778,857,186
24,800,10,0.8972076177597046,0.3455582857131958,0.014236720278859138,0.8712673783302307,861,186
24,800,11,0.8941829800605774,0.390057235956192,-0.09611167758703232,0.999481737613678,858,210
24,800,12,0.9100281000137329,0.3932035267353058,0.06278745085000992,0.9843783378601074,873,212
24,800,13,0.8692742586135864,0.46028488874435425,-0.14970092475414276,0.8273324966430664,834,248
24,800,14,0.9175187349319458,0.4590824544429779,0.1548684537410736,0.16668950021266937,880,247
24,800,15,0.8372578024864197,0.5009624361991882,-0.16466878354549408,0.6103183031082153,803,270
24,800,16,0.9445820450782776,0.49590352177619934,0.24504022300243378,0.262168824672699,906,267
24,800,17,0.8297151327133179,0.511896014213562,-0.17816168069839478,0.6448780298233032,796,276
24,800,18,0.9488107562065125,0.5045252442359924,0.25883159041404724,0.27658069133758545,910,272
24,800,19,0.8280524611473083,0.5050434470176697,-0.16801302134990692,0.6378456354141235,794,272
24,800,20,0.9478148221969604,0.503241240978241,0.25043782591819763,0.2778247594833374,909,271
24,800,21,0.8311578035354614,0.5023531913757324,-0.15869702398777008,0.5662267804145813,797,271
24,800,22,0.945838212966919,0.5014834403991699,0.24350811541080475,0.27091801166534424,908,270
24,800,23,0.8974375128746033,0.5542160868644714,-0.051403146237134933,0.9998082518577576,861,299
24,800,24,0.9073182344436646,0.5505130887031555,0.051363807171583176,0.9995507001876831,871,297
24,800,25,0.8576405644416809,0.6446564197540283,-0.020582936704158783,0.8907842040061951,823,348
24,800,26,0.9044373035430908,0.6468799114227295,0.019607819616794586,0.5098860263824463,868,349
24,800,27,0.8477606177330017,0.7594402432441711,-0.0058702751994132996,0.9789204001426697,813,410
24,800,28,0.9601459503173828,0.722841739654541,0.0390995629131794,0.7960599660873413,921,390
24,800,29,0.8527199625968933,0.7842372059822083,-0.005293617025017738,0.9750558733940125,818,423
24,800,30,0.9709732532501221,0.7168862819671631,0.041954655200242996,0.8540516495704651,932,387
24,800,31,0.8166571259498596,0.7694249749183655,-0.04546373710036278,0.9410709142684937,783,415
24,800,32,0.9662978053092957,0.7657057046890259,0.021219128742814064,0.6682091951370239,927,413
25,833,0,0.890835702419281,0.3362800180912018,0.018818894401192665,0.9375383853912354,855,181
25,833,1,0.8897495269775391,0.32798099517822266,0.003523080376908183,0.9517477750778198,854,177
25,833,2,0.888232946395874,0.32807475328445435,0.0034229184966534376,0.9592697024345398,852,177
25,833,3,0.8867287039756775,0.3282443881034851,0.003468079725280404,0.9709230661392212,851,177
25,833,4,0.8945543766021729,0.3277324140071869,0.019021250307559967,0.9503073692321777,858,176
25,833,5,0.8963255286216736,0.3276859521865845,0.01885894685983658,0.957531213760376,860,176
25,833,6,0.898073136806488,0.32761022448539734,0.01880495809018612,0.961001992225647,862,176
25,833,7,0.8871602416038513,0.333122193813324,-0.04675563797354698,0.9814050197601318,851,179
25,833,8,0.9023590087890625,0.33301782608032227,0.02330194227397442,0.9281268119812012,866,179
25,833,9,0.8892152309417725,0.34599167108535767,0.004864349961280823,0.9255648255348206,853,186
25,833,10,0.8935250043869019,0.3459245562553406,0.023845124989748,0.8839232921600342,857,186
25,833,11,0.8913076519966125,0.3915442228317261,-0.09698193520307541,0.999505341053009,855,211
25,833,12,0.9116477370262146,0.3944534361362457,0.07299945503473282,0.9856480956077576,875,213
25,833,13,0.8638006448745728,0.4638689160346985,-0.1357996165752411,0.8434267640113831,829,250
25,833,14,0.9251131415367126,0.45725905895233154,0.18051041662693024,0.15852390229701996,888,246
25,833,15,0.8334272503852844,0.50391685962677,-0.10918314754962921,0.6407181620597839,800,272
25,833,16,0.9470924735069275,0.4909075200557709,0.2795751690864563,0.2560765743255615,909,265
25,833,17,0.8249807953834534,0.5158560276031494,-0.11718627065420151,0.6706690788269043,791,278
25,833,18,0.9525548815727234,0.4992765188217163,0.29554077982902527,0.2772125005722046,914,269
25,833,19,0.8234490156173706,0.5097578763961792,-0.10837730020284653,0.6634141802787781,790,275
25,833,20,0.9505490660667419,0.49852073192596436,0.2864019572734833,0.2773175537586212,912,269
25,833,21,0.8270213007926941,0.5065783858299255,-0.10281246155500412,0.5912783145904541,793,273
25,833,22,0.9477328658103943,0.4965330958366394,0.27773189544677734,0.2689134180545807,909,268
25,833,23,0.8954030275344849,0.5526297688484192,-0.05126197636127472,0.9998257756233215,859,298
25,833,24,0.9057660698890686,0.5488485097885132,0.05124492943286896,0.9995927810668945,869,296
25,833,25,0.8554078340530396,0.6444636583328247,-0.017336970195174217,0.9011751413345337,821,348
25,833,26,0.9001833200454712,0.6434422731399536,0.012539721094071865,0.5568264722824097,864,347
25,833,27,0.8468897938728333,0.7605152130126953,-0.0018403484718874097,0.9809375405311584,813,410
25,833,28,0.9560611844062805,0.7180304527282715,0.026092952117323875,0.8141663670539856,917,387
25,833,29,0.8527066707611084,0.7855499982833862,-0.0008374401950277388,0.9770268797874451,818,424
25,833,30,0.9657742381095886,0.7094570398330688,0.02846579998731613,0.8661893010139465,927,383
25,833,31,0.8156307339668274,0.7752575278282166,-0.0364212729036808,0.9465447664260864,783,418
25,833,32,0.9662438035011292,0.7630674242973328,0.011367249302566051,0.6963096261024475,927,412
26,866,0,0.8718730211257935,0.3356552720069885,-0.03533659502863884,0.9437733888626099,836,181
26,866,1,0.8735722303390503,0.32725825905799866,-0.046348441392183304,0.9565684199333191,838,176
26,866,2,0.8736597299575806,0.3273186683654785,-0.04644288867712021,0.9633387327194214,838,176
26,866,3,0.8736201524734497,0.3274162709712982,-0.04639754444360733,0.9738275408744812,838,176
26,866,4,0.87386155128479,0.327102392911911,-0.027368832379579544,0.9552712440490723,838,176
26,866,5,0.8744260668754578,0.3270666003227234,-0.02750728838145733,0.9617727994918823,839,176
26,866,6,0.8757209777832031,0.3269473910331726,-0.02754945307970047,0.9648960828781128,840,176
26,866,7,0.8764814138412476,0.33186450600624084,-0.07025817036628723,0.983262836933136,841,179
26,866,8,0.8802458047866821,0.3323442339897156,0.012805353850126266,0.9353015422821045,845,179
26,866,9,0.873234748840332,0.3452163636684418,-0.03978817164897919,0.9329953193664551,838,186
26,866,10,0.8738283514976501,0.3454509973526001,-0.016427239403128624,0.895503580570221,838,186
26,866,11,0.87887042760849,0.39008376002311707,-0.11389850080013275,0.9995530843734741,843,210
26,866,12,0.8956722021102905,0.39282548427581787,0.07720746099948883,0.9869463443756104,859,212
26,866,13,0.8576543927192688,0.46337413787841797,-0.13112872838974,0.8589345812797546,823,250
26,866,14,0.9039931893348694,0.46325042843818665,0.1356310099363327,0.14481444656848907,867,250
26,866,15,0.8256152868270874,0.509994387626648,-0.0983353704214096,0.6761656999588013,792,275
26,866,16,0.8981190919876099,0.5079180598258972,0.09507892280817032,0.23643934726715088,862,274
26,866,17,0.8184126615524292,0.5261632204055786,-0.10921597480773926,0.7028068900108337,785,284
26,866,18,0.9031471610069275,0.5264900326728821,0.09384285658597946,0.260132759809494,867,284
26,866,19,0.8154768347740173,0.5213263630867004,-0.1035538837313652,0.6962629556655884,782,281
26,866,20,0.8950398564338684,0.5242384076118469,0.0800190344452858,0.26037082076072693,859,283
26,866,21,0.8181456923484802,0.5164496302604675,-0.09323844313621521,0.6306819915771484,785,278
26,866,22,0.8990463018417358,0.5207226276397705,0.08753763139247894,0.2531648278236389,863,281
26,866,23,0.8838911056518555,0.5491783022880554,-0.0569017194211483,0.9998427033424377,848,296
26,866,24,0.8895278573036194,0.5472981929779053,0.056891582906246185,0.999631941318512,853,295
26,866,25,0.8460178375244141,0.644195556640625,-0.029177559539675713,0.9109591841697693,812,347
26,866,26,0.8763096332550049,0.6465251445770264,0.040903471410274506,0.6002293825149536,841,349
26,866,27,0.84443598985672,0.7613800764083862,-0.006964080035686493,0.98282390832901,810,411
26,866,28,0.9312639832496643,0.7046700119972229,0.0700015053153038,0.8323469161987305,894,380
26,866,29,0.8517377376556396,0.7867673635482788,-0.006312265060842037,0.9791974425315857,817,424
26,866,30,0.9426039457321167,0.6925021409988403,0.07329346239566803,0.8791176080703735,904,373
26,866,31,0.8088395595550537,0.7807227969169617,-0.05431731790304184,0.9518367648124695,776,421
26,866,32,0.947414219379425,0.7371101975440979,0.04907425493001938,0.7261549830436707,909,398
27,900,0,0.8720694780349731,0.3356885015964508,-0.03211997076869011,0.9493820667266846,837,181
27,900,1,0.873866856098175,0.3272460103034973,-0.041674841195344925,0.9609065055847168,838,176
27,900,2,0.8738269805908203,0.3273187279701233,-0.04178828373551369,0.967000424861908,838,176
27,900,3,0.8737098574638367,0.3274196684360504,-0.041745226830244064,0.9764412641525269,838,176
27,900,4,0.8743894100189209,0.32697585225105286,-0.025451866909861565,0.9597377181053162,839,176
27,900,5,0.8747413158416748,0.3268609642982483,-0.0256014633923769,0.9655890464782715,839,176
27,900,6,0.8751505613327026,0.3266080915927887,-0.025647692382335663,0.9683991074562073,840,176
27,900,7,0.8755260109901428,0.3319590985774994,-0.06197262182831764,0.9849346876144409,840,179
27,900,8,0.8790750503540039,0.3320186734199524,0.01573043130338192,0.9417548775672913,843,179
27,900,9,0.8733550906181335,0.34527477622032166,-0.03522127494215965,0.9396755695343018,838,186
27,900,10,0.873174250125885,0.34547922015190125,-0.015440559946000576,0.9059083461761475,838,186
27,900,11,0.8780039548873901,0.38911592960357666,-0.10632980614900589,0.999595582485199,842,210
27,900,12,0.8934100270271301,0.3917560577392578,0.08541140705347061,0.987995445728302,857,211
27,900,13,0.8571740984916687,0.46334874629974365,-0.11546631902456284,0.8729280233383179,822,250
27,900,14,0.9015177488327026,0.4615800380706787,0.13038226962089539,0.13274642825126648,865,249
27,900,15,0.8252133727073669,0.5124921202659607,-0.08573063462972641,0.7082253098487854,792,276
27,900,16,0.8975875377655029,0.5116461515426636,0.10379335284233093,0.21792739629745483,861,276
27,900,17,0.8183212876319885,0.5308911204338074,-0.09573206305503845,0.7319739460945129,785,286
27,900,18,0.8989664316177368,0.5273940563201904,0.10459467768669128,0.24319151043891907,863,284
27,900,19,0.8146734833717346,0.5247012972831726,-0.08910094946622849,0.7260702848434448,782,283
27,900,20,0.893987774848938,0.5261554718017578,0.0907268226146698,0.24352389574050903,858,284
27,900,21,0.817675769329071,0.5189827680587769,-0.0802743136882782,0.6665898561477661,784,280
27,900,22,0.8945756554603577,0.5212517976760864,0.09655066579580307,0.23784251511096954,858,281
27,900,23,0.8830465078353882,0.5469387769699097,-0.05624089017510414,0.9998576641082764,847,295
27,900,24,0.8872308135032654,0.5455565452575684,0.05620478093624115,0.9996660947799683,851,294
27,900,25,0.8468202948570251,0.6440098881721497,-0.029322773218154907,0.9197942614555359,812,347
27,900,26,0.8720674514770508,0.6466771364212036,0.0252001341432333,0.6394731998443604,837,349
27,900,27,0.8430736064910889,0.7620112299919128,-0.023934226483106613,0.9845277070999146,809,411
27,900,28,0.9283793568611145,0.700802206993103,0.042036548256874084,0.8486774563789368,891,378
27,900,29,0.8513489961624146,0.786981999874115,-0.024896536022424698,0.9811969995498657,817,424
27,900,30,0.9406413435935974,0.6903600692749023,0.044232483953237534,0.8907141089439392,903,372
27,900,31,0.8101629018783569,0.7815857529640198,-0.07186798006296158,0.9566159248352051,777,422
27,900,32,0.9422715902328491,0.7338469624519348,0.019104918465018272,0.7529708743095398,904,396
28,933,0,0.8554366827011108,0.33092451095581055,-0.04101218655705452,0.9543975591659546,821,178
28,933,1,0.8576703667640686,0.3226016163825989,-0.050942644476890564,0.9647893309593201,823,174
28,933,2,0.8579078316688538,0.3226807415485382,-0.05105167627334595,0.9702757596969604,823,174
28,933,3,0.8579797744750977,0.3226970136165619,-0.05101556330919266,0.9787781238555908,823,174
28,933,4,0.8582044243812561,0.32248321175575256,-0.03400403633713722,0.9637357592582703,823,174
28,933,5,0.8587974905967712,0.3224891126155853,-0.03415089100599289,0.9690033793449402,824,174
28,933,6,0.8592488765716553,0.3222779333591461,-0.03421139717102051,0.9715338945388794,824,174
28,933,7,0.8618698716163635,0.32814332842826843,-0.07148002088069916,0.9864302277565002,827,177
28,933,8,0.8636819124221802,0.3287704288959503,0.011773796752095222,0.9475266933441162,829,177
28,933,9,0.8576256632804871,0.34074661135673523,-0.04443191736936569,0.9456369280815125,823,184
28,933,10,0.8572822213172913,0.3415110111236572,-0.023683203384280205,0.9151952862739563,822,184
28,933,11,0.8637253046035767,0.38718652725219727,-0.11321089416742325,0.9996299147605896,829,209
28,933,12,0.8775811791419983,0.38812267780303955,0.07855548709630966,0.9888824224472046,842,209
28,933,13,0.8471433520317078,0.4644491970539093,-0.1179175153374672,0.8850022554397583,813,250
28,933,14,0.885374903678894,0.46595498919487,0.09797664731740952,0.12059567123651505,849,251
28,933,15,0.8197613954544067,0.5164333581924438,-0.11251286417245865,0.735426127910614,786,278
28,933,16,0.8753528594970703,0.5226708650588989,0.05786990374326706,0.19867144525051117,840,282
28,933,17,0.8140990138053894,0.5386583209037781,-0.1257367581129074,0.7556992769241333,781,290
28,933,18,0.8787992000579834,0.5463292002677917,0.05380868911743164,0.22316095232963562,843,295
28,933,19,0.8120651245117188,0.534646213054657,-0.12137936800718307,0.750275194644928,779,288
28,933,20,0.875610888004303,0.5466248989105225,0.04012271389365196,0.2234647125005722,840,295
28,933,21,0.8147526383399963,0.5278902649879456,-0.10873615741729736,0.6942773461341858,782,285
28,933,22,0.8758313059806824,0.540338397026062,0.05011637881398201,0.21850988268852234,840,291
28,933,23,0.868785560131073,0.5420684814453125,-0.05779039114713669,0.9998701810836792,834,292
28,933,24,0.8736993670463562,0.5408993363380432,0.05776865780353546,0.9996944069862366,838,292
28,933,25,0.8415811657905579,0.6438761353492737,-0.03444255143404007,0.9271165132522583,807,347
28,933,26,0.8521423935890198,0.6435455083847046,0.04876038804650307,0.6548795104026794,818,347
28,933,27,0.8421788811683655,0.7620424032211304,-0.01303428690880537,0.9858904480934143,808,411
28,933,28,0.9095948934555054,0.7023638486862183,0.10339445620775223,0.8537523746490479,873,379
28,933,29,0.851208508014679,0.7873454689979553,-0.01315213181078434,0.9821086525917053,817,425
28,933,30,0.9235687851905823,0.6982762217521667,0.10793972760438919,0.8947328329086304,886,377
28,933,31,0.8084056377410889,0.782684326171875,-0.06337615847587585,0.9605393409729004,776,422
28,933,32,0.9005947113037109,0.7343475222587585,0.08414538949728012,0.7688062787055969,864,396
29,966,0,0.8543986082077026,0.3309617042541504,-0.042055949568748474,0.9589132070541382,820,178
29,966,1,0.8562459349632263,0.32219967246055603,-0.04994213208556175,0.9682873487472534,821,173
29,966,2,0.8562109470367432,0.32219722867012024,-0.05005033686757088,0.9732251763343811,821,173
29,966,3,0.8560448884963989,0.3221741318702698,-0.05001603811979294,0.980883002281189,821,173
29,966,4,0.8566322922706604,0.32204437255859375,-0.03408767282962799,0.9673388600349426,822,173
29,966,5,0.8571119904518127,0.32192420959472656,-0.03423938900232315,0.9720788598060608,822,173
29,966,6,0.8574368357658386,0.32161420583724976,-0.03430808708071709,0.9743580222129822,823,173
29,966,7,0.8586300611495972,0.3278012275695801,-0.0683637484908104,0.9877763390541077,824,177
29,966,8,0.8618771433830261,0.32765620946884155,0.009539340622723103,0.9527235627174377,827,176
29,966,9,0.855923593044281,0.34077173471450806,-0.043171998113393784,0.9509917497634888,821,184
29,966,10,0.856423020362854,0.341182678937912,-0.023870771750807762,0.923541247844696,822,184
29,966,11,0.8614194989204407,0.38596639037132263,-0.11118132621049881,0.999657928943634,826,208
29,966,12,0.8755853772163391,0.3866490125656128,0.07889386266469955,0.9895668029785156,840,208
29,966,13,0.8451287746429443,0.4681854248046875,-0.1168389692902565,0.8957149982452393,811,252
29,966,14,0.8827158212661743,0.4657723307609558,0.09971342235803604,0.10975880920886993,847,251
29,966,15,0.818252682685852,0.5179762840270996,-0.0902145653963089,0.7584538459777832,785,279
29,966,16,0.8744651675224304,0.5272291302680969,0.06289687007665634,0.18131576478481293,839,284
29,966,17,0.8122287392616272,0.5392327904701233,-0.10111713409423828,0.7748824954032898,779,291
29,966,18,0.8767315745353699,0.5455620884895325,0.05939367786049843,0.20529070496559143,841,294
29,966,19,0.8098676204681396,0.5353094339370728,-0.09736812859773636,0.7698871493339539,777,289
29,966,20,0.8735316395759583,0.5458338260650635,0.04598431661725044,0.2055676430463791,838,294
29,966,21,0.8123234510421753,0.527983546257019,-0.08627935498952866,0.7160853147506714,779,285
29,966,22,0.8736523389816284,0.5396066308021545,0.055306535214185715,0.2013518363237381,838,291
29,966,23,0.8682361245155334,0.539603590965271,-0.057545822113752365,0.9998787641525269,833,291
29,966,24,0.8735235333442688,0.5383785963058472,0.057522498071193695,0.9997139573097229,838,290
29,966,25,0.8399987816810608,0.6450173854827881,-0.03333491459488869,0.9336517453193665,806,348
29,966,26,0.8532268404960632,0.6434352993965149,0.04892822727560997,0.6698548197746277,819,347
29,966,27,0.8415072560310364,0.7619757652282715,-0.013114501722157001,0.987093448638916,807,411
29,966,28,0.9098497033119202,0.7031917572021484,0.09785602986812592,0.8556981086730957,873,379
29,966,29,0.8508260846138,0.7872123718261719,-0.013130015693604946,0.9829026460647583,816,425
29,966,30,0.9237312078475952,0.6995199918746948,0.10270335525274277,0.8963806629180908,886,377
29,966,31,0.8089515566825867,0.7835750579833984,-0.061225805431604385,0.9639548063278198,776,423
29,966,32,0.9010903239250183,0.7350844740867615,0.08040273934602737,0.779443621635437,865,396
30,1000,0,0.8379591703414917,0.3208519220352173,-0.0803498774766922,0.9629831314086914,804,173
30,1000,1,0.8418771028518677,0.31155920028686523,-0.085325226187706,0.9714259505271912,808,168
30,1000,2,0.843657374382019,0.31167200207710266,-0.08545419573783875,0.9758705496788025,809,168
30,1000,3,0.8447999954223633,0.3118436336517334,-0.08543064445257187,0.9827728271484375,811,168
30,1000,4,0.8401978611946106,0.3116663098335266,-0.07095768302679062,0.9705683588981628,806,168
30,1000,5,0.840067446231842,0.3117409646511078,-0.07110587507486343,0.9748308062553406,806,168
30,1000,6,0.8397446274757385,0.31160199642181396,-0.07117296010255814,0.9768840074539185,806,168
30,1000,7,0.8502222299575806,0.3175877034664154,-0.08501866459846497,0.9889845848083496,816,171
30,1000,8,0.8423750996589661,0.3168832063674927,-0.019129736348986626,0.957348644733429,808,171
30,1000,9,0.8417222499847412,0.3302973806858063,-0.07639551907777786,0.955807089805603,808,178
30,1000,10,0.8391470313072205,0.33169472217559814,-0.05890288203954697,0.9310213327407837,805,179
30,1000,11,0.8536105751991272,0.3791050910949707,-0.11868265271186829,0.9996870756149292,819,204
30,1000,12,0.850676417350769,0.37945008277893066,0.059099338948726654,0.9902380704879761,816,204
30,1000,13,0.8472586870193481,0.46632421016693115,-0.13338972628116608,0.9039169549942017,813,251
30,1000,14,0.856667697429657,0.4610648453235626,0.06890241801738739,0.09920618683099747,822,248
30,1000,15,0.8171142339706421,0.5165597796440125,-0.10968970507383347,0.7742399573326111,784,278
30,1000,16,0.8560816049575806,0.5179045796394348,0.016838334500789642,0.1642102152109146,821,279
30,1000,17,0.8116018176078796,0.5409823656082153,-0.12896767258644104,0.7853647470474243,779,292
30,1000,18,0.8594649434089661,0.5341060757637024,0.009661723859608173,0.1869705319404602,825,288
30,1000,19,0.8088715076446533,0.5404305458068848,-0.1299370527267456,0.7809035778045654,776,291
30,1000,20,0.8570433855056763,0.5337067246437073,-0.002905921544879675,0.1872517168521881,822,288
30,1000,21,0.811072051525116,0.5331063866615295,-0.1089470386505127,0.7251362204551697,778,287
30,1000,22,0.8569244742393494,0.5286818146705627,0.009378867223858833,0.1833689659833908,822,285
30,1000,23,0.8562233448028564,0.5368772149085999,-0.058748163282871246,0.9998809099197388,821,289
30,1000,24,0.8536717891693115,0.5341002941131592,0.05872524157166481,0.9997094869613647,819,288
30,1000,25,0.8334347009658813,0.6434938311576843,-0.051682524383068085,0.9339643120765686,800,347
30,1000,26,0.8346032500267029,0.6284811496734619,0.0895041972398758,0.6089668869972229,801,339
30,1000,27,0.84183269739151,0.7619308829307556,-0.03790759667754173,0.986565887928009,808,411
30,1000,28,0.8746264576911926,0.6980270147323608,0.15255039930343628,0.7905980348587036,839,376
30,1000,29,0.8506747484207153,0.7870562076568604,-0.039304982870817184,0.9785301089286804,816,425
30,1000,30,0.8842133283615112,0.7019900679588318,0.15731869637966156,0.8423545956611633,848,379
30,1000,31,0.8097010254859924,0.7835416793823242,-0.09663056582212448,0.9651210308074951,777,423
30,1000,32,0.8522723913192749,0.7297104001045227,0.1318567544221878,0.7360471487045288,818,394
31,1033,0,0.8394739627838135,0.32223770022392273,-0.10198172181844711,0.9666762948036194,805,174
31,1033,1,0.8428300023078918,0.31303179264068604,-0.10464785993099213,0.9742751717567444,809,169
31,1033,2,0.8447814583778381,0.3131452798843384,-0.10477665811777115,0.9782751798629761,810,169
31,1033,3,0.8461681008338928,0.3133169412612915,-0.10473892092704773,0.9844891428947449,812,169
31,1033,4,0.8401010036468506,0.3128076195716858,-0.09080323576927185,0.9735040068626404,806,168
31,1033,5,0.8394966125488281,0.31269651651382446,-0.0909600779414177,0.9773396253585815,805,168
31,1033,6,0.8383591771125793,0.31251072883605957,-0.09103935211896896,0.9791879653930664,804,168
31,1033,7,0.8510764837265015,0.3180733621120453,-0.09290576726198196,0.990080714225769,817,171
31,1033,8,0.8407383561134338,0.31676891446113586,-0.03013029508292675,0.961589515209198,807,171
31,1033,9,0.8428131937980652,0.33146363496780396,-0.09411946684122086,0.9601929783821106,809,178
31,1033,10,0.8393263220787048,0.3321775794029236,-0.07727780193090439,0.9378660917282104,805,179
31,1033,11,0.8562612533569336,0.3768828511238098,-0.1231008842587471,0.9997133612632751,822,203
31,1033,12,0.8435041904449463,0.37901097536087036,0.05560552701354027,0.991018533706665,809,204
31,1033,13,0.8505155444145203,0.46206310391426086,-0.13676194846630096,0.9101607203483582,816,249
31,1033,14,0.8430706262588501,0.45720788836479187,0.0694466084241867,0.09005166590213776,809,246
31,1033,15,0.819341778755188,0.5153412222862244,-0.11646384745836258,0.7813664078712463,786,278
31,1033,16,0.8327549695968628,0.5154527425765991,0.015275852754712105,0.1493888646364212,799,278
31,1033,17,0.8148860335350037,0.538914144039154,-0.13338012993335724,0.7863386869430542,782,291
31,1033,18,0.8292849659919739,0.5312029719352722,0.009167916141450405,0.171500563621521,796,286
31,1033,19,0.8121883869171143,0.539127767086029,-0.1337329000234604,0.7829378247261047,779,291
31,1033,20,0.8260533809661865,0.5299979448318481,-0.005619600880891085,0.1718711107969284,793,286
31,1033,21,0.8153415322303772,0.5309925675392151,-0.11211875081062317,0.7247089743614197,782,286
31,1033,22,0.8279584646224976,0.5256252288818359,0.006793538574129343,0.16840767860412598,794,283
31,1033,23,0.8567555546760559,0.535442054271698,-0.060706138610839844,0.9998817443847656,822,289
31,1033,24,0.8504638075828552,0.5318169593811035,0.06067143753170967,0.9997102618217468,816,287
31,1033,25,0.8325760960578918,0.6435214281082153,-0.05552317947149277,0.9374725818634033,799,347
31,1033,26,0.8351803421974182,0.6222447752952576,0.10571892559528351,0.5634355545043945,801,336
31,1033,27,0.8417655825614929,0.7630714178085327,-0.03272595256567001,0.986697793006897,808,412
31,1033,28,0.8735664486885071,0.6981248259544373,0.17040447890758514,0.7552388906478882,838,376
31,1033,29,0.8507626056671143,0.7872732281684875,-0.033229365944862366,0.9757033586502075,816,425
31,1033,30,0.8822200894355774,0.7026503682136536,0.17525430023670197,0.8120784759521484,846,379
31,1033,31,0.8093414902687073,0.7819376587867737,-0.08944184333086014,0.9670271277427673,776,422
31,1033,32,0.8465706706047058,0.7200301885604858,0.14914508163928986,0.7209733128547668,812,388
32,1066,0,0.8260742425918579,0.3159792721271515,-0.07221606373786926,0.969463586807251,793,170
32,1066,1,0.8287700414657593,0.3062432110309601,-0.07955712825059891,0.9763933420181274,795,165
32,1066,2,0.8290059566497803,0.30629703402519226,-0.07968337088823318,0.9800000786781311,795,165
32,1066,3,0.828971266746521,0.30644139647483826,-0.07965287566184998,0.9857113361358643,795,165
32,1066,4,0.8296633362770081,0.30617955327033997,-0.06483282893896103,0.9757139086723328,796,165
32,1066,5,0.8303833603858948,0.3057023882865906,-0.06499580293893814,0.9791938066482544,797,165
32,1066,6,0.8308517336845398,0.3052115738391876,-0.06507056206464767,0.980943500995636,797,164
32,1066,7,0.8334382772445679,0.3112758696079254,-0.09067098051309586,0.9909140467643738,800,168
32,1066,8,0.8366027474403381,0.3098818361759186,-0.021371642127633095,0.9649072289466858,803,167
32,1066,9,0.8281983137130737,0.32624000310897827,-0.07159838825464249,0.963641345500946,795,176
32,1066,10,0.8283168077468872,0.32670390605926514,-0.05357817932963371,0.943266749382019,795,176
32,1066,11,0.8432204723358154,0.3736151158809662,-0.1234240010380745,0.999724805355072,809,201
32,1066,12,0.8399057388305664,0.37159696221351624,0.05270270258188248,0.9914625883102417,806,200
32,1066,13,0.841187596321106,0.4620164632797241,-0.13700278103351593,0.9084102511405945,807,249
32,1066,14,0.8394506573677063,0.45652350783348083,0.07175350934267044,0.08141263574361801,805,246
32,1066,15,0.8212072253227234,0.5148584842681885,-0.11761265248060226,0.7607117295265198,788,278
32,1066,16,0.8312699794769287,0.5125479698181152,0.02683805674314499,0.13525691628456116,798,276
32,1066,17,0.8190264105796814,0.5371589660644531,-0.1299961358308792,0.7616571187973022,786,290
32,1066,18,0.830028235912323,0.5277628302574158,0.02184906229376793,0.1560080647468567,796,284
32,1066,19,0.8164012432098389,0.5384235978126526,-0.13055598735809326,0.7580273747444153,783,290
32,1066,20,0.8266130089759827,0.5268965363502502,0.007831024006009102,0.15638460218906403,793,284
32,1066,21,0.8192399740219116,0.5280605554580688,-0.11501419544219971,0.6940088272094727,786,285
32,1066,22,0.8270334005355835,0.5225138068199158,0.01870546117424965,0.1533861756324768,793,282
32,1066,23,0.8420019745826721,0.5313199162483215,-0.060349006205797195,0.9998852014541626,808,286
32,1066,24,0.836547315120697,0.5287152528762817,0.060281991958618164,0.9997200965881348,803,285
32,1066,25,0.8294970989227295,0.643476665019989,-0.045034416019916534,0.9404832720756531,796,347
32,1066,26,0.8137763142585754,0.6255357265472412,0.10266557335853577,0.5421774983406067,781,337
32,1066,27,0.8411615490913391,0.7623564004898071,-0.005448977462947369,0.9869829416275024,807,411
32,1066,28,0.8457978367805481,0.6980891823768616,0.14355239272117615,0.7361453771591187,811,376
32,1066,29,0.8503392934799194,0.7870492339134216,-0.0031347349286079407,0.9708163738250732,816,425
32,1066,30,0.8556562662124634,0.7037598490715027,0.14891664683818817,0.7917054295539856,821,380
32,1066,31,0.8089296221733093,0.7826749086380005,-0.06324159353971481,0.9682614803314209,776,422
32,1066,32,0.8315607309341431,0.7248852849006653,0.12246592342853546,0.7146828174591064,798,391
33,1100,0,0.8248749375343323,0.3163455128669739,-0.08262117207050323,0.97233647108078,791,170
33,1100,1,0.8270015716552734,0.3063702881336212,-0.08875730633735657,0.9786080718040466,793,165
33,1100,2,0.8278502225875854,0.3062453866004944,-0.08888054639101028,0.9818539023399353,794,165
33,1100,3,0.8281668424606323,0.30622050166130066,-0.08884649723768234,0.9870210289955139,795,165
33,1100,4,0.8269683122634888,0.3063732087612152,-0.07389701902866364,0.9780059456825256,793,165
33,1100,5,0.8273155093193054,0.30602729320526123,-0.07407835125923157,0.9811442494392395,794,165
33,1100,6,0.8275121450424194,0.3056207001209259,-0.07417811453342438,0.9827386736869812,794,165
33,1100,7,0.8327416181564331,0.3111584782600403,-0.09053491801023483,0.9917473196983337,799,168
33,1100,8,0.8325278759002686,0.30966562032699585,-0.02314898371696472,0.9681808948516846,799,167
33,1100,9,0.8283576369285583,0.3262789249420166,-0.07920314371585846,0.9668939709663391,795,176
33,1100,10,0.8269720077514648,0.3266449570655823,-0.061015598475933075,0.9483771920204163,793,176
33,1100,11,0.8426788449287415,0.3723587691783905,-0.11965735256671906,0.9997368454933167,808,201
33,1100,12,0.8361864686012268,0.37089642882347107,0.052406392991542816,0.9919099807739258,802,200
33,1100,13,0.8417808413505554,0.46191921830177307,-0.13172373175621033,0.9089679718017578,808,249
33,1100,14,0.8390423059463501,0.45328277349472046,0.07168329507112503,0.07369755953550339,805,244
33,1100,15,0.822955310344696,0.5159112811088562,-0.11427554488182068,0.7448219656944275,790,278
33,1100,16,0.8308677673339844,0.5108935832977295,0.020693788304924965,0.12272122502326965,797,275
33,1100,17,0.8182910084724426,0.5355361104011536,-0.12517842650413513,0.7424284815788269,785,289
33,1100,18,0.8303993344306946,0.5261023640632629,0.014361916109919548,0.14253796637058258,797,284
33,1100,19,0.8166481256484985,0.5346344113349915,-0.12668907642364502,0.7395398616790771,783,288
33,1100,20,0.8264361619949341,0.5253661274909973,0.0007590012974105775,0.142935112118721,793,283
33,1100,21,0.8184942603111267,0.5263388156890869,-0.11269769072532654,0.6717817783355713,785,284
33,1100,22,0.8267701864242554,0.5220092535018921,0.012658601626753807,0.140304833650589,793,281
33,1100,23,0.8424910306930542,0.5305140018463135,-0.05987663194537163,0.9998835325241089,808,286
33,1100,24,0.8332207798957825,0.5277829766273499,0.059797488152980804,0.9997193217277527,799,285
33,1100,25,0.8300908803939819,0.6432440876960754,-0.04557088389992714,0.9433398246765137,796,347
33,1100,26,0.8081567287445068,0.6273501515388489,0.08103293925523758,0.5206449031829834,775,338
33,1100,27,0.8409944772720337,0.7622665166854858,-0.010215294547379017,0.9869572520256042,807,411
33,1100,28,0.8440532684326172,0.6947402954101562,0.13252976536750793,0.7080413699150085,810,375
33,1100,29,0.8501823544502258,0.7869964241981506,-0.008670597337186337,0.9666348099708557,816,424
33,1100,30,0.854591429233551,0.7035064697265625,0.1373865306377411,0.7669221758842468,820,379
33,1100,31,0.8083946108818054,0.7838176488876343,-0.06542427837848663,0.9690797328948975,776,423
33,1100,32,0.8298966884613037,0.7272911667823792,0.11181434988975525,0.7004094123840332,796,392
34,1133,0,0.8112252950668335,0.31330353021621704,-0.08341916650533676,0.9747085571289062,778,169
34,1133,1,0.8136133551597595,0.3033178746700287,-0.09402457624673843,0.980461597442627,781,163
34,1133,2,0.814020574092865,0.3033037781715393,-0.09417220950126648,0.9834041595458984,781,163
34,1133,3,0.8141886591911316,0.3032844364643097,-0.094138503074646,0.9881274104118347,781,163
34,1133,4,0.814183235168457,0.30326563119888306,-0.07687413692474365,0.9798494577407837,781,163
34,1133,5,0.814920961856842,0.3031313121318817,-0.07704558223485947,0.9826937317848206,782,163
34,1133,6,0.8154646754264832,0.3028608560562134,-0.07713975012302399,0.9841731190681458,782,163
34,1133,7,0.8199629187583923,0.30843761563301086,-0.11175504326820374,0.9924903512001038,787,166
34,1133,8,0.8212748765945435,0.3079930543899536,-0.033838000148534775,0.970886766910553,788,166
34,1133,9,0.8134058117866516,0.32350215315818787,-0.08540540188550949,0.9698417782783508,780,174
34,1133,10,0.813469648361206,0.32386308908462524,-0.06421585381031036,0.9528550505638123,780,174
34,1133,11,0.8296063542366028,0.37065842747688293,-0.14489175379276276,0.9997549057006836,796,200
34,1133,12,0.825247049331665,0.3688301146030426,0.04400492459535599,0.9921488165855408,792,199
34,1133,13,0.8277701735496521,0.46537643671035767,-0.15632930397987366,0.9147859215736389,794,251
34,1133,14,0.8259668946266174,0.45401668548583984,0.06603087484836578,0.0666477233171463,792,245
34,1133,15,0.8092344403266907,0.5369061231613159,-0.13449373841285706,0.7580727934837341,776,289
34,1133,16,0.8161741495132446,0.5156811475753784,0.025094112381339073,0.11106058955192566,783,278
34,1133,17,0.8041180372238159,0.5599990487098694,-0.14732913672924042,0.7509700655937195,771,302
34,1133,18,0.8145829439163208,0.5308961868286133,0.020483773201704025,0.12952063977718353,781,286
34,1133,19,0.7993567585945129,0.5619316697120667,-0.1482262909412384,0.747570276260376,767,303
34,1133,20,0.8112180829048157,0.5303888916969299,0.00550434784963727,0.1299285590648651,778,286
34,1133,21,0.8013637661933899,0.5523571968078613,-0.13266471028327942,0.6750941872596741,769,298
34,1133,22,0.8108590841293335,0.5274755954742432,0.016598140820860863,0.12771977484226227,778,284
34,1133,23,0.8279892206192017,0.5317331552505493,-0.059517163783311844,0.9998909831047058,794,287
34,1133,24,0.8160082101821899,0.5299859642982483,0.05946213752031326,0.9997339844703674,783,286
34,1133,25,0.8293999433517456,0.6436250805854797,-0.023918544873595238,0.9467833042144775,796,347
34,1133,26,0.7907286882400513,0.6255374550819397,0.07907441258430481,0.5241385698318481,759,337
34,1133,27,0.8403682708740234,0.7612833976745605,0.046267762780189514,0.9877147078514099,806,411
34,1133,28,0.8141463398933411,0.6960934996604919,0.15615569055080414,0.7158597707748413,781,375
34,1133,29,0.8494222164154053,0.7847996354103088,0.050073280930519104,0.9642468690872192,815,423
34,1133,30,0.8237361907958984,0.7053536176681519,0.1631709486246109,0.7684848308563232,790,380
34,1133,31,0.8086261749267578,0.7845467925071716,-0.008610817603766918,0.9709974527359009,776,423
34,1133,32,0.7952737808227539,0.7290980219841003,0.13302059471607208,0.7152948975563049,763,393
35,1166,0,0.8122956156730652,0.31440162658691406,-0.08125415444374084,0.9771293997764587,779,169
35,1166,1,0.8142580389976501,0.3047001361846924,-0.09016157686710358,0.9823191165924072,781,164
35,1166,2,0.8144849538803101,0.30446168780326843,-0.0903019905090332,0.9849738478660583,781,164
35,1166,3,0.8145256638526917,0.3044610023498535,-0.09025754779577255,0.989234209060669,781,164
35,1166,4,0.8145124912261963,0.3044954538345337,-0.07496900111436844,0.981768012046814,781,164
35,1166,5,0.8150498867034912,0.3042871654033661,-0.0751478299498558,0.9843406677246094,782,164
35,1166,6,0.8153794407844543,0.3039752244949341,-0.0752391442656517,0.9856794476509094,782,164
35,1166,7,0.8188465237617493,0.3093559741973877,-0.10013002902269363,0.9932035207748413,786,167
35,1166,8,0.8202391862869263,0.3083689510822296,-0.03091583028435707,0.9736678600311279,787,166
35,1166,9,0.8149245977401733,0.3243465721607208,-0.08044546097517014,0.9726643562316895,782,175
35,1166,10,0.8150047063827515,0.32441332936286926,-0.061721231788396835,0.9572856426239014,782,175
35,1166,11,0.8271611928939819,0.3690355718135834,-0.13332626223564148,0.9997727870941162,794,199
35,1166,12,0.821908712387085,0.36801618337631226,0.04423404484987259,0.9926797747612,789,198
35,1166,13,0.827599287033081,0.4644676446914673,-0.1453508734703064,0.9179076552391052,794,250
35,1166,14,0.8206123113632202,0.4532104432582855,0.06283332407474518,0.06055564060807228,787,244
35,1166,15,0.8104724287986755,0.5316392779350281,-0.1261681169271469,0.7556748390197754,778,287
35,1166,16,0.8119736313819885,0.5147666931152344,0.016208907589316368,0.10095266252756119,779,277
35,1166,17,0.8062724471092224,0.5521524548530579,-0.1378486454486847,0.745467483997345,774,298
35,1166,18,0.8097289800643921,0.5301270484924316,0.01021649967879057,0.11858778446912766,777,286
35,1166,19,0.8037286996841431,0.5519860982894897,-0.14104096591472626,0.7418032288551331,771,298
35,1166,20,0.8073806166648865,0.5299676656723022,-0.0034725607838481665,0.11902705579996109,775,286
35,1166,21,0.8051294684410095,0.5438750386238098,-0.12535732984542847,0.664264976978302,772,293
35,1166,22,0.8078811764717102,0.5251871943473816,0.008210843428969383,0.11713602393865585,775,283
35,1166,23,0.829082727432251,0.5327407717704773,-0.05683072656393051,0.9998963475227356,795,287
35,1166,24,0.8158857822418213,0.5312455892562866,0.05681740120053291,0.9997459650039673,783,286
35,1166,25,0.830608069896698,0.6450759172439575,-0.019776601344347,0.9513488411903381,797,348
35,1166,26,0.788540244102478,0.6240055561065674,0.08213861286640167,0.5412718057632446,756,336
35,1166,27,0.8406774401664734,0.7611484527587891,0.03579932451248169,0.9886438250541687,807,411
35,1166,28,0.8121715188026428,0.6957492828369141,0.16525691747665405,0.7280901074409485,779,375
35,1166,29,0.8495095372200012,0.784773588180542,0.0383140854537487,0.9645169973373413,815,423
35,1166,30,0.8215360641479492,0.7056012153625488,0.17267298698425293,0.7729085087776184,788,381
35,1166,31,0.8087666034698486,0.7854581475257874,-0.018021130934357643,0.9732958674430847,776,424
35,1166,32,0.7950418591499329,0.7300493121147156,0.1457960307598114,0.7325102686882019,763,394
36,1200,0,0.802504301071167,0.3152068555355072,-0.00800285767763853,0.9789674282073975,770,170
36,1200,1,0.8033124208450317,0.3055117428302765,-0.02337276190519333,0.983492374420166,771,164
36,1200,2,0.8018608093261719,0.30538997054100037,-0.023485487326979637,0.9859164357185364,769,164
36,1200,3,0.8009673953056335,0.30541571974754333,-0.02348935604095459,0.9899203181266785,768,164
36,1200,4,0.8062567114830017,0.30509063601493835,-0.0109238987788558,0.9830040335655212,774,164
36,1200,5,0.8073960542678833,0.3048209547996521,-0.011067747138440609,0.9853936433792114,775,164
36,1200,6,0.8096926212310791,0.3044714331626892,-0.011107446625828743,0.9866790175437927,777,164
36,1200,7,0.8019721508026123,0.3102002739906311,-0.06911750882863998,0.9937538504600525,769,167
36,1200,8,0.8142065405845642,0.30907708406448364,-0.013309414498507977,0.9757331013679504,781,166
36,1200,9,0.8028213977813721,0.32438403367996216,-0.019380468875169754,0.975063681602478,770,175
36,1200,10,0.8052974939346313,0.3242062032222748,-0.004247694276273251,0.9609986543655396,773,175
36,1200,11,0.8009783625602722,0.36768844723701477,-0.11014936864376068,0.9997909069061279,768,198
36,1200,12,0.8247568011283875,0.3672594130039215,0.045072492212057114,0.9932711720466614,791,198
36,1200,13,0.8089179992675781,0.46422135829925537,-0.1257745921611786,0.9177874326705933,776,250
36,1200,14,0.8196120858192444,0.4553573727607727,0.05310521647334099,0.05508751422166824,786,245
36,1200,15,0.7954567670822144,0.5310163497924805,-0.10538537055253983,0.7489767074584961,763,286
36,1200,16,0.8122936487197876,0.5194030404090881,0.024617724120616913,0.09256645292043686,779,280
36,1200,17,0.792296290397644,0.5539533495903015,-0.115180104970932,0.7336649298667908,760,299
36,1200,18,0.8100665211677551,0.5367375612258911,0.02123398706316948,0.1098313108086586,777,289
36,1200,19,0.7893742322921753,0.5516892671585083,-0.11449024826288223,0.7282453775405884,757,297
36,1200,20,0.8066945672035217,0.5373325943946838,0.009200003929436207,0.11009063571691513,774,290
36,1200,21,0.7918959259986877,0.5456681847572327,-0.1033162996172905,0.6448804140090942,760,294
36,1200,22,0.8079955577850342,0.5337486267089844,0.017876872792840004,0.10817558318376541,775,288
36,1200,23,0.8046537041664124,0.5338550806045532,-0.0509510301053524,0.9999002814292908,772,288
36,1200,24,0.8181273937225342,0.5320816040039062,0.05091075599193573,0.9997591972351074,785,287
36,1200,25,0.7734954357147217,0.6306455731391907,-0.002015073783695698,0.9483587145805359,742,340
36,1200,26,0.8139842748641968,0.6395646929740906,0.06713815778493881,0.5238050818443298,781,345
36,1200,27,0.7822997570037842,0.7405818104743958,0.05889587476849556,0.9851635694503784,751,399
36,1200,28,0.8332077860832214,0.7503089904785156,0.09628472477197647,0.7294482588768005,799,405
36,1200,29,0.794992208480835,0.7764462232589722,0.06220244988799095,0.9555010795593262,763,419
36,1200,30,0.8421096205711365,0.7750609517097473,0.09739740937948227,0.7745696306228638,808,418
36,1200,31,0.7559956312179565,0.7649489045143127,0.036534834653139114,0.9654865860939026,725,413
36,1200,32,0.8062933087348938,0.7749221324920654,0.07997819036245346,0.7315974235534668,774,418
37,1233,0,0.8011208176612854,0.31589484214782715,-0.03036617487668991,0.9805594682693481,769,170
37,1233,1,0.8015669584274292,0.3062266707420349,-0.042025864124298096,0.9845361709594727,769,165
37,1233,2,0.8009034991264343,0.3061404526233673,-0.04214481636881828,0.986712634563446,768,165
37,1233,3,0.8001434206962585,0.30617380142211914,-0.042127300053834915,0.9904513359069824,768,165
37,1233,4,0.8037875294685364,0.30577024817466736,-0.028505094349384308,0.9841919541358948,771,165
37,1233,5,0.8046590685844421,0.3054734766483307,-0.028667796403169632,0.9864230155944824,772,164
37,1233,6,0.8055474162101746,0.30508893728256226,-0.028728464618325233,0.9876582622528076,773,164
37,1233,7,0.8013943433761597,0.31097841262817383,-0.07131543010473251,0.9941796660423279,769,167
37,1233,8,0.8105118274688721,0.3095042109489441,-0.012391055934131145,0.9776648879051208,778,167
37,1233,9,0.802784264087677,0.32492339611053467,-0.03582720085978508,0.9769221544265747,770,175
37,1233,10,0.8041836619377136,0.3245726227760315,-0.019358566030859947,0.9640653729438782,772,175
37,1233,11,0.8033882975578308,0.36751988530158997,-0.10364728420972824,0.9997960925102234,771,198
37,1233,12,0.8205002546310425,0.3664194345474243,0.04694630205631256,0.9936962723731995,787,197
37,1233,13,0.8106705546379089,0.46319037675857544,-0.11371646076440811,0.9161346554756165,778,250
37,1233,14,0.8165499567985535,0.45603063702583313,0.060196030884981155,0.05007531866431236,783,246
37,1233,15,0.796735942363739,0.5300261974334717,-0.09522851556539536,0.7300543189048767,764,286
37,1233,16,0.807672381401062,0.5226333141326904,0.02990313433110714,0.08438511937856674,775,282
37,1233,17,0.7916557192802429,0.5535687208175659,-0.10541725903749466,0.7125047445297241,759,298
37,1233,18,0.8052740097045898,0.5389759540557861,0.025825271382927895,0.10091346502304077,773,291
37,1233,19,0.7891329526901245,0.5502404570579529,-0.10604045540094376,0.7061620950698853,757,297
37,1233,20,0.8014420866966248,0.5394816398620605,0.012804352678358555,0.10116797685623169,769,291
37,1233,21,0.7915857434272766,0.5445272922515869,-0.09375157207250595,0.619504451751709,759,294
37,1233,22,0.8018162846565247,0.5356876850128174,0.022711368277668953,0.09937817603349686,769,289
37,1233,23,0.8034408688545227,0.5339767932891846,-0.04960079491138458,0.999891459941864,771,288
37,1233,24,0.8131958246231079,0.5326184630393982,0.04959048330783844,0.9997524619102478,780,287
37,1233,25,0.7942691445350647,0.6411175727844238,-0.004759735427796841,0.9451351761817932,762,346
37,1233,26,0.8177281618118286,0.642103910446167,0.05240616574883461,0.5005567073822021,785,346
37,1233,27,0.7819458246231079,0.7357325553894043,0.04607830196619034,0.9816672801971436,750,397
37,1233,28,0.8318449854850769,0.7554699778556824,0.08190717548131943,0.7172960638999939,798,407
37,1233,29,0.8023913502693176,0.7769836187362671,0.04807533323764801,0.9459249377250671,770,419
37,1233,30,0.8337250351905823,0.7904558777809143,0.0829770490527153,0.7642208337783813,800,426
37,1233,31,0.7713752388954163,0.7629226446151733,0.011373566463589668,0.9584863781929016,740,411
37,1233,32,0.8043593168258667,0.7832365036010742,0.05622831732034683,0.7214020490646362,772,422
38,1266,0,0.7822456955909729,0.3138541877269745,-0.016865156590938568,0.9824119210243225,750,169
38,1266,1,0.7845668196678162,0.30471470952033997,-0.03030042164027691,0.9859951138496399,753,164
38,1266,2,0.7846264243125916,0.30437642335891724,-0.030398836359381676,0.9879602789878845,753,164
38,1266,3,0.78450608253479,0.30431094765663147,-0.030373280867934227,0.991340160369873,753,164
38,1266,4,0.7860327959060669,0.30446651577949524,-0.014048038981854916,0.9856994152069092,754,164
38,1266,5,0.7871679067611694,0.30435314774513245,-0.014210552908480167,0.9877203702926636,755,164
38,1266,6,0.7880927920341492,0.3040846586227417,-0.014255919493734837,0.988837480545044,756,164
38,1266,7,0.7880863547325134,0.30969712138175964,-0.064495749771595,0.9947354197502136,756,167
38,1266,8,0.7949718832969666,0.3092859387397766,0.007919315248727798,0.9798141121864319,763,167
38,1266,9,0.7841032147407532,0.32374387979507446,-0.02425536885857582,0.9790934920310974,752,174
38,1266,10,0.7858826518058777,0.3235844373703003,-0.0043303403072059155,0.9674582481384277,754,174
38,1266,11,0.7893196940422058,0.36649173498153687,-0.09990320354700089,0.9998101592063904,757,197
38,1266,12,0.808707058429718,0.36595913767814636,0.07029326260089874,0.994207501411438,776,197
38,1266,13,0.7970053553581238,0.45567241311073303,-0.11441364139318466,0.9210950136184692,765,246
38,1266,14,0.8140278458595276,0.45863956212997437,0.07860095053911209,0.0458701029419899,781,247
38,1266,15,0.7857822179794312,0.5292470455169678,-0.08763737231492996,0.7293996214866638,754,285
38,1266,16,0.8039104342460632,0.5208541750907898,0.03415987268090248,0.07814665138721466,771,281
38,1266,17,0.7803048491477966,0.5516562461853027,-0.09690029919147491,0.7083612084388733,749,297
38,1266,18,0.802801787853241,0.5377004742622375,0.026064643636345863,0.09490059316158295,770,290
38,1266,19,0.7785259485244751,0.5496178865432739,-0.09581732749938965,0.7010107636451721,747,296
38,1266,20,0.7987356781959534,0.5381655693054199,0.017722807824611664,0.09500826895236969,766,290
38,1266,21,0.7798634171485901,0.5442487001419067,-0.08510541170835495,0.6124728918075562,748,293
38,1266,22,0.8013938665390015,0.5335953235626221,0.027639364823698997,0.09315172582864761,769,288
38,1266,23,0.7877448201179504,0.5316839218139648,-0.05148795619606972,0.9998983144760132,756,287
38,1266,24,0.8090886473655701,0.5324344038963318,0.05146794393658638,0.9997705817222595,776,287
38,1266,25,0.755813717842102,0.6300481557846069,0.0015172132989391685,0.9497970938682556,725,340
38,1266,26,0.8210718631744385,0.6427421569824219,0.05322173982858658,0.538066029548645,788,347
38,1266,27,0.746721625328064,0.7399638295173645,0.045702461153268814,0.9832394123077393,716,399
38,1266,28,0.8352919816970825,0.7559782862663269,0.08202832192182541,0.7436884045600891,801,408
38,1266,29,0.7522611021995544,0.7726747393608093,0.04675138369202614,0.9503189921379089,722,417
38,1266,30,0.8443465828895569,0.7811200618743896,0.08316124975681305,0.7860861420631409,810,421
38,1266,31,0.7175670266151428,0.7603912353515625,0.0056975847110152245,0.9619712829589844,688,410
38,1266,32,0.8105745911598206,0.7785501480102539,0.05420061573386192,0.7470313310623169,778,420
39,1300,0,0.7819276452064514,0.31383106112480164,-0.029207220301032066,0.9841552376747131,750,169
39,1300,1,0.7840420603752136,0.30462101101875305,-0.04070800170302391,0.9873819351196289,752,164
39,1300,2,0.7845726013183594,0.30437231063842773,-0.040816500782966614,0.9891513586044312,753,164
39,1300,3,0.7846637964248657,0.3042720854282379,-0.04078925773501396,0.9921950697898865,753,164
39,1300,4,0.7847765684127808,0.30445724725723267,-0.024647407233715057,0.9871174693107605,753,164
39,1300,5,0.785464882850647,0.3043197691440582,-0.024811115115880966,0.9889379739761353,754,164
39,1300,6,0.7866334915161133,0.30404287576675415,-0.024864019826054573,0.9899436235427856,755,164
39,1300,7,0.7887570858001709,0.3095357418060303,-0.06604881584644318,0.9952567219734192,757,167
39,1300,8,0.7920584082603455,0.3092724084854126,0.010182792320847511,0.9818132519721985,760,167
39,1300,9,0.7839934825897217,0.32378411293029785,-0.03399474546313286,0.9811456799507141,752,174
39,1300,10,0.7845722436904907,0.32351571321487427,-0.014169957488775253,0.9706526398658752,753,174
39,1300,11,0.790669858455658,0.36434122920036316,-0.10119543224573135,0.999824583530426,759,196
39,1300,12,0.8046442270278931,0.36485064029693604,0.08098124712705612,0.994688093662262,772,197
39,1300,13,0.7959259152412415,0.4491911232471466,-0.1183849573135376,0.9274980425834656,764,242
39,1300,14,0.8047581911087036,0.45456409454345703,0.0944073498249054,0.04262758046388626,772,245
39,1300,15,0.7821847200393677,0.52803635597229,-0.09426534175872803,0.7405938506126404,750,285
39,1300,16,0.8028351068496704,0.5221609473228455,0.048568688333034515,0.07265918701887131,770,281
39,1300,17,0.7771155834197998,0.5504990220069885,-0.10464084148406982,0.7157414555549622,746,297
39,1300,18,0.8000598549842834,0.5363704562187195,0.04277704656124115,0.08961466699838638,768,289
39,1300,19,0.7751807570457458,0.548009991645813,-0.1027892678976059,0.7076566815376282,744,295
39,1300,20,0.7976163029670715,0.5366967916488647,0.03164632245898247,0.0895625501871109,765,289
39,1300,21,0.7775276303291321,0.5423761010169983,-0.091387540102005,0.6193913817405701,746,292
39,1300,22,0.7994319200515747,0.5334603786468506,0.04134640470147133,0.08789774030447006,767,288
39,1300,23,0.7864781022071838,0.5308607220649719,-0.05418451130390167,0.9999049305915833,755,286
39,1300,24,0.8094528913497925,0.5318689942359924,0.05417140573263168,0.9997876882553101,777,287
39,1300,25,0.7510650157928467,0.6276472806930542,-0.003935236483812332,0.9544807076454163,721,338
39,1300,26,0.8203911185264587,0.6423866748809814,0.05311381071805954,0.5773889422416687,787,346
39,1300,27,0.7441527247428894,0.7420950531959534,0.04090004414319992,0.9847904443740845,714,400
39,1300,28,0.8365325927734375,0.7555276155471802,0.08194409310817719,0.7680848240852356,803,407
39,1300,29,0.749090313911438,0.7724728584289551,0.04215844348073006,0.9548170566558838,719,417
39,1300,30,0.8447607159614563,0.7796207070350647,0.08287810534238815,0.8060847520828247,810,420
39,1300,31,0.7164215445518494,0.7600168585777283,0.0004235789238009602,0.9654598236083984,687,410
39,1300,32,0.8111855387687683,0.77763831615448,0.05127694457769394,0.7708104252815247,778,419
40,1333,0,0.7693788409233093,0.3140448033809662,-0.055734287947416306,0.9854097366333008,738,169
40,1333,1,0.7710362076759338,0.3054550290107727,-0.0675431415438652,0.9882444739341736,740,164
40,1333,2,0.7711455225944519,0.30532047152519226,-0.06768742948770523,0.9898691773414612,740,164
40,1333,3,0.7709868550300598,0.3052093982696533,-0.06767430901527405,0.9927204251289368,740,164
40,1333,4,0.772021472454071,0.3055972754955292,-0.047425754368305206,0.9879500865936279,741,165
40,1333,5,0.7726488709449768,0.3056921362876892,-0.047592781484127045,0.9896378517150879,741,165
40,1333,6,0.7731573581695557,0.30559954047203064,-0.04766135662794113,0.9906138777732849,742,165
40,1333,7,0.7749013900756836,0.31135427951812744,-0.0888313576579094,0.9956076741218567,743,168
40,1333,8,0.7779838442802429,0.3119243383407593,0.007237098179757595,0.9827940464019775,746,168
40,1333,9,0.7714598178863525,0.3240789473056793,-0.05929088592529297,0.9826348423957825,740,175
40,1333,10,0.7715102434158325,0.3243294358253479,-0.03409687802195549,0.9728517532348633,740,175
40,1333,11,0.7820312976837158,0.36664798855781555,-0.13347332179546356,0.9998406767845154,750,197
40,1333,12,0.7834427952766418,0.3655227720737457,0.08101579546928406,0.9950958490371704,752,197
40,1333,13,0.7769539952278137,0.46875444054603577,-0.13941530883312225,0.9340863823890686,745,253
40,1333,14,0.790523886680603,0.45460450649261475,0.10393724590539932,0.038572948426008224,758,245
40,1333,15,0.7391942739486694,0.5275741815567017,-0.09907332807779312,0.7621542811393738,709,284
40,1333,16,0.7864433526992798,0.5219462513923645,0.04859291389584541,0.06569080799818039,754,281
40,1333,17,0.7291471362113953,0.5480078458786011,-0.1069742888212204,0.735339343547821,699,295
40,1333,18,0.7917851805686951,0.5400659441947937,0.04278004169464111,0.08126429468393326,760,291
40,1333,19,0.7256115078926086,0.541209876537323,-0.10789592564105988,0.7271939516067505,696,292
40,1333,20,0.786893904209137,0.5404996871948242,0.028802772983908653,0.08124839514493942,755,291
40,1333,21,0.7301284074783325,0.5353372097015381,-0.09686112403869629,0.6370017528533936,700,289
40,1333,22,0.7875701785087585,0.5345367789268494,0.04113082215189934,0.07979327440261841,756,288
40,1333,23,0.7900058627128601,0.5299582481384277,-0.06205044314265251,0.9999115467071533,758,286
40,1333,24,0.7780961990356445,0.5287958979606628,0.06210288032889366,0.9998005628585815,746,285
40,1333,25,0.7996729016304016,0.6318942904472351,-0.058273278176784515,0.9560283422470093,767,341
40,1333,26,0.7470805048942566,0.6186488270759583,0.028282932937145233,0.5708137154579163,717,334
40,1333,27,0.8252596259117126,0.7460833191871643,-0.01966480165719986,0.9836120009422302,792,402
40,1333,28,0.7171406149864197,0.7512827515602112,0.053276676684617996,0.776555061340332,688,405
40,1333,29,0.8353979587554932,0.7730544209480286,-0.02055891789495945,0.9366658926010132,801,417
40,1333,30,0.7193788290023804,0.7677728533744812,0.05270640179514885,0.8047782182693481,690,414
40,1333,31,0.8011009097099304,0.7824488878250122,-0.0996301993727684,0.9649536609649658,769,422
40,1333,32,0.6852622628211975,0.743413507938385,-0.00922961626201868,0.7841411828994751,657,401
41,1366,0,0.7686694860458374,0.3170132339000702,-0.005796895362436771,0.9867913126945496,737,171
41,1366,1,0.7696336507797241,0.30836671590805054,-0.01883196458220482,0.9893173575401306,738,166
41,1366,2,0.769278347492218,0.30842313170433044,-0.018947692587971687,0.9907752275466919,738,166
41,1366,3,0.7687854766845703,0.3084728419780731,-0.018926259130239487,0.9933686256408691,738,166
41,1366,4,0.7716735601425171,0.3082907199859619,0.00026942911790683866,0.9890611171722412,740,166
41,1366,5,0.7726414799690247,0.30837544798851013,0.00010844173084478825,0.9905902147293091,741,166
41,1366,6,0.7735015153884888,0.30826589465141296,5.556092582992278e-05,0.9914881587028503,742,166
41,1366,7,0.7711195349693298,0.31445643305778503,-0.05069732293486595,0.9960104823112488,740,169
41,1366,8,0.7783054113388062,0.31381744146347046,0.0358445979654789,0.9843884110450745,747,169
41,1366,9,0.7696614861488342,0.326124370098114,-0.013455959968268871,0.9842582941055298,738,176
41,1366,10,0.7706747651100159,0.3263683617115021,0.010267130099236965,0.9753904342651367,739,176
41,1366,11,0.7799449563026428,0.367031455039978,-0.11052687466144562,0.9998555779457092,748,198
41,1366,12,0.7831136584281921,0.3656527101993561,0.1068355143070221,0.9955148696899414,751,197
41,1366,13,0.7780411839485168,0.4685801863670349,-0.1332966536283493,0.939885139465332,746,253
41,1366,14,0.7892434597015381,0.4535418152809143,0.12419817596673965,0.035067569464445114,757,244
41,1366,15,0.7410191893577576,0.526138961315155,-0.09647698700428009,0.7798033356666565,711,284
41,1366,16,0.7828617691993713,0.5187840461730957,0.07326895743608475,0.059639688581228256,751,280
41,1366,17,0.730469822883606,0.5435056090354919,-0.10815559327602386,0.7504907846450806,701,293
41,1366,18,0.7827312350273132,0.5395616292953491,0.0691666379570961,0.07407329976558685,751,291
41,1366,19,0.7265011072158813,0.5365955233573914,-0.1035209521651268,0.7415433526039124,697,289
41,1366,20,0.7797223329544067,0.5391250252723694,0.05426395684480667,0.07406158745288849,748,291
41,1366,21,0.7320799231529236,0.5297724008560181,-0.0919799953699112,0.6484025120735168,702,286
41,1366,22,0.780797004699707,0.534085750579834,0.06433384120464325,0.07284615188837051,749,288
41,1366,23,0.7895579934120178,0.5297607183456421,-0.061738330870866776,0.9999186396598816,757,286
41,1366,24,0.7784210443496704,0.5287368893623352,0.061779189854860306,0.9998159408569336,747,285
41,1366,25,0.8073340654373169,0.6352500915527344,-0.06442956626415253,0.9588330388069153,775,343
41,1366,26,0.7389881014823914,0.6159353852272034,0.0173343438655138,0.5734491944313049,709,332
41,1366,27,0.8341562747955322,0.7482069730758667,-0.03162786364555359,0.9834194183349609,800,404
41,1366,28,0.7131439447402954,0.7469266057014465,0.035096727311611176,0.784026563167572,684,403
41,1366,29,0.8452523350715637,0.7730993628501892,-0.03235664218664169,0.9294537305831909,811,417
41,1366,30,0.7148218750953674,0.763256311416626,0.03399858996272087,0.8057413101196289,686,412
41,1366,31,0.8091059923171997,0.7877242565155029,-0.09839630126953125,0.9655932188034058,776,425
41,1366,32,0.6811000108718872,0.7375597357749939,-0.01780254952609539,0.7954694032669067,653,398
42,1400,0,0.7571380138397217,0.3182010352611542,0.011154988780617714,0.9880753755569458,726,171
42,1400,1,0.7564906477928162,0.3099061846733093,-0.004300234839320183,0.9903610348701477,726,167
42,1400,2,0.7553532719612122,0.309884250164032,-0.0044263568706810474,0.9916789531707764,725,167
42,1400,3,0.7541382908821106,0.3098498284816742,-0.0044235484674572945,0.9940186738967896,723,167
42,1400,4,0.7606247067451477,0.3098547160625458,0.010143434628844261,0.9901319146156311,730,167
42,1400,5,0.7624986171722412,0.3098088502883911,0.010009055957198143,0.9915118217468262,731,167
42,1400,6,0.7643892765045166,0.30961018800735474,0.009982767514884472,0.9923193454742432,733,167
42,1400,7,0.7539504170417786,0.3158886730670929,-0.05093318596482277,0.9964056015014648,723,170
42,1400,8,0.7694330811500549,0.31562837958335876,0.019143929705023766,0.9859161376953125,738,170
42,1400,9,0.7566359043121338,0.3270843029022217,-0.001103671034798026,0.9858145713806152,726,176
42,1400,10,0.7596088647842407,0.327090322971344,0.016550172120332718,0.977814257144928,729,176
42,1400,11,0.7600031495094299,0.3695417642593384,-0.10638035088777542,0.9998689889907837,729,199
42,1400,12,0.7778226733207703,0.3685249388217926,0.08662691712379456,0.9959208369255066,746,199
42,1400,13,0.7583906054496765,0.47335702180862427,-0.1219671294093132,0.9456428289413452,728,255
42,1400,14,0.7798264622688293,0.4560316503047943,0.10751377791166306,0.03515022248029709,748,246
42,1400,15,0.713314950466156,0.5163174271583557,-0.08895321190357208,0.8003122210502625,684,278
42,1400,16,0.7670484185218811,0.5153666138648987,0.06703353673219681,0.058505889028310776,736,278
42,1400,17,0.7031790614128113,0.528849720954895,-0.10002585500478745,0.7731018662452698,675,285
42,1400,18,0.7676296830177307,0.5383694767951965,0.06409133225679398,0.07485102862119675,736,290
42,1400,19,0.7005842328071594,0.5203778743743896,-0.09284838289022446,0.7648809552192688,672,281
42,1400,20,0.7645458579063416,0.534649670124054,0.05040638521313667,0.0746471956372261,733,288
42,1400,21,0.7044832706451416,0.5162885189056396,-0.0835455134510994,0.67894047498703,676,278
42,1400,22,0.7646734118461609,0.5297603607177734,0.05931650847196579,0.07356933504343033,734,286
42,1400,23,0.7593154311180115,0.5346699953079224,-0.05595194548368454,0.9999260306358337,728,288
42,1400,24,0.7764017581939697,0.5360221862792969,0.05594571307301521,0.9998328685760498,745,289
42,1400,25,0.7282229661941528,0.632239043712616,0.04567832127213478,0.9624381065368652,699,341
42,1400,26,0.7677124738693237,0.6380975842475891,0.053897395730018616,0.6145167946815491,737,344
42,1400,27,0.6927642226219177,0.7338070273399353,0.10793998837471008,0.9849295616149902,665,396
42,1400,28,0.8132321834564209,0.7484951019287109,0.06099957227706909,0.8053739666938782,780,404
42,1400,29,0.6925628781318665,0.7556354403495789,0.11175183951854706,0.9361585974693298,664,408
42,1400,30,0.8240230083465576,0.764889121055603,0.06268608570098877,0.8249688148498535,791,413
42,1400,31,0.6627963781356812,0.7253190875053406,0.08754189312458038,0.968522310256958,636,391
42,1400,32,0.7940143346786499,0.775397539138794,0.028483491390943527,0.8154022693634033,762,418
43,1433,0,0.7557723522186279,0.3213418126106262,0.018838243559002876,0.9892610311508179,725,173
43,1433,1,0.7541244626045227,0.3123044967651367,0.0026886851992458105,0.9913204908370972,723,168
43,1433,2,0.7525004744529724,0.31231874227523804,0.0025772652588784695,0.9925075173377991,722,168
43,1433,3,0.7509647607803345,0.31231117248535156,0.002584111411124468,0.9946142435073853,720,168
43,1433,4,0.7588788866996765,0.3122926354408264,0.015783164650201797,0.9911150336265564,728,168
43,1433,5,0.7605507969856262,0.31224995851516724,0.015648027881979942,0.9923576712608337,730,168
43,1433,6,0.7623510360717773,0.3120451867580414,0.015616727992892265,0.9930843114852905,731,168
43,1433,7,0.7508969902992249,0.31851640343666077,-0.04887203872203827,0.9967643022537231,720,171
43,1433,8,0.7666314244270325,0.31721633672714233,0.013747475109994411,0.9873198866844177,735,171
43,1433,9,0.7542294859886169,0.32999640703201294,0.005005475599318743,0.9872300028800964,724,178
43,1433,10,0.7584265470504761,0.3301403522491455,0.020904947072267532,0.9800268411636353,728,178
43,1433,11,0.7584086656570435,0.3720519244670868,-0.10247491300106049,0.9998816847801208,728,200
43,1433,12,0.7766437530517578,0.371756911277771,0.06240547448396683,0.9963148832321167,745,200
43,1433,13,0.7570064067840576,0.4759044945240021,-0.11393390595912933,0.9509986639022827,726,256
43,1433,14,0.7834987044334412,0.46477028727531433,0.0757022425532341,0.04866335913538933,752,250
43,1433,15,0.7136001586914062,0.5111564993858337,-0.0816589742898941,0.8195701241493225,685,276
43,1433,16,0.7661001682281494,0.5160082578659058,0.05817655473947525,0.05813683196902275,735,278
43,1433,17,0.7031731009483337,0.5239638090133667,-0.09072115272283554,0.7946023941040039,675,282
43,1433,18,0.764126181602478,0.5375255942344666,0.058291029185056686,0.07489875704050064,733,290
43,1433,19,0.6994673609733582,0.5158748626708984,-0.08400247246026993,0.7871190905570984,671,278
43,1433,20,0.7618216872215271,0.5342199802398682,0.04995197430253029,0.0743202194571495,731,288
43,1433,21,0.7037323713302612,0.5115323066711426,-0.07635950297117233,0.7085892558097839,675,276
43,1433,22,0.7624332904815674,0.5289823412895203,0.05306652560830116,0.07367675751447678,731,285
43,1433,23,0.7571887969970703,0.5388931632041931,-0.050777338445186615,0.9999329447746277,726,291
43,1433,24,0.7770892381668091,0.541492223739624,0.050753843039274216,0.9998486638069153,746,292
43,1433,25,0.7231142520904541,0.6312239766120911,0.043743979185819626,0.9660161733627319,694,340
43,1433,26,0.7692126035690308,0.6439429521560669,0.04368741065263748,0.6524701714515686,738,347
43,1433,27,0.6883848309516907,0.7295141220092773,0.09215337783098221,0.9863743185997009,660,393
43,1433,28,0.8267739415168762,0.7484563589096069,0.051697153598070145,0.8246818780899048,793,404
43,1433,29,0.6876196265220642,0.7500976324081421,0.09487726539373398,0.9424071907997131,660,405
43,1433,30,0.8369944095611572,0.7637004256248474,0.05244772881269455,0.842374324798584,803,412
43,1433,31,0.6566581726074219,0.718414843082428,0.07456348091363907,0.9714487791061401,630,387
43,1433,32,0.8077793121337891,0.7838883996009827,0.0342816486954689,0.8335490226745605,775,423
44,1466,0,0.7394256591796875,0.323356032371521,0.0056145405396819115,0.9900929927825928,709,174
44,1466,1,0.7389863133430481,0.3149227499961853,-0.009299946948885918,0.9920288324356079,709,170
44,1466,2,0.7380160689353943,0.31481805443763733,-0.009419545531272888,0.9931278228759766,708,170
44,1466,3,0.7369565367698669,0.31472280621528625,-0.009420416317880154,0.9950650334358215,707,169
44,1466,4,0.7422304153442383,0.31513461470603943,0.00583348423242569,0.9918555021286011,712,170
44,1466,5,0.7435987591743469,0.3150826096534729,0.005685982760041952,0.9929945468902588,713,170
44,1466,6,0.7450793385505676,0.3148764669895172,0.005641379859298468,0.9936608672142029,715,170
44,1466,7,0.7368069887161255,0.3208942115306854,-0.05349535495042801,0.9970587491989136,707,173
44,1466,8,0.7496356964111328,0.3200733959674835,0.01359270978718996,0.9883815050125122,719,172
44,1466,9,0.7390309572219849,0.33202460408210754,-0.005762122105807066,0.9884015917778015,709,179
44,1466,10,0.7417531609535217,0.3324005901813507,0.012575664557516575,0.9818229675292969,712,179
44,1466,11,0.7452936172485352,0.37597566843032837,-0.10366272181272507,0.9998912215232849,715,203
44,1466,12,0.7591895461082458,0.3776230216026306,0.06874999403953552,0.9966336488723755,728,203
44,1466,13,0.7373045086860657,0.4798475503921509,-0.10981056839227676,0.9550830721855164,707,259
44,1466,14,0.7618784308433533,0.47095930576324463,0.08821197599172592,0.04471195116639137,731,254
44,1466,15,0.6955585479736328,0.5053637623786926,-0.06006990745663643,0.8333368897438049,667,272
44,1466,16,0.7469221353530884,0.5204753279685974,0.06100332736968994,0.05542741343379021,717,281
44,1466,17,0.6840279698371887,0.5144869089126587,-0.06693676114082336,0.8087594509124756,656,277
44,1466,18,0.7449289560317993,0.5421938896179199,0.05894226208329201,0.07293621450662613,715,292
44,1466,19,0.6820146441459656,0.5044049024581909,-0.05963963642716408,0.8015616536140442,654,272
44,1466,20,0.7414114475250244,0.5362110137939453,0.0468665175139904,0.07240229845046997,711,289
44,1466,21,0.6859105825424194,0.5018431544303894,-0.053838178515434265,0.726172685623169,658,270
44,1466,22,0.7420350313186646,0.5319370627403259,0.05405837297439575,0.07197364419698715,712,287
44,1466,23,0.7425104379653931,0.5391612648963928,-0.051388103514909744,0.9999387860298157,712,291
44,1466,24,0.7593693137168884,0.5415713787078857,0.05136774107813835,0.9998624920845032,728,292
44,1466,25,0.7066370844841003,0.6291263103485107,0.04030516371130943,0.9655442833900452,678,339
44,1466,26,0.7799385190010071,0.6475609540939331,0.020081335678696632,0.6836281418800354,748,349
44,1466,27,0.6783002614974976,0.7252802848815918,0.09534039348363876,0.9863386154174805,651,391
44,1466,28,0.82625412940979,0.7459357976913452,0.02042064256966114,0.8411489129066467,793,402
44,1466,29,0.6768868565559387,0.7455012798309326,0.09863679856061935,0.945263683795929,649,402
44,1466,30,0.8353673815727234,0.7594332098960876,0.020405815914273262,0.8574286699295044,801,410
44,1466,31,0.6566091775894165,0.7345604300498962,0.0764722153544426,0.970730185508728,630,396
44,1466,32,0.8100429177284241,0.7868656516075134,-0.0007987766875885427,0.8483917117118835,777,424
45,1500,0,0.7371975779533386,0.32460203766822815,-0.013327992521226406,0.9909188747406006,707,175
45,1500,1,0.7360132336616516,0.3156140446662903,-0.028323622420430183,0.9927340745925903,706,170
45,1500,2,0.7348455190658569,0.31549331545829773,-0.02845936454832554,0.9937412738800049,705,170
45,1500,3,0.733699381351471,0.3153683841228485,-0.028475431725382805,0.9955083727836609,704,170
45,1500,4,0.740239143371582,0.3158978819847107,-0.014248472638428211,0.9925852417945862,710,170
45,1500,5,0.741918683052063,0.31590625643730164,-0.014410166069865227,0.993623673915863,712,170
45,1500,6,0.7436442971229553,0.3157505989074707,-0.014469887129962444,0.9942298531532288,713,170
45,1500,7,0.7343984842300415,0.32175010442733765,-0.07066068053245544,0.9973365664482117,705,173
45,1500,8,0.748332679271698,0.32096973061561584,-0.0064819674007594585,0.9894222021102905,718,173
45,1500,9,0.7366464734077454,0.33354151248931885,-0.024534087628126144,0.9894893169403076,707,180
45,1500,10,0.7402351498603821,0.3342638611793518,-0.007392138242721558,0.9835050106048584,710,180
45,1500,11,0.7437669038772583,0.3791097402572632,-0.11244659125804901,0.9999000430107117,714,204
45,1500,12,0.7572532892227173,0.38146594166755676,0.05161844566464424,0.9969146251678467,726,205
45,1500,13,0.7373067140579224,0.47909846901893616,-0.11968231201171875,0.9588057994842529,707,258
45,1500,14,0.7586348652839661,0.4689214825630188,0.0794159471988678,0.04109026491641998,728,253
45,1500,15,0.6951368451118469,0.5028755068778992,-0.07186625897884369,0.844763457775116,667,271
45,1500,16,0.7489960193634033,0.5219329595565796,0.059944700449705124,0.05169728398323059,719,281
45,1500,17,0.6842585802078247,0.5116339921951294,-0.07773087173700333,0.8206422328948975,656,276
45,1500,18,0.7485644221305847,0.544030487537384,0.05868349224328995,0.06904540956020355,718,293
45,1500,19,0.6827364563941956,0.5013749003410339,-0.06744742393493652,0.8138192296028137,655,270
45,1500,20,0.7450474500656128,0.5406624674797058,0.04444006457924843,0.0686383917927742,715,291
45,1500,21,0.6869648098945618,0.49863937497138977,-0.06077553704380989,0.7409374117851257,659,269
45,1500,22,0.745167076587677,0.5355235934257507,0.05260632559657097,0.0684593990445137,715,289
45,1500,23,0.7406342029571533,0.5397330522537231,-0.04813024029135704,0.9999444484710693,711,291
45,1500,24,0.7572972178459167,0.5417847633361816,0.04811728745698929,0.999875545501709,727,292
45,1500,25,0.7053738236427307,0.6270691752433777,0.04836205020546913,0.9664599895477295,677,338
45,1500,26,0.7827300429344177,0.6484473943710327,0.013085125014185905,0.7135094404220581,751,350
45,1500,27,0.6781608462333679,0.7223089933395386,0.10230092704296112,0.9870446920394897,651,390
45,1500,28,0.8255245685577393,0.744472861289978,0.017969276756048203,0.8565860390663147,792,402
45,1500,29,0.6760759949684143,0.7409824132919312,0.10531874746084213,0.9494576454162598,649,400
45,1500,30,0.8365930318832397,0.7561286091804504,0.018348630517721176,0.8713365197181702,803,408
45,1500,31,0.6658003926277161,0.7358382344245911,0.07804383337497711,0.97182697057724,639,397
45,1500,32,0.8128845691680908,0.7852701544761658,-0.008337926119565964,0.8627177476882935,780,424
46,1533,0,0.717767596244812,0.3245019316673279,-0.060168489813804626,0.9916107058525085,689,175
46,1533,1,0.7203636765480042,0.31557580828666687,-0.06910876929759979,0.9931554198265076,691,170
46,1533,2,0.720873236656189,0.3154999613761902,-0.06926291435956955,0.9940518140792847,692,170
46,1533,3,0.7211715579032898,0.3154106140136719,-0.06928353756666183,0.9957550764083862,692,170
46,1533,4,0.7201564908027649,0.31581687927246094,-0.05132746323943138,0.9929288029670715,691,170
46,1533,5,0.7204164266586304,0.31585028767585754,-0.0514981672167778,0.9938479661941528,691,170
46,1533,6,0.7205283641815186,0.31570515036582947,-0.05157666653394699,0.9944826364517212,691,170
46,1533,7,0.724442183971405,0.32193130254745483,-0.08287252485752106,0.9975038170814514,695,173
46,1533,8,0.7247002720832825,0.3213595449924469,-0.005231120623648167,0.9895925521850586,695,173
46,1533,9,0.7200273275375366,0.3340784013271332,-0.06117840111255646,0.9902517199516296,691,180
46,1533,10,0.7188271284103394,0.3345058858394623,-0.03917553648352623,0.9845833778381348,690,180
46,1533,11,0.7295641303062439,0.37947508692741394,-0.12119658291339874,0.9999078512191772,700,204
46,1533,12,0.728992223739624,0.3821081817150116,0.07069256156682968,0.9971225261688232,699,206
46,1533,13,0.725540816783905,0.47735273838043213,-0.13876886665821075,0.9619720578193665,696,257
46,1533,14,0.7380644083023071,0.46865981817245483,0.09239823371171951,0.037295978516340256,708,253
46,1533,15,0.6797869205474854,0.5018788576126099,-0.11633311212062836,0.8536611199378967,652,271
46,1533,16,0.7336242198944092,0.5320447683334351,0.050870440900325775,0.046855177730321884,704,287
46,1533,17,0.6673875451087952,0.5127987861633301,-0.13344450294971466,0.8260216116905212,640,276
46,1533,18,0.7387526035308838,0.5538163781166077,0.04611780494451523,0.06272366642951965,709,299
46,1533,19,0.664880633354187,0.5030232667922974,-0.12333650141954422,0.818157434463501,638,271
46,1533,20,0.7345066070556641,0.5534367561340332,0.030853232368826866,0.06236916407942772,705,298
46,1533,21,0.6697703003883362,0.4991360604763031,-0.10958896577358246,0.7372562289237976,642,269
46,1533,22,0.7348770499229431,0.5458679795265198,0.042132534086704254,0.062257420271635056,705,294
46,1533,23,0.739000678062439,0.5412594676017761,-0.05696569383144379,0.999949038028717,709,292
46,1533,24,0.7263436913490295,0.5414175987243652,0.056937895715236664,0.9998859763145447,697,292
46,1533,25,0.7427836656570435,0.6501386165618896,-0.08068970590829849,0.966971755027771,713,351
46,1533,26,0.68966144323349,0.6411800980567932,0.025767672806978226,0.6932501196861267,662,346
46,1533,27,0.8074488043785095,0.7252901792526245,-0.01812201552093029,0.9803916215896606,775,391
46,1533,28,0.6686530709266663,0.7471054196357727,0.07060491293668747,0.8543018102645874,641,403
46,1533,29,0.8196055889129639,0.7348290085792542,-0.014970391057431698,0.9194453358650208,786,396
46,1533,30,0.6719893217086792,0.7694248557090759,0.07170326262712479,0.8617141842842102,645,415
46,1533,31,0.8026919960975647,0.7791749835014343,-0.06970087438821793,0.9631752967834473,770,420
46,1533,32,0.6405687928199768,0.7673461437225342,0.008137059397995472,0.861417829990387,614,414
47,1566,0,0.7176893353462219,0.32463109493255615,-0.1066320389509201,0.9923985004425049,688,175
47,1566,1,0.7202571034431458,0.3162033259868622,-0.11299452930688858,0.9937669038772583,691,170
47,1566,2,0.7207160592079163,0.3162272274494171,-0.11315469443798065,0.9945712089538574,691,170
47,1566,3,0.7210447192192078,0.3162117600440979,-0.11316442489624023,0.9961257576942444,692,170
47,1566,4,0.7199071645736694,0.3162931799888611,-0.09642166644334793,0.9935557842254639,691,170
47,1566,5,0.720026969909668,0.3163442313671112,-0.09660082310438156,0.9943820238113403,691,170
47,1566,6,0.7200086712837219,0.31618940830230713,-0.09668903797864914,0.9949672818183899,691,170
47,1566,7,0.7242771983146667,0.3229350745677948,-0.11178935319185257,0.9977200627326965,695,174
47,1566,8,0.7234090566635132,0.3220463693141937,-0.03678601235151291,0.9904012680053711,694,173
47,1566,9,0.719126284122467,0.3346428871154785,-0.10240070521831512,0.9911309480667114,690,180
47,1566,10,0.7177660465240479,0.33470138907432556,-0.08199675381183624,0.9859656095504761,689,180
47,1566,11,0.7304918766021729,0.3801020085811615,-0.1445961743593216,0.999915599822998,701,205
47,1566,12,0.7239347100257874,0.3821101784706116,0.05750222131609917,0.9973652958869934,694,206
47,1566,13,0.7242690324783325,0.47661837935447693,-0.16237647831439972,0.9649643898010254,695,257
47,1566,14,0.7353364825248718,0.46800553798675537,0.0795016810297966,0.03409114107489586,705,252
47,1566,15,0.6796959638595581,0.5012891292572021,-0.1475646197795868,0.8618917465209961,652,270
47,1566,16,0.7352573871612549,0.5344328880310059,0.021637767553329468,0.04269539192318916,705,288
47,1566,17,0.6672737002372742,0.5129565000534058,-0.16654084622859955,0.8313724398612976,640,276
47,1566,18,0.7364360094070435,0.5552034378051758,0.014625965617597103,0.05738292634487152,706,299
47,1566,19,0.663844645023346,0.503473162651062,-0.1586141586303711,0.8231879472732544,637,271
47,1566,20,0.733908474445343,0.5555950403213501,-0.0011922924313694239,0.05709579214453697,704,300
47,1566,21,0.6684600114822388,0.4990602135658264,-0.14227691292762756,0.7371480464935303,641,269
47,1566,22,0.7339176535606384,0.5480159521102905,0.012520675547420979,0.05702764540910721,704,295
47,1566,23,0.7395129799842834,0.5416486263275146,-0.06008411571383476,0.999953031539917,709,292
47,1566,24,0.7236371636390686,0.5407015681266785,0.06005425006151199,0.9998952746391296,694,291
47,1566,25,0.7522300481796265,0.6561928987503052,-0.09538727253675461,0.9684522747993469,722,354
47,1566,26,0.6855538487434387,0.6366459131240845,0.028051050379872322,0.6888970136642456,658,343
47,1566,27,0.8150361776351929,0.7277390360832214,-0.03496595099568367,0.9767051339149475,782,392
47,1566,28,0.6649172306060791,0.7495231628417969,0.07055773586034775,0.8593254089355469,638,404
47,1566,29,0.8271177411079407,0.7343483567237854,-0.032242193818092346,0.8990360498428345,794,396
47,1566,30,0.6672743558883667,0.7749723196029663,0.0710504800081253,0.8591135144233704,640,418
47,1566,31,0.8124423623085022,0.7861225008964539,-0.0934869572520256,0.9596657156944275,779,424
47,1566,32,0.6382753849029541,0.7605767250061035,0.014013768173754215,0.8667799234390259,612,410
48,1600,0,0.7030555605888367,0.3247232437133789,-0.10392985492944717,0.9930749535560608,674,175
48,1600,1,0.7047949433326721,0.31638678908348083,-0.11111786961555481,0.9942759871482849,676,170
48,1600,2,0.7047665119171143,0.3163471221923828,-0.11128462105989456,0.994994044303894,676,170
48,1600,3,0.7046955823898315,0.3162789046764374,-0.11129997670650482,0.9964345693588257,676,170
48,1600,4,0.7056702971458435,0.3166191279888153,-0.09452129900455475,0.994046688079834,677,170
48,1600,5,0.7062116265296936,0.31671056151390076,-0.09469347447156906,0.9947763681411743,677,171
48,1600,6,0.7066289186477661,0.3166182041168213,-0.09476470202207565,0.9953262805938721,678,170
48,1600,7,0.7076828479766846,0.322904109954834,-0.11424925923347473,0.9978965520858765,679,174
48,1600,8,0.7099006772041321,0.3227965235710144,-0.0389334075152874,0.9908205270767212,681,174
48,1600,9,0.7041432857513428,0.33462798595428467,-0.10107997059822083,0.991840660572052,675,180
48,1600,10,0.7039026618003845,0.3348029851913452,-0.08055396378040314,0.9869968891143799,675,180
48,1600,11,0.713492751121521,0.37983599305152893,-0.14967456459999084,0.9999213814735413,684,205
48,1600,12,0.7134016156196594,0.38151127099990845,0.05532125383615494,0.9975431561470032,684,206
48,1600,13,0.7081676125526428,0.4768933355808258,-0.168131023645401,0.9669868350028992,679,257
48,1600,14,0.721394956111908,0.4682376980781555,0.07632291316986084,0.0310575719922781,692,252
48,1600,15,0.6615211367607117,0.5025032162666321,-0.15120229125022888,0.8651082515716553,635,271
48,1600,16,0.7210729718208313,0.5362403988838196,0.02345030941069126,0.03886241093277931,692,289
48,1600,17,0.649359405040741,0.5147954821586609,-0.17009934782981873,0.8300237059593201,623,277
48,1600,18,0.7196911573410034,0.5549739599227905,0.017950570210814476,0.05242123454809189,690,299
48,1600,19,0.6474183201789856,0.5054997801780701,-0.16193225979804993,0.8212742805480957,621,272
48,1600,20,0.7146295309066772,0.5553795099258423,0.0005969891208223999,0.052194979041814804,686,299
48,1600,21,0.6520054936408997,0.501300573348999,-0.1460113227367401,0.7278574705123901,625,270
48,1600,22,0.7153531908988953,0.5478888154029846,0.013688746839761734,0.05218202620744705,686,295
48,1600,23,0.7217140793800354,0.5423874258995056,-0.06227223947644234,0.9999558925628662,692,292
48,1600,24,0.7083806395530701,0.5404942631721497,0.06222888454794884,0.999902606010437,680,291
48,1600,25,0.7367779612541199,0.6573865413665771,-0.09977852553129196,0.9679944515228271,707,354
48,1600,26,0.6696326732635498,0.6304282546043396,0.028936324641108513,0.6742056012153625,642,340
48,1600,27,0.7921639084815979,0.720661997795105,-0.023204393684864044,0.9636394381523132,760,389
48,1600,28,0.6589996814727783,0.750640332698822,0.07250261306762695,0.8550170063972473,632,405
48,1600,29,0.8001501560211182,0.7183178067207336,-0.018352065235376358,0.8629403114318848,768,387
48,1600,30,0.6630052328109741,0.7761938571929932,0.07305507361888885,0.8479723334312439,636,419
48,1600,31,0.7906702160835266,0.7823869585990906,-0.06273899972438812,0.9409127831459045,759,422
48,1600,32,0.6270667910575867,0.7617809176445007,0.01825844682753086,0.8597074151039124,601,411
49,1633,0,0.7006236910820007,0.32467901706695557,-0.1127103865146637,0.9937370419502258,672,175
49,1633,1,0.702907383441925,0.31629377603530884,-0.12002070993185043,0.9948099255561829,674,170
49,1633,2,0.7031306624412537,0.31625354290008545,-0.12018352001905441,0.9954550862312317,675,170
49,1633,3,0.7032183408737183,0.3161873519420624,-0.12019185721874237,0.9967634081840515,675,170
49,1633,4,0.7031519412994385,0.3165103495121002,-0.10310883820056915,0.9945946931838989,675,170
49,1633,5,0.7034305334091187,0.3165944218635559,-0.10328377783298492,0.9952498078346252,675,170
49,1633,6,0.703576385974884,0.3164941370487213,-0.10335870087146759,0.9957500696182251,675,170
49,1633,7,0.7062432765960693,0.3228474259376526,-0.12237761169672012,0.9980918169021606,677,174
49,1633,8,0.7062802910804749,0.32261037826538086,-0.045959942042827606,0.991597592830658,678,174
49,1633,9,0.7022385001182556,0.3348068296909332,-0.10961399972438812,0.9926089644432068,674,180
49,1633,10,0.7014473080635071,0.33480140566825867,-0.08876311033964157,0.9882034063339233,673,180
49,1633,11,0.7113471627235413,0.3797633647918701,-0.1548173874616623,0.9999280571937561,682,205
49,1633,12,0.7103173136711121,0.38113299012184143,0.04986093193292618,0.9977520704269409,681,205
49,1633,13,0.7078514099121094,0.477283775806427,-0.1671341210603714,0.9697377681732178,679,257
49,1633,14,0.7175797820091248,0.4688384234905243,0.07217608392238617,0.028474263846874237,688,253
49,1633,15,0.6621417999267578,0.5029608607292175,-0.14413399994373322,0.8738530874252319,635,271
49,1633,16,0.7166702151298523,0.5382782816886902,0.018589532002806664,0.035598717629909515,688,290
49,1633,17,0.6507152318954468,0.5154725909233093,-0.16140657663345337,0.8377045392990112,624,278
49,1633,18,0.7156466841697693,0.5564700961112976,0.013175933621823788,0.04834339767694473,687,300
49,1633,19,0.6475255489349365,0.5056623220443726,-0.1534859836101532,0.8288640379905701,621,273
49,1633,20,0.710677981376648,0.5563870668411255,-0.003854074515402317,0.04817354679107666,682,300
49,1633,21,0.652120053768158,0.5013864040374756,-0.13869519531726837,0.7340347170829773,626,270
49,1633,22,0.7113584876060486,0.5487667322158813,0.009037709794938564,0.04822772368788719,682,296
49,1633,23,0.7204612493515015,0.5426843166351318,-0.0620146244764328,0.999959409236908,691,293
49,1633,24,0.7066110968589783,0.5404955744743347,0.06198076903820038,0.9999107122421265,678,291
49,1633,25,0.7360497117042542,0.6581627726554871,-0.09454541653394699,0.9703409075737,706,355
49,1633,26,0.6693477034568787,0.6292300820350647,0.032156962901353836,0.6888883709907532,642,339
49,1633,27,0.789166271686554,0.7203248143196106,-0.012781248427927494,0.9636476635932922,757,388
49,1633,28,0.6597697138786316,0.7514212727546692,0.071379154920578,0.8643407821655273,633,405
49,1633,29,0.7958211302757263,0.7186260223388672,-0.0073451753705739975,0.8578494787216187,763,388
49,1633,30,0.6648555397987366,0.7780932784080505,0.07214358448982239,0.8530287146568298,638,420
49,1633,31,0.7974026203155518,0.7791324853897095,-0.05267464369535446,0.9411235451698303,765,420
49,1633,32,0.6272593140602112,0.7631188631057739,0.019974328577518463,0.8681241869926453,602,412
50,1666,0,0.6876183152198792,0.3246186673641205,-0.02924257330596447,0.99432373046875,660,175
50,1666,1,0.6892386078834534,0.3162308931350708,-0.040341950953006744,0.9953050017356873,661,170
50,1666,2,0.6889179944992065,0.31618285179138184,-0.04044074937701225,0.9958913326263428,661,170
50,1666,3,0.6884155869483948,0.31611713767051697,-0.040395330637693405,0.9970690011978149,660,170
50,1666,4,0.6910597681999207,0.31648075580596924,-0.0222744420170784,0.9951159954071045,663,170
50,1666,5,0.6919011473655701,0.3165137767791748,-0.022419391199946404,0.995711624622345,664,170
50,1666,6,0.6928449869155884,0.31631165742874146,-0.02247910015285015,0.9961605072021484,665,170
50,1666,7,0.6911075115203857,0.32277217507362366,-0.06738720834255219,0.9982773661613464,663,174
50,1666,8,0.6973556876182556,0.3225778639316559,0.012944483198225498,0.9924193620681763,669,174
50,1666,9,0.6889231204986572,0.33476701378822327,-0.035141054540872574,0.9933257102966309,661,180
50,1666,10,0.6902340650558472,0.3347820043563843,-0.013114605098962784,0.9893479347229004,662,180
50,1666,11,0.6987916827201843,0.37954774498939514,-0.11611059308052063,0.9999338984489441,670,204
50,1666,12,0.704825758934021,0.3809339106082916,0.07765941321849823,0.9979294538497925,676,205
50,1666,13,0.6998388767242432,0.4770642817020416,-0.14189361035823822,0.9727384448051453,671,257
50,1666,14,0.70761638879776,0.47088858485221863,0.09507174044847488,0.0437697172164917,679,254
50,1666,15,0.6535552144050598,0.5045268535614014,-0.13304941356182098,0.8861698508262634,627,272
50,1666,16,0.6971675753593445,0.5362951159477234,0.05559414252638817,0.03644641116261482,669,289
50,1666,17,0.642208456993103,0.5179975628852844,-0.1456231325864792,0.8534268140792847,616,279
50,1666,18,0.6927492618560791,0.554946780204773,0.05110352113842964,0.04855085909366608,665,299
50,1666,19,0.6385853290557861,0.5091092586517334,-0.13581137359142303,0.8454398512840271,613,274
50,1666,20,0.6909971833229065,0.5553574562072754,0.03806567192077637,0.04860488697886467,663,299
50,1666,21,0.6426199674606323,0.5035055875778198,-0.12633351981639862,0.7596268653869629,616,271
50,1666,22,0.6941325664520264,0.5472902655601501,0.04778885468840599,0.049138374626636505,666,295
50,1666,23,0.6930524110794067,0.541779100894928,-0.061652764678001404,0.999963104724884,665,292
50,1666,24,0.7037675976753235,0.5411445498466492,0.06159265339374542,0.9999187588691711,675,292
50,1666,25,0.6596776247024536,0.6438378095626831,-0.02141937054693699,0.9732497930526733,633,347
50,1666,26,0.7023448944091797,0.6550950407981873,0.0299979355186224,0.7196898460388184,674,353
50,1666,27,0.6600520610809326,0.7472615242004395,0.035141460597515106,0.9672542214393616,633,403
50,1666,28,0.7569847106933594,0.7159712910652161,0.05394534394145012,0.8777955770492554,726,386
50,1666,29,0.6678396463394165,0.7693935036659241,0.039404742419719696,0.871963381767273,641,415
50,1666,30,0.7694321870803833,0.7108808755874634,0.05597567558288574,0.8676326274871826,738,383
50,1666,31,0.628433883190155,0.7754129767417908,-0.0026661420706659555,0.9469386339187622,603,418
50,1666,32,0.7579251527786255,0.7512781620025635,0.018045075237751007,0.8811445832252502,727,405
51,1700,0,0.6877937316894531,0.3246515691280365,-0.019009651616215706,0.9948771595954895,660,175
51,1700,1,0.6883504390716553,0.3161872923374176,-0.030394263565540314,0.9957669973373413,660,170
51,1700,2,0.6879043579101562,0.31615591049194336,-0.030501900240778923,0.9962958097457886,660,170
51,1700,3,0.6875296235084534,0.3161001205444336,-0.030473917722702026,0.9973568320274353,660,170
51,1700,4,0.6902278661727905,0.31640076637268066,-0.015030485577881336,0.9955971240997314,662,170
51,1700,5,0.6915971636772156,0.31643205881118774,-0.015179431065917015,0.9961341619491577,663,170
51,1700,6,0.6924570798873901,0.3162255585193634,-0.015229374170303345,0.9965379238128662,664,170
51,1700,7,0.6898056268692017,0.3227955102920532,-0.060082025825977325,0.9984479546546936,662,174
51,1700,8,0.6967523097991943,0.32245078682899475,0.009085150435566902,0.993166983127594,668,174
51,1700,9,0.6884723901748657,0.3348833918571472,-0.025447852909564972,0.9939819574356079,660,180
51,1700,10,0.6901123523712158,0.33492887020111084,-0.006821782793849707,0.9903910756111145,662,180
51,1700,11,0.6962432861328125,0.37926575541496277,-0.10478896647691727,0.9999399185180664,668,204
51,1700,12,0.7064620852470398,0.3808300793170929,0.07338941097259521,0.9980963468551636,678,205
51,1700,13,0.6957837343215942,0.4767973721027374,-0.12210238724946976,0.9752883315086365,667,257
51,1700,14,0.7071458697319031,0.4722496569156647,0.09233596920967102,0.041770949959754944,678,255
51,1700,15,0.6512635946273804,0.5056226253509521,-0.09592439234256744,0.8969641923904419,625,273
51,1700,16,0.6974495053291321,0.5362453460693359,0.06346658617258072,0.0379982553422451,669,289
51,1700,17,0.6403539180755615,0.5204218626022339,-0.1052708700299263,0.8672012686729431,614,281
51,1700,18,0.6960975527763367,0.5563606023788452,0.060486774891614914,0.051774654537439346,668,300
51,1700,19,0.6368638873100281,0.5112981796264648,-0.09745582193136215,0.859993577003479,611,276
51,1700,20,0.6909412741661072,0.5541110038757324,0.04836989566683769,0.05197814106941223,663,299
51,1700,21,0.6408473253250122,0.5053145885467529,-0.09002608805894852,0.782034158706665,615,272
51,1700,22,0.6941038966178894,0.549639105796814,0.05644494667649269,0.05279842019081116,666,296
51,1700,23,0.6889030933380127,0.5417088866233826,-0.056640129536390305,0.9999665021896362,661,292
51,1700,24,0.7037843465805054,0.5427901744842529,0.05660179629921913,0.9999260306358337,675,293
51,1700,25,0.6552263498306274,0.6375623941421509,0.0036252515856176615,0.9755370020866394,629,344
51,1700,26,0.7092701196670532,0.6628450155258179,0.03612493351101875,0.7468731999397278,680,357
51,1700,27,0.6556797027587891,0.7524807453155518,0.05539747327566147,0.9703460931777954,629,406
51,1700,28,0.7672768831253052,0.7078163623809814,0.07179008424282074,0.8896296620368958,736,382
51,1700,29,0.6631144285202026,0.7774624228477478,0.058960411697626114,0.8841845989227295,636,419
51,1700,30,0.778634786605835,0.7011491656303406,0.07649029791355133,0.8806197047233582,747,378
51,1700,31,0.6244729161262512,0.7735956311225891,0.024348068982362747,0.9518356323242188,599,417
51,1700,32,0.7732235789299011,0.7410349249839783,0.05768469721078873,0.8924704790115356,742,400
52,1733,0,0.6695739030838013,0.3240979015827179,-0.03373710438609123,0.9952292442321777,642,175
52,1733,1,0.6713360548019409,0.31531858444213867,-0.043996986001729965,0.9960950613021851,644,170
52,1733,2,0.6715925931930542,0.31532952189445496,-0.044127658009529114,0.9965795278549194,644,170
52,1733,3,0.671693742275238,0.3152964413166046,-0.04411567002534866,0.9975582957267761,644,170
52,1733,4,0.6716741919517517,0.3153868019580841,-0.028540508821606636,0.9959282875061035,644,170
52,1733,5,0.672136127948761,0.31539762020111084,-0.02869645319879055,0.9964169263839722,645,170
52,1733,6,0.6723754405975342,0.3152065873146057,-0.02875414490699768,0.9967911243438721,645,170
52,1733,7,0.6762061715126038,0.3201558291912079,-0.0667336955666542,0.9985805749893188,649,172
52,1733,8,0.6774045825004578,0.32003822922706604,0.002685974584892392,0.993681788444519,650,172
52,1733,9,0.6724425554275513,0.333760529756546,-0.03799397125840187,0.994465708732605,645,180
52,1733,10,0.672575056552887,0.333825021982193,-0.018753353506326675,0.991081714630127,645,180
52,1733,11,0.6849210262298584,0.37466147541999817,-0.10822951048612595,0.9999437928199768,657,202
52,1733,12,0.6922633647918701,0.3762625455856323,0.07166457176208496,0.9981191754341125,664,203
52,1733,13,0.6884461045265198,0.47286278009414673,-0.12824572622776031,0.9770660996437073,660,255
52,1733,14,0.6876683831214905,0.4711587429046631,0.09111049026250839,0.03803854435682297,660,254
52,1733,15,0.6486985683441162,0.513581395149231,-0.09573624283075333,0.9028584957122803,622,277
52,1733,16,0.6782037019729614,0.5343114733695984,0.0484265498816967,0.03482528030872345,651,288
52,1733,17,0.6376203894615173,0.5311514735221863,-0.10538538545370102,0.8744823336601257,612,286
52,1733,18,0.6748014092445374,0.5481486320495605,0.04299444705247879,0.04777000471949577,647,296
52,1733,19,0.6331765651702881,0.5227710008621216,-0.09909901767969131,0.8678023219108582,607,282
52,1733,20,0.6716428995132446,0.5475926995277405,0.03195348009467125,0.047978077083826065,644,295
52,1733,21,0.6380221843719482,0.5162938237190247,-0.09035675972700119,0.7936473488807678,612,278
52,1733,22,0.6728830337524414,0.5431276559829712,0.04085804149508476,0.048875682055950165,645,293
52,1733,23,0.6756467223167419,0.5392668843269348,-0.05754099786281586,0.9999694228172302,648,291
52,1733,24,0.6854707598686218,0.541947066783905,0.05751718580722809,0.9999323487281799,658,292
52,1733,25,0.6450455188751221,0.6381934881210327,-0.0020275558345019817,0.9768854379653931,619,344
52,1733,26,0.6736062169075012,0.6592915654182434,0.047182597219944,0.768634557723999,646,356
52,1733,27,0.6534402966499329,0.7538185715675354,0.058319129049777985,0.97285395860672,627,407
52,1733,28,0.7441357970237732,0.7041280269622803,0.09139754623174667,0.898881196975708,714,380
52,1733,29,0.6625004410743713,0.7789085507392883,0.06255988031625748,0.8939779996871948,636,420
52,1733,30,0.7643700838088989,0.691672146320343,0.09658567607402802,0.8914942741394043,733,373
52,1733,31,0.6214666962623596,0.7731495499610901,0.022694839164614677,0.9556978344917297,596,417
52,1733,32,0.7477709650993347,0.7328022122383118,0.07324986159801483,0.9011421203613281,717,395
53,1766,0,0.6692495346069336,0.3240761458873749,-0.03399974852800369,0.9955019354820251,642,175
53,1766,1,0.6706913113594055,0.31500324606895447,-0.049485623836517334,0.9963667988777161,643,170
53,1766,2,0.6709938049316406,0.3150017559528351,-0.049609895795583725,0.9968312382698059,644,170
53,1766,3,0.6709815859794617,0.314942330121994,-0.049563709646463394,0.9977251887321472,644,170
53,1766,4,0.6718091368675232,0.3151009976863861,-0.03073813207447529,0.9961912035942078,644,170
53,1766,5,0.6725175380706787,0.3150550425052643,-0.0308876633644104,0.9966575503349304,645,170
53,1766,6,0.6731167435646057,0.31482043862342834,-0.031009918078780174,0.9969871640205383,646,170
53,1766,7,0.6752170324325562,0.3195232152938843,-0.08471706509590149,0.9987005591392517,648,172
53,1766,8,0.6782398819923401,0.31943756341934204,-0.004924038890749216,0.9941322207450867,651,172
53,1766,9,0.6723358035087585,0.33375221490859985,-0.044565971940755844,0.9948835372924805,645,180
53,1766,10,0.6725136637687683,0.33377933502197266,-0.021681470796465874,0.9916557669639587,645,180
53,1766,11,0.6841341257095337,0.3719125986099243,-0.13040584325790405,0.9999474883079529,656,200
53,1766,12,0.6916530132293701,0.37266623973846436,0.06515941023826599,0.998062252998352,663,201
53,1766,13,0.6879689693450928,0.4675210118293762,-0.15343761444091797,0.9791375398635864,660,252
53,1766,14,0.6872283220291138,0.46633094549179077,0.08212441951036453,0.03483263775706291,659,251
53,1766,15,0.6475268602371216,0.5166720747947693,-0.12825022637844086,0.9115588665008545,621,279
53,1766,16,0.6761972308158875,0.5297943949699402,0.03975822404026985,0.032356034964323044,649,286
53,1766,17,0.6368506550788879,0.5351295471191406,-0.13968390226364136,0.8854339718818665,611,288
53,1766,18,0.6723384261131287,0.5440264940261841,0.03567393496632576,0.04495876282453537,645,293
53,1766,19,0.6320511698722839,0.5273074507713318,-0.13349728286266327,0.8793728351593018,606,284
53,1766,20,0.6656860709190369,0.5422303080558777,0.02377314306795597,0.045194365084171295,639,292
53,1766,21,0.6365194916725159,0.5196700096130371,-0.12319324910640717,0.8112658262252808,611,280
53,1766,22,0.6691663265228271,0.5354329943656921,0.03208453208208084,0.04619164764881134,642,289
53,1766,23,0.6769426465034485,0.5376498103141785,-0.059126436710357666,0.9999716281890869,649,290
53,1766,24,0.6849968433380127,0.5409708619117737,0.059114404022693634,0.9999364018440247,657,292
53,1766,25,0.6464023590087891,0.6378422379493713,-0.010489716194570065,0.9786611795425415,620,344
53,1766,26,0.6745110750198364,0.6578930616378784,0.066492460668087,0.7890188097953796,647,355
53,1766,27,0.653498113155365,0.7527666687965393,0.05081276223063469,0.9753340482711792,627,406
53,1766,28,0.741845428943634,0.7055984735488892,0.1107800304889679,0.9078605771064758,712,381
53,1766,29,0.6627252697944641,0.7763593792915344,0.05513309687376022,0.9037749171257019,636,419
53,1766,30,0.758713960647583,0.6937856078147888,0.11564625799655914,0.9016386270523071,728,374
53,1766,31,0.6185054779052734,0.7737185955047607,0.01301915105432272,0.9596290588378906,593,417
53,1766,32,0.7402074337005615,0.7388100624084473,0.09063692390918732,0.90958172082901,710,398
54,1800,0,0.6551819443702698,0.31829994916915894,-0.08350741863250732,0.9957833290100098,628,171
54,1800,1,0.657573938369751,0.3086657226085663,-0.09565149247646332,0.9964963793754578,631,166
54,1800,2,0.6581840515136719,0.3087191879749298,-0.0958096906542778,0.9969677925109863,631,166
54,1800,3,0.6586158871650696,0.3086649179458618,-0.09582441300153732,0.9978271722793579,632,166
54,1800,4,0.6573072075843811,0.30906248092651367,-0.07573641836643219,0.9962037205696106,631,166
54,1800,5,0.6576763391494751,0.3092408776283264,-0.07588458806276321,0.9966490268707275,631,166
54,1800,6,0.6578735709190369,0.30928993225097656,-0.0759679302573204,0.9969726800918579,631,167
54,1800,7,0.6641389727592468,0.3128542900085449,-0.11725008487701416,0.9987842440605164,637,168
54,1800,8,0.6629641652107239,0.3140389025211334,-0.02697772905230522,0.9940273761749268,636,169
54,1800,9,0.6581661105155945,0.3285117745399475,-0.08699106425046921,0.9952145218849182,631,177
54,1800,10,0.6575177311897278,0.32875391840934753,-0.06193692982196808,0.9920051693916321,631,177
54,1800,11,0.6737146973609924,0.3664069175720215,-0.15796218812465668,0.9999493956565857,646,197
54,1800,12,0.6719473004341125,0.36704564094543457,0.06324587017297745,0.9980414509773254,645,198
54,1800,13,0.6773034334182739,0.4623365104198456,-0.17561355233192444,0.98062664270401,650,249
54,1800,14,0.6726629734039307,0.4608551859855652,0.08234138786792755,0.03164110332727432,645,248
54,1800,15,0.6473726034164429,0.5247688293457031,-0.1517571359872818,0.913179337978363,621,283
54,1800,16,0.6613035798072815,0.5230200886726379,0.034177232533693314,0.0295818243175745,634,282
54,1800,17,0.6392741799354553,0.5442086458206177,-0.1683119684457779,0.8842358589172363,613,293
54,1800,18,0.6560875773429871,0.5407128930091858,0.030291451141238213,0.0413900725543499,629,291
54,1800,19,0.6342775821685791,0.5387806296348572,-0.16453143954277039,0.8783861994743347,608,290
54,1800,20,0.6538968682289124,0.5381054282188416,0.013665084727108479,0.041675079613924026,627,290
54,1800,21,0.6370213031768799,0.5313559770584106,-0.14810028672218323,0.8067202568054199,611,286
54,1800,22,0.6556732058525085,0.5314936637878418,0.02458561398088932,0.04269104450941086,629,287
54,1800,23,0.671955943107605,0.53231281042099,-0.06694255024194717,0.9999661445617676,645,287
54,1800,24,0.6644616723060608,0.5326180458068848,0.0669134110212326,0.9999278783798218,637,287
54,1800,25,0.6488360166549683,0.6412631273269653,-0.08149151504039764,0.9777974486351013,622,346
54,1800,26,0.6464444994926453,0.6453006863594055,0.07695625722408295,0.7477205395698547,620,348
54,1800,27,0.6748297214508057,0.7073308229446411,0.0298446211963892,0.965801477432251,647,381
54,1800,28,0.6561897993087769,0.7417139410972595,0.12604454159736633,0.8907257318496704,629,400
54,1800,29,0.6806963086128235,0.7032819986343384,0.04091956093907356,0.8869907259941101,653,379
54,1800,30,0.6651731133460999,0.763900101184845,0.1290254443883896,0.8886473178863525,638,412
54,1800,31,0.66679447889328,0.7431641221046448,0.011039366945624352,0.9492110013961792,640,401
54,1800,32,0.626073956489563,0.7671405076980591,0.10411123931407928,0.8958970308303833,601,414
55,1833,0,0.65325528383255,0.31754839420318604,-0.07326299697160721,0.9961580038070679,627,171
55,1833,1,0.6560927033424377,0.30792754888534546,-0.08419902622699738,0.996775209903717,629,166
55,1833,2,0.6568743586540222,0.30798569321632385,-0.08433779329061508,0.9972108006477356,630,166
55,1833,3,0.6574623584747314,0.30795878171920776,-0.08434101194143295,0.9979979991912842,631,166
55,1833,4,0.6557058691978455,0.3079362213611603,-0.06564506888389587,0.9964853525161743,629,166
55,1833,5,0.6561459898948669,0.30790162086486816,-0.06580035388469696,0.996891975402832,629,166
55,1833,6,0.6564577221870422,0.3077402114868164,-0.06587471812963486,0.9971907734870911,630,166
55,1833,7,0.6633480191230774,0.3116511404514313,-0.1046776995062828,0.9988856315612793,636,168
55,1833,8,0.6625414490699768,0.31191879510879517,-0.024543097242712975,0.994435727596283,636,168
55,1833,9,0.6579828262329102,0.32780009508132935,-0.07559818774461746,0.9956027269363403,631,177
55,1833,10,0.6565771102905273,0.3276585638523102,-0.052418265491724014,0.9925913214683533,630,176
55,1833,11,0.671723484992981,0.3617219626903534,-0.14793945848941803,0.9999523162841797,644,195
55,1833,12,0.6725238561630249,0.36236298084259033,0.07147052139043808,0.9981285333633423,645,195
55,1833,13,0.6770859956741333,0.45524361729621887,-0.16490522027015686,0.9819313883781433,650,245
55,1833,14,0.6734877228736877,0.4532265067100525,0.09260868281126022,0.02886081300675869,646,244
55,1833,15,0.6494840979576111,0.5249086618423462,-0.13842706382274628,0.9130932092666626,623,283
55,1833,16,0.6643096208572388,0.5147942900657654,0.04409687966108322,0.027183745056390762,637,277
55,1833,17,0.6409651637077332,0.5440291166305542,-0.15245385468006134,0.8812899589538574,615,293
55,1833,18,0.6608736515045166,0.5296221375465393,0.04068829119205475,0.0383574478328228,634,285
55,1833,19,0.6369497179985046,0.5396979451179504,-0.14679932594299316,0.8754391670227051,611,291
55,1833,20,0.6591735482215881,0.5302274823188782,0.024751581251621246,0.038668468594551086,632,286
55,1833,21,0.6402894854545593,0.5319584012031555,-0.1334865242242813,0.8001182675361633,614,287
55,1833,22,0.6567547917366028,0.5247900485992432,0.03488617390394211,0.03970089554786682,630,283
55,1833,23,0.6715981960296631,0.5284377336502075,-0.06672052294015884,0.9999615550041199,644,285
55,1833,24,0.6635446548461914,0.5269196033477783,0.0666947066783905,0.9999213814735413,637,284
55,1833,25,0.6491835713386536,0.6414571404457092,-0.09096642583608627,0.9776569604873657,623,346
55,1833,26,0.6417283415794373,0.6393965482711792,0.06608915328979492,0.7157286405563354,616,345
55,1833,27,0.6866034865379333,0.7032672762870789,-0.0005849668523296714,0.9579643607139587,659,379
55,1833,28,0.6532673239707947,0.7492403984069824,0.10689006745815277,0.8712553977966309,627,404
55,1833,29,0.6913135051727295,0.7007896900177002,0.007330369669944048,0.8743794560432434,663,378
55,1833,30,0.6614073514938354,0.7718119025230408,0.10932260006666183,0.8735304474830627,634,416
55,1833,31,0.6866661310195923,0.7430142760276794,-0.009018675424158573,0.9405363202095032,659,401
55,1833,32,0.6237453818321228,0.7715986967086792,0.08535578101873398,0.8800697326660156,598,416
56,1866,0,0.6442259550094604,0.3081327974796295,-0.05383974313735962,0.996403694152832,618,166
56,1866,1,0.6474926471710205,0.2990931272506714,-0.059003692120313644,0.9969202876091003,621,161
56,1866,2,0.6480595469474792,0.2991090416908264,-0.059116069227457047,0.9973087906837463,622,161
56,1866,3,0.6484656929969788,0.29914069175720215,-0.05912826582789421,0.9980629086494446,622,161
56,1866,4,0.6470525860786438,0.2992909550666809,-0.04446721822023392,0.9966710209846497,621,161
56,1866,5,0.6472932696342468,0.29937082529067993,-0.04462319239974022,0.9970338344573975,621,161
56,1866,6,0.6473701596260071,0.2993268668651581,-0.044680044054985046,0.9973406195640564,621,161
56,1866,7,0.65367192029953,0.3050691485404968,-0.06264576315879822,0.998910129070282,627,164
56,1866,8,0.6517325043678284,0.30512145161628723,0.0035122381523251534,0.9946768283843994,625,164
56,1866,9,0.6480376124382019,0.31792202591896057,-0.05111151561141014,0.9957422018051147,622,171
56,1866,10,0.6470922827720642,0.31803831458091736,-0.03318404778838158,0.9929099678993225,621,171
56,1866,11,0.6582238674163818,0.35914140939712524,-0.09889829903841019,0.9999463558197021,631,193
56,1866,12,0.658484697341919,0.36079445481300354,0.08099029958248138,0.9981259107589722,632,194
56,1866,13,0.6588696837425232,0.44688165187835693,-0.12019644677639008,0.9708619117736816,632,241
56,1866,14,0.6567084789276123,0.4499160647392273,0.09834383428096771,0.02624627575278282,630,242
56,1866,15,0.6452144384384155,0.5204887986183167,-0.11366632580757141,0.8565885424613953,619,281
56,1866,16,0.6486116051673889,0.5095720887184143,0.050097547471523285,0.025045383721590042,622,275
56,1866,17,0.641993522644043,0.5345696806907654,-0.12666110694408417,0.824669361114502,616,288
56,1866,18,0.6461516618728638,0.5274400115013123,0.04584307223558426,0.03566509485244751,620,284
56,1866,19,0.6396645307540894,0.5379222631454468,-0.12737463414669037,0.8193504810333252,614,290
56,1866,20,0.643139660358429,0.5283421277999878,0.030321873724460602,0.03602375462651253,617,285
56,1866,21,0.6409400105476379,0.5293252468109131,-0.11254057288169861,0.7427268028259277,615,285
56,1866,22,0.643864631652832,0.5210421681404114,0.04113268852233887,0.03699415549635887,618,281
56,1866,23,0.6555004715919495,0.5190925598144531,-0.06437298655509949,0.9999452233314514,629,280
56,1866,24,0.6507704257965088,0.5202051401138306,0.06430310755968094,0.99990314245224,624,280
56,1866,25,0.6359410881996155,0.6414841413497925,-0.07873449474573135,0.9654602408409119,610,346
56,1866,26,0.6332191228866577,0.6364431381225586,0.05376012995839119,0.6589089632034302,607,343
56,1866,27,0.6774623990058899,0.7114191055297852,-0.012789775617420673,0.932092547416687,650,384
56,1866,28,0.6524709463119507,0.7498887181282043,0.08130910247564316,0.8201127648353577,626,404
56,1866,29,0.6896974444389343,0.7120251655578613,-0.008044132962822914,0.8352424502372742,662,384
56,1866,30,0.6619297862052917,0.7724764347076416,0.0820864588022232,0.8265045285224915,635,417
56,1866,31,0.659766435623169,0.7468187212944031,-0.037100184708833694,0.9142438769340515,633,403
56,1866,32,0.6236303448677063,0.7750588655471802,0.05536709353327751,0.8352211117744446,598,418
57,1900,0,0.6418253183364868,0.3077588379383087,-0.06319151818752289,0.9967302680015564,616,166
57,1900,1,0.6452245712280273,0.29888981580734253,-0.0669066533446312,0.9971832036972046,619,161
57,1900,2,0.6456165909767151,0.2989426553249359,-0.06701532006263733,0.9975337386131287,619,161
57,1900,3,0.645820677280426,0.29903411865234375,-0.06702526658773422,0.998219907283783,619,161
57,1900,4,0.6444680094718933,0.2991314232349396,-0.053001243621110916,0.9969593286514282,618,161
57,1900,5,0.6449054479598999,0.29928693175315857,-0.053160589188337326,0.9972864389419556,619,161
57,1900,6,0.6451541781425476,0.29932013154029846,-0.05322621762752533,0.9975695610046387,619,161
57,1900,7,0.6509127020835876,0.3053056597709656,-0.07110624015331268,0.9989966154098511,624,164
57,1900,8,0.6499852538108826,0.3051515221595764,0.0012904664035886526,0.995119571685791,623,164
57,1900,9,0.6457602977752686,0.3176945149898529,-0.05868716910481453,0.9960566163063049,619,171
57,1900,10,0.6443009972572327,0.31810110807418823,-0.04165193811058998,0.9934524297714233,618,171
57,1900,11,0.6567071080207825,0.36055654287338257,-0.108488067984581,0.9999475479125977,630,194
57,1900,12,0.6565262079238892,0.3617384135723114,0.07799649238586426,0.9982349276542664,630,195
57,1900,13,0.6558706760406494,0.45107242465019226,-0.12793795764446259,0.9689044952392578,629,243
57,1900,14,0.6539016366004944,0.4513934850692749,0.09439828991889954,0.023929856717586517,627,243
57,1900,15,0.64146488904953,0.5285861492156982,-0.11366601288318634,0.827773928642273,615,285
57,1900,16,0.6466134786605835,0.515096127986908,0.049559883773326874,0.023068852722644806,620,278
57,1900,17,0.6391531229019165,0.5527747273445129,-0.12664936482906342,0.7904769778251648,613,298
57,1900,18,0.6444274187088013,0.5423934459686279,0.044730015099048615,0.033068086951971054,618,292
57,1900,19,0.6343692541122437,0.5558781027793884,-0.1265401542186737,0.7852939963340759,608,300
57,1900,20,0.6399267315864563,0.5417746305465698,0.029376236721873283,0.03342093899846077,614,292
57,1900,21,0.6351701021194458,0.5467501878738403,-0.11205021291971207,0.7051992416381836,609,295
57,1900,22,0.6422165632247925,0.5380110144615173,0.040456999093294144,0.03435366973280907,616,290
57,1900,23,0.6541316509246826,0.5214123725891113,-0.0642165094614029,0.9999421834945679,627,281
57,1900,24,0.6487654447555542,0.5222588181495667,0.06414087861776352,0.9999017715454102,622,282
57,1900,25,0.6350401043891907,0.6426728367805481,-0.07469658553600311,0.9612228870391846,609,347
57,1900,26,0.6356698274612427,0.6369044184684753,0.06685779243707657,0.6147031784057617,610,343
57,1900,27,0.6743220686912537,0.7157747149467468,0.0020329346880316734,0.9140649437904358,647,386
57,1900,28,0.6525129079818726,0.7509437203407288,0.09365969151258469,0.7892032265663147,626,405
57,1900,29,0.6900614500045776,0.7120678424835205,0.007457325235009193,0.8122365474700928,662,384
57,1900,30,0.6625295281410217,0.7748473882675171,0.09422250092029572,0.7978213429450989,636,418
57,1900,31,0.6554561853408813,0.7481949329376221,-0.020981797948479652,0.8972597718238831,629,404
57,1900,32,0.6235117316246033,0.7769538760185242,0.07113175839185715,0.8096539378166199,598,419
58,1933,0,0.6269876956939697,0.3056528866291046,-0.052105557173490524,0.9952303171157837,601,165
58,1933,1,0.6293444037437439,0.2965110242366791,-0.06170498579740524,0.9959506392478943,604,160
58,1933,2,0.629409909248352,0.2959214448928833,-0.06182831898331642,0.9963462352752686,604,159
58,1933,3,0.6292317509651184,0.29588332772254944,-0.06181969866156578,0.997336208820343,604,159
58,1933,4,0.6305497288703918,0.29652461409568787,-0.04694971814751625,0.9954932332038879,605,160
58,1933,5,0.6314527988433838,0.2965455949306488,-0.04710926115512848,0.9959239363670349,606,160
58,1933,6,0.6321070790290833,0.29646360874176025,-0.04718104377388954,0.9964271783828735,606,160
58,1933,7,0.6333176493644714,0.30153921246528625,-0.07395927608013153,0.9987085461616516,607,162
58,1933,8,0.6388645172119141,0.30219241976737976,-0.007076873444020748,0.993836522102356,613,163
58,1933,9,0.6288468241691589,0.31501880288124084,-0.054861556738615036,0.9945590496063232,603,170
58,1933,10,0.6304870247840881,0.31552499532699585,-0.03682803735136986,0.9910221695899963,605,170
58,1933,11,0.6406289935112,0.35931262373924255,-0.1108456403017044,0.9999344944953918,615,194
58,1933,12,0.6457296013832092,0.3609611690044403,0.05641920864582062,0.997216522693634,619,194
58,1933,13,0.6439539194107056,0.4509370028972626,-0.14773854613304138,0.9612312316894531,618,243
58,1933,14,0.6471237540245056,0.4491209387779236,0.06991176307201385,0.021630585193634033,621,242
58,1933,15,0.6381683945655823,0.5288569927215576,-0.14974425733089447,0.8084174394607544,612,285
58,1933,16,0.6453717947006226,0.5160024166107178,0.03718551620841026,0.021010607481002808,619,278
58,1933,17,0.6349899172782898,0.5581645965576172,-0.16419754922389984,0.7696942687034607,609,301
58,1933,18,0.6418048143386841,0.5394397377967834,0.033722974359989166,0.03031056560575962,616,291
58,1933,19,0.6314092874526978,0.5575409531593323,-0.16406944394111633,0.7636773586273193,606,301
58,1933,20,0.6410760879516602,0.5409283638000488,0.021087927743792534,0.030640026554465294,615,292
58,1933,21,0.6320804953575134,0.5510842800140381,-0.14865200221538544,0.6782631874084473,606,297
58,1933,22,0.641343891620636,0.536503791809082,0.029874971136450768,0.031513750553131104,615,289
58,1933,23,0.6398858428001404,0.5235483646392822,-0.06099987402558327,0.9999348521232605,614,282
58,1933,24,0.6382090449333191,0.5233197212219238,0.06094914302229881,0.9998705983161926,612,282
58,1933,25,0.6362543702125549,0.6417481899261475,-0.03985493257641792,0.9555888175964355,610,346
58,1933,26,0.6231354475021362,0.6276293396949768,0.09992943704128265,0.5591220855712891,598,338
58,1933,27,0.6505683064460754,0.7369756698608398,0.006199561059474945,0.9193540811538696,624,397
58,1933,28,0.6402961611747742,0.7223749160766602,0.16433943808078766,0.7333341836929321,614,390
58,1933,29,0.6608094573020935,0.7585213780403137,0.012763401493430138,0.8186900615692139,634,409
58,1933,30,0.6490198373794556,0.739667534828186,0.16961470246315002,0.753750741481781,623,399
58,1933,31,0.6230977773666382,0.7719229459762573,-0.029661238193511963,0.9020397067070007,598,416
58,1933,32,0.6208147406578064,0.7483765482902527,0.146640345454216,0.7643388509750366,595,404
59,1966,0,0.6258795857429504,0.303739994764328,-0.06950116157531738,0.9954637885093689,600,164
59,1966,1,0.6293278336524963,0.29466086626052856,-0.07712109386920929,0.9961411356925964,604,159
59,1966,2,0.629756510257721,0.294532835483551,-0.07726261764764786,0.9965115785598755,604,159
59,1966,3,0.6299882531166077,0.2945511043071747,-0.07722696661949158,0.9974392056465149,604,159
59,1966,4,0.6288297772407532,0.2945154011249542,-0.06318742036819458,0.9956854581832886,603,159
59,1966,5,0.6292449235916138,0.2945069372653961,-0.06336047500371933,0.9960888028144836,604,159
59,1966,6,0.6294336915016174,0.29433315992355347,-0.06343840807676315,0.996547520160675,604,158
59,1966,7,0.6350116729736328,0.30067798495292664,-0.08458555489778519,0.9987638592720032,609,162
59,1966,8,0.6347097158432007,0.3007480502128601,-0.02296261116862297,0.9940603971481323,609,162
59,1966,9,0.6284217238426208,0.31444379687309265,-0.06935664266347885,0.9946603775024414,603,169
59,1966,10,0.6281678676605225,0.31447848677635193,-0.05238346755504608,0.9911901354789734,603,169
59,1966,11,0.6399697661399841,0.35933825373649597,-0.11452717334032059,0.9999346137046814,614,194
59,1966,12,0.6396754384040833,0.36064743995666504,0.042754095047712326,0.9968764185905457,614,194
59,1966,13,0.6440969705581665,0.45046737790107727,-0.14705075323581696,0.961250901222229,618,243
59,1966,14,0.6407413482666016,0.4469852149486542,0.05829208716750145,0.01978776790201664,615,241
59,1966,15,0.6384326815605164,0.5355948805809021,-0.15179680287837982,0.8171735405921936,612,289
59,1966,16,0.6368140578269958,0.5167534947395325,0.02375604771077633,0.01966562122106552,611,279
59,1966,17,0.6386026740074158,0.5624242424964905,-0.16626960039138794,0.7792306542396545,613,303
59,1966,18,0.6348808407783508,0.5398074388504028,0.019729988649487495,0.02868563123047352,609,291
59,1966,19,0.633539080619812,0.5631577372550964,-0.1673537939786911,0.773406982421875,608,304
59,1966,20,0.6335886120796204,0.5412102937698364,0.006636316422373056,0.029031172394752502,608,292
59,1966,21,0.6328946352005005,0.5543131232261658,-0.15111327171325684,0.6887746453285217,607,299
59,1966,22,0.6352252960205078,0.537819504737854,0.016406333073973656,0.02990240603685379,609,290
59,1966,23,0.6387295126914978,0.5255390405654907,-0.053824346512556076,0.9999273419380188,613,283
59,1966,24,0.6339302659034729,0.5240119695663452,0.053785331547260284,0.999829113483429,608,282
59,1966,25,0.6367647051811218,0.6418601870536804,-0.017567668110132217,0.9544543623924255,611,346
59,1966,26,0.6168140769004822,0.6179245114326477,0.0996442511677742,0.5133780241012573,592,333
59,1966,27,0.6494528651237488,0.7421273589134216,0.007891113869845867,0.925589382648468,623,400
59,1966,28,0.6276706457138062,0.6866958141326904,0.17085640132427216,0.6816977262496948,602,370
59,1966,29,0.6596077084541321,0.7683513760566711,0.014744273386895657,0.8286424875259399,633,414
59,1966,30,0.634111225605011,0.6985260844230652,0.17691756784915924,0.7080302238464355,608,377
59,1966,31,0.6193763017654419,0.7758366465568542,-0.03749777004122734,0.9088724851608276,594,418
59,1966,32,0.6145813465118408,0.7095322012901306,0.15293966233730316,0.7235533595085144,589,383
60,2000,0,0.6126819849014282,0.3020695149898529,-0.07597353309392929,0.9959062933921814,588,163
60,2000,1,0.615104615688324,0.2928835153579712,-0.083307184278965,0.9965105652809143,590,158
60,2000,2,0.6154531240463257,0.292898029088974,-0.08344650268554688,0.9968482851982117,590,158
60,2000,3,0.6163513660430908,0.29292383790016174,-0.0834311693906784,0.9976847767829895,591,158
60,2000,4,0.6151739954948425,0.2928835153579712,-0.06810148805379868,0.9960976839065552,590,158
60,2000,5,0.6155401468276978,0.29300129413604736,-0.06823895871639252,0.9964629411697388,590,158
60,2000,6,0.6157240271568298,0.2929592430591583,-0.06828273832798004,0.9968730211257935,591,158
60,2000,7,0.6208706498146057,0.2985565960407257,-0.09132139384746552,0.9988833069801331,596,161
60,2000,8,0.6200697422027588,0.29917293787002563,-0.02354002371430397,0.9946190714836121,595,161
60,2000,9,0.6143275499343872,0.31271159648895264,-0.07563041895627975,0.9951769113540649,589,168
60,2000,10,0.6141566038131714,0.3126989006996155,-0.056969013065099716,0.9920342564582825,589,168
60,2000,11,0.6275991201400757,0.35700616240501404,-0.12744776904582977,0.9999402165412903,602,192
60,2000,12,0.6220723390579224,0.3582089841365814,0.050035517662763596,0.9970791339874268,597,193
60,2000,13,0.6343532800674438,0.45023295283317566,-0.17068979144096375,0.9648920893669128,608,243
60,2000,14,0.6182975172996521,0.44596314430236816,0.060750529170036316,0.01965314708650112,593,240
60,2000,15,0.6425618529319763,0.5351883769035339,-0.19570128619670868,0.8347967863082886,616,289
60,2000,16,0.6001023650169373,0.50147545337677,-0.0004363533516880125,0.028210362419486046,576,270
60,2000,17,0.6428778171539307,0.5600494146347046,-0.2160126119852066,0.8001316785812378,617,302
60,2000,18,0.593321681022644,0.5140627026557922,-0.00834303256124258,0.04300873354077339,569,277
60,2000,19,0.6397982239723206,0.5636547803878784,-0.22087208926677704,0.7949058413505554,614,304
60,2000,20,0.5890493988990784,0.5144855976104736,-0.025293445214629173,0.044436145573854446,565,277
60,2000,21,0.634900689125061,0.5545622110366821,-0.19733835756778717,0.7179350256919861,609,299
60,2000,22,0.5921924710273743,0.5086086392402649,-0.010615355335175991,0.04462519288063049,568,274
60,2000,23,0.623588502407074,0.5279685258865356,-0.058765459805727005,0.9999272227287292,598,285
60,2000,24,0.6265877485275269,0.5245474576950073,0.05869396775960922,0.999821662902832,601,283
60,2000,25,0.5864236354827881,0.6413042545318604,-0.040627796202898026,0.9578863978385925,562,346
60,2000,26,0.6289761662483215,0.6188932657241821,0.09033851325511932,0.511887788772583,603,334
60,2000,27,0.6052883863449097,0.7600046992301941,0.004517636727541685,0.9318051934242249,581,410
60,2000,28,0.6461639404296875,0.7337363362312317,0.14941181242465973,0.6962013244628906,620,396
60,2000,29,0.6138589382171631,0.7825487852096558,0.007720009423792362,0.841484546661377,589,422
60,2000,30,0.6545244455337524,0.7551035284996033,0.15338338911533356,0.7234365344047546,628,407
60,2000,31,0.572985827922821,0.7827287316322327,-0.03847704827785492,0.9165934324264526,550,422
60,2000,32,0.6206063032150269,0.7569757103919983,0.128819078207016,0.7397123575210571,595,408
61,2033,0,0.609485924243927,0.30212312936782837,-0.08422529697418213,0.9963052272796631,585,163
61,2033,1,0.6130507588386536,0.2927538752555847,-0.09062128514051437,0.9968433976173401,588,158
61,2033,2,0.613610029220581,0.2927987277507782,-0.09075234830379486,0.9971504211425781,589,158
61,2033,3,0.6140682101249695,0.2927895486354828,-0.09073449671268463,0.9979053735733032,589,158
61,2033,4,0.6124622821807861,0.292788565158844,-0.0749598816037178,0.9964706301689148,587,158
61,2033,5,0.612576425075531,0.29290708899497986,-0.07509800791740417,0.9968006610870361,588,158
61,2033,6,0.6124992370605469,0.29284149408340454,-0.07514604181051254,0.9971683621406555,587,158
61,2033,7,0.6188042759895325,0.2980423867702484,-0.09490367770195007,0.9989895820617676,594,160
61,2033,8,0.6161754727363586,0.2988637685775757,-0.024655034765601158,0.9951228499412537,591,161
61,2033,9,0.6123308539390564,0.31282714009284973,-0.0824156180024147,0.9956422448158264,587,168
61,2033,10,0.610848605632782,0.3126946985721588,-0.06318782269954681,0.9927981495857239,586,168
61,2033,11,0.6252431273460388,0.3563060760498047,-0.13070861995220184,0.9999449849128723,600,192
61,2033,12,0.6192064881324768,0.3586691915988922,0.05259061977267265,0.9972684979438782,594,193
61,2033,13,0.6336409449577332,0.45032545924186707,-0.1770046055316925,0.9680806994438171,608,243
61,2033,14,0.6148406267166138,0.4470958411693573,0.06476643681526184,0.01905963011085987,590,241
61,2033,15,0.643966019153595,0.5346859693527222,-0.2078307569026947,0.8499884605407715,618,288
61,2033,16,0.5947443842887878,0.4977794587612152,0.0004160650714766234,0.033498603850603104,570,268
61,2033,17,0.6440738439559937,0.5585787892341614,-0.22922925651073456,0.8177340030670166,618,301
61,2033,18,0.5866368412971497,0.5094586610794067,-0.007927557453513145,0.05247802659869194,563,275
61,2033,19,0.6429132223129272,0.5626401901245117,-0.2337694764137268,0.8130781650543213,617,303
61,2033,20,0.5836256146430969,0.5080589652061462,-0.025337066501379013,0.05481467768549919,560,274
61,2033,21,0.6365902423858643,0.5535747408866882,-0.2094516009092331,0.7423117160797119,611,298
61,2033,22,0.5880339741706848,0.5045089721679688,-0.009996520355343819,0.054484717547893524,564,272
61,2033,23,0.6222882866859436,0.5287197828292847,-0.060370828956365585,0.9999192357063293,597,285
61,2033,24,0.6243330836296082,0.5249519348144531,0.06029926985502243,0.999798595905304,599,283
61,2033,25,0.5826846361160278,0.6410863399505615,-0.04686654359102249,0.959483802318573,559,346
61,2033,26,0.6293848156929016,0.6224455833435059,0.08974120765924454,0.49250492453575134,604,336
61,2033,27,0.6029698252677917,0.7637896537780762,-0.004291029181331396,0.9363890290260315,578,412
61,2033,28,0.6486417651176453,0.7445359826087952,0.1482715606689453,0.6884400844573975,622,402
61,2033,29,0.610181987285614,0.7854421138763428,-0.0029641417786478996,0.8510466814041138,585,424
61,2033,30,0.6575329899787903,0.766007661819458,0.14719566702842712,0.7205543518066406,631,413
61,2033,31,0.5714097619056702,0.785355269908905,-0.0522778294980526,0.9223750233650208,548,424
61,2033,32,0.6223155856132507,0.7704479098320007,0.10707715153694153,0.739321231842041,597,416
62,2066,0,0.6001440286636353,0.3028915226459503,-0.08282995969057083,0.9966726899147034,576,163
62,2066,1,0.602472722530365,0.2933770716190338,-0.08986840397119522,0.9971557855606079,578,158
62,2066,2,0.6032022833824158,0.29346972703933716,-0.08999849855899811,0.9974333643913269,579,158
62,2066,3,0.6034145355224609,0.29351258277893066,-0.0899777039885521,0.998112678527832,579,158
62,2066,4,0.6025903820991516,0.29320287704467773,-0.07512347400188446,0.9968204498291016,578,158
62,2066,5,0.6028918027877808,0.29319921135902405,-0.07524850964546204,0.9971182942390442,578,158
62,2066,6,0.6030424237251282,0.2930099666118622,-0.07527878880500793,0.9974483251571655,578,158
62,2066,7,0.607208251953125,0.29897764325141907,-0.09860454499721527,0.9990898966789246,582,161
62,2066,8,0.6071634888648987,0.29931333661079407,-0.03229910135269165,0.9956063628196716,582,161
62,2066,9,0.6019001603126526,0.313623309135437,-0.08263938128948212,0.9960750937461853,577,169
62,2066,10,0.6013311147689819,0.313483327627182,-0.06452914327383041,0.9935129880905151,577,169
62,2066,11,0.6152390241622925,0.35645562410354614,-0.13531894981861115,0.9999501705169678,590,192
62,2066,12,0.6063806414604187,0.3591749370098114,0.0475253090262413,0.9975144267082214,582,193
62,2066,13,0.6287440061569214,0.45089712738990784,-0.18264205753803253,0.9712252616882324,603,243
62,2066,14,0.5970943570137024,0.448494017124176,0.062366001307964325,0.029281968250870705,573,242
62,2066,15,0.6440327763557434,0.5349101424217224,-0.2159392535686493,0.8648879528045654,618,288
62,2066,16,0.5628519654273987,0.5014396905899048,0.011266570538282394,0.08042287826538086,540,270
62,2066,17,0.6477931141853333,0.557794451713562,-0.23615258932113647,0.8357611298561096,621,301
62,2066,18,0.5536215305328369,0.5145648121833801,0.00395909883081913,0.10211091488599777,531,277
62,2066,19,0.6458527445793152,0.5623748898506165,-0.24132424592971802,0.8315799832344055,620,303
62,2066,20,0.5505006313323975,0.5137307047843933,-0.01142121758311987,0.10729586333036423,528,277
62,2066,21,0.6370541453361511,0.5535174608230591,-0.2181817889213562,0.7677879333496094,611,298
62,2066,22,0.5552821755409241,0.509591281414032,0.0017097062664106488,0.10740866512060165,533,275
62,2066,23,0.6112921237945557,0.52826327085495,-0.060976605862379074,0.9999251961708069,586,285
62,2066,24,0.6148872375488281,0.5252169966697693,0.06089944764971733,0.9998122453689575,590,283
62,2066,25,0.5663541555404663,0.6343203186988831,-0.04593050107359886,0.9634174108505249,543,342
62,2066,26,0.6306676864624023,0.6229615807533264,0.08601890504360199,0.5366788506507874,605,336
62,2066,27,0.5707321166992188,0.7613152861595154,0.0008540667477063835,0.9426538944244385,547,411
62,2066,28,0.6496137380599976,0.7449133396148682,0.14131447672843933,0.7186313271522522,623,402
62,2066,29,0.5777627229690552,0.7850658297538757,0.0031500717159360647,0.8655296564102173,554,423
62,2066,30,0.6592094898223877,0.7655588984489441,0.14414803683757782,0.747511088848114,632,413
62,2066,31,0.5372543931007385,0.783669114112854,-0.041803665459156036,0.9300085306167603,515,423
62,2066,32,0.6221638917922974,0.7746485471725464,0.11651420593261719,0.7646012902259827,597,418
63,2100,0,0.5968314409255981,0.30341044068336487,-0.09151946008205414,0.9970030188560486,572,163
63,2100,1,0.599926769733429,0.29397162795066833,-0.09732029587030411,0.9974367022514343,575,158
63,2100,2,0.6008368134498596,0.29402080178260803,-0.09744871407747269,0.9976875185966492,576,158
63,2100,3,0.6013829708099365,0.2940271496772766,-0.09742726385593414,0.9982989430427551,577,158
63,2100,4,0.5993381142616272,0.29387226700782776,-0.08218862861394882,0.9971351027488708,575,158
63,2100,5,0.5994308590888977,0.2938818335533142,-0.08231521397829056,0.9974037408828735,575,158
63,2100,6,0.5993526577949524,0.2937071919441223,-0.08235132694244385,0.9976998567581177,575,158
63,2100,7,0.6057873368263245,0.2992844879627228,-0.10102446377277374,0.9991798996925354,581,161
63,2100,8,0.6028646230697632,0.29963329434394836,-0.03247874230146408,0.9960403442382812,578,161
63,2100,9,0.6001608371734619,0.31381064653396606,-0.08952546119689941,0.9964642524719238,576,169
63,2100,10,0.5990403890609741,0.31378915905952454,-0.07080312073230743,0.9941555857658386,575,169
63,2100,11,0.6128007173538208,0.35697832703590393,-0.13678078353405,0.9999545812606812,588,192
63,2100,12,0.6049197316169739,0.3594488501548767,0.05049306899309158,0.9977295994758606,580,194
63,2100,13,0.6276865601539612,0.45064327120780945,-0.18877607583999634,0.9740073680877686,602,243
63,2100,14,0.5963220596313477,0.44967684149742126,0.06504356861114502,0.0350070483982563,572,242
63,2100,15,0.6442519426345825,0.5341842770576477,-0.22979556024074554,0.8780829310417175,618,288
63,2100,16,0.5602403283119202,0.5025825500488281,0.01549452729523182,0.11427511274814606,537,271
63,2100,17,0.650034487247467,0.5564318299293518,-0.25178101658821106,0.851600170135498,624,300
63,2100,18,0.5512206554412842,0.5162001252174377,0.009206676855683327,0.14117752015590668,529,278
63,2100,19,0.6472203135490417,0.5605990290641785,-0.2572562098503113,0.847865879535675,621,302
63,2100,20,0.5483595132827759,0.515792727470398,-0.007560537662357092,0.14872370660305023,526,278
63,2100,21,0.6373515725135803,0.5524299740791321,-0.23231931030750275,0.7901913523674011,611,298
63,2100,22,0.5526419281959534,0.5110309720039368,0.005832592025399208,0.14997510612010956,530,275
63,2100,23,0.6114732623100281,0.5281707644462585,-0.06294707953929901,0.999928891658783,587,285
63,2100,24,0.6125093698501587,0.5250775814056396,0.06284721940755844,0.9998217225074768,588,283
63,2100,25,0.5642127394676208,0.6343778967857361,-0.0463913194835186,0.9667506814002991,541,342
63,2100,26,0.6270176768302917,0.6253117322921753,0.08545979112386703,0.5731471180915833,601,337
63,2100,27,0.5695948004722595,0.7624177932739258,7.185661524999887e-05,0.9481687545776367,546,411
63,2100,28,0.6505212783813477,0.7439077496528625,0.1358279436826706,0.7445663809776306,624,401
63,2100,29,0.575897216796875,0.7857946753501892,0.0016216282965615392,0.878128170967102,552,424
63,2100,30,0.6606259942054749,0.7642059326171875,0.13880260288715363,0.7708171010017395,634,412
63,2100,31,0.5357505679130554,0.7818458080291748,-0.04425127059221268,0.9366757869720459,514,422
63,2100,32,0.6226674914360046,0.7738646268844604,0.11082050949335098,0.7861602306365967,597,417
64,2133,0,0.5828242897987366,0.3039335310459137,-0.07979338616132736,0.9972989559173584,559,164
64,2133,1,0.5838842988014221,0.29489511251449585,-0.09255395829677582,0.997687041759491,560,159
64,2133,2,0.5836694836616516,0.2950039803981781,-0.09269940853118896,0.9979157447814941,560,159
64,2133,3,0.5832750201225281,0.2950344979763031,-0.09268295019865036,0.9984654188156128,559,159
64,2133,4,0.5858474373817444,0.29474368691444397,-0.0757044106721878,0.9974164962768555,562,159
64,2133,5,0.587045431137085,0.29506298899650574,-0.07577265053987503,0.9976602792739868,563,159
64,2133,6,0.5881769061088562,0.29497748613357544,-0.07572327554225922,0.9979246854782104,564,159
64,2133,7,0.5858955383300781,0.3006637692451477,-0.10564945638179779,0.9992611408233643,562,162
64,2133,8,0.5928220152854919,0.3016170561313629,-0.03234586492180824,0.996431291103363,569,162
64,2133,9,0.5838180780410767,0.3144771456718445,-0.08655755966901779,0.9968154430389404,560,169
64,2133,10,0.585286557674408,0.3146235942840576,-0.06987496465444565,0.9947351217269897,561,169
64,2133,11,0.5965279340744019,0.36113759875297546,-0.14856548607349396,0.9999589323997498,572,195
64,2133,12,0.5921088457107544,0.3641345500946045,0.045297518372535706,0.9979429244995117,568,196
64,2133,13,0.6191011667251587,0.4517698884010315,-0.20262672007083893,0.9765914678573608,594,243
64,2133,14,0.583411455154419,0.4533715546131134,0.0581187941133976,0.04635056108236313,560,244
64,2133,15,0.6416711807250977,0.5335654616355896,-0.238631010055542,0.890221357345581,616,288
64,2133,16,0.5431174039840698,0.49836650490760803,0.012171197682619095,0.18084637820720673,521,269
64,2133,17,0.6494114398956299,0.5558030009269714,-0.259828120470047,0.8663382530212402,623,300
64,2133,18,0.5320796370506287,0.5091665983200073,0.007780707906931639,0.20884422957897186,510,274
64,2133,19,0.6471198797225952,0.5590372681617737,-0.26430708169937134,0.8629836440086365,621,301
64,2133,20,0.5294391512870789,0.5084906816482544,-0.01250064093619585,0.21787214279174805,508,274
64,2133,21,0.6392101645469666,0.5510439872741699,-0.24093633890151978,0.8110401630401611,613,297
64,2133,22,0.5336602330207825,0.505584180355072,0.0007486799149774015,0.21955670416355133,512,273
64,2133,23,0.5959954857826233,0.5315108299255371,-0.06626013666391373,0.9999344348907471,572,287
64,2133,24,0.6001080274581909,0.5259321331977844,0.0661434456706047,0.9998353719711304,576,284
64,2133,25,0.5537159442901611,0.6375442147254944,-0.02972540073096752,0.9700341820716858,531,344
64,2133,26,0.6250302791595459,0.6257201433181763,0.11517439037561417,0.6144489049911499,600,337
64,2133,27,0.5317211747169495,0.7631604075431824,0.006273868028074503,0.953321099281311,510,412
64,2133,28,0.6479058861732483,0.7432591319084167,0.1724674552679062,0.7699713110923767,621,401
64,2133,29,0.5354138612747192,0.7882049679756165,0.00512038404121995,0.8902029991149902,513,425
64,2133,30,0.6608459949493408,0.7629649639129639,0.17669861018657684,0.7936186790466309,634,412
64,2133,31,0.4985564351081848,0.7732133269309998,-0.04121057689189911,0.9429498910903931,478,417
64,2133,32,0.6234195828437805,0.7756752371788025,0.15298263728618622,0.8073719143867493,598,418
65,2166,0,0.579753041267395,0.3056538999080658,-0.10769300907850266,0.997568666934967,556,165
65,2166,1,0.5820454359054565,0.2964441776275635,-0.11497867852449417,0.997917890548706,558,160
65,2166,2,0.5823729634284973,0.2964429557323456,-0.11511167138814926,0.998123824596405,559,160
65,2166,3,0.5827072262763977,0.2963710129261017,-0.11507628113031387,0.9986185431480408,559,160
65,2166,4,0.5821210741996765,0.2964031398296356,-0.09844447672367096,0.9976744651794434,558,160
65,2166,5,0.5824779272079468,0.29655876755714417,-0.09856168180704117,0.9978939294815063,559,160
65,2166,6,0.582697331905365,0.29638364911079407,-0.09856705367565155,0.9981317520141602,559,160
65,2166,7,0.5864340662956238,0.301277220249176,-0.12110719084739685,0.9993348717689514,562,162
65,2166,8,0.5868352651596069,0.30212971568107605,-0.045984283089637756,0.9967873096466064,563,163
65,2166,9,0.5820185542106628,0.3153921961784363,-0.10709453374147415,0.9971333742141724,558,170
65,2166,10,0.5812399983406067,0.315756618976593,-0.08681685477495193,0.9952606558799744,557,170
65,2166,11,0.5956505537033081,0.3636287450790405,-0.15594787895679474,0.9999628067016602,571,196
65,2166,12,0.5882587432861328,0.3682129681110382,0.04130549356341362,0.9981403946876526,564,198
65,2166,13,0.6180533170700073,0.45195215940475464,-0.21416474878787994,0.9788758158683777,593,244
65,2166,14,0.5792239308357239,0.4538089334964752,0.054798562079668045,0.05583563074469566,556,245
65,2166,15,0.6408694982528687,0.5331838726997375,-0.2612825930118561,0.900987982749939,615,287
65,2166,16,0.5405883193016052,0.4972371459007263,-0.004280553665012121,0.23824842274188995,518,268
65,2166,17,0.6491974592208862,0.5552930235862732,-0.2847582697868347,0.8793173432350159,623,299
65,2166,18,0.529960572719574,0.50832200050354,-0.010647942312061787,0.2680976688861847,508,274
65,2166,19,0.6461429595947266,0.5587398409843445,-0.29101890325546265,0.8763300180435181,620,301
65,2166,20,0.5273165106773376,0.5069413781166077,-0.03332781791687012,0.27840346097946167,506,273
65,2166,21,0.6394741535186768,0.550797700881958,-0.26437488198280334,0.829436182975769,613,297
65,2166,22,0.5325559377670288,0.5033748745918274,-0.016794078052043915,0.2796734869480133,511,271
65,2166,23,0.5946983695030212,0.5317571759223938,-0.06742338091135025,0.9999383687973022,570,287
65,2166,24,0.598495602607727,0.52605801820755,0.06727743148803711,0.9998462200164795,574,284
65,2166,25,0.5525100231170654,0.6389575004577637,-0.03209756314754486,0.9728230237960815,530,345
65,2166,26,0.6203575730323792,0.6268075704574585,0.09930135309696198,0.6492327451705933,595,338
65,2166,27,0.531072735786438,0.7625159621238708,-0.018603961914777756,0.9579103589057922,509,411
65,2166,28,0.6466906666755676,0.7425320744514465,0.15175403654575348,0.7924525737762451,620,400
65,2166,29,0.5347456336021423,0.7879823446273804,-0.020978452637791634,0.9009358286857605,513,425
65,2166,30,0.6587432622909546,0.7619376182556152,0.1554328054189682,0.8138940930366516,632,411
65,2166,31,0.49695122241973877,0.7717572450637817,-0.07652080804109573,0.9485278129577637,477,416
65,2166,32,0.6218852400779724,0.7748115658760071,0.13006770610809326,0.8260873556137085,597,418
66,2200,0,0.5661585927009583,0.3115139901638031,-0.09439869970083237,0.9978113174438477,543,168
66,2200,1,0.5682880282402039,0.30242183804512024,-0.11119437217712402,0.998125433921814,545,163
66,2200,2,0.5680732131004333,0.3025805354118347,-0.11132645606994629,0.9983111023902893,545,163
66,2200,3,0.5676489472389221,0.30271878838539124,-0.11127206683158875,0.9987562894821167,544,163
66,2200,4,0.5699405074119568,0.3021775782108307,-0.09588053822517395,0.9979063868522644,547,163
66,2200,5,0.5708144903182983,0.30224013328552246,-0.09615601599216461,0.9981041550636292,547,163
66,2200,6,0.5716115236282349,0.30288514494895935,-0.09645935893058777,0.9983178377151489,548,163
66,2200,7,0.570160984992981,0.30826494097709656,-0.11816500872373581,0.999401330947876,547,166
66,2200,8,0.5756341814994812,0.3087882697582245,-0.044060949236154556,0.9971078038215637,552,166
66,2200,9,0.567145049571991,0.3215007781982422,-0.09753158688545227,0.9974197149276733,544,173
66,2200,10,0.5684143304824829,0.32165536284446716,-0.07878254354000092,0.9957337975502014,545,173
66,2200,11,0.5776696801185608,0.37261632084846497,-0.1575111597776413,0.9999664425849915,554,201
66,2200,12,0.5755101442337036,0.3734469413757324,0.033937517553567886,0.9983195662498474,552,201
66,2200,13,0.6082236170768738,0.45470836758613586,-0.2103409618139267,0.9809847474098206,583,245
66,2200,14,0.5631124973297119,0.45569396018981934,0.04962802678346634,0.0734056904911995,540,246
66,2200,15,0.6353063583374023,0.5319592356681824,-0.24888505041599274,0.910878598690033,609,287
66,2200,16,0.5251747369766235,0.49167871475219727,0.0039446246810257435,0.300175279378891,504,265
66,2200,17,0.6435753107070923,0.5533353090286255,-0.270209401845932,0.8913619518280029,617,298
66,2200,18,0.5152600407600403,0.49817612767219543,-0.006774702575057745,0.3291938602924347,494,269
66,2200,19,0.6401135921478271,0.5585746169090271,-0.2753242254257202,0.888674795627594,614,301
66,2200,20,0.5110713839530945,0.4969630539417267,-0.022303862497210503,0.3401760160923004,490,268
66,2200,21,0.6349937319755554,0.5504693388938904,-0.2515529990196228,0.8464615941047668,609,297
66,2200,22,0.517174482345581,0.49437087774276733,-0.007016543764621019,0.341946542263031,496,266
66,2200,23,0.5778164267539978,0.5386115312576294,-0.06692220270633698,0.999943196773529,554,290
66,2200,24,0.5843822360038757,0.5309699177742004,0.0667896494269371,0.9998573660850525,561,286
66,2200,25,0.5370185375213623,0.6457437872886658,-0.028341596946120262,0.9755213856697083,515,348
66,2200,26,0.6129086017608643,0.6276021003723145,0.10907622426748276,0.6837358474731445,588,338
66,2200,27,0.5049982070922852,0.7630303502082825,-0.009764030575752258,0.9621049761772156,484,412
66,2200,28,0.6443987488746643,0.7401569485664368,0.1595105528831482,0.813146710395813,618,399
66,2200,29,0.5047315955162048,0.787969708442688,-0.010858057998120785,0.9108003377914429,484,425
66,2200,30,0.65483558177948,0.7586186528205872,0.16319550573825836,0.8324618935585022,628,409
66,2200,31,0.47639772295951843,0.7608146667480469,-0.0587172694504261,0.9536473751068115,457,410
66,2200,32,0.6210130453109741,0.7740857601165771,0.14339011907577515,0.8434014320373535,596,418
67,2233,0,0.5656288266181946,0.31297391653060913,-0.08109663426876068,0.9980286955833435,543,169
67,2233,1,0.5672528743743896,0.3036377429962158,-0.09791409224271774,0.9983107447624207,544,163
67,2233,2,0.5670191049575806,0.3037813603878021,-0.09805238246917725,0.998478889465332,544,164
67,2233,3,0.5665815472602844,0.30393335223197937,-0.09802421927452087,0.9988794326782227,543,164
67,2233,4,0.5688068270683289,0.3033057153224945,-0.0806647464632988,0.9981139302253723,546,163
67,2233,5,0.5696635842323303,0.30363574624061584,-0.08083296567201614,0.9982926249504089,546,163
67,2233,6,0.5703453421592712,0.3038865327835083,-0.08092518895864487,0.9984841346740723,547,164
67,2233,7,0.5684986114501953,0.3094364404678345,-0.11337093263864517,0.9994608759880066,545,167
67,2233,8,0.5745067596435547,0.3094620406627655,-0.03958837687969208,0.9973945617675781,551,167
67,2233,9,0.566423773765564,0.32248228788375854,-0.0908050462603569,0.9976767301559448,543,174
67,2233,10,0.5677949786186218,0.32289087772369385,-0.06899482756853104,0.9961581826210022,545,174
67,2233,11,0.5767238736152649,0.37540963292121887,-0.15236759185791016,0.9999696612358093,553,202
67,2233,12,0.5729405879974365,0.37599286437034607,0.03861670196056366,0.9984784126281738,550,203
67,2233,13,0.6052858829498291,0.45468395948410034,-0.20647956430912018,0.9828730225563049,581,245
67,2233,14,0.5612165927886963,0.4567999243736267,0.051142528653144836,0.07646596431732178,538,246
67,2233,15,0.6329249739646912,0.5299472808837891,-0.25072866678237915,0.919747531414032,607,286
67,2233,16,0.523710310459137,0.4922391474246979,0.0004584718553815037,0.33595067262649536,502,265
67,2233,17,0.6423071026802063,0.5515280961990356,-0.2728786766529083,0.9021411538124084,616,297
67,2233,18,0.514402449131012,0.4993456304073334,-0.005435439758002758,0.36896857619285583,493,269
67,2233,19,0.6387836337089539,0.5572963953018188,-0.27841416001319885,0.8997272253036499,613,300
67,2233,20,0.5106019377708435,0.4973509609699249,-0.02661759778857231,0.3818095028400421,490,268
67,2233,21,0.634179413318634,0.5499257445335388,-0.25366780161857605,0.8616999983787537,608,296
67,2233,22,0.5159854292869568,0.4953807592391968,-0.011731249280273914,0.3851369321346283,495,267
67,2233,23,0.5760358572006226,0.5400024652481079,-0.06689070910215378,0.9999478459358215,552,291
67,2233,24,0.583217203617096,0.5338013172149658,0.06673947721719742,0.9998687505722046,559,288
67,2233,25,0.5363744497299194,0.6482999324798584,-0.022007616236805916,0.9778987169265747,514,350
67,2233,26,0.6097568273544312,0.6287087202072144,0.07572164386510849,0.7146353125572205,585,339
67,2233,27,0.5043132305145264,0.7627015709877014,-0.006251240149140358,0.9658629894256592,484,411
67,2233,28,0.6435316801071167,0.7383751273155212,0.11645826697349548,0.8317291140556335,617,398
67,2233,29,0.5045295357704163,0.7884973883628845,-0.006503721233457327,0.919621467590332,484,425
67,2233,30,0.6541932821273804,0.7574036717414856,0.11914154887199402,0.8491465449333191,628,408
67,2233,31,0.4738127589225769,0.7559929490089417,-0.05462702736258507,0.9582229852676392,454,408
67,2233,32,0.6209052801132202,0.7732102274894714,0.0952371284365654,0.8589377403259277,596,417
68,2266,0,0.547768235206604,0.3166077733039856,-0.08627788722515106,0.9982251524925232,525,170
68,2266,1,0.5498179197311401,0.3075789511203766,-0.09988865256309509,0.998478353023529,527,166
68,2266,2,0.5497300624847412,0.3077298700809479,-0.10001671314239502,0.9986304044723511,527,166
68,2266,3,0.5494133234024048,0.30788740515708923,-0.10000444203615189,0.9989907145500183,527,166
68,2266,4,0.5514127016067505,0.3074420392513275,-0.08264245837926865,0.9983015060424805,529,166
68,2266,5,0.5524173974990845,0.30739694833755493,-0.08277363330125809,0.9984627366065979,530,165
68,2266,6,0.553240180015564,0.30729788541793823,-0.08279133588075638,0.9986345767974854,531,165
68,2266,7,0.5527309775352478,0.3130796253681183,-0.1250367909669876,0.999514639377594,530,169
68,2266,8,0.5582665801048279,0.31193807721138,-0.0468854196369648,0.9976534247398376,535,168
68,2266,9,0.549107551574707,0.32588496804237366,-0.09300830960273743,0.9979082942008972,527,175
68,2266,10,0.5499374866485596,0.3265555202960968,-0.07120717316865921,0.9965407252311707,527,176
68,2266,11,0.5597692131996155,0.3793637454509735,-0.15789224207401276,0.9999725818634033,537,204
68,2266,12,0.5608435869216919,0.3754068613052368,0.03472970053553581,0.9986241459846497,538,202
68,2266,13,0.5909183621406555,0.45505085587501526,-0.19951169192790985,0.9845771193504333,567,245
68,2266,14,0.5457026362419128,0.457259863615036,0.04962221533060074,0.08254430443048477,523,246
68,2266,15,0.6218134760856628,0.5285881161689758,-0.2246178835630417,0.9277087450027466,596,285
68,2266,16,0.5061624050140381,0.48824435472488403,-0.0009528879309073091,0.3712584376335144,485,263
68,2266,17,0.631064236164093,0.5489029884338379,-0.239018052816391,0.9117879271507263,605,296
68,2266,18,0.49469369649887085,0.4937366545200348,-0.004675830248743296,0.4060143828392029,474,266
68,2266,19,0.6292224526405334,0.5544120073318481,-0.25054967403411865,0.9096267223358154,604,299
68,2266,20,0.49079304933547974,0.49041351675987244,-0.02664150483906269,0.4203672707080841,471,264
68,2266,21,0.6246533989906311,0.5485506057739258,-0.22993701696395874,0.8753759860992432,599,296
68,2266,22,0.4961240887641907,0.4891633093357086,-0.013230547308921814,0.4261251986026764,476,264
68,2266,23,0.5600817203521729,0.5417537093162537,-0.0667843446135521,0.9999520182609558,537,292
68,2266,24,0.5706989765167236,0.5340669751167297,0.06663011014461517,0.999879002571106,547,288
68,2266,25,0.5195477604866028,0.6496591567993164,-0.039717622101306915,0.9800567626953125,498,350
68,2266,26,0.6004993319511414,0.6313133239746094,0.08170575648546219,0.7421107888221741,576,340
68,2266,27,0.49075061082839966,0.7639453411102295,-0.029868563637137413,0.9692146182060242,471,412
68,2266,28,0.6371791362762451,0.7380485534667969,0.12268262356519699,0.84840989112854,611,398
68,2266,29,0.49196088314056396,0.791273295879364,-0.03260001167654991,0.9275091886520386,472,427
68,2266,30,0.6460391879081726,0.7536522746086121,0.12523864209651947,0.8641433715820312,620,406
68,2266,31,0.45863667130470276,0.7582794427871704,-0.08129194378852844,0.9622954726219177,440,409
68,2266,32,0.6224094033241272,0.7636215686798096,0.10131069272756577,0.8728649020195007,597,412
69,2300,0,0.5452430844306946,0.3191516697406769,-0.08949229121208191,0.9984011650085449,523,172
69,2300,1,0.5471047163009644,0.31077536940574646,-0.09967651218175888,0.9986282587051392,525,167
69,2300,2,0.5472047924995422,0.3109050691127777,-0.09980425983667374,0.9987660646438599,525,167
69,2300,3,0.5471327304840088,0.31100594997406006,-0.09978312999010086,0.9990902543067932,525,167
69,2300,4,0.547943651676178,0.3104371130466461,-0.08336543291807175,0.9984695315361023,526,167
69,2300,5,0.548627495765686,0.31035616993904114,-0.08349922299385071,0.9986152648925781,526,167
69,2300,6,0.549120306968689,0.3101782202720642,-0.08351220935583115,0.998769223690033,527,167
69,2300,7,0.5515025854110718,0.31569361686706543,-0.11880986392498016,0.999562680721283,529,170
69,2300,8,0.5542295575141907,0.31464141607284546,-0.04365473613142967,0.9978843331336975,532,169
69,2300,9,0.5466879606246948,0.32805243134498596,-0.09247192740440369,0.9981151819229126,524,177
69,2300,10,0.5477129220962524,0.32845842838287354,-0.07195679098367691,0.9968823194503784,525,177
69,2300,11,0.5589346289634705,0.38031747937202454,-0.14891865849494934,0.9999749660491943,536,205
69,2300,12,0.5590406656265259,0.37479519844055176,0.036522310227155685,0.9987507462501526,536,202
69,2300,13,0.5902569890022278,0.4551263451576233,-0.18060415983200073,0.9860684275627136,566,245
69,2300,14,0.5411703586578369,0.4573918581008911,0.0492168627679348,0.08527291566133499,519,246
69,2300,15,0.6213675141334534,0.5285406708717346,-0.20139385759830475,0.934690535068512,596,285
69,2300,16,0.5035120844841003,0.4867995083332062,-0.007452512159943581,0.3962918519973755,483,262
69,2300,17,0.6299930214881897,0.5484892725944519,-0.2157723754644394,0.9201211929321289,604,296
69,2300,18,0.49317413568496704,0.49219411611557007,-0.011762049980461597,0.43219226598739624,473,265
69,2300,19,0.627560555934906,0.5543085932731628,-0.22597023844718933,0.9182272553443909,602,299
69,2300,20,0.48950114846229553,0.4878216087818146,-0.033680565655231476,0.4483654499053955,469,263
69,2300,21,0.6233195066452026,0.5482791066169739,-0.2057444155216217,0.8873171210289001,598,296
69,2300,22,0.4945404827594757,0.4865182936191559,-0.01968023180961609,0.45616212487220764,474,262
69,2300,23,0.5577175617218018,0.5410725474357605,-0.06377627700567245,0.9999550580978394,535,292
69,2300,24,0.5664493441581726,0.534024178981781,0.06358024477958679,0.9998867511749268,543,288
69,2300,25,0.51902836561203,0.6493024826049805,-0.04040420055389404,0.9818199276924133,498,350
69,2300,26,0.5937219858169556,0.6299682259559631,0.0688631683588028,0.7656870484352112,569,340
69,2300,27,0.490823894739151,0.7637417912483215,-0.03493214771151543,0.9721996784210205,471,412
69,2300,28,0.633871853351593,0.7283061742782593,0.10334095358848572,0.8632868528366089,608,393
69,2300,29,0.4915603697299957,0.7911290526390076,-0.038658399134874344,0.9345317482948303,471,427
69,2300,30,0.6412724852561951,0.7415064573287964,0.10535101592540741,0.8775516748428345,615,400
69,2300,31,0.45804592967033386,0.7593666911125183,-0.09300711750984192,0.9659127593040466,439,410
69,2300,32,0.6216694116592407,0.756281852722168,0.0780707374215126,0.8852583765983582,596,408
70,2333,0,0.5333889126777649,0.32075005769729614,0.016748229041695595,0.9984980225563049,512,173
70,2333,1,0.533202052116394,0.312799334526062,0.0031732460483908653,0.9987261295318604,511,168
70,2333,2,0.5324600338935852,0.3130074739456177,0.003077599685639143,0.9988409280776978,511,169
70,2333,3,0.5315185189247131,0.31314709782600403,0.0030948983039706945,0.9991483688354492,510,169
70,2333,4,0.5365136861801147,0.31279456615448,0.016567744314670563,0.9985993504524231,515,168
70,2333,5,0.5381258726119995,0.3127903342247009,0.016437727957963943,0.9987334609031677,516,168
70,2333,6,0.539793074131012,0.31269311904907227,0.016412239521741867,0.9988791346549988,518,168
70,2333,7,0.5313341617584229,0.31963416934013367,-0.0419938825070858,0.9995856285095215,510,172
70,2333,8,0.5442240834236145,0.31828755140304565,0.01860341615974903,0.9980736374855042,522,171
70,2333,9,0.5334987640380859,0.3301045298576355,0.004387884866446257,0.998268187046051,512,178
70,2333,10,0.5361471772193909,0.33069735765457153,0.020790571346879005,0.9971556067466736,514,178
70,2333,11,0.5360561013221741,0.38254788517951965,-0.09668794274330139,0.9999693632125854,514,206
70,2333,12,0.5545421838760376,0.38264772295951843,0.057316914200782776,0.9988577961921692,532,206
70,2333,13,0.5309511423110962,0.45563000440597534,-0.15787069499492645,0.9864707589149475,509,246
70,2333,14,0.5598272085189819,0.4613684415817261,0.08979089558124542,0.13484987616539001,537,249
70,2333,15,0.49037250876426697,0.4923652410507202,-0.1861564815044403,0.9372914433479309,470,265
70,2333,16,0.5954134464263916,0.5175724625587463,0.07643524557352066,0.4528161585330963,571,279
70,2333,17,0.4799136221408844,0.5025936961174011,-0.20716482400894165,0.9233160614967346,460,271
70,2333,18,0.6036906838417053,0.5362409949302673,0.06982896476984024,0.48566168546676636,579,289
70,2333,19,0.47705796360969543,0.4962550401687622,-0.1984100043773651,0.9212482571601868,457,267
70,2333,20,0.6012517809867859,0.5397338271141052,0.060871705412864685,0.5001537799835205,577,291
70,2333,21,0.48133960366249084,0.49363431334495544,-0.1817050576210022,0.8879923224449158,462,266
70,2333,22,0.5973355770111084,0.53375643491745,0.0722878947854042,0.5044465661048889,573,288
70,2333,23,0.5416591763496399,0.5436644554138184,-0.05652705952525139,0.9999549984931946,519,293
70,2333,24,0.5561572909355164,0.5386889576911926,0.05641219764947891,0.9998930096626282,533,290
70,2333,25,0.4992881119251251,0.6490501165390015,-0.019090449437499046,0.9780868887901306,479,350
70,2333,26,0.5698261260986328,0.6293857097625732,0.06432691961526871,0.7405405044555664,547,339
70,2333,27,0.48185011744499207,0.767490565776825,-0.009258734993636608,0.9735121726989746,462,414
70,2333,28,0.6139602065086365,0.7045010328292847,0.095540352165699,0.8377501368522644,589,380
70,2333,29,0.4863714873790741,0.7926262617111206,-0.009186076000332832,0.9390417337417603,466,428
70,2333,30,0.6227244138717651,0.7209829688072205,0.09865299612283707,0.8764126300811768,597,389
70,2333,31,0.4496718943119049,0.7692421674728394,-0.041955385357141495,0.9643951654434204,431,415
70,2333,32,0.6098567247390747,0.7183200120925903,0.08354747295379639,0.8487026691436768,585,387
71,2366,0,0.5306344628334045,0.3237370550632477,0.025386115536093712,0.9986279606819153,509,174
71,2366,1,0.5309321284294128,0.315414160490036,0.01266979705542326,0.9988431930541992,509,170
71,2366,2,0.5301864147186279,0.31549668312072754,0.012579255737364292,0.9989436268806458,508,170
71,2366,3,0.5293009281158447,0.31547316908836365,0.012599038891494274,0.9992241859436035,508,170
71,2366,4,0.5338389277458191,0.3154049515724182,0.026663312688469887,0.9987339973449707,512,170
71,2366,5,0.5350958108901978,0.31547248363494873,0.026506004855036736,0.9988555908203125,513,170
71,2366,6,0.5365790128707886,0.31538456678390503,0.026466315612196922,0.9989882111549377,515,170
71,2366,7,0.5302107334136963,0.3215535879135132,-0.026773810386657715,0.9996205568313599,509,173
71,2366,8,0.5409584641456604,0.32112234830856323,0.03541427105665207,0.9982605576515198,519,173
71,2366,9,0.5307887196540833,0.33267542719841003,0.015098074451088905,0.9984288215637207,509,179
71,2366,10,0.5331259369850159,0.3333631455898285,0.03201775252819061,0.9974287152290344,511,180
71,2366,11,0.534885048866272,0.38388729095458984,-0.07296856492757797,0.9999669790267944,513,207
71,2366,12,0.5524933934211731,0.3813599646091461,0.07420745491981506,0.998964250087738,530,205
71,2366,13,0.5264748930931091,0.4598519206047058,-0.1035342738032341,0.9865867495536804,505,248
71,2366,14,0.5685933828353882,0.46174684166908264,0.10043217241764069,0.1854221671819687,545,249
71,2366,15,0.48598629236221313,0.48654162883758545,-0.09706513583660126,0.9396486282348633,466,262
71,2366,16,0.6021038293838501,0.5244662761688232,0.07600883394479752,0.5029422640800476,578,283
71,2366,17,0.47645384073257446,0.4970746636390686,-0.109869584441185,0.9258789420127869,457,268
71,2366,18,0.6097219586372375,0.5426328182220459,0.06935930997133255,0.5327964425086975,585,293
71,2366,19,0.47456735372543335,0.48852184414863586,-0.10199575126171112,0.9235389232635498,455,263
71,2366,20,0.6067825555801392,0.547608494758606,0.06073864921927452,0.5457063913345337,582,295
71,2366,21,0.4787159264087677,0.48561984300613403,-0.09158872067928314,0.8884789943695068,459,262
71,2366,22,0.6027956604957581,0.5417289733886719,0.07162759453058243,0.5467059016227722,578,292
71,2366,23,0.5415503978729248,0.5430444478988647,-0.05260443314909935,0.9999571442604065,519,293
71,2366,24,0.5533932447433472,0.5380491018295288,0.0525081641972065,0.9999014735221863,531,290
71,2366,25,0.4980120062828064,0.6488789916038513,-0.024468915536999702,0.9787072539329529,478,350
71,2366,26,0.5646089315414429,0.6278783082962036,0.038968343287706375,0.7478588819503784,542,339
71,2366,27,0.48061397671699524,0.7675763964653015,-0.021032268181443214,0.9756471514701843,461,414
71,2366,28,0.6110029220581055,0.7009148001670837,0.06913746893405914,0.8381502032279968,586,378
71,2366,29,0.4849849343299866,0.7934873104095459,-0.02137688733637333,0.9440484046936035,465,428
71,2366,30,0.6184805631637573,0.7194185853004456,0.07234858721494675,0.8825790286064148,593,388
71,2366,31,0.44766342639923096,0.7740288972854614,-0.05794140323996544,0.966292679309845,429,417
71,2366,32,0.6102162003517151,0.7180032134056091,0.054998479783535004,0.8430901765823364,585,387
72,2400,0,0.5164429545402527,0.3233102858066559,0.011826387606561184,0.9987338781356812,495,174
72,2400,1,0.516291081905365,0.31478044390678406,-0.0007267649634741247,0.9989379644393921,495,169
72,2400,2,0.5153946876525879,0.31484684348106384,-0.0008156182011589408,0.9990300536155701,494,170
72,2400,3,0.5143346190452576,0.3148513734340668,-0.0008093375945463777,0.9992848634719849,493,170
72,2400,4,0.5196200609207153,0.31472063064575195,0.014007930643856525,0.9988467693328857,498,169
72,2400,5,0.5210813879966736,0.3147535026073456,0.01387696247547865,0.9989601373672485,500,169
72,2400,6,0.5226153135299683,0.3146398067474365,0.013857700861990452,0.9990806579589844,501,169
72,2400,7,0.513581395149231,0.32078251242637634,-0.04059003293514252,0.9996523261070251,493,173
72,2400,8,0.5265363454818726,0.32064446806907654,0.025768620893359184,0.9984267950057983,505,173
72,2400,9,0.5155126452445984,0.3325834274291992,0.0010907085379585624,0.9985743165016174,494,179
72,2400,10,0.5184684991836548,0.33315175771713257,0.019172079861164093,0.9976707696914673,497,179
72,2400,11,0.5193193554878235,0.38268640637397766,-0.095266193151474,0.9999682307243347,498,206
72,2400,12,0.5353087782859802,0.38430529832839966,0.07150338590145111,0.9990556240081787,513,207
72,2400,13,0.5169186592102051,0.4598979353904724,-0.1482192426919937,0.9878869652748108,496,248
72,2400,14,0.5614327192306519,0.46712031960487366,0.10007178783416748,0.226437509059906,538,252
72,2400,15,0.474247545003891,0.487747460603714,-0.21147076785564423,0.9456031322479248,455,263
72,2400,16,0.5861192345619202,0.5370940566062927,0.08429477363824844,0.5501767992973328,562,290
72,2400,17,0.46352168917655945,0.5002607703208923,-0.23942282795906067,0.9331557154655457,444,270
72,2400,18,0.5920535326004028,0.5544712543487549,0.07794888317584991,0.5775458216667175,568,299
72,2400,19,0.46004992723464966,0.4922289252281189,-0.22391337156295776,0.931037425994873,441,265
72,2400,20,0.5892602801322937,0.5587435960769653,0.0675516277551651,0.5892283320426941,565,301
72,2400,21,0.4644751250743866,0.48864778876304626,-0.2045345902442932,0.8992823958396912,445,263
72,2400,22,0.5863360166549683,0.554092526435852,0.07931924611330032,0.5888923406600952,562,299
72,2400,23,0.5267441272735596,0.5432592630386353,-0.054530348628759384,0.9999597072601318,505,293
72,2400,24,0.5372531414031982,0.5416141748428345,0.054440028965473175,0.9999091029167175,515,292
72,2400,25,0.48476213216781616,0.6481512784957886,-0.02267245575785637,0.979828953742981,465,350
72,2400,26,0.5537166595458984,0.6451939344406128,0.033199530094861984,0.7649489641189575,531,348
72,2400,27,0.47936707735061646,0.7680200934410095,-0.0012639120686799288,0.977864682674408,460,414
72,2400,28,0.6077911257743835,0.7074430584907532,0.05777837708592415,0.8492205142974854,583,382
72,2400,29,0.4857269525527954,0.7933921813964844,0.0002439519012114033,0.9491966366767883,466,428
72,2400,30,0.6176920533180237,0.7212696075439453,0.06055532768368721,0.89255291223526,592,389
72,2400,31,0.44400832056999207,0.7817824482917786,-0.03547241538763046,0.9690451622009277,426,422
72,2400,32,0.6023147702217102,0.7476526498794556,0.04120340198278427,0.8525786995887756,578,403
73,2433,0,0.515375554561615,0.3228894770145416,0.04202301800251007,0.9988532066345215,494,174
73,2433,1,0.5149773955345154,0.3144771456718445,0.0293128602206707,0.9990398287773132,494,169
73,2433,2,0.5138794183731079,0.31455856561660767,0.029234755784273148,0.9991226196289062,493,169
73,2433,3,0.5126960873603821,0.31459715962409973,0.029253249987959862,0.9993526339530945,492,169
73,2433,4,0.5183274745941162,0.314368337392807,0.04314686357975006,0.9989596605300903,497,169
73,2433,5,0.5195637345314026,0.31441375613212585,0.043013181537389755,0.9990622401237488,498,169
73,2433,6,0.5208951234817505,0.3143191635608673,0.04300277680158615,0.9991710186004639,500,169
73,2433,7,0.5124011635780334,0.32117292284965515,-0.01424285490065813,0.9996854066848755,491,173
73,2433,8,0.524787425994873,0.32098910212516785,0.04779089242219925,0.9985823035240173,503,173
73,2433,9,0.5141050815582275,0.3323778212070465,0.030051181092858315,0.9987133741378784,493,179
73,2433,10,0.517240583896637,0.3329663872718811,0.04684171825647354,0.9978998899459839,496,179
73,2433,11,0.5166642665863037,0.3822656273841858,-0.07252489030361176,0.9999704360961914,495,206
73,2433,12,0.5338816046714783,0.38360315561294556,0.08764331787824631,0.999146044254303,512,207
73,2433,13,0.514441967010498,0.46096497774124146,-0.13117890059947968,0.9890259504318237,493,248
73,2433,14,0.5597625970840454,0.4674696922302246,0.1186537966132164,0.2742510735988617,537,252
73,2433,15,0.47544267773628235,0.48569613695144653,-0.16339735686779022,0.9509221911430359,456,262
73,2433,16,0.5833129286766052,0.5370469093322754,0.10963492095470428,0.5929390788078308,559,290
73,2433,17,0.465719997882843,0.49864235520362854,-0.18414336442947388,0.9396588206291199,447,269
73,2433,18,0.589758574962616,0.5537291169166565,0.10520907491445541,0.6174902319908142,566,299
73,2433,19,0.462438702583313,0.48999571800231934,-0.17149238288402557,0.9377337694168091,443,264
73,2433,20,0.5863180756568909,0.5572707056999207,0.09601243585348129,0.6279534101486206,562,300
73,2433,21,0.4664415121078491,0.48562729358673096,-0.15701457858085632,0.9088745713233948,447,262
73,2433,22,0.5830560326576233,0.5529114603996277,0.1051790863275528,0.626233696937561,559,298
73,2433,23,0.5256483554840088,0.5430704355239868,-0.05456215888261795,0.9999629259109497,504,293
73,2433,24,0.5385555028915405,0.5408467054367065,0.054483406245708466,0.9999171495437622,517,292
73,2433,25,0.483380526304245,0.6474418640136719,-0.019779281690716743,0.9814748764038086,464,349
73,2433,26,0.5558640956878662,0.6480969786643982,0.03034556843340397,0.7868265509605408,533,349
73,2433,27,0.4779089689254761,0.7696877121925354,0.0011599226854741573,0.9799306988716125,458,415
73,2433,28,0.6097223162651062,0.7114827036857605,0.058964021503925323,0.8631289601325989,585,384
73,2433,29,0.4855059087276459,0.794780433177948,0.0021181704942137003,0.9538936018943787,466,429
73,2433,30,0.6196934580802917,0.7211475372314453,0.06226605176925659,0.9027321934700012,594,389
73,2433,31,0.4437691867351532,0.7836045026779175,-0.034385357052087784,0.9717265367507935,426,423
73,2433,32,0.6056268215179443,0.7585246562957764,0.043380919843912125,0.86538165807724,581,409
74,2466,0,0.4972606599330902,0.32248538732528687,0.01322692260146141,0.9989529848098755,477,174
74,2466,1,0.49787017703056335,0.3142555356025696,0.00011749804980354384,0.9991271495819092,477,169
74,2466,2,0.4971151053905487,0.3143691420555115,2.7390042305341922e-05,0.9992026090621948,477,169
74,2466,3,0.49619877338409424,0.3144177198410034,6.397822289727628e-05,0.9994106292724609,476,169
74,2466,4,0.5009944438934326,0.3140837550163269,0.016957174986600876,0.9990571141242981,480,169
74,2466,5,0.5023562908172607,0.31415677070617676,0.016813110560178757,0.9991509318351746,482,169
74,2466,6,0.5035976767539978,0.3141123652458191,0.016792865470051765,0.999249279499054,483,169
74,2466,7,0.4971228837966919,0.3210134506225586,-0.03892506659030914,0.9997139573097229,477,173
74,2466,8,0.507855236530304,0.3205713927745819,0.036049552261829376,0.9987185001373291,487,173
74,2466,9,0.4970828592777252,0.33196914196014404,0.0030643544159829617,0.9988333582878113,477,179
74,2466,10,0.49957674741744995,0.33256766200065613,0.02366315759718418,0.9980988502502441,479,179
74,2466,11,0.502730131149292,0.382142573595047,-0.09171903133392334,0.9999722838401794,482,206
74,2466,12,0.5190878510475159,0.38316482305526733,0.0920010656118393,0.9992173314094543,498,206
74,2466,13,0.5016339421272278,0.46327582001686096,-0.1428842395544052,0.9900723695755005,481,250
74,2466,14,0.5330358743667603,0.46682214736938477,0.1325296014547348,0.28564906120300293,511,252
74,2466,15,0.4650920331478119,0.492031067609787,-0.15830597281455994,0.9557594656944275,446,265
74,2466,16,0.5592309236526489,0.5328598022460938,0.12265289574861526,0.6212967038154602,536,287
74,2466,17,0.45627301931381226,0.5066994428634644,-0.17740140855312347,0.945579469203949,438,273
74,2466,18,0.5675100684165955,0.5518680810928345,0.11994300037622452,0.6446340084075928,544,298
74,2466,19,0.45353376865386963,0.5009335279464722,-0.16692858934402466,0.9438358545303345,435,270
74,2466,20,0.5684365630149841,0.5512902140617371,0.10851762443780899,0.654231071472168,545,297
74,2466,21,0.45700326561927795,0.4960751533508301,-0.15241293609142303,0.9176943302154541,438,267
74,2466,22,0.5633910298347473,0.5454180240631104,0.11691395193338394,0.6491855978965759,540,294
74,2466,23,0.5098481178283691,0.5430217981338501,-0.05627385899424553,0.999966025352478,489,293
74,2466,24,0.5220227837562561,0.5404008030891418,0.05626983568072319,0.9999243021011353,501,291
74,2466,25,0.4714665114879608,0.6466649770736694,-0.017150389030575752,0.9831600785255432,452,349
74,2466,26,0.5264700055122375,0.6507079005241394,0.03602246567606926,0.8066704869270325,505,351
74,2466,27,0.4763226807117462,0.7693843841552734,0.016942286863923073,0.9818878173828125,457,415
74,2466,28,0.5829336047172546,0.7091670632362366,0.07500847429037094,0.8759487867355347,559,382
74,2466,29,0.4846113324165344,0.7942796945571899,0.01878264546394348,0.9582927227020264,465,428
74,2466,30,0.5928874611854553,0.7098365426063538,0.07885077595710754,0.9118475317955017,569,383
74,2466,31,0.44109660387039185,0.7887017130851746,-0.022586219012737274,0.9744378924369812,423,425
74,2466,32,0.5856523513793945,0.7522101998329163,0.05667460337281227,0.8778975009918213,562,406
75,2500,0,0.4980749189853668,0.32209938764572144,0.0007974490872584283,0.9990308880805969,478,173
75,2500,1,0.4979906380176544,0.3137626051902771,-0.011361224576830864,0.9991999864578247,478,169
75,2500,2,0.4969819188117981,0.31387192010879517,-0.01146138645708561,0.9992722272872925,477,169
75,2500,3,0.49589622020721436,0.31391841173171997,-0.01142822578549385,0.999459981918335,476,169
75,2500,4,0.5010671019554138,0.31361132860183716,0.005220523104071617,0.9991374611854553,481,169
75,2500,5,0.5022180080413818,0.31368929147720337,0.005075449123978615,0.9992258548736572,482,169
75,2500,6,0.5035425424575806,0.3136512339115143,0.005048643331974745,0.9993127584457397,483,169
75,2500,7,0.4961323142051697,0.32038116455078125,-0.047298409044742584,0.9997397065162659,476,173
75,2500,8,0.5077788233757019,0.32004910707473755,0.027149055153131485,0.998835027217865,487,172
75,2500,9,0.4975043535232544,0.3316096067428589,-0.008248318918049335,0.9989352226257324,477,179
75,2500,10,0.5006963014602661,0.33217570185661316,0.01210553478449583,0.9982624053955078,480,179
75,2500,11,0.5029705762863159,0.3815684914588928,-0.0982760339975357,0.9999739527702332,482,206
75,2500,12,0.5163703560829163,0.38187941908836365,0.08702559024095535,0.9992426633834839,495,206
75,2500,13,0.5007239580154419,0.464782178401947,-0.14762765169143677,0.9910362362861633,480,250
75,2500,14,0.5247933864593506,0.46450191736221313,0.12528325617313385,0.27294206619262695,503,250
75,2500,15,0.46512582898139954,0.4941561222076416,-0.16657893359661102,0.9601470232009888,446,266
75,2500,16,0.5393493175506592,0.5310074090957642,0.11766018718481064,0.598352313041687,517,286
75,2500,17,0.4560961425304413,0.5095406174659729,-0.1865711361169815,0.950962483882904,437,275
75,2500,18,0.5431671738624573,0.5475592017173767,0.11582578718662262,0.624529242515564,521,295
75,2500,19,0.4531990885734558,0.5035755038261414,-0.17745256423950195,0.9493895173072815,435,271
75,2500,20,0.5417314767837524,0.5487303137779236,0.10322775691747665,0.633766770362854,520,296
75,2500,21,0.457095205783844,0.49855589866638184,-0.1616666465997696,0.925780713558197,438,269
75,2500,22,0.5392864942550659,0.5449596047401428,0.11109048873186111,0.6269147992134094,517,294
75,2500,23,0.5086085200309753,0.5426498651504517,-0.05776282399892807,0.999968945980072,488,293
75,2500,24,0.5191526412963867,0.5402454733848572,0.05779564008116722,0.9999303817749023,498,291
75,2500,25,0.47065141797065735,0.6459779739379883,-0.02161804959177971,0.9847779870033264,451,348
75,2500,26,0.5272215008735657,0.6511498093605042,0.0371357724070549,0.825619637966156,506,351
75,2500,27,0.47652968764305115,0.7706784009933472,0.009457439184188843,0.9836667776107788,457,416
75,2500,28,0.5812587141990662,0.7087196111679077,0.08622489124536514,0.888130784034729,558,382
75,2500,29,0.48515450954437256,0.7955993413925171,0.010380328632891178,0.9622772336006165,465,429
75,2500,30,0.5897755026817322,0.7041172385215759,0.09479664266109467,0.9204853773117065,566,380
75,2500,31,0.44276848435401917,0.7910141348838806,-0.02902936190366745,0.9769147038459778,425,427
75,2500,32,0.5862770676612854,0.7496317625045776,0.07358942925930023,0.8897970914840698,562,404
76,2533,0,0.4786672592163086,0.3187769949436188,-0.007930218242108822,0.9990234971046448,459,172
76,2533,1,0.47992318868637085,0.3101855516433716,-0.02347787655889988,0.9992135763168335,460,167
76,2533,2,0.479458749294281,0.3102915585041046,-0.023593399673700333,0.9992902278900146,460,167
76,2533,3,0.4787926971912384,0.31040361523628235,-0.023567739874124527,0.9994714856147766,459,167
76,2533,4,0.4823593199253082,0.30980437994003296,-0.003148663556203246,0.9991592168807983,463,167
76,2533,5,0.48349153995513916,0.30963966250419617,-0.003329397179186344,0.9992501735687256,464,167
76,2533,6,0.4850858449935913,0.30923113226890564,-0.0034249594900757074,0.999332070350647,465,166
76,2533,7,0.48005738854408264,0.3156404495239258,-0.06301132589578629,0.9997513890266418,460,170
76,2533,8,0.4892110526561737,0.3144380748271942,0.026047561317682266,0.9988855719566345,469,169
76,2533,9,0.47980138659477234,0.32819145917892456,-0.018331319093704224,0.9989776611328125,460,177
76,2533,10,0.4820623993873596,0.32888153195381165,0.007260835263878107,0.9983250498771667,462,177
76,2533,11,0.48761454224586487,0.3800458312034607,-0.11146704852581024,0.9999741315841675,468,205
76,2533,12,0.5007384419441223,0.37496131658554077,0.08097003400325775,0.9991946816444397,480,202
76,2533,13,0.4819470942020416,0.46700185537338257,-0.13146977126598358,0.9916909337043762,462,252
76,2533,14,0.508867621421814,0.46531012654304504,0.11215613782405853,0.2475917488336563,488,251
76,2533,15,0.4532429575920105,0.504499077796936,-0.09520559012889862,0.962851345539093,435,272
76,2533,16,0.5023622512817383,0.530072808265686,0.11331718415021896,0.5432976484298706,482,286
76,2533,17,0.4465717375278473,0.5207286477088928,-0.10616811364889145,0.9539084434509277,428,281
76,2533,18,0.5049904584884644,0.5447848439216614,0.10816696286201477,0.5699366331100464,484,294
76,2533,19,0.4451393187046051,0.5127199292182922,-0.10002128034830093,0.952385425567627,427,276
76,2533,20,0.5025400519371033,0.545123815536499,0.09078621864318848,0.5784726738929749,482,294
76,2533,21,0.447696715593338,0.5068041086196899,-0.09009384363889694,0.9295513033866882,429,273
76,2533,22,0.50217205286026,0.5406468510627747,0.10424964129924774,0.572356641292572,482,291
76,2533,23,0.49549487233161926,0.5425798296928406,-0.058580413460731506,0.9999710321426392,475,292
76,2533,24,0.5083109140396118,0.5399589538574219,0.058634597808122635,0.9999349117279053,487,291
76,2533,25,0.4651285707950592,0.6473871469497681,-0.02307048812508583,0.9860605597496033,446,349
76,2533,26,0.5006742477416992,0.6494086980819702,0.03832940384745598,0.838882327079773,480,350
76,2533,27,0.4743289351463318,0.771347165107727,0.01770225539803505,0.9852135181427002,455,416
76,2533,28,0.5566192269325256,0.7080982327461243,0.09497222304344177,0.8977404832839966,534,382
76,2533,29,0.4836600422859192,0.7955133318901062,0.020200589671730995,0.9656476378440857,464,429
76,2533,30,0.5654346942901611,0.7063629627227783,0.10163744539022446,0.9272412657737732,542,381
76,2533,31,0.4402775466442108,0.7926510572433472,-0.022806348279118538,0.9790132641792297,422,428
76,2533,32,0.5554983019828796,0.7495253682136536,0.07777402549982071,0.8990522027015686,533,404
77,2566,0,0.475707083940506,0.3174637258052826,-0.04276541247963905,0.9990896582603455,456,171
77,2566,1,0.477789044380188,0.30867496132850647,-0.05407215654850006,0.9992755651473999,458,166
77,2566,2,0.4778714179992676,0.3087550103664398,-0.05419018119573593,0.9993461966514587,458,166
77,2566,3,0.4777665436267853,0.3088339567184448,-0.05416416376829147,0.9995117783546448,458,166
77,2566,4,0.4789671003818512,0.30834007263183594,-0.0350399948656559,0.9992275834083557,459,166
77,2566,5,0.47986549139022827,0.3081797659397125,-0.03521013632416725,0.999311089515686,460,166
77,2566,6,0.48065459728240967,0.3077945411205292,-0.03529142215847969,0.9993851184844971,461,166
77,2566,7,0.4810676574707031,0.31403130292892456,-0.07821031659841537,0.99977046251297,461,169
77,2566,8,0.48598453402519226,0.31288087368011475,0.008365982212126255,0.9989697337150574,466,168
77,2566,9,0.47742289304733276,0.327039897441864,-0.04731867089867592,0.9990399479866028,458,176
77,2566,10,0.47877320647239685,0.3276786506175995,-0.02388169802725315,0.9984267354011536,459,176
77,2566,11,0.4863007664680481,0.37756434082984924,-0.12213284522294998,0.999972939491272,466,203
77,2566,12,0.4995797574520111,0.37248218059539795,0.07810000330209732,0.9991416335105896,479,201
77,2566,13,0.4816441833972931,0.46708443760871887,-0.13469403982162476,0.9921669363975525,462,252
77,2566,14,0.5031717419624329,0.464044988155365,0.10746918618679047,0.22452937066555023,483,250
77,2566,15,0.4533459544181824,0.5062353610992432,-0.09556440263986588,0.9643197059631348,435,273
77,2566,16,0.49487510323524475,0.5292218327522278,0.059054210782051086,0.49255234003067017,475,285
77,2566,17,0.4454241394996643,0.5228016972541809,-0.10580508410930634,0.9552751183509827,427,282
77,2566,18,0.496442049741745,0.5439174771308899,0.05414394289255142,0.5190092325210571,476,293
77,2566,19,0.4441017806529999,0.5145197510719299,-0.10091007500886917,0.9538318514823914,426,277
77,2566,20,0.4907507300376892,0.5439748167991638,0.038500092923641205,0.5269167423248291,471,293
77,2566,21,0.4472830891609192,0.5083389282226562,-0.09086226671934128,0.9312858581542969,429,274
77,2566,22,0.4902326166629791,0.5384601354598999,0.04971303418278694,0.5215872526168823,470,290
77,2566,23,0.4929521977901459,0.5424575805664062,-0.06004725769162178,0.9999728202819824,473,292
77,2566,24,0.5048446655273438,0.5398423671722412,0.06008848920464516,0.9999387860298157,484,291
77,2566,25,0.46447494626045227,0.6473098397254944,-0.028995634987950325,0.9871780276298523,445,349
77,2566,26,0.4975171983242035,0.6493462324142456,0.054536525160074234,0.8510757684707642,477,350
77,2566,27,0.4747077226638794,0.7709321975708008,0.012308340519666672,0.9865642786026001,455,416
77,2566,28,0.5548068881034851,0.7082756757736206,0.10028122365474701,0.9063520431518555,532,382
77,2566,29,0.48437413573265076,0.7951112389564514,0.014112535864114761,0.9686071276664734,464,429
77,2566,30,0.5654101967811584,0.70644211769104,0.10519887506961823,0.9333431124687195,542,381
77,2566,31,0.4406314790248871,0.792629599571228,-0.02905368059873581,0.9808040857315063,423,428
77,2566,32,0.5597118139266968,0.7398069500923157,0.07996482402086258,0.9070925712585449,537,399
78,2600,0,0.4594861567020416,0.308519572019577,-0.0566416010260582,0.998988926410675,441,166
78,2600,1,0.46210432052612305,0.29857853055000305,-0.0703079029917717,0.9991732835769653,443,161
78,2600,2,0.4623313248157501,0.29901665449142456,-0.07044379413127899,0.999275267124176,443,161
78,2600,3,0.46225884556770325,0.29950088262557983,-0.07042045146226883,0.9994524717330933,443,161
78,2600,4,0.463326096534729,0.2977556586265564,-0.05061925947666168,0.9991210699081421,444,160
78,2600,5,0.4643472135066986,0.29764190316200256,-0.05077703297138214,0.9992311000823975,445,160
78,2600,6,0.46536287665367126,0.29733723402023315,-0.05084913596510887,0.9993021488189697,446,160
78,2600,7,0.4665624499320984,0.3052401840686798,-0.10429277271032333,0.9997526407241821,447,164
78,2600,8,0.47147926688194275,0.30331259965896606,-0.014715324155986309,0.9988309741020203,452,163
78,2600,9,0.4620080888271332,0.3197641670703888,-0.06442350894212723,0.9989854097366333,443,172
78,2600,10,0.4633103311061859,0.3204653263092041,-0.03993368148803711,0.9983091354370117,444,173
78,2600,11,0.4728603959083557,0.373653382062912,-0.14914003014564514,0.9999712705612183,453,201
78,2600,12,0.48273926973342896,0.3667643964290619,0.06494473665952682,0.9990036487579346,463,198
78,2600,13,0.47942018508911133,0.4656352996826172,-0.1633945256471634,0.9924075603485107,460,251
78,2600,14,0.4885580241680145,0.462144136428833,0.08931238204240799,0.20296549797058105,469,249
78,2600,15,0.45247024297714233,0.5126412510871887,-0.1290864497423172,0.964634120464325,434,276
78,2600,16,0.48615533113479614,0.5297508835792542,0.04408852010965347,0.4451177418231964,466,286
78,2600,17,0.44359511137008667,0.5318272709846497,-0.14428046345710754,0.954591691493988,425,287
78,2600,18,0.4902607798576355,0.5474358797073364,0.03933100774884224,0.4704343378543854,470,295
78,2600,19,0.4418866038322449,0.5234878659248352,-0.13904088735580444,0.9529588222503662,424,282
78,2600,20,0.48342350125312805,0.5454731583595276,0.024478580802679062,0.4776005744934082,464,294
78,2600,21,0.4458225667476654,0.5159870386123657,-0.12529988586902618,0.9284973740577698,427,278
78,2600,22,0.4831591546535492,0.5415319800376892,0.03550304099917412,0.47278550267219543,463,292
78,2600,23,0.48063984513282776,0.5420548319816589,-0.0667976662516594,0.9999729990959167,461,292
78,2600,24,0.4846724569797516,0.5373155474662781,0.06681447476148605,0.9999373555183411,465,290
78,2600,25,0.46198031306266785,0.6479596495628357,-0.034129057079553604,0.9877647757530212,443,349
78,2600,26,0.4780932068824768,0.6414245367050171,0.12309421598911285,0.8226093053817749,458,346
78,2600,27,0.4743986427783966,0.7706529498100281,0.01845332235097885,0.9876076579093933,455,416
78,2600,28,0.5279878377914429,0.7092673182487488,0.19217582046985626,0.9055058360099792,506,383
78,2600,29,0.4848173260688782,0.7948350310325623,0.02104266732931137,0.9701987504959106,465,429
78,2600,30,0.5418964624404907,0.7138742804527283,0.19748812913894653,0.9330989718437195,520,385
78,2600,31,0.4412955939769745,0.793489396572113,-0.028534187003970146,0.9819892048835754,423,428
78,2600,32,0.5099428296089172,0.7406964302062988,0.1720917522907257,0.9071643352508545,489,399
79,2633,0,0.4597591161727905,0.3074554204940796,-0.059839971363544464,0.9989168643951416,441,166
79,2633,1,0.4624508023262024,0.2976956069469452,-0.07297510653734207,0.9991273283958435,443,160
79,2633,2,0.46309545636177063,0.29800570011138916,-0.07311181724071503,0.99924236536026,444,160
79,2633,3,0.4632411599159241,0.29837238788604736,-0.07308292388916016,0.9994232058525085,444,161
79,2633,4,0.46293526887893677,0.2970355451107025,-0.05388408526778221,0.9990691542625427,444,160
79,2633,5,0.4639209508895874,0.2968562841415405,-0.05403928831219673,0.999184787273407,445,160
79,2633,6,0.46438130736351013,0.2965528964996338,-0.054110653698444366,0.9992483854293823,445,160
79,2633,7,0.46808093786239624,0.3038318157196045,-0.10311544686555862,0.9997464418411255,449,164
79,2633,8,0.46940678358078003,0.30198630690574646,-0.016905315220355988,0.9987528920173645,450,163
79,2633,9,0.4624948799610138,0.31824588775634766,-0.06623586267232895,0.9989261031150818,443,171
79,2633,10,0.4626302421092987,0.31864801049232483,-0.042557068169116974,0.9981792569160461,444,172
79,2633,11,0.4732092618942261,0.3697664141654968,-0.1494404673576355,0.9999693036079407,454,199
79,2633,12,0.4825531244277954,0.36619317531585693,0.06428457796573639,0.998721182346344,463,197
79,2633,13,0.4780415892601013,0.4622325003147125,-0.17114335298538208,0.9927783012390137,458,249
79,2633,14,0.484976589679718,0.45886868238449097,0.09051118791103363,0.18308280408382416,465,247
79,2633,15,0.4505036473274231,0.5164665579795837,-0.13547703623771667,0.9661779403686523,432,278
79,2633,16,0.4826742112636566,0.5289481282234192,0.05083587393164635,0.4017123579978943,463,285
79,2633,17,0.4432438611984253,0.5354632139205933,-0.14605644345283508,0.955821692943573,425,289
79,2633,18,0.4820905923843384,0.5469086766242981,0.044300127774477005,0.4257541596889496,462,295
79,2633,19,0.4409996569156647,0.5289645791053772,-0.14470867812633514,0.954153835773468,423,285
79,2633,20,0.4779762029647827,0.5471124053001404,0.03173547238111496,0.43222278356552124,458,295
79,2633,21,0.4435652792453766,0.5215332508087158,-0.13115893304347992,0.9293791651725769,425,281
79,2633,22,0.4783216118812561,0.5411402583122253,0.04314456507563591,0.4280856251716614,459,292
79,2633,23,0.47786375880241394,0.5439026951789856,-0.0674072727560997,0.9999728202819824,458,293
79,2633,24,0.4817122220993042,0.540822446346283,0.06741313636302948,0.9999338984489441,462,292
79,2633,25,0.4639524221420288,0.6523754000663757,-0.016620075330138206,0.9883424043655396,445,352
79,2633,26,0.4751700460910797,0.6415417194366455,0.12616245448589325,0.8070113658905029,456,346
79,2633,27,0.4744679033756256,0.770684540271759,0.040693096816539764,0.988674521446228,455,416
79,2633,28,0.5259560942649841,0.7093411087989807,0.19071486592292786,0.9068663120269775,504,383
79,2633,29,0.48488229513168335,0.7946420311927795,0.04343467578291893,0.9721991419792175,465,429
79,2633,30,0.5386260747909546,0.7171962261199951,0.19590026140213013,0.9342564940452576,517,387
79,2633,31,0.4409545063972473,0.7935051321983337,-0.00815267488360405,0.9833741784095764,423,428
79,2633,32,0.5080007910728455,0.740419328212738,0.17142240703105927,0.9094635844230652,487,399
80,2666,0,0.44423729181289673,0.30032485723495483,-0.049189768731594086,0.9980988502502441,426,162
80,2666,1,0.4469265341758728,0.2898741364479065,-0.061212021857500076,0.9982261061668396,429,156
80,2666,2,0.44703152775764465,0.28987064957618713,-0.06133095175027847,0.9983956813812256,429,156
80,2666,3,0.4468320310115814,0.28994935750961304,-0.06130452826619148,0.9987930655479431,428,156
80,2666,4,0.448173463344574,0.289644718170166,-0.04423869028687477,0.9982569217681885,430,156
80,2666,5,0.4491068124771118,0.28967124223709106,-0.04439757391810417,0.9984474778175354,431,156
80,2666,6,0.44972553849220276,0.2894408404827118,-0.04446643963456154,0.9986806511878967,431,156
80,2666,7,0.45035675168037415,0.29538190364837646,-0.09532012045383453,0.9994813799858093,432,159
80,2666,8,0.45509546995162964,0.2953447997570038,-0.013131299987435341,0.9981220364570618,436,159
80,2666,9,0.4463757872581482,0.31052714586257935,-0.05536775290966034,0.9981754422187805,428,167
80,2666,10,0.44711941480636597,0.3111231327056885,-0.034307900816202164,0.9971581101417542,429,168
80,2666,11,0.4589571952819824,0.36088845133781433,-0.12630951404571533,0.9999573230743408,440,194
80,2666,12,0.4657016098499298,0.36055099964141846,0.05506414920091629,0.9978881478309631,447,194
80,2666,13,0.4632256329059601,0.4586157500743866,-0.13902334868907928,0.9874383807182312,444,247
80,2666,14,0.4695947468280792,0.45240986347198486,0.07159621268510818,0.1649574339389801,450,244
80,2666,15,0.45331624150276184,0.5296013355255127,-0.1213771253824234,0.9358474612236023,435,285
80,2666,16,0.46555832028388977,0.5280996561050415,0.04069947823882103,0.36173802614212036,446,285
80,2666,17,0.45167168974876404,0.5533137917518616,-0.13278189301490784,0.9205572009086609,433,298
80,2666,18,0.46447306871414185,0.5469831824302673,0.03673947975039482,0.3835394084453583,445,295
80,2666,19,0.4483731687068939,0.5494184494018555,-0.1339247077703476,0.9180161356925964,430,296
80,2666,20,0.46134862303733826,0.5482284426689148,0.024476418271660805,0.38936570286750793,442,296
80,2666,21,0.4495834410190582,0.5440396666526794,-0.11990513652563095,0.8837806582450867,431,293
80,2666,22,0.46151870489120483,0.5408099889755249,0.03361046686768532,0.38567787408828735,443,292
80,2666,23,0.4663234055042267,0.5209055542945862,-0.06047147512435913,0.9999450445175171,447,281
80,2666,24,0.4700218141078949,0.5194689631462097,0.06050141155719757,0.9998601675033569,451,280
80,2666,25,0.45699217915534973,0.6488360166549683,-0.03375024348497391,0.9831629991531372,438,350
80,2666,26,0.45411863923072815,0.6348888874053955,0.0878860130906105,0.7326912879943848,435,342
80,2666,27,0.47391223907470703,0.770244836807251,-0.0020184479653835297,0.9866372346878052,454,415
80,2666,28,0.4914151430130005,0.7142363786697388,0.13917361199855804,0.8344603180885315,471,385
80,2666,29,0.48454612493515015,0.7945171594619751,-0.0019802150782197714,0.9608466029167175,465,429
80,2666,30,0.5034492015838623,0.7254853248596191,0.14123710989952087,0.8687740564346313,483,391
80,2666,31,0.44034379720687866,0.7939544916152954,-0.05656985566020012,0.9797082543373108,422,428
80,2666,32,0.46844571828842163,0.7424628138542175,0.11148830503225327,0.8484060764312744,449,400
81,2700,0,0.4455389380455017,0.2997722327709198,-0.06231250613927841,0.9980242252349854,427,161
81,2700,1,0.44749704003334045,0.28961506485939026,-0.06990083307027817,0.9981564879417419,429,156
81,2700,2,0.44807714223861694,0.2892551124095917,-0.07000841200351715,0.9982975125312805,430,156
81,2700,3,0.44834649562835693,0.2889234721660614,-0.06997638195753098,0.9987133145332336,430,156
81,2700,4,0.44782179594039917,0.2899777293205261,-0.05473124235868454,0.9982165098190308,429,156
81,2700,5,0.4483684003353119,0.2900804579257965,-0.05490654706954956,0.9983894228935242,430,156
81,2700,6,0.44870391488075256,0.2898637056350708,-0.05499456822872162,0.9986392855644226,430,156
81,2700,7,0.4527602791786194,0.29429787397384644,-0.09021834284067154,0.9994063377380371,434,158
81,2700,8,0.45365360379219055,0.29517942667007446,-0.012886350974440575,0.9980023503303528,435,159
81,2700,9,0.448331356048584,0.3094317317008972,-0.06228137016296387,0.9978436827659607,430,167
81,2700,10,0.4483798146247864,0.3103539049625397,-0.043653685599565506,0.9967595338821411,430,167
81,2700,11,0.4582104980945587,0.3560813069343567,-0.119874507188797,0.9999431371688843,439,192
81,2700,12,0.46504196524620056,0.3570125699043274,0.058489445596933365,0.9975218176841736,446,192
81,2700,13,0.4607495069503784,0.45451343059539795,-0.13847829401493073,0.9807577133178711,442,245
81,2700,14,0.4685710072517395,0.4470926821231842,0.07699551433324814,0.14870573580265045,449,241
81,2700,15,0.455108642578125,0.5308868885040283,-0.12634319067001343,0.8951921463012695,436,286
81,2700,16,0.4648529887199402,0.5267243981361389,0.04127086326479912,0.3258993625640869,446,284
81,2700,17,0.45358866453170776,0.5499091744422913,-0.13906288146972656,0.8744533061981201,435,296
81,2700,18,0.46418526768684387,0.5450034141540527,0.03760841116309166,0.34578582644462585,445,294
81,2700,19,0.4520787298679352,0.5511749982833862,-0.13965602219104767,0.871440589427948,433,297
81,2700,20,0.4605773985385895,0.5471811294555664,0.023840149864554405,0.3510255813598633,442,295
81,2700,21,0.4528161883354187,0.5471681952476501,-0.12492941319942474,0.8304942846298218,434,295
81,2700,22,0.46063920855522156,0.5400093197822571,0.033518727868795395,0.34775689244270325,442,291
81,2700,23,0.46666744351387024,0.5147594213485718,-0.06048613414168358,0.9999297261238098,448,277
81,2700,24,0.4681017994880676,0.5142665505409241,0.06050638109445572,0.9998307228088379,449,277
81,2700,25,0.4554283916950226,0.6460940837860107,-0.05192888528108597,0.9798963069915771,437,348
81,2700,26,0.4549156129360199,0.6305696368217468,0.0711304321885109,0.6724947690963745,436,340
81,2700,27,0.47408708930015564,0.7703410983085632,-0.025374382734298706,0.9853019118309021,455,415
81,2700,28,0.49215325713157654,0.716905415058136,0.11725472658872604,0.7814263105392456,472,387
81,2700,29,0.4853614270687103,0.79439377784729,-0.02547268196940422,0.954505205154419,465,428
81,2700,30,0.5036064982414246,0.7289136648178101,0.1196632906794548,0.8232909440994263,483,393
81,2700,31,0.4411616921424866,0.7940362095832825,-0.07873399555683136,0.9765588045120239,423,428
81,2700,32,0.4700394570827484,0.7428170442581177,0.0900208130478859,0.8023408651351929,451,401
82,2733,0,0.4308970868587494,0.2934662401676178,-0.0582675077021122,0.9972554445266724,413,158
82,2733,1,0.4328230023384094,0.28333455324172974,-0.0692906603217125,0.9974183440208435,415,153
82,2733,2,0.43272629380226135,0.28314104676246643,-0.06941509991884232,0.9975156188011169,415,152
82,2733,3,0.43238934874534607,0.2829449772834778,-0.06939511001110077,0.9982155561447144,415,152
82,2733,4,0.4348820745944977,0.2831841707229614,-0.05158077925443649,0.9974629282951355,417,152
82,2733,5,0.436137855052948,0.2829245328903198,-0.05174403265118599,0.9976121187210083,418,152
82,2733,6,0.437191367149353,0.2824655771255493,-0.051815465092659,0.9980472326278687,419,152
82,2733,7,0.4360566735267639,0.28835076093673706,-0.09679218381643295,0.9991521239280701,418,155
82,2733,8,0.44295457005500793,0.28854677081108093,-0.014305024407804012,0.9969829320907593,425,155
82,2733,9,0.43299975991249084,0.30327317118644714,-0.0633733943104744,0.9971956610679626,415,163
82,2733,10,0.4342920184135437,0.30401748418807983,-0.04145648330450058,0.9957544207572937,416,164
82,2733,11,0.4439556896686554,0.35359451174736023,-0.1384815126657486,0.9999353289604187,426,190
82,2733,12,0.4521320164203644,0.3540162146091461,0.05985875427722931,0.9971143007278442,434,191
82,2733,13,0.45055338740348816,0.45413780212402344,-0.1579703688621521,0.9779895544052124,432,245
82,2733,14,0.4551178514957428,0.4486853778362274,0.07976270467042923,0.13393041491508484,436,242
82,2733,15,0.43768948316574097,0.5389712452888489,-0.13519974052906036,0.8860068917274475,420,291
82,2733,16,0.44887393712997437,0.5289573669433594,0.04265648499131203,0.29358595609664917,430,285
82,2733,17,0.43647608160972595,0.5627356767654419,-0.14926309883594513,0.8586519360542297,419,303
82,2733,18,0.4472498595714569,0.5511592030525208,0.03887581452727318,0.31173500418663025,429,297
82,2733,19,0.4300943911075592,0.5628863573074341,-0.15155266225337982,0.8552480936050415,412,303
82,2733,20,0.4423847794532776,0.5516250729560852,0.02268199250102043,0.31649190187454224,424,297
82,2733,21,0.42948389053344727,0.5551734566688538,-0.13434378802776337,0.8044677376747131,412,299
82,2733,22,0.4450821876525879,0.5475006699562073,0.03368442505598068,0.31357112526893616,427,295
82,2733,23,0.45213162899017334,0.5191679000854492,-0.06348925083875656,0.9998835921287537,434,280
82,2733,24,0.4549082815647125,0.5179011821746826,0.06350330263376236,0.9997244477272034,436,279
82,2733,25,0.45264291763305664,0.6466887593269348,-0.047080837190151215,0.9287681579589844,434,349
82,2733,26,0.44960880279541016,0.6316498517990112,0.08001887798309326,0.6060945391654968,431,341
82,2733,27,0.4715290665626526,0.7702809572219849,0.002619160106405616,0.9487736821174622,452,415
82,2733,28,0.47147801518440247,0.7450545430183411,0.12711460888385773,0.7068344950675964,452,402
82,2733,29,0.4834260642528534,0.7938994765281677,0.004006473813205957,0.9028486609458923,464,428
82,2733,30,0.48182499408721924,0.7709839344024658,0.12914802134037018,0.750777006149292,462,416
82,2733,31,0.43881329894065857,0.796137273311615,-0.06732060015201569,0.9330947399139404,421,429
82,2733,32,0.4470241963863373,0.7768186926841736,0.09349557012319565,0.7297146320343018,429,419
83,2766,0,0.43041887879371643,0.2933773398399353,-0.05883369967341423,0.9970690608024597,413,158
83,2766,1,0.4328056275844574,0.2831682860851288,-0.0676831528544426,0.9972236156463623,415,152
83,2766,2,0.43294140696525574,0.2828727960586548,-0.06780849397182465,0.9973105788230896,415,152
83,2766,3,0.43286558985710144,0.28259530663490295,-0.06778845191001892,0.9980631470680237,415,152
83,2766,4,0.4336874186992645,0.283348947763443,-0.0512625053524971,0.9972824454307556,416,153
83,2766,5,0.4343808889389038,0.2832014560699463,-0.051435913890600204,0.9974219799041748,417,152
83,2766,6,0.43485227227211,0.28285402059555054,-0.051511816680431366,0.9978979825973511,417,152
83,2766,7,0.4363541603088379,0.28835031390190125,-0.09545452892780304,0.9990556240081787,418,155
83,2766,8,0.43956756591796875,0.28897520899772644,-0.012228843756020069,0.9966544508934021,421,156
83,2766,9,0.43255943059921265,0.3033730685710907,-0.061582230031490326,0.9968025088310242,415,163
83,2766,10,0.4330630898475647,0.3039401173591614,-0.041350845247507095,0.9952335953712463,415,164
83,2766,11,0.4438256025314331,0.35536858439445496,-0.12701712548732758,0.9999314546585083,426,191
83,2766,12,0.44718602299690247,0.3545275032520294,0.06069464236497879,0.9969101548194885,429,191
83,2766,13,0.4489132761955261,0.45524969696998596,-0.13795065879821777,0.9762791991233826,430,245
83,2766,14,0.4529517590999603,0.4491453468799591,0.08179359883069992,0.12070561200380325,434,242
83,2766,15,0.4354031980037689,0.5402815937995911,-0.12138598412275314,0.879891037940979,417,291
83,2766,16,0.44584032893180847,0.533369779586792,0.04605547711253166,0.26457032561302185,428,288
83,2766,17,0.43487077951431274,0.5651682615280151,-0.13477282226085663,0.8481742143630981,417,305
83,2766,18,0.4440409541130066,0.5564664006233215,0.042295392602682114,0.2811766266822815,426,300
83,2766,19,0.42796799540519714,0.5641376376152039,-0.13625536859035492,0.8444780111312866,410,304
83,2766,20,0.4417957365512848,0.5599972009658813,0.026296747848391533,0.28548792004585266,424,302
83,2766,21,0.42809560894966125,0.5558101534843445,-0.1202155277132988,0.7869665622711182,410,300
83,2766,22,0.4427081346511841,0.5534487366676331,0.03729041665792465,0.2828788757324219,424,298
83,2766,23,0.4489474892616272,0.519869863986969,-0.06256118416786194,0.9998511672019958,430,280
83,2766,24,0.45314931869506836,0.5190491676330566,0.06258516013622284,0.9996505975723267,435,280
83,2766,25,0.45029890537261963,0.6466837525367737,-0.03800325095653534,0.9086373448371887,432,349
83,2766,26,0.4510045349597931,0.6322110891342163,0.07304005324840546,0.5474880337715149,432,341
83,2766,27,0.47079116106033325,0.7682753801345825,0.0019391089444980025,0.9347115755081177,451,414
83,2766,28,0.4720782935619354,0.7547863125801086,0.10954906791448593,0.6433314085006714,453,407
83,2766,29,0.48279398679733276,0.7921165227890015,0.002130359411239624,0.8773318529129028,463,427
83,2766,30,0.48315003514289856,0.7775537967681885,0.11063727736473083,0.6911230087280273,463,419
83,2766,31,0.44016608595848083,0.7973170876502991,-0.05805112421512604,0.9145392775535583,422,430
83,2766,32,0.4466346502304077,0.7825879454612732,0.07498157024383545,0.6706933975219727,428,422
84,2800,0,0.4169279634952545,0.29276517033576965,-0.04150984436273575,0.9970086812973022,400,158
84,2800,1,0.4192492663860321,0.28319042921066284,-0.05278210714459419,0.9971687197685242,402,152
84,2800,2,0.419162780046463,0.2829365134239197,-0.052919719368219376,0.9972554445266724,402,152
84,2800,3,0.41887038946151733,0.28266409039497375,-0.052882444113492966,0.997993528842926,402,152
84,2800,4,0.42104271054267883,0.28334981203079224,-0.03442373126745224,0.9972571730613708,404,153
84,2800,5,0.42212316393852234,0.2831787168979645,-0.03459605947136879,0.9974269270896912,405,152
84,2800,6,0.42300108075141907,0.28279468417167664,-0.03465758636593819,0.9979068636894226,406,152
84,2800,7,0.42271021008491516,0.28860634565353394,-0.07801695913076401,0.9990304708480835,405,155
84,2800,8,0.428565114736557,0.28951725363731384,0.00716489739716053,0.9966536164283752,411,156
84,2800,9,0.4186567962169647,0.3027297556400299,-0.04571053013205528,0.996610164642334,401,163
84,2800,10,0.4196292757987976,0.3032425045967102,-0.02289414033293724,0.994993269443512,402,163
84,2800,11,0.4311123788356781,0.35274261236190796,-0.11775048822164536,0.999923825263977,413,190
84,2800,12,0.4336380660533905,0.3519088327884674,0.07837878167629242,0.9967371821403503,416,190
84,2800,13,0.43975189328193665,0.43702787160873413,-0.13324983417987823,0.9682326912879944,422,235
84,2800,14,0.43898454308509827,0.43594926595687866,0.09765265136957169,0.1089148074388504,421,235
84,2800,15,0.4281022846698761,0.5001309514045715,-0.11336755007505417,0.8374309539794922,410,270
84,2800,16,0.4351966679096222,0.4896448254585266,0.04772289842367172,0.2386694997549057,417,264
84,2800,17,0.4263157844543457,0.5090827941894531,-0.12578530609607697,0.8077973127365112,409,274
84,2800,18,0.43757328391075134,0.5061593651771545,0.043799176812171936,0.25439226627349854,420,273
84,2800,19,0.4231472611427307,0.5071227550506592,-0.12564152479171753,0.8023879528045654,406,273
84,2800,20,0.43356865644454956,0.5059496164321899,0.028389839455485344,0.2583457827568054,416,273
84,2800,21,0.4252185523509979,0.5009592771530151,-0.11136073619127274,0.7394651174545288,408,270
84,2800,22,0.4336496591567993,0.5005413293838501,0.03922320157289505,0.25607573986053467,416,270
84,2800,23,0.4387308359146118,0.5204160213470459,-0.06287603825330734,0.9998520016670227,421,281
84,2800,24,0.4314914345741272,0.5195929408073425,0.06289895623922348,0.9996498227119446,414,280
84,2800,25,0.4534953534603119,0.6447934508323669,-0.04468142241239548,0.9167135953903198,435,348
84,2800,26,0.40786659717559814,0.620498776435852,0.08698682487010956,0.5315681099891663,391,335
84,2800,27,0.4719322621822357,0.7650701403617859,-0.009035958908498287,0.9408603310585022,453,413
84,2800,28,0.4258578419685364,0.7222946286201477,0.16791971027851105,0.6547347903251648,408,390
84,2800,29,0.48272669315338135,0.7900288105010986,-0.009101921692490578,0.8858474493026733,463,426
84,2800,30,0.4342576861381531,0.738699734210968,0.17426858842372894,0.6987875699996948,416,398
84,2800,31,0.4372459053993225,0.7972393035888672,-0.07862499356269836,0.9223172664642334,419,430
84,2800,32,0.4019957184791565,0.750686526298523,0.1387142539024353,0.686780571937561,385,405
85,2833,0,0.4129388630390167,0.29326334595680237,-0.05841723829507828,0.9971124529838562,396,158
85,2833,1,0.41651666164398193,0.2832830846309662,-0.06857485324144363,0.9972710609436035,399,152
85,2833,2,0.41714414954185486,0.2830853760242462,-0.0687163695693016,0.9973422288894653,400,152
85,2833,3,0.41759592294692993,0.2828601598739624,-0.06867948174476624,0.9980406165122986,400,152
85,2833,4,0.41618484258651733,0.28374409675598145,-0.050023384392261505,0.9973773956298828,399,153
85,2833,5,0.41667115688323975,0.2836548089981079,-0.05020977556705475,0.9975454807281494,400,153
85,2833,6,0.41695016622543335,0.28338828682899475,-0.05029193311929703,0.9980045557022095,400,153
85,2833,7,0.4228343069553375,0.2886916995048523,-0.08372894674539566,0.9990471601486206,405,155
85,2833,8,0.42233148217201233,0.28949713706970215,0.0038322682958096266,0.9967603087425232,405,156
85,2833,9,0.41608306765556335,0.30348342657089233,-0.059463270008563995,0.9965910911560059,399,163
85,2833,10,0.4158470928668976,0.3041488230228424,-0.03636670485138893,0.9950271844863892,399,164
85,2833,11,0.42938345670700073,0.3511759042739868,-0.12085177004337311,0.9999149441719055,412,189
85,2833,12,0.43055325746536255,0.3513847887516022,0.07713769376277924,0.9967332482337952,413,189
85,2833,13,0.43567487597465515,0.43839260935783386,-0.1321098804473877,0.9563972353935242,418,236
85,2833,14,0.43692144751548767,0.4323119819164276,0.09619062393903732,0.09828561544418335,419,233
85,2833,15,0.42179158329963684,0.4985285997390747,-0.09981896728277206,0.7879008650779724,404,269
85,2833,16,0.4299609363079071,0.4871489405632019,0.03133117035031319,0.21538497507572174,412,263
85,2833,17,0.4195001721382141,0.5068612098693848,-0.11045345664024353,0.7596757411956787,402,273
85,2833,18,0.43208834528923035,0.5020504593849182,0.023203499615192413,0.23034824430942535,414,271
85,2833,19,0.418745219707489,0.49876877665519714,-0.11175547540187836,0.7543885111808777,401,269
85,2833,20,0.4275399446487427,0.49938851594924927,0.008071756921708584,0.23400366306304932,410,269
85,2833,21,0.41955575346946716,0.49594518542289734,-0.0979057103395462,0.6889529824256897,402,267
85,2833,22,0.42849600315093994,0.49594929814338684,0.021911652758717537,0.2320057451725006,411,267
85,2833,23,0.43951594829559326,0.5221216082572937,-0.06511729210615158,0.9998385310173035,421,281
85,2833,24,0.4289683997631073,0.5209232568740845,0.06513045728206635,0.9996285438537598,411,281
85,2833,25,0.4543171226978302,0.644805908203125,-0.042255718261003494,0.920124351978302,436,348
85,2833,26,0.40323010087013245,0.6207699179649353,0.08547986298799515,0.5040058493614197,387,335
85,2833,27,0.471645712852478,0.7643204927444458,0.0017759877955541015,0.9442291855812073,452,412
85,2833,28,0.4237503707408905,0.7193616032600403,0.1631999909877777,0.6424431204795837,406,388
85,2833,29,0.48318690061569214,0.7899839282035828,0.00301022594794631,0.8815770149230957,463,426
85,2833,30,0.43227964639663696,0.7310364842414856,0.16939562559127808,0.689481794834137,414,394
85,2833,31,0.4373190701007843,0.7971829175949097,-0.0684470683336258,0.9255467653274536,419,430
85,2833,32,0.39846906065940857,0.7462813258171082,0.13526280224323273,0.6829748749732971,382,402
86,2866,0,0.40101274847984314,0.2938634753227234,-0.07504350692033768,0.9968947172164917,384,158
86,2866,1,0.4021024703979492,0.2842077612876892,-0.08972494304180145,0.9969318509101868,386,153
86,2866,2,0.4017738401889801,0.2840910851955414,-0.08989129960536957,0.9970906376838684,385,153
86,2866,3,0.4012214243412018,0.2839523255825043,-0.08987725526094437,0.9978616833686829,385,153
86,2866,4,0.40429913997650146,0.28449374437332153,-0.06920322775840759,0.9969635009765625,388,153
86,2866,5,0.4054786264896393,0.2844272553920746,-0.06936544924974442,0.9972183704376221,389,153
86,2866,6,0.40654298663139343,0.2841781973838806,-0.0694439485669136,0.9977224469184875,390,153
86,2866,7,0.4030799865722656,0.2898675501346588,-0.12435818463563919,0.9990088939666748,386,156
86,2866,8,0.41097524762153625,0.29043716192245483,-0.02976147271692753,0.9962743520736694,394,156
86,2866,9,0.4020812213420868,0.3043482303619385,-0.0828014686703682,0.9966114163398743,385,164
86,2866,10,0.4036698341369629,0.30497443675994873,-0.05692089721560478,0.9949386119842529,387,164
86,2866,11,0.41051197052001953,0.35272929072380066,-0.17322449386119843,0.9999216198921204,394,190
86,2866,12,0.4167235195636749,0.3523675203323364,0.05513082072138786,0.9968945384025574,400,190
86,2866,13,0.4096411168575287,0.4514944553375244,-0.1839483231306076,0.9604263305664062,393,243
86,2866,14,0.4228374660015106,0.44445565342903137,0.08429479598999023,0.08890774846076965,405,240
86,2866,15,0.36995404958724976,0.5062455534934998,-0.14651724696159363,0.8070701360702515,355,273
86,2866,16,0.42875248193740845,0.5319007635116577,0.03767838701605797,0.1943664699792862,411,287
86,2866,17,0.36062848567962646,0.5210655331611633,-0.16464664041996002,0.7794937491416931,346,281
86,2866,18,0.4302085041999817,0.5535851716995239,0.03153005987405777,0.2082412838935852,413,298
86,2866,19,0.35670527815818787,0.5074809193611145,-0.15812741219997406,0.7741450071334839,342,274
86,2866,20,0.42620277404785156,0.5530486106872559,0.016088539734482765,0.211551696062088,409,298
86,2866,21,0.3595835864543915,0.5035732388496399,-0.14111818373203278,0.7091594338417053,345,271
86,2866,22,0.42578747868537903,0.5434237718582153,0.028548741713166237,0.20984745025634766,408,293
86,2866,23,0.4259505271911621,0.5276361703872681,-0.06779719889163971,0.9998520612716675,408,284
86,2866,24,0.41908371448516846,0.5243712663650513,0.06785514950752258,0.9996585845947266,402,283
86,2866,25,0.45022088289260864,0.6461706757545471,-0.030701784417033195,0.9271077513694763,432,348
86,2866,26,0.39034512639045715,0.6228908896446228,0.1132005974650383,0.5022924542427063,374,336
86,2866,27,0.47036013007164,0.7630695700645447,0.03896386921405792,0.949091374874115,451,412
86,2866,28,0.3882787525653839,0.7446377277374268,0.18131732940673828,0.6680647730827332,372,402
86,2866,29,0.48207953572273254,0.7870652079582214,0.04153037443757057,0.8858447074890137,462,425
86,2866,30,0.39335790276527405,0.771134614944458,0.18515589833259583,0.7073366641998291,377,416
86,2866,31,0.4385271370410919,0.7990740537643433,-0.03415539488196373,0.9315095543861389,420,431
86,2866,32,0.3551628887653351,0.7558218240737915,0.13454975187778473,0.7071259617805481,340,408
87,2900,0,0.4004475772380829,0.29440540075302124,-0.09275311976671219,0.9969784617424011,384,158
87,2900,1,0.4013913571834564,0.2847318947315216,-0.10599596798419952,0.9969632625579834,385,153
87,2900,2,0.4013908803462982,0.284625768661499,-0.10615725070238113,0.99712735414505,385,153
87,2900,3,0.40115562081336975,0.2845134735107422,-0.10613379627466202,0.9978850483894348,385,153
87,2900,4,0.40263086557388306,0.284927099943161,-0.08633740246295929,0.9970032572746277,386,153
87,2900,5,0.4033159911632538,0.2848469913005829,-0.08651217818260193,0.9972668886184692,387,153
87,2900,6,0.40424421429634094,0.28457313776016235,-0.08659932017326355,0.9977656006813049,388,153
87,2900,7,0.4036518931388855,0.29033249616622925,-0.13226349651813507,0.9990203380584717,387,156
87,2900,8,0.40863513946533203,0.2906447649002075,-0.04279802739620209,0.9962949156761169,392,156
87,2900,9,0.4016641676425934,0.3047110140323639,-0.09759150445461273,0.9967143535614014,385,164
87,2900,10,0.40289920568466187,0.30541419982910156,-0.07298192381858826,0.9951019287109375,386,164
87,2900,11,0.41029804944992065,0.35360220074653625,-0.17511455714702606,0.999926745891571,393,190
87,2900,12,0.4151029586791992,0.3530949354171753,0.04445994645357132,0.9970647096633911,398,190
87,2900,13,0.4074757397174835,0.4580410122871399,-0.17954999208450317,0.9639748334884644,391,247
87,2900,14,0.4192136526107788,0.45222142338752747,0.07830514758825302,0.08059734851121902,402,244
87,2900,15,0.367610901594162,0.5109108686447144,-0.1423017978668213,0.8239647746086121,352,275
87,2900,16,0.42709487676620483,0.5429716110229492,0.03938635438680649,0.17563314735889435,410,293
87,2900,17,0.3576759099960327,0.531029462814331,-0.15877440571784973,0.7967095971107483,343,286
87,2900,18,0.4276467263698578,0.5654345154762268,0.03409235551953316,0.18856820464134216,410,305
87,2900,19,0.353944331407547,0.5164034366607666,-0.15427905321121216,0.7914844751358032,339,278
87,2900,20,0.4239731729030609,0.5671155452728271,0.01708592101931572,0.19161103665828705,407,306
87,2900,21,0.35719045996665955,0.5099838972091675,-0.13817082345485687,0.7269434332847595,342,275
87,2900,22,0.4239111542701721,0.5574828386306763,0.02995043620467186,0.19016222655773163,406,301
87,2900,23,0.42306700348854065,0.5302671790122986,-0.06736347079277039,0.9998629689216614,406,286
87,2900,24,0.4158145487308502,0.525481641292572,0.0674145445227623,0.9996829032897949,399,283
87,2900,25,0.44805625081062317,0.6462500095367432,-0.024176131933927536,0.9328324198722839,430,348
87,2900,26,0.38660764694213867,0.6245193481445312,0.1151568815112114,0.4961915910243988,371,337
87,2900,27,0.4704040288925171,0.7626017332077026,0.04873895272612572,0.9531158804893494,451,411
87,2900,28,0.3853849470615387,0.7500039339065552,0.18396824598312378,0.6889225840568542,369,405
87,2900,29,0.4821661114692688,0.7845020294189453,0.05153604596853256,0.8868186473846436,462,423
87,2900,30,0.3903294801712036,0.7729884386062622,0.18782171607017517,0.7193374633789062,374,417
87,2900,31,0.43919676542282104,0.7987281680107117,-0.02340834215283394,0.9364199638366699,421,431
87,2900,32,0.35371875762939453,0.7584215998649597,0.13390950858592987,0.7277686595916748,339,409
88,2933,0,0.3881998658180237,0.29611873626708984,-0.051827237010002136,0.9972472190856934,372,159
88,2933,1,0.3881743550300598,0.2860065698623657,-0.06785071641206741,0.997245728969574,372,154
88,2933,2,0.38725730776786804,0.2859061062335968,-0.06800467520952225,0.9973984360694885,371,154
88,2933,3,0.3861059248447418,0.2857878804206848,-0.06798399984836578,0.9980831742286682,370,154
88,2933,4,0.391732782125473,0.2861391305923462,-0.052244748920202255,0.9972849488258362,376,154
88,2933,5,0.393264502286911,0.28600457310676575,-0.05241084471344948,0.9975264668464661,377,154
88,2933,6,0.39480653405189514,0.28567662835121155,-0.052449777722358704,0.997974693775177,379,154
88,2933,7,0.38675785064697266,0.2915487289428711,-0.12501363456249237,0.999114990234375,371,157
88,2933,8,0.39867228269577026,0.2915782630443573,-0.030224984511733055,0.9966488480567932,382,157
88,2933,9,0.3875049948692322,0.3068520128726959,-0.062217358499765396,0.9970269799232483,372,165
88,2933,10,0.3903747797012329,0.3074946999549866,-0.04315980151295662,0.9955644011497498,374,166
88,2933,11,0.3917948305606842,0.3583472669124603,-0.15315549075603485,0.9999327063560486,376,193
88,2933,12,0.4084492623806,0.3579034209251404,0.04506952315568924,0.9973230957984924,392,193
88,2933,13,0.38382214307785034,0.4659574031829834,-0.14389625191688538,0.9671924114227295,368,251
88,2933,14,0.413074791431427,0.4567382037639618,0.0759202241897583,0.07516855746507645,396,246
88,2933,15,0.3410758972167969,0.5105989575386047,-0.10082943737506866,0.8403032422065735,327,275
88,2933,16,0.4110943675041199,0.5374554395675659,0.046831563115119934,0.16624566912651062,394,290
88,2933,17,0.33045056462287903,0.5266479849815369,-0.11335111409425735,0.8152575492858887,317,284
88,2933,18,0.4114508628845215,0.5581583380699158,0.04295865446329117,0.1840793937444687,394,301
88,2933,19,0.32784757018089294,0.5149185657501221,-0.1069764718413353,0.8104366064071655,314,278
88,2933,20,0.40579983592033386,0.5611675381660461,0.027297580614686012,0.18707354366779327,389,303
88,2933,21,0.33195874094963074,0.5099806189537048,-0.09560567885637283,0.7506117820739746,318,275
88,2933,22,0.407357782125473,0.5516635775566101,0.03882036358118057,0.18437281250953674,391,297
88,2933,23,0.40102726221084595,0.5360144376754761,-0.058344051241874695,0.9998757243156433,384,289
88,2933,24,0.41524431109428406,0.5313876867294312,0.05838068574666977,0.999713122844696,398,286
88,2933,25,0.37412941455841064,0.6452016234397888,0.06483722478151321,0.9392417669296265,359,348
88,2933,26,0.4112180173397064,0.639586865901947,0.10519120842218399,0.5443305373191833,394,345
88,2933,27,0.3535447418689728,0.7568548917770386,0.14436708390712738,0.9577141404151917,339,408
88,2933,28,0.4435771405696869,0.7546948194503784,0.1384519636631012,0.7197679281234741,425,407
88,2933,29,0.3552874028682709,0.7819007635116577,0.149203822016716,0.8978589177131653,341,422
88,2933,30,0.4579969644546509,0.7756063342094421,0.14010851085186005,0.7471293210983276,439,418
88,2933,31,0.3209753632545471,0.7513813376426697,0.113019660115242,0.9425112009048462,308,405
88,2933,32,0.41325756907463074,0.7827643752098083,0.10606711357831955,0.7546012997627258,396,422
89,2966,0,0.38691630959510803,0.2968672215938568,-0.043519698083400726,0.9975036978721619,371,160
89,2966,1,0.3865174353122711,0.2865637540817261,-0.058373212814331055,0.9975088238716125,371,154
89,2966,2,0.3853816092014313,0.2864934206008911,-0.05852863937616348,0.997649610042572,369,154
89,2966,3,0.38415956497192383,0.286424845457077,-0.05851001664996147,0.9982672929763794,368,154
89,2966,4,0.38998982310295105,0.28661754727363586,-0.04411696642637253,0.9975460171699524,374,154
89,2966,5,0.3915282189846039,0.28645819425582886,-0.04428330808877945,0.997765839099884,375,154
89,2966,6,0.39290717244148254,0.2861265540122986,-0.0443137027323246,0.9981681108474731,377,154
89,2966,7,0.38405540585517883,0.2921358346939087,-0.10695759952068329,0.9992014765739441,368,157
89,2966,8,0.396565705537796,0.29192373156547546,-0.02716980315744877,0.9969717264175415,380,157
89,2966,9,0.3854900002479553,0.30739861726760864,-0.052302319556474686,0.9973121881484985,370,165
89,2966,10,0.38912078738212585,0.3082450032234192,-0.03516334295272827,0.9959889054298401,373,166
89,2966,11,0.38954252004623413,0.36012470722198486,-0.14378711581230164,0.9999384880065918,373,194
89,2966,12,0.40455907583236694,0.3589652478694916,0.04676629230380058,0.9975566267967224,388,193
89,2966,13,0.3806160092353821,0.4675835371017456,-0.1447078436613083,0.9701416492462158,365,252
89,2966,14,0.41106221079826355,0.4593362808227539,0.07818099856376648,0.07011236995458603,394,248
89,2966,15,0.33813345432281494,0.5109037160873413,-0.11173544079065323,0.8555005788803101,324,275
89,2966,16,0.40526482462882996,0.5368589162826538,0.06139710173010826,0.15542128682136536,389,289
89,2966,17,0.32811832427978516,0.5247496366500854,-0.12557564675807953,0.8326210379600525,314,283
89,2966,18,0.40516406297683716,0.5556275248527527,0.059237487614154816,0.17575110495090485,388,300
89,2966,19,0.3247920274734497,0.5136880874633789,-0.11995794624090195,0.828255832195282,311,277
89,2966,20,0.40204763412475586,0.556571900844574,0.04298403114080429,0.17878133058547974,385,300
89,2966,21,0.32925331592559814,0.5099316835403442,-0.10711736977100372,0.7733860015869141,316,275
89,2966,22,0.4015384614467621,0.5486196875572205,0.05337030068039894,0.17568045854568481,385,296
89,2966,23,0.3995957374572754,0.5385506749153137,-0.05568540841341019,0.9998872876167297,383,290
89,2966,24,0.4143180251121521,0.535485029220581,0.05569295212626457,0.9997401833534241,397,289
89,2966,25,0.3706546425819397,0.6443440914154053,0.06421516835689545,0.9445769786834717,355,347
89,2966,26,0.4169871211051941,0.6450240612030029,0.10049232840538025,0.5867099165916443,400,348
89,2966,27,0.34986603260040283,0.7535234093666077,0.13403889536857605,0.9617238640785217,335,406
89,2966,28,0.45662620663642883,0.7564428448677063,0.12391594052314758,0.7474349141120911,438,408
89,2966,29,0.35093337297439575,0.780753493309021,0.1376817375421524,0.9075753092765808,336,421
89,2966,30,0.47411492466926575,0.7763651013374329,0.12489274144172668,0.7720820903778076,455,419
89,2966,31,0.3158554136753082,0.7426559925079346,0.1016160324215889,0.9477308392524719,303,401
89,2966,32,0.4291795790195465,0.7945632338523865,0.09323287755250931,0.7785980105400085,412,429
90,3000,0,0.3721327781677246,0.29695117473602295,-0.03568759188055992,0.9975338578224182,357,160
90,3000,1,0.37168651819229126,0.28673505783081055,-0.0505182221531868,0.9976071715354919,356,154
90,3000,2,0.3705773651599884,0.28663769364356995,-0.05068264901638031,0.9977735280990601,355,154
90,3000,3,0.36926916241645813,0.2865264117717743,-0.05068349093198776,0.9983624815940857,354,154
90,3000,4,0.3756224513053894,0.2866784930229187,-0.03589688241481781,0.9976540803909302,360,154
90,3000,5,0.3775404393672943,0.2865638732910156,-0.03606102988123894,0.9978787302970886,362,154
90,3000,6,0.3792090117931366,0.28638651967048645,-0.036097005009651184,0.9982370138168335,364,154
90,3000,7,0.3687189519405365,0.2923421859741211,-0.09411667287349701,0.9992602467536926,353,157
90,3000,8,0.3827809989452362,0.2923612892627716,-0.024913890287280083,0.9970846772193909,367,157
90,3000,9,0.3701242506504059,0.30791524052619934,-0.044791098684072495,0.9974942803382874,355,166
90,3000,10,0.3743225932121277,0.30866187810897827,-0.027114147320389748,0.9962331652641296,359,166
90,3000,11,0.3730475604534149,0.36184728145599365,-0.13933442533016205,0.9999417662620544,358,195
90,3000,12,0.3901351988315582,0.3609178364276886,0.04903821274638176,0.9977021813392639,374,194
90,3000,13,0.3670696020126343,0.46745219826698303,-0.14894716441631317,0.9718696475028992,352,252
90,3000,14,0.39160841703414917,0.45883283019065857,0.08072654902935028,0.0639084130525589,375,247
90,3000,15,0.3250545263290405,0.502572238445282,-0.12697763741016388,0.8648691177368164,312,271
90,3000,16,0.39025288820266724,0.5277339220046997,0.06056062877178192,0.1417679637670517,374,284
90,3000,17,0.31226930022239685,0.511573851108551,-0.14391465485095978,0.8431513905525208,299,276
90,3000,18,0.39071449637413025,0.5513705611228943,0.057752273976802826,0.1621696501970291,375,297
90,3000,19,0.3089088201522827,0.5015707015991211,-0.13189440965652466,0.8387438654899597,296,270
90,3000,20,0.38794073462486267,0.5479631423950195,0.041689373552799225,0.16490952670574188,372,295
90,3000,21,0.31384244561195374,0.4994059205055237,-0.12015601247549057,0.7837119698524475,301,269
90,3000,22,0.3865918517112732,0.5413224101066589,0.05238165333867073,0.16191312670707703,371,292
90,3000,23,0.3847118020057678,0.5416759848594666,-0.0557977519929409,0.9998979568481445,369,292
90,3000,24,0.4000210165977478,0.5379247069358826,0.05577747896313667,0.999765157699585,384,290
90,3000,25,0.35438549518585205,0.6443692445755005,0.05582503229379654,0.9489120244979858,340,347
90,3000,26,0.4252220392227173,0.6464860439300537,0.09387321025133133,0.6246561408042908,408,349
90,3000,27,0.3219093382358551,0.7484524250030518,0.13451777398586273,0.9652092456817627,309,404
90,3000,28,0.4572577476501465,0.7522725462913513,0.1156286671757698,0.7723779082298279,438,406
90,3000,29,0.31987810134887695,0.7761891484260559,0.13949206471443176,0.9160590767860413,307,419
90,3000,30,0.47485437989234924,0.7710766792297363,0.11694671958684921,0.7945664525032043,455,416
90,3000,31,0.29236575961112976,0.7294168472290039,0.11000001430511475,0.951912522315979,280,393
90,3000,32,0.4360118508338928,0.7951629161834717,0.08775068819522858,0.8000655770301819,418,429
91,3033,0,0.37300750613212585,0.2969810366630554,-0.04017641767859459,0.9977556467056274,358,160
91,3033,1,0.37277480959892273,0.2872934937477112,-0.05426546558737755,0.9978318810462952,357,155
91,3033,2,0.37182536721229553,0.2871910333633423,-0.05442126467823982,0.9979851841926575,356,155
91,3033,3,0.3707475960254669,0.2870968282222748,-0.05441538989543915,0.9985167384147644,355,155
91,3033,4,0.37584245204925537,0.28734928369522095,-0.038288768380880356,0.9978770017623901,360,155
91,3033,5,0.37714242935180664,0.28734081983566284,-0.03845001012086868,0.998082160949707,362,155
91,3033,6,0.37852388620376587,0.2872956097126007,-0.0385013110935688,0.998403787612915,363,155
91,3033,7,0.36961203813552856,0.2930927276611328,-0.09412124007940292,0.999331533908844,354,158
91,3033,8,0.3817218542098999,0.2939653694629669,-0.024374110624194145,0.9973639249801636,366,158
91,3033,9,0.3710699677467346,0.30801457166671753,-0.04780023545026779,0.9977302551269531,356,166
91,3033,10,0.37442725896835327,0.308723509311676,-0.027824442833662033,0.9965876340866089,359,166
91,3033,11,0.3712793290615082,0.3620997667312622,-0.13732774555683136,0.9999452829360962,356,195
91,3033,12,0.3888188600540161,0.36139678955078125,0.0478803887963295,0.9978843927383423,373,195
91,3033,13,0.3618614375591278,0.4665307402610779,-0.1474248617887497,0.9744380712509155,347,251
91,3033,14,0.3948543965816498,0.4584062099456787,0.07856769859790802,0.06033320724964142,379,247
91,3033,15,0.31966936588287354,0.5008002519607544,-0.1209089383482933,0.877117931842804,306,270
91,3033,16,0.3920149803161621,0.5243130922317505,0.058536943048238754,0.13345730304718018,376,283
91,3033,17,0.3072240650653839,0.5085510015487671,-0.1356217861175537,0.8571591377258301,294,274
91,3033,18,0.3921297788619995,0.5507558584213257,0.055719152092933655,0.1570609211921692,376,297
91,3033,19,0.30566442012786865,0.49866384267807007,-0.1259452998638153,0.8530029058456421,293,269
91,3033,20,0.3889850080013275,0.5454713106155396,0.04008689150214195,0.1595076471567154,373,294
91,3033,21,0.31074491143226624,0.496637761592865,-0.11469323188066483,0.801820695400238,298,268
91,3033,22,0.3875281512737274,0.5391882061958313,0.05042384937405586,0.15645945072174072,372,291
91,3033,23,0.3839176893234253,0.5419180989265442,-0.05454576015472412,0.999907374382019,368,292
91,3033,24,0.39782145619392395,0.5389246344566345,0.0545489639043808,0.9997875094413757,381,291
91,3033,25,0.35232144594192505,0.6443283557891846,0.055033128708601,0.9539594054222107,338,347
91,3033,26,0.42539769411087036,0.6457529664039612,0.07139302790164948,0.6617657542228699,408,348
91,3033,27,0.3218853771686554,0.7470953464508057,0.12238244712352753,0.9686648845672607,309,403
91,3033,28,0.4582354724407196,0.7502144575119019,0.09441209584474564,0.7950766086578369,439,405
91,3033,29,0.31961387395858765,0.7745406627655029,0.12641599774360657,0.9243829846382141,306,418
91,3033,30,0.47535210847854614,0.7683013081550598,0.09584393352270126,0.8150346875190735,456,414
91,3033,31,0.29013586044311523,0.7286016941070557,0.09627212584018707,0.9566264152526855,278,393
91,3033,32,0.4391866624355316,0.7925248742103577,0.06833987683057785,0.8199193477630615,421,427
92,3066,0,0.3531036376953125,0.29931339621543884,-0.038645680993795395,0.9978931546211243,338,161
92,3066,1,0.35497528314590454,0.29080477356910706,-0.05201001837849617,0.9979977011680603,340,157
92,3066,2,0.3544721007347107,0.29080072045326233,-0.05214080959558487,0.9981397986412048,340,157
92,3066,3,0.35379382967948914,0.2907567620277405,-0.05211975798010826,0.998626172542572,339,157
92,3066,4,0.35727930068969727,0.29108428955078125,-0.03286387771368027,0.9980584979057312,342,157
92,3066,5,0.3585338592529297,0.2913765609264374,-0.033041007816791534,0.9982520937919617,344,157
92,3066,6,0.35963043570518494,0.29157504439353943,-0.033096782863140106,0.9985460638999939,345,157
92,3066,7,0.3545953333377838,0.2966877818107605,-0.08960270136594772,0.9993811249732971,340,160
92,3066,8,0.3632535934448242,0.29937025904655457,-0.0024382607080042362,0.9976034164428711,348,161
92,3066,9,0.3521924316883087,0.31080639362335205,-0.0472041517496109,0.9979158639907837,338,167
92,3066,10,0.3545871376991272,0.3112407624721527,-0.023736918345093727,0.9968878626823425,340,168
92,3066,11,0.35422319173812866,0.365397572517395,-0.1309581995010376,0.999940812587738,340,197
92,3066,12,0.3726242482662201,0.36702343821525574,0.0683835968375206,0.9980806112289429,357,198
92,3066,13,0.34262320399284363,0.467007577419281,-0.14592309296131134,0.9768291115760803,328,252
92,3066,14,0.386714369058609,0.4583108127117157,0.112650565803051,0.0848822072148323,371,247
92,3066,15,0.29846566915512085,0.49456825852394104,-0.11775098741054535,0.8885242938995361,286,267
92,3066,16,0.4034609794616699,0.5234361886978149,0.08539525419473648,0.21012461185455322,387,282
92,3066,17,0.2872127592563629,0.5013249516487122,-0.1325303167104721,0.8700241446495056,275,270
92,3066,18,0.40692853927612305,0.5481516122817993,0.08085791766643524,0.23399050533771515,390,296
92,3066,19,0.2859638035297394,0.49108803272247314,-0.12226489186286926,0.8659917712211609,274,265
92,3066,20,0.40422552824020386,0.544931948184967,0.06616977602243423,0.23609395325183868,388,294
92,3066,21,0.2905856966972351,0.4885163903236389,-0.11075649410486221,0.8179429769515991,278,263
92,3066,22,0.40267086029052734,0.5387661457061768,0.07831253111362457,0.23046191036701202,386,290
92,3066,23,0.36727800965309143,0.5414534211158752,-0.05703656002879143,0.9999150633811951,352,292
92,3066,24,0.3803935647010803,0.5384217500686646,0.05704464390873909,0.9998075366020203,365,290
92,3066,25,0.3340996205806732,0.6438532471656799,0.036705922335386276,0.9584392309188843,320,347
92,3066,26,0.41224294900894165,0.647429347038269,0.029620613902807236,0.6948630809783936,395,349
92,3066,27,0.306135356426239,0.7486506700515747,0.11318370699882507,0.9717565774917603,293,404
92,3066,28,0.4566570222377777,0.7490127682685852,0.05998251214623451,0.8153215646743774,438,404
92,3066,29,0.30562734603881836,0.7749077677726746,0.11730685830116272,0.9317883253097534,293,418
92,3066,30,0.47231441736221313,0.7654417753219604,0.06234530732035637,0.833286464214325,453,413
92,3066,31,0.27792632579803467,0.7360312938690186,0.06214167922735214,0.9607986211776733,266,397
92,3066,32,0.440430611371994,0.7929769158363342,0.034058570861816406,0.837516188621521,422,428
93,3100,0,0.3545570969581604,0.3036212921142578,-0.03816040977835655,0.9979475736618042,340,163
93,3100,1,0.3551792502403259,0.29494035243988037,-0.0505964420735836,0.9981054067611694,340,159
93,3100,2,0.35434940457344055,0.29495662450790405,-0.05072140321135521,0.9982456564903259,340,159
93,3100,3,0.35334792733192444,0.2949011027812958,-0.050688374787569046,0.998685896396637,339,159
93,3100,4,0.3579363524913788,0.2951984703540802,-0.03352382406592369,0.9982013702392578,343,159
93,3100,5,0.35917457938194275,0.2954709231853485,-0.03370033577084541,0.9983946681022644,344,159
93,3100,6,0.3604064881801605,0.29610776901245117,-0.03375386819243431,0.9986634850502014,345,159
93,3100,7,0.35299569368362427,0.30134719610214233,-0.08371023833751678,0.9994124174118042,338,162
93,3100,8,0.36354735493659973,0.304400235414505,-0.006312137003988028,0.9978154301643372,349,164
93,3100,9,0.35372433066368103,0.3146814703941345,-0.0456760935485363,0.998044490814209,339,169
93,3100,10,0.3564452528953552,0.3154047131538391,-0.024661527946591377,0.9971286654472351,342,170
93,3100,11,0.3536442816257477,0.3656720817089081,-0.12328973412513733,0.999933660030365,339,197
93,3100,12,0.3721097409725189,0.3684288263320923,0.06231869012117386,0.9982525110244751,357,198
93,3100,13,0.3413695693016052,0.4671318829059601,-0.16056856513023376,0.978877067565918,327,252
93,3100,14,0.3866787254810333,0.45871633291244507,0.10277590900659561,0.10838652402162552,371,247
93,3100,15,0.29866892099380493,0.4944411814212799,-0.17586128413677216,0.898886501789093,286,266
93,3100,16,0.40493008494377136,0.5231915712356567,0.08399580419063568,0.2822275757789612,388,282
93,3100,17,0.2857210040092468,0.5007405281066895,-0.1971552073955536,0.8820803165435791,274,270
93,3100,18,0.41038987040519714,0.5458674430847168,0.07969384640455246,0.30580732226371765,393,294
93,3100,19,0.28464025259017944,0.4906913936138153,-0.18706651031970978,0.8783321976661682,273,264
93,3100,20,0.40884625911712646,0.5447530746459961,0.06493787467479706,0.3077406585216522,392,294
93,3100,21,0.2897557020187378,0.48879310488700867,-0.1704118400812149,0.8337395191192627,278,263
93,3100,22,0.4069831669330597,0.5386419296264648,0.07734883576631546,0.3000353276729584,390,290
93,3100,23,0.36660778522491455,0.5424286127090454,-0.05661081522703171,0.999921977519989,351,292
93,3100,24,0.37823209166526794,0.539128839969635,0.056612614542245865,0.9998254776000977,363,291
93,3100,25,0.332319051027298,0.6431525349617004,0.030410975217819214,0.9624582529067993,319,347
93,3100,26,0.4097220003604889,0.6493833661079407,0.035892460495233536,0.7248152494430542,393,350
93,3100,27,0.30686792731285095,0.7496142983436584,0.08766546845436096,0.9745524525642395,294,404
93,3100,28,0.45693519711494446,0.7482370734214783,0.07293735444545746,0.8336475491523743,438,404
93,3100,29,0.30591344833374023,0.7757220268249512,0.08889719098806381,0.9385274648666382,293,418
93,3100,30,0.4717858135700226,0.7633748054504395,0.07609108835458755,0.8498315215110779,452,412
93,3100,31,0.27671751379966736,0.7362151145935059,0.05276874080300331,0.9646212458610535,265,397
93,3100,32,0.44049394130706787,0.7934917211532593,0.047856032848358154,0.853505551815033,422,428
94,3133,0,0.3332746624946594,0.3075365126132965,-0.03914990648627281,0.9981163144111633,319,166
94,3133,1,0.3351599872112274,0.2985830307006836,-0.05250795930624008,0.9982779622077942,321,161
94,3133,2,0.33488693833351135,0.29844430088996887,-0.05264180153608322,0.9984036087989807,321,161
94,3133,3,0.33439865708351135,0.29824748635292053,-0.05261293798685074,0.9988022446632385,321,161
94,3133,4,0.33721569180488586,0.29903489351272583,-0.03557470813393593,0.9983707070350647,323,161
94,3133,5,0.33835116028785706,0.29923343658447266,-0.03574858605861664,0.9985468983650208,324,161
94,3133,6,0.3393748998641968,0.2994947135448456,-0.03580251708626747,0.9987905025482178,325,161
94,3133,7,0.3360798954963684,0.3039105236530304,-0.0845244750380516,0.9994635581970215,322,164
94,3133,8,0.34353139996528625,0.30676940083503723,-0.005890578031539917,0.9980241060256958,329,165
94,3133,9,0.3335104286670685,0.31727176904678345,-0.047139763832092285,0.9982129335403442,320,171
94,3133,10,0.335239052772522,0.3185287415981293,-0.026381732895970345,0.9973899126052856,321,172
94,3133,11,0.3354277014732361,0.3690379559993744,-0.1258956640958786,0.9999309778213501,322,199
94,3133,12,0.35485491156578064,0.3739066421985626,0.061698608100414276,0.9984123706817627,340,201
94,3133,13,0.32177942991256714,0.46701762080192566,-0.16230082511901855,0.9806985259056091,308,252
94,3133,14,0.3726109266281128,0.4592784345149994,0.10244761407375336,0.12713971734046936,357,248
94,3133,15,0.278856098651886,0.4935228228569031,-0.15778660774230957,0.9080170392990112,267,266
94,3133,16,0.39150872826576233,0.5234518647193909,0.08281909674406052,0.34330984950065613,375,282
94,3133,17,0.2669512629508972,0.499632328748703,-0.17503051459789276,0.8925957679748535,256,269
94,3133,18,0.39779916405677795,0.5464559197425842,0.07841740548610687,0.3675200641155243,381,295
94,3133,19,0.26650577783584595,0.4884610176086426,-0.16575020551681519,0.889067530632019,255,263
94,3133,20,0.3968411982059479,0.546643853187561,0.06419669091701508,0.36930224299430847,380,295
94,3133,21,0.2712040841579437,0.48635774850845337,-0.15187223255634308,0.8474549651145935,260,262
94,3133,22,0.39372214674949646,0.5411250591278076,0.07606009393930435,0.3593537509441376,377,292
94,3133,23,0.34832751750946045,0.5457801818847656,-0.056866589933633804,0.9999290108680725,334,294
94,3133,24,0.3598282039165497,0.5474086999893188,0.05686867609620094,0.9998423457145691,345,295
94,3133,25,0.3148133456707001,0.6436445713043213,0.039635442197322845,0.9657949805259705,302,347
94,3133,26,0.3897160589694977,0.6558817625045776,0.028405943885445595,0.7515850067138672,374,354
94,3133,27,0.2998732626438141,0.7507533431053162,0.10201163589954376,0.9769904017448425,287,405
94,3133,28,0.447690486907959,0.743685245513916,0.04492190107703209,0.8499506115913391,429,401
94,3133,29,0.3037155866622925,0.7760536670684814,0.10604426264762878,0.9444104433059692,291,419
94,3133,30,0.46135106682777405,0.7484508752822876,0.04647018760442734,0.8645719289779663,442,404
94,3133,31,0.2665557861328125,0.7371949553489685,0.07671720534563065,0.9678447246551514,255,398
94,3133,32,0.4413791298866272,0.7923837304115295,0.01959114521741867,0.8675957322120667,423,427
95,3166,0,0.33196163177490234,0.30880939960479736,-0.04032275825738907,0.998286783695221,318,166
95,3166,1,0.3333691656589508,0.29965224862098694,-0.05347084999084473,0.9984416365623474,320,161
95,3166,2,0.33296898007392883,0.29961317777633667,-0.05360879749059677,0.9985556602478027,319,161
95,3166,3,0.33237817883491516,0.29957258701324463,-0.05358462408185005,0.9989144802093506,319,161
95,3166,4,0.33565375208854675,0.2997821867465973,-0.0366765521466732,0.9985286593437195,322,161
95,3166,5,0.33671534061431885,0.2999207675457001,-0.0368492491543293,0.9986889362335205,323,161
95,3166,6,0.3376646637916565,0.30003613233566284,-0.036903735250234604,0.9989084601402283,324,162
95,3166,7,0.334219753742218,0.30515310168266296,-0.08465704321861267,0.9995141625404358,320,164
95,3166,8,0.34185218811035156,0.30671200156211853,-0.00747575843706727,0.998218297958374,328,165
95,3166,9,0.3318299651145935,0.3183658719062805,-0.04773752763867378,0.9983813166618347,318,171
95,3166,10,0.3345280885696411,0.31998977065086365,-0.027340320870280266,0.9976416826248169,321,172
95,3166,11,0.33510956168174744,0.3716087341308594,-0.12746956944465637,0.9999346733093262,321,200
95,3166,12,0.35327374935150146,0.3745178282260895,0.060957882553339005,0.9985651969909668,339,202
95,3166,13,0.3204224705696106,0.46784311532974243,-0.16243712604045868,0.9825780391693115,307,252
95,3166,14,0.3703163266181946,0.45955201983451843,0.10414104908704758,0.16908949613571167,355,248
95,3166,15,0.2775547206401825,0.49315252900123596,-0.15348964929580688,0.9170607328414917,266,266
95,3166,16,0.3887808620929718,0.5237464904785156,0.0876748189330101,0.40581393241882324,373,282
95,3166,17,0.2657678425312042,0.4985296130180359,-0.17026254534721375,0.9030976295471191,255,269
95,3166,18,0.3962383270263672,0.546339213848114,0.08376049995422363,0.42838770151138306,380,295
95,3166,19,0.265337735414505,0.4866926372051239,-0.16118551790714264,0.899895966053009,254,262
95,3166,20,0.39561891555786133,0.5469832420349121,0.06935791671276093,0.43005743622779846,379,295
95,3166,21,0.2698582112789154,0.4852202832698822,-0.147522434592247,0.8621350526809692,259,262
95,3166,22,0.3924742341041565,0.5415967106819153,0.08098407834768295,0.4199428856372833,376,292
95,3166,23,0.3479466736316681,0.5493388772010803,-0.05710415914654732,0.9999355673789978,334,296
95,3166,24,0.35876473784446716,0.5493287444114685,0.05711275711655617,0.9998576641082764,344,296
95,3166,25,0.3145061433315277,0.6438192129135132,0.03979814052581787,0.9691001772880554,301,347
95,3166,26,0.388418972492218,0.6577686667442322,0.03920039162039757,0.7761979699134827,372,355
95,3166,27,0.29895448684692383,0.7511827945709229,0.0982113853096962,0.9792637825012207,286,405
95,3166,28,0.44603464007377625,0.7425443530082703,0.06191972270607948,0.8648808598518372,428,400
95,3166,29,0.301968514919281,0.7764642834663391,0.10183506458997726,0.949899435043335,289,419
95,3166,30,0.4596085846424103,0.7459317445755005,0.06408197432756424,0.8780494928359985,441,402
95,3166,31,0.2651284635066986,0.7383289933204651,0.06738775223493576,0.9709794521331787,254,398
95,3166,32,0.4413605332374573,0.7925900816917419,0.034689802676439285,0.8807037472724915,423,427
96,3200,0,0.31921717524528503,0.31258726119995117,0.006781203206628561,0.9982965588569641,306,168
96,3200,1,0.3203279674053192,0.3035205602645874,-0.007811284624040127,0.9983695149421692,307,163
96,3200,2,0.3195978105068207,0.3034054636955261,-0.007947541773319244,0.998450517654419,306,163
96,3200,3,0.3186567723751068,0.3032930791378021,-0.007956761866807938,0.9988341927528381,305,163
96,3200,4,0.3234095573425293,0.3038601577281952,0.011471753939986229,0.9984568357467651,310,164
96,3200,5,0.3247383236885071,0.3040354549884796,0.01129418145865202,0.9986396431922913,311,164
96,3200,6,0.32601723074913025,0.30418112874031067,0.011246255598962307,0.9988966584205627,312,164
96,3200,7,0.31906911730766296,0.30810993909835815,-0.051087744534015656,0.9994860291481018,306,166
96,3200,8,0.33011212944984436,0.310902863740921,0.03606610372662544,0.998213529586792,316,167
96,3200,9,0.3176344931125641,0.32300832867622375,-0.0052459025755524635,0.9983891248703003,304,174
96,3200,10,0.3209947347640991,0.323767751455307,0.018782956525683403,0.9977001547813416,308,174
96,3200,11,0.32035717368125916,0.3730364739894867,-0.10716616362333298,0.9999390244483948,307,201
96,3200,12,0.3382698893547058,0.3751658797264099,0.0998375341296196,0.9986963868141174,324,202
96,3200,13,0.30709558725357056,0.46977654099464417,-0.11459418386220932,0.9835623502731323,294,253
96,3200,14,0.35476019978523254,0.462250679731369,0.1281007081270218,0.15492844581604004,340,249
96,3200,15,0.2657645046710968,0.49440738558769226,-0.058621492236852646,0.9200299978256226,255,266
96,3200,16,0.3714893162250519,0.5280590057373047,0.09434627741575241,0.377946138381958,356,285
96,3200,17,0.2536587417125702,0.5010970234870911,-0.07065372169017792,0.9036968946456909,243,270
96,3200,18,0.37578102946281433,0.5490524768829346,0.09099490195512772,0.4037467837333679,360,296
96,3200,19,0.253079354763031,0.4901183545589447,-0.05964457988739014,0.8989149928092957,242,264
96,3200,20,0.3749740719795227,0.5503007769584656,0.07981179654598236,0.40522950887680054,359,297
96,3200,21,0.2577911615371704,0.487979531288147,-0.05104357749223709,0.8536575436592102,247,263
96,3200,22,0.3728936016559601,0.5447858572006226,0.08792116492986679,0.39398276805877686,357,294
96,3200,23,0.33609679341316223,0.5482196807861328,-0.06365985423326492,0.9999406933784485,322,296
96,3200,24,0.33494797348976135,0.5487676858901978,0.06363418698310852,0.999870240688324,321,296
96,3200,25,0.32277461886405945,0.6617596745491028,-0.08954446017742157,0.9713637232780457,309,357
96,3200,26,0.3039185404777527,0.641909122467041,0.0716419592499733,0.741046130657196,291,346
96,3200,27,0.411418080329895,0.7321382164955139,-0.02827531285583973,0.9768280982971191,394,395
96,3200,28,0.2974916100502014,0.7478241324424744,0.1298377960920334,0.8477137684822083,285,403
96,3200,29,0.42015540599823,0.7289311289787292,-0.023359054699540138,0.9364248514175415,403,393
96,3200,30,0.3034907579421997,0.7672687768936157,0.13393984735012054,0.856814980506897,291,414
96,3200,31,0.4237753748893738,0.7593803405761719,-0.05280260741710663,0.9662996530532837,406,410
96,3200,32,0.26648226380348206,0.7803515195846558,0.11110416054725647,0.8663726449012756,255,421
97,3233,0,0.31723102927207947,0.3147910535335541,-0.002921734470874071,0.9984580278396606,304,169
97,3233,1,0.3189842402935028,0.30596107244491577,-0.027084194123744965,0.9985214471817017,306,165
97,3233,2,0.31883054971694946,0.3057933449745178,-0.027218090370297432,0.9985923171043396,306,165
97,3233,3,0.31853586435317993,0.3055705726146698,-0.027200395241379738,0.9989401698112488,305,165
97,3233,4,0.32008621096611023,0.30661940574645996,-0.009168551303446293,0.9986013174057007,307,165
97,3233,5,0.3207237124443054,0.30691295862197876,-0.00934609118849039,0.9987661838531494,307,165
97,3233,6,0.32119664549827576,0.30705177783966064,-0.009411985985934734,0.9990000128746033,308,165
97,3233,7,0.32037538290023804,0.31140652298927307,-0.048454124480485916,0.9995298981666565,307,168
97,3233,8,0.3249337375164032,0.3138870894908905,0.03379630297422409,0.9983736276626587,311,169
97,3233,9,0.3175026774406433,0.3254651427268982,-0.02472817897796631,0.99852454662323,304,175
97,3233,10,0.3186994791030884,0.3263770043849945,-0.0022703164722770452,0.9979053139686584,305,176
97,3233,11,0.31986767053604126,0.3725961744785309,-0.09450219571590424,0.9999439120292664,307,201
97,3233,12,0.33466431498527527,0.3753219246864319,0.11889316141605377,0.9988193511962891,321,202
97,3233,13,0.3058529496192932,0.46966102719306946,-0.10965126007795334,0.9848228096961975,293,253
97,3233,14,0.35433971881866455,0.46416208148002625,0.16260795295238495,0.14582504332065582,340,250
97,3233,15,0.265224426984787,0.4951639771461487,-0.07855214178562164,0.9265742301940918,254,267
97,3233,16,0.37213242053985596,0.5309756994247437,0.12429925799369812,0.3898918330669403,357,286
97,3233,17,0.2540665864944458,0.50244140625,-0.0948580875992775,0.9106446504592896,243,271
97,3233,18,0.376677542924881,0.550274670124054,0.12000191956758499,0.4225148856639862,361,297
97,3233,19,0.25262337923049927,0.49186083674430847,-0.08515097200870514,0.9059029817581177,242,265
97,3233,20,0.37533339858055115,0.5522117018699646,0.10650563985109329,0.4246884882450104,360,298
97,3233,21,0.25711214542388916,0.4893704950809479,-0.07191391289234161,0.8608510494232178,246,264
97,3233,22,0.37285488843917847,0.547534704208374,0.11693457514047623,0.4070505201816559,357,295
97,3233,23,0.3353767693042755,0.5477619171142578,-0.0670923963189125,0.9999448657035828,321,295
97,3233,24,0.3306592106819153,0.5479560494422913,0.06703720986843109,0.9998810887336731,317,295
97,3233,25,0.3310721218585968,0.6656830906867981,-0.10451791435480118,0.9737150073051453,317,359
97,3233,26,0.29771947860717773,0.6343411207199097,0.06275702267885208,0.7261273860931396,285,342
97,3233,27,0.41689223051071167,0.7278831601142883,-0.026272881776094437,0.9763423800468445,400,393
97,3233,28,0.29318904876708984,0.7521715760231018,0.12679167091846466,0.8447232842445374,281,406
97,3233,29,0.42419230937957764,0.7226080894470215,-0.019769297912716866,0.9315113425254822,407,390
97,3233,30,0.2995765507221222,0.7746210098266602,0.13177508115768433,0.8472155928611755,287,418
97,3233,31,0.4259074032306671,0.764347493648529,-0.05459406599402428,0.9663453102111816,408,412
97,3233,32,0.2615131139755249,0.7760414481163025,0.10144542902708054,0.8664765357971191,251,419
98,3266,0,0.30190345644950867,0.31407907605171204,-0.017913226038217545,0.9984707832336426,289,169
98,3266,1,0.3028728663921356,0.30518659949302673,-0.03508272394537926,0.9984683394432068,290,164
98,3266,2,0.30228713154792786,0.3051309287548065,-0.035216473042964935,0.9985224008560181,290,164
98,3266,3,0.30154097080230713,0.3051171898841858,-0.03519221022725105,0.9988893270492554,289,164
98,3266,4,0.30542251467704773,0.3055996298789978,-0.017566978931427002,0.9985561966896057,293,165
98,3266,5,0.3069329857826233,0.3059557378292084,-0.017743200063705444,0.9987318515777588,294,165
98,3266,6,0.3080597221851349,0.3060484230518341,-0.017799360677599907,0.9989882707595825,295,165
98,3266,7,0.3029753565788269,0.31112000346183777,-0.05005611851811409,0.9995110630989075,290,168
98,3266,8,0.3125947415828705,0.3129786252975464,0.01947498694062233,0.9983702301979065,300,169
98,3266,9,0.3016527593135834,0.324978232383728,-0.030814535915851593,0.9985401034355164,289,175
98,3266,10,0.30405154824256897,0.3257827162742615,-0.009128717705607414,0.9979394674301147,291,175
98,3266,11,0.30600088834762573,0.37218421697616577,-0.1112799271941185,0.9999451637268066,293,200
98,3266,12,0.31937962770462036,0.3731948733329773,0.09666081517934799,0.9988962411880493,306,201
98,3266,13,0.29531732201576233,0.47009047865867615,-0.12455826252698898,0.9848474860191345,283,253
98,3266,14,0.3330317735671997,0.47337058186531067,0.13244925439357758,0.13190911710262299,319,255
98,3266,15,0.25591525435447693,0.501401960849762,-0.08500199019908905,0.9173765182495117,245,270
98,3266,16,0.32416030764579773,0.5441054105758667,0.09535034745931625,0.35181206464767456,311,293
98,3266,17,0.24423041939735413,0.5136009454727173,-0.09895442426204681,0.8949450254440308,234,277
98,3266,18,0.32246652245521545,0.5634645223617554,0.09921577572822571,0.3817421495914459,309,304
98,3266,19,0.24214962124824524,0.502473771572113,-0.09028132259845734,0.8882777690887451,232,271
98,3266,20,0.3190614581108093,0.5665092468261719,0.08163876831531525,0.38376128673553467,306,305
98,3266,21,0.2463357150554657,0.4988889992237091,-0.07889840751886368,0.8313195109367371,236,269
98,3266,22,0.31961455941200256,0.558499276638031,0.08585292845964432,0.3680552840232849,306,301
98,3266,23,0.3222428560256958,0.5373064875602722,-0.0677887499332428,0.9999476075172424,309,290
98,3266,24,0.32095757126808167,0.5361315011978149,0.06775571405887604,0.9998897314071655,308,289
98,3266,25,0.33022502064704895,0.6662111282348633,-0.10131478309631348,0.9751885533332825,317,359
98,3266,26,0.2878723740577698,0.6326272487640381,0.07186893373727798,0.6928362250328064,276,341
98,3266,27,0.3957146108150482,0.7167973518371582,-0.019993426278233528,0.9721643328666687,379,387
98,3266,28,0.2909388542175293,0.7550237774848938,0.12349967658519745,0.8345014452934265,279,407
98,3266,29,0.4048275649547577,0.7147493362426758,-0.013340864330530167,0.9132127165794373,388,385
98,3266,30,0.29920828342437744,0.7806755304336548,0.12675464153289795,0.8337297439575195,287,421
98,3266,31,0.3889004588127136,0.7637521028518677,-0.04783876985311508,0.9588844776153564,373,412
98,3266,32,0.2588108479976654,0.7761297821998596,0.09510578215122223,0.8568665385246277,248,419
99,3300,0,0.2998512089252472,0.31345057487487793,-0.0327083021402359,0.9985613226890564,287,169
99,3300,1,0.30153942108154297,0.30480077862739563,-0.04563312232494354,0.9985374212265015,289,164
99,3300,2,0.30102577805519104,0.3048132359981537,-0.0457662008702755,0.9985804557800293,288,164
99,3300,3,0.30036360025405884,0.3048500418663025,-0.04575814679265022,0.9989261031150818,288,164
99,3300,4,0.30400508642196655,0.3050762116909027,-0.02775861695408821,0.9986295700073242,291,164
99,3300,5,0.305190771818161,0.30535370111465454,-0.027933325618505478,0.9987985491752625,292,164
99,3300,6,0.30624788999557495,0.30538690090179443,-0.02800915203988552,0.9990456700325012,293,164
99,3300,7,0.3020530939102173,0.31151506304740906,-0.06221120432019234,0.9995229244232178,289,168
99,3300,8,0.3105544447898865,0.3124309182167053,0.014456519857048988,0.9984590411186218,298,168
99,3300,9,0.3003396987915039,0.32432717084884644,-0.04076237604022026,0.9985818862915039,288,175
99,3300,10,0.30236902832984924,0.3250952661037445,-0.01831405609846115,0.9980244040489197,290,175
99,3300,11,0.3028063178062439,0.3727025091648102,-0.11878000199794769,0.9999454021453857,290,201
99,3300,12,0.3160209357738495,0.3728630840778351,0.0884244367480278,0.9989649057388306,303,201
99,3300,13,0.29171010851860046,0.47316813468933105,-0.12832953035831451,0.984756588935852,280,255
99,3300,14,0.32918107509613037,0.47427791357040405,0.10541748255491257,0.11948636174201965,316,256
99,3300,15,0.25252071022987366,0.5045683979988098,-0.08376145362854004,0.9066518545150757,242,272
99,3300,16,0.3199637830257416,0.5467795729637146,0.07258422672748566,0.31739476323127747,307,295
99,3300,17,0.24208316206932068,0.517779529094696,-0.09719204902648926,0.8797721266746521,232,279
99,3300,18,0.3184932470321655,0.5669472217559814,0.07287897914648056,0.34486454725265503,305,306
99,3300,19,0.24012507498264313,0.5077629089355469,-0.09007749706506729,0.8713594675064087,230,274
99,3300,20,0.3130221366882324,0.5660793781280518,0.05625832453370094,0.3467117249965668,300,305
99,3300,21,0.24367859959602356,0.5039028525352478,-0.07845991104841232,0.8046392798423767,233,272
99,3300,22,0.31532877683639526,0.5613288283348083,0.06365169584751129,0.33275437355041504,302,303
99,3300,23,0.3205186724662781,0.5363914370536804,-0.06692393869161606,0.9999516010284424,307,289
99,3300,24,0.31847307085990906,0.5327602028846741,0.06689569354057312,0.9998992681503296,305,287
99,3300,25,0.3308151364326477,0.6670908331871033,-0.08910457789897919,0.9772264361381531,317,360
99,3300,26,0.2861194610595703,0.6301522850990295,0.08158566057682037,0.6936596035957336,274,340
99,3300,27,0.39256733655929565,0.7154240608215332,-0.00490211695432663,0.9723134636878967,376,386
99,3300,28,0.29063376784324646,0.7564232349395752,0.12797559797763824,0.842301607131958,279,408
99,3300,29,0.40197890996932983,0.7115635871887207,0.0018654112936928868,0.907870352268219,385,384
99,3300,30,0.30047276616096497,0.7812933325767517,0.13060244917869568,0.8374990820884705,288,421
99,3300,31,0.3923605978488922,0.7521578669548035,-0.0314645916223526,0.9578534364700317,376,406
99,3300,32,0.25817009806632996,0.7765087485313416,0.09892071783542633,0.8620339035987854,247,419
100,3333,0,0.2842200696468353,0.3112916350364685,-0.017884379252791405,0.9975075721740723,272,168
100,3333,1,0.28409379720687866,0.3016229271888733,-0.03316120430827141,0.9969267249107361,272,162
100,3333,2,0.28299540281295776,0.30192238092422485,-0.03329520672559738,0.9971229434013367,271,163
100,3333,3,0.2816670536994934,0.30227360129356384,-0.03330763801932335,0.9979426264762878,270,163
100,3333,4,0.2881622314453125,0.3007795810699463,-0.015869542956352234,0.9967951774597168,276,162
100,3333,5,0.29016172885894775,0.3004274070262909,-0.016039151698350906,0.9971776604652405,278,162
100,3333,6,0.29173895716667175,0.2999758720397949,-0.016116784885525703,0.9979182481765747,280,161
100,3333,7,0.2827243208885193,0.30864620208740234,-0.06736250966787338,0.9991809725761414,271,166
100,3333,8,0.29691818356513977,0.30632808804512024,0.01185937225818634,0.9969112277030945,285,165
100,3333,9,0.2843828499317169,0.3225375711917877,-0.028698133304715157,0.9979345202445984,273,174
100,3333,10,0.28775545954704285,0.3229963481426239,-0.007125881966203451,0.996875524520874,276,174
100,3333,11,0.29117509722709656,0.37044379115104675,-0.12179754674434662,0.9999458193778992,279,200
100,3333,12,0.3068290054798126,0.36385980248451233,0.08408705145120621,0.998947024345398,294,196
100,3333,13,0.2809792757034302,0.4727831184864044,-0.1298820525407791,0.9791262745857239,269,255
100,3333,14,0.3155897557735443,0.4651639759540558,0.10201766341924667,0.10772763937711716,302,251
100,3333,15,0.2483006864786148,0.5170044302940369,-0.09242931008338928,0.8736940026283264,238,279
100,3333,16,0.3085412383079529,0.5296437740325928,0.07440339028835297,0.2858779728412628,296,286
100,3333,17,0.2379908263683319,0.535446286201477,-0.10575410723686218,0.8425446152687073,228,289
100,3333,18,0.30767136812210083,0.546294629573822,0.07352127134799957,0.31082314252853394,295,294
100,3333,19,0.23520363867282867,0.5274976491928101,-0.09824169427156448,0.8328912258148193,225,284
100,3333,20,0.30417701601982117,0.5475514531135559,0.0569378100335598,0.3125031292438507,292,295
100,3333,21,0.23924998939037323,0.5202509760856628,-0.08689712733030319,0.7553626298904419,229,280
100,3333,22,0.30409952998161316,0.5405557751655579,0.06599491089582443,0.29998281598091125,291,291
100,3333,23,0.30278852581977844,0.5313235521316528,-0.06655044853687286,0.9999525547027588,290,286
100,3333,24,0.302364319562912,0.5292994379997253,0.06652674823999405,0.9999036192893982,290,285
100,3333,25,0.2997923195362091,0.6634649634361267,-0.06278461962938309,0.9635986685752869,287,358
100,3333,26,0.27865689992904663,0.6341851353645325,0.07624711096286774,0.6455027461051941,267,342
100,3333,27,0.3635956346988678,0.7116197943687439,0.027329299598932266,0.9424641132354736,349,384
100,3333,28,0.28952014446258545,0.7587498426437378,0.11109282076358795,0.809002697467804,277,409
100,3333,29,0.3778434693813324,0.709462583065033,0.03718191385269165,0.8540967702865601,362,383
100,3333,30,0.2996237874031067,0.783310055732727,0.11304579675197601,0.8067655563354492,287,422
100,3333,31,0.35261738300323486,0.7515082359313965,0.01892767660319805,0.9203171730041504,338,405
100,3333,32,0.25821083784103394,0.7774778008460999,0.0904206708073616,0.8323533535003662,247,419
101,3366,0,0.28242573142051697,0.3107706606388092,-0.018904266878962517,0.9975279569625854,271,167
101,3366,1,0.28140348196029663,0.3013928532600403,-0.0339084267616272,0.9969090819358826,270,162
101,3366,2,0.28015032410621643,0.3018040657043457,-0.03404086455702782,0.9971078038215637,268,162
101,3366,3,0.27878662943840027,0.30223706364631653,-0.03404753655195236,0.9979314804077148,267,163
101,3366,4,0.28555625677108765,0.3000292181968689,-0.0166608989238739,0.9967538118362427,274,162
101,3366,5,0.2875901460647583,0.29947471618652344,-0.016828538849949837,0.997134268283844,276,161
101,3366,6,0.2890297770500183,0.2987940013408661,-0.01690061017870903,0.9978901743888855,277,161
101,3366,7,0.2806853652000427,0.3084702491760254,-0.0691199079155922,0.9991655945777893,269,166
101,3366,8,0.29412850737571716,0.30492788553237915,0.010240722447633743,0.9968132376670837,282,164
101,3366,9,0.2824835181236267,0.3213459253311157,-0.0291873998939991,0.9978800415992737,271,173
101,3366,10,0.28620100021362305,0.32158783078193665,-0.0076948124915361404,0.9967751502990723,274,173
101,3366,11,0.28962334990501404,0.36926454305648804,-0.12299957871437073,0.9999471306800842,278,199
101,3366,12,0.30639269948005676,0.3599158525466919,0.07741463929414749,0.9989740252494812,294,194
101,3366,13,0.2803511321544647,0.4726082682609558,-0.1315237134695053,0.9758388996124268,269,255
101,3366,14,0.3089188039302826,0.45631372928619385,0.09782593697309494,0.09723320603370667,296,246
101,3366,15,0.24982890486717224,0.5227655172348022,-0.08849532157182693,0.8558208346366882,239,282
101,3366,16,0.30337443947792053,0.5158612728118896,0.0752778872847557,0.2576679289340973,291,278
101,3366,17,0.24059198796749115,0.5405121445655823,-0.10024825483560562,0.8211847543716431,230,291
101,3366,18,0.3027653992176056,0.5318193435668945,0.0736740455031395,0.28048446774482727,290,287
101,3366,19,0.2372513860464096,0.5324140191078186,-0.09411754459142685,0.8104958534240723,227,287
101,3366,20,0.30008432269096375,0.5331370234489441,0.058932241052389145,0.2820119857788086,288,287
101,3366,21,0.2409243881702423,0.5264740586280823,-0.08343223482370377,0.7238543033599854,231,284
101,3366,22,0.29976847767829895,0.5260891318321228,0.06722161918878555,0.270820677280426,287,284
101,3366,23,0.30053651332855225,0.5292712450027466,-0.0663473904132843,0.9999533295631409,288,285
101,3366,24,0.3013049364089966,0.5270507335662842,0.06630171090364456,0.9999075531959534,289,284
101,3366,25,0.2975591719150543,0.6623387932777405,-0.07014592736959457,0.9552459120750427,285,357
101,3366,26,0.2797197699546814,0.6371282339096069,0.08179067075252533,0.5949243903160095,268,344
101,3366,27,0.36118268966674805,0.7131912708282471,0.009418132714927197,0.9190108180046082,346,385
101,3366,28,0.29102498292922974,0.759680449962616,0.11690147966146469,0.7725403308868408,279,410
101,3366,29,0.3744228482246399,0.7118457555770874,0.016434526070952415,0.815545380115509,359,384
101,3366,30,0.3008551299571991,0.7838807702064514,0.11892519891262054,0.7768675088882446,288,423
101,3366,31,0.3474096953868866,0.7522544264793396,0.0021656218450516462,0.8943728804588318,333,406
101,3366,32,0.258235365152359,0.7777127623558044,0.1021568700671196,0.8020158410072327,247,419
102,3400,0,0.26560431718826294,0.3039420545101166,-0.022002236917614937,0.9977291822433472,254,164
102,3400,1,0.26653388142585754,0.2947922945022583,-0.035227932035923004,0.9971612095832825,255,159
102,3400,2,0.2662281095981598,0.2951115667819977,-0.035371582955121994,0.9973489046096802,255,159
102,3400,3,0.26572054624557495,0.29548224806785583,-0.03535453602671623,0.9981056451797485,255,159
102,3400,4,0.26870137453079224,0.2937116026878357,-0.018549172207713127,0.9969933032989502,257,158
102,3400,5,0.2698799669742584,0.2932462692260742,-0.018729329109191895,0.9973345994949341,259,158
102,3400,6,0.27082931995391846,0.2926798462867737,-0.01880982145667076,0.9980274438858032,259,158
102,3400,7,0.2681370675563812,0.3003194332122803,-0.07330551743507385,0.9992371201515198,257,162
102,3400,8,0.27728399634361267,0.2972639799118042,0.009444675408303738,0.9969972372055054,266,160
102,3400,9,0.26706382632255554,0.3145807683467865,-0.030946094542741776,0.9980441927909851,256,169
102,3400,10,0.2694166600704193,0.3143976032733917,-0.009719627909362316,0.9969895482063293,258,169
102,3400,11,0.27421584725379944,0.3631512224674225,-0.12902860343456268,0.9999515414237976,263,196
102,3400,12,0.29065701365470886,0.3556693494319916,0.08408128470182419,0.9990001320838928,279,192
102,3400,13,0.27177488803863525,0.4648165702819824,-0.14677749574184418,0.9773415923118591,260,251
102,3400,14,0.2955365478992462,0.44774436950683594,0.1087643951177597,0.08775217086076736,283,241
102,3400,15,0.24552695453166962,0.5294347405433655,-0.115983746945858,0.8662595748901367,235,285
102,3400,16,0.2862645983695984,0.502697229385376,0.07733212411403656,0.23252256214618683,274,271
102,3400,17,0.23955224454402924,0.552399218082428,-0.13092167675495148,0.8320677876472473,229,298
102,3400,18,0.2848120331764221,0.5163938403129578,0.07633039355278015,0.25372353196144104,273,278
102,3400,19,0.2354014366865158,0.5474211573600769,-0.1259341686964035,0.8218832015991211,225,295
102,3400,20,0.2812347114086151,0.517440140247345,0.06110023334622383,0.25514596700668335,269,279
102,3400,21,0.23727084696292877,0.5398518443107605,-0.11169281601905823,0.7364744544029236,227,291
102,3400,22,0.2811587452888489,0.5117698907852173,0.0684749111533165,0.2451712191104889,269,276
102,3400,23,0.2816232740879059,0.5245348811149597,-0.06714511662721634,0.9999542236328125,270,283
102,3400,24,0.28861376643180847,0.5207230448722839,0.06711823493242264,0.999908983707428,277,281
102,3400,25,0.27525126934051514,0.657927930355072,-0.069637730717659,0.9520880579948425,264,355
102,3400,26,0.2748672068119049,0.637216329574585,0.07123289257287979,0.5587135553359985,263,344
102,3400,27,0.3328733742237091,0.7153536081314087,0.01607275940477848,0.9054573774337769,319,386
102,3400,28,0.2879340350627899,0.7608845233917236,0.10873343050479889,0.7420913577079773,276,410
102,3400,29,0.3419357240200043,0.7151880860328674,0.022631317377090454,0.7918387055397034,328,386
102,3400,30,0.29702988266944885,0.7830103039741516,0.11110801249742508,0.7548400163650513,285,422
102,3400,31,0.3204495310783386,0.7545943856239319,0.006825752556324005,0.8805787563323975,307,407
102,3400,32,0.2571337819099426,0.780245840549469,0.09703578054904938,0.7812971472740173,246,421
103,3433,0,0.264132559299469,0.30188730359077454,-0.008198113180696964,0.9979272484779358,253,163
103,3433,1,0.26481807231903076,0.29303985834121704,-0.022005414590239525,0.9974104762077332,254,158
103,3433,2,0.26434749364852905,0.29329097270965576,-0.02212211675941944,0.9975827932357788,253,158
103,3433,3,0.26365602016448975,0.293590784072876,-0.022120747715234756,0.9982730150222778,253,158
103,3433,4,0.26821956038475037,0.29208457469940186,-0.005005897954106331,0.9972454309463501,257,157
103,3433,5,0.26961416006088257,0.291683554649353,-0.0051619564183056355,0.9975520968437195,258,157
103,3433,6,0.27074921131134033,0.29115599393844604,-0.005197898019105196,0.9981847405433655,259,157
103,3433,7,0.26661235094070435,0.2997247874736786,-0.05972229689359665,0.9993039965629578,255,161
103,3433,8,0.27645620703697205,0.2968730926513672,0.018503248691558838,0.9972195625305176,265,160
103,3433,9,0.26565665006637573,0.3117847442626953,-0.017350004985928535,0.9981953501701355,255,168
103,3433,10,0.2681080996990204,0.3121384084224701,0.003704522270709276,0.997198224067688,257,168
103,3433,11,0.2736397087574005,0.36058303713798523,-0.11399912089109421,0.9999557137489319,262,194
103,3433,12,0.29041585326194763,0.3539868891239166,0.08947442471981049,0.9990432858467102,278,191
103,3433,13,0.27059710025787354,0.4615756869316101,-0.13978661596775055,0.978739321231842,259,249
103,3433,14,0.2937220335006714,0.4381049871444702,0.11814858019351959,0.0791880339384079,281,236
103,3433,15,0.2450435310602188,0.530709445476532,-0.11473976820707321,0.8755736351013184,235,286
103,3433,16,0.28869324922561646,0.49328505992889404,0.09863359481096268,0.2097751349210739,277,266
103,3433,17,0.23836775124073029,0.5560720562934875,-0.12946584820747375,0.8418989181518555,228,300
103,3433,18,0.2882991433143616,0.5058428049087524,0.09911821037530899,0.2293791025876999,276,273
103,3433,19,0.23406757414340973,0.551299512386322,-0.12363386899232864,0.831835925579071,224,297
103,3433,20,0.28447380661964417,0.5062171220779419,0.0860448032617569,0.2306569665670395,273,273
103,3433,21,0.2365412563085556,0.5426137447357178,-0.11026104539632797,0.7474415898323059,227,293
103,3433,22,0.28375422954559326,0.5010040998458862,0.09113449603319168,0.22172702848911285,272,270
103,3433,23,0.2788166105747223,0.5224343538284302,-0.06349272280931473,0.9999569654464722,267,282
103,3433,24,0.2868206799030304,0.5183075666427612,0.06348927319049835,0.9999139308929443,275,279
103,3433,25,0.27402037382125854,0.655110776424408,-0.06336191296577454,0.9497144222259521,263,353
103,3433,26,0.2714180648326874,0.6375316977500916,0.059049833565950394,0.5257476568222046,260,344
103,3433,27,0.3287494480609894,0.7146839499473572,0.01868460513651371,0.8934592604637146,315,385
103,3433,28,0.28685206174850464,0.7611436247825623,0.0910802036523819,0.7119146585464478,275,411
103,3433,29,0.33840829133987427,0.7165507674217224,0.024210194125771523,0.7751631736755371,324,386
103,3433,30,0.29717329144477844,0.7830207347869873,0.0929303839802742,0.7288496494293213,285,422
103,3433,31,0.31884443759918213,0.7606097459793091,0.015194658190011978,0.8691578507423401,306,410
103,3433,32,0.25748008489608765,0.781051754951477,0.07896126061677933,0.7586929202079773,247,421
104,3466,0,0.2482852339744568,0.2947908341884613,-0.03280279412865639,0.996941328048706,238,159
104,3466,1,0.24895554780960083,0.28548523783683777,-0.04584478214383125,0.996293842792511,238,154
104,3466,2,0.24869801104068756,0.28563299775123596,-0.04596824571490288,0.996550977230072,238,154
104,3466,3,0.2484358251094818,0.28570589423179626,-0.04600783437490463,0.9976460337638855,238,154
104,3466,4,0.2516530454158783,0.2847349941730499,-0.029260294511914253,0.9955065846443176,241,153
104,3466,5,0.25300681591033936,0.2843754291534424,-0.029416149482131004,0.9957374930381775,242,153
104,3466,6,0.25417521595954895,0.28382226824760437,-0.02948342077434063,0.9967352747917175,244,153
104,3466,7,0.25111061334609985,0.29057174921035767,-0.08088919520378113,0.9990957975387573,241,156
104,3466,8,0.26018810272216797,0.28918084502220154,-0.005184952635318041,0.9950265288352966,249,156
104,3466,9,0.2497822791337967,0.3047965466976166,-0.04139360040426254,0.9974496364593506,239,164
104,3466,10,0.25175559520721436,0.3049716353416443,-0.02085685171186924,0.9954778552055359,241,164
104,3466,11,0.2589396834373474,0.3550017774105072,-0.1280926913022995,0.9999549984931946,248,191
104,3466,12,0.2735963463783264,0.35054105520248413,0.06420563161373138,0.998786985874176,262,189
104,3466,13,0.2610815763473511,0.4556838572025299,-0.15827058255672455,0.9770767092704773,250,246
104,3466,14,0.2727001905441284,0.44246912002563477,0.08363331109285355,0.07139638811349869,261,238
104,3466,15,0.24124322831630707,0.5350239276885986,-0.14121881127357483,0.8718252182006836,231,288
104,3466,16,0.26533472537994385,0.5120185613632202,0.056906282901763916,0.18905873596668243,254,276
104,3466,17,0.2371760457754135,0.562285840511322,-0.15590140223503113,0.832586944103241,227,303
104,3466,18,0.2630177140235901,0.5272365808486938,0.057184696197509766,0.20693539083003998,252,284
104,3466,19,0.232355535030365,0.5616536736488342,-0.15185096859931946,0.8226249814033508,223,303
104,3466,20,0.25937801599502563,0.5311982035636902,0.0417192168533802,0.2081054449081421,249,286
104,3466,21,0.23378746211528778,0.5526881217956543,-0.13795384764671326,0.7326843738555908,224,298
104,3466,22,0.2600204646587372,0.5247753858566284,0.048542048782110214,0.200112447142601,249,283
104,3466,23,0.26889386773109436,0.5209475755691528,-0.06251319497823715,0.9999539256095886,258,281
104,3466,24,0.2791298031806946,0.5176684856414795,0.062481168657541275,0.9999064207077026,267,279
104,3466,25,0.25192710757255554,0.6470080614089966,-0.06614629179239273,0.9206835627555847,241,349
104,3466,26,0.2672056257724762,0.6341990828514099,0.059259455651044846,0.4767876863479614,256,342
104,3466,27,0.2925795912742615,0.7294262051582336,-0.00041075775516219437,0.8627744913101196,280,393
104,3466,28,0.2860058546066284,0.7549546360969543,0.09654859453439713,0.6524662971496582,274,407
104,3466,29,0.3078462779521942,0.731052577495575,0.004307947587221861,0.744562566280365,295,394
104,3466,30,0.2959233522415161,0.7741240859031677,0.09873580932617188,0.6755243539810181,284,418
104,3466,31,0.2798704504966736,0.7822317481040955,-0.02064145915210247,0.839309573173523,268,422
104,3466,32,0.26431432366371155,0.7828327417373657,0.08013209700584412,0.7009006142616272,253,422
105,3500,0,0.24613922834396362,0.2917432188987732,-0.06268680840730667,0.9966303706169128,236,157
105,3500,1,0.24871131777763367,0.2817578613758087,-0.07196927070617676,0.995972216129303,238,152
105,3500,2,0.24887432157993317,0.2817625105381012,-0.07209894061088562,0.9962361454963684,238,152
105,3500,3,0.24879421293735504,0.2817579507827759,-0.0721089094877243,0.99741530418396,238,152
105,3500,4,0.25002235174179077,0.28158336877822876,-0.05572643131017685,0.9950507283210754,240,152
105,3500,5,0.2509990632534027,0.2814520597457886,-0.05588945001363754,0.9952475428581238,240,151
105,3500,6,0.2517101764678955,0.28115221858024597,-0.05596696585416794,0.996300220489502,241,151
105,3500,7,0.2534553110599518,0.2875949740409851,-0.0905509889125824,0.9989506006240845,243,155
105,3500,8,0.25760504603385925,0.2870827913284302,-0.01722574420273304,0.9939809441566467,247,155
105,3500,9,0.24889817833900452,0.3020365834236145,-0.06538323312997818,0.9968151450157166,238,163
105,3500,10,0.24968098104000092,0.3020191788673401,-0.04549521580338478,0.9942574501037598,239,163
105,3500,11,0.25822263956069946,0.35117143392562866,-0.13249605894088745,0.9999505281448364,247,189
105,3500,12,0.2691757082939148,0.3477165102958679,0.0593920573592186,0.9984295964241028,258,187
105,3500,13,0.2621496319770813,0.4511830806732178,-0.16261954605579376,0.9767476320266724,251,243
105,3500,14,0.27553239464759827,0.44344058632850647,0.08060934394598007,0.06445194780826569,264,239
105,3500,15,0.24354411661624908,0.5361258387565613,-0.1550588309764862,0.8723047375679016,233,289
105,3500,16,0.26598578691482544,0.5124351382255554,0.047681257128715515,0.17061388492584229,255,276
105,3500,17,0.23968720436096191,0.5635731220245361,-0.171187162399292,0.8300626873970032,230,304
105,3500,18,0.2640531659126282,0.5282290577888489,0.04606916755437851,0.18708446621894836,253,285
105,3500,19,0.23485280573368073,0.5645049810409546,-0.16802197694778442,0.8202673196792603,225,304
105,3500,20,0.25982120633125305,0.5333042144775391,0.02964598685503006,0.18815681338310242,249,287
105,3500,21,0.2358611673116684,0.5561642050743103,-0.15223811566829681,0.7279653549194336,226,300
105,3500,22,0.2604541480541229,0.5264588594436646,0.038858260959386826,0.1810232549905777,250,284
105,3500,23,0.26747408509254456,0.5209482312202454,-0.06142190843820572,0.9999493956565857,256,281
105,3500,24,0.2738649547100067,0.517821192741394,0.061389271169900894,0.9998942613601685,262,279
105,3500,25,0.2522646188735962,0.6429911851882935,-0.06295318901538849,0.9113448858261108,242,347
105,3500,26,0.2605964243412018,0.6327488422393799,0.06084825098514557,0.43987762928009033,250,341
105,3500,27,0.2913183569908142,0.7343722581863403,0.007697221823036671,0.8558692932128906,279,396
105,3500,28,0.2869700789451599,0.7488131523132324,0.10367649048566818,0.6127580404281616,275,404
105,3500,29,0.305766761302948,0.7399504780769348,0.012952812947332859,0.7351112365722656,293,399
105,3500,30,0.29968366026878357,0.7600768208503723,0.10676917433738708,0.6403116583824158,287,410
105,3500,31,0.2780523896217346,0.7859467267990112,-0.01619838736951351,0.828880250453949,266,424
105,3500,32,0.2658960223197937,0.7828293442726135,0.08407044410705566,0.6616950631141663,255,422
106,3533,0,0.22958245873451233,0.2892969846725464,-0.05436750128865242,0.9966077208518982,220,156
106,3533,1,0.23296616971492767,0.2783631980419159,-0.06424235552549362,0.996015727519989,223,150
106,3533,2,0.23347491025924683,0.2780371904373169,-0.06437104195356369,0.9962561726570129,224,150
106,3533,3,0.23368613421916962,0.2777954936027527,-0.06437156349420547,0.9974308609962463,224,150
106,3533,4,0.23336263000965118,0.2787918448448181,-0.047279175370931625,0.995168924331665,224,150
106,3533,5,0.23411716520786285,0.2786955237388611,-0.0474470779299736,0.9953433275222778,224,150
106,3533,6,0.23456504940986633,0.27846023440361023,-0.0475107841193676,0.9963568449020386,225,150
106,3533,7,0.2380712777376175,0.28233298659324646,-0.0890565738081932,0.9989336729049683,228,152
106,3533,8,0.2394559234380722,0.28280314803123474,-0.013624384999275208,0.9939505457878113,229,152
106,3533,9,0.2323167473077774,0.29871606826782227,-0.057182636111974716,0.9967120885848999,223,161
106,3533,10,0.23232266306877136,0.29959172010421753,-0.03636059910058975,0.994165301322937,223,161
106,3533,11,0.24214549362659454,0.34382644295692444,-0.12145993858575821,0.9999479055404663,232,185
106,3533,12,0.24842782318592072,0.34413737058639526,0.06665665656328201,0.9982134103775024,238,185
106,3533,13,0.25377070903778076,0.4303634762763977,-0.14772720634937286,0.9753226041793823,243,232
106,3533,14,0.2545091509819031,0.4312380850315094,0.08818047493696213,0.058279965072870255,244,232
106,3533,15,0.24341100454330444,0.5098316073417664,-0.138433039188385,0.8668553233146667,233,275
106,3533,16,0.25373244285583496,0.4946270287036896,0.042251355946063995,0.15426793694496155,243,267
106,3533,17,0.24079929292201996,0.5326236486434937,-0.1536197066307068,0.8224542737007141,231,287
106,3533,18,0.25227534770965576,0.5118597149848938,0.036313239485025406,0.16980710625648499,242,276
106,3533,19,0.23633156716823578,0.530118465423584,-0.15135055780410767,0.8126136064529419,226,286
106,3533,20,0.252013623714447,0.5152082443237305,0.020794294774532318,0.17080548405647278,241,278
106,3533,21,0.23805676400661469,0.5252099633216858,-0.13553476333618164,0.7174402475357056,228,283
106,3533,22,0.2518841624259949,0.5090526342391968,0.033133577555418015,0.16438043117523193,241,274
106,3533,23,0.256401389837265,0.5192722678184509,-0.061479467898607254,0.9999435544013977,246,280
106,3533,24,0.2551436126232147,0.5178279280662537,0.06144861504435539,0.9998802542686462,244,279
106,3533,25,0.2622736394405365,0.6411563754081726,-0.05926825478672981,0.9129047989845276,251,346
106,3533,26,0.2578849494457245,0.6328284740447998,0.050734877586364746,0.41297098994255066,247,341
106,3533,27,0.27288883924484253,0.7596772313117981,-0.0015347735024988651,0.8648077845573425,261,410
106,3533,28,0.2766762375831604,0.7489827275276184,0.08783931285142899,0.5945287942886353,265,404
106,3533,29,0.28427115082740784,0.7793053388595581,0.00035957482759840786,0.744016706943512,272,420
106,3533,30,0.28770187497138977,0.7615998387336731,0.08927787095308304,0.6261081099510193,276,411
106,3533,31,0.2403053492307663,0.7862690091133118,-0.053130827844142914,0.8376994729042053,230,424
106,3533,32,0.24777762591838837,0.7828226089477539,0.05020863190293312,0.6492745876312256,237,422
107,3566,0,0.2309383600950241,0.28705164790153503,-0.0843435600399971,0.9967096447944641,221,155
107,3566,1,0.23401013016700745,0.2766135334968567,-0.09251110255718231,0.9961735606193542,224,149
107,3566,2,0.23462796211242676,0.2761628031730652,-0.09265384823083878,0.9963963627815247,225,149
107,3566,3,0.23508809506893158,0.2757748067378998,-0.09263317286968231,0.9975060820579529,225,148
107,3566,4,0.23330916464328766,0.2775665819644928,-0.07637155801057816,0.9954264163970947,223,149
107,3566,5,0.23365119099617004,0.2776065170764923,-0.0765497237443924,0.9955933094024658,224,149
107,3566,6,0.23377248644828796,0.2774723172187805,-0.07663347572088242,0.9965398907661438,224,149
107,3566,7,0.23890386521816254,0.28094831109046936,-0.09981988370418549,0.9989320635795593,229,151
107,3566,8,0.23766006529331207,0.281961590051651,-0.02700081281363964,0.9941537976264954,228,152
107,3566,9,0.23358577489852905,0.29628604650497437,-0.08249226212501526,0.9967002272605896,224,159
107,3566,10,0.2331857532262802,0.2974608540534973,-0.06273245066404343,0.994271993637085,223,160
107,3566,11,0.24423930048942566,0.34255659580230713,-0.13674527406692505,0.9999455809593201,234,184
107,3566,12,0.24088723957538605,0.3443484902381897,0.06154024228453636,0.9981160163879395,231,185
107,3566,13,0.25267985463142395,0.4359675347805023,-0.15738923847675323,0.974882960319519,242,235
107,3566,14,0.2493089735507965,0.4328129291534424,0.08486608415842056,0.052958399057388306,239,233
107,3566,15,0.2411181479692459,0.5110563039779663,-0.1518537551164627,0.8614892959594727,231,275
107,3566,16,0.2432674616575241,0.4993117153644562,0.02994370460510254,0.1398141086101532,233,269
107,3566,17,0.23976367712020874,0.5342291593551636,-0.16771520674228668,0.8151212334632874,230,288
107,3566,18,0.2424633502960205,0.5176119804382324,0.023627113550901413,0.1547243893146515,232,279
107,3566,19,0.23505361378192902,0.5331189036369324,-0.16938690841197968,0.8057852983474731,225,287
107,3566,20,0.23779694736003876,0.5203320384025574,0.005615551490336657,0.15571336448192596,228,280
107,3566,21,0.23666362464427948,0.5280774831771851,-0.15071505308151245,0.7083582878112793,227,285
107,3566,22,0.23817802965641022,0.5136532783508301,0.01982545480132103,0.15000151097774506,228,277
107,3566,23,0.25882595777511597,0.5196078419685364,-0.062442414462566376,0.9999362230300903,248,280
107,3566,24,0.2458786517381668,0.518069326877594,0.062436800450086594,0.9998653531074524,236,279
107,3566,25,0.2673310339450836,0.6393676400184631,-0.05551959201693535,0.9176133871078491,256,345
107,3566,26,0.2261154055595398,0.6333304643630981,0.053957585245370865,0.4131578803062439,217,341
107,3566,27,0.2784729599952698,0.7552921772003174,0.0009907195344567299,0.8758046627044678,267,407
107,3566,28,0.26334452629089355,0.7459983825683594,0.09258602559566498,0.6052802801132202,252,402
107,3566,29,0.2906944453716278,0.774345874786377,0.002924491884186864,0.757426917552948,279,418
107,3566,30,0.27539679408073425,0.763440728187561,0.0948106199502945,0.6335648894309998,264,412
107,3566,31,0.2531326115131378,0.7863755226135254,-0.05877258628606796,0.8494837880134583,243,424
107,3566,32,0.23788508772850037,0.7829217314720154,0.059213414788246155,0.6587538123130798,228,422
108,3600,0,0.22350795567035675,0.28874489665031433,-0.050742316991090775,0.9969028234481812,214,155
108,3600,1,0.22346040606498718,0.27850115299224854,-0.06342847645282745,0.9963926672935486,214,150
108,3600,2,0.22233447432518005,0.27812832593917847,-0.06356818228960037,0.9966364502906799,213,150
108,3600,3,0.22109386324882507,0.2778264880180359,-0.06359510868787766,0.9976579546928406,212,150
108,3600,4,0.2272266447544098,0.27932101488113403,-0.05000592768192291,0.9956851005554199,218,150
108,3600,5,0.22860614955425262,0.2793523073196411,-0.0501057393848896,0.9958731532096863,219,150
108,3600,6,0.23038293421268463,0.2791996896266937,-0.050109393894672394,0.9967119693756104,221,150
108,3600,7,0.22233429551124573,0.2829746901988983,-0.09858091920614243,0.999011218547821,213,152
108,3600,8,0.2343297153711319,0.28381064534187317,-0.018090222030878067,0.9945297837257385,224,153
108,3600,9,0.22326341271400452,0.2980464696884155,-0.05895305424928665,0.9969047904014587,214,160
108,3600,10,0.22620563209056854,0.29934611916542053,-0.04345177114009857,0.9945952892303467,217,161
108,3600,11,0.22725899517536163,0.3452719449996948,-0.13551656901836395,0.9999493360519409,218,186
108,3600,12,0.23561358451843262,0.3458704650402069,0.056532785296440125,0.9981354475021362,226,186
108,3600,13,0.24176491796970367,0.4389445185661316,-0.16034181416034698,0.9769492745399475,232,237
108,3600,14,0.2373143881559372,0.43528348207473755,0.06860373914241791,0.048841990530490875,227,235
108,3600,15,0.23913384974002838,0.5244958996772766,-0.16204537451267242,0.8741176724433899,229,283
108,3600,16,0.24020709097385406,0.5063493847846985,0.0382918119430542,0.12809164822101593,230,273
108,3600,17,0.2378743588924408,0.5503807663917542,-0.1789454072713852,0.831480860710144,228,297
108,3600,18,0.24172234535217285,0.5364539623260498,0.03572308272123337,0.14295978844165802,232,289
108,3600,19,0.23281854391098022,0.5551919341087341,-0.17765426635742188,0.8228859901428223,223,299
108,3600,20,0.23806799948215485,0.5395277142524719,0.020505795255303383,0.1439013034105301,228,291
108,3600,21,0.23293209075927734,0.5500117540359497,-0.16034245491027832,0.7332965731620789,223,297
108,3600,22,0.24048638343811035,0.5364186763763428,0.030107563361525536,0.13874734938144684,230,289
108,3600,23,0.23589195311069489,0.5284963250160217,-0.061096515506505966,0.9999389052391052,226,285
108,3600,24,0.25005412101745605,0.5236788988113403,0.06107841059565544,0.9998682737350464,240,282
108,3600,25,0.19670674204826355,0.6335350871086121,-0.039469219744205475,0.9247507452964783,188,342
108,3600,26,0.25233331322669983,0.6351563930511475,0.07084313780069351,0.4303739070892334,242,342
108,3600,27,0.22101888060569763,0.7540024518966675,0.028640607371926308,0.886921763420105,212,407
108,3600,28,0.2787431478500366,0.7467515468597412,0.09653754532337189,0.6337395310401917,267,403
108,3600,29,0.2329837530851364,0.7733188271522522,0.03290024399757385,0.7785574197769165,223,417
108,3600,30,0.29070979356765747,0.7659295201301575,0.09636974334716797,0.6613959074020386,279,413
108,3600,31,0.19306877255439758,0.7836154699325562,0.007740896660834551,0.8623836636543274,185,423
108,3600,32,0.2529768645763397,0.7830302119255066,0.07925091683864594,0.6828611493110657,242,422
109,3633,0,0.22088925540447235,0.28986695408821106,-0.04423060640692711,0.9969554543495178,212,156
109,3633,1,0.22152821719646454,0.2796444296836853,-0.05695601552724838,0.9964359998703003,212,151
109,3633,2,0.22093257308006287,0.2793375551700592,-0.05709053575992584,0.9966772198677063,212,150
109,3633,3,0.2202180176973343,0.27909183502197266,-0.05706171691417694,0.9976580739021301,211,150
109,3633,4,0.22411340475082397,0.28022685647010803,-0.042253799736499786,0.995794951915741,215,151
109,3633,5,0.225278839468956,0.2801842987537384,-0.04237811639904976,0.996014416217804,216,151
109,3633,6,0.22642889618873596,0.2799485921859741,-0.04238611459732056,0.996801495552063,217,151
109,3633,7,0.22131988406181335,0.28447550535202026,-0.08957989513874054,0.9990078210830688,212,153
109,3633,8,0.23043863475322723,0.2845953106880188,-0.01351711805909872,0.9947292804718018,221,153
109,3633,9,0.2213294953107834,0.2993963956832886,-0.05168667063117027,0.9969422817230225,212,161
109,3633,10,0.22323322296142578,0.3004439175128937,-0.034182772040367126,0.9947300553321838,214,162
109,3633,11,0.22769273817539215,0.34685957431793213,-0.12318325787782669,0.999951183795929,218,187
109,3633,12,0.23359432816505432,0.34664011001586914,0.05987449362874031,0.9980881214141846,224,187
109,3633,13,0.2403070330619812,0.44022831320762634,-0.14943180978298187,0.9780759811401367,230,237
109,3633,14,0.24229618906974792,0.44081777334213257,0.07669754326343536,0.044500648975372314,232,238
109,3633,15,0.2381662279367447,0.5315277576446533,-0.15093715488910675,0.8813855051994324,228,287
109,3633,16,0.23830506205558777,0.510448694229126,0.04117073491215706,0.11645636707544327,228,275
109,3633,17,0.23899535834789276,0.5589931011199951,-0.16732855141162872,0.8400903344154358,229,301
109,3633,18,0.23785285651683807,0.5365279316902161,0.03696475923061371,0.1306930035352707,228,289
109,3633,19,0.2341902256011963,0.5629494190216064,-0.1672355830669403,0.8313619494438171,224,303
109,3633,20,0.2390197217464447,0.5423442125320435,0.02107185125350952,0.13160023093223572,229,292
109,3633,21,0.2337479442358017,0.5546825528144836,-0.14937551319599152,0.7433817982673645,224,299
109,3633,22,0.2387862652540207,0.5369517207145691,0.032459795475006104,0.12699511647224426,229,289
109,3633,23,0.23625117540359497,0.528472363948822,-0.05576065555214882,0.9999346733093262,226,285
109,3633,24,0.24179720878601074,0.5263211131095886,0.055787719786167145,0.9998511672019958,232,284
109,3633,25,0.23584288358688354,0.6351500749588013,-0.02702857367694378,0.9302946329116821,226,342
109,3633,26,0.20804567635059357,0.6310750246047974,0.05969817936420441,0.4178403913974762,199,340
109,3633,27,0.2637461721897125,0.7611818909645081,0.018343649804592133,0.897214949131012,253,411
109,3633,28,0.23480378091335297,0.7515326738357544,0.09744158387184143,0.6308512687683105,225,405
109,3633,29,0.27332165837287903,0.7818006873130798,0.017170997336506844,0.7951245307922363,262,422
109,3633,30,0.24373319745063782,0.7713940143585205,0.09750547260046005,0.655543863773346,233,416
109,3633,31,0.24280475080013275,0.783894419670105,-0.044474340975284576,0.874176025390625,233,423
109,3633,32,0.214204341173172,0.7831830978393555,0.0662001222372055,0.6844174265861511,205,422
110,3666,0,0.20837707817554474,0.2918461859226227,-0.01275609526783228,0.9958623051643372,200,157
110,3666,1,0.209429532289505,0.2831919491291046,-0.026705516502261162,0.9946388006210327,201,152
110,3666,2,0.20852020382881165,0.2832707464694977,-0.026833979412913322,0.994933009147644,200,152
110,3666,3,0.20748449862003326,0.2834385931491852,-0.02681778185069561,0.996239423751831,199,153
110,3666,4,0.21277837455272675,0.28320395946502686,-0.011241965927183628,0.994266152381897,204,152
110,3666,5,0.21401040256023407,0.2832624912261963,-0.011399274691939354,0.9947980046272278,205,152
110,3666,6,0.21512217819690704,0.2832883894443512,-0.011440740898251534,0.9958034157752991,206,152
110,3666,7,0.20765455067157745,0.28821244835853577,-0.06178499758243561,0.9985528588294983,199,155
110,3666,8,0.21905088424682617,0.2879134714603424,0.008940578438341618,0.9939309358596802,210,155
110,3666,9,0.20875388383865356,0.3025299906730652,-0.02137012407183647,0.9961591958999634,200,163
110,3666,10,0.21082498133182526,0.30299827456474304,-0.0025064123328775167,0.9938388466835022,202,163
110,3666,11,0.21173255145549774,0.3470959961414337,-0.11089969426393509,0.9999523162841797,203,187
110,3666,12,0.2181750237941742,0.3472995162010193,0.07046742737293243,0.9980589151382446,209,187
110,3666,13,0.22403083741664886,0.4415481984615326,-0.13898202776908875,0.9770021438598633,215,238
110,3666,14,0.2217141091823578,0.4413488805294037,0.08082728832960129,0.040448352694511414,212,238
110,3666,15,0.2309025377035141,0.5301142334938049,-0.135618656873703,0.8693208694458008,221,286
110,3666,16,0.22917550802230835,0.5211891531944275,0.05037495866417885,0.10540448874235153,220,281
110,3666,17,0.23223145306110382,0.5563327074050903,-0.14875705540180206,0.8258845806121826,222,300
110,3666,18,0.23012728989124298,0.5449172258377075,0.04699838161468506,0.11865940690040588,220,294
110,3666,19,0.2295134961605072,0.5596064925193787,-0.15176349878311157,0.8145567178726196,220,302
110,3666,20,0.22866259515285492,0.5483231544494629,0.032066334038972855,0.11948210746049881,219,296
110,3666,21,0.22882208228111267,0.5524426102638245,-0.13537046313285828,0.7201177477836609,219,298
110,3666,22,0.22791603207588196,0.5407588481903076,0.04186611250042915,0.11540181189775467,218,292
110,3666,23,0.23016497492790222,0.532400906085968,-0.054694388061761856,0.9999356865882874,220,287
110,3666,24,0.22226537764072418,0.5324830412864685,0.05472171679139137,0.9998535513877869,213,287
110,3666,25,0.2507168650627136,0.6354295015335083,-0.02464922145009041,0.9358201026916504,240,343
110,3666,26,0.17939046025276184,0.6236250996589661,0.01923896186053753,0.4402390122413635,172,336
110,3666,27,0.27731165289878845,0.7584982514381409,0.020562756806612015,0.9064223170280457,266,409
110,3666,28,0.1807185560464859,0.7524575591087341,0.03658344969153404,0.654353141784668,173,406
110,3666,29,0.2876925468444824,0.7738962769508362,0.019711678847670555,0.8059722185134888,276,417
110,3666,30,0.19052037596702576,0.7759683132171631,0.03579168766736984,0.6708245277404785,182,419
110,3666,31,0.2545401155948639,0.7850532531738281,-0.03574167564511299,0.8842518925666809,244,423
110,3666,32,0.1492290049791336,0.7825067639350891,-0.009248231537640095,0.703818142414093,143,422
111,3700,0,0.20709776878356934,0.2919500470161438,-0.01896527037024498,0.9958801865577698,198,157
111,3700,1,0.2071712762117386,0.28353044390678406,-0.03250419348478317,0.9945915341377258,198,153
111,3700,2,0.2064324915409088,0.2836591303348541,-0.032628800719976425,0.9948996305465698,198,153
111,3700,3,0.20556047558784485,0.2838512063026428,-0.03260570019483566,0.9961360692977905,197,153
111,3700,4,0.21012268960475922,0.2834349572658539,-0.016226381063461304,0.9943342804908752,201,153
111,3700,5,0.21194860339164734,0.28345200419425964,-0.01638914830982685,0.9949151277542114,203,153
111,3700,6,0.2133823037147522,0.28346338868141174,-0.016436751931905746,0.9958751797676086,204,153
111,3700,7,0.20613960921764374,0.2886965870857239,-0.06458552181720734,0.9985361099243164,197,155
111,3700,8,0.2167273312807083,0.2886848449707031,0.008768516592681408,0.9941989779472351,208,155
111,3700,9,0.20674465596675873,0.3027242124080658,-0.026454703882336617,0.9961766600608826,198,163
111,3700,10,0.20960013568401337,0.30306968092918396,-0.006504359655082226,0.9940057992935181,201,163
111,3700,11,0.21062003076076508,0.34800851345062256,-0.11398753523826599,0.9999545216560364,202,187
111,3700,12,0.21725724637508392,0.34768590331077576,0.07423339784145355,0.9981004595756531,208,187
111,3700,13,0.2211553007364273,0.44064244627952576,-0.14085468649864197,0.9781165719032288,212,237
111,3700,14,0.22522123157978058,0.44174250960350037,0.09177247434854507,0.03705665096640587,216,238
111,3700,15,0.22914190590381622,0.5292470455169678,-0.13751350343227386,0.8740511536598206,219,285
111,3700,16,0.2261337786912918,0.5209590196609497,0.05795113369822502,0.09603593498468399,217,281
111,3700,17,0.23095199465751648,0.5552922487258911,-0.1508934497833252,0.8314597010612488,221,299
111,3700,18,0.23046129941940308,0.5452895164489746,0.05433930456638336,0.1088424026966095,221,294
111,3700,19,0.2280435711145401,0.5586124062538147,-0.15425868332386017,0.8198001980781555,218,301
111,3700,20,0.22726692259311676,0.5480161309242249,0.03859115019440651,0.10963340103626251,218,295
111,3700,21,0.2270703911781311,0.550361692905426,-0.1371956169605255,0.7253382802009583,217,297
111,3700,22,0.22772321105003357,0.5402771830558777,0.0491132028400898,0.10605228692293167,218,291
111,3700,23,0.2309640496969223,0.5325477719306946,-0.05540218576788902,0.9999323487281799,221,287
111,3700,24,0.2190583199262619,0.5335742831230164,0.05543012544512749,0.9998449683189392,210,288
111,3700,25,0.2546089291572571,0.6365516185760498,-0.01914045214653015,0.9413400292396545,244,343
111,3700,26,0.178009033203125,0.6223564147949219,0.020915066823363304,0.46979498863220215,170,336
111,3700,27,0.28117528557777405,0.7554768919944763,0.030052680522203445,0.9150312542915344,269,407
111,3700,28,0.1799793839454651,0.7526638507843018,0.038112763315439224,0.6778217554092407,172,406
111,3700,29,0.2920534908771515,0.7708558440208435,0.030670013278722763,0.8184333443641663,280,416
111,3700,30,0.18733790516853333,0.7766968011856079,0.03744327276945114,0.6879456639289856,179,419
111,3700,31,0.25469735264778137,0.7847408056259155,-0.032799411565065384,0.8942255973815918,244,423
111,3700,32,0.1443241983652115,0.779603898525238,-0.007164718583226204,0.7245165109634399,138,420
112,3733,0,0.18936164677143097,0.29240551590919495,-0.010517299175262451,0.9962634444236755,181,157
112,3733,1,0.18976184725761414,0.28373321890830994,-0.024830780923366547,0.995100200176239,182,153
112,3733,2,0.18897709250450134,0.2838103771209717,-0.024971267208456993,0.9953880310058594,181,153
112,3733,3,0.18798376619815826,0.2839289605617523,-0.024962464347481728,0.9965028762817383,180,153
112,3733,4,0.19332124292850494,0.2836642861366272,-0.009035377763211727,0.9948726296424866,185,153
112,3733,5,0.19494037330150604,0.283663272857666,-0.009176790714263916,0.9954038262367249,187,153
112,3733,6,0.19654083251953125,0.2836295962333679,-0.009183540008962154,0.9962634444236755,188,153
112,3733,7,0.1890316605567932,0.2889903485774994,-0.06344535946846008,0.9986766576766968,181,156
112,3733,8,0.20112267136573792,0.28903767466545105,0.008247396908700466,0.9947426915168762,193,156
112,3733,9,0.18829497694969177,0.30279818177223206,-0.020030634477734566,0.9965378642082214,180,163
112,3733,10,0.1919715702533722,0.3032476007938385,-0.000606922316364944,0.9945701360702515,184,163
112,3733,11,0.1911192387342453,0.3516122102737427,-0.11027079075574875,0.9999582171440125,183,189
112,3733,12,0.20564700663089752,0.34896793961524963,0.07518254965543747,0.9982610940933228,197,188
112,3733,13,0.20148800313472748,0.44238749146461487,-0.14015823602676392,0.979261577129364,193,238
112,3733,14,0.2002152055501938,0.44135749340057373,0.07773444056510925,0.03570818901062012,192,238
112,3733,15,0.21681290864944458,0.5263276100158691,-0.14572812616825104,0.8846484422683716,208,284
112,3733,16,0.18692460656166077,0.5023959875106812,0.014564371667802334,0.10099801421165466,179,271
112,3733,17,0.22185224294662476,0.552314817905426,-0.16210560500621796,0.8459942936897278,212,298
112,3733,18,0.18418718874454498,0.5125495791435242,0.0063606793992221355,0.12090709805488586,176,276
112,3733,19,0.21795818209648132,0.5581248998641968,-0.1655593067407608,0.835419774055481,209,301
112,3733,20,0.18227365612983704,0.5106191635131836,-0.010165669955313206,0.12237914651632309,174,275
112,3733,21,0.2157982438802719,0.5474653244018555,-0.1462314873933792,0.7489567995071411,207,295
112,3733,22,0.1828509420156479,0.5075478553771973,0.004461533855646849,0.11763223260641098,175,274
112,3733,23,0.20250113308429718,0.5336596965789795,-0.05561234802007675,0.9999380111694336,194,288
112,3733,24,0.21735262870788574,0.5339500904083252,0.055581048130989075,0.9998582601547241,208,288
112,3733,25,0.16458792984485626,0.6344502568244934,0.022201035171747208,0.9467426538467407,158,342
112,3733,26,0.23100657761096954,0.6326861381530762,0.06529282033443451,0.5202820301055908,221,341
112,3733,27,0.14402182400226593,0.7543973326683044,0.06428974121809006,0.9232600927352905,138,407
112,3733,28,0.2680482566356659,0.7477215528488159,0.0839805081486702,0.7097284197807312,257,403
112,3733,29,0.14719904959201813,0.7780201435089111,0.06412691622972488,0.8357732892036438,141,420
112,3733,30,0.2781873047351837,0.767215371131897,0.08406851440668106,0.7188745141029358,267,414
112,3733,31,0.11157195270061493,0.7647653818130493,0.023393243551254272,0.9042876958847046,107,412
112,3733,32,0.24748755991458893,0.7808915376663208,0.05800802633166313,0.7516383528709412,237,421
113,3766,0,0.1845931112766266,0.2929162085056305,-0.030924800783395767,0.996633768081665,177,158
113,3766,1,0.18590955436229706,0.2838413715362549,-0.043649233877658844,0.9955866932868958,178,153
113,3766,2,0.1858557015657425,0.28397536277770996,-0.04377448931336403,0.9958469867706299,178,153
113,3766,3,0.18583323061466217,0.28411564230918884,-0.043745577335357666,0.9968501925468445,178,153
113,3766,4,0.18777118623256683,0.28369343280792236,-0.025862399488687515,0.99538254737854,180,153
113,3766,5,0.18887516856193542,0.2837440073490143,-0.02599307894706726,0.9958614706993103,181,153
113,3766,6,0.18989278376102448,0.28376659750938416,-0.025983009487390518,0.9966343641281128,182,153
113,3766,7,0.18864765763282776,0.2892146408557892,-0.07733868062496185,0.9988082647323608,181,156
113,3766,8,0.19467929005622864,0.2891726493835449,0.0016655318904668093,0.9952641725540161,186,156
113,3766,9,0.18570099771022797,0.30298957228660583,-0.03872951492667198,0.9968801736831665,178,163
113,3766,10,0.18752555549144745,0.3035750389099121,-0.016721410676836967,0.9951066970825195,180,163
113,3766,11,0.19111068546772003,0.3544309139251709,-0.11979936063289642,0.999961793422699,183,191
113,3766,12,0.20684613287448883,0.35033705830574036,0.07463553547859192,0.9984160661697388,198,189
113,3766,13,0.20363344252109528,0.44442278146743774,-0.1533210724592209,0.9810868501663208,195,239
113,3766,14,0.19514362514019012,0.4407087564468384,0.06866748631000519,0.034469470381736755,187,237
113,3766,15,0.21445168554782867,0.5262002348899841,-0.15880602598190308,0.8955435156822205,205,284
113,3766,16,0.16975490748882294,0.4911332428455353,-0.007896057330071926,0.10886798799037933,162,265
113,3766,17,0.21902209520339966,0.5493984222412109,-0.17540393769741058,0.8605672717094421,210,296
113,3766,18,0.16386732459068298,0.4972071349620819,-0.01696963422000408,0.1367921382188797,157,268
113,3766,19,0.2163894772529602,0.5569502711296082,-0.17834745347499847,0.8510414361953735,207,300
113,3766,20,0.16146010160446167,0.4956706166267395,-0.03364036977291107,0.13911888003349304,155,267
113,3766,21,0.21440349519252777,0.5467501282691956,-0.1590937227010727,0.7727779746055603,205,295
113,3766,22,0.16353796422481537,0.49456730484962463,-0.018529478460550308,0.13456684350967407,156,267
113,3766,23,0.20057962834835052,0.534178614616394,-0.06058095395565033,0.9999430775642395,192,288
113,3766,24,0.2200484275817871,0.5348466038703918,0.06050186604261398,0.9998701810836792,211,288
113,3766,25,0.1613740473985672,0.6342526078224182,0.014191677793860435,0.9519378542900085,154,342
113,3766,26,0.24604743719100952,0.6360204219818115,0.07084575295448303,0.5676166415214539,236,343
113,3766,27,0.14037980139255524,0.7548820972442627,0.05293025076389313,0.9308671355247498,134,407
113,3766,28,0.2794273793697357,0.7447368502616882,0.09620114415884018,0.7386993765830994,268,402
113,3766,29,0.1426866054534912,0.7810243964195251,0.05264075845479965,0.8519784808158875,136,421
113,3766,30,0.2898252308368683,0.7639569640159607,0.09730525314807892,0.7469345331192017,278,412
113,3766,31,0.10467042028903961,0.7596272826194763,0.010074012912809849,0.9137238264083862,100,410
113,3766,32,0.2578279376029968,0.7807458639144897,0.07145704329013824,0.7763908505439758,247,421
114,3800,0,0.16815423965454102,0.29561591148376465,0.0052416203543543816,0.996921956539154,161,159
114,3800,1,0.16848285496234894,0.2859307527542114,-0.008246421813964844,0.9959605932235718,161,154
114,3800,2,0.16780750453472137,0.2858789265155792,-0.008347704075276852,0.9962146878242493,161,154
114,3800,3,0.166951522231102,0.2857955992221832,-0.008328007534146309,0.9971079230308533,160,154
114,3800,4,0.17206571996212006,0.28603482246398926,0.007741308305412531,0.9958122968673706,165,154
114,3800,5,0.1737603098154068,0.2859700322151184,0.007590676657855511,0.9962578415870667,166,154
114,3800,6,0.1754131019115448,0.2858424186706543,0.007590544875711203,0.9969516396522522,168,154
114,3800,7,0.16768354177474976,0.2905246615409851,-0.04703294113278389,0.9989109039306641,160,156
114,3800,8,0.17988872528076172,0.2905873954296112,0.025769349187612534,0.9957194924354553,172,156
114,3800,9,0.16833356022834778,0.3056657314300537,-0.004757508169859648,0.9971534013748169,161,165
114,3800,10,0.17137423157691956,0.30595991015434265,0.015252257697284222,0.9955592155456543,164,165
114,3800,11,0.1715124398469925,0.3562241494655609,-0.0911431834101677,0.9999598264694214,164,192
114,3800,12,0.1894996464252472,0.35486626625061035,0.08353681862354279,0.9985644221305847,181,191
114,3800,13,0.18346060812473297,0.4445870816707611,-0.15345881879329681,0.972344696521759,176,240
114,3800,14,0.17650313675403595,0.4435437023639679,0.07414652407169342,0.03653028979897499,169,239
114,3800,15,0.19114364683628082,0.4849006235599518,-0.18932245671749115,0.8653457760810852,183,261
114,3800,16,0.14165641367435455,0.4822843670845032,0.004241605754941702,0.1591748595237732,135,260
114,3800,17,0.19259735941886902,0.4890002906322479,-0.20822617411613464,0.8469136953353882,184,264
114,3800,18,0.13098369538784027,0.4912280738353729,-0.004823284689337015,0.19948072731494904,125,265
114,3800,19,0.19405892491340637,0.4804956018924713,-0.2079109400510788,0.8377042412757874,186,259
114,3800,20,0.12732523679733276,0.48793256282806396,-0.022014115005731583,0.20238377153873444,122,263
114,3800,21,0.19460538029670715,0.48059970140457153,-0.1895941197872162,0.7606865763664246,186,259
114,3800,22,0.1320781260728836,0.48504480719566345,-0.00633481377735734,0.1937008649110794,126,261
114,3800,23,0.18195033073425293,0.5340986251831055,-0.058662738651037216,0.999947726726532,174,288
114,3800,24,0.20580369234085083,0.5345802903175354,0.058571405708789825,0.9998825192451477,197,288
114,3800,25,0.14499130845069885,0.6367543339729309,0.00753308879211545,0.9565116763114929,139,343
114,3800,26,0.24378612637519836,0.6364489197731018,0.013405006378889084,0.6105055809020996,234,343
114,3800,27,0.11470604687929153,0.7539277672767639,0.03967602550983429,0.9377112984657288,110,407
114,3800,28,0.27611222863197327,0.7412260174751282,0.011487155221402645,0.7647766470909119,265,400
114,3800,29,0.1154569610953331,0.7781661748886108,0.03556230291724205,0.866584062576294,110,420
114,3800,30,0.2885358929634094,0.7574256658554077,0.010503117926418781,0.7721933126449585,276,409
114,3800,31,0.08110461384057999,0.7539916038513184,0.006811419036239386,0.9221653342247009,77,407
114,3800,32,0.25849419832229614,0.7807594537734985,-0.014497241005301476,0.7986580729484558,248,421
115,3833,0,0.16829614341259003,0.2980297803878784,-0.0069444491527974606,0.9971920847892761,161,160
115,3833,1,0.16854295134544373,0.2879619002342224,-0.020034870132803917,0.9963095188140869,161,155
115,3833,2,0.1676318347454071,0.2878054976463318,-0.020143933594226837,0.996555745601654,160,155
115,3833,3,0.16656355559825897,0.2876388430595398,-0.020122982561588287,0.9973459243774414,159,155
115,3833,4,0.17219661176204681,0.2883114516735077,-0.004344303626567125,0.9962072372436523,165,155
115,3833,5,0.17376382648944855,0.2882978916168213,-0.004499690141528845,0.9966197609901428,166,155
115,3833,6,0.17544420063495636,0.2881588339805603,-0.004516583401709795,0.9972421526908875,168,155
115,3833,7,0.16703881323337555,0.29273393750190735,-0.05489443987607956,0.9990049600601196,160,158
115,3833,8,0.17908242344856262,0.29294353723526,0.01882041245698929,0.9961356520652771,171,158
115,3833,9,0.16788214445114136,0.30757421255111694,-0.015340794809162617,0.9974038600921631,161,166
115,3833,10,0.171314537525177,0.30855533480644226,0.004134705755859613,0.9959756731987,164,166
115,3833,11,0.17155204713344574,0.35797572135925293,-0.09662771224975586,0.999956488609314,164,193
115,3833,12,0.1863613873720169,0.35718727111816406,0.07525690644979477,0.9987001419067383,178,192
115,3833,13,0.18350787460803986,0.45025163888931274,-0.18255536258220673,0.9692990779876709,176,243
115,3833,14,0.17474675178527832,0.44825801253318787,0.07115289568901062,0.041744738817214966,167,242
115,3833,15,0.18375836312770844,0.4493163228034973,-0.2501390874385834,0.8585431575775146,176,242
115,3833,16,0.13707096874713898,0.4821697771549225,0.006182597950100899,0.21576014161109924,131,260
115,3833,17,0.1862771064043045,0.4585835337638855,-0.27307721972465515,0.8497656583786011,178,247
115,3833,18,0.12693580985069275,0.4908565282821655,-0.0017920334357768297,0.26354849338531494,121,265
115,3833,19,0.18804730474948883,0.4465433955192566,-0.2704218924045563,0.8409145474433899,180,241
115,3833,20,0.12450715154409409,0.48732510209083557,-0.01906450279057026,0.2665824592113495,119,263
115,3833,21,0.1889481097459793,0.4491170644760132,-0.2502201497554779,0.7666030526161194,181,242
115,3833,22,0.12824100255966187,0.4847853481769562,-0.003986176569014788,0.25495707988739014,123,261
115,3833,23,0.18028642237186432,0.5339809060096741,-0.055346786975860596,0.9999520182609558,173,288
115,3833,24,0.20447827875614166,0.5344395041465759,0.05526323616504669,0.9998937249183655,196,288
115,3833,25,0.14470995962619781,0.6392232775688171,0.021359698846936226,0.9606782793998718,138,345
115,3833,26,0.2409396767616272,0.6367343068122864,0.006926899775862694,0.6493075489997864,231,343
115,3833,27,0.11316806823015213,0.7533499598503113,0.051862817257642746,0.9438979029655457,108,406
115,3833,28,0.2760181427001953,0.7403284311294556,0.005268371198326349,0.7882781028747559,264,399
115,3833,29,0.11334886401891708,0.7761399149894714,0.050444696098566055,0.87982177734375,108,419
115,3833,30,0.2873573899269104,0.7561007142066956,0.004108418244868517,0.7949537038803101,275,408
115,3833,31,0.0807836577296257,0.7487565279006958,0.020344393327832222,0.9298220276832581,77,404
115,3833,32,0.25684061646461487,0.7806446552276611,-0.02214137092232704,0.8187462091445923,246,421
116,3866,0,0.1545666754245758,0.3056887090206146,0.01758158951997757,0.9974374175071716,148,165
116,3866,1,0.1545097529888153,0.29577353596687317,0.004061806946992874,0.9966394305229187,148,159
116,3866,2,0.1534779965877533,0.29552847146987915,0.003964276518672705,0.9968719482421875,147,159
116,3866,3,0.1522982120513916,0.2952856123447418,0.003979605622589588,0.9975812435150146,146,159
116,3866,4,0.1587325483560562,0.29661157727241516,0.02059519663453102,0.9965646266937256,152,160
116,3866,5,0.16060879826545715,0.2972364127635956,0.02045922353863716,0.9969444274902344,154,160
116,3866,6,0.16248425841331482,0.2975109815597534,0.020466625690460205,0.9975035190582275,155,160
116,3866,7,0.15308262407779694,0.30083370208740234,-0.037645287811756134,0.9990956783294678,146,162
116,3866,8,0.16633431613445282,0.30335184931755066,0.03735616058111191,0.9965050220489502,159,163
116,3866,9,0.1533050239086151,0.3152914047241211,0.006289746146649122,0.99764084815979,147,170
116,3866,10,0.15769965946674347,0.3165663480758667,0.026871323585510254,0.9963512420654297,151,170
116,3866,11,0.153872549533844,0.36182260513305664,-0.09002187103033066,0.9999585151672363,147,195
116,3866,12,0.17121414840221405,0.3671184182167053,0.10012956708669662,0.9988183379173279,164,198
116,3866,13,0.1670328974723816,0.45546072721481323,-0.15317989885807037,0.969036877155304,160,245
116,3866,14,0.1576164811849594,0.4536295533180237,0.10078755021095276,0.042787324637174606,151,244
116,3866,15,0.17020158469676971,0.5049086213111877,-0.20550957322120667,0.8637604117393494,163,272
116,3866,16,0.12414326518774033,0.4782494008541107,0.03683089092373848,0.2669517695903778,119,258
116,3866,17,0.17120054364204407,0.5123543739318848,-0.22148732841014862,0.8574258685112,164,276
116,3866,18,0.11417360603809357,0.48646268248558044,0.031084885820746422,0.31869614124298096,109,262
116,3866,19,0.17026713490486145,0.5042543411254883,-0.2121632993221283,0.848937451839447,163,272
116,3866,20,0.111762635409832,0.48266544938087463,0.014436568133533001,0.3219999670982361,107,260
116,3866,21,0.17111891508102417,0.5049585103988647,-0.20215259492397308,0.7783960103988647,164,272
116,3866,22,0.1153051108121872,0.4798692464828491,0.02661622129380703,0.30879825353622437,110,259
116,3866,23,0.16488048434257507,0.5359038710594177,-0.057862237095832825,0.9999560713768005,158,289
116,3866,24,0.19002516567707062,0.5355408191680908,0.05773836374282837,0.999903678894043,182,289
116,3866,25,0.125545933842659,0.6391209959983826,0.016546431928873062,0.96446692943573,120,345
116,3866,26,0.22342301905155182,0.6371173858642578,0.008739033713936806,0.6841807961463928,214,344
116,3866,27,0.1009988784790039,0.757905125617981,0.002621576888486743,0.9494531154632568,96,409
116,3866,28,0.2743043005466461,0.7349663376808167,-0.0012787935556843877,0.8094257712364197,263,396
116,3866,29,0.10320384055376053,0.7845813035964966,-0.0004563717229757458,0.8916382789611816,99,423
116,3866,30,0.28434914350509644,0.7436656951904297,-0.0026870903093367815,0.8154314160346985,272,401
116,3866,31,0.06819109618663788,0.752916157245636,-0.034080419689416885,0.9367223978042603,65,406
116,3866,32,0.2560585141181946,0.7807187438011169,-0.026883583515882492,0.8368269205093384,245,421
117,3900,0,0.15310344099998474,0.3080637753009796,0.009403577074408531,0.9976530075073242,146,166
117,3900,1,0.15280954539775848,0.29842573404312134,-0.004707152023911476,0.9969270825386047,146,161
117,3900,2,0.15178388357162476,0.29828906059265137,-0.004808161873370409,0.9971490502357483,145,161
117,3900,3,0.15061424672603607,0.2983283996582031,-0.004788086749613285,0.9977841377258301,144,161
117,3900,4,0.15660542249679565,0.29904282093048096,0.010407458990812302,0.996880829334259,150,161
117,3900,5,0.158270463347435,0.2998828589916229,0.010261284187436104,0.9972331523895264,151,161
117,3900,6,0.15983864665031433,0.300104558467865,0.010250971652567387,0.9977352023124695,153,162
117,3900,7,0.15078072249889374,0.3043615221977234,-0.04528522863984108,0.9991745352745056,144,164
117,3900,8,0.16332024335861206,0.30654212832450867,0.02634567581117153,0.9968324303627014,156,165
117,3900,9,0.15197190642356873,0.3177301585674286,-0.0010130048030987382,0.9978440403938293,145,171
117,3900,10,0.1557958722114563,0.3189496695995331,0.01756492257118225,0.9966804385185242,149,172
117,3900,11,0.153615802526474,0.3645555078983307,-0.09352631866931915,0.9999603033065796,147,196
117,3900,12,0.1704888939857483,0.36914342641830444,0.0924510508775711,0.9989256262779236,163,199
117,3900,13,0.1656179130077362,0.45861414074897766,-0.13504071533679962,0.9639778733253479,158,247
117,3900,14,0.1563178151845932,0.4562680125236511,0.09662102162837982,0.0413220040500164,150,246
117,3900,15,0.16915178298950195,0.5179114937782288,-0.14043842256069183,0.8559127449989319,162,279
117,3900,16,0.1203586757183075,0.47860464453697205,0.030288366600871086,0.285339891910553,115,258
117,3900,17,0.16924166679382324,0.5274043083190918,-0.1516149789094925,0.8544193506240845,162,284
117,3900,18,0.11003129184246063,0.4876922070980072,0.02448013238608837,0.3458021581172943,105,263
117,3900,19,0.1681230515241623,0.5209905505180359,-0.15005987882614136,0.8461902737617493,161,281
117,3900,20,0.10789436846971512,0.4829820394515991,0.008631031960248947,0.3495967984199524,103,260
117,3900,21,0.16954797506332397,0.5201480388641357,-0.1386222094297409,0.7768336534500122,162,280
117,3900,22,0.11164307594299316,0.4799651503562927,0.02037173882126808,0.33413392305374146,107,259
117,3900,23,0.16311867535114288,0.5391519665718079,-0.05616909638047218,0.9999592900276184,156,291
117,3900,24,0.18944214284420013,0.5380476713180542,0.05604716017842293,0.9999122023582458,181,290
117,3900,25,0.12390373647212982,0.6392866969108582,0.02678287774324417,0.9675495624542236,118,345
117,3900,26,0.2199810892343521,0.6378166675567627,0.011345146223902702,0.71552973985672,211,344
117,3900,27,0.10097397863864899,0.7580546140670776,0.04504306614398956,0.9543824791908264,96,409
117,3900,28,0.27250388264656067,0.7339239120483398,0.005860769655555487,0.8284579515457153,261,396
117,3900,29,0.10355395823717117,0.7844787240028381,0.04329428821802139,0.9020833969116211,99,423
117,3900,30,0.2824403643608093,0.741208016872406,0.005071935243904591,0.8338605761528015,271,400
117,3900,31,0.067637600004673,0.7549103498458862,0.01748223789036274,0.9427663683891296,64,407
117,3900,32,0.2562848627567291,0.7807308435440063,-0.016451053321361542,0.8530906438827515,246,421
118,3933,0,0.13319052755832672,0.3091348707675934,0.06873317062854767,0.997802734375,127,166
118,3933,1,0.1320146769285202,0.2997996509075165,0.052611056715250015,0.9971897006034851,126,161
118,3933,2,0.13079087436199188,0.2996005415916443,0.05250408872961998,0.9973998069763184,125,161
118,3933,3,0.12945713102817535,0.2995048761367798,0.052526287734508514,0.9979846477508545,124,161
118,3933,4,0.13627976179122925,0.3001634180545807,0.0661558285355568,0.9971372485160828,130,162
118,3933,5,0.13799147307872772,0.30047327280044556,0.06602830439805984,0.9974530339241028,132,162
118,3933,6,0.13983574509620667,0.3005005717277527,0.06604132056236267,0.9979099631309509,134,162
118,3933,7,0.12825742363929749,0.3051665127277374,-0.006781315430998802,0.9992482662200928,123,164
118,3933,8,0.14354902505874634,0.30658188462257385,0.055147118866443634,0.9970822334289551,137,165
118,3933,9,0.13190332055091858,0.3186367452144623,0.05158676579594612,0.9980234503746033,126,172
118,3933,10,0.13556671142578125,0.3196215033531189,0.06804079562425613,0.9969232082366943,130,172
118,3933,11,0.1328134387731552,0.37034907937049866,-0.06776250898838043,0.9999619722366333,127,199
118,3933,12,0.1534276157617569,0.3694384694099426,0.1063975840806961,0.998917818069458,147,199
118,3933,13,0.14206522703170776,0.46071070432662964,-0.12003254145383835,0.9666154384613037,136,248
118,3933,14,0.16729460656642914,0.4358690083026886,0.2194543480873108,0.038901519030332565,160,235
118,3933,15,0.10668458789587021,0.48917660117149353,-0.13064715266227722,0.8685254454612732,102,264
118,3933,16,0.14223544299602509,0.4142494201660156,0.3405815064907074,0.26899585127830505,136,223
118,3933,17,0.09634168446063995,0.4997313916683197,-0.14319553971290588,0.8669238686561584,92,269
118,3933,18,0.15137866139411926,0.4058772921562195,0.3603843152523041,0.3319844901561737,145,219
118,3933,19,0.09423485398292542,0.4914524257183075,-0.1314893662929535,0.8592424988746643,90,265
118,3933,20,0.15578950941562653,0.4016445279121399,0.35453924536705017,0.33443236351013184,149,216
118,3933,21,0.09858066588640213,0.4878372848033905,-0.1239953264594078,0.793988823890686,94,263
118,3933,22,0.14120925962924957,0.40531980991363525,0.3404257893562317,0.3176535665988922,135,218
118,3933,23,0.14226585626602173,0.5386771559715271,-0.05475049093365669,0.9999611377716064,136,290
118,3933,24,0.16740228235721588,0.53767329454422,0.05466100946068764,0.9999147653579712,160,290
118,3933,25,0.10663303732872009,0.6403928399085999,-0.012151203118264675,0.9635510444641113,102,345
118,3933,26,0.20020653307437897,0.6426158547401428,0.012880709953606129,0.7300891876220703,192,347
118,3933,27,0.09454870969057083,0.7657726407051086,-0.01576642319560051,0.9572135806083679,90,413
118,3933,28,0.2550346851348877,0.7245041131973267,0.00906274002045393,0.8389533758163452,244,391
118,3933,29,0.09917614609003067,0.7928301692008972,-0.016803229227662086,0.908206582069397,95,428
118,3933,30,0.2663504481315613,0.7285230755805969,0.009476827457547188,0.8466174602508545,255,393
118,3933,31,0.05982482060790062,0.7670525908470154,-0.04106869921088219,0.9445471167564392,57,414
118,3933,32,0.2536790668964386,0.7771686911582947,-0.0036088479682803154,0.8565290570259094,243,419
119,3966,0,0.13192148506641388,0.3095557987689972,0.08794593065977097,0.9978708028793335,126,167
119,3966,1,0.13109077513217926,0.30069461464881897,0.0710623636841774,0.997398853302002,125,162
119,3966,2,0.12970486283302307,0.30046212673187256,0.07095262408256531,0.997602641582489,124,162
119,3966,3,0.1283131092786789,0.3003404438495636,0.0709664523601532,0.9981485605239868,123,162
119,3966,4,0.13539858162403107,0.30121490359306335,0.08411705493927002,0.9973441362380981,129,162
119,3966,5,0.13696257770061493,0.30144327878952026,0.0839814692735672,0.9976311922073364,131,162
119,3966,6,0.1386951059103012,0.301499605178833,0.08397739380598068,0.9980489015579224,133,162
119,3966,7,0.12754979729652405,0.30681854486465454,0.00803208164870739,0.9993110299110413,122,165
119,3966,8,0.14253510534763336,0.3079530596733093,0.06692347675561905,0.9972956776618958,136,166
119,3966,9,0.12995412945747375,0.3190242052078247,0.06963134557008743,0.9981567859649658,124,172
119,3966,10,0.13426746428012848,0.3201661705970764,0.08532843738794327,0.997092604637146,128,172
119,3966,11,0.12990756332874298,0.37040162086486816,-0.05358557775616646,0.9999625086784363,124,200
119,3966,12,0.15222372114658356,0.3695157766342163,0.11234129220247269,0.9989452362060547,146,199
119,3966,13,0.1417604237794876,0.4611005187034607,-0.0786387175321579,0.9673207402229309,136,248
119,3966,14,0.1713729202747345,0.43479031324386597,0.22105930745601654,0.037429604679346085,164,234
119,3966,15,0.10638000816106796,0.4844589829444885,-0.04381387308239937,0.8729045391082764,102,261
119,3966,16,0.15602201223373413,0.41117438673973083,0.33237001299858093,0.26110607385635376,149,222
119,3966,17,0.09462523460388184,0.496391236782074,-0.04651876538991928,0.8713529109954834,90,268
119,3966,18,0.1643475443124771,0.4032333195209503,0.3514224886894226,0.3319305181503296,157,217
119,3966,19,0.0933627337217331,0.4871625006198883,-0.035694096237421036,0.8634461760520935,89,263
119,3966,20,0.16882281005382538,0.3959710896015167,0.3468663990497589,0.3329049050807953,162,213
119,3966,21,0.09795600920915604,0.48273491859436035,-0.03601943701505661,0.7971698641777039,94,260
119,3966,22,0.1532512754201889,0.4014824628829956,0.3324652910232544,0.31332018971443176,147,216
119,3966,23,0.1403629630804062,0.5383505821228027,-0.052503954619169235,0.9999614357948303,134,290
119,3966,24,0.16598138213157654,0.5374046564102173,0.05243580788373947,0.9999157786369324,159,290
119,3966,25,0.10540735721588135,0.6402655839920044,-0.012277677655220032,0.9627369046211243,101,345
119,3966,26,0.19569851458072662,0.642304003238678,-0.009886317886412144,0.7531251907348633,187,346
119,3966,27,0.09309406578540802,0.7680351138114929,-0.018441854044795036,0.9605302810668945,89,414
119,3966,28,0.2507346570491791,0.72291100025177,-0.034676503390073776,0.8531801700592041,240,390
119,3966,29,0.09770374745130539,0.7934054136276245,-0.01965482346713543,0.915413498878479,93,428
119,3966,30,0.2627710998058319,0.7257488369941711,-0.03563285619020462,0.8608850240707397,252,391
119,3966,31,0.059111401438713074,0.7726732492446899,-0.04081196337938309,0.9471058249473572,56,417
119,3966,32,0.2527979910373688,0.7762020826339722,-0.04402117803692818,0.8663389682769775,242,419
120,4000,0,0.11689460277557373,0.3118700087070465,-0.011225331574678421,0.9980253577232361,112,168
120,4000,1,0.11723634600639343,0.303223192691803,-0.022797144949436188,0.9975531697273254,112,163
120,4000,2,0.11628139764070511,0.3030624985694885,-0.022968849167227745,0.9977445602416992,111,163
120,4000,3,0.11518657952547073,0.30295971035957336,-0.022988619282841682,0.998258113861084,110,163
120,4000,4,0.12089420109987259,0.3034241497516632,-0.007238930556923151,0.9974614381790161,116,163
120,4000,5,0.12209699302911758,0.3034803569316864,-0.007366145495325327,0.9977309703826904,117,163
120,4000,6,0.12330413609743118,0.3034341335296631,-0.007368945516645908,0.9981123805046082,118,163
120,4000,7,0.11577112972736359,0.30875343084335327,-0.049928534775972366,0.9993557929992676,111,166
120,4000,8,0.12588578462600708,0.3094557225704193,0.02068919688463211,0.9973776936531067,120,167
120,4000,9,0.11554645001888275,0.32224249839782715,-0.017870545387268066,0.998285710811615,110,174
120,4000,10,0.11821173876523972,0.32308825850486755,0.0014869183069095016,0.9972738027572632,113,174
120,4000,11,0.1183166578412056,0.36968669295310974,-0.10202362388372421,0.9999657273292542,113,199
120,4000,12,0.12170800566673279,0.3691697418689728,0.09464894235134125,0.9990135431289673,116,199
120,4000,13,0.13547293841838837,0.4594874978065491,-0.1206936463713646,0.9689116477966309,130,248
120,4000,14,0.12138332426548004,0.43944668769836426,0.10054051131010056,0.03503181412816048,116,237
120,4000,15,0.13973870873451233,0.5258107781410217,-0.11355294287204742,0.8789935111999512,134,283
120,4000,16,0.10003889352083206,0.46748673915863037,0.04509347677230835,0.24104569852352142,96,252
120,4000,17,0.13981065154075623,0.5482037663459778,-0.13197658956050873,0.8739427328109741,134,296
120,4000,18,0.096788190305233,0.4786306917667389,0.04280126094818115,0.3096669614315033,92,258
120,4000,19,0.13618868589401245,0.5508279204368591,-0.13623672723770142,0.8654033541679382,130,297
120,4000,20,0.09432011097669601,0.4797773063182831,0.024646572768688202,0.31116846203804016,90,259
120,4000,21,0.13577131927013397,0.5456776022911072,-0.11543314903974533,0.7974216341972351,130,294
120,4000,22,0.0951463058590889,0.4769044518470764,0.03454640880227089,0.29423627257347107,91,257
120,4000,23,0.13978911936283112,0.5381185412406921,-0.056580375880002975,0.9999634027481079,134,290
120,4000,24,0.12925571203231812,0.5371814966201782,0.056520093232393265,0.9999203085899353,124,290
120,4000,25,0.15572962164878845,0.6477814316749573,-0.06841997057199478,0.9654174447059631,149,349
120,4000,26,0.09316054731607437,0.6430208086967468,0.018675556406378746,0.7557666301727295,89,347
120,4000,27,0.21972228586673737,0.7189707159996033,-0.014298204332590103,0.9604941010475159,210,388
120,4000,28,0.09673953801393509,0.7600935101509094,0.038173362612724304,0.8566272854804993,92,410
120,4000,29,0.228899285197258,0.7186034321784973,-0.011380274780094624,0.9050524830818176,219,388
120,4000,30,0.10156010836362839,0.7832276225090027,0.03828994929790497,0.8589156866073608,97,422
120,4000,31,0.22920842468738556,0.7721770405769348,-0.040034178644418716,0.9453777074813843,220,416
120,4000,32,0.06039493903517723,0.7840594053268433,0.012116345576941967,0.8683480024337769,57,423
121,4033,0,0.11366017907857895,0.31163784861564636,-0.007709336467087269,0.9982022643089294,109,168
121,4033,1,0.1143411248922348,0.3030915856361389,-0.018190735951066017,0.9977590441703796,109,163
121,4033,2,0.11350124329328537,0.3029881715774536,-0.01840195059776306,0.997931957244873,108,163
121,4033,3,0.11253610253334045,0.30290186405181885,-0.01844252459704876,0.9984011054039001,108,163
121,4033,4,0.11784510314464569,0.3033270239830017,-0.0005920457188040018,0.9976708292961121,113,163
121,4033,5,0.11928160488605499,0.3034355938434601,-0.0007182153058238328,0.9979166984558105,114,163
121,4033,6,0.1209869533777237,0.3034510016441345,-0.0007214436773210764,0.99826580286026,116,163
121,4033,7,0.11296037584543228,0.3088742792606354,-0.03715657442808151,0.9994076490402222,108,166
121,4033,8,0.1241283267736435,0.3097462058067322,0.035952333360910416,0.9975810050964355,119,167
121,4033,9,0.11322353035211563,0.32174068689346313,-0.012229527346789837,0.9984338283538818,108,173
121,4033,10,0.11599412560462952,0.32280489802360535,0.00932894367724657,0.9975084066390991,111,174
121,4033,11,0.11802928894758224,0.36921951174736023,-0.0983731746673584,0.9999688267707825,113,199
121,4033,12,0.12235765904188156,0.36888429522514343,0.10812820494174957,0.9990910887718201,117,199
121,4033,13,0.13461746275424957,0.45898503065109253,-0.12256931513547897,0.9708107709884644,129,247
121,4033,14,0.11977442353963852,0.44425565004348755,0.10683932155370712,0.03293916583061218,114,239
121,4033,15,0.14321118593215942,0.5365559458732605,-0.1223638579249382,0.8851549029350281,137,289
121,4033,16,0.09954390674829483,0.48327890038490295,0.056971143931150436,0.2238481044769287,95,260
121,4033,17,0.1471971571445465,0.5578905940055847,-0.13828305900096893,0.8774457573890686,141,301
121,4033,18,0.09444825351238251,0.4933646321296692,0.053837183862924576,0.29028549790382385,90,266
121,4033,19,0.142796590924263,0.5607566833496094,-0.13918322324752808,0.8683276176452637,137,302
121,4033,20,0.0885695144534111,0.49079543352127075,0.03699013963341713,0.2921322286128998,85,265
121,4033,21,0.14105242490768433,0.5539681911468506,-0.12175214290618896,0.7989290952682495,135,299
121,4033,22,0.0936758741736412,0.48821088671684265,0.04677477106451988,0.2772546708583832,89,263
121,4033,23,0.1404438316822052,0.5382742881774902,-0.05823864787817001,0.9999653100967407,134,290
121,4033,24,0.12364927679300308,0.5373368263244629,0.058185379952192307,0.9999247789382935,118,290
121,4033,25,0.16636396944522858,0.651067316532135,-0.07116077840328217,0.9679046273231506,159,351
121,4033,26,0.08968944102525711,0.6428245902061462,0.021233199164271355,0.7592100501060486,86,347
121,4033,27,0.2271648347377777,0.7126489281654358,-0.015673471614718437,0.9604360461235046,218,384
121,4033,28,0.09115861356258392,0.7664593458175659,0.04138554260134697,0.8590847253799438,87,413
121,4033,29,0.23798279464244843,0.7107551693916321,-0.012227552942931652,0.8939818739891052,228,383
121,4033,30,0.09755046665668488,0.7914113402366638,0.041354916989803314,0.8557772636413574,93,427
121,4033,31,0.23491793870925903,0.769671618938446,-0.043523158878088,0.9444523453712463,225,415
121,4033,32,0.05633087828755379,0.7874688506126404,0.012968444265425205,0.8704344034194946,54,425
122,4066,0,0.09958192706108093,0.3110726475715637,-0.0007170083117671311,0.9980316758155823,95,167
122,4066,1,0.09860634058713913,0.3024161458015442,-0.013522046618163586,0.9977025389671326,94,163
122,4066,2,0.09726089984178543,0.3022843599319458,-0.013668905012309551,0.997937798500061,93,163
122,4066,3,0.09556552767753601,0.30223673582077026,-0.013676806353032589,0.9983641505241394,91,163
122,4066,4,0.10280729830265045,0.30302104353904724,0.002843450987711549,0.9976370930671692,98,163
122,4066,5,0.10468968749046326,0.3033773899078369,0.0027071007061749697,0.9979413747787476,100,163
122,4066,6,0.10638606548309326,0.3032139837741852,0.0026849054265767336,0.9982293844223022,102,163
122,4066,7,0.09548061341047287,0.3083517551422119,-0.054910384118556976,0.9994235038757324,91,166
122,4066,8,0.11024370789527893,0.30957692861557007,0.01621592417359352,0.997633159160614,105,167
122,4066,9,0.09905054420232773,0.32128316164016724,-0.00901717972010374,0.9984508752822876,95,173
122,4066,10,0.10299186408519745,0.32218873500823975,0.011043217033147812,0.9975367188453674,98,173
122,4066,11,0.0980638936161995,0.368812620639801,-0.11464640498161316,0.9999698996543884,94,199
122,4066,12,0.1222178116440773,0.36485904455184937,0.073592908680439,0.9991099238395691,117,197
122,4066,13,0.10901894420385361,0.46105989813804626,-0.16115736961364746,0.973278820514679,104,248
122,4066,14,0.11979775875806808,0.45211100578308105,0.07507549226284027,0.03960556164383888,115,244
122,4066,15,0.11336705833673477,0.5374475121498108,-0.17241992056369781,0.891747236251831,108,290
122,4066,16,0.10488966852426529,0.5058066844940186,0.0350150391459465,0.20391510426998138,100,273
122,4066,17,0.11941523849964142,0.5643460750579834,-0.18677909672260284,0.8837557435035706,114,304
122,4066,18,0.10083427280187607,0.5193510055541992,0.03227861598134041,0.26444700360298157,96,280
122,4066,19,0.1147690862417221,0.5600122809410095,-0.1853991597890854,0.8752268552780151,110,302
122,4066,20,0.10001187026500702,0.5155606865882874,0.019165001809597015,0.2661382853984833,96,278
122,4066,21,0.11541540920734406,0.5571765899658203,-0.17057585716247559,0.8090360164642334,110,300
122,4066,22,0.1012081578373909,0.5107578039169312,0.02715640515089035,0.2530690133571625,97,275
122,4066,23,0.10814391076564789,0.5393274426460266,-0.0578344464302063,0.9999682307243347,103,291
122,4066,24,0.12629787623882294,0.5376979112625122,0.05778998136520386,0.9999310970306396,121,290
122,4066,25,0.08468931168317795,0.6503591537475586,0.006577725056558847,0.9709159135818481,81,351
122,4066,26,0.1356859654188156,0.6516719460487366,0.022751132026314735,0.7829694151878357,130,351
122,4066,27,0.09652156382799149,0.7567955851554871,0.036394696682691574,0.9643531441688538,92,408
122,4066,28,0.1404954493045807,0.7248098254203796,0.024882813915610313,0.8730963468551636,134,391
122,4066,29,0.10487077385187149,0.7795624136924744,0.037217091768980026,0.9044127464294434,100,420
122,4066,30,0.13303017616271973,0.7239353060722351,0.024162087589502335,0.8701236248016357,127,390
122,4066,31,0.06042076274752617,0.7872706055641174,-0.0006149347173050046,0.949887752532959,58,425
122,4066,32,0.18702012300491333,0.7731219530105591,-0.004076114855706692,0.8832381367683411,179,417
123,4100,0,0.09510686248540878,0.3123280704021454,-0.0066200909204781055,0.9980229735374451,91,168
123,4100,1,0.09390498697757721,0.30316969752311707,-0.021923132240772247,0.9977814555168152,90,163
123,4100,2,0.09302587062120438,0.3031923770904541,-0.02204366773366928,0.9980353116989136,89,163
123,4100,3,0.09192395955324173,0.30326566100120544,-0.022034047171473503,0.9984241127967834,88,163
123,4100,4,0.09744886308908463,0.3030780255794525,-0.005610749591141939,0.997707188129425,93,163
123,4100,5,0.09879113733768463,0.303161084651947,-0.005764750763773918,0.9980253577232361,94,163
123,4100,6,0.10008155554533005,0.3029060661792755,-0.005804890766739845,0.9982683062553406,96,163
123,4100,7,0.09301291406154633,0.30861979722976685,-0.06439089775085449,0.9994558691978455,89,166
123,4100,8,0.10562893748283386,0.308841735124588,0.008224704302847385,0.997726559638977,101,166
123,4100,9,0.09570109099149704,0.3217478394508362,-0.016641754657030106,0.9984651207923889,91,173
123,4100,10,0.09838875383138657,0.32228487730026245,0.0033259468618780375,0.9975267648696899,94,174
123,4100,11,0.10013509541749954,0.3687705099582672,-0.11355545371770859,0.9999709725379944,96,199
123,4100,12,0.11952909827232361,0.36286690831184387,0.06979372352361679,0.9990822076797485,114,195
123,4100,13,0.10888810455799103,0.4604974389076233,-0.15686963498592377,0.9752485156059265,104,248
123,4100,14,0.11210731416940689,0.4532187581062317,0.07618872821331024,0.0366910845041275,107,244
123,4100,15,0.11250832676887512,0.5351319313049316,-0.1667768806219101,0.9009490013122559,108,288
123,4100,16,0.10043773800134659,0.4994716942310333,0.034876253455877304,0.18930713832378387,96,269
123,4100,17,0.1178651675581932,0.5633903741836548,-0.18130885064601898,0.8934224247932434,113,304
123,4100,18,0.09849577397108078,0.5131231546401978,0.03153933584690094,0.24816343188285828,94,277
123,4100,19,0.11373820155858994,0.5612512230873108,-0.18038195371627808,0.8856745958328247,109,303
123,4100,20,0.09127041697502136,0.5094793438911438,0.018040716648101807,0.250028133392334,87,275
123,4100,21,0.11367934197187424,0.5566430687904358,-0.16521567106246948,0.8247202038764954,109,300
123,4100,22,0.09575828164815903,0.5036280751228333,0.026764029636979103,0.23830875754356384,91,271
123,4100,23,0.10722560435533524,0.5406090617179871,-0.05719924345612526,0.9999706745147705,102,291
123,4100,24,0.12311073392629623,0.5386537313461304,0.05716485157608986,0.999936044216156,118,290
123,4100,25,0.07968015223741531,0.6497442126274109,0.002826917916536331,0.9733866453170776,76,350
123,4100,26,0.1398145705461502,0.6540412306785583,0.025575919076800346,0.8037311434745789,134,353
123,4100,27,0.08979219943284988,0.7681468725204468,0.028366761282086372,0.9678003787994385,86,414
123,4100,28,0.1710527390241623,0.7158216834068298,0.027668166905641556,0.8855183720588684,164,386
123,4100,29,0.09891387820243835,0.7924497723579407,0.02856157347559929,0.9135032892227173,94,427
123,4100,30,0.15673433244228363,0.7146797180175781,0.02797921933233738,0.8828951716423035,150,385
123,4100,31,0.05446133762598038,0.7920483350753784,-0.00771514093503356,0.9546370506286621,52,427
123,4100,32,0.20650120079517365,0.7703384757041931,0.003727379720658064,0.8945425152778625,198,415
124,4133,0,0.08236170560121536,0.3102721869945526,0.07527869194746017,0.993668794631958,79,167
124,4133,1,0.08085799217224121,0.30042317509651184,0.05734703317284584,0.9941373467445374,77,162
124,4133,2,0.07944314181804657,0.30031368136405945,0.05724446102976799,0.9938169121742249,76,162
124,4133,3,0.07789827883243561,0.30019912123680115,0.057217735797166824,0.9957454204559326,74,162
124,4133,4,0.08573830872774124,0.3001621663570404,0.06705848127603531,0.9943681955337524,82,162
124,4133,5,0.08775005489587784,0.3003436028957367,0.06690936535596848,0.9947220087051392,84,162
124,4133,6,0.08987872302532196,0.2998044788837433,0.06685636937618256,0.9960788488388062,86,161
124,4133,7,0.07617776840925217,0.30711203813552856,-0.0068822382017970085,0.9981377124786377,73,165
124,4133,8,0.09405609220266342,0.30550163984298706,0.036333031952381134,0.9945403337478638,90,164
124,4133,9,0.08172742277383804,0.31982073187828064,0.05646594241261482,0.9957917332649231,78,172
124,4133,10,0.08519735187292099,0.320665568113327,0.06797826290130615,0.9937593936920166,81,173
124,4133,11,0.07390264421701431,0.36889368295669556,-0.06487224251031876,0.9999557137489319,70,199
124,4133,12,0.11055015027523041,0.35642898082733154,0.05897921696305275,0.9989904165267944,106,192
124,4133,13,0.0846223384141922,0.45854806900024414,-0.09923997521400452,0.9092264175415039,81,247
124,4133,14,0.10824882984161377,0.44768404960632324,0.05182008072733879,0.03390584513545036,103,241
124,4133,15,0.09322568774223328,0.5112944841384888,-0.09156595915555954,0.81532222032547,89,276
124,4133,16,0.10301811248064041,0.49929070472717285,0.03132776543498039,0.171213760972023,98,269
124,4133,17,0.09599700570106506,0.5350914001464844,-0.09513320028781891,0.8100062608718872,92,288
124,4133,18,0.10526026040315628,0.5130642056465149,0.03145352005958557,0.22488710284233093,101,277
124,4133,19,0.096963070333004,0.5291566848754883,-0.09581713378429413,0.8027361035346985,93,285
124,4133,20,0.10098525881767273,0.510869026184082,0.0232677161693573,0.22643381357192993,96,275
124,4133,21,0.09854999929666519,0.5255595445632935,-0.09033042937517166,0.746438205242157,94,283
124,4133,22,0.10031057149171829,0.5061683654785156,0.02640637755393982,0.21578878164291382,96,273
124,4133,23,0.0868239626288414,0.5404159426689148,-0.04426964372396469,0.9999701976776123,83,291
124,4133,24,0.11621328443288803,0.5385577082633972,0.0441424585878849,0.9999378323554993,111,290
124,4133,25,0.07436835765838623,0.6493314504623413,0.0023556267842650414,0.9654314517974854,71,350
124,4133,26,0.11244826018810272,0.6543908715248108,0.04420405253767967,0.7881174087524414,107,353
124,4133,27,0.08770211786031723,0.7728405594825745,-0.009868855588138103,0.969342052936554,84,417
124,4133,28,0.1733798384666443,0.713445782661438,0.01631910912692547,0.8831628561019897,166,385
124,4133,29,0.0952233225107193,0.7975106239318848,-0.013260019943118095,0.9183581471443176,91,430
124,4133,30,0.18296848237514496,0.7117395997047424,0.013294377364218235,0.8866763710975647,175,384
124,4133,31,0.053806502372026443,0.7925637364387512,-0.04639751464128494,0.9525979161262512,51,427
124,4133,32,0.17889508605003357,0.7683669328689575,-0.0033030000049620867,0.8773110508918762,171,414
125,4166,0,0.08149531483650208,0.3087931275367737,0.08488278090953827,0.9942697882652283,78,166
125,4166,1,0.07996556907892227,0.29912349581718445,0.06827068328857422,0.9947002530097961,76,161
125,4166,2,0.07858049869537354,0.29914548993110657,0.06819608062505722,0.99440997838974,75,161
125,4166,3,0.07710769027471542,0.2991482615470886,0.06820216774940491,0.9961488246917725,74,161
125,4166,4,0.0846986472606659,0.2985922396183014,0.07747388631105423,0.9949129223823547,81,161
125,4166,5,0.08659020811319351,0.2985363006591797,0.07732336968183517,0.9952340722084045,83,161
125,4166,6,0.08855580538511276,0.29797643423080444,0.07728397846221924,0.9964569807052612,85,160
125,4166,7,0.0760573074221611,0.306045800447464,0.009904056787490845,0.9983159899711609,73,165
125,4166,8,0.09247695654630661,0.3037665784358978,0.05024729669094086,0.9950739145278931,88,164
125,4166,9,0.08065281808376312,0.31815239787101746,0.06807133555412292,0.996186375617981,77,171
125,4166,10,0.08453234285116196,0.31855085492134094,0.07878007739782333,0.994351863861084,81,172
125,4166,11,0.0716128870844841,0.368804007768631,-0.05039689689874649,0.9999585747718811,68,199
125,4166,12,0.10830961912870407,0.35247915983200073,0.05987786129117012,0.99906986951828,103,190
125,4166,13,0.08333325386047363,0.44910597801208496,-0.10394696146249771,0.91526198387146,79,242
125,4166,14,0.10890460759401321,0.44488659501075745,0.04351282864809036,0.0680166631937027,104,240
125,4166,15,0.09529010951519012,0.5047031044960022,-0.1134948581457138,0.8083176612854004,91,272
125,4166,16,0.10544060915708542,0.5011748671531677,0.02848653309047222,0.1573091298341751,101,270
125,4166,17,0.09981448203325272,0.5284146070480347,-0.12483024597167969,0.8027544617652893,95,285
125,4166,18,0.10385315120220184,0.5178012251853943,0.029148545116186142,0.20574574172496796,99,279
125,4166,19,0.09973438084125519,0.524451732635498,-0.12326966226100922,0.7949486970901489,95,283
125,4166,20,0.1022336408495903,0.5150076746940613,0.02333855628967285,0.20678044855594635,98,278
125,4166,21,0.0985531136393547,0.515377402305603,-0.10996658354997635,0.7344605326652527,94,278
125,4166,22,0.10168860852718353,0.5091089010238647,0.024791564792394638,0.19719499349594116,97,274
125,4166,23,0.0867653414607048,0.5379737615585327,-0.03894509747624397,0.9999721050262451,83,290
125,4166,24,0.11553636193275452,0.5357376337051392,0.03884471580386162,0.9999421834945679,110,289
125,4166,25,0.07584843784570694,0.6489766240119934,-0.0029172354843467474,0.9684721231460571,72,350
125,4166,26,0.10902263224124908,0.6530316472053528,0.032471757382154465,0.8056655526161194,104,352
125,4166,27,0.0886160209774971,0.7763338685035706,-0.03789793327450752,0.9723138809204102,85,419
125,4166,28,0.17374728620052338,0.7137064933776855,-0.014586830511689186,0.8923340439796448,166,385
125,4166,29,0.09647805988788605,0.8022480607032776,-0.04256799444556236,0.9263076782226562,92,433
125,4166,30,0.1854267418384552,0.7112851738929749,-0.018984485417604446,0.8966116905212402,178,384
125,4166,31,0.053968802094459534,0.7933867573738098,-0.07647410780191422,0.9570481777191162,51,428
125,4166,32,0.17442069947719574,0.7694987058639526,-0.035579584538936615,0.8853927850723267,167,415
126,4200,0,0.06475458294153214,0.29736918210983276,0.05004948005080223,0.9931955337524414,62,160
126,4200,1,0.06376107037067413,0.28701773285865784,0.028680013492703438,0.9934002757072449,61,154
126,4200,2,0.0624871589243412,0.28707146644592285,0.028589600697159767,0.9931216835975647,59,155
126,4200,3,0.06108195707201958,0.28713473677635193,0.028633560985326767,0.9951390027999878,58,155
126,4200,4,0.06846167892217636,0.28603023290634155,0.03695648908615112,0.9939339756965637,65,154
126,4200,5,0.07030285149812698,0.28556105494499207,0.03675055131316185,0.9944340586662292,67,154
126,4200,6,0.07210502028465271,0.2849530279636383,0.03665654733777046,0.9958935379981995,69,153
126,4200,7,0.06099420785903931,0.2933308780193329,-0.033478934317827225,0.9978340268135071,58,158
126,4200,8,0.07680047303438187,0.2903781235218048,0.013181166723370552,0.9944125413894653,73,156
126,4200,9,0.06419263780117035,0.3065505027770996,0.03161773085594177,0.9951796531677246,61,165
126,4200,10,0.06790044158697128,0.3082997500896454,0.04102268069982529,0.9932989478111267,65,166
126,4200,11,0.05858030170202255,0.36248087882995605,-0.07932829111814499,0.9999454617500305,56,195
126,4200,12,0.09403233975172043,0.34493154287338257,0.0494542270898819,0.9989052414894104,90,186
126,4200,13,0.06763391941785812,0.4487677216529846,-0.09976851940155029,0.8888430595397949,64,242
126,4200,14,0.09996047616004944,0.4436529278755188,0.06139109656214714,0.061673540621995926,95,239
126,4200,15,0.06687051802873611,0.5057310461997986,-0.06280487030744553,0.7361557483673096,64,273
126,4200,16,0.09359453618526459,0.49878501892089844,0.04073886200785637,0.1421351134777069,89,269
126,4200,17,0.06625504791736603,0.5262258052825928,-0.06636781245470047,0.7327716946601868,63,284
126,4200,18,0.09241686016321182,0.5136396288871765,0.03902362659573555,0.1863178312778473,88,277
126,4200,19,0.0679837092757225,0.5220885276794434,-0.06764104962348938,0.7251730561256409,65,281
126,4200,20,0.0887109562754631,0.5126075744628906,0.03137945011258125,0.1871866136789322,85,276
126,4200,21,0.06998329609632492,0.5155190825462341,-0.06083408370614052,0.6686605215072632,67,278
126,4200,22,0.088984914124012,0.5062295794487,0.02857239358127117,0.178524449467659,85,273
126,4200,23,0.071687713265419,0.5305219292640686,-0.04246252402663231,0.9999663829803467,68,286
126,4200,24,0.10075487941503525,0.5266674757003784,0.04237308353185654,0.9999327063560486,96,284
126,4200,25,0.0696631595492363,0.6487982273101807,-0.005070806015282869,0.9688542485237122,66,350
126,4200,26,0.08916822820901871,0.6378350257873535,0.08442292362451553,0.7675169706344604,85,344
126,4200,27,0.08559835702180862,0.772616446018219,0.006835094187408686,0.9738510251045227,82,417
126,4200,28,0.14323726296424866,0.70908522605896,0.10713156312704086,0.8764635324478149,137,382
126,4200,29,0.09528442472219467,0.7978188395500183,0.0073913088999688625,0.9287123084068298,91,430
126,4200,30,0.1550561487674713,0.7155691981315613,0.10900676250457764,0.8860467672348022,148,386
126,4200,31,0.05199014022946358,0.7935560941696167,-0.024252645671367645,0.956201434135437,49,428
126,4200,32,0.1279619336128235,0.7416810393333435,0.09677251428365707,0.8582651615142822,122,400
127,4233,0,0.06479126960039139,0.2933925688266754,0.031855352222919464,0.9931222796440125,62,158
127,4233,1,0.06324704736471176,0.2835903465747833,0.013274428434669971,0.993148922920227,60,153
127,4233,2,0.06185762956738472,0.28399381041526794,0.01318569015711546,0.9928401112556458,59,153
127,4233,3,0.060342468321323395,0.28442850708961487,0.013213379308581352,0.994905948638916,57,153
127,4233,4,0.06759459525346756,0.28243815898895264,0.022693267092108727,0.9938048720359802,64,152
127,4233,5,0.06927021592855453,0.28214231133461,0.022511323913931847,0.9943318963050842,66,152
127,4233,6,0.07107057422399521,0.2818160951137543,0.02245655097067356,0.9958140254020691,68,152
127,4233,7,0.05937337502837181,0.2909446656703949,-0.038848165422677994,0.9977084398269653,56,157
127,4233,8,0.0758151262998581,0.2876911163330078,0.00986551120877266,0.9943398833274841,72,155
127,4233,9,0.06385389715433121,0.3031328618526459,0.018307456746697426,0.9948413968086243,61,163
127,4233,10,0.06722379475831985,0.30365926027297974,0.028944293037056923,0.9930159449577332,64,163
127,4233,11,0.058372385799884796,0.3556145131587982,-0.08211451023817062,0.9999393224716187,56,192
127,4233,12,0.09001126140356064,0.34298470616340637,0.05265466123819351,0.998781681060791,86,185
127,4233,13,0.06907269358634949,0.4407670795917511,-0.10987503826618195,0.8619050979614258,66,238
127,4233,14,0.0890631452202797,0.4317724108695984,0.06386306881904602,0.05575724318623543,85,233
127,4233,15,0.06955279409885406,0.4940992593765259,-0.10207536071538925,0.6749851107597351,66,266
127,4233,16,0.08640102297067642,0.4881836473941803,0.04968822002410889,0.12825070321559906,82,263
127,4233,17,0.07127228379249573,0.5137214660644531,-0.1118708923459053,0.6739880442619324,68,277
127,4233,18,0.08777406811714172,0.504187822341919,0.048847496509552,0.16837944090366364,84,272
127,4233,19,0.07117213308811188,0.509562611579895,-0.11333048343658447,0.6663492321968079,68,275
127,4233,20,0.08422141522169113,0.5049729347229004,0.03966459259390831,0.1691322922706604,80,272
127,4233,21,0.07306678593158722,0.5053492784500122,-0.10199467837810516,0.6115108728408813,70,272
127,4233,22,0.0814419537782669,0.49637678265571594,0.0416429378092289,0.1613006293773651,78,268
127,4233,23,0.07203973084688187,0.5254219770431519,-0.04446941241621971,0.9999618530273438,69,283
127,4233,24,0.09948191791772842,0.5210699439048767,0.0443904846906662,0.9999251961708069,95,281
127,4233,25,0.06993284076452255,0.6494730710983276,-0.013811333104968071,0.9626491665840149,67,350
127,4233,26,0.08852282166481018,0.6361360549926758,0.0651790127158165,0.7116380929946899,84,343
127,4233,27,0.08735641092061996,0.7712797522544861,0.011960238218307495,0.9709469676017761,83,416
127,4233,28,0.13904786109924316,0.710371196269989,0.08102456480264664,0.8341365456581116,133,383
127,4233,29,0.09862272441387177,0.7959955334663391,0.013377313502132893,0.9204994440078735,94,429
127,4233,30,0.15046784281730652,0.7194151878356934,0.0816638171672821,0.8528978824615479,144,388
127,4233,31,0.053453851491212845,0.7941058874130249,-0.016401734203100204,0.9467105865478516,51,428
127,4233,32,0.1219906359910965,0.7486529350280762,0.06577285379171371,0.8129571080207825,117,404
128,4266,0,0.05015494301915169,0.2881387770175934,-0.0052216192707419395,0.9935951232910156,48,155
128,4266,1,0.04910949245095253,0.27771806716918945,-0.02121654525399208,0.9935566782951355,47,149
128,4266,2,0.04796662554144859,0.27779847383499146,-0.021313877776265144,0.9933083057403564,46,150
128,4266,3,0.0466628260910511,0.2779509425163269,-0.021252350881695747,0.995170533657074,44,150
128,4266,4,0.05350606516003609,0.27691420912742615,-0.0099328039214015,0.9942235946655273,51,149
128,4266,5,0.055314913392066956,0.27655228972435,-0.010102283209562302,0.994758665561676,53,149
128,4266,6,0.05712007358670235,0.27620729804039,-0.010156428441405296,0.996108889579773,54,149
128,4266,7,0.046641912311315536,0.2851202189922333,-0.06715726852416992,0.9978450536727905,44,153
128,4266,8,0.062198422849178314,0.2826656401157379,-0.015697773545980453,0.9948005080223083,59,152
128,4266,9,0.04985300451517105,0.29876089096069336,-0.016622446477413177,0.9951583743095398,47,161
128,4266,10,0.05320686101913452,0.2997145354747772,-0.0032575740478932858,0.9935159683227539,51,161
128,4266,11,0.041104983538389206,0.3535975515842438,-0.10794258117675781,0.9999390840530396,39,190
128,4266,12,0.0805201381444931,0.3433135449886322,0.032121315598487854,0.9988029599189758,77,185
128,4266,13,0.045822177082300186,0.44732803106307983,-0.10699505358934402,0.8726696968078613,43,241
128,4266,14,0.08332816511392593,0.4334717392921448,0.054391514509916306,0.05418071523308754,79,234
128,4266,15,0.03821220621466637,0.5086087584495544,-0.06937224417924881,0.6686213612556458,36,274
128,4266,16,0.07416916638612747,0.48874104022979736,0.05348833650350571,0.11632746458053589,71,263
128,4266,17,0.03687257692217827,0.529106855392456,-0.07444686442613602,0.6661906838417053,35,285
128,4266,18,0.06986414641141891,0.504448652267456,0.05219137296080589,0.15297213196754456,67,272
128,4266,19,0.03666257858276367,0.5293183326721191,-0.07658016681671143,0.6580024361610413,35,285
128,4266,20,0.06860633194446564,0.5049498677253723,0.041627246886491776,0.15357840061187744,65,272
128,4266,21,0.03784143552184105,0.5202617645263672,-0.06786488741636276,0.5983099341392517,36,280
128,4266,22,0.06810217350721359,0.4967566728591919,0.0457790344953537,0.1465786099433899,65,268
128,4266,23,0.05826111510396004,0.5251219868659973,-0.045172903686761856,0.9999549388885498,55,283
128,4266,24,0.08261127769947052,0.5193294882774353,0.045147400349378586,0.9999085664749146,79,280
128,4266,25,0.06320331245660782,0.6485890746116638,-0.005322829354554415,0.9654989242553711,60,350
128,4266,26,0.07148679345846176,0.628027081489563,0.10194288194179535,0.6812222599983215,68,339
128,4266,27,0.08691082149744034,0.7703160047531128,0.04529457911849022,0.9734241962432861,83,415
128,4266,28,0.10938780009746552,0.7117559313774109,0.15944510698318481,0.8269381523132324,105,384
128,4266,29,0.10023250430822372,0.7938069105148315,0.04871399328112602,0.9266322255134583,96,428
128,4266,30,0.1179911345243454,0.7245874404907227,0.16411863267421722,0.8480814695358276,113,391
128,4266,31,0.05142688751220703,0.7927709221839905,0.017576472833752632,0.9507502913475037,49,428
128,4266,32,0.09023001790046692,0.7367054224014282,0.15138795971870422,0.8069520592689514,86,397
129,4300,0,0.04892513528466225,0.28693997859954834,0.006729613058269024,0.9939606189727783,46,154
129,4300,1,0.04806196689605713,0.27676087617874146,-0.009209723211824894,0.9938390254974365,46,149
129,4300,2,0.0468168780207634,0.2768377661705017,-0.009306849911808968,0.9936152100563049,44,149
129,4300,3,0.04545487463474274,0.2769346237182617,-0.00926326122134924,0.9953101873397827,43,149
129,4300,4,0.05226399004459381,0.2759615182876587,0.0024397277738898993,0.9945557713508606,50,149
129,4300,5,0.05395505949854851,0.27550968527793884,0.0022747975308448076,0.9951034784317017,51,148
129,4300,6,0.055875666439533234,0.2749856412410736,0.0022240469697862864,0.9963505268096924,53,148
129,4300,7,0.044495370239019394,0.2833060026168823,-0.05652175843715668,0.9979264140129089,42,152
129,4300,8,0.06047647446393967,0.2804403603076935,-0.004913961049169302,0.9951754808425903,58,151
129,4300,9,0.047990795224905014,0.2970872223377228,-0.005365652497857809,0.9953221678733826,46,160
129,4300,10,0.051532912999391556,0.2976640462875366,0.008553165011107922,0.9938698410987854,49,160
129,4300,11,0.040115151554346085,0.35197529196739197,-0.10300026088953018,0.9999376535415649,38,190
129,4300,12,0.07992678135633469,0.3432424068450928,0.03934521973133087,0.9988186359405518,76,185
129,4300,13,0.04376019164919853,0.4475105106830597,-0.1035323292016983,0.8796068429946899,42,241
129,4300,14,0.08301345258951187,0.43366944789886475,0.054424822330474854,0.05321890860795975,79,234
129,4300,15,0.03897542506456375,0.5112120509147644,-0.06493537873029709,0.6291991472244263,37,276
129,4300,16,0.07476028054952621,0.488357275724411,0.052996017038822174,0.10508322715759277,71,263
129,4300,17,0.038588929921388626,0.5312329530715942,-0.06882283836603165,0.6248021125793457,37,286
129,4300,18,0.07282295823097229,0.5043052434921265,0.053075265139341354,0.13824063539505005,69,272
129,4300,19,0.037043772637844086,0.5331093668937683,-0.06972625851631165,0.6160060167312622,35,287
129,4300,20,0.06884745508432388,0.5024903416633606,0.04395608231425285,0.13874198496341705,66,271
129,4300,21,0.03977220132946968,0.5216550230979919,-0.06277350336313248,0.5557120442390442,38,281
129,4300,22,0.06894411891698837,0.49661627411842346,0.047503210604190826,0.1324474960565567,66,268
129,4300,23,0.05518394336104393,0.5225527286529541,-0.045876726508140564,0.999947726726532,52,282
129,4300,24,0.08144774287939072,0.5167398452758789,0.04583510383963585,0.9998914003372192,78,279
129,4300,25,0.0631759762763977,0.647542417049408,-0.004644887056201696,0.9675057530403137,60,349
129,4300,26,0.07185139507055283,0.6256147623062134,0.09432908147573471,0.6515467762947083,68,337
129,4300,27,0.08796528726816177,0.7690865397453308,0.03231503814458847,0.9754324555397034,84,415
129,4300,28,0.10776180773973465,0.7135673761367798,0.14067700505256653,0.818043053150177,103,385
129,4300,29,0.10068421065807343,0.7933239936828613,0.03374851495027542,0.9314293265342712,96,428
129,4300,30,0.11590761691331863,0.7263808250427246,0.14392341673374176,0.8441181182861328,111,392
129,4300,31,0.05283861979842186,0.7925801873207092,-0.0008738022297620773,0.9534726738929749,50,427
129,4300,32,0.08928634226322174,0.7363527417182922,0.12604767084121704,0.7957868576049805,85,397
130,4333,0,0.03663237765431404,0.28499674797058105,0.025374598801136017,0.9902609586715698,35,153
130,4333,1,0.03508636727929115,0.2749810814857483,0.0091234240680933,0.9890471696853638,33,148
130,4333,2,0.033582258969545364,0.27512040734291077,0.00901117268949747,0.9889773726463318,32,148
130,4333,3,0.03192739188671112,0.2751752734184265,0.0090381084010005,0.991750955581665,30,148
130,4333,4,0.04025319963693619,0.2740457355976105,0.017111564055085182,0.9901504516601562,38,147
130,4333,5,0.04192040488123894,0.27364739775657654,0.016960682347416878,0.9914469122886658,40,147
130,4333,6,0.0442948192358017,0.27313441038131714,0.016872946172952652,0.9936065673828125,42,147
130,4333,7,0.029833300039172173,0.28206154704093933,-0.04581809043884277,0.9967762231826782,28,152
130,4333,8,0.04709390178322792,0.27918311953544617,0.0004941902006976306,0.9924941062927246,45,150
130,4333,9,0.03555925562977791,0.2961982190608978,0.010742072016000748,0.9926251173019409,34,159
130,4333,10,0.03951986879110336,0.2967803478240967,0.01958893984556198,0.990742564201355,37,160
130,4333,11,0.02168549969792366,0.3513454794883728,-0.10261435061693192,0.9999311566352844,20,189
130,4333,12,0.06782587617635727,0.33322814106941223,0.03867197781801224,0.998565137386322,65,179
130,4333,13,0.018841218203306198,0.4474024772644043,-0.08822572976350784,0.8771896362304688,18,241
130,4333,14,0.07345233112573624,0.4332687556743622,0.059559501707553864,0.049101926386356354,70,233
130,4333,15,0.009674826636910439,0.511676013469696,-0.03877316042780876,0.5933486819267273,9,276
130,4333,16,0.060012295842170715,0.48510652780532837,0.06657641381025314,0.09476017206907272,57,261
130,4333,17,0.007459838408976793,0.531430184841156,-0.04264167696237564,0.5855711102485657,7,286
130,4333,18,0.05761770159006119,0.5001581907272339,0.070490263402462,0.12469200789928436,55,270
130,4333,19,0.004885622300207615,0.533297598361969,-0.04299905151128769,0.5766358971595764,4,287
130,4333,20,0.054692041128873825,0.4976910650730133,0.06283669173717499,0.12512288987636566,52,268
130,4333,21,0.008168820291757584,0.5217725038528442,-0.0364726297557354,0.5162797570228577,7,281
130,4333,22,0.05435989797115326,0.4918358027935028,0.06304265558719635,0.11948462575674057,52,265
130,4333,23,0.05009855329990387,0.5150551795959473,-0.046260423958301544,0.9999105930328369,48,278
130,4333,24,0.06979523599147797,0.5029222965240479,0.04620172455906868,0.9997511506080627,67,271
130,4333,25,0.05212528258562088,0.6414830088615417,0.0013569685397669673,0.9574195742607117,50,346
130,4333,26,0.05194276571273804,0.5723085403442383,0.1251499354839325,0.5890295505523682,49,309
130,4333,27,0.0842553898692131,0.7683435678482056,0.028247416019439697,0.9709398746490479,80,414
130,4333,28,0.0665673241019249,0.6223434805870056,0.1987248808145523,0.7403401732444763,63,336
130,4333,29,0.0954071506857872,0.792443037033081,0.029719794169068336,0.9209880232810974,91,427
130,4333,30,0.07186262309551239,0.6335784792900085,0.206947460770607,0.7729288935661316,68,342
130,4333,31,0.05069763585925102,0.7944747805595398,-0.0036884071305394173,0.9356774091720581,48,429
130,4333,32,0.056898899376392365,0.6288285255432129,0.21192604303359985,0.7205169200897217,54,339
131,4366,0,0.03569751977920532,0.2817072570323944,0.021693620830774307,0.9900403022766113,34,152
131,4366,1,0.033558961004018784,0.27296149730682373,0.005443884525448084,0.9889014959335327,32,147
131,4366,2,0.03181841969490051,0.27327996492385864,0.00532910181209445,0.988878607749939,30,147
131,4366,3,0.02979682758450508,0.27356773614883423,0.005366422701627016,0.9915964603424072,28,147
131,4366,4,0.03877677023410797,0.27182629704475403,0.012241657823324203,0.9900736808776855,37,146
131,4366,5,0.04086494818329811,0.2713432013988495,0.012079657055437565,0.9914343357086182,39,146
131,4366,6,0.04320215433835983,0.2707306444644928,0.011996016837656498,0.9935504794120789,41,146
131,4366,7,0.02756476402282715,0.28066158294677734,-0.047645729035139084,0.996770977973938,26,151
131,4366,8,0.0472632497549057,0.27721765637397766,-0.011691943742334843,0.9925757646560669,45,149
131,4366,9,0.03383791819214821,0.292447954416275,0.007676973473280668,0.9924929141998291,32,157
131,4366,10,0.038159213960170746,0.2924164831638336,0.015511265024542809,0.9906807541847229,36,157
131,4366,11,0.020106308162212372,0.35019153356552124,-0.1012001559138298,0.9999303221702576,19,189
131,4366,12,0.0681445300579071,0.33182665705680847,0.025763459503650665,0.9984786510467529,65,179
131,4366,13,0.01763342134654522,0.44754108786582947,-0.09219852834939957,0.8785912394523621,16,241
131,4366,14,0.06597191840410233,0.42392396926879883,0.049838919192552567,0.046327460557222366,63,228
131,4366,15,0.007462929468601942,0.5150141716003418,-0.04747488722205162,0.5697624683380127,7,278
131,4366,16,0.05423091724514961,0.47995367646217346,0.06489817053079605,0.08556433767080307,52,259
131,4366,17,0.0038517785724252462,0.5354527831077576,-0.05075954273343086,0.5588339567184448,3,289
131,4366,18,0.05002352222800255,0.4936297833919525,0.06883330643177032,0.11263244599103928,48,266
131,4366,19,0.0028759175911545753,0.534561812877655,-0.05170673131942749,0.5498767495155334,2,288
131,4366,20,0.046579815447330475,0.4916286766529083,0.06028614565730095,0.112993523478508,44,265
131,4366,21,0.0062284222804009914,0.5264493823051453,-0.045393966138362885,0.48801174759864807,5,284
131,4366,22,0.046917106956243515,0.48651620745658875,0.0625104010105133,0.10794036090373993,45,262
131,4366,23,0.048007287085056305,0.5169042348861694,-0.04582325741648674,0.9998940229415894,46,279
131,4366,24,0.06918861716985703,0.5032927989959717,0.04575314745306969,0.9996852874755859,66,271
131,4366,25,0.05240057781338692,0.6394737362861633,-0.004486210644245148,0.9555615782737732,50,345
131,4366,26,0.04706322029232979,0.57648104429245,0.11981653422117233,0.535311222076416,45,311
131,4366,27,0.08416616171598434,0.7678104043006897,-0.00034177795168943703,0.9710083603858948,80,414
131,4366,28,0.069143146276474,0.6319870352745056,0.17902708053588867,0.6745134592056274,66,341
131,4366,29,0.09549891203641891,0.7921038269996643,-0.000275122671155259,0.9211823344230652,91,427
131,4366,30,0.07629327476024628,0.6423794031143188,0.18554489314556122,0.7164660692214966,73,346
131,4366,31,0.05219012498855591,0.7968378663063049,-0.03343475982546806,0.9334060549736023,50,430
131,4366,32,0.06087247654795647,0.6440248489379883,0.18894019722938538,0.6579062342643738,58,347
132,4400,0,0.023418070748448372,0.2839246392250061,-0.01507971528917551,0.976112425327301,22,153
132,4400,1,0.02233046106994152,0.2748522460460663,-0.027836065739393234,0.9772669672966003,21,148
132,4400,2,0.021430902183055878,0.2751884162425995,-0.02801072970032692,0.978678286075592,20,148
132,4400,3,0.01872997172176838,0.27543455362319946,-0.027971763163805008,0.983404815196991,17,148
132,4400,4,0.02446415089070797,0.27328386902809143,-0.023686302825808525,0.9783310890197754,23,147
132,4400,5,0.026198305189609528,0.2729474604129791,-0.023858655244112015,0.9818878769874573,25,147
132,4400,6,0.027399905025959015,0.27229174971580505,-0.023945296183228493,0.98521488904953,26,147
132,4400,7,0.01605137437582016,0.28235721588134766,-0.06469666212797165,0.9944365620613098,15,152
132,4400,8,0.029795384034514427,0.27924656867980957,-0.044282592833042145,0.9863492846488953,28,150
132,4400,9,0.022411145269870758,0.29432347416877747,-0.023060351610183716,0.9838132262229919,21,158
132,4400,10,0.024641795083880424,0.29464972019195557,-0.018681934103369713,0.980920135974884,23,159
132,4400,11,0.006245708558708429,0.34847548604011536,-0.09651265293359756,0.9994666576385498,5,188
132,4400,12,0.05038046836853027,0.3297681510448456,-0.006754506845027208,0.9933022856712341,48,178
132,4400,13,0.017504991963505745,0.44437286257743835,-0.056161876767873764,0.8043937683105469,16,239
132,4400,14,0.05025748163461685,0.3671972155570984,0.05142635107040405,0.04280027002096176,48,198
132,4400,15,0.019317718222737312,0.478214293718338,0.006705442909151316,0.5165631771087646,18,258
132,4400,16,0.044593095779418945,0.362149178981781,0.11433970183134079,0.07989262044429779,42,195
132,4400,17,0.01794666051864624,0.4866046607494354,0.00932065024971962,0.50935298204422,17,262
132,4400,18,0.04475978761911392,0.3601014018058777,0.12157802283763885,0.10739545524120331,42,194
132,4400,19,0.019835596904158592,0.4793749749660492,0.0029186324682086706,0.5017362236976624,19,258
132,4400,20,0.04176793247461319,0.3618728816509247,0.11635054647922516,0.1081065684556961,40,195
132,4400,21,0.022031474858522415,0.47658640146255493,0.006552376784384251,0.4456106424331665,21,257
132,4400,22,0.03988092765212059,0.363474041223526,0.11308605968952179,0.10360892117023468,38,196
132,4400,23,0.030395569279789925,0.5102001428604126,-0.04065629094839096,0.9981602430343628,29,275
132,4400,24,0.04668679088354111,0.4917878806591034,0.040528587996959686,0.9949029684066772,44,265
132,4400,25,0.05390956252813339,0.635714590549469,-0.012888296507298946,0.9531149864196777,51,343
132,4400,26,0.043278153985738754,0.5041095614433289,0.16237320005893707,0.4849710166454315,41,272
132,4400,27,0.08237174153327942,0.7645658850669861,-0.004162003751844168,0.9712985157966614,79,412
132,4400,28,0.0668240487575531,0.5444250106811523,0.2883116900920868,0.6189249157905579,64,293
132,4400,29,0.09452807158231735,0.7881741523742676,-0.0036585060879588127,0.9177857637405396,90,425
132,4400,30,0.07214765250682831,0.5515527129173279,0.3021119236946106,0.6680036783218384,69,297
132,4400,31,0.053989145904779434,0.7987414002418518,-0.0488620400428772,0.9304338693618774,51,431
132,4400,32,0.06282822787761688,0.5588744878768921,0.3135731518268585,0.6028749942779541,60,301
133,4433,0,0.023215867578983307,0.2851911783218384,-0.010444970801472664,0.9606413841247559,22,154
133,4433,1,0.022250324487686157,0.2754622995853424,-0.023718059062957764,0.9646585583686829,21,148
133,4433,2,0.02012382261455059,0.27569249272346497,-0.023871609941124916,0.9648988842964172,19,148
133,4433,3,0.018718281760811806,0.27580395340919495,-0.02382049895823002,0.9725990295410156,17,148
133,4433,4,0.024599198251962662,0.2744794487953186,-0.021016709506511688,0.9678645133972168,23,148
133,4433,5,0.026587827131152153,0.27412256598472595,-0.021205106750130653,0.9726948738098145,25,148
133,4433,6,0.027890343219041824,0.27359539270401,-0.021293964236974716,0.9789743423461914,26,147
133,4433,7,0.016122477129101753,0.28305163979530334,-0.06214848533272743,0.9892858266830444,15,152
133,4433,8,0.0296785905957222,0.28034400939941406,-0.049637068063020706,0.9808140397071838,28,151
133,4433,9,0.022060079500079155,0.294033020734787,-0.019070055335760117,0.9701874852180481,21,158
133,4433,10,0.0241171233355999,0.2951546013355255,-0.016491003334522247,0.968096137046814,23,159
133,4433,11,0.006538972724229097,0.34759899973869324,-0.08054692298173904,0.999118983745575,6,187
133,4433,12,0.05148468166589737,0.3284468948841095,-0.025549938902258873,0.9918190240859985,49,177
133,4433,13,0.016328047960996628,0.4260542392730713,-0.034592412412166595,0.725800633430481,15,230
133,4433,14,0.05655723810195923,0.34496811032295227,0.03470800071954727,0.039169684052467346,54,186
133,4433,15,0.02669038251042366,0.4536952078342438,0.026916485279798508,0.46547093987464905,25,244
133,4433,16,0.05033215135335922,0.3283505439758301,0.11497901380062103,0.07361176609992981,48,177
133,4433,17,0.027679111808538437,0.4607904851436615,0.033234015107154846,0.4595293402671814,26,248
133,4433,18,0.050767626613378525,0.3232946991920471,0.12262049317359924,0.0997595489025116,48,174
133,4433,19,0.030342373996973038,0.4576351046562195,0.02280142903327942,0.4527134299278259,29,247
133,4433,20,0.04728277400135994,0.32648155093193054,0.11836151033639908,0.1003933772444725,45,176
133,4433,21,0.03186853229999542,0.4555291533470154,0.0250510536134243,0.40219205617904663,30,245
133,4433,22,0.04505039379000664,0.32947835326194763,0.114308662712574,0.09606508165597916,43,177
133,4433,23,0.025317372754216194,0.5102720856666565,-0.03152202069759369,0.9980749487876892,24,275
133,4433,24,0.04550611227750778,0.49384987354278564,0.03135555982589722,0.9948235750198364,43,266
133,4433,25,0.05533561855554581,0.6334483623504639,-0.012478058226406574,0.9192471504211426,53,342
133,4433,26,0.043195005506277084,0.5273730754852295,0.12931233644485474,0.4374430477619171,41,284
133,4433,27,0.08194474130868912,0.7622365355491638,-0.011731875129044056,0.9573428630828857,78,411
133,4433,28,0.06837229430675507,0.5732439160346985,0.2187546193599701,0.5594003200531006,65,309
133,4433,29,0.09401635080575943,0.7852606177330017,-0.01239097211509943,0.8910561800003052,90,424
133,4433,30,0.07547391206026077,0.5803834795951843,0.22939211130142212,0.6096441745758057,72,313
133,4433,31,0.052726540714502335,0.7983840107917786,-0.05028386041522026,0.8951138854026794,50,431
133,4433,32,0.06138512119650841,0.5923137068748474,0.2445569485425949,0.5450271964073181,58,319
134,4466,0,0.036870263516902924,0.3193628191947937,0.009656899608671665,0.964085042476654,35,172
134,4466,1,0.03548632189631462,0.31123822927474976,0.012145010754466057,0.9676204323768616,34,168
134,4466,2,0.03394326940178871,0.31139621138572693,0.01200706698000431,0.9677537083625793,32,168
134,4466,3,0.032586719840765,0.312009334564209,0.012048205360770226,0.9750179648399353,31,168
134,4466,4,0.0373193733394146,0.3074738383293152,-0.003149252152070403,0.9704262614250183,35,166
134,4466,5,0.0381128303706646,0.3077617287635803,-0.0032712372485548258,0.9746398329734802,36,166
134,4466,6,0.038701824843883514,0.3077460825443268,-0.0032950290478765965,0.980562686920166,37,166
134,4466,7,0.028764303773641586,0.31437647342681885,0.019250517711043358,0.9899669885635376,27,169
134,4466,8,0.0353209562599659,0.31017592549324036,-0.03282457962632179,0.9813568592071533,33,167
134,4466,9,0.03242940828204155,0.3271743357181549,0.01889326050877571,0.9722559452056885,31,176
134,4466,10,0.03356264904141426,0.32733988761901855,-0.0036331929732114077,0.9700011014938354,32,176
134,4466,11,0.02164703793823719,0.36806362867355347,0.03482009097933769,0.9991565942764282,20,198
134,4466,12,0.030473021790385246,0.3321644961833954,-0.03313001990318298,0.992490828037262,29,179
134,4466,13,0.032449666410684586,0.4168661832809448,0.061140138655900955,0.6677808165550232,31,225
134,4466,14,0.035899799317121506,0.30071380734443665,-0.04021952301263809,0.0729389637708664,34,162
134,4466,15,0.06066059321165085,0.4702306389808655,0.051470521837472916,0.4414505958557129,58,253
134,4466,16,0.033766429871320724,0.3115493953227997,0.01406147237867117,0.08803504705429077,32,168
134,4466,17,0.0629611387848854,0.48195263743400574,0.05645213648676872,0.4356864392757416,60,260
134,4466,18,0.03140659257769585,0.3119451701641083,0.010166486725211143,0.10758096724748611,30,168
134,4466,19,0.07177577912807465,0.5006378293037415,0.03643254563212395,0.43184295296669006,68,270
134,4466,20,0.031244393438100815,0.3215113580226898,0.009810942225158215,0.107413649559021,29,173
134,4466,21,0.07015687972307205,0.5014921426773071,0.04391667991876602,0.3838101029396057,67,270
134,4466,22,0.030775727704167366,0.32382407784461975,0.013429771177470684,0.10186649858951569,29,174
134,4466,23,0.028370946645736694,0.5126688480377197,0.013656185008585453,0.9981902241706848,27,276
134,4466,24,0.025056663900613785,0.5123635530471802,-0.01383202988654375,0.9952494502067566,24,276
134,4466,25,0.056006480008363724,0.6185012459754944,0.030803121626377106,0.8370934128761292,53,333
134,4466,26,0.044617753475904465,0.6053913831710815,-0.03367428109049797,0.4137125313282013,42,326
134,4466,27,0.07890351861715317,0.7474328875541687,0.03201310336589813,0.8827604055404663,75,403
134,4466,28,0.07727765291929245,0.7399641871452332,-0.04285534843802452,0.5407020449638367,74,399
134,4466,29,0.08320475369691849,0.7446250915527344,0.02851036936044693,0.8148881196975708,79,402
134,4466,30,0.08857183158397675,0.7656944990158081,-0.04549068585038185,0.5728707909584045,85,413
134,4466,31,0.06363488733768463,0.7479801774024963,-0.0013428033562377095,0.8304202556610107,61,403
134,4466,32,0.05742667615413666,0.7787662744522095,-0.07255490869283676,0.5263708829879761,55,420
135,4500,0,0.042089734226465225,0.32584238052368164,0.021043844521045685,0.9675346612930298,40,175
135,4500,1,0.04082314670085907,0.31722545623779297,0.02347613498568535,0.9707215428352356,39,171
135,4500,2,0.0394575335085392,0.3174138069152832,0.023339252918958664,0.9708394408226013,37,171
135,4500,3,0.03811226412653923,0.3180936872959137,0.02335415408015251,0.9774535298347473,36,171
135,4500,4,0.042791228741407394,0.31489554047584534,0.010109620168805122,0.9731519818305969,41,170
135,4500,5,0.04225422814488411,0.31531137228012085,0.009977049194276333,0.9768630862236023,40,170
135,4500,6,0.04250067472457886,0.31531742215156555,0.009952938184142113,0.9822614789009094,40,170
135,4500,7,0.03409934788942337,0.319184809923172,0.03206276893615723,0.9909250736236572,32,172
135,4500,8,0.03745795786380768,0.3102878928184509,-0.02695092372596264,0.9827105402946472,35,167
135,4500,9,0.036757759749889374,0.32867196202278137,0.029817771166563034,0.9748431444168091,35,177
135,4500,10,0.03889390453696251,0.32976341247558594,0.009985055774450302,0.972608745098114,37,178
135,4500,11,0.02679711952805519,0.36620786786079407,0.04638798162341118,0.9992268681526184,25,197
135,4500,12,0.03013584017753601,0.332759290933609,-0.030860774219036102,0.9930387735366821,28,179
135,4500,13,0.038888972252607346,0.4179829955101013,0.06590597331523895,0.6340790390968323,37,225
135,4500,14,0.030581684783101082,0.30798715353012085,-0.055392809212207794,0.09318283200263977,29,166
135,4500,15,0.0686226338148117,0.495567262172699,0.04763268679380417,0.45271509885787964,65,267
135,4500,16,0.030423928052186966,0.2965323328971863,-0.022117696702480316,0.09001033008098602,29,160
135,4500,17,0.0734911784529686,0.5139347314834595,0.051182400435209274,0.4435904622077942,70,277
135,4500,18,0.029050467535853386,0.28981438279151917,-0.027518706396222115,0.107120081782341,27,156
135,4500,19,0.07877499610185623,0.5186164975166321,0.03155644237995148,0.44404011964797974,75,280
135,4500,20,0.02922852151095867,0.2946287989616394,-0.025434967130422592,0.10663196444511414,28,159
135,4500,21,0.07497996836900711,0.5153388977050781,0.03971342369914055,0.3963981866836548,71,278
135,4500,22,0.02822922356426716,0.2993636727333069,-0.022459687665104866,0.10139051079750061,27,161
135,4500,23,0.02624138630926609,0.5163232684135437,0.020153028890490532,0.9982357621192932,25,278
135,4500,24,0.02242465876042843,0.5134889483451843,-0.020297538489103317,0.9954634308815002,21,277
135,4500,25,0.050881896167993546,0.619732141494751,0.022305255755782127,0.7622313499450684,48,334
135,4500,26,0.045013681054115295,0.6254051327705383,-0.050228167325258255,0.39268726110458374,43,337
135,4500,27,0.07811333239078522,0.7478141188621521,0.015636468306183815,0.8101442456245422,74,403
135,4500,28,0.07665037363767624,0.7550085783004761,-0.058370716869831085,0.5144740343093872,73,407
135,4500,29,0.08181052654981613,0.7584811449050903,0.008133462630212307,0.7439990639686584,78,409
135,4500,30,0.08660010248422623,0.7782822251319885,-0.06000731512904167,0.5386779308319092,83,420
135,4500,31,0.06157480552792549,0.7793987393379211,-0.022921357303857803,0.767432451248169,59,420
135,4500,32,0.06982766091823578,0.7865259647369385,-0.08289606124162674,0.5012142658233643,67,424
136,4533,0,0.016456739977002144,0.3310583531856537,0.020526429638266563,0.9698597192764282,15,178
136,4533,1,0.015224219299852848,0.32150527834892273,0.016578366979956627,0.9726570248603821,14,173
136,4533,2,0.014578296802937984,0.3213236331939697,0.016453193500638008,0.9726793766021729,13,173
136,4533,3,0.014105433598160744,0.3214980661869049,0.01646236702799797,0.9787063598632812,13,173
136,4533,4,0.016308125108480453,0.32080018520355225,0.011839798651635647,0.9752315878868103,15,173
136,4533,5,0.01776786334812641,0.32141125202178955,0.011705173179507256,0.9787402153015137,17,173
136,4533,6,0.01798940822482109,0.32134467363357544,0.011670536361634731,0.9837061166763306,17,173
136,4533,7,0.009243982844054699,0.32382914423942566,0.0007421041955240071,0.9914548993110657,8,174
136,4533,8,0.013621212914586067,0.3227621912956238,-0.01779114082455635,0.984153151512146,13,174
136,4533,9,0.013334543444216251,0.3387224078178406,0.02143765427172184,0.9762228727340698,12,182
136,4533,10,0.014352179132401943,0.3387642800807953,0.012721949256956577,0.9746732711791992,13,182
136,4533,11,-0.005390624050050974,0.3746657967567444,-0.007741446141153574,0.9992656707763672,-5,202
136,4533,12,0.01737458072602749,0.3601991534233093,-0.01712772250175476,0.993678092956543,16,194
136,4533,13,0.025029970332980156,0.4218488037586212,-0.02988804131746292,0.65433269739151,24,227
136,4533,14,0.04015090689063072,0.4249310791492462,-0.01444656029343605,0.14902779459953308,38,229
136,4533,15,0.042487479746341705,0.5011396408081055,-0.050873976200819016,0.47190555930137634,40,270
136,4533,16,0.03943717107176781,0.4925650656223297,-0.024952055886387825,0.1776292771100998,37,265
136,4533,17,0.04848548024892807,0.5152527093887329,-0.05409502983093262,0.46328210830688477,46,278
136,4533,18,0.05474937707185745,0.5085035562515259,-0.03303084522485733,0.19328732788562775,52,274
136,4533,19,0.05069804564118385,0.5180953145027161,-0.06111609563231468,0.4652460217475891,48,279
136,4533,20,0.056828711181879044,0.5117634534835815,-0.035795748233795166,0.19296278059482574,54,276
136,4533,21,0.04942005127668381,0.5152525901794434,-0.053069714456796646,0.4156474471092224,47,278
136,4533,22,0.049171414226293564,0.5072551369667053,-0.02711454965174198,0.18596985936164856,47,273
136,4533,23,-0.0015823023859411478,0.5315619707107544,-0.01087938528507948,0.9982733726501465,-1,287
136,4533,24,0.009799317456781864,0.5335314273834229,0.010701141320168972,0.9957879185676575,9,288
136,4533,25,0.0389833077788353,0.6281280517578125,-0.011700436472892761,0.781904935836792,37,339
136,4533,26,0.03377753496170044,0.6355167627334595,0.016091343015432358,0.42100170254707336,32,343
136,4533,27,0.07486522942781448,0.7495197057723999,-0.01767551153898239,0.8273155093193054,71,404
136,4533,28,0.07369453459978104,0.7475506663322449,0.034585140645504,0.5504283905029297,70,403
136,4533,29,0.08514215052127838,0.7644121050834656,-0.020846504718065262,0.7645261287689209,81,412
136,4533,30,0.08421076089143753,0.7647256255149841,0.0356186218559742,0.5740617513656616,80,412
136,4533,31,0.05450524017214775,0.7880899310112,-0.06205980107188225,0.7869568467140198,52,425
136,4533,32,0.05910375341773033,0.7824127674102783,0.01409459300339222,0.5339361429214478,56,422
137,4566,0,0.012317533604800701,0.33072513341903687,-0.03385630622506142,0.9725210666656494,11,178
137,4566,1,0.01112724281847477,0.3211631178855896,-0.03927839174866676,0.9750005602836609,10,173
137,4566,2,0.010695189237594604,0.3206813335418701,-0.039429448544979095,0.9750669598579407,10,173
137,4566,3,0.008813894353806973,0.3200126588344574,-0.039443790912628174,0.9805808663368225,8,172
137,4566,4,0.012164539657533169,0.324027419090271,-0.03738991916179657,0.9773350358009338,11,174
137,4566,5,0.01239957008510828,0.32394877076148987,-0.03751503676176071,0.9805735349655151,11,174
137,4566,6,0.012555422261357307,0.3239252269268036,-0.0375528559088707,0.985061526298523,12,174
137,4566,7,0.006391122471541166,0.32337871193885803,-0.04874687269330025,0.9922212362289429,6,174
137,4566,8,0.009966679848730564,0.32430610060691833,-0.04038476571440697,0.9854639172554016,9,175
137,4566,9,0.008103050291538239,0.33867180347442627,-0.03322771191596985,0.9783638119697571,7,182
137,4566,10,0.008687170222401619,0.33871379494667053,-0.032025933265686035,0.976947009563446,8,182
137,4566,11,-0.0026774974539875984,0.3729915916919708,-0.055604685097932816,0.9993354678153992,-2,201
137,4566,12,0.0046308403834700584,0.3712502717971802,-0.01982802525162697,0.9941792488098145,4,200
137,4566,13,0.028910478577017784,0.4231322705745697,-0.06776552647352219,0.6884862780570984,27,228
137,4566,14,0.03551199659705162,0.44168251752853394,-0.031753167510032654,0.17059411108493805,34,238
137,4566,15,0.05659106746315956,0.5037010312080383,-0.09186062961816788,0.5243009924888611,54,271
137,4566,16,0.045575737953186035,0.5043843984603882,-0.044960640370845795,0.22707830369472504,43,272
137,4566,17,0.06562020629644394,0.5215721130371094,-0.10066578537225723,0.5161400437355042,62,281
137,4566,18,0.06354571133852005,0.523353099822998,-0.05448152869939804,0.24403853714466095,61,282
137,4566,19,0.06561419367790222,0.5246344208717346,-0.11074233055114746,0.5179465413093567,62,283
137,4566,20,0.06543514877557755,0.5252843499183655,-0.06035173684358597,0.24523229897022247,62,283
137,4566,21,0.06056804209947586,0.5205702781677246,-0.09558868408203125,0.4727954864501953,58,281
137,4566,22,0.059305645525455475,0.5197858810424805,-0.04870862886309624,0.23238714039325714,56,280
137,4566,23,-0.001991252414882183,0.5307634472846985,-0.012340879067778587,0.9984025955200195,-1,286
137,4566,24,-0.0008797653135843575,0.5345613360404968,0.01204406376928091,0.9960922002792358,0,288
137,4566,25,0.03890073671936989,0.6351836323738098,-0.013843012973666191,0.802060604095459,37,342
137,4566,26,0.03354603797197342,0.6348642706871033,0.017220139503479004,0.445684015750885,32,342
137,4566,27,0.07319985330104828,0.7507221698760986,-0.015173257328569889,0.843559205532074,70,405
137,4566,28,0.07227300107479095,0.7481651306152344,0.0502975694835186,0.5804533958435059,69,404
137,4566,29,0.08416854590177536,0.7673612236976624,-0.01728423312306404,0.7825069427490234,80,414
137,4566,30,0.08189143985509872,0.7652234435081482,0.0519726537168026,0.5970340967178345,78,413
137,4566,31,0.05565532296895981,0.7900222539901733,-0.06002861261367798,0.8065588474273682,53,426
137,4566,32,0.05847753956913948,0.7853195071220398,0.012535401619970798,0.5666621923446655,56,424
138,4600,0,-0.005677988287061453,0.3379368782043457,-0.05817323923110962,0.9565008282661438,-5,182
138,4600,1,-0.003098850604146719,0.3303622007369995,-0.06516696512699127,0.9581287503242493,-2,178
138,4600,2,-0.002883963519707322,0.33044493198394775,-0.06533035635948181,0.9600350260734558,-2,178
138,4600,3,-0.0027562694158405066,0.33083465695381165,-0.0653769001364708,0.9701947569847107,-2,178
138,4600,4,-0.0033250008709728718,0.3304375410079956,-0.05528882518410683,0.9568555355072021,-3,178
138,4600,5,-0.003233353840187192,0.3303966820240021,-0.0554468147456646,0.9619651436805725,-3,178
138,4600,6,-0.0032248981297016144,0.33023548126220703,-0.055519696325063705,0.9690933227539062,-3,178
138,4600,7,-0.003023867728188634,0.3332110345363617,-0.07514159381389618,0.9881749153137207,-2,179
138,4600,8,-0.003200695849955082,0.3311403691768646,-0.033124543726444244,0.9618279337882996,-3,178
138,4600,9,-0.007601508405059576,0.3436380624771118,-0.05806196480989456,0.9635346531867981,-7,185
138,4600,10,-0.007829786278307438,0.34296751022338867,-0.046339794993400574,0.9565211534500122,-7,185
138,4600,11,-0.006360111758112907,0.37583425641059875,-0.09630372375249863,0.9993840456008911,-6,202
138,4600,12,-0.008537168614566326,0.37035617232322693,0.018003948032855988,0.9940662384033203,-8,199
138,4600,13,0.02177179604768753,0.42967525124549866,-0.10107848793268204,0.7167795300483704,20,232
138,4600,14,0.021432720124721527,0.4434294104576111,0.03317200765013695,0.15409718453884125,20,239
138,4600,15,0.04873288795351982,0.5098245143890381,-0.09224521368741989,0.5603164434432983,46,275
138,4600,16,0.04327872768044472,0.5051561594009399,-0.03511327505111694,0.20859847962856293,41,272
138,4600,17,0.0592065304517746,0.5302579998970032,-0.1008484810590744,0.5466394424438477,56,286
138,4600,18,0.04612123966217041,0.5167793035507202,-0.03250952437520027,0.22732840478420258,44,279
138,4600,19,0.05436166003346443,0.5291916728019714,-0.10551252216100693,0.5485892295837402,52,285
138,4600,20,0.04516530781984329,0.519717812538147,-0.016154536977410316,0.22918356955051422,43,280
138,4600,21,0.050000566989183426,0.5258474946022034,-0.09302941709756851,0.5021432042121887,48,283
138,4600,22,0.042893704026937485,0.5138839483261108,-0.016379021108150482,0.21736198663711548,41,277
138,4600,23,-0.011459936387836933,0.5217922329902649,-0.042879220098257065,0.9985294342041016,-11,281
138,4600,24,-0.013208861462771893,0.5233865976333618,0.042776819318532944,0.9963964223861694,-12,282
138,4600,25,0.02259509451687336,0.6367222666740417,-0.05310235545039177,0.7968802452087402,21,343
138,4600,26,0.014770245179533958,0.6330475211143494,0.023552564904093742,0.4054897129535675,14,341
138,4600,27,0.06631525605916977,0.748616635799408,-0.05829347297549248,0.8459092378616333,63,404
138,4600,28,0.048325177282094955,0.7357600927352905,0.05747314542531967,0.5419191718101501,46,397
138,4600,29,0.08105305582284927,0.7607143521308899,-0.06102052703499794,0.7741939425468445,77,410
138,4600,30,0.0563339926302433,0.7474209070205688,0.05835922062397003,0.5665925145149231,54,403
138,4600,31,0.05625411123037338,0.7953721284866333,-0.11326379328966141,0.8073126673698425,54,429
138,4600,32,0.04800049588084221,0.7852082252502441,0.023798128589987755,0.535740852355957,46,424
139,4633,0,-0.001060757553204894,0.33958813548088074,-0.034295711666345596,0.9470783472061157,-1,183
139,4633,1,0.0008671097457408905,0.33235234022140503,-0.0455436073243618,0.9486469626426697,0,179
139,4633,2,0.0005750815034843981,0.3319211006164551,-0.045691508799791336,0.9502159953117371,0,179
139,4633,3,0.00030803537811152637,0.33189287781715393,-0.04600416496396065,0.9641792178153992,0,179
139,4633,4,0.0013741172151640058,0.3324602246284485,-0.0236105527728796,0.9475786685943604,1,179
139,4633,5,0.0018017565598711371,0.3321804404258728,-0.02378275617957115,0.9529670476913452,1,179
139,4633,6,0.0021575256250798702,0.33173125982284546,-0.023883916437625885,0.9628732800483704,2,179
139,4633,7,-0.0009446803596802056,0.32896801829338074,-0.053200289607048035,0.986384928226471,0,177
139,4633,8,0.0017771499697118998,0.3274703919887543,-0.00017732282867655158,0.9550043344497681,1,176
139,4633,9,-0.004153083078563213,0.34140244126319885,-0.03166063502430916,0.9612838625907898,-3,184
139,4633,10,-0.002744726836681366,0.3411393165588379,-0.010799911804497242,0.954255223274231,-2,184
139,4633,11,-0.006713801063597202,0.36275407671928406,-0.0768839567899704,0.9994383454322815,-6,195
139,4633,12,-0.0044209640473127365,0.34964507818222046,0.045667391270399094,0.9944667816162109,-4,188
139,4633,13,0.021820979192852974,0.4352501332759857,-0.08566914498806,0.7427791357040405,20,235
139,4633,14,0.026405423879623413,0.4354262053966522,0.04438004270195961,0.144110769033432,25,235
139,4633,15,0.04787440225481987,0.5108500719070435,-0.08166981488466263,0.5952709913253784,45,275
139,4633,16,0.046895287930965424,0.5089565515518188,-0.004806073382496834,0.21339213848114014,45,274
139,4633,17,0.05758361145853996,0.5311113595962524,-0.0889340415596962,0.5774006247520447,55,286
139,4633,18,0.04986545071005821,0.5285083651542664,-0.004130462184548378,0.23509632050991058,47,285
139,4633,19,0.05418885871767998,0.5326815843582153,-0.09370376169681549,0.5798612236976624,52,287
139,4633,20,0.049058813601732254,0.5314717292785645,-0.00489863520488143,0.2382553070783615,47,286
139,4633,21,0.05086938291788101,0.5330445170402527,-0.08226262032985687,0.5323529243469238,48,287
139,4633,22,0.04688958823680878,0.5262187123298645,0.00038243705057539046,0.2250203639268875,45,284
139,4633,23,-0.013781457208096981,0.5069345831871033,-0.0440029613673687,0.9986502528190613,-13,273
139,4633,24,-0.012254896573722363,0.5084617137908936,0.043859295547008514,0.9967076778411865,-11,274
139,4633,25,0.017907947301864624,0.6387494802474976,-0.05015918239951134,0.8021862506866455,17,344
139,4633,26,0.011368020437657833,0.6323374509811401,0.02746857888996601,0.3990412950515747,10,341
139,4633,27,0.06670494377613068,0.749331533908844,-0.04279293864965439,0.8483959436416626,64,404
139,4633,28,0.06066369637846947,0.7455639839172363,0.04681392014026642,0.5404503345489502,58,402
139,4633,29,0.08196171373128891,0.7610483169555664,-0.04410843178629875,0.7569507360458374,78,410
139,4633,30,0.07310474663972855,0.7559872269630432,0.04753934219479561,0.5644360184669495,70,408
139,4633,31,0.05545538291335106,0.7972096800804138,-0.09633588790893555,0.809996485710144,53,430
139,4633,32,0.05405376851558685,0.7920383810997009,0.010496603325009346,0.5370650291442871,51,427
140,4666,0,nan,nan,nan,0.0,-1,-1
141,4700,0,nan,nan,nan,0.0,-1,-1
142,4733,0,nan,nan,nan,0.0,-1,-1
143,4766,0,nan,nan,nan,0.0,-1,-1
