frame,timestamp_ms,landmark_id,x_norm,y_norm,z_norm,visibility,x_px,y_px
0,0,0,nan,nan,nan,0.0,-1,-1
1,33,0,nan,nan,nan,0.0,-1,-1
2,66,0,nan,nan,nan,0.0,-1,-1
3,100,0,nan,nan,nan,0.0,-1,-1
4,133,0,nan,nan,nan,0.0,-1,-1
5,166,0,nan,nan,nan,0.0,-1,-1
6,200,0,nan,nan,nan,0.0,-1,-1
7,233,0,nan,nan,nan,0.0,-1,-1
8,266,0,nan,nan,nan,0.0,-1,-1
9,300,0,nan,nan,nan,0.0,-1,-1
10,333,0,nan,nan,nan,0.0,-1,-1
11,366,0,nan,nan,nan,0.0,-1,-1
12,400,0,nan,nan,nan,0.0,-1,-1
13,433,0,nan,nan,nan,0.0,-1,-1
14,466,0,nan,nan,nan,0.0,-1,-1
15,500,0,nan,nan,nan,0.0,-1,-1
16,533,0,nan,nan,nan,0.0,-1,-1
17,566,0,nan,nan,nan,0.0,-1,-1
18,600,0,nan,nan,nan,0.0,-1,-1
19,633,0,nan,nan,nan,0.0,-1,-1
20,666,0,nan,nan,nan,0.0,-1,-1
21,700,0,nan,nan,nan,0.0,-1,-1
22,733,0,nan,nan,nan,0.0,-1,-1
23,766,0,nan,nan,nan,0.0,-1,-1
24,800,0,0.9194011092185974,0.23064133524894714,0.041411176323890686,0.9757664799690247,882,124
24,800,1,0.9196053743362427,0.22665297985076904,0.0363890677690506,0.9540398120880127,882,122
24,800,2,0.9198899865150452,0.22736257314682007,0.03617588430643082,0.9659585356712341,883,122
24,800,3,0.9205679297447205,0.23076987266540527,0.03618549928069115,0.9725176095962524,883,124
24,800,4,0.9186936020851135,0.22592413425445557,0.051411278545856476,0.9562810063362122,881,121
24,800,5,0.9183830618858337,0.22637033462524414,0.05119454115629196,0.9676408171653748,881,122
24,800,6,0.9186522960662842,0.2290095090866089,0.05110969766974449,0.9701765179634094,881,123
24,800,7,0.9220289587974548,0.23775719106197357,0.02160974033176899,0.9896939396858215,885,128
24,800,8,0.9196339845657349,0.23651844263076782,0.08969475328922272,0.9540768265724182,882,127
24,800,9,0.9198374152183533,0.24493667483329773,0.03830328956246376,0.9879015684127808,883,132
24,800,10,0.9184383749961853,0.2411731332540512,0.05634908378124237,0.9812554717063904,881,130
24,800,11,0.9366658329963684,0.2892168164253235,-0.06223483011126518,0.9999688863754272,899,156
24,800,12,0.9159223437309265,0.3063453435897827,0.1647709757089615,0.9986035227775574,879,165
24,800,13,0.9393046498298645,0.3946272134780884,-0.10886883735656738,0.9925445318222046,901,213
24,800,14,0.9189502596855164,0.39960813522338867,0.18124355375766754,0.016397686675190926,882,215
24,800,15,0.8906981945037842,0.4391977787017822,-0.1128733828663826,0.9550149440765381,855,237
24,800,16,0.9151859879493713,0.46446138620376587,0.12915091216564178,0.024816127493977547,878,250
24,800,17,0.8739496469497681,0.4579920768737793,-0.13268962502479553,0.9361156225204468,838,247
24,800,18,0.9145227074623108,0.4814874827861786,0.12638692557811737,0.0400434173643589,877,260
24,800,19,0.8701698184013367,0.44399383664131165,-0.11954985558986664,0.927975594997406,835,239
24,800,20,0.9112941026687622,0.4813976287841797,0.10949953645467758,0.043308041989803314,874,259
24,800,21,0.8746798038482666,0.43792012333869934,-0.10513244569301605,0.8792178630828857,839,236
24,800,22,0.9111620187759399,0.47472918033599854,0.11917254328727722,0.05132097378373146,874,256
24,800,23,0.955246090888977,0.4631708860397339,-0.0653374195098877,0.9997329115867615,917,250
24,800,24,0.935966432094574,0.4718818664550781,0.06519564241170883,0.9993979930877686,898,254
24,800,25,0.9588290452957153,0.6158953309059143,-0.05174475908279419,0.9809309840202332,920,332
24,800,26,0.8941072225570679,0.5851854085922241,0.02619953639805317,0.7858406901359558,858,316
24,800,27,1.0039348602294922,0.717700719833374,0.014630152843892574,0.8936765193939209,963,387
24,800,28,0.8729850649833679,0.735765278339386,0.04370097443461418,0.875336766242981,838,397
24,800,29,1.0122753381729126,0.7274779081344604,0.01793448068201542,0.5127588510513306,971,392
24,800,30,0.881978452205658,0.7653632760047913,0.042709555476903915,0.7712461948394775,846,413
24,800,31,0.9887544512748718,0.7823759317398071,-0.04143432900309563,0.767850399017334,949,422
24,800,32,0.8342363834381104,0.7643303871154785,-0.008442793972790241,0.8277320265769958,800,412
25,833,0,0.9189498424530029,0.24198263883590698,0.012327609583735466,0.9767967462539673,882,130
25,833,1,0.9187215566635132,0.233411967754364,0.0035180929116904736,0.9563983678817749,881,126
25,833,2,0.9189130067825317,0.23330505192279816,0.0033131339587271214,0.9677749872207642,882,125
25,833,3,0.9191931486129761,0.2341204434633255,0.003334472421556711,0.9738496541976929,882,126
25,833,4,0.9182574152946472,0.23332495987415314,0.022550800815224648,0.9582139253616333,881,125
25,833,5,0.9180978536605835,0.23338228464126587,0.022334039211273193,0.9691488146781921,881,126
25,833,6,0.9182022213935852,0.23397231101989746,0.022234773263335228,0.9714785814285278,881,126
25,833,7,0.9218226671218872,0.23829543590545654,-0.015101662836968899,0.9901748895645142,884,128
25,833,8,0.9197214245796204,0.23890654742717743,0.07143374532461166,0.9554341435432434,882,129
25,833,9,0.9198938012123108,0.2515134811401367,0.009081198833882809,0.9879695177078247,883,135
25,833,10,0.9190470576286316,0.2513280510902405,0.03256310150027275,0.9810901880264282,882,135
25,833,11,0.9418104887008667,0.2892798185348511,-0.09052600711584091,0.999968945980072,904,156
25,833,12,0.918075680732727,0.30683037638664246,0.15678885579109192,0.9985986948013306,881,165
25,833,13,0.9404875040054321,0.39602094888687134,-0.13257332146167755,0.9931009411811829,902,213
25,833,14,0.9222155809402466,0.3992156386375427,0.18114671111106873,0.01696820929646492,885,215
25,833,15,0.8903537392616272,0.43994709849357605,-0.1270565539598465,0.9582383632659912,854,237
25,833,16,0.9151955246925354,0.46121150255203247,0.1207515150308609,0.02647247165441513,878,249
25,833,17,0.8719046711921692,0.45806553959846497,-0.1472417712211609,0.940183162689209,837,247
25,833,18,0.9145947694778442,0.481951504945755,0.1163373664021492,0.043030764907598495,878,260
25,833,19,0.8699880838394165,0.44438424706459045,-0.13614201545715332,0.9326790571212769,835,239
25,833,20,0.9124417901039124,0.47977346181869507,0.09756459295749664,0.04671422392129898,875,259
25,833,21,0.8750045895576477,0.438351571559906,-0.11994028091430664,0.8865853548049927,840,236
25,833,22,0.9117875695228577,0.4739944040775299,0.109719417989254,0.05461098253726959,875,255
25,833,23,0.9518101215362549,0.4799814820289612,-0.06950643658638,0.9997383952140808,913,259
25,833,24,0.9307986497879028,0.47890669107437134,0.06943763792514801,0.9994021058082581,893,258
25,833,25,0.9589715600013733,0.6179478168487549,-0.08776900917291641,0.9812198877334595,920,333
25,833,26,0.8911092281341553,0.5891523361206055,0.06781461089849472,0.7793490290641785,855,318
25,833,27,1.0041548013687134,0.7317092418670654,-0.039509791880846024,0.8979486227035522,963,395
25,833,28,0.8728041052818298,0.7358385324478149,0.11371443420648575,0.8744364380836487,837,397
25,833,29,1.0239540338516235,0.7527226209640503,-0.03880908712744713,0.5289178490638733,982,406
25,833,30,0.8801977634429932,0.7654213905334473,0.11480078846216202,0.7729160189628601,844,413
25,833,31,0.9892358183860779,0.7871055603027344,-0.1172543466091156,0.7803812026977539,949,425
25,833,32,0.834733784198761,0.7625547051429749,0.054593659937381744,0.8307666182518005,801,411
26,866,0,0.9071556329727173,0.25323647260665894,-0.07763101905584335,0.9787406921386719,870,136
26,866,1,0.909408688545227,0.240220844745636,-0.0866251140832901,0.9603295922279358,873,129
26,866,2,0.9108266830444336,0.2389543354511261,-0.08684566617012024,0.9706888794898987,874,129
26,866,3,0.912149965763092,0.23796352744102478,-0.08682125061750412,0.9762300848960876,875,128
26,866,4,0.9071072936058044,0.24274826049804688,-0.06619088351726532,0.9617558121681213,870,131
26,866,5,0.9067593216896057,0.24319404363632202,-0.06642339378595352,0.9717022776603699,870,131
26,866,6,0.9062868356704712,0.24352557957172394,-0.06652754545211792,0.9737804532051086,870,131
26,866,7,0.9191705584526062,0.23918041586875916,-0.09353101253509521,0.9910559058189392,882,129
26,866,8,0.9098104238510132,0.2457926720380783,-0.0005923769203945994,0.9583646655082703,873,132
26,866,9,0.9122543334960938,0.2586454451084137,-0.07567834854125977,0.9889079332351685,875,139
26,866,10,0.9094980359077454,0.262667715549469,-0.05040315166115761,0.9822831153869629,873,141
26,866,11,0.9418633580207825,0.29154863953590393,-0.14017081260681152,0.9999710917472839,904,157
26,866,12,0.9131116271018982,0.30845946073532104,0.09725072979927063,0.9986502528190613,876,166
26,866,13,0.9362632632255554,0.3963368833065033,-0.17117758095264435,0.9935992956161499,898,214
26,866,14,0.919364333152771,0.40205132961273193,0.12182657420635223,0.01605852134525776,882,217
26,866,15,0.8857606053352356,0.44053545594215393,-0.17721562087535858,0.9615887999534607,850,237
26,866,16,0.9096252918243408,0.4650982618331909,0.047309938818216324,0.024594087153673172,873,251
26,866,17,0.8693841099739075,0.4579928517341614,-0.20006854832172394,0.9447768330574036,834,247
26,866,18,0.9082861542701721,0.4901164770126343,0.03821965679526329,0.04043387994170189,871,264
26,866,19,0.8671706318855286,0.44495853781700134,-0.1939321905374527,0.9380208849906921,832,240
26,866,20,0.9058101177215576,0.49001672863960266,0.016437340527772903,0.043949101120233536,869,264
26,866,21,0.8727048635482788,0.43912094831466675,-0.1724167764186859,0.8948631286621094,837,237
26,866,22,0.905292809009552,0.48021093010902405,0.034655407071113586,0.051315706223249435,869,259
26,866,23,0.9344704151153564,0.49639570713043213,-0.06747935712337494,0.9997627139091492,897,268
26,866,24,0.9080398082733154,0.4857834279537201,0.06748993694782257,0.9994573593139648,871,262
26,866,25,0.9436416625976562,0.6267498135566711,-0.07612115889787674,0.9814666509628296,905,338
26,866,26,0.8805181384086609,0.5938795208930969,-0.00016320603026542813,0.7974674105644226,845,320
26,866,27,0.9883080720901489,0.7153191566467285,0.07462289184331894,0.9030579924583435,948,386
26,866,28,0.8687168955802917,0.7358387112617493,0.016987401992082596,0.8845979571342468,833,397
26,866,29,1.000685453414917,0.7187615633010864,0.08481020480394363,0.5506433248519897,960,388
26,866,30,0.8765504956245422,0.7625911831855774,0.015459123998880386,0.7887753844261169,841,411
26,866,31,0.9869506359100342,0.7748832702636719,0.02609138935804367,0.7953622341156006,947,418
26,866,32,0.8346318006515503,0.7626237869262695,-0.05612858012318611,0.8452457189559937,801,411
27,900,0,0.9062482118606567,0.24998024106025696,-0.033413589000701904,0.9781283736228943,869,134
27,900,1,0.9076927304267883,0.23893167078495026,-0.04659142345190048,0.9614282846450806,871,129
27,900,2,0.908392071723938,0.23809045553207397,-0.04680426046252251,0.9716396331787109,872,128
27,900,3,0.9090015888214111,0.23760183155536652,-0.04680537059903145,0.9772041440010071,872,128
27,900,4,0.9070647358894348,0.24067863821983337,-0.024997491389513016,0.9611119031906128,870,129
27,900,5,0.9072036147117615,0.2410828173160553,-0.02520618587732315,0.9709305167198181,870,130
27,900,6,0.9072608947753906,0.24184370040893555,-0.02530771493911743,0.972794234752655,870,130
27,900,7,0.9153927564620972,0.23920534551143646,-0.07859896123409271,0.9916489720344543,878,129
27,900,8,0.9111677408218384,0.2450682818889618,0.02146119251847267,0.9570856094360352,874,132
27,900,9,0.910046398639679,0.2576235830783844,-0.040184199810028076,0.9893668293952942,873,139
27,900,10,0.9091020822525024,0.2599484622478485,-0.013269202783703804,0.9822129011154175,872,140
27,900,11,0.9416117072105408,0.29305586218833923,-0.1384732872247696,0.999972939491272,903,158
27,900,12,0.9133560657501221,0.3095290958881378,0.1065179631114006,0.9986523389816284,876,167
27,900,13,0.9353203177452087,0.3962710499763489,-0.16972634196281433,0.9938879013061523,897,213
27,900,14,0.9194469451904297,0.40769919753074646,0.13086296617984772,0.014832788147032261,882,220
27,900,15,0.8828585743904114,0.4406353235244751,-0.1638672947883606,0.9638999104499817,847,237
27,900,16,0.9129369854927063,0.4833773672580719,0.07099635154008865,0.022476714104413986,876,261
27,900,17,0.8665054440498352,0.4573562443256378,-0.18508131802082062,0.9477378726005554,831,246
27,900,18,0.9097272753715515,0.5076525807380676,0.06443265080451965,0.037222761660814285,873,274
27,900,19,0.8649071455001831,0.44498494267463684,-0.17697039246559143,0.9414507746696472,830,240
27,900,20,0.9061489105224609,0.5079391002655029,0.04408355429768562,0.04044429212808609,869,274
27,900,21,0.8691422939300537,0.4392419457435608,-0.1580636352300644,0.8989247679710388,834,237
27,900,22,0.9065600633621216,0.49955061078071594,0.05926576629281044,0.04723779857158661,870,269
27,900,23,0.9293602705001831,0.49851763248443604,-0.0671999454498291,0.9997854232788086,892,269
27,900,24,0.9034469723701477,0.49016445875167847,0.06723954528570175,0.9995089769363403,867,264
27,900,25,0.940506637096405,0.6287733912467957,-0.048128049820661545,0.9817177057266235,902,339
27,900,26,0.8786479234695435,0.598808228969574,-0.004765844438225031,0.815243661403656,843,323
27,900,27,0.9858981370925903,0.7111800909042358,0.12462042272090912,0.9074004292488098,946,384
27,900,28,0.8684107065200806,0.7359849214553833,0.011998230591416359,0.8947434425354004,833,397
27,900,29,0.9945991635322571,0.7108316421508789,0.13841895759105682,0.5597183704376221,954,383
27,900,30,0.8750455975532532,0.7617117166519165,0.011301849968731403,0.8053886294364929,840,411
27,900,31,0.9839932918548584,0.7675557136535645,0.09938611090183258,0.8056989312171936,944,414
27,900,32,0.8342253565788269,0.762634813785553,-0.04479636624455452,0.8589548468589783,800,411
28,933,0,0.8960734605789185,0.2513008713722229,-0.05410101264715195,0.9801843166351318,860,135
28,933,1,0.898797869682312,0.2394675612449646,-0.0658167377114296,0.9651429653167725,862,129
28,933,2,0.9003593325614929,0.2382924109697342,-0.06600651144981384,0.9743744134902954,864,128
28,933,3,0.901871383190155,0.23751819133758545,-0.06599811464548111,0.9794012308120728,865,128
28,933,4,0.89544677734375,0.24255871772766113,-0.04413583502173424,0.9647985100746155,859,130
28,933,5,0.8945209383964539,0.2434542328119278,-0.04434548690915108,0.97366863489151,858,131
28,933,6,0.8933923840522766,0.24464187026023865,-0.04443943873047829,0.9753307104110718,857,132
28,933,7,0.9094584584236145,0.23918798565864563,-0.08406247198581696,0.9924584627151489,873,129
28,933,8,0.8971742391586304,0.2475401759147644,0.014937677420675755,0.9609801769256592,861,133
28,933,9,0.9008707404136658,0.2586112916469574,-0.05591711774468422,0.990337610244751,864,139
28,933,10,0.8978501558303833,0.26181721687316895,-0.028808973729610443,0.9837325215339661,861,141
28,933,11,0.9348750710487366,0.2929791808128357,-0.1351865828037262,0.9999750852584839,897,158
28,933,12,0.9066103100776672,0.30953168869018555,0.10695067793130875,0.9987218976020813,870,167
28,933,13,0.9302117824554443,0.395907998085022,-0.1597546935081482,0.9943469762802124,893,213
28,933,14,0.9126787185668945,0.40715062618255615,0.12343651801347733,0.014104636386036873,876,219
28,933,15,0.8819299936294556,0.4429630935192108,-0.1508036106824875,0.9661555886268616,846,239
28,933,16,0.9079247713088989,0.48087841272354126,0.0521712452173233,0.020912788808345795,871,259
28,933,17,0.866999626159668,0.4598434567451477,-0.17173071205615997,0.9505391716957092,832,248
28,933,18,0.9023367166519165,0.5041171312332153,0.04408586025238037,0.034988775849342346,866,272
28,933,19,0.8646532893180847,0.4483284652233124,-0.16235020756721497,0.9447704553604126,830,242
28,933,20,0.8998305201530457,0.5036900639533997,0.02532784454524517,0.037954263389110565,863,271
28,933,21,0.8692991733551025,0.44314950704574585,-0.14475813508033752,0.9037234783172607,834,239
28,933,22,0.8993788361549377,0.4950130879878998,0.040751826018095016,0.04432642087340355,863,267
28,933,23,0.91715008020401,0.4962395131587982,-0.0686827078461647,0.9998060464859009,880,267
28,933,24,0.8947433233261108,0.48990964889526367,0.06871882826089859,0.9995563626289368,858,264
28,933,25,0.9201021194458008,0.6287972927093506,-0.05970272794365883,0.983116626739502,883,339
28,933,26,0.871616005897522,0.5988215804100037,0.0022254169452935457,0.8323687314987183,836,323
28,933,27,0.9714934825897217,0.7018563151359558,0.07870685309171677,0.9148105978965759,932,379
28,933,28,0.8671976327896118,0.7370691895484924,-0.006213919259607792,0.9046918749809265,832,398
28,933,29,0.9842011332511902,0.7047389149665833,0.08903750777244568,0.5890781879425049,944,380
28,933,30,0.8743152022361755,0.7627361416816711,-0.010075047612190247,0.8230887651443481,839,411
28,933,31,0.9562966227531433,0.7428279519081116,0.0462789312005043,0.8220800757408142,918,401
28,933,32,0.8325385451316833,0.7640420198440552,-0.06748900562524796,0.8724002838134766,799,412
29,966,0,0.892193078994751,0.2500898540019989,-0.05539316311478615,0.9819833040237427,856,135
29,966,1,0.8954296708106995,0.2388751208782196,-0.06529568135738373,0.9684304594993591,859,128
29,966,2,0.8973113298416138,0.2378349006175995,-0.06548253446817398,0.9767969846725464,861,128
29,966,3,0.8990159630775452,0.23737429082393646,-0.06547529995441437,0.9813488721847534,863,128
29,966,4,0.8917273283004761,0.24182352423667908,-0.04457613453269005,0.9680492877960205,856,130
29,966,5,0.8909699320793152,0.242842435836792,-0.044787630438804626,0.9760820269584656,855,131
29,966,6,0.8900436758995056,0.24410153925418854,-0.04488589987158775,0.9775547981262207,854,131
29,966,7,0.9064012169837952,0.2383636236190796,-0.07693331688642502,0.9931813478469849,870,128
29,966,8,0.8940636515617371,0.2472793608903885,0.018079081550240517,0.9643892049789429,858,133
29,966,9,0.8980047106742859,0.25791317224502563,-0.05489484593272209,0.9912102222442627,862,139
29,966,10,0.8945051431655884,0.26110807061195374,-0.02894984371960163,0.9850990772247314,858,140
29,966,11,0.9330192804336548,0.2926354706287384,-0.12464579939842224,0.9999769330024719,895,158
29,966,12,0.9043853878974915,0.3095071315765381,0.11010953038930893,0.9987861514091492,868,167
29,966,13,0.9280739426612854,0.39527568221092224,-0.1517075151205063,0.9946549534797668,890,213
29,966,14,0.9087317585945129,0.4080701768398285,0.12562166154384613,0.013316119089722633,872,220
29,966,15,0.8807350397109985,0.44337981939315796,-0.14679007232189178,0.9674851894378662,845,239
29,966,16,0.9054852724075317,0.48272189497947693,0.05201601982116699,0.01928083412349224,869,260
29,966,17,0.8673627972602844,0.46032074093818665,-0.16689689457416534,0.9520596861839294,832,248
29,966,18,0.8987037539482117,0.5058146119117737,0.04314837604761124,0.03258080035448074,862,273
29,966,19,0.8648050427436829,0.44960838556289673,-0.1599372774362564,0.9468234777450562,830,242
29,966,20,0.8985280394554138,0.5063924789428711,0.024400832131505013,0.035319335758686066,862,273
29,966,21,0.8693485856056213,0.44475939869880676,-0.14148838818073273,0.9061378240585327,834,240
29,966,22,0.8986566066741943,0.4953063428401947,0.04075850173830986,0.04125061258673668,862,267
29,966,23,0.9177455902099609,0.4928337335586548,-0.0686534196138382,0.999824047088623,881,266
29,966,24,0.8943700194358826,0.48867785930633545,0.06869243830442429,0.9995983242988586,858,263
29,966,25,0.9193485975265503,0.6288980841636658,-0.064980149269104,0.9840091466903687,882,339
29,966,26,0.8711513876914978,0.5983868837356567,-0.02211884781718254,0.8479337096214294,836,323
29,966,27,0.9701365232467651,0.699367105960846,0.08844488114118576,0.9186793565750122,931,377
29,966,28,0.866358757019043,0.7373130321502686,-0.044679027050733566,0.9135563969612122,831,398
29,966,29,0.9825361371040344,0.7032715678215027,0.1012222021818161,0.6027190685272217,943,379
29,966,30,0.874290406703949,0.7639634013175964,-0.049666427075862885,0.838560938835144,839,412
29,966,31,0.9531043767929077,0.7380232214927673,0.06233406811952591,0.8327203392982483,914,398
29,966,32,0.8313360810279846,0.7649592161178589,-0.11134977638721466,0.8843882083892822,798,413
30,1000,0,0.8871187567710876,0.2500556409358978,-0.056394774466753006,0.9835303425788879,851,135
30,1000,1,0.8890349268913269,0.23865796625614166,-0.06629160046577454,0.9712491631507874,853,128
30,1000,2,0.890548586845398,0.2375374436378479,-0.06647215038537979,0.9788638949394226,854,128
30,1000,3,0.8920765519142151,0.23728813230991364,-0.06647490710020065,0.9830188751220703,856,128
30,1000,4,0.8856815695762634,0.24195373058319092,-0.04536762461066246,0.9707701802253723,850,130
30,1000,5,0.8845834136009216,0.24334058165550232,-0.04557337984442711,0.9780649542808533,849,131
30,1000,6,0.8833240270614624,0.24466153979301453,-0.04567878693342209,0.9794077277183533,847,132
30,1000,7,0.8993038535118103,0.23781736195087433,-0.07836834341287613,0.9937933087348938,863,128
30,1000,8,0.8866598606109619,0.2473878711462021,0.01784338988363743,0.9669769406318665,851,133
30,1000,9,0.8918662667274475,0.2575231194496155,-0.05616120249032974,0.9919072389602661,856,139
30,1000,10,0.8885948061943054,0.260916143655777,-0.029850417748093605,0.9860803484916687,853,140
30,1000,11,0.9260099530220032,0.29224056005477905,-0.126084104180336,0.9999783635139465,888,157
30,1000,12,0.8959020972251892,0.30816149711608887,0.11269740760326385,0.9988365173339844,860,166
30,1000,13,0.9235804677009583,0.3922468423843384,-0.15300245583057404,0.9949309229850769,886,211
30,1000,14,0.9006018042564392,0.40438312292099,0.1307765543460846,0.012897904962301254,864,218
30,1000,15,0.8791200518608093,0.44859254360198975,-0.1492074429988861,0.9675636887550354,843,242
30,1000,16,0.8881790637969971,0.4727383255958557,0.05634831264615059,0.018388686701655388,852,255
30,1000,17,0.8672770857810974,0.46617960929870605,-0.1691722273826599,0.9511473774909973,832,251
30,1000,18,0.8856157064437866,0.49872562289237976,0.04799967631697655,0.03135879337787628,850,269
30,1000,19,0.863257110118866,0.4591253399848938,-0.1639452874660492,0.9461245536804199,828,247
30,1000,20,0.8822292685508728,0.4979071617126465,0.02898576483130455,0.033882249146699905,846,268
30,1000,21,0.8675240874290466,0.4535462260246277,-0.14472000300884247,0.9038038849830627,832,244
30,1000,22,0.8827417492866516,0.4878605604171753,0.04488407447934151,0.03947688266634941,847,263
30,1000,23,0.9087868332862854,0.49150118231773376,-0.07166887074708939,0.9998409748077393,872,265
30,1000,24,0.8863914012908936,0.48660290241241455,0.07168006151914597,0.999637246131897,850,262
30,1000,25,0.9037082195281982,0.6285678148269653,-0.09769098460674286,0.9853233695030212,867,339
30,1000,26,0.8648395538330078,0.6010414361953735,0.02775777131319046,0.8598237037658691,830,324
30,1000,27,0.9621604084968567,0.6996006965637207,0.02385556884109974,0.9255472421646118,923,377
30,1000,28,0.865827202796936,0.7377296686172485,0.03284502029418945,0.9211267828941345,831,398
30,1000,29,0.9758205413818359,0.6969352960586548,0.033590804785490036,0.6329097747802734,936,376
30,1000,30,0.8745545148849487,0.7654193043708801,0.030386775732040405,0.8518815636634827,839,413
30,1000,31,0.9585927128791809,0.7462072372436523,-0.00701452512294054,0.8472688794136047,920,402
30,1000,32,0.8300058245658875,0.7662680745124817,-0.024067921563982964,0.8946716785430908,796,413
31,1033,0,0.8847530484199524,0.24938270449638367,-0.039935581386089325,0.9849202036857605,849,134
31,1033,1,0.8872571587562561,0.23837056756019592,-0.04923354461789131,0.9737663865089417,851,128
31,1033,2,0.8889495730400085,0.23734453320503235,-0.049423594027757645,0.9807006120681763,853,128
31,1033,3,0.8906307816505432,0.23702658712863922,-0.04942011088132858,0.9844930768013,855,127
31,1033,4,0.8839966654777527,0.24141444265842438,-0.029414409771561623,0.9732608199119568,848,130
31,1033,5,0.8832235932350159,0.24268858134746552,-0.029624542221426964,0.9799013137817383,847,131
31,1033,6,0.8822620511054993,0.24407145380973816,-0.029725326225161552,0.9811423420906067,846,131
31,1033,7,0.8982927203178406,0.23658375442028046,-0.06412552297115326,0.9943380951881409,862,127
31,1033,8,0.8859085440635681,0.24708323180675507,0.02582753449678421,0.9696329832077026,850,133
31,1033,9,0.8903731107711792,0.2574431896209717,-0.04110626503825188,0.9925427436828613,854,139
31,1033,10,0.8868373036384583,0.2602671980857849,-0.01648465357720852,0.9870553612709045,851,140
31,1033,11,0.9246892333030701,0.2922106683254242,-0.10918579250574112,0.9999794363975525,887,157
31,1033,12,0.8954228758811951,0.30745333433151245,0.11785576492547989,0.9988844394683838,859,166
31,1033,13,0.9221537113189697,0.3922806680202484,-0.12990067899227142,0.9951497912406921,885,211
31,1033,14,0.8987269997596741,0.4019516706466675,0.136111781001091,0.012934592552483082,862,217
31,1033,15,0.8762018084526062,0.45140722393989563,-0.12447185069322586,0.9676595330238342,841,243
31,1033,16,0.884212851524353,0.466112345457077,0.06673090904951096,0.018320942297577858,848,251
31,1033,17,0.8661901950836182,0.4703521132469177,-0.1421036422252655,0.9506170153617859,831,253
31,1033,18,0.8821499347686768,0.4927261471748352,0.05933618173003197,0.03145957365632057,846,266
31,1033,19,0.8611389994621277,0.4641212821006775,-0.13816048204898834,0.9458065629005432,826,250
31,1033,20,0.8792517185211182,0.4916640818119049,0.041021574288606644,0.033800289034843445,844,265
31,1033,21,0.8651743531227112,0.45810559391975403,-0.12058638781309128,0.9025089740753174,830,247
31,1033,22,0.8812276721000671,0.48230794072151184,0.055696554481983185,0.039166733622550964,845,260
31,1033,23,0.909873366355896,0.4882497787475586,-0.07121147960424423,0.9998560547828674,873,263
31,1033,24,0.8856438994407654,0.48356345295906067,0.07120826840400696,0.9996720552444458,850,261
31,1033,25,0.8998900055885315,0.627236008644104,-0.1089421808719635,0.9865058660507202,863,338
31,1033,26,0.862705409526825,0.6005429625511169,0.03263535723090172,0.8681617379188538,828,324
31,1033,27,0.961205244064331,0.7000468969345093,-0.007902722805738449,0.9315714240074158,922,378
31,1033,28,0.8659154176712036,0.7379040718078613,0.04475051537156105,0.9268359541893005,831,398
31,1033,29,0.9767959713935852,0.6964582204818726,-1.0709742127801292e-05,0.6594860553741455,937,376
31,1033,30,0.8747612237930298,0.7655661106109619,0.04335534945130348,0.8616987466812134,839,413
31,1033,31,0.9562941789627075,0.7497164011001587,-0.04039095714688301,0.8602568507194519,918,404
31,1033,32,0.8301449418067932,0.7666206955909729,-0.004613449797034264,0.902869701385498,796,413
32,1066,0,0.8776180148124695,0.2538681924343109,-0.05133143439888954,0.9863151907920837,842,137
32,1066,1,0.8790957927703857,0.24128788709640503,-0.059604477137327194,0.9762493371963501,843,130
32,1066,2,0.8810573816299438,0.2394784390926361,-0.05977500230073929,0.9825196266174316,845,129
32,1066,3,0.8831186294555664,0.23774464428424835,-0.05977788195014,0.9859632253646851,847,128
32,1066,4,0.8748632669448853,0.24557898938655853,-0.04042335972189903,0.9757440090179443,839,132
32,1066,5,0.8737423419952393,0.2468205839395523,-0.04062388092279434,0.9817319512367249,838,133
32,1066,6,0.8725162148475647,0.2479708343744278,-0.04072631523013115,0.9828593730926514,837,133
32,1066,7,0.8907367587089539,0.2365930825471878,-0.06635388731956482,0.9948710203170776,855,127
32,1066,8,0.8757348656654358,0.24865813553333282,0.021825425326824188,0.9722375869750977,840,134
32,1066,9,0.8832780122756958,0.2590942084789276,-0.04897519573569298,0.9931843280792236,847,139
32,1066,10,0.8796237707138062,0.26307442784309387,-0.02500235103070736,0.9880679845809937,844,142
32,1066,11,0.9175784587860107,0.292190283536911,-0.1090722382068634,0.9999807476997375,880,157
32,1066,12,0.8859246969223022,0.30433961749076843,0.11312218010425568,0.9989237189292908,850,164
32,1066,13,0.913455605506897,0.3904056251049042,-0.12350307404994965,0.9953946471214294,876,210
32,1066,14,0.8944455981254578,0.397177129983902,0.13488076627254486,0.012959104962646961,858,214
32,1066,15,0.8732261657714844,0.45613110065460205,-0.11487159132957458,0.9687792658805847,838,246
32,1066,16,0.8838772177696228,0.46223363280296326,0.07069750130176544,0.017718488350510597,848,249
32,1066,17,0.865570068359375,0.4760326147079468,-0.13233345746994019,0.9514455199241638,830,257
32,1066,18,0.8829044103622437,0.4876265227794647,0.06355465203523636,0.0304584801197052,847,263
32,1066,19,0.8596022129058838,0.4713080823421478,-0.12998230755329132,0.9469829201698303,825,254
32,1066,20,0.8799359202384949,0.4882572293281555,0.04533989727497101,0.032630812376737595,844,263
32,1066,21,0.862377405166626,0.46445637941360474,-0.11160963028669357,0.9041178822517395,827,250
32,1066,22,0.8818031549453735,0.4791167080402374,0.059799011796712875,0.03774910047650337,846,258
32,1066,23,0.9024314880371094,0.48338064551353455,-0.07104936987161636,0.9998693466186523,866,261
32,1066,24,0.878087043762207,0.4769420027732849,0.07103759795427322,0.9997025728225708,842,257
32,1066,25,0.8880871534347534,0.6193791627883911,-0.09616381675004959,0.9872109293937683,852,334
32,1066,26,0.8606361150741577,0.6025838255882263,0.03568991646170616,0.8725188374519348,826,325
32,1066,27,0.9405944347381592,0.7009950280189514,0.007198934443295002,0.9354165196418762,902,378
32,1066,28,0.864971935749054,0.7379540205001831,0.04679849371314049,0.9301164150238037,830,398
32,1066,29,0.9532790780067444,0.6995843052864075,0.014924809336662292,0.6764491200447083,915,377
32,1066,30,0.8745625019073486,0.7669497728347778,0.04517070949077606,0.8674951195716858,839,414
32,1066,31,0.9333347082138062,0.7507324814796448,-0.02793179824948311,0.8697404265403748,896,405
32,1066,32,0.8296025395393372,0.767295241355896,-0.003803400555625558,0.9084901213645935,796,414
33,1100,0,0.875001072883606,0.25501111149787903,-0.04992000386118889,0.9875250458717346,840,137
33,1100,1,0.8769035339355469,0.2419762760400772,-0.059540919959545135,0.9784226417541504,841,130
33,1100,2,0.878905713558197,0.24012312293052673,-0.059711381793022156,0.9841145873069763,843,129
33,1100,3,0.8808656334877014,0.23837457597255707,-0.0597124844789505,0.9872481226921082,845,128
33,1100,4,0.8731375932693481,0.2460133582353592,-0.03917419910430908,0.9779022336006165,838,132
33,1100,5,0.8724221587181091,0.24712412059307098,-0.039371199905872345,0.9833312630653381,837,133
33,1100,6,0.8716057538986206,0.24881614744663239,-0.03947770968079567,0.9843579530715942,836,134
33,1100,7,0.8891333937644958,0.236591637134552,-0.07240059971809387,0.9953410029411316,853,127
33,1100,8,0.8761478662490845,0.24851299822330475,0.021400613710284233,0.9745275378227234,841,134
33,1100,9,0.8815298080444336,0.2601485848426819,-0.04991554841399193,0.9937427043914795,846,140
33,1100,10,0.8777055740356445,0.2642597258090973,-0.02433362603187561,0.9889516830444336,842,142
33,1100,11,0.9149598479270935,0.29215678572654724,-0.11565800756216049,0.9999818205833435,878,157
33,1100,12,0.8851352334022522,0.3032419979572296,0.11321786791086197,0.9989627003669739,849,163
33,1100,13,0.910228431224823,0.3905271589756012,-0.12923671305179596,0.9956337213516235,873,210
33,1100,14,0.8924217820167542,0.39378878474235535,0.13592921197414398,0.013075304217636585,856,212
33,1100,15,0.8708727955818176,0.4584895074367523,-0.11832228302955627,0.9700209498405457,836,247
33,1100,16,0.8791273236274719,0.4627322852611542,0.07049722969532013,0.017635492607951164,843,249
33,1100,17,0.8627017736434937,0.480556845664978,-0.13625338673591614,0.9525736570358276,828,259
33,1100,18,0.8767632246017456,0.48653608560562134,0.06350638717412949,0.030401283875107765,841,262
33,1100,19,0.8567759394645691,0.4748521149158478,-0.13417798280715942,0.9484095573425293,822,256
33,1100,20,0.8747293949127197,0.48678889870643616,0.04489441215991974,0.0325077585875988,839,262
33,1100,21,0.8594507575035095,0.46716082096099854,-0.11210475116968155,0.9059238433837891,825,252
33,1100,22,0.8767746686935425,0.4780062735080719,0.05952795222401619,0.037404999136924744,841,258
33,1100,23,0.9021469950675964,0.4791954755783081,-0.07196126878261566,0.9998804330825806,866,258
33,1100,24,0.8789834380149841,0.4748130440711975,0.07194099575281143,0.999728262424469,843,256
33,1100,25,0.8864444494247437,0.6154402494430542,-0.10019662976264954,0.9878801703453064,850,332
33,1100,26,0.862919270992279,0.6040279865264893,0.05252297595143318,0.8733169436454773,828,326
33,1100,27,0.9391875863075256,0.701592743396759,-0.0066794706508517265,0.9394428730010986,901,378
33,1100,28,0.8649412393569946,0.7380461692810059,0.06914693862199783,0.9328034520149231,830,398
33,1100,29,0.9498510956764221,0.7009679675102234,-0.0002850168675649911,0.6947861313819885,911,378
33,1100,30,0.8735641837120056,0.7671561241149902,0.06782443821430206,0.8727395534515381,838,414
33,1100,31,0.9295448064804077,0.7544118762016296,-0.04941554740071297,0.8791399598121643,892,407
33,1100,32,0.8293329477310181,0.767096757888794,0.015928097069263458,0.9135016202926636,796,414
34,1133,0,0.8698657751083374,0.2509748339653015,-0.05846390873193741,0.9886754155158997,835,135
34,1133,1,0.8715164065361023,0.23671387135982513,-0.06508833169937134,0.9804481863975525,836,127
34,1133,2,0.8734968900680542,0.23431505262851715,-0.06524316221475601,0.9855931401252747,838,126
34,1133,3,0.8755447864532471,0.2317499965429306,-0.06525030732154846,0.9884435534477234,840,125
34,1133,4,0.8667116165161133,0.24230951070785522,-0.045689936727285385,0.9799466133117676,832,130
34,1133,5,0.8652500510215759,0.24377574026584625,-0.045876991003751755,0.9848313331604004,830,131
34,1133,6,0.8636850714683533,0.24521981179714203,-0.04598228260874748,0.9857698082923889,829,132
34,1133,7,0.8822824358940125,0.23105768859386444,-0.06768817454576492,0.995769202709198,846,124
34,1133,8,0.865866482257843,0.24548545479774475,0.022509140893816948,0.9766321182250977,831,132
34,1133,9,0.8754130601882935,0.25499680638313293,-0.054465774446725845,0.9942708611488342,840,137
34,1133,10,0.8708659410476685,0.2606790363788605,-0.03011060506105423,0.9897894263267517,836,140
34,1133,11,0.9087896347045898,0.28818652033805847,-0.11507641524076462,0.9999827742576599,872,155
34,1133,12,0.8757728338241577,0.3022758662700653,0.11541039496660233,0.9989823698997498,840,163
34,1133,13,0.9058541059494019,0.3871971666812897,-0.130604088306427,0.9955700039863586,869,209
34,1133,14,0.8808022141456604,0.39077964425086975,0.1363801509141922,0.012725381180644035,845,211
34,1133,15,0.8674057126045227,0.4607105255126953,-0.12130246311426163,0.9687411785125732,832,248
34,1133,16,0.8654411435127258,0.4574485421180725,0.05778614431619644,0.017572320997714996,830,247
34,1133,17,0.8609398603439331,0.48341691493988037,-0.13938769698143005,0.9491903185844421,826,261
34,1133,18,0.8616874814033508,0.4809693396091461,0.04899323731660843,0.030451027676463127,827,259
34,1133,19,0.8553140163421631,0.4795469641685486,-0.14246852695941925,0.9453586339950562,821,258
34,1133,20,0.8584040999412537,0.4779477119445801,0.02995644137263298,0.03243190050125122,824,258
34,1133,21,0.8575073480606079,0.4714463949203491,-0.11926562339067459,0.900738000869751,823,254
34,1133,22,0.8593765497207642,0.4679984152317047,0.04632727801799774,0.03708253800868988,825,252
34,1133,23,0.8961797952651978,0.469974160194397,-0.0743761882185936,0.9998900294303894,860,253
34,1133,24,0.8748419880867004,0.4697231352329254,0.07433932274580002,0.9997506141662598,839,253
34,1133,25,0.8719398975372314,0.6080496907234192,-0.11147180199623108,0.9880512356758118,837,328
34,1133,26,0.8605611324310303,0.6035881042480469,0.05729592218995094,0.860897421836853,826,325
34,1133,27,0.9201311469078064,0.7067055106163025,-0.047882262617349625,0.9432131052017212,883,381
34,1133,28,0.865032970905304,0.7384964227676392,0.08177312463521957,0.931287944316864,830,398
34,1133,29,0.9349085092544556,0.70950847864151,-0.04476509988307953,0.7109743356704712,897,383
34,1133,30,0.87459796667099,0.767146646976471,0.08139976859092712,0.8720357418060303,839,414
34,1133,31,0.905604362487793,0.7651848793029785,-0.10317376255989075,0.8881163001060486,869,413
34,1133,32,0.8294453024864197,0.7673495411872864,0.030982712283730507,0.914919912815094,796,414
35,1166,0,0.8673269152641296,0.24813193082809448,-0.05004148557782173,0.9896071553230286,832,133
35,1166,1,0.8688961863517761,0.23332957923412323,-0.05758149176836014,0.982136070728302,834,125
35,1166,2,0.8706904053688049,0.2311057597398758,-0.05775199830532074,0.9868218898773193,835,124
35,1166,3,0.8724298477172852,0.22870731353759766,-0.05775384232401848,0.9894357919692993,837,123
35,1166,4,0.8653348088264465,0.23927386105060577,-0.038307446986436844,0.9816486835479736,830,129
35,1166,5,0.8644995093345642,0.24101994931697845,-0.038505975157022476,0.9860835671424866,829,130
35,1166,6,0.8635536432266235,0.24251843988895416,-0.03860799968242645,0.9869601726531982,829,130
35,1166,7,0.8797048926353455,0.22887437045574188,-0.0652637854218483,0.9961307048797607,844,123
35,1166,8,0.8671489357948303,0.24296434223651886,0.0251599233597517,0.9784621000289917,832,131
35,1166,9,0.8732472658157349,0.25201860070228577,-0.04800032451748848,0.9947044253349304,838,136
35,1166,10,0.8691919445991516,0.25872358679771423,-0.02390221320092678,0.9904683828353882,834,139
35,1166,11,0.90523362159729,0.2862869203090668,-0.11419454216957092,0.9999833106994629,869,154
35,1166,12,0.8757252097129822,0.30123886466026306,0.11658091098070145,0.9989951848983765,840,162
35,1166,13,0.9048852920532227,0.3861483931541443,-0.13559512794017792,0.9956640005111694,868,208
35,1166,14,0.882729709148407,0.3901289999485016,0.14451280236244202,0.012974124401807785,847,210
35,1166,15,0.8671107888221741,0.46131840348243713,-0.12909987568855286,0.9680417776107788,832,249
35,1166,16,0.8684436678886414,0.4579123556613922,0.07318421453237534,0.018321046605706215,833,247
35,1166,17,0.8604735732078552,0.48601752519607544,-0.14717508852481842,0.9469811916351318,826,262
35,1166,18,0.8644720315933228,0.4812837839126587,0.06640953570604324,0.03156241029500961,829,259
35,1166,19,0.854215681552887,0.4806342124938965,-0.1476045548915863,0.9432530403137207,820,259
35,1166,20,0.861278235912323,0.4791187345981598,0.046252138912677765,0.03348374739289284,826,258
35,1166,21,0.8565580248832703,0.47269999980926514,-0.12665514647960663,0.8970692753791809,822,255
35,1166,22,0.8615161776542664,0.46817001700401306,0.06156420707702637,0.038039982318878174,827,252
35,1166,23,0.8953627943992615,0.46605467796325684,-0.07598022371530533,0.9998984336853027,859,251
35,1166,24,0.8736841678619385,0.46842196583747864,0.07594765722751617,0.9997702240943909,838,252
35,1166,25,0.8702356815338135,0.6061261296272278,-0.11881577968597412,0.9887123703956604,835,327
35,1166,26,0.8587811589241028,0.6032343506813049,0.05685662850737572,0.8578986525535583,824,325
35,1166,27,0.9191663861274719,0.7091581225395203,-0.04993539676070213,0.9476163387298584,882,382
35,1166,28,0.8650286197662354,0.7388406991958618,0.08523392677307129,0.9325583577156067,830,398
35,1166,29,0.9346631765365601,0.7131292819976807,-0.04598920792341232,0.7303533554077148,897,385
35,1166,30,0.8746367692947388,0.7671282291412354,0.08528883010149002,0.8749054670333862,839,414
35,1166,31,0.9055673480033875,0.7720693349838257,-0.10378798097372055,0.8973432183265686,869,416
35,1166,32,0.8294609785079956,0.767531156539917,0.0346226692199707,0.9182538390159607,796,414
36,1200,0,0.8593237996101379,0.24808979034423828,-0.08499957621097565,0.9905383586883545,824,133
36,1200,1,0.8608410954475403,0.23368987441062927,-0.09357351809740067,0.9837919473648071,826,126
36,1200,2,0.8625228404998779,0.23119927942752838,-0.09375933557748795,0.9880419969558716,828,124
36,1200,3,0.8643187880516052,0.22875329852104187,-0.09374881535768509,0.9904203414916992,829,123
36,1200,4,0.8572027087211609,0.239305317401886,-0.0736573189496994,0.9832913279533386,822,129
36,1200,5,0.8562713265419006,0.24097906053066254,-0.0738627165555954,0.9873040914535522,822,130
36,1200,6,0.8552321195602417,0.24248747527599335,-0.07397130131721497,0.9880944490432739,821,130
36,1200,7,0.8717281818389893,0.2290421575307846,-0.10006284713745117,0.9964860081672668,836,123
36,1200,8,0.8586292862892151,0.24228346347808838,-0.008417502045631409,0.9801846742630005,824,130
36,1200,9,0.8649952411651611,0.2520486116409302,-0.08254607766866684,0.9951422214508057,830,136
36,1200,10,0.8609732985496521,0.25788167119026184,-0.057649776339530945,0.9911655187606812,826,139
36,1200,11,0.9012667536735535,0.2845010459423065,-0.13469403982162476,0.9999839067459106,865,153
36,1200,12,0.8670511245727539,0.2937140166759491,0.0860089361667633,0.999028742313385,832,158
36,1200,13,0.899570643901825,0.38425907492637634,-0.15381190180778503,0.9956194162368774,863,207
36,1200,14,0.8674052357673645,0.3813403248786926,0.10207327455282211,0.01287760678678751,832,205
36,1200,15,0.864935040473938,0.4615015685558319,-0.15428426861763,0.9678481817245483,830,249
36,1200,16,0.8526965975761414,0.44958314299583435,0.029849546030163765,0.017772294580936432,818,242
36,1200,17,0.858646810054779,0.4860123097896576,-0.1743466854095459,0.9464274644851685,824,262
36,1200,18,0.8501172661781311,0.47270047664642334,0.02127976343035698,0.030806686729192734,816,255
36,1200,19,0.8525134921073914,0.4820234477519989,-0.17463475465774536,0.9431934952735901,818,260
36,1200,20,0.846946656703949,0.4713246524333954,0.002496745204553008,0.03275969997048378,813,254
36,1200,21,0.8540090322494507,0.4741825759410858,-0.15251858532428741,0.8973051309585571,819,256
36,1200,22,0.8490076065063477,0.4614299237728119,0.018725108355283737,0.03702039271593094,815,249
36,1200,23,0.8832000494003296,0.46593961119651794,-0.07326016575098038,0.9999043941497803,847,251
36,1200,24,0.8633726835250854,0.463884562253952,0.0732169896364212,0.9997855424880981,828,250
36,1200,25,0.8567711710929871,0.6010593771934509,-0.10843571275472641,0.9875614643096924,822,324
36,1200,26,0.8550458550453186,0.6000509262084961,0.05594094097614288,0.850331723690033,820,324
36,1200,27,0.8914373517036438,0.6998643279075623,0.020233239978551865,0.9402874708175659,855,377
36,1200,28,0.864902675151825,0.7315824627876282,0.07795561105012894,0.9278916716575623,830,395
36,1200,29,0.9015396237373352,0.7026740908622742,0.031461313366889954,0.7250590920448303,865,379
36,1200,30,0.873892605304718,0.7594379782676697,0.07753625512123108,0.8684540390968323,838,410
36,1200,31,0.8805052042007446,0.7438691854476929,-5.571351357502863e-05,0.8937872052192688,845,401
36,1200,32,0.8324878811836243,0.7670058012008667,0.03164491802453995,0.9161167740821838,799,414
37,1233,0,0.8572210073471069,0.24804659187793732,-0.0893920287489891,0.9912928342819214,822,133
37,1233,1,0.8592376708984375,0.23377719521522522,-0.09791727364063263,0.9851598739624023,824,126
37,1233,2,0.8609899878501892,0.23137341439723969,-0.09808986634016037,0.9890372157096863,826,124
37,1233,3,0.8626626133918762,0.2290484458208084,-0.09808213263750076,0.991231381893158,828,123
37,1233,4,0.8558018803596497,0.23903557658195496,-0.0788128525018692,0.9846292734146118,821,129
37,1233,5,0.8551502823829651,0.24051745235919952,-0.07901203632354736,0.9882696866989136,820,129
37,1233,6,0.8543422222137451,0.2423061579465866,-0.07912836968898773,0.9890024065971375,820,130
37,1233,7,0.8699646592140198,0.2291518896818161,-0.10547075420618057,0.996768057346344,835,123
37,1233,8,0.8587053418159485,0.2413652539253235,-0.017444461584091187,0.9814738035202026,824,130
37,1233,9,0.8632949590682983,0.2520991563796997,-0.08735533803701401,0.9954327940940857,828,136
37,1233,10,0.8597410917282104,0.2576958239078522,-0.06340280920267105,0.991559624671936,825,139
37,1233,11,0.89813232421875,0.2835792303085327,-0.1394517570734024,0.9999841451644897,862,153
37,1233,12,0.8673093318939209,0.2917103171348572,0.07550819963216782,0.9990364909172058,832,157
37,1233,13,0.8974599838256836,0.3845607340335846,-0.16049376130104065,0.9954333305358887,861,207
37,1233,14,0.8679201602935791,0.3818665146827698,0.09761307388544083,0.012473955750465393,833,206
37,1233,15,0.8646806478500366,0.4634827971458435,-0.16155196726322174,0.9670167565345764,830,250
37,1233,16,0.8562654852867126,0.4518403708934784,0.03894343227148056,0.01716960221529007,822,243
37,1233,17,0.8586480617523193,0.486980140209198,-0.1807814985513687,0.9443701505661011,824,262
37,1233,18,0.8526266813278198,0.4744095504283905,0.03245898708701134,0.029719866812229156,818,256
37,1233,19,0.8528038859367371,0.4842616319656372,-0.18046261370182037,0.9414879083633423,818,261
37,1233,20,0.8481313586235046,0.4732477068901062,0.013998058624565601,0.03158147260546684,814,255
37,1233,21,0.8540401458740234,0.4759540259838104,-0.15969090163707733,0.894551157951355,819,257
37,1233,22,0.8489974141120911,0.4641294777393341,0.028412137180566788,0.03554017096757889,815,250
37,1233,23,0.8842886686325073,0.46544012427330017,-0.07315926998853683,0.9999092221260071,848,251
37,1233,24,0.864943265914917,0.46314147114753723,0.0731184259057045,0.9997976422309875,830,250
37,1233,25,0.8568934202194214,0.5981908440589905,-0.1045156791806221,0.9842968583106995,822,323
37,1233,26,0.8549445271492004,0.5969343781471252,0.06020847335457802,0.8143982291221619,820,322
37,1233,27,0.8883537650108337,0.7005625367164612,0.016785306856036186,0.9319146871566772,852,378
37,1233,28,0.8658084273338318,0.7254867553710938,0.08992206305265427,0.9059383273124695,831,391
37,1233,29,0.8984347581863403,0.7060007452964783,0.026445627212524414,0.7182695269584656,862,381
37,1233,30,0.8739217519760132,0.7536259293556213,0.09050165861845016,0.8500128984451294,838,406
37,1233,31,0.8704052567481995,0.7443318367004395,-0.015701105818152428,0.8876283764839172,835,401
37,1233,32,0.8334826827049255,0.7640268802642822,0.050752367824316025,0.8999517560005188,800,412
38,1266,0,0.8519192934036255,0.2435014545917511,-0.11427701264619827,0.9917411804199219,817,131
38,1266,1,0.8535604476928711,0.23025351762771606,-0.12475194782018661,0.986064612865448,819,124
38,1266,2,0.8548303842544556,0.22842304408550262,-0.12491966038942337,0.9896156191825867,820,123
38,1266,3,0.8561150431632996,0.2265927493572235,-0.12490139156579971,0.9917325377464294,821,122
38,1266,4,0.85081946849823,0.2337203174829483,-0.1070842295885086,0.9856112003326416,816,126
38,1266,5,0.8500733971595764,0.23441655933856964,-0.10727562010288239,0.988927960395813,816,126
38,1266,6,0.8492105603218079,0.2350820153951645,-0.10738790035247803,0.9896756410598755,815,126
38,1266,7,0.8625845313072205,0.22618837654590607,-0.13773448765277863,0.9968945980072021,828,122
38,1266,8,0.85273277759552,0.23641325533390045,-0.056377112865448,0.9825560450553894,818,127
38,1266,9,0.8568723201751709,0.2496528923511505,-0.11397989839315414,0.9956290125846863,822,134
38,1266,10,0.8543737530708313,0.2535593509674072,-0.09185290336608887,0.9919481873512268,820,136
38,1266,11,0.8902073502540588,0.28335005044937134,-0.16764792799949646,0.9999836683273315,854,153
38,1266,12,0.8575289845466614,0.29283034801483154,0.02961684577167034,0.999069333076477,823,158
38,1266,13,0.8887690901756287,0.38470280170440674,-0.19475527107715607,0.9948298931121826,853,207
38,1266,14,0.8549834489822388,0.3897552490234375,0.0582759827375412,0.014290973544120789,820,210
38,1266,15,0.8635738492012024,0.4697105586528778,-0.20579227805137634,0.9661251306533813,829,253
38,1266,16,0.8367980122566223,0.46431005001068115,0.011647764593362808,0.028729960322380066,803,250
38,1266,17,0.8591088652610779,0.4981236159801483,-0.22528955340385437,0.9426133036613464,824,268
38,1266,18,0.8329694867134094,0.48864492774009705,0.003899954492226243,0.04369467496871948,799,263
38,1266,19,0.8533211946487427,0.4972016513347626,-0.23024290800094604,0.940349817276001,819,268
38,1266,20,0.8313955068588257,0.4895140528678894,-0.016849305480718613,0.046986211091279984,798,264
38,1266,21,0.8537607192993164,0.48815035820007324,-0.20632365345954895,0.8933690786361694,819,263
38,1266,22,0.8339522480964661,0.47851014137268066,0.000642981962300837,0.04874330386519432,800,258
38,1266,23,0.8699519634246826,0.4665035307407379,-0.0699288472533226,0.9998996257781982,835,251
38,1266,24,0.8531425595283508,0.4637969136238098,0.06989660859107971,0.9997831583023071,819,250
38,1266,25,0.8515797257423401,0.5984458923339844,-0.0677659660577774,0.9643127918243408,817,323
38,1266,26,0.8426923155784607,0.5964540839195251,0.0678751990199089,0.7428765892982483,808,322
38,1266,27,0.867937445640564,0.7342795729637146,-0.011801785789430141,0.9221556186676025,833,396
38,1266,28,0.8653923273086548,0.7263606786727905,0.10057422518730164,0.8379364609718323,830,392
38,1266,29,0.8770610094070435,0.7599459290504456,-0.01138436608016491,0.7100261449813843,841,410
38,1266,30,0.8739340901374817,0.754991888999939,0.10103795677423477,0.7966272830963135,838,407
38,1266,31,0.8323972821235657,0.7577016949653625,-0.07864604145288467,0.88087397813797,799,409
38,1266,32,0.8332915902137756,0.7638947367668152,0.0539119653403759,0.845939040184021,799,412
39,1300,0,0.8485426306724548,0.24294202029705048,-0.10055433213710785,0.9922270774841309,814,131
39,1300,1,0.8503113985061646,0.23003578186035156,-0.11121825128793716,0.9869932532310486,816,124
39,1300,2,0.851439893245697,0.22843186557292938,-0.11138216406106949,0.9902369379997253,817,123
39,1300,3,0.8523775935173035,0.22685770690441132,-0.11135189980268478,0.9922428131103516,818,122
39,1300,4,0.8482073545455933,0.23263129591941833,-0.09325697273015976,0.9866417050361633,814,125
39,1300,5,0.847835123538971,0.2328963428735733,-0.09345288574695587,0.9896777272224426,813,125
39,1300,6,0.8472777605056763,0.23307350277900696,-0.09356505423784256,0.9904133081436157,813,125
39,1300,7,0.859991729259491,0.22546662390232086,-0.12704011797904968,0.9970402717590332,825,121
39,1300,8,0.8515433073043823,0.2340863198041916,-0.04440077766776085,0.983796238899231,817,126
39,1300,9,0.8537324070930481,0.24949388206005096,-0.10146762430667877,0.9958293437957764,819,134
39,1300,10,0.8507170081138611,0.25285935401916504,-0.07897093892097473,0.9923810958862305,816,136
39,1300,11,0.88649582862854,0.28287753462791443,-0.1582110971212387,0.9999833106994629,851,152
39,1300,12,0.8559666275978088,0.29357394576072693,0.038062408566474915,0.9990979433059692,821,158
39,1300,13,0.8864586353302002,0.384352445602417,-0.1839011311531067,0.9944895505905151,851,207
39,1300,14,0.8521412014961243,0.390529066324234,0.06614575535058975,0.015535352751612663,818,210
39,1300,15,0.8616260290145874,0.4735453426837921,-0.19265776872634888,0.9663216471672058,827,255
39,1300,16,0.8353983163833618,0.46493566036224365,0.018209759145975113,0.03947573900222778,801,251
39,1300,17,0.8587877154350281,0.5039631128311157,-0.2110004425048828,0.9427674412727356,824,272
39,1300,18,0.8297938108444214,0.4917168617248535,0.010849631391465664,0.056963223963975906,796,265
39,1300,19,0.8505476713180542,0.5004556775093079,-0.21526828408241272,0.9408955574035645,816,270
39,1300,20,0.8276506066322327,0.49232590198516846,-0.00967577937990427,0.06154654175043106,794,265
39,1300,21,0.8504756689071655,0.4900675415992737,-0.19277235865592957,0.894602358341217,816,264
39,1300,22,0.830215334892273,0.48036596179008484,0.007288706488907337,0.06110769137740135,797,259
39,1300,23,0.8692936301231384,0.46719610691070557,-0.06732893735170364,0.9998873472213745,834,252
39,1300,24,0.8527359366416931,0.46431782841682434,0.06730691343545914,0.9997612237930298,818,250
39,1300,25,0.8507174253463745,0.5995160341262817,-0.057822152972221375,0.9503521919250488,816,323
39,1300,26,0.8422691226005554,0.5965132117271423,0.06189940497279167,0.6771750450134277,808,322
39,1300,27,0.8658010959625244,0.739008903503418,-0.024830782786011696,0.9173688888549805,831,399
39,1300,28,0.8646120429039001,0.7270928025245667,0.08775592595338821,0.7748616933822632,830,392
39,1300,29,0.87476646900177,0.76707524061203,-0.0263083353638649,0.7100270390510559,839,414
39,1300,30,0.8733373880386353,0.7557694315910339,0.08749225735664368,0.7465842962265015,838,408
39,1300,31,0.8291199803352356,0.7654853463172913,-0.09392224997282028,0.8796619176864624,795,413
39,1300,32,0.8330859541893005,0.7639448642730713,0.03972293809056282,0.7974878549575806,799,412
40,1333,0,0.8452596664428711,0.24480803310871124,-0.11604149639606476,0.9927786588668823,811,132
40,1333,1,0.8471294641494751,0.231068953871727,-0.12113913893699646,0.9879945516586304,813,124
40,1333,2,0.8490797877311707,0.22933894395828247,-0.1213269755244255,0.990988552570343,815,123
40,1333,3,0.8509793877601624,0.22762799263000488,-0.12132441997528076,0.9928445219993591,816,122
40,1333,4,0.8424571752548218,0.23534396290779114,-0.1053721085190773,0.9876076579093933,808,127
40,1333,5,0.840926468372345,0.23596282303333282,-0.10557477176189423,0.9903880953788757,807,127
40,1333,6,0.8392230868339539,0.23638708889484406,-0.10569702088832855,0.9910450577735901,805,127
40,1333,7,0.8569802641868591,0.22561080753803253,-0.11423791199922562,0.997264564037323,822,121
40,1333,8,0.8406732678413391,0.23675893247127533,-0.03894936665892601,0.9847807884216309,807,127
40,1333,9,0.850663959980011,0.2500455379486084,-0.10804755985736847,0.9961262345314026,816,135
40,1333,10,0.8460554480552673,0.2543136775493622,-0.08824370801448822,0.992860734462738,812,137
40,1333,11,0.8861438632011414,0.28301143646240234,-0.14119893312454224,0.9999837279319763,850,152
40,1333,12,0.8447092175483704,0.29748037457466125,0.04735613986849785,0.999133288860321,810,160
40,1333,13,0.8844994902610779,0.3847411274909973,-0.17244942486286163,0.994438111782074,849,207
40,1333,14,0.8378326296806335,0.39118489623069763,0.06837127357721329,0.022673053666949272,804,211
40,1333,15,0.8647621870040894,0.4824677109718323,-0.19600778818130493,0.9685128331184387,830,260
40,1333,16,0.8226286768913269,0.4649149179458618,0.0063470168970525265,0.05761035159230232,789,251
40,1333,17,0.8682928085327148,0.5148488879203796,-0.2179836481809616,0.9464752078056335,833,278
40,1333,18,0.8165454864501953,0.4914717376232147,-0.00336961611174047,0.07891702651977539,783,265
40,1333,19,0.8583279848098755,0.5139632821083069,-0.22572112083435059,0.9449396729469299,823,277
40,1333,20,0.8159131407737732,0.4919312596321106,-0.024383220821619034,0.08541577309370041,783,265
40,1333,21,0.855032742023468,0.5027824640274048,-0.1983984261751175,0.901975691318512,820,271
40,1333,22,0.8185936808586121,0.48090216517448425,-0.00499386340379715,0.0843578651547432,785,259
40,1333,23,0.8637913465499878,0.46848389506340027,-0.05963025614619255,0.9998915791511536,829,252
40,1333,24,0.8437109589576721,0.46740907430648804,0.05957702174782753,0.9997746348381042,809,252
40,1333,25,0.8353307843208313,0.5957494378089905,-0.0668627992272377,0.951522707939148,801,321
40,1333,26,0.8400231003761292,0.5953873991966248,0.0418831966817379,0.694597601890564,806,321
40,1333,27,0.8463231921195984,0.6990793943405151,0.04398385062813759,0.9129799008369446,812,377
40,1333,28,0.8545117974281311,0.727180004119873,0.07856982201337814,0.7865931987762451,820,392
40,1333,29,0.8551359176635742,0.7143104672431946,0.05418305844068527,0.7060078978538513,820,385
40,1333,30,0.86520916223526,0.75377357006073,0.08107195794582367,0.7529546022415161,830,407
40,1333,31,0.8193344473838806,0.7263510227203369,0.013236824423074722,0.8773238658905029,786,392
40,1333,32,0.8268213868141174,0.7639836072921753,0.03837237507104874,0.8076867461204529,793,412
41,1366,0,0.8444440364837646,0.24476219713687897,-0.09886958450078964,0.9933424592018127,810,132
41,1366,1,0.8464637398719788,0.23117613792419434,-0.10539805889129639,0.988939642906189,812,124
41,1366,2,0.8488434553146362,0.2294066846370697,-0.10557783395051956,0.9916725754737854,814,123
41,1366,3,0.8510595560073853,0.22768190503120422,-0.1055709570646286,0.9933924078941345,817,122
41,1366,4,0.8409719467163086,0.23540031909942627,-0.08871202915906906,0.9885995388031006,807,127
41,1366,5,0.8392696976661682,0.23603670299053192,-0.08891322463750839,0.9911222457885742,805,127
41,1366,6,0.8375041484832764,0.23652778565883636,-0.0890306755900383,0.9917353987693787,804,127
41,1366,7,0.8569076657295227,0.22503741085529327,-0.09854760766029358,0.9974393844604492,822,121
41,1366,8,0.8393279314041138,0.2367992401123047,-0.0267671886831522,0.9858701825141907,805,127
41,1366,9,0.8502099514007568,0.24969106912612915,-0.09415117651224136,0.9963642954826355,816,134
41,1366,10,0.8449077010154724,0.25429201126098633,-0.0729767307639122,0.9932721257209778,811,137
41,1366,11,0.8866146206855774,0.2830755114555359,-0.11349542438983917,0.9999839663505554,851,152
41,1366,12,0.842487633228302,0.29852625727653503,0.05622531473636627,0.999162495136261,808,161
41,1366,13,0.8839576840400696,0.384827196598053,-0.1377873569726944,0.993493378162384,848,207
41,1366,14,0.8340755105018616,0.3912186920642853,0.07651815563440323,0.025026079267263412,800,211
41,1366,15,0.8660080432891846,0.48210421204566956,-0.17654816806316376,0.9674858450889587,831,260
41,1366,16,0.8218597173690796,0.4643368124961853,0.016082512214779854,0.06845830380916595,788,250
41,1366,17,0.8702180981636047,0.5141445398330688,-0.1952877789735794,0.9455034136772156,835,277
41,1366,18,0.818279504776001,0.49122437834739685,0.006400550249963999,0.09343113005161285,785,265
41,1366,19,0.8601399660110474,0.5123076438903809,-0.2212359458208084,0.9446808695793152,825,276
41,1366,20,0.8157130479812622,0.4915904998779297,-0.012790551409125328,0.10084998607635498,783,265
41,1366,21,0.856562077999115,0.5009414553642273,-0.18721558153629303,0.9028609991073608,822,270
41,1366,22,0.8196994662284851,0.4806951582431793,0.005540758837014437,0.09812096506357193,786,259
41,1366,23,0.8631327152252197,0.46919339895248413,-0.05960635468363762,0.9998876452445984,828,253
41,1366,24,0.8425287008285522,0.46861904859542847,0.05956010892987251,0.9997696876525879,808,253
41,1366,25,0.8325691223144531,0.5970883965492249,-0.06540560722351074,0.9402284026145935,799,322
41,1366,26,0.8393613696098328,0.5954160094261169,0.046101607382297516,0.6455973386764526,805,321
41,1366,27,0.8495275974273682,0.7230851650238037,-0.023951541632413864,0.9104507565498352,815,390
41,1366,28,0.8532555103302002,0.7277957201004028,0.07881723344326019,0.7470818161964417,819,393
41,1366,29,0.8632268309593201,0.7519923448562622,-0.024654680863022804,0.7051241397857666,828,406
41,1366,30,0.8654870390892029,0.7543764114379883,0.07990169525146484,0.7188916206359863,830,407
41,1366,31,0.816173255443573,0.764469563961029,-0.08989647775888443,0.8784011602401733,783,412
41,1366,32,0.8254259824752808,0.7656522393226624,0.034905824810266495,0.7815463542938232,792,413
42,1400,0,0.837187647819519,0.24453918635845184,-0.09622080624103546,0.9939869046211243,803,132
42,1400,1,0.839024543762207,0.23098872601985931,-0.1009051576256752,0.9900152087211609,805,124
42,1400,2,0.8412386775016785,0.22912870347499847,-0.10106682032346725,0.9924802184104919,807,123
42,1400,3,0.8434075713157654,0.22702787816524506,-0.10104456543922424,0.9940308332443237,809,122
42,1400,4,0.8338536620140076,0.23521795868873596,-0.08523352444171906,0.9897148609161377,800,127
42,1400,5,0.8321213126182556,0.23589466512203217,-0.0854416936635971,0.991989016532898,798,127
42,1400,6,0.8302481174468994,0.23643870651721954,-0.08555677533149719,0.992542028427124,797,127
42,1400,7,0.8496690392494202,0.22440314292907715,-0.09151254594326019,0.997682511806488,815,121
42,1400,8,0.8320640325546265,0.23663242161273956,-0.022037943825125694,0.987247109413147,798,127
42,1400,9,0.8428542017936707,0.24961420893669128,-0.08962523937225342,0.9967018365859985,809,134
42,1400,10,0.8376345038414001,0.2539534270763397,-0.06985124200582504,0.9939019680023193,804,137
42,1400,11,0.8795021176338196,0.284984827041626,-0.10591626167297363,0.9999844431877136,844,153
42,1400,12,0.8351500034332275,0.2989206612110138,0.05996554717421532,0.9992260932922363,801,161
42,1400,13,0.8787308931350708,0.38740357756614685,-0.1330653727054596,0.9935582876205444,843,209
42,1400,14,0.8264150023460388,0.3912501931190491,0.0835469663143158,0.037033550441265106,793,211
42,1400,15,0.8687896728515625,0.48470667004585266,-0.17357483506202698,0.9690759778022766,834,261
42,1400,16,0.8093386888504028,0.46211814880371094,0.023789001628756523,0.12740187346935272,776,249
42,1400,17,0.873656690120697,0.5144256353378296,-0.19049115478992462,0.9482975006103516,838,277
42,1400,18,0.8029922842979431,0.49025487899780273,0.015045737847685814,0.1549665480852127,770,264
42,1400,19,0.8653192520141602,0.515263020992279,-0.20582996308803558,0.9478403329849243,830,278
42,1400,20,0.8027145862579346,0.4902690052986145,-0.0043221223168075085,0.16363012790679932,770,264
42,1400,21,0.8614857792854309,0.5044968724250793,-0.17981886863708496,0.9091556072235107,827,272
42,1400,22,0.8075678944587708,0.47881826758384705,0.013064059428870678,0.15778206288814545,775,258
42,1400,23,0.8553962111473083,0.4693523943424225,-0.06060102954506874,0.9998875260353088,821,253
42,1400,24,0.8370592594146729,0.4690012037754059,0.06055295467376709,0.9997736811637878,803,253
42,1400,25,0.8232476711273193,0.5977026224136353,-0.06704854965209961,0.9440780282020569,790,322
42,1400,26,0.8425197601318359,0.5955047011375427,0.05432482808828354,0.6244577169418335,808,321
42,1400,27,0.8209262490272522,0.7425811290740967,-0.08816410601139069,0.9185736179351807,788,400
42,1400,28,0.8567950129508972,0.7302326560020447,0.07958755642175674,0.7437390089035034,822,394
42,1400,29,0.8276979327201843,0.7647057771682739,-0.0939643383026123,0.7314789295196533,794,412
42,1400,30,0.8666620254516602,0.7556315064430237,0.079657644033432,0.7204056978225708,831,408
42,1400,31,0.7830387353897095,0.7767602205276489,-0.17033711075782776,0.8897820115089417,751,419
42,1400,32,0.8282214403152466,0.7655054330825806,0.03351101651787758,0.7883093357086182,795,413
43,1433,0,0.8354607224464417,0.2451275885105133,-0.10724806785583496,0.9945518374443054,802,132
43,1433,1,0.8372581005096436,0.2310655415058136,-0.10998575389385223,0.9909545183181763,803,124
43,1433,2,0.8397148847579956,0.22922281920909882,-0.11014021188020706,0.993184506893158,806,123
43,1433,3,0.8420432806015015,0.2271738052368164,-0.11010502278804779,0.994585394859314,808,122
43,1433,4,0.8318507075309753,0.2353045791387558,-0.09642157703638077,0.9906962513923645,798,127
43,1433,5,0.830238938331604,0.2359572947025299,-0.09663867205381393,0.9927514791488647,797,127
43,1433,6,0.8285961151123047,0.23647141456604004,-0.0967666283249855,0.9932509660720825,795,127
43,1433,7,0.848533570766449,0.22443388402462006,-0.09337561577558517,0.9978905916213989,814,121
43,1433,8,0.830920398235321,0.23677484691143036,-0.030630523338913918,0.9884552955627441,797,127
43,1433,9,0.8413971066474915,0.24963152408599854,-0.09716275334358215,0.9969888925552368,807,134
43,1433,10,0.835960328578949,0.2541855275630951,-0.0801253542304039,0.9944397807121277,802,137
43,1433,11,0.8789355754852295,0.28509974479675293,-0.10817842930555344,0.9999845623970032,843,153
43,1433,12,0.8322102427482605,0.29903995990753174,0.05142123997211456,0.9992761611938477,798,161
43,1433,13,0.8794727325439453,0.39005711674690247,-0.1314672976732254,0.9934797286987305,844,210
43,1433,14,0.8233211636543274,0.39128389954566956,0.0761488750576973,0.05125497281551361,790,211
43,1433,15,0.8701410293579102,0.48558309674263,-0.17087271809577942,0.9706447124481201,835,262
43,1433,16,0.8063969016075134,0.45975008606910706,0.018225787207484245,0.1811029016971588,774,248
43,1433,17,0.875250518321991,0.5144718289375305,-0.18721964955329895,0.9510294795036316,840,277
43,1433,18,0.8004568219184875,0.48859450221061707,0.009102702140808105,0.21057863533496857,768,263
43,1433,19,0.8664126992225647,0.5151976346969604,-0.19951225817203522,0.9509099125862122,831,278
43,1433,20,0.7998008728027344,0.4890243113040924,-0.01106196828186512,0.22031787037849426,767,264
43,1433,21,0.8628848791122437,0.5044804811477661,-0.17630420625209808,0.9150913953781128,828,272
43,1433,22,0.8038249611854553,0.47746163606643677,0.007609619293361902,0.21156896650791168,771,257
43,1433,23,0.855370819568634,0.4699951410293579,-0.06065554544329643,0.9998782873153687,821,253
43,1433,24,0.8364059329032898,0.4690348505973816,0.06060376390814781,0.9997628331184387,802,253
43,1433,25,0.8214693665504456,0.5980189442634583,-0.07047928124666214,0.9458551406860352,788,322
43,1433,26,0.8441344499588013,0.5957611203193665,0.05822234973311424,0.6025310754776001,810,321
43,1433,27,0.8180407881736755,0.7461550235748291,-0.07668955624103546,0.9248669743537903,785,402
43,1433,28,0.8570026159286499,0.7326302528381348,0.08522192388772964,0.7352923154830933,822,395
43,1433,29,0.8241633772850037,0.7670075297355652,-0.08101128041744232,0.7513719797134399,791,414
43,1433,30,0.8670046329498291,0.7564569115638733,0.0853385403752327,0.7158845663070679,832,408
43,1433,31,0.7816359400749207,0.7792569994926453,-0.15502473711967468,0.8990192413330078,750,420
43,1433,32,0.8293901085853577,0.7641999125480652,0.04013118892908096,0.7894063591957092,796,412
44,1466,0,0.8275827765464783,0.24521075189113617,-0.10989820957183838,0.9950628280639648,794,132
44,1466,1,0.8294172883033752,0.2310875505208969,-0.11160057038068771,0.9918126463890076,796,124
44,1466,2,0.8314835429191589,0.22924961149692535,-0.11176211386919022,0.9938291311264038,798,123
44,1466,3,0.8335170745849609,0.22724021971225739,-0.11172761023044586,0.9950950145721436,800,122
44,1466,4,0.8247801065444946,0.23556821048259735,-0.09774354100227356,0.9915850758552551,791,127
44,1466,5,0.8232381343841553,0.23634427785873413,-0.09796086698770523,0.9934413433074951,790,127
44,1466,6,0.821492612361908,0.23701463639736176,-0.09807583689689636,0.9938893914222717,788,127
44,1466,7,0.8402578234672546,0.2251729667186737,-0.09305794537067413,0.9980831742286682,806,121
44,1466,8,0.823282778263092,0.23773512244224548,-0.028168393298983574,0.9895337224006653,790,128
44,1466,9,0.8329986333847046,0.24986866116523743,-0.09863243252038956,0.9972428679466248,799,134
44,1466,10,0.8280937671661377,0.2543361186981201,-0.0814046710729599,0.994910478591919,794,137
44,1466,11,0.8693841695785522,0.2857721745967865,-0.10538243502378464,0.9999842047691345,834,154
44,1466,12,0.8265420794487,0.29930728673934937,0.05606665089726448,0.9993041753768921,793,161
44,1466,13,0.8739770650863647,0.3924248516559601,-0.12849296629428864,0.9935378432273865,839,211
44,1466,14,0.819114625453949,0.391329824924469,0.08080903440713882,0.05827182158827782,786,211
44,1466,15,0.8708088397979736,0.490016907453537,-0.16680437326431274,0.9722002148628235,835,264
44,1466,16,0.7943817973136902,0.45638176798820496,0.02226526476442814,0.21846650540828705,762,246
44,1466,17,0.8767483830451965,0.5160605907440186,-0.1827252358198166,0.9536372423171997,841,278
44,1466,18,0.7892093062400818,0.4843304753303528,0.013764035888016224,0.2515319287776947,757,261
44,1466,19,0.8701668977737427,0.519055187702179,-0.19704368710517883,0.9538323283195496,835,280
44,1466,20,0.7872304916381836,0.4846262037754059,-0.007348657585680485,0.26288214325904846,755,261
44,1466,21,0.8665512800216675,0.5097579956054688,-0.17593461275100708,0.9208603501319885,831,275
44,1466,22,0.7911502122879028,0.47414860129356384,0.011049183085560799,0.25327324867248535,759,256
44,1466,23,0.8467347025871277,0.47288694977760315,-0.059895794838666916,0.9998805522918701,812,255
44,1466,24,0.8325220942497253,0.4706168472766876,0.05983278900384903,0.9997701644897461,799,254
44,1466,25,0.8151391744613647,0.6003753542900085,-0.0593695230782032,0.9493826627731323,782,324
44,1466,26,0.8412290215492249,0.5979030132293701,0.05693276226520538,0.6097568869590759,807,322
44,1466,27,0.7997033596038818,0.7489956021308899,-0.05519311502575874,0.9316644072532654,767,404
44,1466,28,0.8579348921775818,0.7327130436897278,0.08365657180547714,0.7502970695495605,823,395
44,1466,29,0.8024821877479553,0.7726857662200928,-0.05180910602211952,0.7733758687973022,770,417
44,1466,30,0.8698325753211975,0.7571575045585632,0.08398573845624924,0.7299774289131165,835,408
44,1466,31,0.7662721276283264,0.776570200920105,-0.1150956004858017,0.9083318114280701,735,419
44,1466,32,0.8294405341148376,0.7658124566078186,0.03658265620470047,0.8033273816108704,796,413
45,1500,0,0.8248434066772461,0.2437380701303482,-0.10856018960475922,0.9955403804779053,791,131
45,1500,1,0.827337384223938,0.22980186343193054,-0.11196687817573547,0.9926068186759949,794,124
45,1500,2,0.8295892477035522,0.2280852347612381,-0.11211969703435898,0.9944256544113159,796,123
45,1500,3,0.8318121433258057,0.22630132734775543,-0.11207503825426102,0.9955661296844482,798,122
45,1500,4,0.8234112858772278,0.23412925004959106,-0.09709176421165466,0.9924100041389465,790,126
45,1500,5,0.8223536014556885,0.2348877489566803,-0.09731106460094452,0.9940849542617798,789,126
45,1500,6,0.821133017539978,0.23565979301929474,-0.09742517024278641,0.9944890141487122,788,127
45,1500,7,0.8390195965766907,0.22478275001049042,-0.10007558017969131,0.9982637166976929,805,121
45,1500,8,0.823659360408783,0.2367958128452301,-0.031668636947870255,0.9905611276626587,790,127
45,1500,9,0.8307273387908936,0.24894234538078308,-0.100511834025383,0.9975008964538574,797,134
45,1500,10,0.8258481621742249,0.25302979350090027,-0.08193398267030716,0.9953954815864563,792,136
45,1500,11,0.8670802712440491,0.2864718735218048,-0.10628525912761688,0.9999841451644897,832,154
45,1500,12,0.8255897760391235,0.2995203733444214,0.048921115696430206,0.999362587928772,792,161
45,1500,13,0.8725174069404602,0.39556795358657837,-0.13325664401054382,0.9935691356658936,837,213
45,1500,14,0.8185308575630188,0.391539990901947,0.07950880378484726,0.09037084132432938,785,211
45,1500,15,0.8717353940010071,0.49103957414627075,-0.16658854484558105,0.9735804796218872,836,265
45,1500,16,0.7938030362129211,0.45474934577941895,0.023108424618840218,0.28957462310791016,762,245
45,1500,17,0.8786869645118713,0.5158188939094543,-0.18222421407699585,0.9559933543205261,843,278
45,1500,18,0.7871266603469849,0.48222029209136963,0.015018929727375507,0.31983011960983276,755,260
45,1500,19,0.8729119896888733,0.5199458599090576,-0.19529476761817932,0.9564194083213806,837,280
45,1500,20,0.7862047553062439,0.48279762268066406,-0.007160731591284275,0.33067819476127625,754,260
45,1500,21,0.8688094615936279,0.5103648900985718,-0.17305131256580353,0.9259811639785767,834,275
45,1500,22,0.7902676463127136,0.47292083501815796,0.0115613779053092,0.3207636773586273,758,255
45,1500,23,0.8470842242240906,0.4735078513622284,-0.060149896889925,0.9998833537101746,813,255
45,1500,24,0.8319370150566101,0.47113069891929626,0.06008562818169594,0.9997816681861877,798,254
45,1500,25,0.8141524195671082,0.6000422239303589,-0.06293515861034393,0.9529725313186646,781,324
45,1500,26,0.8412598371505737,0.5985462665557861,0.05753158777952194,0.6173960566520691,807,323
45,1500,27,0.8002517819404602,0.7459869980812073,-0.05564051866531372,0.9380590915679932,768,402
45,1500,28,0.8592553734779358,0.7327441573143005,0.08648426085710526,0.7635210156440735,824,395
45,1500,29,0.8026520013809204,0.7708041667938232,-0.058442987501621246,0.7942822575569153,770,416
45,1500,30,0.8713473677635193,0.7575542330741882,0.08678635209798813,0.743812620639801,836,409
45,1500,31,0.7658141851425171,0.776273250579834,-0.13252131640911102,0.917072057723999,735,419
45,1500,32,0.8294937014579773,0.7664808034896851,0.03853129222989082,0.8168866634368896,796,413
46,1533,0,0.8169445395469666,0.24270616471767426,-0.11074572056531906,0.9959784746170044,784,131
46,1533,1,0.8183910846710205,0.22938032448291779,-0.11383404582738876,0.9933354258537292,785,123
46,1533,2,0.8200695514678955,0.22788585722446442,-0.11398336291313171,0.9949743151664734,787,123
46,1533,3,0.821769654750824,0.22629550099372864,-0.11392682045698166,0.9960017204284668,788,122
46,1533,4,0.8148438334465027,0.23306138813495636,-0.09799882769584656,0.9931617379188538,782,125
46,1533,5,0.8137435913085938,0.23432254791259766,-0.09821204841136932,0.9946707487106323,781,126
46,1533,6,0.8124016523361206,0.23526692390441895,-0.09831567853689194,0.9950345158576965,779,127
46,1533,7,0.8285291194915771,0.22535237669944763,-0.10137833654880524,0.9984322190284729,795,121
46,1533,8,0.8152860403060913,0.2368498146533966,-0.029387665912508965,0.9914942979812622,782,127
46,1533,9,0.8220920562744141,0.24899818003177643,-0.10252808034420013,0.9977420568466187,789,134
46,1533,10,0.8182628750801086,0.25292539596557617,-0.08271686732769012,0.9958435893058777,785,136
46,1533,11,0.8571590185165405,0.28801584243774414,-0.10898002237081528,0.999984085559845,822,155
46,1533,12,0.8183057904243469,0.30299538373947144,0.05228622630238533,0.9994111657142639,785,163
46,1533,13,0.8681885004043579,0.3989429473876953,-0.13474220037460327,0.9939218163490295,833,215
46,1533,14,0.8074012994766235,0.3923529088497162,0.09383558481931686,0.11765502393245697,775,211
46,1533,15,0.8727678060531616,0.49487659335136414,-0.16674640774726868,0.9753915071487427,837,267
46,1533,16,0.7811571955680847,0.4543915092945099,0.0444628968834877,0.3518025279045105,749,245
46,1533,17,0.8787316679954529,0.5199975371360779,-0.18261927366256714,0.958858847618103,843,280
46,1533,18,0.7758647799491882,0.48152464628219604,0.0385214202105999,0.37957659363746643,744,260
46,1533,19,0.8736167550086975,0.5247554779052734,-0.1961822360754013,0.9594137668609619,838,283
46,1533,20,0.7742177248001099,0.4816616475582123,0.013330896385014057,0.3901609480381012,743,260
46,1533,21,0.870111346244812,0.5151876211166382,-0.17228682339191437,0.9315975904464722,835,278
46,1533,22,0.7777306437492371,0.4722779095172882,0.031804539263248444,0.3805122971534729,746,255
46,1533,23,0.83994460105896,0.47573214769363403,-0.06295391172170639,0.9998897910118103,806,256
46,1533,24,0.827445387840271,0.47321194410324097,0.06286447495222092,0.9997966885566711,794,255
46,1533,25,0.8059834241867065,0.6052057147026062,-0.06427233666181564,0.9571219682693481,773,326
46,1533,26,0.8391914367675781,0.6005844473838806,0.05758218467235565,0.6390419006347656,805,324
46,1533,27,0.7743498086929321,0.7481854557991028,-0.049777802079916,0.944114625453949,743,404
46,1533,28,0.8602768778800964,0.7330049276351929,0.09411175549030304,0.7829045057296753,825,395
46,1533,29,0.77705317735672,0.7772501111030579,-0.05242852121591568,0.814237117767334,745,419
46,1533,30,0.875858724117279,0.7603586912155151,0.09526394307613373,0.764793872833252,840,410
46,1533,31,0.7341001629829407,0.7579682469367981,-0.12878639996051788,0.9252001047134399,704,409
46,1533,32,0.8295667171478271,0.767429769039154,0.046487320214509964,0.8327852487564087,796,414
47,1566,0,0.8159802556037903,0.241923525929451,-0.10362830758094788,0.9963469505310059,783,130
47,1566,1,0.8164348006248474,0.22938115894794464,-0.10856196284294128,0.9939520955085754,783,123
47,1566,2,0.8171535730361938,0.22796088457107544,-0.1086994856595993,0.9954354166984558,784,123
47,1566,3,0.8177317380905151,0.22638052701950073,-0.10862503945827484,0.9963641166687012,785,122
47,1566,4,0.8155168890953064,0.2321845144033432,-0.09273896366357803,0.9938157200813293,782,125
47,1566,5,0.815316915512085,0.23291200399398804,-0.09295444935560226,0.9951825737953186,782,125
47,1566,6,0.8149142861366272,0.23341812193393707,-0.09305261075496674,0.9955117702484131,782,126
47,1566,7,0.8238705992698669,0.22627438604831696,-0.10067187994718552,0.9985682964324951,790,122
47,1566,8,0.8186929225921631,0.236067533493042,-0.027969012036919594,0.9923155307769775,785,127
47,1566,9,0.8198296427726746,0.2489519715309143,-0.10040314495563507,0.9979393482208252,787,134
47,1566,10,0.8179489374160767,0.251825749874115,-0.08055295795202255,0.9962242841720581,785,135
47,1566,11,0.8530247211456299,0.2886216640472412,-0.11339091509580612,0.9999823570251465,818,155
47,1566,12,0.8181152939796448,0.3046552538871765,0.05231569707393646,0.9994526505470276,785,164
47,1566,13,0.8668349385261536,0.3986925482749939,-0.13975414633750916,0.9937359094619751,832,215
47,1566,14,0.8077686429023743,0.39279523491859436,0.0880342349410057,0.14278993010520935,775,212
47,1566,15,0.8727114200592041,0.4931321442127228,-0.1678917557001114,0.9745722413063049,837,266
47,1566,16,0.780396044254303,0.45457619428634644,0.04261293262243271,0.40636080503463745,749,245
47,1566,17,0.878294825553894,0.5184268355369568,-0.1834418922662735,0.9579057097434998,843,279
47,1566,18,0.7745030522346497,0.48137015104293823,0.03496605157852173,0.43184560537338257,743,259
47,1566,19,0.8728500604629517,0.522895336151123,-0.1965482532978058,0.958799421787262,837,282
47,1566,20,0.7730070352554321,0.4814131557941437,0.012435742653906345,0.4422001838684082,742,259
47,1566,21,0.8694907426834106,0.513114869594574,-0.17285820841789246,0.9325010180473328,834,277
47,1566,22,0.7759626507759094,0.4723319113254547,0.030877212062478065,0.4326169192790985,744,255
47,1566,23,0.8386622667312622,0.4771318733692169,-0.0629715770483017,0.9998965263366699,805,257
47,1566,24,0.8272343277931213,0.4748016893863678,0.06288342922925949,0.9998120665550232,794,256
47,1566,25,0.8066685199737549,0.6071714758872986,-0.050659384578466415,0.9607362747192383,774,327
47,1566,26,0.8382474780082703,0.6006856560707092,0.05845604091882706,0.6607148051261902,804,324
47,1566,27,0.7735034823417664,0.7489932179450989,-0.03136911615729332,0.9495607614517212,742,404
47,1566,28,0.8606733083724976,0.733034074306488,0.09615200012922287,0.8012588620185852,826,395
47,1566,29,0.7751177549362183,0.7789120674133301,-0.03478064760565758,0.8321175575256348,744,420
47,1566,30,0.8772048950195312,0.7609817385673523,0.09733547270298004,0.7844620943069458,842,410
47,1566,31,0.7340099811553955,0.7529146671295166,-0.11621205508708954,0.9324715733528137,704,406
47,1566,32,0.8299189805984497,0.7665737271308899,0.050196968019008636,0.8472540378570557,796,413
48,1600,0,0.8078253865242004,0.24531738460063934,-0.1065702810883522,0.9967098832130432,775,132
48,1600,1,0.8090130686759949,0.2324369251728058,-0.10855637490749359,0.9945539832115173,776,125
48,1600,2,0.8107351660728455,0.23106907308101654,-0.10869558155536652,0.9958893656730652,778,124
48,1600,3,0.8125046491622925,0.22970807552337646,-0.1086275577545166,0.9967255592346191,780,124
48,1600,4,0.8053944706916809,0.23558911681175232,-0.09338504821062088,0.9944320917129517,773,127
48,1600,5,0.8042389750480652,0.23631878197193146,-0.09359125047922134,0.99566251039505,772,127
48,1600,6,0.8028348684310913,0.23703816533088684,-0.09367641061544418,0.9959586262702942,770,128
48,1600,7,0.8189862370491028,0.22918801009655,-0.08849804103374481,0.9987097978591919,786,123
48,1600,8,0.805212676525116,0.23973701894283295,-0.02062058262526989,0.9930797815322876,773,129
48,1600,9,0.8131341338157654,0.25325748324394226,-0.09808921813964844,0.9981415867805481,780,136
48,1600,10,0.8089310526847839,0.2556353211402893,-0.07853004336357117,0.9965959787368774,776,138
48,1600,11,0.8452025651931763,0.28948351740837097,-0.10103650391101837,0.9999830722808838,811,156
48,1600,12,0.8086318373680115,0.3050631582736969,0.07196754962205887,0.9994935393333435,776,164
48,1600,13,0.8608943223953247,0.3991124927997589,-0.13514059782028198,0.9941232204437256,826,215
48,1600,14,0.7998321056365967,0.3933922350406647,0.11369089782238007,0.15843622386455536,767,212
48,1600,15,0.8733112215995789,0.49255529046058655,-0.17488645017147064,0.9766637086868286,838,265
48,1600,16,0.7697283625602722,0.4531151056289673,0.07169964164495468,0.4574025571346283,738,244
48,1600,17,0.8810871839523315,0.5178617835044861,-0.19283287227153778,0.9612924456596375,845,279
48,1600,18,0.7627698183059692,0.4790560007095337,0.06778980046510696,0.4812617599964142,732,258
48,1600,19,0.8748350143432617,0.522706151008606,-0.2062767893075943,0.9622020721435547,839,282
48,1600,20,0.7602847814559937,0.47902819514274597,0.04208251088857651,0.491322785615921,729,258
48,1600,21,0.870456337928772,0.5132052898406982,-0.18026138842105865,0.9383143782615662,835,277
48,1600,22,0.7640174031257629,0.47109508514404297,0.05909904092550278,0.4821302890777588,733,254
48,1600,23,0.8303775787353516,0.4770655333995819,-0.06526576727628708,0.9999022483825684,797,257
48,1600,24,0.8162415027618408,0.4748396575450897,0.06515371799468994,0.9998241662979126,783,256
48,1600,25,0.7974532842636108,0.6094148755073547,-0.0681968554854393,0.9641748070716858,765,329
48,1600,26,0.8315937519073486,0.6013438701629639,0.052300918847322464,0.6783772110939026,798,324
48,1600,27,0.7572200298309326,0.7479891777038574,-0.0718073770403862,0.9544952511787415,726,403
48,1600,28,0.8607559204101562,0.7328992486000061,0.08138567954301834,0.8169696927070618,826,395
48,1600,29,0.7566760778427124,0.7783037424087524,-0.07638012617826462,0.8485257029533386,726,420
48,1600,30,0.8771142363548279,0.7610214948654175,0.08174361288547516,0.8027063012123108,842,410
48,1600,31,0.7172435522079468,0.7424309849739075,-0.15172801911830902,0.9391167163848877,688,400
48,1600,32,0.8298488855361938,0.7668848037719727,0.03780248388648033,0.8605266809463501,796,414
49,1633,0,0.8044367432594299,0.24642398953437805,-0.09914001822471619,0.997035026550293,772,133
49,1633,1,0.8066082000732422,0.23324166238307953,-0.10190689563751221,0.9950936436653137,774,125
49,1633,2,0.8085952997207642,0.2315310835838318,-0.10203973203897476,0.9962961673736572,776,125
49,1633,3,0.810673713684082,0.2301296591758728,-0.10196362435817719,0.9970491528511047,778,124
49,1633,4,0.8031623363494873,0.23625721037387848,-0.08587636798620224,0.994985818862915,771,127
49,1633,5,0.8023857474327087,0.23679430782794952,-0.08607129752635956,0.9960938096046448,770,127
49,1633,6,0.8014602661132812,0.23738864064216614,-0.08614005148410797,0.9963603019714355,769,128
49,1633,7,0.8182049989700317,0.22942066192626953,-0.08790172636508942,0.998836100101471,785,123
49,1633,8,0.8044384121894836,0.23973383009433746,-0.014880020171403885,0.9937673211097717,772,129
49,1633,9,0.8101180791854858,0.2534942030906677,-0.09150349348783493,0.9983228445053101,777,136
49,1633,10,0.8057310581207275,0.25614839792251587,-0.07097960263490677,0.996929943561554,773,138
49,1633,11,0.8450621366500854,0.2917312979698181,-0.10495353490114212,0.9999836087226868,811,157
49,1633,12,0.8064365983009338,0.3059849441051483,0.07139692455530167,0.999535083770752,774,165
49,1633,13,0.860477864742279,0.4000169634819031,-0.14939743280410767,0.9943997859954834,826,216
49,1633,14,0.7976822257041931,0.39513397216796875,0.10740561038255692,0.1820847988128662,765,213
49,1633,15,0.873269259929657,0.492645263671875,-0.20781578123569489,0.9783554077148438,838,266
49,1633,16,0.7668290734291077,0.45339417457580566,0.0588531568646431,0.5055572986602783,736,244
49,1633,17,0.8804253339767456,0.517724335193634,-0.22970418632030487,0.9640864133834839,845,279
49,1633,18,0.7602037191390991,0.47918379306793213,0.05313528701663017,0.5271782279014587,729,258
49,1633,19,0.874546229839325,0.5223530530929565,-0.2420356720685959,0.9650258421897888,839,282
49,1633,20,0.7578718662261963,0.47914791107177734,0.028606927022337914,0.5368717908859253,727,258
49,1633,21,0.8703009486198425,0.5131405591964722,-0.21326936781406403,0.943185031414032,835,277
49,1633,22,0.7618449330329895,0.4718590974807739,0.04642666503787041,0.5279387831687927,731,254
49,1633,23,0.8315476179122925,0.4769761860370636,-0.06601390987634659,0.9999076128005981,798,257
49,1633,24,0.8147388696670532,0.4751296937465668,0.06589017063379288,0.9998359084129333,782,256
49,1633,25,0.7972189784049988,0.6104385256767273,-0.07330089062452316,0.966842770576477,765,329
49,1633,26,0.8291559815406799,0.6013116240501404,0.05323226377367973,0.6886345744132996,795,324
49,1633,27,0.7569983005523682,0.748729944229126,-0.08365239202976227,0.9588462114334106,726,404
49,1633,28,0.8607447743415833,0.7329679131507874,0.08120829612016678,0.8289034366607666,826,395
49,1633,29,0.7578612565994263,0.7779350280761719,-0.08929777890443802,0.8629968762397766,727,420
49,1633,30,0.8763126134872437,0.7610275745391846,0.08143417537212372,0.8178063035011292,841,410
49,1633,31,0.716229259967804,0.7410300970077515,-0.16866187751293182,0.9450114965438843,687,400
49,1633,32,0.8288988471031189,0.7659552693367004,0.03736225143074989,0.8713600039482117,795,413
50,1666,0,0.7996046543121338,0.25070109963417053,-0.12403113394975662,0.9973260164260864,767,135
50,1666,1,0.8019043207168579,0.23782823979854584,-0.12363030761480331,0.9955765604972839,769,128
50,1666,2,0.8040963411331177,0.2361002415418625,-0.1237662136554718,0.9966593384742737,771,127
50,1666,3,0.8065106272697449,0.23469290137290955,-0.1236959844827652,0.9973379373550415,774,126
50,1666,4,0.7971628904342651,0.24148878455162048,-0.10950492322444916,0.9954828023910522,765,130
50,1666,5,0.7957624197006226,0.24251411855220795,-0.10971500724554062,0.9964806437492371,763,130
50,1666,6,0.7942507863044739,0.2436247617006302,-0.10980647057294846,0.9967207312583923,762,131
50,1666,7,0.8132475018501282,0.2338097244501114,-0.09359579533338547,0.9989464282989502,780,126
50,1666,8,0.796390175819397,0.24529549479484558,-0.028162045404314995,0.9943828582763672,764,132
50,1666,9,0.8052826523780823,0.25766515731811523,-0.1097673699259758,0.9984821081161499,773,139
50,1666,10,0.8002236485481262,0.2607526183128357,-0.09196599572896957,0.9972267746925354,768,140
50,1666,11,0.8388460278511047,0.29706549644470215,-0.10442126542329788,0.9999827146530151,805,160
50,1666,12,0.7996593117713928,0.30869001150131226,0.06151123717427254,0.9995718598365784,767,166
50,1666,13,0.855296790599823,0.40402352809906006,-0.14810045063495636,0.9938065409660339,821,218
50,1666,14,0.7860082983970642,0.3956232964992523,0.10525418817996979,0.20279952883720398,754,213
50,1666,15,0.8728189468383789,0.4933680295944214,-0.20595894753932953,0.977630078792572,837,266
50,1666,16,0.7575365900993347,0.4543710947036743,0.055944766849279404,0.5500594973564148,727,245
50,1666,17,0.8798218965530396,0.5184730887413025,-0.22633381187915802,0.96348637342453,844,279
50,1666,18,0.7503426671028137,0.4792478084564209,0.05029827356338501,0.5696409940719604,720,258
50,1666,19,0.8742148280143738,0.5233057737350464,-0.24088911712169647,0.9649351835250854,839,282
50,1666,20,0.7486349940299988,0.47930726408958435,0.02496824599802494,0.5788992047309875,718,258
50,1666,21,0.8699553608894348,0.5139656066894531,-0.21227243542671204,0.9445738196372986,835,277
50,1666,22,0.753113329410553,0.47269028425216675,0.04350174218416214,0.5701749920845032,722,255
50,1666,23,0.8204222917556763,0.47928059101104736,-0.0659874901175499,0.9999097585678101,787,258
50,1666,24,0.8034219145774841,0.4754926860332489,0.06585963070392609,0.9998447299003601,771,256
50,1666,25,0.784139096736908,0.6129605770111084,-0.09395769238471985,0.9685521721839905,752,330
50,1666,26,0.8239242434501648,0.601289689540863,0.05210460349917412,0.6769518256187439,790,324
50,1666,27,0.7478445172309875,0.753892719745636,-0.1125890389084816,0.962673544883728,717,407
50,1666,28,0.860010027885437,0.7317056059837341,0.08204111456871033,0.8315679430961609,825,395
50,1666,29,0.7478373050689697,0.7850669622421265,-0.1190050020813942,0.8759371638298035,717,423
50,1666,30,0.8762470483779907,0.7572996616363525,0.08260532468557358,0.827704668045044,841,408
50,1666,31,0.7080419063568115,0.7438297867774963,-0.20056818425655365,0.9502701759338379,679,401
50,1666,32,0.8289428949356079,0.7638776302337646,0.03833448886871338,0.8779786825180054,795,412
51,1700,0,0.7973301410675049,0.25148218870162964,-0.09423257410526276,0.9975783228874207,765,135
51,1700,1,0.7994362115859985,0.23808859288692474,-0.09626784920692444,0.9959980845451355,767,128
51,1700,2,0.8015450239181519,0.2365763783454895,-0.09641052037477493,0.9969773292541504,769,127
51,1700,3,0.8036262392997742,0.23529395461082458,-0.09636154770851135,0.9975899457931519,771,127
51,1700,4,0.7959210872650146,0.2416086196899414,-0.08166404813528061,0.9959205985069275,764,130
51,1700,5,0.7949115037918091,0.24244998395442963,-0.0818682461977005,0.9968220591545105,763,130
51,1700,6,0.793757438659668,0.24344344437122345,-0.08196153491735458,0.9970373511314392,762,131
51,1700,7,0.8111189603805542,0.2347046136856079,-0.08160386234521866,0.9990435242652893,778,126
51,1700,8,0.7964349985122681,0.24526964128017426,-0.013221482746303082,0.9949246644973755,764,132
51,1700,9,0.8025189638137817,0.2581789791584015,-0.08561079204082489,0.9986202120780945,770,139
51,1700,10,0.7979519367218018,0.26146194338798523,-0.06711982935667038,0.9974821209907532,766,141
51,1700,11,0.8371143937110901,0.2991277575492859,-0.097102090716362,0.9999828338623047,803,161
51,1700,12,0.7982391119003296,0.31010156869888306,0.06527452170848846,0.9995942115783691,766,167
51,1700,13,0.8543879985809326,0.40492090582847595,-0.13984426856040955,0.9941023588180542,820,218
51,1700,14,0.7859022617340088,0.3971917927265167,0.09915748238563538,0.21138785779476166,754,214
51,1700,15,0.8727923035621643,0.4933672249317169,-0.19490864872932434,0.9790382981300354,837,266
51,1700,16,0.7568327784538269,0.45669442415237427,0.046670809388160706,0.5761157870292664,726,246
51,1700,17,0.8806396126747131,0.5190582275390625,-0.21435411274433136,0.9657107591629028,845,280
51,1700,18,0.7504861950874329,0.48011356592178345,0.04092852771282196,0.5947456359863281,720,259
51,1700,19,0.8755611777305603,0.5236604809761047,-0.2271731197834015,0.9671981930732727,840,282
51,1700,20,0.7481451034545898,0.4806188642978668,0.01538942102342844,0.6044086217880249,718,259
51,1700,21,0.8711844086647034,0.513979434967041,-0.20012934505939484,0.948545515537262,836,277
51,1700,22,0.7521327137947083,0.47493264079093933,0.03380196914076805,0.5965303778648376,722,256
51,1700,23,0.8204143643379211,0.47916582226753235,-0.06542559713125229,0.9999163746833801,787,258
51,1700,24,0.8017324805259705,0.4754123389720917,0.0652819573879242,0.999856173992157,769,256
51,1700,25,0.7844940423965454,0.6124840974807739,-0.09134364873170853,0.9713400602340698,753,330
51,1700,26,0.8183268904685974,0.6013239026069641,0.04839983209967613,0.6975228786468506,785,324
51,1700,27,0.7475296258926392,0.7551946640014648,-0.11466078460216522,0.9663277864456177,717,407
51,1700,28,0.8587059378623962,0.7304259538650513,0.07185013592243195,0.845215380191803,824,394
51,1700,29,0.7473386526107788,0.7868531346321106,-0.12209811061620712,0.8879562616348267,717,424
51,1700,30,0.8750159740447998,0.7554185390472412,0.07154238969087601,0.842207133769989,840,407
51,1700,31,0.7106562256813049,0.7455551028251648,-0.20728029310703278,0.9551512002944946,682,402
51,1700,32,0.828677237033844,0.7639549970626831,0.024671366438269615,0.8883618116378784,795,412
52,1733,0,0.7902830839157104,0.2581005096435547,-0.12271206080913544,0.9978081583976746,758,139
52,1733,1,0.792186975479126,0.24514701962471008,-0.12199518084526062,0.9963834285736084,760,132
52,1733,2,0.7943311333656311,0.2433961033821106,-0.1221347525715828,0.9972673058509827,762,131
52,1733,3,0.7964260578155518,0.24145790934562683,-0.12208108603954315,0.9978196024894714,764,130
52,1733,4,0.7873337268829346,0.24886243045330048,-0.10866943001747131,0.9963178038597107,755,134
52,1733,5,0.7857142686843872,0.24969522655010223,-0.10887887328863144,0.9971306324005127,754,134
52,1733,6,0.783929705619812,0.2505631744861603,-0.10898823291063309,0.9973235726356506,752,135
52,1733,7,0.80254065990448,0.23999713361263275,-0.08979921787977219,0.9991311430931091,770,129
52,1733,8,0.7850700616836548,0.25083205103874207,-0.028588760644197464,0.995413064956665,753,135
52,1733,9,0.7951608300209045,0.2635197639465332,-0.10760166496038437,0.9987406730651855,763,142
52,1733,10,0.7903467416763306,0.2671423852443695,-0.09090839326381683,0.9977065324783325,758,144
52,1733,11,0.8296394348144531,0.3047795295715332,-0.0995527058839798,0.9999818205833435,796,164
52,1733,12,0.7904079556465149,0.31105920672416687,0.057172585278749466,0.9996013641357422,758,167
52,1733,13,0.8481820225715637,0.409467875957489,-0.13971178233623505,0.9943951368331909,814,221
52,1733,14,0.7776803970336914,0.39774301648139954,0.09500084072351456,0.22477665543556213,746,214
52,1733,15,0.8685161471366882,0.49324244260787964,-0.19699223339557648,0.9806174635887146,833,266
52,1733,16,0.7496891617774963,0.4566401541233063,0.047733571380376816,0.6096537113189697,719,246
52,1733,17,0.877888023853302,0.5186657309532166,-0.21582308411598206,0.9682355523109436,842,280
52,1733,18,0.741865336894989,0.48006191849708557,0.04256428778171539,0.626440167427063,712,259
52,1733,19,0.8741065859794617,0.5229848027229309,-0.23113518953323364,0.9697257280349731,839,282
52,1733,20,0.7404793500900269,0.48065274953842163,0.016857558861374855,0.6360408663749695,710,259
52,1733,21,0.8685780763626099,0.5134801864624023,-0.20350606739521027,0.9527549147605896,833,277
52,1733,22,0.7444582581520081,0.4747552275657654,0.03502433001995087,0.6285396218299866,714,256
52,1733,23,0.8066139817237854,0.4804001450538635,-0.0646912008523941,0.999917209148407,774,259
52,1733,24,0.7920392751693726,0.4760286808013916,0.0645366683602333,0.9998582005500793,760,257
52,1733,25,0.7713654041290283,0.6156468987464905,-0.09269139915704727,0.9736629128456116,740,332
52,1733,26,0.8095661997795105,0.6017602682113647,0.04733336344361305,0.7112465500831604,777,324
52,1733,27,0.7418186068534851,0.7613910436630249,-0.11221877485513687,0.9696032404899597,712,411
52,1733,28,0.8560205101966858,0.7258925437927246,0.0731392577290535,0.8551107048988342,821,391
52,1733,29,0.7456808686256409,0.7906620502471924,-0.1187383159995079,0.8987280130386353,715,426
52,1733,30,0.8729757070541382,0.7473998665809631,0.07441093027591705,0.8538077473640442,838,403
52,1733,31,0.7052211761474609,0.7640625834465027,-0.2060253918170929,0.9595348238945007,677,412
52,1733,32,0.8282360434532166,0.7639870047569275,0.026592249050736427,0.8966471552848816,795,412
53,1766,0,0.7859725952148438,0.2569471001625061,-0.09560000896453857,0.9979963898658752,754,138
53,1766,1,0.7887470722198486,0.24413760006427765,-0.09707286953926086,0.9967045187950134,757,131
53,1766,2,0.7909866571426392,0.24238400161266327,-0.09721074253320694,0.9975079298019409,759,130
53,1766,3,0.7931012511253357,0.24045288562774658,-0.09716447442770004,0.9980076551437378,761,129
53,1766,4,0.7847982048988342,0.24805809557437897,-0.0822286531329155,0.996660053730011,753,133
53,1766,5,0.7837955355644226,0.2489936500787735,-0.08243710547685623,0.9973976016044617,752,134
53,1766,6,0.782634437084198,0.24997010827064514,-0.08253518491983414,0.9975705146789551,751,134
53,1766,7,0.8001753091812134,0.2391309142112732,-0.08009694516658783,0.9992002844810486,768,129
53,1766,8,0.785868227481842,0.24990065395832062,-0.011245135217905045,0.9958358407020569,754,134
53,1766,9,0.7915570139884949,0.2625714838504791,-0.08612038940191269,0.9988347887992859,759,141
53,1766,10,0.7871986031532288,0.2660831809043884,-0.0674077495932579,0.9978904724121094,755,143
53,1766,11,0.8261168003082275,0.30407389998435974,-0.09578634053468704,0.999980628490448,793,164
53,1766,12,0.78984135389328,0.31074362993240356,0.06730898469686508,0.9996128678321838,758,167
53,1766,13,0.8450793027877808,0.409432590007782,-0.14044132828712463,0.9944385290145874,811,221
53,1766,14,0.7786235213279724,0.3998658061027527,0.09528203308582306,0.22089862823486328,747,215
53,1766,15,0.8657548427581787,0.4930068552494049,-0.2034052461385727,0.9813411235809326,831,266
53,1766,16,0.7501915693283081,0.45779693126678467,0.04580346867442131,0.6282902359962463,720,247
53,1766,17,0.8761077523231506,0.5183739066123962,-0.22385242581367493,0.9695223569869995,841,279
53,1766,18,0.7427986860275269,0.4813861548900604,0.039630431681871414,0.6452093720436096,713,259
53,1766,19,0.8718442916870117,0.5225892663002014,-0.23736928403377533,0.9711241126060486,836,282
53,1766,20,0.7405188083648682,0.4816470146179199,0.01469446998089552,0.6552061438560486,710,260
53,1766,21,0.8658879399299622,0.5130776166915894,-0.20955681800842285,0.9554358720779419,831,277
53,1766,22,0.7445870041847229,0.4755540192127228,0.03308267146348953,0.6478579640388489,714,256
53,1766,23,0.8055334091186523,0.48023727536201477,-0.06470219045877457,0.9999225735664368,773,259
53,1766,24,0.7921939492225647,0.47595158219337463,0.06454911082983017,0.9998679161071777,760,257
53,1766,25,0.7704537510871887,0.6157469153404236,-0.08393152803182602,0.9756431579589844,739,332
53,1766,26,0.8091662526130676,0.6027155518531799,0.047870103269815445,0.7260286808013916,776,325
53,1766,27,0.7418661713600159,0.7620373368263245,-0.0970379114151001,0.9724968075752258,712,411
53,1766,28,0.855209469795227,0.7254099249839783,0.06836115568876266,0.8661512136459351,821,391
53,1766,29,0.7458852529525757,0.7910597324371338,-0.10115469992160797,0.9082016944885254,716,427
53,1766,30,0.871687114238739,0.7461490035057068,0.06807691603899002,0.8655253052711487,836,402
53,1766,31,0.7046614289283752,0.7686650156974792,-0.18046829104423523,0.9634027481079102,676,415
53,1766,32,0.8277521729469299,0.7658705115318298,0.020850716158747673,0.9048752188682556,794,413
54,1800,0,0.7788597345352173,0.25648534297943115,-0.09671889990568161,0.9981630444526672,747,138
54,1800,1,0.780726432800293,0.24370016157627106,-0.09879911690950394,0.9969920516014099,749,131
54,1800,2,0.7823573350906372,0.24211493134498596,-0.09894157946109772,0.9977239966392517,751,130
54,1800,3,0.7840139865875244,0.2405468374490738,-0.09889330714941025,0.9981748461723328,752,129
54,1800,4,0.7773111462593079,0.2474825233221054,-0.08399949967861176,0.9969621896743774,746,133
54,1800,5,0.7762266993522644,0.24834126234054565,-0.08420924097299576,0.9976325035095215,745,134
54,1800,6,0.7749865651130676,0.2492881566286087,-0.08430933207273483,0.9977859854698181,743,134
54,1800,7,0.7905447483062744,0.2401241511106491,-0.08266261965036392,0.9992601275444031,758,129
54,1800,8,0.777736246585846,0.24983184039592743,-0.012051360681653023,0.9962010383605957,746,134
54,1800,9,0.7834746837615967,0.2628668248653412,-0.08750879019498825,0.998909056186676,752,141
54,1800,10,0.7797811627388,0.26603490114212036,-0.06886723637580872,0.9980341196060181,748,143
54,1800,11,0.817327082157135,0.3034369647502899,-0.09709490090608597,0.9999793767929077,784,163
54,1800,12,0.782494843006134,0.3109379708766937,0.06865303963422775,0.9996166229248047,751,167
54,1800,13,0.8385637402534485,0.4085496962070465,-0.16145624220371246,0.994692325592041,805,220
54,1800,14,0.7697598934173584,0.40066322684288025,0.09524811804294586,0.22295410931110382,738,216
54,1800,15,0.8589926362037659,0.4929716885089874,-0.23850281536579132,0.9826416969299316,824,266
54,1800,16,0.7422548532485962,0.45784831047058105,0.039573051035404205,0.6554150581359863,712,247
54,1800,17,0.8697992563247681,0.5182304382324219,-0.26231956481933594,0.9716857671737671,835,279
54,1800,18,0.7337943315505981,0.4811774790287018,0.03181091696023941,0.6714056134223938,704,259
54,1800,19,0.8660575151443481,0.5224766731262207,-0.27548646926879883,0.9732636213302612,831,282
54,1800,20,0.7329665422439575,0.48160722851753235,0.006590758915990591,0.6814074516296387,703,260
54,1800,21,0.8603309988975525,0.5137139558792114,-0.24488991498947144,0.9589208960533142,825,277
54,1800,22,0.7371546030044556,0.47546759247779846,0.026383550837635994,0.6741010546684265,707,256
54,1800,23,0.7942006587982178,0.48686230182647705,-0.06572885811328888,0.9999269843101501,762,262
54,1800,24,0.78364098072052,0.48090091347694397,0.06557606905698776,0.999875545501709,752,259
54,1800,25,0.7569066882133484,0.6160121560096741,-0.08492150157690048,0.9774161577224731,726,332
54,1800,26,0.8007819652557373,0.6074596643447876,0.04807931184768677,0.742737352848053,768,328
54,1800,27,0.7371227741241455,0.7615293264389038,-0.09018513560295105,0.975090503692627,707,411
54,1800,28,0.8495996594429016,0.7213868498802185,0.07941985875368118,0.8763927221298218,815,389
54,1800,29,0.7444998621940613,0.7898676991462708,-0.09473670274019241,0.9167167544364929,714,426
54,1800,30,0.8669298887252808,0.7366551160812378,0.08119090646505356,0.8766219615936279,832,397
54,1800,31,0.6991126537322998,0.7791516184806824,-0.17335274815559387,0.9668751358985901,671,420
54,1800,32,0.8275483250617981,0.7675936222076416,0.03893299400806427,0.9123780131340027,794,414
55,1833,0,0.7788742780685425,0.2559768855571747,-0.099108025431633,0.998322069644928,747,138
55,1833,1,0.7814550399780273,0.2431270182132721,-0.09990712255239487,0.9972602725028992,750,131
55,1833,2,0.7835866808891296,0.24156717956066132,-0.10004223138093948,0.9979276061058044,752,130
55,1833,3,0.785772979259491,0.24007955193519592,-0.09999509900808334,0.9983323216438293,754,129
55,1833,4,0.7771245837211609,0.2468818873167038,-0.08471468091011047,0.9972428679466248,746,133
55,1833,5,0.7759593725204468,0.24777430295944214,-0.08491027355194092,0.9978519082069397,744,133
55,1833,6,0.774692714214325,0.24873213469982147,-0.08499887585639954,0.9979871511459351,743,134
55,1833,7,0.7921581268310547,0.2397451400756836,-0.08386879414319992,0.9993197321891785,760,129
55,1833,8,0.777373731136322,0.24939267337322235,-0.012634126469492912,0.9965443015098572,746,134
55,1833,9,0.7844460606575012,0.26241201162338257,-0.08832498639822006,0.9989829063415527,753,141
55,1833,10,0.7789560556411743,0.26556041836738586,-0.06915982812643051,0.9981750249862671,747,143
55,1833,11,0.8166401982307434,0.3035363554954529,-0.09718560427427292,0.9999788999557495,783,163
55,1833,12,0.7813540101051331,0.3112054467201233,0.07266189157962799,0.9996194243431091,750,168
55,1833,13,0.8370739221572876,0.40799638628959656,-0.16344992816448212,0.9949080348014832,803,220
55,1833,14,0.7716618776321411,0.4026704430580139,0.097636379301548,0.21689139306545258,740,217
55,1833,15,0.8578605651855469,0.49317270517349243,-0.23654122650623322,0.983742892742157,823,266
55,1833,16,0.7429270148277283,0.45865151286125183,0.03982078284025192,0.6729152798652649,713,247
55,1833,17,0.8680678606033325,0.5180562734603882,-0.2600082457065582,0.9735460877418518,833,279
55,1833,18,0.7341907620429993,0.48130282759666443,0.03231874480843544,0.6897571086883545,704,259
55,1833,19,0.8644376397132874,0.5223566293716431,-0.27232465147972107,0.975109875202179,829,282
55,1833,20,0.7330147624015808,0.4816720485687256,0.007402609568089247,0.700075089931488,703,260
55,1833,21,0.8588191270828247,0.5139004588127136,-0.24245591461658478,0.9619473814964294,824,277
55,1833,22,0.7372615933418274,0.4756179749965668,0.026786532253026962,0.6926016211509705,707,256
55,1833,23,0.7939159274101257,0.48819541931152344,-0.06781300157308578,0.9999312162399292,762,263
55,1833,24,0.7835274934768677,0.4828692376613617,0.06766963005065918,0.9998825192451477,752,260
55,1833,25,0.7553407549858093,0.6160414814949036,-0.08841808140277863,0.9793512225151062,725,332
55,1833,26,0.7987973690032959,0.6111648678779602,0.048125818371772766,0.7623254656791687,766,330
55,1833,27,0.7376874089241028,0.761085569858551,-0.08976443856954575,0.9774991273880005,708,410
55,1833,28,0.8483996987342834,0.7203263640403748,0.08047547936439514,0.8874011039733887,814,388
55,1833,29,0.7434591054916382,0.7894470691680908,-0.09417399019002914,0.9246590733528137,713,426
55,1833,30,0.8647673726081848,0.7339780330657959,0.08224344253540039,0.8878445029258728,830,396
55,1833,31,0.6984815001487732,0.7812459468841553,-0.17252551019191742,0.9700866341590881,670,421
55,1833,32,0.826513409614563,0.7704897522926331,0.040033165365457535,0.9202248454093933,793,416
56,1866,0,0.7687851190567017,0.2556159794330597,-0.1093553975224495,0.998460590839386,738,138
56,1866,1,0.7705228924751282,0.24292896687984467,-0.10918108373880386,0.9975016117095947,739,131
56,1866,2,0.7721951603889465,0.2413582056760788,-0.10932254791259766,0.998109757900238,741,130
56,1866,3,0.7739818692207336,0.23986022174358368,-0.10928628593683243,0.9984741806983948,743,129
56,1866,4,0.7662668824195862,0.24659113585948944,-0.09403491765260696,0.9974908828735352,735,133
56,1866,5,0.7647930383682251,0.24745209515094757,-0.0942266434431076,0.9980440735816956,734,133
56,1866,6,0.7631586790084839,0.24840319156646729,-0.09431334584951401,0.998161792755127,732,134
56,1866,7,0.7802785634994507,0.23944848775863647,-0.0844593346118927,0.9993736147880554,749,129
56,1866,8,0.7656530141830444,0.2490396350622177,-0.014102906920015812,0.9968384504318237,735,134
56,1866,9,0.7734969854354858,0.26210135221481323,-0.09644685685634613,0.9990429878234863,742,141
56,1866,10,0.7694359421730042,0.26524317264556885,-0.07750245928764343,0.9982841610908508,738,143
56,1866,11,0.8044098615646362,0.30307668447494507,-0.09758096188306808,0.9999780058860779,772,163
56,1866,12,0.7722971439361572,0.3112783133983612,0.07172783464193344,0.9995989799499512,741,168
56,1866,13,0.8252413272857666,0.4076765179634094,-0.16053816676139832,0.9951918125152588,792,220
56,1866,14,0.7621652483940125,0.40386244654655457,0.09753266721963882,0.2114214450120926,731,218
56,1866,15,0.8462023138999939,0.4924807548522949,-0.2299896776676178,0.984897792339325,812,265
56,1866,16,0.7349001169204712,0.45960673689842224,0.037019696086645126,0.6859267354011536,705,248
56,1866,17,0.8557148575782776,0.5170732736587524,-0.2526003122329712,0.9754447340965271,821,279
56,1866,18,0.7274326086044312,0.483024537563324,0.02947360835969448,0.7042890191078186,698,260
56,1866,19,0.8525470495223999,0.5216587781906128,-0.2649390995502472,0.9769706130027771,818,281
56,1866,20,0.7256028056144714,0.4835110604763031,0.004349228460341692,0.7152043581008911,696,261
56,1866,21,0.8476858139038086,0.5136524438858032,-0.23579692840576172,0.9649389982223511,813,277
56,1866,22,0.7298383116722107,0.4769638478755951,0.02377951703965664,0.7081558108329773,700,257
56,1866,23,0.7855023741722107,0.48749953508377075,-0.06771243363618851,0.9999353289604187,754,263
56,1866,24,0.7737143635749817,0.4827286899089813,0.06757213920354843,0.9998891353607178,742,260
56,1866,25,0.7475568652153015,0.6166296601295471,-0.08374542742967606,0.9811531901359558,717,332
56,1866,26,0.7847314476966858,0.6109263300895691,0.045384567230939865,0.7820336818695068,753,329
56,1866,27,0.736457884311676,0.7618014812469482,-0.07068660110235214,0.9796772003173828,706,411
56,1866,28,0.8388038277626038,0.7161755561828613,0.07509570568799973,0.8973630666732788,805,386
56,1866,29,0.7434749603271484,0.7901652455329895,-0.0730334147810936,0.9318116903305054,713,426
56,1866,30,0.8562228083610535,0.7209291458129883,0.07672031968832016,0.8977272510528564,821,389
56,1866,31,0.6977337002754211,0.7882627844810486,-0.14693261682987213,0.9729833602905273,669,425
56,1866,32,0.8259323835372925,0.771500289440155,0.034186843782663345,0.9272421002388,792,416
57,1900,0,0.7641488909721375,0.2554836869239807,-0.07138705253601074,0.9985709190368652,733,137
57,1900,1,0.7668841481208801,0.24288217723369598,-0.07485593110322952,0.9976992011070251,736,131
57,1900,2,0.7686864733695984,0.24129652976989746,-0.07498620450496674,0.9982582330703735,737,130
57,1900,3,0.7704098224639893,0.23966296017169952,-0.0749526247382164,0.9985873103141785,739,129
57,1900,4,0.7640125751495361,0.24573785066604614,-0.057229816913604736,0.9977058172225952,733,132
57,1900,5,0.76339191198349,0.24629807472229004,-0.057415351271629333,0.9982128143310547,732,133
57,1900,6,0.7626001834869385,0.24693962931632996,-0.05749787762761116,0.9983185529708862,732,133
57,1900,7,0.7775489091873169,0.23922155797481537,-0.06884434819221497,0.9994165897369385,746,129
57,1900,8,0.7663114666938782,0.24800069630146027,0.012027699500322342,0.9971123337745667,735,133
57,1900,9,0.7693611979484558,0.2619844675064087,-0.06629392504692078,0.9991046786308289,738,141
57,1900,10,0.7655536532402039,0.26518407464027405,-0.044134095311164856,0.9984062314033508,734,143
57,1900,11,0.8019545674324036,0.30289363861083984,-0.09584985673427582,0.9999780654907227,769,163
57,1900,12,0.7699992656707764,0.31234532594680786,0.09121694415807724,0.9996145367622375,739,168
57,1900,13,0.8222665190696716,0.4070342779159546,-0.1581358015537262,0.9953518509864807,789,219
57,1900,14,0.7611475586891174,0.405960351228714,0.11850476264953613,0.21036991477012634,730,219
57,1900,15,0.8442860841751099,0.4917910099029541,-0.22202716767787933,0.9858008623123169,810,265
57,1900,16,0.7355157732963562,0.4630645513534546,0.05631110444664955,0.7060641050338745,706,250
57,1900,17,0.8547112345695496,0.5166130065917969,-0.244197279214859,0.9769566655158997,820,278
57,1900,18,0.7267858982086182,0.4864467978477478,0.04863239452242851,0.7233966588973999,697,262
57,1900,19,0.8507226705551147,0.5213173627853394,-0.2559118866920471,0.9784279465675354,816,281
57,1900,20,0.7259074449539185,0.4876508414745331,0.02396964468061924,0.7341984510421753,696,263
57,1900,21,0.8453009128570557,0.5135508179664612,-0.2274063527584076,0.9673123359680176,811,277
57,1900,22,0.7306892275810242,0.48123112320899963,0.04309110343456268,0.7271425127983093,701,259
57,1900,23,0.7838314771652222,0.48695001006126404,-0.06812163442373276,0.9999399781227112,752,262
57,1900,24,0.7731278538703918,0.48240306973457336,0.06798310577869415,0.9998970627784729,742,260
57,1900,25,0.7457879185676575,0.6169312000274658,-0.0821441039443016,0.9826648831367493,715,333
57,1900,26,0.7839891314506531,0.6119604110717773,0.044014643877744675,0.7978471517562866,752,330
57,1900,27,0.7358400225639343,0.7637966871261597,-0.06706250458955765,0.9815946817398071,706,412
57,1900,28,0.8367633819580078,0.715394914150238,0.07375713437795639,0.9058786034584045,803,386
57,1900,29,0.7429161667823792,0.7914215326309204,-0.06953707337379456,0.9379774332046509,713,427
57,1900,30,0.8543611764907837,0.7208557724952698,0.07535292208194733,0.9061639308929443,820,389
57,1900,31,0.6957229375839233,0.7904229760169983,-0.14347542822360992,0.9755386710166931,667,426
57,1900,32,0.8250259757041931,0.7732508778572083,0.03315829113125801,0.9332812428474426,792,417
58,1933,0,0.7553883790969849,0.2547479271888733,-0.07714889943599701,0.9986743330955505,725,137
58,1933,1,0.7570899724960327,0.24171678721904755,-0.08504227548837662,0.9978841543197632,726,130
58,1933,2,0.7584169507026672,0.24021267890930176,-0.08518221229314804,0.9983971118927002,728,129
58,1933,3,0.7598837018013,0.23895218968391418,-0.0851716697216034,0.998694658279419,729,129
58,1933,4,0.7541354894638062,0.24381832778453827,-0.06484629213809967,0.9978966116905212,723,131
58,1933,5,0.7532768845558167,0.244325652718544,-0.06500611454248428,0.9983605742454529,723,131
58,1933,6,0.7522227168083191,0.24490271508693695,-0.06507046520709991,0.9984526038169861,722,132
58,1933,7,0.7669010758399963,0.23912851512432098,-0.08239526301622391,0.9994568824768066,736,129
58,1933,8,0.7561309933662415,0.24678486585617065,0.0014234938425943255,0.997338593006134,725,133
58,1933,9,0.7594872117042542,0.26193779706954956,-0.07563351839780807,0.9991429448127747,729,141
58,1933,10,0.7563493847846985,0.26495030522346497,-0.05109948292374611,0.9984784722328186,726,143
58,1933,11,0.792422890663147,0.302496075630188,-0.10834802687168121,0.9999776482582092,760,163
58,1933,12,0.7611192464828491,0.3120959401130676,0.08429327607154846,0.9995872974395752,730,168
58,1933,13,0.8133258819580078,0.40691545605659485,-0.16284193098545074,0.9955939650535583,780,219
58,1933,14,0.7540575265884399,0.4059014320373535,0.10442140698432922,0.20007041096687317,723,219
58,1933,15,0.8350324630737305,0.4919048249721527,-0.21932052075862885,0.9865195751190186,801,265
58,1933,16,0.7320027947425842,0.46381765604019165,0.03926354646682739,0.7016661167144775,702,250
58,1933,17,0.8435499668121338,0.5165870785713196,-0.24051231145858765,0.9781056642532349,809,278
58,1933,18,0.724620521068573,0.48704686760902405,0.0321664959192276,0.7223253846168518,695,263
58,1933,19,0.8406223058700562,0.5212262868881226,-0.2521771490573883,0.9795724153518677,806,281
58,1933,20,0.7233411073684692,0.48846694827079773,0.0088379280641675,0.734401285648346,694,263
58,1933,21,0.8359673619270325,0.513384997844696,-0.22442086040973663,0.9692561030387878,802,277
58,1933,22,0.7283650636672974,0.48139816522598267,0.026494532823562622,0.7275415658950806,699,259
58,1933,23,0.7762733697891235,0.4866972863674164,-0.06774599105119705,0.9999427795410156,745,262
58,1933,24,0.7644100785255432,0.4821709394454956,0.06761091202497482,0.9999006986618042,733,260
58,1933,25,0.7382677793502808,0.6168303489685059,-0.08140400797128677,0.9840113520622253,708,333
58,1933,26,0.7676412463188171,0.6110659837722778,0.05107200890779495,0.8065915107727051,736,329
58,1933,27,0.7348860502243042,0.7632070779800415,-0.06894982606172562,0.9833219051361084,705,412
58,1933,28,0.8271066546440125,0.7063736915588379,0.07501506060361862,0.9116684198379517,794,381
58,1933,29,0.7432188391685486,0.7908047437667847,-0.07179918140172958,0.9436601996421814,713,427
58,1933,30,0.8458036184310913,0.7070721387863159,0.07627201080322266,0.9121412634849548,811,381
58,1933,31,0.696115255355835,0.7916898131370544,-0.1449841558933258,0.9778510928153992,668,427
58,1933,32,0.8213117718696594,0.7721098065376282,0.03494632989168167,0.9376080632209778,788,416
59,1966,0,0.7542688846588135,0.2545614540576935,-0.08223429322242737,0.9986812472343445,724,137
59,1966,1,0.7568284869194031,0.24141845107078552,-0.08708357065916061,0.9979465007781982,726,130
59,1966,2,0.7582488656044006,0.24008384346961975,-0.08722302317619324,0.9984456896781921,727,129
59,1966,3,0.7596445083618164,0.23879311978816986,-0.0871959775686264,0.9987133741378784,729,128
59,1966,4,0.7541821599006653,0.24295741319656372,-0.06921522319316864,0.9979967474937439,724,131
59,1966,5,0.7536476254463196,0.24316692352294922,-0.06940243393182755,0.9984456896781921,723,131
59,1966,6,0.7529374957084656,0.24346400797367096,-0.06949372589588165,0.9985257387161255,722,131
59,1966,7,0.767532467842102,0.23892249166965485,-0.08176518231630325,0.9994576573371887,736,129
59,1966,8,0.7571098804473877,0.2451181709766388,-0.0012611872516572475,0.9974809885025024,726,132
59,1966,9,0.7592154741287231,0.2616468071937561,-0.07754985988140106,0.9991331696510315,728,141
59,1966,10,0.7561585307121277,0.26446831226348877,-0.05533794313669205,0.9984908103942871,725,142
59,1966,11,0.7923732995986938,0.30222269892692566,-0.1080591008067131,0.9999762773513794,760,163
59,1966,12,0.759590744972229,0.3120954632759094,0.0810990035533905,0.9995760321617126,729,168
59,1966,13,0.8118079900741577,0.40676558017730713,-0.1624058187007904,0.9957048892974854,779,219
59,1966,14,0.7523282170295715,0.40715619921684265,0.10459772497415543,0.1941898614168167,722,219
59,1966,15,0.8337424397468567,0.4919445514678955,-0.22291116416454315,0.9870208501815796,800,265
59,1966,16,0.72983717918396,0.4658430814743042,0.0396379679441452,0.7077797651290894,700,251
59,1966,17,0.8427368998527527,0.5165438652038574,-0.24477475881576538,0.9789817929267883,809,278
59,1966,18,0.7226495742797852,0.4901939034461975,0.03237500041723251,0.7291874885559082,693,264
59,1966,19,0.8404167890548706,0.5211799740791321,-0.25594228506088257,0.9804531335830688,806,281
59,1966,20,0.7218421697616577,0.4913747012615204,0.00887775793671608,0.7418571710586548,692,265
59,1966,21,0.8354858160018921,0.5132646560668945,-0.22794117033481598,0.9707905054092407,802,277
59,1966,22,0.7255489826202393,0.4832596480846405,0.026875285431742668,0.734638512134552,696,260
59,1966,23,0.7764701247215271,0.48661407828330994,-0.06765266507863998,0.9999459385871887,745,262
59,1966,24,0.7632282376289368,0.4819813370704651,0.06752019375562668,0.9999057650566101,732,260
59,1966,25,0.7368192076683044,0.6165838837623596,-0.08308883011341095,0.9852840900421143,707,332
59,1966,26,0.7659581303596497,0.610698401927948,0.05102141201496124,0.8184394240379333,735,329
59,1966,27,0.7348506450653076,0.7638170719146729,-0.07341527938842773,0.9849028587341309,705,412
59,1966,28,0.8251935243606567,0.7029402852058411,0.0734155997633934,0.9183697700500488,792,379
59,1966,29,0.7436074018478394,0.7911301851272583,-0.07628121972084045,0.9487705230712891,713,427
59,1966,30,0.8429529070854187,0.7035025358200073,0.07418391108512878,0.9184984564781189,809,379
59,1966,31,0.6949284672737122,0.7924538254737854,-0.15385746955871582,0.9799532294273376,667,427
59,1966,32,0.8216630816459656,0.7713010907173157,0.028012385591864586,0.9423354268074036,788,416
60,2000,0,0.7431171536445618,0.24786487221717834,-0.07273921370506287,0.9987565875053406,713,133
60,2000,1,0.745021641254425,0.2355215698480606,-0.07920214533805847,0.9980942010879517,715,127
60,2000,2,0.7459132075309753,0.23474407196044922,-0.07934320718050003,0.9985581636428833,716,126
60,2000,3,0.746722936630249,0.2339468002319336,-0.07931450754404068,0.998803973197937,716,126
60,2000,4,0.7433865070343018,0.23679152131080627,-0.06155300512909889,0.9981409907341003,713,127
60,2000,5,0.743058979511261,0.23720017075538635,-0.06173837184906006,0.998555064201355,713,128
60,2000,6,0.7425023317337036,0.23759280145168304,-0.06181837618350983,0.9986227750778198,712,128
60,2000,7,0.753501296043396,0.2367967963218689,-0.08037318289279938,0.9994943737983704,723,127
60,2000,8,0.7468825578689575,0.242142915725708,-0.0001531898888060823,0.9976436495780945,717,130
60,2000,9,0.7475902438163757,0.2572188377380371,-0.06988243758678436,0.9991626143455505,717,138
60,2000,10,0.7454675436019897,0.2593315541744232,-0.04798370972275734,0.9985272884368896,715,140
60,2000,11,0.7782596945762634,0.30001750588417053,-0.10845300555229187,0.999977171421051,747,162
60,2000,12,0.7522480487823486,0.3086569011211395,0.08046785742044449,0.9995078444480896,722,166
60,2000,13,0.7982360124588013,0.4047718048095703,-0.15925829112529755,0.9959419965744019,766,218
60,2000,14,0.7510836720466614,0.4040951132774353,0.1050744354724884,0.1783837229013443,721,218
60,2000,15,0.8180615901947021,0.4919140338897705,-0.1957387924194336,0.9876115918159485,785,265
60,2000,16,0.7314031720161438,0.46566876769065857,0.04870574176311493,0.6593169569969177,702,251
60,2000,17,0.8262775540351868,0.5165016055107117,-0.21381829679012299,0.9798873066902161,793,278
60,2000,18,0.7262871265411377,0.4899546802043915,0.04348747432231903,0.6843855381011963,697,264
60,2000,19,0.823174238204956,0.5210947394371033,-0.2219710350036621,0.9813107848167419,790,281
60,2000,20,0.7240636944770813,0.4909343123435974,0.022169914096593857,0.6978850960731506,695,265
60,2000,21,0.8182518482208252,0.5131831765174866,-0.19871336221694946,0.9721939563751221,785,277
60,2000,22,0.7280101776123047,0.4823029041290283,0.03690214082598686,0.6921327710151672,698,260
60,2000,23,0.7690128087997437,0.4854086935520172,-0.06639537960290909,0.9999492764472961,738,262
60,2000,24,0.7549335360527039,0.48146510124206543,0.06628786772489548,0.9999087452888489,724,259
60,2000,25,0.7310035228729248,0.6164610385894775,-0.07967359572649002,0.9863561987876892,701,332
60,2000,26,0.7486905455589294,0.6098118424415588,0.05516182258725166,0.8179452419281006,718,329
60,2000,27,0.7341870069503784,0.763599693775177,-0.07516786456108093,0.9862898588180542,704,412
60,2000,28,0.8119605183601379,0.6963546276092529,0.08140187710523605,0.9198605418205261,779,376
60,2000,29,0.7438095211982727,0.7906903028488159,-0.07821020483970642,0.9532676935195923,714,426
60,2000,30,0.8296589255332947,0.6941305994987488,0.08273131400346756,0.9202257394790649,796,374
60,2000,31,0.6946703791618347,0.7925466895103455,-0.15259502828121185,0.9818057417869568,666,427
60,2000,32,0.8075964450836182,0.7589461207389832,0.04383918270468712,0.9438580274581909,775,409
61,2033,0,0.7425210475921631,0.24678896367549896,-0.06437533348798752,0.9988095760345459,712,133
61,2033,1,0.7441995739936829,0.23417946696281433,-0.07062975317239761,0.9982059597969055,714,126
61,2033,2,0.7448216676712036,0.2335333526134491,-0.07077343016862869,0.998650312423706,715,126
61,2033,3,0.7452608346939087,0.2330091893672943,-0.07074340432882309,0.9988710284233093,715,125
61,2033,4,0.743689775466919,0.2347860336303711,-0.05374421179294586,0.998258650302887,713,126
61,2033,5,0.7438192963600159,0.2348947525024414,-0.05393794924020767,0.9986525177955627,714,126
61,2033,6,0.7437571883201599,0.23501601815223694,-0.0540224127471447,0.9987058043479919,714,126
61,2033,7,0.7518987655639648,0.23567703366279602,-0.07426785677671432,0.9995248913764954,721,127
61,2033,8,0.7481058239936829,0.23916417360305786,0.0029992375057190657,0.9977974891662598,718,129
61,2033,9,0.7466305494308472,0.2560702860355377,-0.062311939895153046,0.9991903901100159,716,138
61,2033,10,0.7450883984565735,0.25823116302490234,-0.04141412675380707,0.9985767602920532,715,139
61,2033,11,0.7789563536643982,0.2998846173286438,-0.10557873547077179,0.9999781250953674,747,161
61,2033,12,0.748676061630249,0.30874744057655334,0.08105938136577606,0.9994814991950989,718,166
61,2033,13,0.7992057204246521,0.4047468900680542,-0.14265456795692444,0.9962393641471863,767,218
61,2033,14,0.7466983199119568,0.40436482429504395,0.10594924539327621,0.16920703649520874,716,218
61,2033,15,0.8150646686553955,0.49196064472198486,-0.17509861290454865,0.9885486960411072,782,265
61,2033,16,0.7302550077438354,0.46591317653656006,0.04939764365553856,0.6349557638168335,701,251
61,2033,17,0.8222383856773376,0.5164872407913208,-0.192075714468956,0.9813798069953918,789,278
61,2033,18,0.7236328125,0.4913138449192047,0.04403965175151825,0.662471354007721,694,265
61,2033,19,0.8202617764472961,0.5210310816764832,-0.2009328454732895,0.982703685760498,787,281
61,2033,20,0.7220327854156494,0.49181410670280457,0.022422533482313156,0.6771921515464783,693,265
61,2033,21,0.8159404993057251,0.5131102204322815,-0.17826062440872192,0.9743132591247559,783,277
61,2033,22,0.7251039743423462,0.48257485032081604,0.03751969709992409,0.6721332669258118,696,260
61,2033,23,0.7679258584976196,0.48526352643966675,-0.06414507329463959,0.9999529719352722,737,262
61,2033,24,0.7519176602363586,0.48135337233543396,0.06405927240848541,0.9999134540557861,721,259
61,2033,25,0.7303536534309387,0.6149677038192749,-0.07953070849180222,0.9876023530960083,701,332
61,2033,26,0.747724175453186,0.6090449094772339,0.05558927729725838,0.8309172987937927,717,328
61,2033,27,0.7330894470214844,0.7635313272476196,-0.0775563195347786,0.9876149296760559,703,412
61,2033,28,0.8101893663406372,0.6928688287734985,0.08381194621324539,0.9263502955436707,777,374
61,2033,29,0.7438228726387024,0.7904022932052612,-0.08088531345129013,0.9576228857040405,714,426
61,2033,30,0.8280454874038696,0.6907177567481995,0.08527850359678268,0.9259738922119141,794,372
61,2033,31,0.6928762793540955,0.7923690676689148,-0.1531289666891098,0.9835674166679382,665,427
61,2033,32,0.8078195452690125,0.75516277551651,0.04489687457680702,0.9483503699302673,775,407
62,2066,0,0.7332748770713806,0.24418620765209198,-0.07251245528459549,0.9984514117240906,703,131
62,2066,1,0.7350205183029175,0.23158758878707886,-0.07148885726928711,0.9979780316352844,705,125
62,2066,2,0.7357760071754456,0.231143981218338,-0.07154875248670578,0.998501718044281,706,124
62,2066,3,0.7363975644111633,0.2307286262512207,-0.07149101048707962,0.9987691640853882,706,124
62,2066,4,0.7340017557144165,0.23223109543323517,-0.05849882587790489,0.9979330897331238,704,125
62,2066,5,0.7340989708900452,0.23243719339370728,-0.05867506563663483,0.9983542561531067,704,125
62,2066,6,0.7339648008346558,0.23263415694236755,-0.05872787907719612,0.9983652234077454,704,125
62,2066,7,0.7436366677284241,0.23288226127624512,-0.08916500955820084,0.9994722008705139,713,125
62,2066,8,0.7398598790168762,0.23701640963554382,-0.006521552335470915,0.9970658421516418,710,127
62,2066,9,0.7376860976219177,0.25437599420547485,-0.06279973685741425,0.9988492131233215,708,137
62,2066,10,0.7362987399101257,0.2558632791042328,-0.04576905444264412,0.9977344870567322,706,138
62,2066,11,0.7690638303756714,0.29987046122550964,-0.12039806693792343,0.9999769330024719,738,161
62,2066,12,0.7453363537788391,0.3057939410209656,0.07676373422145844,0.9987090229988098,715,165
62,2066,13,0.7845516800880432,0.40441104769706726,-0.14466817677021027,0.9962503910064697,753,218
62,2066,14,0.7482776045799255,0.40409979224205017,0.10038574784994125,0.15262368321418762,718,218
62,2066,15,0.7970393896102905,0.4916689395904541,-0.1658553034067154,0.9878764152526855,765,265
62,2066,16,0.7468051314353943,0.47110435366630554,0.04903726279735565,0.5719463229179382,716,254
62,2066,17,0.8062241673469543,0.5141838192939758,-0.18213273584842682,0.980198860168457,773,277
62,2066,18,0.7478685975074768,0.49238321185112,0.043594665825366974,0.5971810817718506,717,265
62,2066,19,0.8026560544967651,0.5190816521644592,-0.18940681219100952,0.9815040230751038,770,280
62,2066,20,0.7441222667694092,0.49226322770118713,0.02458442933857441,0.6104665398597717,714,265
62,2066,21,0.7979218363761902,0.5114930272102356,-0.16766725480556488,0.9724922776222229,766,276
62,2066,22,0.744001030921936,0.48379024863243103,0.03808595612645149,0.606044590473175,714,261
62,2066,23,0.7575092911720276,0.4851539433002472,-0.06418856233358383,0.9999546408653259,727,261
62,2066,24,0.744545578956604,0.4812755584716797,0.06409365683794022,0.9999074339866638,714,259
62,2066,25,0.7289456129074097,0.6150054335594177,-0.06708409637212753,0.9883559942245483,699,332
62,2066,26,0.732870876789093,0.5983050465583801,0.06590749323368073,0.8136323690414429,703,323
62,2066,27,0.7332397699356079,0.7635284662246704,-0.04782606288790703,0.9886974692344666,703,412
62,2066,28,0.7935580611228943,0.6862221956253052,0.10196862369775772,0.9223307967185974,761,370
62,2066,29,0.7446669936180115,0.7914507985115051,-0.049516089260578156,0.9607502222061157,714,427
62,2066,30,0.8115249872207642,0.6880146861076355,0.10365576297044754,0.9217503666877747,779,371
62,2066,31,0.6937648057937622,0.793498158454895,-0.12081281840801239,0.9849434494972229,666,428
62,2066,32,0.7784378528594971,0.7425156831741333,0.06378442794084549,0.9455093741416931,747,400
63,2100,0,0.7334397435188293,0.24224144220352173,-0.07770922034978867,0.9982702732086182,704,130
63,2100,1,0.7351120114326477,0.2299596518278122,-0.08331000804901123,0.9979274272918701,705,124
63,2100,2,0.73618084192276,0.22935402393341064,-0.0834430679678917,0.9984887838363647,706,123
63,2100,3,0.7370290160179138,0.2287505567073822,-0.0834132730960846,0.9987562894821167,707,123
63,2100,4,0.73404860496521,0.23085185885429382,-0.06715679168701172,0.9978280663490295,704,124
63,2100,5,0.734067976474762,0.23107975721359253,-0.06736307591199875,0.998264491558075,704,124
63,2100,6,0.7338916659355164,0.23126916587352753,-0.06747354567050934,0.9982232451438904,704,124
63,2100,7,0.7444215416908264,0.23000390827655792,-0.09469867497682571,0.9994724988937378,714,124
63,2100,8,0.7385690808296204,0.23521094024181366,-0.013426264747977257,0.9968367218971252,709,127
63,2100,9,0.7383730411529541,0.2515806555747986,-0.073600634932518,0.9987336993217468,708,135
63,2100,10,0.7364183664321899,0.25331422686576843,-0.05329573526978493,0.997404158115387,706,136
63,2100,11,0.7687472701072693,0.299465537071228,-0.12430551648139954,0.9999769926071167,737,161
63,2100,12,0.7438843250274658,0.30483993887901306,0.07236973941326141,0.9982564449310303,714,164
63,2100,13,0.7830309271812439,0.4034077525138855,-0.14423084259033203,0.9964599609375,751,217
63,2100,14,0.7510527968406677,0.4035463035106659,0.09844993054866791,0.1382734179496765,721,217
63,2100,15,0.7964221835136414,0.4904242157936096,-0.15582071244716644,0.9883213043212891,764,264
63,2100,16,0.7593299746513367,0.4755386412143707,0.04959424212574959,0.5158437490463257,728,256
63,2100,17,0.8052392601966858,0.5120327472686768,-0.17132635414600372,0.9808231592178345,773,276
63,2100,18,0.7621574401855469,0.49670806527137756,0.04406330734491348,0.5394510626792908,731,268
63,2100,19,0.8006225824356079,0.5174277424812317,-0.17944127321243286,0.982074499130249,768,279
63,2100,20,0.7587167620658875,0.49533775448799133,0.026786254718899727,0.551460862159729,728,267
63,2100,21,0.795217752456665,0.5096078515052795,-0.1577272117137909,0.9733824133872986,763,275
63,2100,22,0.7580711245536804,0.4868040382862091,0.03961235657334328,0.5477893352508545,727,262
63,2100,23,0.7573066353797913,0.48507872223854065,-0.06523007899522781,0.9999575614929199,727,261
63,2100,24,0.7417253255844116,0.4813688397407532,0.06517455726861954,0.9999088644981384,712,259
63,2100,25,0.7276824712753296,0.6148011684417725,-0.06962072849273682,0.989422619342804,698,331
63,2100,26,0.73090660572052,0.5943609476089478,0.07024504244327545,0.8259972333908081,701,320
63,2100,27,0.7330092787742615,0.7635627388954163,-0.05240914598107338,0.9897897839546204,703,412
63,2100,28,0.7909532785415649,0.6862325668334961,0.11001618951559067,0.9282700419425964,759,370
63,2100,29,0.7443714737892151,0.7915131449699402,-0.05383870750665665,0.9642217755317688,714,427
63,2100,30,0.8100554943084717,0.6864786148071289,0.11247672140598297,0.9267948269844055,777,370
63,2100,31,0.6943661570549011,0.7939469218254089,-0.12739711999893188,0.9863699078559875,666,428
63,2100,32,0.7775812149047852,0.7385736107826233,0.07255936414003372,0.9493504762649536,746,398
64,2133,0,0.7231164574623108,0.24170082807540894,-0.07375688850879669,0.9971124529838562,694,130
64,2133,1,0.7251317501068115,0.228545680642128,-0.08324095606803894,0.9970421195030212,696,123
64,2133,2,0.7260027527809143,0.22788198292255402,-0.08338892459869385,0.9978351593017578,696,123
64,2133,3,0.7267435789108276,0.2272919863462448,-0.0833624079823494,0.9982887506484985,697,122
64,2133,4,0.724047839641571,0.22969943284988403,-0.0650777667760849,0.9966930747032166,695,124
64,2133,5,0.7240950465202332,0.2299584597349167,-0.06528479605913162,0.9972565174102783,695,124
64,2133,6,0.7239488959312439,0.23026561737060547,-0.06540551781654358,0.9972466230392456,694,124
64,2133,7,0.7348336577415466,0.22839611768722534,-0.09829220920801163,0.9992568492889404,705,123
64,2133,8,0.7301919460296631,0.23400701582431793,-0.013099085539579391,0.9952120780944824,700,126
64,2133,9,0.7281750440597534,0.25046297907829285,-0.07375502586364746,0.9979424476623535,699,135
64,2133,10,0.7269311547279358,0.2518048584461212,-0.05119217932224274,0.9956452250480652,697,135
64,2133,11,0.7599693536758423,0.2971170246601105,-0.13359563052654266,0.9999755620956421,729,160
64,2133,12,0.7398092150688171,0.3003824055194855,0.06852219253778458,0.9975872039794922,710,162
64,2133,13,0.7713812589645386,0.4030724763870239,-0.15735389292240143,0.9965580701828003,740,217
64,2133,14,0.7491964101791382,0.4035528898239136,0.09498096257448196,0.12478138506412506,719,217
64,2133,15,0.777894914150238,0.49082809686660767,-0.16625091433525085,0.9872370958328247,746,265
64,2133,16,0.7599485516548157,0.48204222321510315,0.053387127816677094,0.4646422266960144,729,260
64,2133,17,0.7862178087234497,0.5135191679000854,-0.18199819326400757,0.9786638617515564,754,277
64,2133,18,0.7622384428977966,0.505263090133667,0.04883166030049324,0.4862363934516907,731,272
64,2133,19,0.7824932932853699,0.5184232592582703,-0.18850213289260864,0.9798163175582886,751,279
64,2133,20,0.7589760422706604,0.5040160417556763,0.033109474927186966,0.4970685541629791,728,272
64,2133,21,0.7780572175979614,0.5103626251220703,-0.16750149428844452,0.9699146151542664,746,275
64,2133,22,0.7584947943687439,0.49460697174072266,0.044451575726270676,0.49387821555137634,728,267
64,2133,23,0.7430806756019592,0.4846712350845337,-0.06554839760065079,0.9999589920043945,713,261
64,2133,24,0.7308963537216187,0.48053011298179626,0.0655205249786377,0.9999052286148071,701,259
64,2133,25,0.720358669757843,0.6145318150520325,-0.0709923803806305,0.9896814227104187,691,331
64,2133,26,0.7163498401641846,0.5949656963348389,0.06494830548763275,0.7914188504219055,687,321
64,2133,27,0.7323617339134216,0.7633050084114075,-0.05754192918539047,0.9905122518539429,703,412
64,2133,28,0.7740980982780457,0.6895347237586975,0.08513722568750381,0.9069995880126953,743,372
64,2133,29,0.7433373332023621,0.7907344102859497,-0.059532538056373596,0.9658764004707336,713,426
64,2133,30,0.7929748296737671,0.6921811699867249,0.08541323989629745,0.9104552865028381,761,373
64,2133,31,0.6942933201789856,0.7932160496711731,-0.13055147230625153,0.9871702790260315,666,428
64,2133,32,0.7661699056625366,0.7399337291717529,0.047577835619449615,0.9346573352813721,735,399
65,2166,0,0.7220739126205444,0.23903828859329224,-0.0976155623793602,0.9962616562843323,693,129
65,2166,1,0.7247174382209778,0.2250984162092209,-0.10605555027723312,0.9963560700416565,695,121
65,2166,2,0.7260074615478516,0.22434252500534058,-0.10622603446245193,0.9973255395889282,696,121
65,2166,3,0.7271971106529236,0.22358453273773193,-0.10619594901800156,0.9979056119918823,698,120
65,2166,4,0.7225723266601562,0.22709199786186218,-0.08878865092992783,0.9958711266517639,693,122
65,2166,5,0.7223642468452454,0.22765564918518066,-0.08900202065706253,0.9965257048606873,693,122
65,2166,6,0.7219159007072449,0.2283271700143814,-0.08914179354906082,0.9965226650238037,693,123
65,2166,7,0.7358039021492004,0.22391588985919952,-0.10988512635231018,0.9990614652633667,706,120
65,2166,8,0.7271637320518494,0.2323618084192276,-0.03044714219868183,0.9937775135040283,698,125
65,2166,9,0.7273262739181519,0.2480948269367218,-0.0942525789141655,0.9971237182617188,698,133
65,2166,10,0.7254322171211243,0.25006797909736633,-0.07279859483242035,0.9938973188400269,696,135
65,2166,11,0.7599729299545288,0.2959285378456116,-0.13522085547447205,0.9999722242355347,729,159
65,2166,12,0.736822783946991,0.29730501770973206,0.054664235562086105,0.9967331886291504,707,160
65,2166,13,0.7684468030929565,0.40322452783584595,-0.1567414551973343,0.996093213558197,737,217
65,2166,14,0.7431660294532776,0.4034102261066437,0.08253265172243118,0.11261310428380966,713,217
65,2166,15,0.775891900062561,0.4922313690185547,-0.16798795759677887,0.984104335308075,744,265
65,2166,16,0.7588169574737549,0.4854542016983032,0.04167873412370682,0.41864627599716187,728,262
65,2166,17,0.7839112877845764,0.5157117247581482,-0.18396726250648499,0.9738211631774902,752,278
65,2166,18,0.7566385269165039,0.5088602900505066,0.036144986748695374,0.43857330083847046,726,274
65,2166,19,0.7801429629325867,0.5206018686294556,-0.19179503619670868,0.9751741886138916,748,281
65,2166,20,0.7538621425628662,0.5067484974861145,0.021995482966303825,0.4483463168144226,723,273
65,2166,21,0.7744399905204773,0.5119200944900513,-0.16980695724487305,0.9632464051246643,743,276
65,2166,22,0.7552583813667297,0.4974863827228546,0.03346335142850876,0.4455585181713104,725,268
65,2166,23,0.7450124025344849,0.4846380650997162,-0.06547889113426208,0.9999580383300781,715,261
65,2166,24,0.7301748991012573,0.4804891049861908,0.06545538455247879,0.9998928904533386,700,259
65,2166,25,0.7197262644767761,0.6144294738769531,-0.07168103009462357,0.9896672964096069,690,331
65,2166,26,0.7151431441307068,0.5946535468101501,0.08518213778734207,0.7476480007171631,686,321
65,2166,27,0.7325100302696228,0.7615832686424255,-0.058338142931461334,0.9911478161811829,703,411
65,2166,28,0.7709856033325195,0.689842939376831,0.12248938530683517,0.8844614624977112,740,372
65,2166,29,0.7438688278198242,0.7904829978942871,-0.06038382276892662,0.9671172499656677,714,426
65,2166,30,0.7879976034164429,0.6948909163475037,0.12439445406198502,0.8913995027542114,756,375
65,2166,31,0.6949449777603149,0.7929754853248596,-0.1339535415172577,0.987935483455658,667,428
65,2166,32,0.7542988061904907,0.7377257943153381,0.08474809676408768,0.9199579358100891,724,398
66,2200,0,0.713005006313324,0.23957301676273346,-0.09727301448583603,0.9945021271705627,684,129
66,2200,1,0.7147970795631409,0.22523099184036255,-0.10221266746520996,0.9950656294822693,686,121
66,2200,2,0.7152737379074097,0.2244952768087387,-0.10237952321767807,0.9962738156318665,686,121
66,2200,3,0.7156246304512024,0.22379934787750244,-0.10234615206718445,0.997065544128418,686,120
66,2200,4,0.7137523293495178,0.2273777723312378,-0.08483859896659851,0.9943581223487854,685,122
66,2200,5,0.7139599323272705,0.22771023213863373,-0.08504772186279297,0.9952201247215271,685,122
66,2200,6,0.7149248123168945,0.2278977930545807,-0.08517364412546158,0.9952672123908997,686,123
66,2200,7,0.7228929400444031,0.2242482453584671,-0.11417928338050842,0.9987285733222961,693,121
66,2200,8,0.7216275930404663,0.23044487833976746,-0.0320279523730278,0.9921578764915466,692,124
66,2200,9,0.7180407047271729,0.2481781542301178,-0.09093339741230011,0.9950940012931824,689,134
66,2200,10,0.7174192667007446,0.24985167384147644,-0.06946978718042374,0.9900851845741272,688,134
66,2200,11,0.7462062835693359,0.29303982853889465,-0.14420244097709656,0.9999611973762512,716,158
66,2200,12,0.7323647737503052,0.2939774990081787,0.04912504926323891,0.9955646395683289,703,158
66,2200,13,0.753882646560669,0.4031077027320862,-0.16067185997962952,0.9905475378036499,723,217
66,2200,14,0.7370068430900574,0.40342018008232117,0.07134905457496643,0.10148239880800247,707,217
66,2200,15,0.7547271251678467,0.49240899085998535,-0.15345586836338043,0.9525068402290344,724,265
66,2200,16,0.7411572933197021,0.48436105251312256,0.03403783217072487,0.3769407570362091,711,261
66,2200,17,0.7559801340103149,0.5167734622955322,-0.16531936824321747,0.939659833908081,725,279
66,2200,18,0.7408741116523743,0.5069467425346375,0.02974681369960308,0.39509761333465576,711,273
66,2200,19,0.7527477741241455,0.5205756425857544,-0.17078760266304016,0.9415223002433777,722,281
66,2200,20,0.7366096377372742,0.5052040219306946,0.015929892659187317,0.40391072630882263,707,272
66,2200,21,0.7511943578720093,0.5119025707244873,-0.15373088419437408,0.9216485619544983,721,276
66,2200,22,0.7369983792304993,0.496470183134079,0.02589515969157219,0.4014630615711212,707,268
66,2200,23,0.736311137676239,0.495736300945282,-0.06555377691984177,0.9999492764472961,706,267
66,2200,24,0.7227715253829956,0.48734983801841736,0.06554250419139862,0.9998599886894226,693,263
66,2200,25,0.7215597033500671,0.622642993927002,-0.03394980728626251,0.9874095916748047,692,336
66,2200,26,0.6999927759170532,0.5939229726791382,0.09471763670444489,0.6997131705284119,671,320
66,2200,27,0.7319779992103577,0.7595143914222717,0.01873706839978695,0.9908541440963745,702,410
66,2200,28,0.7464523315429688,0.6816803812980652,0.1489119529724121,0.8460800051689148,716,368
66,2200,29,0.7438713908195496,0.7903798818588257,0.02123408205807209,0.9638986587524414,714,426
66,2200,30,0.7583035826683044,0.6930077075958252,0.1532975733280182,0.8642876744270325,727,374
66,2200,31,0.6941125392913818,0.7927300333976746,-0.03672993183135986,0.9868907928466797,666,428
66,2200,32,0.7290964126586914,0.7205381393432617,0.12628266215324402,0.8918004035949707,699,389
67,2233,0,0.7133615016937256,0.23695245385169983,-0.10698959976434708,0.9942463040351868,684,127
67,2233,1,0.7144699096679688,0.223322793841362,-0.11734054237604141,0.9948778748512268,685,120
67,2233,2,0.7148820757865906,0.22273682057857513,-0.11752595752477646,0.996128499507904,686,120
67,2233,3,0.7153599858283997,0.22217898070812225,-0.1174807921051979,0.9969253540039062,686,119
67,2233,4,0.7143106460571289,0.22447864711284637,-0.09976626932621002,0.9941748976707458,685,121
67,2233,5,0.714613676071167,0.2245052605867386,-0.09998779743909836,0.9950919151306152,686,121
67,2233,6,0.7148302793502808,0.22503958642482758,-0.10012443363666534,0.995128333568573,686,121
67,2233,7,0.7224892377853394,0.2230568379163742,-0.13019640743732452,0.9986780881881714,693,120
67,2233,8,0.7207852005958557,0.22752395272254944,-0.049806106835603714,0.9919912219047546,691,122
67,2233,9,0.7178046107292175,0.24587193131446838,-0.10539087653160095,0.9947541952133179,689,132
67,2233,10,0.7170013785362244,0.24679890275001526,-0.08368364721536636,0.9895187616348267,688,133
67,2233,11,0.7443798184394836,0.2904145419597626,-0.15923790633678436,0.9999573826789856,714,156
67,2233,12,0.7306549549102783,0.29268282651901245,0.03541666641831398,0.9950793981552124,701,158
67,2233,13,0.753646731376648,0.4029872417449951,-0.17269200086593628,0.9881675243377686,723,217
67,2233,14,0.7351800799369812,0.4033592939376831,0.05715649574995041,0.0915888175368309,705,217
67,2233,15,0.7535167932510376,0.49381715059280396,-0.16176670789718628,0.9376206398010254,723,266
67,2233,16,0.7370458841323853,0.4856293797492981,0.015184610150754452,0.33957022428512573,707,262
67,2233,17,0.7538100481033325,0.521956741809845,-0.1748064011335373,0.9218674302101135,723,281
67,2233,18,0.7375355958938599,0.5079979300498962,0.009990688413381577,0.356323778629303,708,274
67,2233,19,0.7488859295845032,0.5235740542411804,-0.18069413304328918,0.9241330027580261,718,282
67,2233,20,0.7332051992416382,0.5060429573059082,-0.004744745325297117,0.36429068446159363,703,273
67,2233,21,0.7475370764732361,0.5135089755058289,-0.16235962510108948,0.8979389071464539,717,277
67,2233,22,0.7334532141685486,0.4975462257862091,0.006727233063429594,0.36215904355049133,704,268
67,2233,23,0.73675137758255,0.49796250462532043,-0.06551914662122726,0.9999423027038574,707,268
67,2233,24,0.722222626209259,0.48939213156700134,0.06551332771778107,0.9998313784599304,693,264
67,2233,25,0.7223206162452698,0.6267794966697693,-0.0350908562541008,0.9865334630012512,693,338
67,2233,26,0.7011595368385315,0.5944023132324219,0.09521236270666122,0.6660396456718445,673,320
67,2233,27,0.7318688631057739,0.7595530152320862,0.012836512178182602,0.9908765554428101,702,410
67,2233,28,0.7460197806358337,0.6796758770942688,0.1502188891172409,0.8211908340454102,716,367
67,2233,29,0.7434785962104797,0.7891436219215393,0.014512517489492893,0.9619612097740173,713,426
67,2233,30,0.7581016421318054,0.6925815343856812,0.15443357825279236,0.844312846660614,727,373
67,2233,31,0.6941632628440857,0.7926391363143921,-0.048525646328926086,0.986697256565094,666,428
67,2233,32,0.7279535531997681,0.7180289030075073,0.1237984225153923,0.8759527802467346,698,387
68,2266,0,0.7058402299880981,0.23217728734016418,-0.10154280066490173,0.994050145149231,677,125
68,2266,1,0.7072702646255493,0.2195669561624527,-0.11061660200357437,0.9946322441101074,678,118
68,2266,2,0.7078717350959778,0.21906521916389465,-0.11079081892967224,0.995877742767334,679,118
68,2266,3,0.7082453966140747,0.2174878716468811,-0.11075065284967422,0.9967414736747742,679,117
68,2266,4,0.7072795629501343,0.22031013667583466,-0.09307288378477097,0.9938961863517761,678,118
68,2266,5,0.7075709104537964,0.22034385800361633,-0.09328717738389969,0.9947869181632996,679,118
68,2266,6,0.7076318264007568,0.2206052839756012,-0.0934128612279892,0.9948988556861877,679,119
68,2266,7,0.7157943248748779,0.22008289396762848,-0.1204608678817749,0.9985523819923401,687,118
68,2266,8,0.7138185501098633,0.22397921979427338,-0.03904424607753754,0.9914796352386475,685,120
68,2266,9,0.7096940279006958,0.24193671345710754,-0.0993025153875351,0.9944732189178467,681,130
68,2266,10,0.708811342716217,0.24254535138607025,-0.07753805071115494,0.9890315532684326,680,130
68,2266,11,0.737372100353241,0.2864801585674286,-0.15293319523334503,0.9999567866325378,707,154
68,2266,12,0.7201665043830872,0.2918851971626282,0.04483378306031227,0.9950048327445984,691,157
68,2266,13,0.7421330809593201,0.3981580138206482,-0.18188461661338806,0.9866499900817871,712,215
68,2266,14,0.7196524739265442,0.40329355001449585,0.06754086166620255,0.08277470618486404,690,217
68,2266,15,0.7348239421844482,0.493779718875885,-0.19037914276123047,0.9331371784210205,705,266
68,2266,16,0.7113561034202576,0.4846663773059845,0.02170470543205738,0.306333988904953,682,261
68,2266,17,0.7361207604408264,0.524455189704895,-0.2077682763338089,0.9156980514526367,706,283
68,2266,18,0.7099379301071167,0.5073534846305847,0.015587002038955688,0.3220072090625763,681,273
68,2266,19,0.7266654968261719,0.5263708829879761,-0.211126908659935,0.9178272485733032,697,284
68,2266,20,0.709123432636261,0.5051323771476746,-0.001389495562762022,0.32927849888801575,680,272
68,2266,21,0.7256549596786499,0.5160359144210815,-0.19004443287849426,0.886375904083252,696,278
68,2266,22,0.7107003927230835,0.49684759974479675,0.012108922004699707,0.3274034857749939,682,268
68,2266,23,0.7286137342453003,0.49721696972846985,-0.06525678187608719,0.9999323487281799,699,268
68,2266,24,0.711908757686615,0.48908594250679016,0.06526260077953339,0.9997988343238831,683,264
68,2266,25,0.7197644114494324,0.6261903047561646,-0.04375648498535156,0.9723063707351685,690,338
68,2266,26,0.6878481507301331,0.5961799621582031,0.09026172012090683,0.6079197525978088,660,321
68,2266,27,0.7305949330329895,0.7566142082214355,0.001851938315667212,0.9847254157066345,701,408
68,2266,28,0.7260987162590027,0.7120649218559265,0.13554264605045319,0.7568535208702087,697,384
68,2266,29,0.7429717779159546,0.7871570587158203,0.0031724602449685335,0.9456669092178345,713,425
68,2266,30,0.7388602495193481,0.7319301962852478,0.13960859179496765,0.789496898651123,709,395
68,2266,31,0.6927013993263245,0.7923818826675415,-0.06006171926856041,0.9791738390922546,664,427
68,2266,32,0.7012555599212646,0.7510489225387573,0.10481319576501846,0.8189634680747986,673,405
69,2300,0,0.7060279846191406,0.23194853961467743,-0.09886310249567032,0.9938650727272034,677,125
69,2300,1,0.707183301448822,0.21929354965686798,-0.10811223834753036,0.9944252967834473,678,118
69,2300,2,0.7078434824943542,0.21873080730438232,-0.10828624665737152,0.9957063794136047,679,118
69,2300,3,0.708149790763855,0.21762984991073608,-0.1082475483417511,0.9966074228286743,679,117
69,2300,4,0.7072010040283203,0.22005675733089447,-0.09015107154846191,0.9936119914054871,678,118
69,2300,5,0.7074428796768188,0.22006314992904663,-0.09036114811897278,0.9945153594017029,679,118
69,2300,6,0.7075007557868958,0.2202119529247284,-0.09048199653625488,0.9946268200874329,679,118
69,2300,7,0.7151122689247131,0.21987129747867584,-0.11999786645174026,0.9984837174415588,686,118
69,2300,8,0.7132062911987305,0.22336739301681519,-0.03547871112823486,0.9909265637397766,684,120
69,2300,9,0.7105332612991333,0.24142219126224518,-0.09689168632030487,0.9942513108253479,682,130
69,2300,10,0.7090489268302917,0.24213610589504242,-0.07473805546760559,0.9885953664779663,680,130
69,2300,11,0.734950602054596,0.2858620584011078,-0.15388627350330353,0.9999570250511169,705,154
69,2300,12,0.7198878526687622,0.2919153869152069,0.04822428524494171,0.9948995113372803,691,157
69,2300,13,0.7401624917984009,0.39767003059387207,-0.18168897926807404,0.9863255620002747,710,214
69,2300,14,0.7215316891670227,0.4018371105194092,0.0702178031206131,0.07477326691150665,692,216
69,2300,15,0.7326735854148865,0.49374690651893616,-0.19112421572208405,0.9337339401245117,703,266
69,2300,16,0.7164490222930908,0.48350733518600464,0.025917906314134598,0.27633097767829895,687,261
69,2300,17,0.7351406812667847,0.5239406228065491,-0.20901599526405334,0.9152148365974426,705,282
69,2300,18,0.712451159954071,0.5064225196838379,0.020108776167035103,0.2910841107368469,683,273
69,2300,19,0.7266071438789368,0.5254243016242981,-0.21256662905216217,0.917163074016571,697,283
69,2300,20,0.7119633555412292,0.5048848390579224,0.0024077703710645437,0.297709584236145,683,272
69,2300,21,0.7247341871261597,0.5155950784683228,-0.1908920854330063,0.8830836415290833,695,278
69,2300,22,0.7129486203193665,0.4966406226158142,0.01605636440217495,0.2960599660873413,684,268
69,2300,23,0.7268498539924622,0.49591273069381714,-0.0661606416106224,0.9999179840087891,697,267
69,2300,24,0.7118328809738159,0.48866739869117737,0.0661749616265297,0.9997445344924927,683,263
69,2300,25,0.7204311490058899,0.6251785159111023,-0.04739810898900032,0.9649454951286316,691,337
69,2300,26,0.6865656971931458,0.5979036092758179,0.08935647457838058,0.5571780204772949,659,322
69,2300,27,0.7305081486701965,0.7563340067863464,-0.004647323861718178,0.9812099933624268,701,408
69,2300,28,0.7264888286590576,0.7229409217834473,0.14262442290782928,0.7050420045852661,697,390
69,2300,29,0.7423309087753296,0.7862018346786499,-0.003901792224496603,0.9347644448280334,712,424
69,2300,30,0.7380775809288025,0.7437341809272766,0.14624473452568054,0.7470909953117371,708,401
69,2300,31,0.6929322481155396,0.7922826409339905,-0.07131482660770416,0.9744334816932678,665,427
69,2300,32,0.7027703523635864,0.7538677453994751,0.10846702009439468,0.7755652070045471,674,407
70,2333,0,0.6977226138114929,0.22944574058055878,-0.08643805980682373,0.9934029579162598,669,123
70,2333,1,0.6984915137290955,0.21703268587589264,-0.10152018070220947,0.9937331676483154,670,117
70,2333,2,0.6987246870994568,0.21670320630073547,-0.10169434547424316,0.9951230883598328,670,117
70,2333,3,0.6987276673316956,0.21616791188716888,-0.10166554898023605,0.9962050914764404,670,116
70,2333,4,0.6991832852363586,0.217010036110878,-0.0807170644402504,0.9927642345428467,671,117
70,2333,5,0.6997235417366028,0.21675150096416473,-0.080906443297863,0.9937576055526733,671,117
70,2333,6,0.7000100016593933,0.2165224254131317,-0.08101701736450195,0.9940265417098999,672,116
70,2333,7,0.7060845494270325,0.21866048872470856,-0.12453553080558777,0.9982964992523193,677,118
70,2333,8,0.7069728374481201,0.21986259520053864,-0.03370458260178566,0.9898541569709778,678,118
70,2333,9,0.7012234926223755,0.23962093889713287,-0.09302757680416107,0.9939190745353699,673,129
70,2333,10,0.7012306451797485,0.23988215625286102,-0.06703152507543564,0.9880592226982117,673,129
70,2333,11,0.727036714553833,0.2847321927547455,-0.16779111325740814,0.9999579191207886,697,153
70,2333,12,0.7181107401847839,0.28367555141448975,0.05049121007323265,0.9950041770935059,689,153
70,2333,13,0.7280675172805786,0.39382317662239075,-0.19281527400016785,0.9864750504493713,698,212
70,2333,14,0.7190099954605103,0.3983217179775238,0.07330901175737381,0.06759996712207794,690,215
70,2333,15,0.7123109698295593,0.4908236563205719,-0.18872877955436707,0.9335350394248962,683,265
70,2333,16,0.7093702554702759,0.478237122297287,0.027802612632513046,0.2490253895521164,680,258
70,2333,17,0.7116116881370544,0.5229350328445435,-0.2061014324426651,0.9123448729515076,683,282
70,2333,18,0.7072096467018127,0.5056861639022827,0.022142352536320686,0.2625592052936554,678,273
70,2333,19,0.7035619020462036,0.5220170617103577,-0.21124696731567383,0.9135187268257141,675,281
70,2333,20,0.7016347050666809,0.504432201385498,0.004154010210186243,0.2685443162918091,673,272
70,2333,21,0.7030746936798096,0.5107991695404053,-0.19022735953330994,0.873894989490509,674,275
70,2333,22,0.701422929763794,0.4951070249080658,0.017706725746393204,0.26713407039642334,673,267
70,2333,23,0.7206152677536011,0.4877374768257141,-0.06807210296392441,0.9999205470085144,691,263
70,2333,24,0.7062355279922485,0.48471081256866455,0.06811023503541946,0.9997516870498657,677,261
70,2333,25,0.7211810350418091,0.6149763464927673,-0.050080277025699615,0.9639091491699219,692,332
70,2333,26,0.6790857911109924,0.59466952085495,0.08566942065954208,0.5236040353775024,651,321
70,2333,27,0.7298834919929504,0.7524448037147522,-0.006095190066844225,0.981234610080719,700,406
70,2333,28,0.7077516317367554,0.721990168094635,0.13899439573287964,0.6975894570350647,679,389
70,2333,29,0.7410361766815186,0.7817475199699402,-0.0056699044071137905,0.930018961429596,711,422
70,2333,30,0.7181859612464905,0.7457913160324097,0.14471501111984253,0.7380121946334839,689,402
70,2333,31,0.6930920481681824,0.7902177572250366,-0.07659116387367249,0.9740086197853088,665,426
70,2333,32,0.6808832883834839,0.7676824331283569,0.08441360294818878,0.7719724774360657,653,414
71,2366,0,0.6937681436538696,0.22774630784988403,-0.08872009813785553,0.993398129940033,666,122
71,2366,1,0.695159912109375,0.21509787440299988,-0.10368213057518005,0.9936982989311218,667,116
71,2366,2,0.6953299641609192,0.2147906869649887,-0.10384946316480637,0.9950245022773743,667,115
71,2366,3,0.6952541470527649,0.21444259583950043,-0.10381615161895752,0.9961360096931458,667,115
71,2366,4,0.6960368752479553,0.21543896198272705,-0.08272528648376465,0.9927659630775452,668,116
71,2366,5,0.6967212557792664,0.21541376411914825,-0.08292500674724579,0.9937219619750977,668,116
71,2366,6,0.6971632242202759,0.21538622677326202,-0.08303988724946976,0.9940582513809204,669,116
71,2366,7,0.7031078338623047,0.21742643415927887,-0.12474251538515091,0.9982405304908752,674,117
71,2366,8,0.7041561603546143,0.2191089540719986,-0.03335441276431084,0.9898273348808289,675,118
71,2366,9,0.6983052492141724,0.23843926191329956,-0.09390271455049515,0.9937056303024292,670,128
71,2366,10,0.6985923647880554,0.2390720546245575,-0.06797723472118378,0.9878156185150146,670,129
71,2366,11,0.7251971364021301,0.284529447555542,-0.16233083605766296,0.9999564290046692,696,153
71,2366,12,0.7143623232841492,0.28431567549705505,0.0515541173517704,0.9950308799743652,685,153
71,2366,13,0.7265536189079285,0.3911166787147522,-0.18549925088882446,0.9859271049499512,697,211
71,2366,14,0.7107279300689697,0.3924522399902344,0.07365348935127258,0.06110576540231705,682,211
71,2366,15,0.70816969871521,0.4885096848011017,-0.17540770769119263,0.9264650940895081,679,263
71,2366,16,0.7061602473258972,0.47157028317451477,0.03096836432814598,0.22446700930595398,677,254
71,2366,17,0.7071145176887512,0.5208631753921509,-0.19092845916748047,0.9010964035987854,678,281
71,2366,18,0.7043729424476624,0.5020460486412048,0.025863463059067726,0.2369328886270523,676,271
71,2366,19,0.6990320086479187,0.5187045931816101,-0.19279636442661285,0.9014956951141357,671,280
71,2366,20,0.70015949010849,0.5025099515914917,0.00849221833050251,0.24234095215797424,672,271
71,2366,21,0.6989520788192749,0.5068669319152832,-0.17411015927791595,0.8543861508369446,670,273
71,2366,22,0.6987589001655579,0.48909029364585876,0.02108570747077465,0.24112148582935333,670,264
71,2366,23,0.719565212726593,0.48605385422706604,-0.06829701364040375,0.9999209046363831,690,262
71,2366,24,0.7042573094367981,0.4839553236961365,0.06833585351705551,0.9997553825378418,676,261
71,2366,25,0.7216352820396423,0.6145268082618713,-0.05098104476928711,0.9630277156829834,692,331
71,2366,26,0.6750876903533936,0.5940894484519958,0.08098399639129639,0.49324119091033936,648,320
71,2366,27,0.7291330099105835,0.7523502111434937,-0.009960085153579712,0.9813186526298523,699,406
71,2366,28,0.7053707242012024,0.7218813896179199,0.11788901686668396,0.6876257061958313,677,389
71,2366,29,0.7408454418182373,0.7819736003875732,-0.009923429228365421,0.9287185072898865,711,422
71,2366,30,0.7174856066703796,0.7482349872589111,0.11930680274963379,0.7293675541877747,688,404
71,2366,31,0.6931596398353577,0.7902437448501587,-0.08020724356174469,0.9739111065864563,665,426
71,2366,32,0.6781750321388245,0.7706271409988403,0.06623857468366623,0.7666900157928467,651,416
72,2400,0,0.685416042804718,0.22869403660297394,-0.08619511127471924,0.9936776757240295,657,123
72,2400,1,0.6881362199783325,0.215736523270607,-0.09919539839029312,0.9939203858375549,660,116
72,2400,2,0.6888098120689392,0.21535822749137878,-0.09935511648654938,0.9951505661010742,661,116
72,2400,3,0.6893166303634644,0.21500825881958008,-0.09931633621454239,0.9962438941001892,661,116
72,2400,4,0.6874625086784363,0.21622908115386963,-0.0785309299826622,0.993037760257721,659,116
72,2400,5,0.6876093745231628,0.21623016893863678,-0.0787380114197731,0.9939192533493042,660,116
72,2400,6,0.687529444694519,0.2162751853466034,-0.07885241508483887,0.9942856431007385,660,116
72,2400,7,0.6967815160751343,0.21764987707138062,-0.11836975067853928,0.9982743859291077,668,117
72,2400,8,0.6939516067504883,0.2195933759212494,-0.024259764701128006,0.9901127219200134,666,118
72,2400,9,0.6902099847793579,0.23886020481586456,-0.08885647356510162,0.993898868560791,662,128
72,2400,10,0.6889840364456177,0.23957352340221405,-0.0631406232714653,0.9882088899612427,661,129
72,2400,11,0.7194263339042664,0.28412094712257385,-0.15487681329250336,0.9999570846557617,690,153
72,2400,12,0.70508873462677,0.2839565873146057,0.06107266992330551,0.9952277541160583,676,153
72,2400,13,0.7154783606529236,0.3915245234966278,-0.17513036727905273,0.9862260818481445,686,211
72,2400,14,0.7047357559204102,0.3929501473903656,0.08648538589477539,0.05549124255776405,676,212
72,2400,15,0.6896573901176453,0.48474910855293274,-0.16577361524105072,0.927763819694519,662,261
72,2400,16,0.6931008696556091,0.4745105803012848,0.039913542568683624,0.20266234874725342,665,256
72,2400,17,0.684972882270813,0.515512228012085,-0.1826694756746292,0.9011054635047913,657,278
72,2400,18,0.6886152625083923,0.5056730508804321,0.033747296780347824,0.21424531936645508,661,273
72,2400,19,0.6789668798446655,0.5112686157226562,-0.18351677060127258,0.9012435674667358,651,276
72,2400,20,0.6842737793922424,0.5049957036972046,0.014636201784014702,0.21917124092578888,656,272
72,2400,21,0.6799400448799133,0.5003863573074341,-0.16394223272800446,0.8506750464439392,652,270
72,2400,22,0.6856153011322021,0.49212878942489624,0.029099179431796074,0.2181556224822998,658,265
72,2400,23,0.712576150894165,0.4803270697593689,-0.06645196676254272,0.9999217987060547,684,259
72,2400,24,0.6954585313796997,0.4796586334705353,0.06649317592382431,0.9997607469558716,667,259
72,2400,25,0.7206913828849792,0.6145485639572144,-0.046129997819662094,0.9641422033309937,691,331
72,2400,26,0.6658006310462952,0.592349648475647,0.07007326930761337,0.48590391874313354,639,319
72,2400,27,0.7292991280555725,0.7525581121444702,-0.005326004233211279,0.982184112071991,700,406
72,2400,28,0.6837900876998901,0.7260912656784058,0.11392142623662949,0.6954324245452881,656,392
72,2400,29,0.7409588694572449,0.7822497487068176,-0.006010330282151699,0.9279402494430542,711,422
72,2400,30,0.6929819583892822,0.7493954300880432,0.11523977667093277,0.728106677532196,665,404
72,2400,31,0.6932063698768616,0.7920292019844055,-0.08318547159433365,0.9748964905738831,665,427
72,2400,32,0.6473286151885986,0.7720595598220825,0.05741218477487564,0.7735508680343628,621,416
73,2433,0,0.6838400959968567,0.22766223549842834,-0.07522213459014893,0.9939415454864502,656,122
73,2433,1,0.6868162155151367,0.214018315076828,-0.08656228333711624,0.9941467046737671,659,115
73,2433,2,0.6875483393669128,0.21357524394989014,-0.08669550716876984,0.995285153388977,660,115
73,2433,3,0.6880432367324829,0.21323847770690918,-0.08666713535785675,0.996345043182373,660,115
73,2433,4,0.6862937808036804,0.2148517668247223,-0.06725514680147171,0.9933450222015381,658,116
73,2433,5,0.6866312623023987,0.21486322581768036,-0.06746290624141693,0.9941622614860535,659,116
73,2433,6,0.6867313385009766,0.21494798362255096,-0.06757235527038574,0.994540274143219,659,116
73,2433,7,0.6956449747085571,0.21520811319351196,-0.10776367783546448,0.9983120560646057,667,116
73,2433,8,0.6928649544715881,0.2177630513906479,-0.01896364614367485,0.9905465245246887,665,117
73,2433,9,0.6890860795974731,0.23711735010147095,-0.07794056832790375,0.9939427971839905,661,128
73,2433,10,0.6880967617034912,0.23803354799747467,-0.05397055298089981,0.9884278774261475,660,128
73,2433,11,0.7138522267341614,0.28087496757507324,-0.14604364335536957,0.9999520182609558,685,151
73,2433,12,0.7084529995918274,0.28216028213500977,0.06398843973875046,0.9952545166015625,680,152
73,2433,13,0.7144004106521606,0.38676130771636963,-0.17468911409378052,0.9850232005119324,685,208
73,2433,14,0.710110068321228,0.38952574133872986,0.0861358642578125,0.050217144191265106,681,210
73,2433,15,0.6876277923583984,0.48027992248535156,-0.16762523353099823,0.9212098717689514,660,259
73,2433,16,0.695745050907135,0.47389358282089233,0.044758278876543045,0.18295074999332428,667,255
73,2433,17,0.6835445165634155,0.5109751224517822,-0.18381617963314056,0.8921141028404236,656,275
73,2433,18,0.6914986371994019,0.5052023530006409,0.040560025721788406,0.19378779828548431,663,272
73,2433,19,0.6767423748970032,0.5082406997680664,-0.1838773638010025,0.8918229341506958,649,274
73,2433,20,0.6845635175704956,0.504730761051178,0.02355748601257801,0.19822022318840027,657,272
73,2433,21,0.677929699420929,0.49766236543655396,-0.16582348942756653,0.8367608785629272,650,268
73,2433,22,0.6864025592803955,0.4921306371688843,0.035122182220220566,0.19736449420452118,658,265
73,2433,23,0.7011411786079407,0.4773566424846649,-0.06640491634607315,0.9999175667762756,673,257
73,2433,24,0.7028740644454956,0.4763646423816681,0.06643837690353394,0.9997602105140686,674,257
73,2433,25,0.6690157055854797,0.599274754524231,-0.038780324161052704,0.9624806046485901,642,323
73,2433,26,0.7020334601402283,0.6033376455307007,0.07039716094732285,0.46247029304504395,673,325
73,2433,27,0.6846750974655151,0.7385138273239136,0.010286927223205566,0.9813991189002991,657,398
73,2433,28,0.7102918028831482,0.7492636442184448,0.10135821998119354,0.6891295909881592,681,404
73,2433,29,0.6953227519989014,0.7575421929359436,0.011585714295506477,0.927302360534668,667,409
73,2433,30,0.7197981476783752,0.7801867723464966,0.10124408453702927,0.7226600050926208,691,421
73,2433,31,0.6474888920783997,0.7834452986717224,-0.04067283496260643,0.9733752012252808,621,423
73,2433,32,0.6834365129470825,0.7857874631881714,0.059940505772829056,0.7664695978164673,656,424
74,2466,0,0.6772838234901428,0.22820253670215607,-0.0667053833603859,0.9943124055862427,650,123
74,2466,1,0.6791999936103821,0.21445535123348236,-0.07859005033969879,0.9944745898246765,652,115
74,2466,2,0.6796683669090271,0.2138873040676117,-0.07873868197202682,0.9955313801765442,652,115
74,2466,3,0.6799728274345398,0.21326944231987,-0.07870127260684967,0.9965319037437439,652,115
74,2466,4,0.6789963245391846,0.21541160345077515,-0.058972883969545364,0.9937328100204468,651,116
74,2466,5,0.6792828440666199,0.2154330015182495,-0.05917646735906601,0.9944970011711121,652,116
74,2466,6,0.6794023513793945,0.21552670001983643,-0.05927085131406784,0.9948622584342957,652,116
74,2466,7,0.6860573291778564,0.21529065072536469,-0.09914092719554901,0.9983980059623718,658,116
74,2466,8,0.6858225464820862,0.217959925532341,-0.00915317889302969,0.9910404682159424,658,117
74,2466,9,0.681671679019928,0.2372741401195526,-0.0690784752368927,0.9942269921302795,654,128
74,2466,10,0.6809899210929871,0.23846325278282166,-0.04462205246090889,0.9889810681343079,653,128
74,2466,11,0.7067673206329346,0.2811458706855774,-0.13993945717811584,0.9999529719352722,678,151
74,2466,12,0.7001821398735046,0.28305280208587646,0.0775943174958229,0.9953829646110535,672,152
74,2466,13,0.7024659514427185,0.387678861618042,-0.16297844052314758,0.9852158427238464,674,209
74,2466,14,0.7026131749153137,0.3899841010570526,0.10388301312923431,0.045374684035778046,674,210
74,2466,15,0.6755505800247192,0.4740973711013794,-0.15403828024864197,0.9223341345787048,648,256
74,2466,16,0.6878750920295715,0.47066235542297363,0.05610978230834007,0.16495954990386963,660,254
74,2466,17,0.6681035161018372,0.49914827942848206,-0.1713423877954483,0.8928677439689636,641,269
74,2466,18,0.6819308996200562,0.4987921714782715,0.05097232386469841,0.1750362515449524,654,269
74,2466,19,0.6628068089485168,0.4937433898448944,-0.17095841467380524,0.892569899559021,636,266
74,2466,20,0.6763852834701538,0.4951417148113251,0.031105419620871544,0.17907994985580444,649,267
74,2466,21,0.6649850606918335,0.48532187938690186,-0.15186060965061188,0.8344177007675171,638,262
74,2466,22,0.6774629354476929,0.4835479259490967,0.04494732245802879,0.17835573852062225,650,261
74,2466,23,0.6997442841529846,0.47786158323287964,-0.06654355674982071,0.9999083876609802,671,258
74,2466,24,0.6892029047012329,0.476664274930954,0.06657939404249191,0.9997369050979614,661,257
74,2466,25,0.6774641275405884,0.6034723520278931,-0.04161695018410683,0.9619317650794983,650,325
74,2466,26,0.6647194623947144,0.6032778024673462,0.06992720812559128,0.4443053901195526,638,325
74,2466,27,0.7112496495246887,0.7395200133323669,0.0028690295293927193,0.9804137945175171,682,399
74,2466,28,0.6595309376716614,0.7434203028678894,0.10251131653785706,0.68701171875,633,401
74,2466,29,0.7258684635162354,0.7656038999557495,0.0029597021639347076,0.9190859198570251,696,413
74,2466,30,0.6650265455245972,0.7713194489479065,0.10258091986179352,0.7162216901779175,638,416
74,2466,31,0.6731920838356018,0.7838284373283386,-0.05838499218225479,0.9720689058303833,646,423
74,2466,32,0.6212244629859924,0.7802589535713196,0.050054676830768585,0.7675172686576843,596,421
75,2500,0,0.6757190227508545,0.22838948667049408,-0.055046264082193375,0.9944307208061218,648,123
75,2500,1,0.6775702834129333,0.21459853649139404,-0.06941021233797073,0.9944893717765808,650,115
75,2500,2,0.677796483039856,0.2139950841665268,-0.06955747306346893,0.9955216646194458,650,115
75,2500,3,0.6778205037117004,0.21338312327861786,-0.06952165812253952,0.9964991807937622,650,115
75,2500,4,0.6781299114227295,0.21555271744728088,-0.04883546382188797,0.993852972984314,651,116
75,2500,5,0.6786764860153198,0.21555505692958832,-0.049037620425224304,0.9946445226669312,651,116
75,2500,6,0.6790271401405334,0.21559368073940277,-0.049139536917209625,0.9950366616249084,651,116
75,2500,7,0.6841456294059753,0.21543624997138977,-0.0985860601067543,0.9984128475189209,656,116
75,2500,8,0.6854565143585205,0.21794939041137695,-0.005061508156359196,0.991412341594696,658,117
75,2500,9,0.6801357865333557,0.2372533231973648,-0.0608680285513401,0.9943571090698242,652,128
75,2500,10,0.6801961064338684,0.2384422868490219,-0.03511405363678932,0.9893742203712463,652,128
75,2500,11,0.7058528065681458,0.2813456952571869,-0.14023706316947937,0.9999509453773499,677,151
75,2500,12,0.6974054574966431,0.28368884325027466,0.07945362478494644,0.9955384135246277,669,153
75,2500,13,0.6992928385734558,0.38831791281700134,-0.16259163618087769,0.9845559597015381,671,209
75,2500,14,0.6972428560256958,0.38924482464790344,0.10728968679904938,0.041129451245069504,669,210
75,2500,15,0.6735160946846008,0.4725487530231476,-0.14498920738697052,0.9117316603660583,646,255
75,2500,16,0.6832036972045898,0.469186007976532,0.05786677449941635,0.14884746074676514,655,253
75,2500,17,0.6672901511192322,0.4956945478916168,-0.1608777940273285,0.8792332410812378,640,267
75,2500,18,0.6783840656280518,0.4929361939430237,0.05258820578455925,0.15831978619098663,651,266
75,2500,19,0.6621726751327515,0.49070632457733154,-0.1609451323747635,0.8788411617279053,635,264
75,2500,20,0.673568069934845,0.4904705584049225,0.03275912255048752,0.16203732788562775,646,264
75,2500,21,0.6642906665802002,0.48267704248428345,-0.14272351562976837,0.8127322793006897,637,260
75,2500,22,0.6744655966758728,0.4823983609676361,0.04675105959177017,0.16146470606327057,647,260
75,2500,23,0.7004392147064209,0.47717952728271484,-0.06788177788257599,0.9998853206634521,672,257
75,2500,24,0.6830606460571289,0.476704865694046,0.06792237609624863,0.9996890425682068,655,257
75,2500,25,0.686906635761261,0.6042741537094116,-0.04233579337596893,0.9622408747673035,659,326
75,2500,26,0.66011643409729,0.6024879217147827,0.06935729086399078,0.4350372850894928,633,325
75,2500,27,0.7216836810112,0.7407240271568298,-0.006616974715143442,0.9803746342658997,692,399
75,2500,28,0.6544182300567627,0.7414041757583618,0.09977580606937408,0.6935663223266602,628,400
75,2500,29,0.7348573803901672,0.7709599137306213,-0.008842418901622295,0.9134058356285095,705,416
75,2500,30,0.6610437035560608,0.7710447907447815,0.09945757687091827,0.7180282473564148,634,416
75,2500,31,0.6851012110710144,0.7839122414588928,-0.08906195312738419,0.9718229174613953,657,423
75,2500,32,0.615937352180481,0.7778066396713257,0.04223675653338432,0.7744624018669128,591,420
76,2533,0,0.6668335199356079,0.22949478030204773,-0.055603861808776855,0.9949308633804321,640,123
76,2533,1,0.6685202717781067,0.2161504328250885,-0.07041109353303909,0.9949707984924316,641,116
76,2533,2,0.6692051291465759,0.21545113623142242,-0.07056256383657455,0.9959067702293396,642,116
76,2533,3,0.669734001159668,0.2148464173078537,-0.07052703201770782,0.9968026280403137,642,116
76,2533,4,0.6678664684295654,0.21757401525974274,-0.04788762331008911,0.9943892955780029,641,117
76,2533,5,0.6682072877883911,0.2176501452922821,-0.04808460921049118,0.9951086044311523,641,117
76,2533,6,0.6682645678520203,0.21780505776405334,-0.04817073047161102,0.995474100112915,641,117
76,2533,7,0.6768767833709717,0.2166416496038437,-0.10027585178613663,0.9985492825508118,649,116
76,2533,8,0.6748414635658264,0.21970541775226593,0.0009698845678940415,0.9921354651451111,647,118
76,2533,9,0.6714289784431458,0.2378969043493271,-0.061983391642570496,0.9948342442512512,644,128
76,2533,10,0.6705064177513123,0.23905935883522034,-0.033612314611673355,0.9902673959732056,643,129
76,2533,11,0.6964026093482971,0.28163009881973267,-0.1477361023426056,0.9999542236328125,668,152
76,2533,12,0.6922882795333862,0.2840557396411896,0.09150950610637665,0.9958617687225342,664,153
76,2533,13,0.6854133009910583,0.3887098729610443,-0.1632356494665146,0.985560417175293,657,209
76,2533,14,0.6907148957252502,0.3896963894367218,0.1246766671538353,0.037307776510715485,663,210
76,2533,15,0.6496322154998779,0.47008347511291504,-0.13796843588352203,0.9148663878440857,623,253
76,2533,16,0.678409993648529,0.4685322344303131,0.07577438652515411,0.1342346966266632,651,253
76,2533,17,0.6393060088157654,0.49510645866394043,-0.15548165142536163,0.8810184597969055,613,267
76,2533,18,0.6754671335220337,0.4892480969429016,0.07151962071657181,0.14300908148288727,648,264
76,2533,19,0.6348626017570496,0.49008437991142273,-0.1530393809080124,0.8803091049194336,609,264
76,2533,20,0.6717415452003479,0.48980408906936646,0.051287002861499786,0.14639432728290558,644,264
76,2533,21,0.6384726762771606,0.4818418622016907,-0.13435877859592438,0.8108324408531189,612,260
76,2533,22,0.6732819080352783,0.48193359375,0.06440719962120056,0.1459670513868332,646,260
76,2533,23,0.692760169506073,0.47732239961624146,-0.07283775508403778,0.9998897910118103,665,257
76,2533,24,0.6781730055809021,0.4768947958946228,0.07286117225885391,0.9997021555900574,651,257
76,2533,25,0.6982046365737915,0.6084647178649902,-0.04992836341261864,0.9641671776771545,670,328
76,2533,26,0.6496466398239136,0.6032566428184509,0.09821271151304245,0.4322928786277771,623,325
76,2533,27,0.7256578803062439,0.7453622817993164,-0.007485770620405674,0.9807144999504089,696,402
76,2533,28,0.6278677582740784,0.7418000102043152,0.14769916236400604,0.7076853513717651,602,400
76,2533,29,0.7379048466682434,0.7760449051856995,-0.00918308924883604,0.9094545245170593,708,419
76,2533,30,0.6326216459274292,0.7721142768859863,0.1489415019750595,0.7251166701316833,607,416
76,2533,31,0.6895777583122253,0.7866530418395996,-0.09123978018760681,0.9724699258804321,661,424
76,2533,32,0.5902454257011414,0.7639755010604858,0.08706124126911163,0.7869070768356323,566,412
77,2566,0,0.6670352220535278,0.22961114346981049,-0.052449751645326614,0.9953266382217407,640,123
77,2566,1,0.6683617234230042,0.21636967360973358,-0.06906724721193314,0.9953336119651794,641,116
77,2566,2,0.66848224401474,0.21575884521007538,-0.06922457367181778,0.9961981177330017,641,116
77,2566,3,0.6684595942497253,0.21529272198677063,-0.06918864697217941,0.9970309734344482,641,116
77,2566,4,0.6694222688674927,0.21762101352214813,-0.047254402190446854,0.9947991967201233,642,117
77,2566,5,0.6702343225479126,0.21767589449882507,-0.04744378477334976,0.9954709410667419,643,117
77,2566,6,0.6709171533584595,0.21787558495998383,-0.04752746596932411,0.9958182573318481,644,117
77,2566,7,0.674131453037262,0.2179313600063324,-0.10560040920972824,0.9986593723297119,647,117
77,2566,8,0.6772075295448303,0.21980108320713043,-0.0033950605429708958,0.9927336573600769,650,118
77,2566,9,0.6706939339637756,0.2380041927099228,-0.06190676614642143,0.9952434301376343,643,128
77,2566,10,0.6713668704032898,0.2392445057630539,-0.03443070873618126,0.9910455942153931,644,129
77,2566,11,0.6939539313316345,0.28186410665512085,-0.16146060824394226,0.999957263469696,666,152
77,2566,12,0.6938886046409607,0.2844068109989166,0.08476066589355469,0.9961418509483337,666,153
77,2566,13,0.6820993423461914,0.388956218957901,-0.1762167364358902,0.9864075779914856,654,210
77,2566,14,0.6912607550621033,0.38986942172050476,0.11406470835208893,0.03384615480899811,663,210
77,2566,15,0.6485328078269958,0.47000983357429504,-0.14657074213027954,0.9181843400001526,622,253
77,2566,16,0.6779569983482361,0.4669782519340515,0.07170913368463516,0.12109658122062683,650,252
77,2566,17,0.6384004950523376,0.495269775390625,-0.16377507150173187,0.8838861584663391,612,267
77,2566,18,0.6716768145561218,0.4874029755592346,0.06849746406078339,0.12928171455860138,644,263
77,2566,19,0.6342392563819885,0.49040985107421875,-0.16225573420524597,0.8828747868537903,608,264
77,2566,20,0.6696411371231079,0.488015741109848,0.04837827757000923,0.1323707550764084,642,263
77,2566,21,0.6374454498291016,0.48253005743026733,-0.14355309307575226,0.8113022446632385,611,260
77,2566,22,0.6711487174034119,0.48047417402267456,0.0606512613594532,0.13208413124084473,644,259
77,2566,23,0.6927465200424194,0.4776419699192047,-0.07309795916080475,0.99989253282547,665,257
77,2566,24,0.677322268486023,0.47695645689964294,0.07312148064374924,0.999710202217102,650,257
77,2566,25,0.7027587890625,0.6101323366165161,-0.03840624913573265,0.9654284715652466,674,329
77,2566,26,0.6490704417228699,0.6036978960037231,0.09817206114530563,0.43090224266052246,623,325
77,2566,27,0.7270787358283997,0.7471796274185181,0.013439476490020752,0.980789065361023,697,403
77,2566,28,0.6280826926231384,0.7435187101364136,0.14002694189548492,0.7201009392738342,602,401
77,2566,29,0.7398127317428589,0.7797883749008179,0.013424857519567013,0.9041934609413147,710,421
77,2566,30,0.6336176991462708,0.7743186950683594,0.14084205031394958,0.7319584488868713,608,418
77,2566,31,0.6924949288368225,0.7879472970962524,-0.06288017332553864,0.9724410772323608,664,425
77,2566,32,0.5879955291748047,0.7601810693740845,0.08434195071458817,0.797439694404602,564,410
78,2600,0,0.6608213782310486,0.2296636998653412,-0.05754081904888153,0.9956634044647217,634,124
78,2600,1,0.6612947583198547,0.21728405356407166,-0.07319994270801544,0.9956257343292236,634,117
78,2600,2,0.661244809627533,0.21692371368408203,-0.07336030155420303,0.9964377284049988,634,117
78,2600,3,0.6610107421875,0.21677164733409882,-0.07332631200551987,0.9972248673439026,634,117
78,2600,4,0.6623154282569885,0.21798954904079437,-0.05178605020046234,0.995114803314209,635,117
78,2600,5,0.6628971099853516,0.217962846159935,-0.05197811871767044,0.9957510828971863,636,117
78,2600,6,0.6633398532867432,0.2180524319410324,-0.052068330347537994,0.9960900545120239,636,117
78,2600,7,0.6651743054389954,0.21989844739437103,-0.11342006176710129,0.9987521767616272,638,118
78,2600,8,0.6701111197471619,0.22016412019729614,-0.007044901605695486,0.9931864738464355,643,118
78,2600,9,0.6637026071548462,0.2380838394165039,-0.06524376571178436,0.9955970048904419,637,128
78,2600,10,0.6644430160522461,0.23940806090831757,-0.03857780247926712,0.9917051792144775,637,129
78,2600,11,0.6879255175590515,0.28445348143577576,-0.16880185902118683,0.9999606609344482,660,153
78,2600,12,0.6848338842391968,0.2846633791923523,0.08459507673978806,0.9964339733123779,657,153
78,2600,13,0.6700060367584229,0.3890093266963959,-0.18640021979808807,0.9875131249427795,643,210
78,2600,14,0.6933518052101135,0.3923013210296631,0.11267554759979248,0.030853981152176857,665,211
78,2600,15,0.6278693675994873,0.46246472001075745,-0.1502935290336609,0.9248718023300171,602,249
78,2600,16,0.6834585070610046,0.4758080244064331,0.07874266058206558,0.10933152586221695,656,256
78,2600,17,0.6179582476615906,0.48714807629585266,-0.1729215532541275,0.8923624157905579,593,263
78,2600,18,0.6796027421951294,0.49719497561454773,0.07560089975595474,0.1169762909412384,652,268
78,2600,19,0.6137065887451172,0.4825625419616699,-0.16247527301311493,0.8912550806999207,589,260
78,2600,20,0.6760576367378235,0.49915602803230286,0.05597411468625069,0.11978934705257416,649,269
78,2600,21,0.618062436580658,0.47547289729118347,-0.14553698897361755,0.8222492337226868,593,256
78,2600,22,0.6770919561386108,0.4901766777038574,0.06822552531957626,0.11961815506219864,650,264
78,2600,23,0.6882410645484924,0.4814057946205139,-0.07395746558904648,0.9999010562896729,660,259
78,2600,24,0.6699525117874146,0.47829103469848633,0.07398401200771332,0.9997321963310242,643,258
78,2600,25,0.7046094536781311,0.612389862537384,-0.04083922132849693,0.9671260118484497,676,330
78,2600,26,0.6385137438774109,0.6044514179229736,0.11755980551242828,0.4278704822063446,612,326
78,2600,27,0.7295030951499939,0.7504022121429443,0.013287820853292942,0.9811171889305115,700,405
78,2600,28,0.6105734705924988,0.7431029677391052,0.16856828331947327,0.7343464493751526,586,401
78,2600,29,0.7418100237846375,0.7819416522979736,0.013666239567101002,0.9002436995506287,712,422
78,2600,30,0.6132132411003113,0.7700017094612122,0.1699575036764145,0.740118145942688,588,415
78,2600,31,0.6954710483551025,0.7908985614776611,-0.06570826470851898,0.9730864763259888,667,427
78,2600,32,0.5700849294662476,0.7419842481613159,0.1100822240114212,0.8095650672912598,547,400
79,2633,0,0.6616133451461792,0.22955207526683807,-0.07051650434732437,0.9959909319877625,635,123
79,2633,1,0.6613749861717224,0.2172628492116928,-0.08767906576395035,0.9959160089492798,634,117
79,2633,2,0.6611507534980774,0.2168637216091156,-0.08785410225391388,0.9966691136360168,634,117
79,2633,3,0.660794198513031,0.2166592925786972,-0.08782651275396347,0.9974116683006287,634,116
79,2633,4,0.6629153490066528,0.21800683438777924,-0.06547990441322327,0.9954429268836975,636,117
79,2633,5,0.6637170910835266,0.21798169612884521,-0.06566937267780304,0.9960393905639648,637,117
79,2633,6,0.6644520163536072,0.21810173988342285,-0.065755195915699,0.9963696599006653,637,117
79,2633,7,0.6644687652587891,0.21991145610809326,-0.12798969447612762,0.9988381862640381,637,118
79,2633,8,0.6699327826499939,0.22025148570537567,-0.02538602240383625,0.9936375617980957,643,118
79,2633,9,0.663895308971405,0.23814140260219574,-0.08011923730373383,0.995936930179596,637,128
79,2633,10,0.6651827692985535,0.23933984339237213,-0.05216949060559273,0.992352306842804,638,129
79,2633,11,0.6867647171020508,0.2844786047935486,-0.1791357547044754,0.9999635815620422,659,153
79,2633,12,0.6810044050216675,0.28499019145965576,0.0722116231918335,0.9967044591903687,653,153
79,2633,13,0.6685960292816162,0.38919785618782043,-0.1916779726743698,0.9884006977081299,641,210
79,2633,14,0.6846898794174194,0.39231958985328674,0.11215613037347794,0.028175633400678635,657,211
79,2633,15,0.626673698425293,0.4603884518146515,-0.15080492198467255,0.9299706816673279,601,248
79,2633,16,0.6786237359046936,0.4755895435810089,0.0801299437880516,0.09882855415344238,651,256
79,2633,17,0.6162341237068176,0.48496919870376587,-0.17552344501018524,0.8981574773788452,591,261
79,2633,18,0.678413987159729,0.49824991822242737,0.0773538127541542,0.10604150593280792,651,269
79,2633,19,0.6122938394546509,0.4810449779033661,-0.16522273421287537,0.8968362808227539,587,259
79,2633,20,0.6736282110214233,0.5000942349433899,0.05646431818604469,0.10861986875534058,646,270
79,2633,21,0.6172263026237488,0.47353091835975647,-0.14830099046230316,0.8279803395271301,592,255
79,2633,22,0.6743866205215454,0.4910513460636139,0.06918609142303467,0.10856172442436218,647,265
79,2633,23,0.6873539686203003,0.4816907048225403,-0.0737430676817894,0.9999082684516907,659,260
79,2633,24,0.6695078611373901,0.47831398248672485,0.07376982271671295,0.999751627445221,642,258
79,2633,25,0.705657958984375,0.6132000684738159,-0.038874879479408264,0.968351423740387,677,331
79,2633,26,0.6414060592651367,0.6042243242263794,0.10903427749872208,0.4331000745296478,615,326
79,2633,27,0.7298579812049866,0.7518841624259949,0.022915543988347054,0.9813869595527649,700,406
79,2633,28,0.6092807054519653,0.7423707842826843,0.16267362236976624,0.7498959898948669,584,400
79,2633,29,0.742078423500061,0.7827140688896179,0.02381182834506035,0.8956847190856934,712,422
79,2633,30,0.6103457808494568,0.7682077288627625,0.16441434621810913,0.7486518025398254,585,414
79,2633,31,0.6967431306838989,0.7924255132675171,-0.05817616730928421,0.9735142588615417,668,427
79,2633,32,0.5712827444076538,0.7364300489425659,0.10253241658210754,0.8215630054473877,548,397
80,2666,0,0.6515856385231018,0.2313564121723175,-0.04474438726902008,0.9962607622146606,625,124
80,2666,1,0.6517211198806763,0.22011737525463104,-0.06180610880255699,0.9961350560188293,625,118
80,2666,2,0.6515463590621948,0.21989521384239197,-0.06196999177336693,0.9968403577804565,625,118
80,2666,3,0.6512568593025208,0.21982692182064056,-0.06195317953824997,0.997552752494812,625,118
80,2666,4,0.6529949307441711,0.2206469625234604,-0.0394514761865139,0.995699942111969,626,119
80,2666,5,0.6536419987678528,0.2206924706697464,-0.039644062519073486,0.9962683916091919,627,119
80,2666,6,0.6542539000511169,0.22070525586605072,-0.039727307856082916,0.9966014623641968,628,119
80,2666,7,0.6540831327438354,0.22388297319412231,-0.10585128515958786,0.9989067316055298,627,120
80,2666,8,0.6604673862457275,0.22309821844100952,-0.0022704771254211664,0.9940175414085388,634,120
80,2666,9,0.6537590622901917,0.24010524153709412,-0.05511071905493736,0.9962221384048462,627,129
80,2666,10,0.6547501087188721,0.24098104238510132,-0.026886390522122383,0.9929062128067017,628,130
80,2666,11,0.6765934228897095,0.28814518451690674,-0.17202740907669067,0.9999665021896362,649,155
80,2666,12,0.6733286380767822,0.28697147965431213,0.08482486754655838,0.9969772100448608,646,154
80,2666,13,0.657588005065918,0.38980209827423096,-0.1833718866109848,0.9892909526824951,631,210
80,2666,14,0.6857280135154724,0.397092342376709,0.12162155658006668,0.02586038038134575,658,214
80,2666,15,0.6126226782798767,0.454318106174469,-0.14409567415714264,0.934890627861023,588,245
80,2666,16,0.6797534823417664,0.4832180440425873,0.08173148334026337,0.08937524259090424,652,260
80,2666,17,0.6033071279525757,0.47840219736099243,-0.16518457233905792,0.9040311574935913,579,258
80,2666,18,0.6791625618934631,0.5062315464019775,0.0771065279841423,0.09618295729160309,651,273
80,2666,19,0.597073495388031,0.4729326069355011,-0.15818697214126587,0.9025135040283203,573,255
80,2666,20,0.6741503477096558,0.5081825256347656,0.05769845470786095,0.09853988885879517,647,274
80,2666,21,0.6021098494529724,0.4649525582790375,-0.1395365297794342,0.8343878984451294,578,251
80,2666,22,0.674558699131012,0.4982084631919861,0.07109387964010239,0.09856849163770676,647,269
80,2666,23,0.680253267288208,0.48567935824394226,-0.07385699450969696,0.9999155402183533,653,262
80,2666,24,0.6596604585647583,0.47999313473701477,0.07388708740472794,0.999771237373352,633,259
80,2666,25,0.7016895413398743,0.6160560250282288,-0.04675060138106346,0.9697526097297668,673,332
80,2666,26,0.6305873990058899,0.6087033152580261,0.10281581431627274,0.4370327889919281,605,328
80,2666,27,0.7298784255981445,0.7524182200431824,0.014709681272506714,0.9807529449462891,700,406
80,2666,28,0.5943906307220459,0.7424036860466003,0.15088693797588348,0.7601622343063354,570,400
80,2666,29,0.7420717477798462,0.7826945781707764,0.015161941759288311,0.8856578469276428,712,422
80,2666,30,0.5963595509529114,0.772545576095581,0.1523876190185547,0.7531374096870422,572,417
80,2666,31,0.6966334581375122,0.7930545806884766,-0.06236075609922409,0.9728009104728699,668,428
80,2666,32,0.5589537024497986,0.7350589632987976,0.09534505009651184,0.8303631544113159,536,396
81,2700,0,0.6500898599624634,0.23168513178825378,-0.05748463794589043,0.9965862035751343,624,125
81,2700,1,0.6504236459732056,0.22059495747089386,-0.07502205669879913,0.996452808380127,624,119
81,2700,2,0.6505621671676636,0.22026491165161133,-0.07518522441387177,0.9970958828926086,624,118
81,2700,3,0.6506050229072571,0.2200644314289093,-0.07516033202409744,0.99775230884552,624,118
81,2700,4,0.6510369181632996,0.22149968147277832,-0.05072495713829994,0.9960588216781616,624,119
81,2700,5,0.6515719890594482,0.2216109335422516,-0.050919242203235626,0.9965806007385254,625,119
81,2700,6,0.6520412564277649,0.2216564565896988,-0.050991203635931015,0.9968920350074768,625,119
81,2700,7,0.655092179775238,0.22401869297027588,-0.11442355066537857,0.9989943504333496,628,120
81,2700,8,0.6571930646896362,0.22470302879810333,-0.005636843852698803,0.9944993853569031,630,121
81,2700,9,0.6528602242469788,0.24032530188560486,-0.06695068627595901,0.9965424537658691,626,129
81,2700,10,0.6534125804901123,0.24123476445674896,-0.03618517145514488,0.9935157895088196,627,130
81,2700,11,0.6763314008712769,0.28816643357276917,-0.17109078168869019,0.9999691843986511,649,155
81,2700,12,0.6682590842247009,0.29017484188079834,0.08236981183290482,0.9972319602966309,641,156
81,2700,13,0.6578103303909302,0.38978520035743713,-0.188425675034523,0.9900835752487183,631,210
81,2700,14,0.6749307513237,0.3972064256668091,0.12211006134748459,0.023751655593514442,647,214
81,2700,15,0.6101553440093994,0.45157551765441895,-0.15624414384365082,0.9395372867584229,585,243
81,2700,16,0.672977864742279,0.4819987416267395,0.07873154431581497,0.08093784749507904,646,260
81,2700,17,0.599571168422699,0.475844144821167,-0.1797419935464859,0.9097645282745361,575,256
81,2700,18,0.672325849533081,0.5060380697250366,0.07371540367603302,0.08746026456356049,645,273
81,2700,19,0.5949196219444275,0.47066953778266907,-0.17177356779575348,0.9081498384475708,571,254
81,2700,20,0.6707695722579956,0.5076486468315125,0.0538044236600399,0.08962919563055038,643,274
81,2700,21,0.6000012755393982,0.46263545751571655,-0.15027418732643127,0.8411911129951477,576,249
81,2700,22,0.6710079908370972,0.49729812145233154,0.06779856234788895,0.08973003178834915,644,268
81,2700,23,0.6782019734382629,0.48760998249053955,-0.0740673616528511,0.9999221563339233,651,263
81,2700,24,0.6593822240829468,0.4816620945930481,0.07410217076539993,0.9997893571853638,633,260
81,2700,25,0.7010723352432251,0.6168473958969116,-0.05078928545117378,0.9706276655197144,673,333
81,2700,26,0.6315833926200867,0.6108428835868835,0.10032038390636444,0.4435313045978546,606,329
81,2700,27,0.7297232151031494,0.7528604865074158,0.011239162646234035,0.9804339408874512,700,406
81,2700,28,0.5937525033950806,0.7427985072135925,0.1488986313343048,0.7706470489501953,570,401
81,2700,29,0.7419347763061523,0.7824330925941467,0.01151311956346035,0.8801888823509216,712,422
81,2700,30,0.5949311852455139,0.7740961909294128,0.1492144614458084,0.757615864276886,571,418
81,2700,31,0.6965386271476746,0.7935725450515747,-0.06952039152383804,0.9727333188056946,668,428
81,2700,32,0.5573723912239075,0.7348403930664062,0.07550652325153351,0.839219331741333,535,396
82,2733,0,0.6406899690628052,0.23477035760879517,-0.03555327281355858,0.9968254566192627,615,126
82,2733,1,0.6405292749404907,0.22402627766132355,-0.05244756489992142,0.9966587424278259,614,120
82,2733,2,0.6402248740196228,0.22384308278560638,-0.05260305479168892,0.9972602128982544,614,120
82,2733,3,0.6398220062255859,0.223799467086792,-0.052574899047613144,0.9978821873664856,614,120
82,2733,4,0.642041027545929,0.22466127574443817,-0.030122635886073112,0.9962961673736572,616,121
82,2733,5,0.6427252292633057,0.22482162714004517,-0.03031417354941368,0.996792733669281,617,121
82,2733,6,0.6433888077735901,0.22490593791007996,-0.03039090521633625,0.9971017837524414,617,121
82,2733,7,0.6426509022712708,0.22814853489398956,-0.09557725489139557,0.999052882194519,616,123
82,2733,8,0.6498496532440186,0.22741390764713287,0.006465132813900709,0.9948418736457825,623,122
82,2733,9,0.6427854895591736,0.24343758821487427,-0.04616488516330719,0.996782660484314,617,131
82,2733,10,0.6436962485313416,0.24396634101867676,-0.018090642988681793,0.9939865469932556,617,131
82,2733,11,0.6665316820144653,0.2891037166118622,-0.15758565068244934,0.9999716877937317,639,156
82,2733,12,0.6628146767616272,0.29055914282798767,0.09003200381994247,0.9974592924118042,636,156
82,2733,13,0.6464675664901733,0.39015206694602966,-0.18060027062892914,0.9908470511436462,620,210
82,2733,14,0.6731866598129272,0.3972438871860504,0.1241443008184433,0.021761592477560043,646,214
82,2733,15,0.5953071117401123,0.4480287730693817,-0.15083561837673187,0.9440101981163025,571,241
82,2733,16,0.6613588929176331,0.48013073205947876,0.0795460119843483,0.07320839911699295,634,259
82,2733,17,0.5843023657798767,0.470535010099411,-0.17256610095500946,0.9156810641288757,560,254
82,2733,18,0.6646238565444946,0.5057333111763,0.07421819120645523,0.07936831563711166,638,273
82,2733,19,0.5795966982841492,0.4638015925884247,-0.16466885805130005,0.913910984992981,556,250
82,2733,20,0.6597020030021667,0.5073067545890808,0.05518752336502075,0.08134406059980392,633,273
82,2733,21,0.5847492814064026,0.4566613435745239,-0.14504648745059967,0.8485652804374695,561,246
82,2733,22,0.6599251627922058,0.49690279364585876,0.06883110851049423,0.08149455487728119,633,268
82,2733,23,0.6706874966621399,0.48857784271240234,-0.073391392827034,0.9999287724494934,643,263
82,2733,24,0.6505952477455139,0.4827072024345398,0.07343913614749908,0.9998071193695068,624,260
82,2733,25,0.6942799091339111,0.6178191900253296,-0.05212270841002464,0.9719573259353638,666,333
82,2733,26,0.6173256635665894,0.6114429235458374,0.07762467116117477,0.4504746198654175,592,330
82,2733,27,0.7291176319122314,0.7529345154762268,0.010605424642562866,0.9801152944564819,699,406
82,2733,28,0.5894218683242798,0.7443346381187439,0.11354175955057144,0.7783054709434509,565,401
82,2733,29,0.7418413758277893,0.7813851237297058,0.011353491805493832,0.8756597638130188,712,421
82,2733,30,0.5923221707344055,0.7766597867012024,0.11314399540424347,0.7610941529273987,568,419
82,2733,31,0.6964486241340637,0.7937244772911072,-0.07046826928853989,0.9725176095962524,668,428
82,2733,32,0.5525829792022705,0.7360993027687073,0.04558805748820305,0.8459580540657043,530,397
83,2766,0,0.6397605538368225,0.2353695034980774,-0.04511981084942818,0.9971084594726562,614,127
83,2766,1,0.6389235854148865,0.22501111030578613,-0.05991756543517113,0.9969398975372314,613,121
83,2766,2,0.6383276581764221,0.22484111785888672,-0.06007693335413933,0.9974908232688904,612,121
83,2766,3,0.6376177072525024,0.22478409111499786,-0.06004100665450096,0.9980600476264954,612,121
83,2766,4,0.6414442658424377,0.22537772357463837,-0.03851267322897911,0.996611475944519,615,121
83,2766,5,0.6426277160644531,0.22538459300994873,-0.03871488943696022,0.9970693588256836,616,121
83,2766,6,0.6439176201820374,0.22526590526103973,-0.03880859911441803,0.9973546266555786,618,121
83,2766,7,0.6408294439315796,0.22963394224643707,-0.10559289157390594,0.9991340041160583,615,124
83,2766,8,0.6492033004760742,0.22789405286312103,-0.0005629443912766874,0.9952846765518188,623,123
83,2766,9,0.6413938999176025,0.24431607127189636,-0.05155400559306145,0.9970656037330627,615,131
83,2766,10,0.6434398889541626,0.2445104867219925,-0.025015417486429214,0.99452143907547,617,132
83,2766,11,0.6655496954917908,0.2899632751941681,-0.1686357706785202,0.9999739527702332,638,156
83,2766,12,0.6594946384429932,0.29165178537368774,0.08843479305505753,0.9976668953895569,633,157
83,2766,13,0.6449424624443054,0.39025789499282837,-0.1951473206281662,0.9915883541107178,619,210
83,2766,14,0.6667635440826416,0.39643412828445435,0.12292702496051788,0.020198028534650803,640,214
83,2766,15,0.5932210683822632,0.4471701383590698,-0.16844886541366577,0.9484525322914124,569,241
83,2766,16,0.660959780216217,0.4796755313873291,0.07720836251974106,0.06640107184648514,634,259
83,2766,17,0.5828167200088501,0.4703388512134552,-0.19127005338668823,0.921732485294342,559,253
83,2766,18,0.6614838242530823,0.504217267036438,0.07268642634153366,0.07237695902585983,635,272
83,2766,19,0.5782651901245117,0.46316564083099365,-0.18266572058200836,0.9199610352516174,555,250
83,2766,20,0.6569063067436218,0.5065032839775085,0.0537959448993206,0.07421176880598068,630,273
83,2766,21,0.5831149220466614,0.4558056890964508,-0.16243772208690643,0.8573394417762756,559,246
83,2766,22,0.6572782397270203,0.4963870048522949,0.06666645407676697,0.07445836067199707,630,268
83,2766,23,0.6683375835418701,0.4893120229244232,-0.07394826412200928,0.999933660030365,641,264
83,2766,24,0.650044322013855,0.48284223675727844,0.073987677693367,0.9998201727867126,624,260
83,2766,25,0.6911410093307495,0.617926299571991,-0.07730720937252045,0.9735309481620789,663,333
83,2766,26,0.618638813495636,0.6108625531196594,0.08977522701025009,0.4497361481189728,593,329
83,2766,27,0.7289713621139526,0.7529418468475342,-0.030446739867329597,0.980261504650116,699,406
83,2766,28,0.5894920825958252,0.745049774646759,0.11959799379110336,0.7854515910148621,565,402
83,2766,29,0.7415661215782166,0.7795727252960205,-0.030815308913588524,0.8758533596992493,711,420
83,2766,30,0.5915933847427368,0.7767101526260376,0.11670270562171936,0.765402615070343,567,419
83,2766,31,0.6962460875511169,0.7938215732574463,-0.11118675768375397,0.9731346368789673,668,428
83,2766,32,0.5534579753875732,0.7368549704551697,0.0551534965634346,0.8525816202163696,531,397
84,2800,0,0.6301186680793762,0.2398500293493271,-0.036354321986436844,0.9972292184829712,604,129
84,2800,1,0.630014955997467,0.22897666692733765,-0.05236746743321419,0.9970181584358215,604,123
84,2800,2,0.6296496987342834,0.22887630760669708,-0.05252901092171669,0.997555136680603,604,123
84,2800,3,0.6291687488555908,0.22893592715263367,-0.05251218378543854,0.9981111884117126,604,123
84,2800,4,0.6317397952079773,0.22944992780685425,-0.03075963258743286,0.9966990947723389,606,123
84,2800,5,0.6325317621231079,0.22956021130084991,-0.0309547521173954,0.9971552491188049,607,123
84,2800,6,0.633311927318573,0.22966249287128448,-0.03104238584637642,0.9974525570869446,607,124
84,2800,7,0.6315471529960632,0.23333516716957092,-0.09354551881551743,0.999164342880249,606,126
84,2800,8,0.639426589012146,0.23203258216381073,0.006616405211389065,0.995437502861023,613,125
84,2800,9,0.6323730945587158,0.24827471375465393,-0.04517589882016182,0.9972043037414551,607,134
84,2800,10,0.6333730816841125,0.2484695464372635,-0.018150687217712402,0.9948045611381531,608,134
84,2800,11,0.6549609303474426,0.2951216399669647,-0.1579103320837021,0.9999756813049316,628,159
84,2800,12,0.6510477662086487,0.294282466173172,0.09302479773759842,0.9978345632553101,625,158
84,2800,13,0.6340550184249878,0.3938363194465637,-0.19244225323200226,0.9922300577163696,608,212
84,2800,14,0.6623086333274841,0.398247092962265,0.12879279255867004,0.018741412088274956,635,215
84,2800,15,0.5808219909667969,0.444161981344223,-0.1674918383359909,0.9521657824516296,557,239
84,2800,16,0.650402843952179,0.4793762266635895,0.08729193359613419,0.060254793614149094,624,258
84,2800,17,0.5687916278839111,0.46370992064476013,-0.18923966586589813,0.9267112016677856,546,250
84,2800,18,0.6550334692001343,0.5047722458839417,0.08284179121255875,0.06603027135133743,628,272
84,2800,19,0.5643242001533508,0.4560549557209015,-0.17843441665172577,0.9248692393302917,541,246
84,2800,20,0.6497828960418701,0.5067299604415894,0.06425981223583221,0.06772458553314209,623,273
84,2800,21,0.5689877271652222,0.4504081904888153,-0.15941032767295837,0.8639590740203857,546,243
84,2800,22,0.6500643491744995,0.4967007637023926,0.07689090073108673,0.06805375218391418,624,268
84,2800,23,0.6600950360298157,0.49322181940078735,-0.07381780445575714,0.9999390244483948,633,266
84,2800,24,0.63753342628479,0.4871045649051666,0.07385537028312683,0.9998348355293274,612,263
84,2800,25,0.6844097375869751,0.6241617798805237,-0.07355265319347382,0.9747169017791748,657,337
84,2800,26,0.6058885455131531,0.6133358478546143,0.07588814198970795,0.464461088180542,581,331
84,2800,27,0.7262934446334839,0.7527682781219482,-0.029702521860599518,0.979364812374115,697,406
84,2800,28,0.5839675068855286,0.7495712637901306,0.11135760694742203,0.7942200899124146,560,404
84,2800,29,0.7393906116485596,0.7731627821922302,-0.02090505324304104,0.8683810234069824,709,417
84,2800,30,0.5890561938285828,0.7802033424377441,0.11102811992168427,0.7708771228790283,565,421
84,2800,31,0.6961855292320251,0.7957847118377686,-0.08891519904136658,0.9719522595405579,668,429
84,2800,32,0.5472837090492249,0.7614239454269409,0.04803162440657616,0.8586718440055847,525,411
85,2833,0,0.6291794180870056,0.2408432811498642,-0.03752242773771286,0.9974128603935242,604,130
85,2833,1,0.6283465027809143,0.23033271729946136,-0.055329468101263046,0.9971860647201538,603,124
85,2833,2,0.6277700066566467,0.2301473617553711,-0.05552222579717636,0.9976964592933655,602,124
85,2833,3,0.6270914077758789,0.23009620606899261,-0.05551810562610626,0.9982178211212158,602,124
85,2833,4,0.6308878064155579,0.23063582181930542,-0.0312120970338583,0.9968889355659485,605,124
85,2833,5,0.6321496367454529,0.23054231703281403,-0.03140437975525856,0.997329592704773,606,124
85,2833,6,0.6334069967269897,0.23038239777088165,-0.03149905800819397,0.9976137280464172,608,124
85,2833,7,0.6308099031448364,0.234282448887825,-0.10299883782863617,0.9992159605026245,605,126
85,2833,8,0.6386775374412537,0.23248621821403503,0.002536035142838955,0.9957157373428345,613,125
85,2833,9,0.6310827136039734,0.24948684871196747,-0.04921234771609306,0.9973912835121155,605,134
85,2833,10,0.6330291032791138,0.24950768053531647,-0.01914721354842186,0.995168924331665,607,134
85,2833,11,0.6547483205795288,0.2959141731262207,-0.1674180030822754,0.9999772906303406,628,159
85,2833,12,0.6490649580955505,0.29721736907958984,0.09045852720737457,0.9979925155639648,623,160
85,2833,13,0.6342914700508118,0.394161194562912,-0.19393254816532135,0.9928582310676575,608,212
85,2833,14,0.6565089821815491,0.3982428014278412,0.12502944469451904,0.017545511946082115,630,215
85,2833,15,0.5797622203826904,0.4429084062576294,-0.16626180708408356,0.9559749960899353,556,239
85,2833,16,0.6503647565841675,0.48035839200019836,0.08403727412223816,0.05480283871293068,624,259
85,2833,17,0.5678378343582153,0.459852397441864,-0.1877705454826355,0.9320568442344666,545,248
85,2833,18,0.6512474417686462,0.5044599175453186,0.0798252746462822,0.060500845313072205,625,272
85,2833,19,0.5637396574020386,0.4519733786582947,-0.17885006964206696,0.9302531480789185,541,244
85,2833,20,0.6466904282569885,0.5064724087715149,0.06061005964875221,0.062093667685985565,620,273
85,2833,21,0.5681360363960266,0.4469863176345825,-0.1594773679971695,0.8721946477890015,545,241
85,2833,22,0.6468966007232666,0.4970511496067047,0.07343380153179169,0.06254556775093079,621,268
85,2833,23,0.6584237217903137,0.49559858441352844,-0.07436700165271759,0.9999437928199768,632,267
85,2833,24,0.637751042842865,0.48951518535614014,0.07440992444753647,0.9998476505279541,612,264
85,2833,25,0.6838544607162476,0.6276043653488159,-0.07326498627662659,0.9761884808540344,656,338
85,2833,26,0.6065283417701721,0.6131404638290405,0.078722283244133,0.48542386293411255,582,331
85,2833,27,0.726123034954071,0.752760112285614,-0.024189578369259834,0.9796950221061707,697,406
85,2833,28,0.5826398134231567,0.7520843744277954,0.116468146443367,0.8077710270881653,559,406
85,2833,29,0.7388454079627991,0.7716611623764038,-0.020651204511523247,0.8669461011886597,709,416
85,2833,30,0.5868955850601196,0.7829468250274658,0.11651088297367096,0.7822463512420654,563,422
85,2833,31,0.6963550448417664,0.7962870597839355,-0.08806759864091873,0.9724552035331726,668,429
85,2833,32,0.5460678935050964,0.7645005583763123,0.052411388605833054,0.8681867718696594,524,412
86,2866,0,0.6192512512207031,0.2420620173215866,-0.051885683089494705,0.9974591135978699,594,130
86,2866,1,0.6192150712013245,0.23148277401924133,-0.06938087940216064,0.9971816539764404,594,125
86,2866,2,0.6191145181655884,0.23125092685222626,-0.06957025080919266,0.9977050423622131,594,124
86,2866,3,0.6189244389533997,0.2311592698097229,-0.06957248598337173,0.9982245564460754,594,124
86,2866,4,0.6200816035270691,0.23208463191986084,-0.04627928510308266,0.9968366026878357,595,125
86,2866,5,0.6205337643623352,0.2322203367948532,-0.04647640138864517,0.9972932934761047,595,125
86,2866,6,0.6209230422973633,0.23233984410762787,-0.046575020998716354,0.9975886940956116,596,125
86,2866,7,0.6220713257789612,0.23489844799041748,-0.11102965474128723,0.9992255568504333,597,126
86,2866,8,0.626921534538269,0.2342705875635147,-0.00785489659756422,0.995602011680603,601,126
86,2866,9,0.6219230890274048,0.25047802925109863,-0.061539240181446075,0.9974293112754822,597,135
86,2866,10,0.6223772764205933,0.2508145570755005,-0.0326085202395916,0.9952130913734436,597,135
86,2866,11,0.6451189517974854,0.29630085825920105,-0.171349436044693,0.9999784231185913,619,160
86,2866,12,0.6407780051231384,0.2974092960357666,0.08413852006196976,0.9980775117874146,615,160
86,2866,13,0.6252438426017761,0.3955945670604706,-0.20584224164485931,0.9934054613113403,600,213
86,2866,14,0.6513058543205261,0.4000953733921051,0.121209055185318,0.016109375283122063,625,216
86,2866,15,0.5728456974029541,0.4403091073036194,-0.19361574947834015,0.9593172073364258,549,237
86,2866,16,0.6394950151443481,0.4833332300186157,0.08195992559194565,0.04954996332526207,613,260
86,2866,17,0.5588340759277344,0.4568546414375305,-0.2177664190530777,0.9367485046386719,536,246
86,2866,18,0.6403388977050781,0.5084391832351685,0.0774419754743576,0.05488133803009987,614,274
86,2866,19,0.5543515682220459,0.44905272126197815,-0.20832011103630066,0.9349848628044128,532,242
86,2866,20,0.6367409825325012,0.5090774297714233,0.05826469138264656,0.056343354284763336,611,274
86,2866,21,0.5604106783866882,0.44433000683784485,-0.18759605288505554,0.8791640996932983,537,239
86,2866,22,0.6363913416862488,0.4999305009841919,0.0713917687535286,0.05682426318526268,610,269
86,2866,23,0.6460206508636475,0.4980953633785248,-0.07426836341619492,0.9999480247497559,620,268
86,2866,24,0.6273588538169861,0.491850346326828,0.0743100717663765,0.9998588562011719,602,265
86,2866,25,0.6691557168960571,0.6303541660308838,-0.07338318228721619,0.9768939018249512,642,340
86,2866,26,0.5978077054023743,0.6130068302154541,0.08142878860235214,0.495062917470932,573,331
86,2866,27,0.7215192914009094,0.7466627359390259,-0.021442605182528496,0.9788778424263,692,403
86,2866,28,0.5802131295204163,0.7532115578651428,0.1188606396317482,0.8163728713989258,557,406
86,2866,29,0.7338660359382629,0.7604966759681702,-0.01407274603843689,0.8625747561454773,704,410
86,2866,30,0.5856662392616272,0.7835353016853333,0.11921919137239456,0.7891120910644531,562,423
86,2866,31,0.6962359547615051,0.7968343496322632,-0.0818750187754631,0.971574068069458,668,430
86,2866,32,0.5427654981613159,0.7735985517501831,0.05574168264865875,0.8738999366760254,521,417
87,2900,0,0.6177810430526733,0.24171902239322662,-0.03246398642659187,0.9976139068603516,593,130
87,2900,1,0.6174272894859314,0.2309809774160385,-0.049096155911684036,0.9973207116127014,592,124
87,2900,2,0.6171308159828186,0.23074205219745636,-0.04926184564828873,0.9978218674659729,592,124
87,2900,3,0.616690993309021,0.23063722252845764,-0.04925551265478134,0.9983134865760803,592,124
87,2900,4,0.6191922426223755,0.2315996140241623,-0.026391780003905296,0.9969854354858398,594,125
87,2900,5,0.6200791597366333,0.23171766102313995,-0.026586001738905907,0.9974257946014404,595,125
87,2900,6,0.6210120320320129,0.23181848227977753,-0.026672428473830223,0.9977111220359802,596,125
87,2900,7,0.6204544305801392,0.23431181907653809,-0.08961951732635498,0.9992671012878418,595,126
87,2900,8,0.6261091232299805,0.23389576375484467,0.014080044813454151,0.9957923889160156,601,126
87,2900,9,0.6199394464492798,0.2501482367515564,-0.042031943798065186,0.997573971748352,595,135
87,2900,10,0.621229887008667,0.2505216896533966,-0.01344352588057518,0.9954827427864075,596,135
87,2900,11,0.6436433792114258,0.29600661993026733,-0.1533931940793991,0.9999799132347107,617,159
87,2900,12,0.6366245746612549,0.29789236187934875,0.10311076045036316,0.9981956481933594,611,160
87,2900,13,0.625917375087738,0.39462634921073914,-0.19354407489299774,0.9939411878585815,600,213
87,2900,14,0.6443253755569458,0.3999881446361542,0.13788288831710815,0.01505929883569479,618,215
87,2900,15,0.5741564631462097,0.4376582205295563,-0.19160111248493195,0.962609589099884,551,236
87,2900,16,0.6387611031532288,0.48287832736968994,0.09646690636873245,0.045051779597997665,613,260
87,2900,17,0.5598649382591248,0.45302024483680725,-0.21271920204162598,0.9414549469947815,537,244
87,2900,18,0.6378217339515686,0.507829487323761,0.09321031719446182,0.050216931849718094,612,274
87,2900,19,0.556255042552948,0.4453836977481842,-0.19854030013084412,0.9396911859512329,534,240
87,2900,20,0.633849561214447,0.508544385433197,0.07470179349184036,0.05156126618385315,608,274
87,2900,21,0.5614670515060425,0.44091907143592834,-0.1803700178861618,0.8866323232650757,539,238
87,2900,22,0.6346228122711182,0.4996584355831146,0.08605655282735825,0.05213979259133339,609,269
87,2900,23,0.6449375748634338,0.4978984594345093,-0.07490835338830948,0.9999525547027588,619,268
87,2900,24,0.6251408457756042,0.4916117787361145,0.07494381070137024,0.9998708963394165,600,265
87,2900,25,0.6653915047645569,0.6297824382781982,-0.10190777480602264,0.9785538911819458,638,340
87,2900,26,0.5971361398696899,0.6123834252357483,0.07798733562231064,0.5124531984329224,573,330
87,2900,27,0.718853235244751,0.743492841720581,-0.05932905897498131,0.9798086881637573,690,401
87,2900,28,0.5782540440559387,0.7527933716773987,0.11083127558231354,0.827649712562561,555,406
87,2900,29,0.7333076596260071,0.7573010325431824,-0.05899015814065933,0.865752100944519,703,408
87,2900,30,0.586010754108429,0.7830271124839783,0.110490582883358,0.7994908094406128,562,422
87,2900,31,0.6962187886238098,0.799509584903717,-0.13543599843978882,0.9728012681007385,668,431
87,2900,32,0.5411435961723328,0.7749792337417603,0.04911148175597191,0.8816220164299011,519,418
88,2933,0,0.6065239310264587,0.24153216183185577,-0.03883571922779083,0.9974104762077332,582,130
88,2933,1,0.6070927381515503,0.23064616322517395,-0.05522526800632477,0.9970054626464844,582,124
88,2933,2,0.6069139242172241,0.23037715256214142,-0.05538351833820343,0.997586727142334,582,124
88,2933,3,0.6066463589668274,0.23024465143680573,-0.05535859987139702,0.9981499314308167,582,124
88,2933,4,0.6082848310470581,0.23129944503307343,-0.03276786208152771,0.996503472328186,583,124
88,2933,5,0.6088578701019287,0.23143000900745392,-0.03295789659023285,0.9970052242279053,584,124
88,2933,6,0.6094096899032593,0.23155556619167328,-0.03303758427500725,0.9973649382591248,585,125
88,2933,7,0.6095330119132996,0.23395714163780212,-0.09420526772737503,0.9992139935493469,585,126
88,2933,8,0.6152395606040955,0.23378121852874756,0.007693595252931118,0.9950157999992371,590,126
88,2933,9,0.6088191270828247,0.249937042593956,-0.048062242567539215,0.997417151927948,584,134
88,2933,10,0.6091363430023193,0.2503873407840729,-0.01987844705581665,0.9950763583183289,584,135
88,2933,11,0.6334648132324219,0.2958545982837677,-0.15472297370433807,0.9999806880950928,608,159
88,2933,12,0.6252765655517578,0.2976941764354706,0.09666994214057922,0.9982389807701111,600,160
88,2933,13,0.6171839833259583,0.39456239342689514,-0.19557791948318481,0.994278609752655,592,213
88,2933,14,0.6376611590385437,0.4042269289493561,0.13161957263946533,0.013851778581738472,612,218
88,2933,15,0.5652630925178528,0.4377596974372864,-0.191488578915596,0.9643903970718384,542,236
88,2933,16,0.6311407089233398,0.49069666862487793,0.0851442739367485,0.04073650389909744,605,264
88,2933,17,0.5517563223838806,0.4534532129764557,-0.21515969932079315,0.9436637163162231,529,244
88,2933,18,0.6302512288093567,0.5149438977241516,0.081269271671772,0.04555320739746094,605,278
88,2933,19,0.547540009021759,0.4453893005847931,-0.20461709797382355,0.941748321056366,525,240
88,2933,20,0.6246019601821899,0.5161887407302856,0.0625917986035347,0.04677821695804596,599,278
88,2933,21,0.5526015758514404,0.44068583846092224,-0.18464094400405884,0.8882088661193848,530,237
88,2933,22,0.6250307559967041,0.5059472322463989,0.0744907557964325,0.04736066237092018,600,273
88,2933,23,0.6321131587028503,0.4985521137714386,-0.07482316344976425,0.9999566078186035,606,269
88,2933,24,0.6134502291679382,0.4924686551094055,0.07485596835613251,0.9998819231987,588,265
88,2933,25,0.6505606770515442,0.6327364444732666,-0.09356807172298431,0.9795925617218018,624,341
88,2933,26,0.5874131321907043,0.6131393909454346,0.07904748618602753,0.5267691016197205,563,331
88,2933,27,0.7101110816001892,0.7384266257286072,-0.036408644169569016,0.9794248342514038,681,398
88,2933,28,0.574794352054596,0.7540525197982788,0.11417052894830704,0.8366082906723022,551,407
88,2933,29,0.7267103791236877,0.742303192615509,-0.037756696343421936,0.8633526563644409,697,400
88,2933,30,0.5843957662582397,0.7841872572898865,0.11407940834760666,0.8076027631759644,561,423
88,2933,31,0.6961385011672974,0.8008816242218018,-0.10766139626502991,0.9721298813819885,668,432
88,2933,32,0.5384635329246521,0.7784522771835327,0.05145338922739029,0.8867660760879517,516,420
89,2966,0,0.6050150990486145,0.24140365421772003,-0.030446575954556465,0.9969866275787354,580,130
89,2966,1,0.6051098108291626,0.23045378923416138,-0.04637710377573967,0.9964070916175842,580,124
89,2966,2,0.6049447655677795,0.23015332221984863,-0.04655452445149422,0.9971535801887512,580,124
89,2966,3,0.6046762466430664,0.22998957335948944,-0.04654581472277641,0.997811496257782,580,124
89,2966,4,0.6065782904624939,0.23116624355316162,-0.024376872926950455,0.9956920742988586,582,124
89,2966,5,0.6074298024177551,0.23132115602493286,-0.024582209065556526,0.9963760375976562,583,124
89,2966,6,0.6082046031951904,0.23151284456253052,-0.02468237839639187,0.996813178062439,583,125
89,2966,7,0.6091540455818176,0.23368284106254578,-0.08520416915416718,0.9991187453269958,584,126
89,2966,8,0.6133613586425781,0.23378974199295044,0.015355010516941547,0.9940943121910095,588,126
89,2966,9,0.6074676513671875,0.2498205155134201,-0.03961391746997833,0.9971790313720703,583,134
89,2966,10,0.6085597276687622,0.2504054605960846,-0.011980990879237652,0.994577944278717,584,135
89,2966,11,0.6322899460792542,0.2947237193584442,-0.14741374552249908,0.9999812245368958,606,159
89,2966,12,0.6240482926368713,0.29783451557159424,0.10219936817884445,0.9982699751853943,599,160
89,2966,13,0.6169213652610779,0.3934493660926819,-0.18299534916877747,0.9946436882019043,592,212
89,2966,14,0.6300206780433655,0.403835654258728,0.13781686127185822,0.012883017770946026,604,218
89,2966,15,0.5637708902359009,0.4374779164791107,-0.1740185171365738,0.9667020440101624,541,236
89,2966,16,0.6255905032157898,0.4896358251571655,0.10058324784040451,0.036997660994529724,600,264
89,2966,17,0.5499038696289062,0.4532965421676636,-0.19661656022071838,0.9469782114028931,527,244
89,2966,18,0.6240441799163818,0.5139933228492737,0.0980280339717865,0.04164351895451546,599,277
89,2966,19,0.5471625924110413,0.4455183446407318,-0.18477270007133484,0.9450093507766724,525,240
89,2966,20,0.6198835968971252,0.5149539113044739,0.07881981879472733,0.04277128353714943,595,278
89,2966,21,0.5523576140403748,0.4407215416431427,-0.16670788824558258,0.8930779695510864,530,237
89,2966,22,0.6204912066459656,0.5050208568572998,0.0900060310959816,0.04341999441385269,595,272
89,2966,23,0.631341814994812,0.4984947443008423,-0.07455705851316452,0.9999601244926453,606,269
89,2966,24,0.6121528148651123,0.493106484413147,0.07458396255970001,0.9998914003372192,587,266
89,2966,25,0.6482923030853271,0.6351686120033264,-0.0862140879034996,0.9808960556983948,622,342
89,2966,26,0.5885086059570312,0.6129844188690186,0.06281763315200806,0.5567750930786133,564,331
89,2966,27,0.7072370648384094,0.7358174920082092,-0.005017465446144342,0.9797336459159851,678,397
89,2966,28,0.5763151049613953,0.7543056011199951,0.09897986799478531,0.8483312726020813,553,407
89,2966,29,0.7231413722038269,0.7391268014907837,-0.00024437493993900716,0.862462043762207,694,399
89,2966,30,0.583806037902832,0.7834886908531189,0.09951028972864151,0.8186814188957214,560,423
89,2966,31,0.6956772208213806,0.8006633520126343,-0.059116337448358536,0.971953809261322,667,432
89,2966,32,0.5391969084739685,0.7802838087081909,0.04472308233380318,0.8939594030380249,517,421
90,3000,0,0.5919864177703857,0.24136652052402496,-0.025535518303513527,0.9970992207527161,568,130
90,3000,1,0.5945081114768982,0.22965559363365173,-0.0416487492620945,0.9965303540229797,570,124
90,3000,2,0.5952169895172119,0.22945894300937653,-0.041821274906396866,0.9972504377365112,571,123
90,3000,3,0.5957889556884766,0.22930574417114258,-0.04182538017630577,0.9978889226913452,571,123
90,3000,4,0.5940482020378113,0.23011672496795654,-0.01842687651515007,0.9957875609397888,570,124
90,3000,5,0.5943979620933533,0.2303137332201004,-0.018636906519532204,0.9964492321014404,570,124
90,3000,6,0.5946354269981384,0.23047111928462982,-0.01873156800866127,0.9968801736831665,570,124
90,3000,7,0.602508544921875,0.2324288934469223,-0.08135461807250977,0.9991521239280701,578,125
90,3000,8,0.6016623377799988,0.23350025713443756,0.024808106943964958,0.9941589832305908,577,126
90,3000,9,0.59549480676651,0.24970804154872894,-0.0349893793463707,0.9972530603408813,571,134
90,3000,10,0.5948441624641418,0.2503054738044739,-0.005777436774224043,0.9946532249450684,571,135
90,3000,11,0.6225272417068481,0.29193252325057983,-0.14237074553966522,0.9999821186065674,597,157
90,3000,12,0.6171937584877014,0.2978082299232483,0.10887400060892105,0.9983503818511963,592,160
90,3000,13,0.6124637126922607,0.39119309186935425,-0.1814616173505783,0.9949853420257568,587,211
90,3000,14,0.6218028664588928,0.40512895584106445,0.1392371505498886,0.012140829116106033,596,218
90,3000,15,0.5612564086914062,0.4376973509788513,-0.17366530001163483,0.9686409831047058,538,236
90,3000,16,0.6178627610206604,0.48886802792549133,0.09967800974845886,0.03373967856168747,593,263
90,3000,17,0.5471230149269104,0.45422881841659546,-0.1963484138250351,0.9496722221374512,525,245
90,3000,18,0.6203482151031494,0.5155351758003235,0.09722451865673065,0.03825552016496658,595,278
90,3000,19,0.5450021028518677,0.44601520895957947,-0.18332917988300323,0.9475705623626709,523,240
90,3000,20,0.6148632764816284,0.5146368145942688,0.07907911390066147,0.03928356617689133,590,277
90,3000,21,0.5496728420257568,0.4412092864513397,-0.16621068120002747,0.8968446850776672,527,238
90,3000,22,0.6157292127609253,0.5059561729431152,0.089481882750988,0.03999610245227814,591,273
90,3000,23,0.6225120425224304,0.4983712136745453,-0.07472960650920868,0.9999637007713318,597,269
90,3000,24,0.6055482625961304,0.4930593967437744,0.07474271953105927,0.9999011158943176,581,266
90,3000,25,0.6277257204055786,0.6355566382408142,-0.10683940351009369,0.982062578201294,602,343
90,3000,26,0.5825086236000061,0.6128824353218079,0.06254138797521591,0.576908528804779,559,330
90,3000,27,0.6926005482673645,0.7290035486221313,-0.02427852898836136,0.9791450500488281,664,393
90,3000,28,0.5763584971427917,0.7560091018676758,0.09638375788927078,0.8557089567184448,553,408
90,3000,29,0.7075470685958862,0.7255067825317383,-0.018485743552446365,0.8625301122665405,679,391
90,3000,30,0.5839279294013977,0.7843518853187561,0.09680381417274475,0.8262042999267578,560,423
90,3000,31,0.6914169192314148,0.7987015843391418,-0.06720271706581116,0.9708302617073059,663,431
90,3000,32,0.538500189781189,0.7827444076538086,0.04876958578824997,0.8977466225624084,516,422
91,3033,0,0.5857749581336975,0.24133773148059845,-0.013353022746741772,0.9970969557762146,562,130
91,3033,1,0.5896790027618408,0.22901731729507446,-0.02924303337931633,0.9964994788169861,566,123
91,3033,2,0.5906725525856018,0.22884872555732727,-0.029404571279883385,0.9972105622291565,567,123
91,3033,3,0.5915948748588562,0.22863468527793884,-0.02940901182591915,0.9978654980659485,567,123
91,3033,4,0.5890137553215027,0.2292737364768982,-0.0059888637624681,0.9957151412963867,565,123
91,3033,5,0.5896381139755249,0.2293481081724167,-0.006209331564605236,0.9963769316673279,566,123
91,3033,6,0.5899657011032104,0.22936202585697174,-0.006313472054898739,0.9968450665473938,566,123
91,3033,7,0.5995458364486694,0.2313508838415146,-0.06878601759672165,0.9991512894630432,575,124
91,3033,8,0.5971896052360535,0.2332119345664978,0.037542443722486496,0.9940529465675354,573,125
91,3033,9,0.5904740691184998,0.24964486062526703,-0.02289673313498497,0.997226893901825,566,134
91,3033,10,0.5899915099143982,0.2502298951148987,0.006387840025126934,0.9945384860038757,566,135
91,3033,11,0.6210140585899353,0.2906249463558197,-0.12648668885231018,0.9999827146530151,596,156
91,3033,12,0.6139100790023804,0.2976979613304138,0.11738578230142593,0.9984264969825745,589,160
91,3033,13,0.6129427552223206,0.39087867736816406,-0.1556982398033142,0.9952151775360107,588,211
91,3033,14,0.6189387440681458,0.40481945872306824,0.14709573984146118,0.011416170746088028,594,218
91,3033,15,0.5604167580604553,0.4365551769733429,-0.13010337948799133,0.9692370891571045,538,235
91,3033,16,0.6148048043251038,0.48783332109451294,0.1062689870595932,0.030834874138236046,590,263
91,3033,17,0.5460763573646545,0.45351845026016235,-0.14733217656612396,0.9502726793289185,524,244
91,3033,18,0.614078164100647,0.5133258104324341,0.1038694903254509,0.03529363125562668,589,277
91,3033,19,0.5437480211257935,0.4456927478313446,-0.13651570677757263,0.9478058815002441,521,240
91,3033,20,0.6098989844322205,0.513137936592102,0.08685704320669174,0.03622644767165184,585,277
91,3033,21,0.5481337308883667,0.4406900107860565,-0.1228710189461708,0.8962310552597046,526,237
91,3033,22,0.6104280352592468,0.5046629905700684,0.09647724777460098,0.03700607642531395,586,272
91,3033,23,0.6200506091117859,0.4966455399990082,-0.07431386411190033,0.9999669194221497,595,268
91,3033,24,0.6036965250968933,0.4923952519893646,0.07431592792272568,0.9999099373817444,579,265
91,3033,25,0.6261081099510193,0.6349397897720337,-0.10348065942525864,0.983258068561554,601,342
91,3033,26,0.5818719267845154,0.6122097373008728,0.05798567458987236,0.5973776578903198,558,330
91,3033,27,0.691893994808197,0.7258923649787903,-0.03204049915075302,0.9795373678207397,664,391
91,3033,28,0.5762966871261597,0.756374716758728,0.08520083874464035,0.8639674186706543,553,408
91,3033,29,0.7083329558372498,0.7232229709625244,-0.02741999737918377,0.8657978773117065,679,390
91,3033,30,0.584806501865387,0.7844035029411316,0.08521519601345062,0.8342157006263733,561,423
91,3033,31,0.6892948150634766,0.7978859543800354,-0.07080022245645523,0.9710593223571777,661,430
91,3033,32,0.5379598736763,0.7834057211875916,0.044455237686634064,0.9025237560272217,516,423
92,3066,0,0.5823844075202942,0.24111314117908478,-0.04824230447411537,0.9973238706588745,559,130
92,3066,1,0.5849195718765259,0.22865137457847595,-0.06058027222752571,0.9967726469039917,561,123
92,3066,2,0.5859305262565613,0.22835537791252136,-0.06075528636574745,0.9974275827407837,562,123
92,3066,3,0.586924135684967,0.2279992550611496,-0.06076686829328537,0.9980326890945435,563,123
92,3066,4,0.5832698941230774,0.22922106087207794,-0.03678125888109207,0.9960339069366455,559,123
92,3066,5,0.5830811262130737,0.22931303083896637,-0.036994341760873795,0.9966379404067993,559,123
92,3066,6,0.5827343463897705,0.22930903732776642,-0.03709680214524269,0.9970682263374329,559,123
92,3066,7,0.5936205983161926,0.23074081540107727,-0.07795722037553787,0.9992144107818604,569,124
92,3066,8,0.5878234505653381,0.23310193419456482,0.030966278165578842,0.9943923950195312,564,125
92,3066,9,0.5869067907333374,0.24934881925582886,-0.05098558962345123,0.9974192380905151,563,134
92,3066,10,0.5851147174835205,0.25014886260032654,-0.020884232595562935,0.9948804378509521,561,135
92,3066,11,0.6135318875312805,0.2882933020591736,-0.1284501701593399,0.9999836683273315,588,155
92,3066,12,0.6045383214950562,0.29575207829475403,0.11364541202783585,0.9985175728797913,580,159
92,3066,13,0.6044480800628662,0.38978445529937744,-0.16573284566402435,0.9955718517303467,580,210
92,3066,14,0.6102607250213623,0.40466469526290894,0.1419343799352646,0.011086844839155674,585,218
92,3066,15,0.5551601648330688,0.4374052584171295,-0.15648041665554047,0.9712816476821899,532,236
92,3066,16,0.6066935658454895,0.48725348711013794,0.08905022591352463,0.02851598709821701,582,263
92,3066,17,0.5425258278846741,0.45614171028137207,-0.17932340502738953,0.953041136264801,520,246
92,3066,18,0.604911744594574,0.512546181678772,0.0836431235074997,0.03306734934449196,580,276
92,3066,19,0.538613498210907,0.4472871422767639,-0.16966663300991058,0.9506096243858337,517,241
92,3066,20,0.6022180318832397,0.5124493837356567,0.06471656262874603,0.03391521796584129,578,276
92,3066,21,0.5437425971031189,0.4417194724082947,-0.150016650557518,0.9009650945663452,521,238
92,3066,22,0.604637086391449,0.5042268633842468,0.07792825996875763,0.03481047973036766,580,272
92,3066,23,0.6126176118850708,0.49123185873031616,-0.07865598052740097,0.9999698996543884,588,265
92,3066,24,0.594704270362854,0.48627111315727234,0.07863418012857437,0.9999181032180786,570,262
92,3066,25,0.6087286472320557,0.6344522833824158,-0.12459225207567215,0.9846492409706116,584,342
92,3066,26,0.5744219422340393,0.6115831136703491,0.06178931146860123,0.6245664954185486,551,330
92,3066,27,0.6760090589523315,0.7210361957550049,-0.04172972962260246,0.9805749654769897,648,389
92,3066,28,0.5754098892211914,0.7571344971656799,0.09399009495973587,0.8742277026176453,552,408
92,3066,29,0.6909332871437073,0.7166768908500671,-0.03647319972515106,0.8722167611122131,663,387
92,3066,30,0.5845341086387634,0.7850664854049683,0.09415638446807861,0.8454217314720154,561,423
92,3066,31,0.6750408411026001,0.7919294238090515,-0.08485516160726547,0.9723387956619263,648,427
92,3066,32,0.5371612310409546,0.7863035798072815,0.046963054686784744,0.909168541431427,515,424
93,3100,0,0.5820634365081787,0.24020247161388397,-0.031990863382816315,0.9974266290664673,558,129
93,3100,1,0.5835202932357788,0.2280297577381134,-0.045825548470020294,0.9968729615211487,560,123
93,3100,2,0.5839344263076782,0.22777347266674042,-0.04599394649267197,0.9975059032440186,560,122
93,3100,3,0.584232747554779,0.22749543190002441,-0.04600399732589722,0.9980906844139099,560,122
93,3100,4,0.5837312936782837,0.22860077023506165,-0.02303173951804638,0.996171772480011,560,123
93,3100,5,0.5842298865318298,0.22876377403736115,-0.023240135982632637,0.9967621564865112,560,123
93,3100,6,0.584684431552887,0.22883912920951843,-0.02334255538880825,0.9971849918365479,561,123
93,3100,7,0.5899764895439148,0.2302832007408142,-0.07666315883398056,0.9992389678955078,566,124
93,3100,8,0.5904062986373901,0.23275285959243774,0.02775554545223713,0.9945932626724243,566,125
93,3100,9,0.5856571793556213,0.24873878061771393,-0.0388328954577446,0.9975277781486511,562,134
93,3100,10,0.5856612324714661,0.2497410774230957,-0.01005665585398674,0.995103657245636,562,134
93,3100,11,0.610142707824707,0.28745144605636597,-0.13549068570137024,0.9999842643737793,585,155
93,3100,12,0.6042049527168274,0.2944447100162506,0.11465594917535782,0.9986066222190857,580,159
93,3100,13,0.6017114520072937,0.3897380232810974,-0.16645625233650208,0.9958375692367554,577,210
93,3100,14,0.6080684661865234,0.4018512964248657,0.14179083704948425,0.011103503406047821,583,216
93,3100,15,0.5542725324630737,0.4379062354564667,-0.14483247697353363,0.9723559021949768,532,236
93,3100,16,0.6062365174293518,0.486904114484787,0.08913620561361313,0.02696264162659645,581,262
93,3100,17,0.5415576100349426,0.4566924571990967,-0.16469721496105194,0.9542741179466248,519,246
93,3100,18,0.6033383011817932,0.5090680122375488,0.08388639241456985,0.031933821737766266,579,274
93,3100,19,0.5379068851470947,0.44774290919303894,-0.1559825986623764,0.9516925811767578,516,241
93,3100,20,0.6004124879837036,0.5086716413497925,0.06511438637971878,0.03272057697176933,576,274
93,3100,21,0.5427863001823425,0.4424414038658142,-0.1386072039604187,0.9024484753608704,521,238
93,3100,22,0.6032989025115967,0.503814160823822,0.07812278717756271,0.03377362713217735,579,272
93,3100,23,0.6117231249809265,0.48885491490364075,-0.07875237613916397,0.9999724626541138,587,263
93,3100,24,0.5944292545318604,0.4852633476257324,0.07873845100402832,0.9999253153800964,570,262
93,3100,25,0.6059658527374268,0.6343973278999329,-0.11967720091342926,0.9859042167663574,581,342
93,3100,26,0.5726234912872314,0.6107898354530334,0.05655881017446518,0.6472049951553345,549,329
93,3100,27,0.6737741827964783,0.7200795412063599,-0.03839465603232384,0.9814809560775757,646,388
93,3100,28,0.5746882557868958,0.7568138837814331,0.08334363996982574,0.8829047679901123,551,408
93,3100,29,0.6899121403694153,0.7159139513969421,-0.033228855580091476,0.8773055672645569,662,386
93,3100,30,0.58526611328125,0.7849934101104736,0.08298898488283157,0.8544651865959167,561,423
93,3100,31,0.6698713302612305,0.790423572063446,-0.08261106163263321,0.9733707904815674,643,426
93,3100,32,0.5368853211402893,0.7862002849578857,0.03776777163147926,0.9147034287452698,515,424
94,3133,0,0.5745440721511841,0.23933836817741394,0.00031007852521725,0.9975306391716003,551,129
94,3133,1,0.5753003358840942,0.22701649367809296,-0.014436888508498669,0.9969757795333862,552,122
94,3133,2,0.5754973292350769,0.22679199278354645,-0.014576966874301434,0.9975805878639221,552,122
94,3133,3,0.5756204128265381,0.22657832503318787,-0.014586428180336952,0.9981552958488464,552,122
94,3133,4,0.5757432579994202,0.22760915756225586,0.008519668132066727,0.9962928295135498,552,122
94,3133,5,0.5761643648147583,0.22792775928974152,0.008325067348778248,0.9968504309654236,553,123
94,3133,6,0.5765292048454285,0.22810013592243195,0.008239074610173702,0.9972765445709229,553,123
94,3133,7,0.5810785889625549,0.22917179763317108,-0.05345005542039871,0.9992622137069702,557,123
94,3133,8,0.5830064415931702,0.23150472342967987,0.051654379814863205,0.9947381019592285,559,125
94,3133,9,0.5774891376495361,0.24798214435577393,-0.009385170415043831,0.9976202845573425,554,133
94,3133,10,0.5774978399276733,0.2487591803073883,0.019560890272259712,0.995258629322052,554,134
94,3133,11,0.6020715236663818,0.2847664952278137,-0.11984513700008392,0.999984860420227,577,153
94,3133,12,0.5996481776237488,0.2907869815826416,0.13408051431179047,0.9986718893051147,575,157
94,3133,13,0.596206784248352,0.38585659861564636,-0.16029085218906403,0.9960277676582336,572,208
94,3133,14,0.603351354598999,0.39973852038383484,0.15862295031547546,0.01068101916462183,579,215
94,3133,15,0.5509631037712097,0.44055935740470886,-0.1442980021238327,0.9730365872383118,528,237
94,3133,16,0.5994259119033813,0.4809165596961975,0.10866487771272659,0.025073612108826637,575,259
94,3133,17,0.5388307571411133,0.46004152297973633,-0.16412624716758728,0.9549500942230225,517,248
94,3133,18,0.6006600856781006,0.5023650527000427,0.10536135733127594,0.030098816379904747,576,271
94,3133,19,0.5351983308792114,0.45011523365974426,-0.15468764305114746,0.9521978497505188,513,243
94,3133,20,0.5931398868560791,0.5045584440231323,0.08806105703115463,0.03080967627465725,569,272
94,3133,21,0.5399878621101379,0.4443304240703583,-0.1379847526550293,0.9027778506278992,518,239
94,3133,22,0.5976547598838806,0.4958753287792206,0.09843552112579346,0.03196997940540314,573,267
94,3133,23,0.6016549468040466,0.47823768854141235,-0.07951197773218155,0.9999744296073914,577,258
94,3133,24,0.5904510617256165,0.4794684648513794,0.07948622852563858,0.9999310374259949,566,258
94,3133,25,0.5828685164451599,0.6207802295684814,-0.1255774348974228,0.9867425560951233,559,335
94,3133,26,0.5708288550376892,0.610761821269989,0.05378299206495285,0.6490645408630371,547,329
94,3133,27,0.6550508141517639,0.715802788734436,-0.07692334800958633,0.9820753335952759,628,386
94,3133,28,0.5744653940200806,0.7565436959266663,0.07393389195203781,0.8856304287910461,551,408
94,3133,29,0.6717803478240967,0.7120108604431152,-0.07504801452159882,0.8814238905906677,644,384
94,3133,30,0.5853540897369385,0.7848108410835266,0.07294795662164688,0.8577837347984314,561,423
94,3133,31,0.6469118595123291,0.7853569388389587,-0.1239597424864769,0.9741238951683044,621,424
94,3133,32,0.5373408794403076,0.7849962115287781,0.030045723542571068,0.9159752726554871,515,423
95,3166,0,0.5715978145599365,0.23932552337646484,-0.011303686536848545,0.9976732134819031,548,129
95,3166,1,0.5735493302345276,0.2269252985715866,-0.025668859481811523,0.9971281886100769,550,122
95,3166,2,0.5742660760879517,0.22659699618816376,-0.025810731574892998,0.9976906776428223,551,122
95,3166,3,0.5747867822647095,0.22629116475582123,-0.025809479877352715,0.9982373118400574,551,122
95,3166,4,0.5731348395347595,0.22760120034217834,-0.0037366701290011406,0.9964959025382996,550,122
95,3166,5,0.5735332369804382,0.22790898382663727,-0.003934985492378473,0.9970188140869141,550,123
95,3166,6,0.5738201141357422,0.22808240354061127,-0.004023983143270016,0.9974329471588135,550,123
95,3166,7,0.5812643766403198,0.22835294902324677,-0.06071128323674202,0.9992860555648804,558,123
95,3166,8,0.5801802277565002,0.23116853833198547,0.03951246663928032,0.9950081706047058,556,124
95,3166,9,0.5761706829071045,0.24782420694828033,-0.019411128014326096,0.9976980686187744,553,133
95,3166,10,0.5755634307861328,0.24874001741409302,0.008183274418115616,0.9954335689544678,552,134
95,3166,11,0.5996736288070679,0.2842505872249603,-0.1202511414885521,0.9999849796295166,575,153
95,3166,12,0.5977465510368347,0.2892761528491974,0.12392187863588333,0.998742938041687,573,156
95,3166,13,0.5927219390869141,0.38610097765922546,-0.15432199835777283,0.9959928393363953,569,208
95,3166,14,0.6015309691429138,0.3935597836971283,0.15111255645751953,0.010217662900686264,577,212
95,3166,15,0.5494863986968994,0.44514983892440796,-0.13575977087020874,0.9716505408287048,527,240
95,3166,16,0.5964781641960144,0.473367303609848,0.1033061295747757,0.02358020655810833,572,255
95,3166,17,0.5377066135406494,0.4631672203540802,-0.15388400852680206,0.952499270439148,516,250
95,3166,18,0.5949572324752808,0.49545061588287354,0.09992767125368118,0.02885211631655693,571,267
95,3166,19,0.532991886138916,0.454280287027359,-0.14572983980178833,0.9494159817695618,511,245
95,3166,20,0.5900125503540039,0.49615201354026794,0.08233001083135605,0.029496192932128906,566,267
95,3166,21,0.5377857685089111,0.44857677817344666,-0.1299649178981781,0.8974555730819702,516,242
95,3166,22,0.5914235711097717,0.48827147483825684,0.09306735545396805,0.030694233253598213,567,263
95,3166,23,0.6006957292556763,0.47606784105300903,-0.07931122928857803,0.9999760389328003,576,257
95,3166,24,0.5900246500968933,0.4783692955970764,0.07927637547254562,0.999936044216156,566,258
95,3166,25,0.5793344378471375,0.615784764289856,-0.11745157837867737,0.9872921109199524,556,332
95,3166,26,0.5693614482879639,0.6097450852394104,0.054863154888153076,0.6404181718826294,546,329
95,3166,27,0.6534183025360107,0.7154966592788696,-0.06737848371267319,0.9822207689285278,627,386
95,3166,28,0.5755732655525208,0.7566337585449219,0.07659387588500977,0.8844643831253052,552,408
95,3166,29,0.6686108112335205,0.7123693227767944,-0.06526824086904526,0.8846599459648132,641,384
95,3166,30,0.5861628651618958,0.7848734259605408,0.07590757310390472,0.8566902875900269,562,423
95,3166,31,0.6467998027801514,0.7847496867179871,-0.11023678630590439,0.9744116067886353,620,423
95,3166,32,0.5379440784454346,0.784843921661377,0.03529385104775429,0.91466224193573,516,423
96,3200,0,0.562635600566864,0.23878487944602966,-0.017178615555167198,0.9978216886520386,540,128
96,3200,1,0.5640020966529846,0.22605274617671967,-0.031740155071020126,0.9973020553588867,541,122
96,3200,2,0.5646609663963318,0.225617915391922,-0.031885795295238495,0.9978222846984863,542,121
96,3200,3,0.5651960968971252,0.2252211719751358,-0.03188307210803032,0.9983395934104919,542,121
96,3200,4,0.5635742545127869,0.22675348818302155,-0.009475280530750751,0.9967136383056641,541,122
96,3200,5,0.5638504028320312,0.22691388428211212,-0.009672003798186779,0.9971925020217896,541,122
96,3200,6,0.5640125274658203,0.22698692977428436,-0.009759983979165554,0.9975884556770325,541,122
96,3200,7,0.572292685508728,0.22663407027721405,-0.06684797257184982,0.9993213415145874,549,122
96,3200,8,0.5710383653640747,0.22889241576194763,0.03535325825214386,0.9952868223190308,548,123
96,3200,9,0.5671249628067017,0.24660365283489227,-0.02520463801920414,0.9978097677230835,544,133
96,3200,10,0.5663103461265564,0.24759308993816376,0.002787539269775152,0.9956489205360413,543,133
96,3200,11,0.5911611318588257,0.2821871340274811,-0.125374898314476,0.9999848008155823,567,152
96,3200,12,0.5917490720748901,0.2842344641685486,0.12188734114170074,0.9987791180610657,568,153
96,3200,13,0.5853002667427063,0.3861645758152008,-0.15897658467292786,0.9958140254020691,561,208
96,3200,14,0.592959463596344,0.3916047215461731,0.1495826691389084,0.00967748835682869,569,211
96,3200,15,0.5449777841567993,0.4523981809616089,-0.14039583504199982,0.9693164825439453,523,244
96,3200,16,0.5855292677879333,0.46731290221214294,0.10096026957035065,0.021893873810768127,562,252
96,3200,17,0.5340108871459961,0.4747846722602844,-0.15905581414699554,0.9483387470245361,512,256
96,3200,18,0.5827308297157288,0.48744383454322815,0.09752722829580307,0.027177676558494568,559,263
96,3200,19,0.5302024483680725,0.4696502089500427,-0.15162795782089233,0.9449451565742493,508,253
96,3200,20,0.580064594745636,0.4882687032222748,0.07959543168544769,0.027785301208496094,556,263
96,3200,21,0.5342041254043579,0.4615376591682434,-0.1348852515220642,0.8891604542732239,512,249
96,3200,22,0.5801321268081665,0.4829167127609253,0.09062300622463226,0.02903554029762745,556,260
96,3200,23,0.5895176529884338,0.46970134973526,-0.07956139743328094,0.9999748468399048,565,253
96,3200,24,0.5834544897079468,0.4711109399795532,0.07952512055635452,0.9999350309371948,560,254
96,3200,25,0.5726416110992432,0.612910807132721,-0.11574613302946091,0.9868060350418091,549,330
96,3200,26,0.5665408968925476,0.6097254157066345,0.05688021332025528,0.624326229095459,543,329
96,3200,27,0.6323859095573425,0.717182993888855,-0.06181653216481209,0.981322705745697,607,387
96,3200,28,0.5749306082725525,0.7565182447433472,0.0801485925912857,0.8763659596443176,551,408
96,3200,29,0.6455128788948059,0.7161375880241394,-0.06055884435772896,0.8828421235084534,619,386
96,3200,30,0.5852679014205933,0.7846351265907288,0.0790676549077034,0.8498397469520569,561,423
96,3200,31,0.6173935532569885,0.7849003076553345,-0.112806536257267,0.9732859134674072,592,423
96,3200,32,0.5367661714553833,0.7865933179855347,0.04241267219185829,0.9084428548812866,515,424
97,3233,0,0.5601604580879211,0.2387760877609253,-0.0017657601274549961,0.997948944568634,537,128
97,3233,1,0.561100959777832,0.2260553389787674,-0.018007485195994377,0.997452974319458,538,122
97,3233,2,0.5613669157028198,0.2256239503622055,-0.01813974231481552,0.9979397058486938,538,121
97,3233,3,0.5614058375358582,0.22524075210094452,-0.018132193014025688,0.9984258413314819,538,121
97,3233,4,0.5620818734169006,0.22674575448036194,0.003836094867438078,0.9969035387039185,539,122
97,3233,5,0.5630162358283997,0.22685427963733673,0.003643910400569439,0.9973536729812622,540,122
97,3233,6,0.5638443231582642,0.22684267163276672,0.003567897714674473,0.9977306723594666,541,122
97,3233,7,0.5676148533821106,0.22664448618888855,-0.06266859173774719,0.999354362487793,544,122
97,3233,8,0.5716415047645569,0.22807198762893677,0.0376766137778759,0.9955589175224304,548,123
97,3233,9,0.5643804669380188,0.24659883975982666,-0.013438218273222446,0.9979062080383301,541,133
97,3233,10,0.5652905702590942,0.24754850566387177,0.014030614867806435,0.9958410263061523,542,133
97,3233,11,0.5895339846611023,0.28134405612945557,-0.12466143071651459,0.9999853372573853,565,151
97,3233,12,0.5924044251441956,0.28306007385253906,0.11942292004823685,0.9988391995429993,568,152
97,3233,13,0.5845250487327576,0.3860558867454529,-0.1574503630399704,0.9958027005195618,561,208
97,3233,14,0.5929895043373108,0.3861609399318695,0.1494493931531906,0.009198887273669243,569,208
97,3233,15,0.545861542224884,0.45395004749298096,-0.1338684856891632,0.9681349396705627,524,245
97,3233,16,0.5859603881835938,0.4590500295162201,0.10049112886190414,0.02054537460207939,562,247
97,3233,17,0.5355455875396729,0.47556987404823303,-0.1498633772134781,0.9464471936225891,514,256
97,3233,18,0.5835705995559692,0.4780595600605011,0.0984991267323494,0.026019243523478508,560,258
97,3233,19,0.5316458940505981,0.4710322320461273,-0.14243507385253906,0.9425999522209167,510,254
97,3233,20,0.5787055492401123,0.4795650839805603,0.0814426839351654,0.026549600064754486,555,258
97,3233,21,0.5355674624443054,0.4629575312137604,-0.1282259076833725,0.885185182094574,514,249
97,3233,22,0.5795407891273499,0.47247740626335144,0.09052198380231857,0.02786349132657051,556,255
97,3233,23,0.589465856552124,0.4705219864845276,-0.07899164408445358,0.9999763369560242,565,254
97,3233,24,0.5824699997901917,0.47181186079978943,0.07894878089427948,0.9999393820762634,559,254
97,3233,25,0.5715257525444031,0.6124681234359741,-0.10926710069179535,0.9874429106712341,548,330
97,3233,26,0.5674790740013123,0.6097099781036377,0.057346511632204056,0.626698911190033,544,329
97,3233,27,0.6316955089569092,0.7175302505493164,-0.056162718683481216,0.9818317890167236,606,387
97,3233,28,0.5754817724227905,0.7564598917961121,0.07969966530799866,0.8784773945808411,552,408
97,3233,29,0.6453883051872253,0.7184234857559204,-0.05416484177112579,0.8871712684631348,619,387
97,3233,30,0.5857582688331604,0.7838278412818909,0.07880006730556488,0.8515380024909973,562,423
97,3233,31,0.6195514798164368,0.7849816679954529,-0.09695844352245331,0.9738877415657043,594,423
97,3233,32,0.5361230969429016,0.7867593765258789,0.043344639241695404,0.9091751575469971,514,424
98,3266,0,0.5531501770019531,0.23790401220321655,-0.011588800698518753,0.9980984330177307,531,128
98,3266,1,0.5539343357086182,0.2249617725610733,-0.02188394032418728,0.9976304769515991,531,121
98,3266,2,0.5546882748603821,0.22427736222743988,-0.02200482040643692,0.998075008392334,532,121
98,3266,3,0.5552217960357666,0.22369052469730377,-0.021975070238113403,0.9985345005989075,533,120
98,3266,4,0.5533156991004944,0.22613239288330078,-0.0015706837875768542,0.997119665145874,531,122
98,3266,5,0.553570568561554,0.2262640744447708,-0.001743241911754012,0.9975276589393616,531,122
98,3266,6,0.5536178946495056,0.22635182738304138,-0.001771282055415213,0.9978872537612915,531,122
98,3266,7,0.5618226528167725,0.22398290038108826,-0.06591038405895233,0.9993900656700134,539,120
98,3266,8,0.5606094002723694,0.22687849402427673,0.03598600998520851,0.9958142638206482,538,122
98,3266,9,0.5578323006629944,0.2453131526708603,-0.019051186740398407,0.9980201125144958,535,132
98,3266,10,0.5570257306098938,0.2464531809091568,0.006646844558417797,0.9960658550262451,534,133
98,3266,11,0.5824552774429321,0.2808942496776581,-0.12377869337797165,0.99998539686203,559,151
98,3266,12,0.5824084877967834,0.28164035081863403,0.118941530585289,0.9988881945610046,559,152
98,3266,13,0.5802133679389954,0.38554152846336365,-0.14837799966335297,0.9951748847961426,557,208
98,3266,14,0.5795698165893555,0.3863637447357178,0.14741018414497375,0.00858241692185402,556,208
98,3266,15,0.5471417307853699,0.46014007925987244,-0.12387625873088837,0.9622730612754822,525,248
98,3266,16,0.5664176940917969,0.4573058485984802,0.09473417699337006,0.018948551267385483,543,246
98,3266,17,0.5377569198608398,0.48262324929237366,-0.14083608984947205,0.9376111030578613,516,260
98,3266,18,0.5615366101264954,0.477779358625412,0.09183220565319061,0.024231333285570145,539,258
98,3266,19,0.5335583090782166,0.4801918864250183,-0.13590671122074127,0.9334241151809692,512,259
98,3266,20,0.5566383004188538,0.4776489734649658,0.0728723555803299,0.02475542575120926,534,257
98,3266,21,0.5368726253509521,0.47287288308143616,-0.11958836019039154,0.8708140254020691,515,255
98,3266,22,0.5589740872383118,0.4720118045806885,0.08379080146551132,0.026008324697613716,536,254
98,3266,23,0.5791651606559753,0.46977198123931885,-0.0770135372877121,0.9999738335609436,555,253
98,3266,24,0.5745878219604492,0.4692876935005188,0.07696171849966049,0.9999366998672485,551,253
98,3266,25,0.556109607219696,0.6113787293434143,-0.08752451092004776,0.977135181427002,533,330
98,3266,26,0.5586367249488831,0.6091482043266296,0.058014508336782455,0.5770840048789978,536,328
98,3266,27,0.5994356870651245,0.712626039981842,0.0008369925781153142,0.9520983099937439,575,384
98,3266,28,0.5729501843452454,0.7558586001396179,0.09308815747499466,0.8200535178184509,550,408
98,3266,29,0.6109673380851746,0.7144662141799927,0.0075205541215837,0.8514339923858643,586,385
98,3266,30,0.5827029943466187,0.7814763188362122,0.09417977184057236,0.8034122586250305,559,421
98,3266,31,0.5853234529495239,0.7648324370384216,-0.01860961504280567,0.9447348713874817,561,413
98,3266,32,0.5368738770484924,0.7864997386932373,0.06620065122842789,0.8587608933448792,515,424
99,3300,0,0.5519403219223022,0.23689812421798706,-0.014169326052069664,0.9982326626777649,529,127
99,3300,1,0.5535953640937805,0.2236052304506302,-0.026478085666894913,0.9977912306785583,531,120
99,3300,2,0.5543100237846375,0.2228766530752182,-0.02661057747900486,0.9981997609138489,532,120
99,3300,3,0.5547837615013123,0.22228486835956573,-0.02659589983522892,0.9986304044723511,532,120
99,3300,4,0.5532934069633484,0.22487929463386536,-0.005508980248123407,0.9973227381706238,531,121
99,3300,5,0.5537694692611694,0.22502835094928741,-0.005693195387721062,0.9976975321769714,531,121
99,3300,6,0.5540769100189209,0.225171759724617,-0.005747365765273571,0.9980362057685852,531,121
99,3300,7,0.5616198778152466,0.22233840823173523,-0.06540880352258682,0.9994288682937622,539,120
99,3300,8,0.5607760548591614,0.22588680684566498,0.03038760833442211,0.9961147904396057,538,121
99,3300,9,0.5571415424346924,0.24436266720294952,-0.02216009609401226,0.9981334209442139,534,131
99,3300,10,0.5566746592521667,0.24588987231254578,0.004632377531379461,0.9963049292564392,534,132
99,3300,11,0.5816991925239563,0.27945825457572937,-0.11917802691459656,0.9999856948852539,558,150
99,3300,12,0.5817064642906189,0.2809288799762726,0.10332919657230377,0.9989405274391174,558,151
99,3300,13,0.5778812170028687,0.38499170541763306,-0.14054153859615326,0.9948983192443848,554,207
99,3300,14,0.5814722180366516,0.38584619760513306,0.12476608157157898,0.008036199025809765,558,208
99,3300,15,0.5463290810585022,0.4619779884815216,-0.11353594809770584,0.9594334959983826,524,249
99,3300,16,0.5717298984527588,0.4594331979751587,0.08551457524299622,0.017524728551506996,548,248
99,3300,17,0.5370705723762512,0.48562583327293396,-0.128151074051857,0.9332529902458191,515,262
99,3300,18,0.5678426623344421,0.47953495383262634,0.08340629190206528,0.02267426811158657,545,258
99,3300,19,0.532917320728302,0.4832923710346222,-0.12390469759702682,0.9288328289985657,511,260
99,3300,20,0.5630188584327698,0.4807417094707489,0.06638640910387039,0.023175422102212906,540,259
99,3300,21,0.5363475680351257,0.4751047194004059,-0.10953911393880844,0.8637914061546326,514,256
99,3300,22,0.5645189881324768,0.4742668867111206,0.07587035745382309,0.02436811663210392,541,256
99,3300,23,0.5778047442436218,0.46919679641723633,-0.0719730481505394,0.9999727606773376,554,253
99,3300,24,0.5733928084373474,0.46884942054748535,0.07193826138973236,0.9999359250068665,550,253
99,3300,25,0.5534462332725525,0.6101593971252441,-0.07426939159631729,0.9734078049659729,531,329
99,3300,26,0.5585933327674866,0.6082812547683716,0.05897814780473709,0.5364722609519958,536,328
99,3300,27,0.5968236923217773,0.7096514105796814,0.006387175992131233,0.9365196228027344,572,383
99,3300,28,0.573218584060669,0.7558395862579346,0.08458425104618073,0.7787431478500366,550,408
99,3300,29,0.6104031801223755,0.7112743854522705,0.012482840567827225,0.8314839005470276,585,384
99,3300,30,0.5833370685577393,0.781404435634613,0.08447117358446121,0.7712689638137817,560,421
99,3300,31,0.5750991106033325,0.7565807700157166,-0.006385999731719494,0.9293838739395142,552,408
99,3300,32,0.5373231172561646,0.786041796207428,0.06105028837919235,0.8263501524925232,515,424
100,3333,0,0.5429821014404297,0.2363000065088272,-0.06792127341032028,0.9982327818870544,521,127
100,3333,1,0.5446358919143677,0.2219821959733963,-0.07750081270933151,0.9977966547012329,522,119
100,3333,2,0.5459139943122864,0.2204517275094986,-0.07762953639030457,0.9981685876846313,524,119
100,3333,3,0.5471565127372742,0.21925632655620575,-0.07761234790086746,0.9986164569854736,525,118
100,3333,4,0.5426417589187622,0.22411148250102997,-0.05740862339735031,0.9973448514938354,520,121
100,3333,5,0.5424854755401611,0.2242903858423233,-0.05760538578033447,0.9976661801338196,520,121
100,3333,6,0.5421261191368103,0.2244938164949417,-0.05770600587129593,0.9980138540267944,520,121
100,3333,7,0.5548929572105408,0.21889503300189972,-0.09204856306314468,0.9993883371353149,532,118
100,3333,8,0.5484896302223206,0.22449427843093872,-0.0005711953854188323,0.995914101600647,526,121
100,3333,9,0.5487026572227478,0.2427724152803421,-0.06819094717502594,0.9978257417678833,526,131
100,3333,10,0.5467103719711304,0.2445773035287857,-0.043097760528326035,0.9956486225128174,524,132
100,3333,11,0.5739713907241821,0.27909567952156067,-0.12944987416267395,0.9999802112579346,551,150
100,3333,12,0.575495183467865,0.27964386343955994,0.08833301067352295,0.9986720681190491,552,151
100,3333,13,0.5703562498092651,0.3850520849227905,-0.1475551575422287,0.9918895363807678,547,207
100,3333,14,0.5756790637969971,0.3861609995365143,0.10456251353025436,0.007331809960305691,552,208
100,3333,15,0.5463324785232544,0.46476444602012634,-0.11733181029558182,0.9376174211502075,524,250
100,3333,16,0.5621220469474792,0.459783136844635,0.05073271319270134,0.015954934060573578,539,248
100,3333,17,0.5382749438285828,0.4883843958377838,-0.13856343924999237,0.9051957726478577,516,263
100,3333,18,0.5583932995796204,0.48474833369255066,0.04613359645009041,0.020781241357326508,536,261
100,3333,19,0.5343460440635681,0.48673689365386963,-0.12611466646194458,0.9012017846107483,512,262
100,3333,20,0.5556684732437134,0.48587968945503235,0.029282141476869583,0.021236343309283257,533,262
100,3333,21,0.537237286567688,0.4791671633720398,-0.11385589092969894,0.8292727470397949,515,258
100,3333,22,0.5574927926063538,0.47935768961906433,0.04081590101122856,0.022339683026075363,535,258
100,3333,23,0.570640504360199,0.47009551525115967,-0.0725388377904892,0.999958872795105,547,253
100,3333,24,0.5722653865814209,0.46939587593078613,0.07249777764081955,0.999907374382019,549,253
100,3333,25,0.5419993996620178,0.6100789904594421,-0.0741659477353096,0.9631683230400085,520,329
100,3333,26,0.5606005191802979,0.6034835577011108,0.08467652648687363,0.488751083612442,538,325
100,3333,27,0.5759934186935425,0.731641411781311,0.0006073454860597849,0.9310780167579651,552,395
100,3333,28,0.5740083456039429,0.7397611737251282,0.12111570686101913,0.7252044677734375,551,399
100,3333,29,0.5908538103103638,0.758745014667511,-0.003782008308917284,0.8239859342575073,567,409
100,3333,30,0.5886620879173279,0.7632589340209961,0.12232959270477295,0.7320747971534729,565,412
100,3333,31,0.5448833703994751,0.7660092115402222,-0.04612364247441292,0.9220177531242371,523,413
100,3333,32,0.545383095741272,0.7728939056396484,0.09448930621147156,0.7791733741760254,523,417
101,3366,0,0.5417031645774841,0.23557429015636444,-0.050278160721063614,0.9982383847236633,520,127
101,3366,1,0.5425724387168884,0.22066166996955872,-0.06237279996275902,0.9978111386299133,520,119
101,3366,2,0.5431491136550903,0.21920354664325714,-0.06250789016485214,0.9981558918952942,521,118
101,3366,3,0.5434938073158264,0.2181209921836853,-0.06249343603849411,0.9986168742179871,521,117
101,3366,4,0.5425652861595154,0.22266629338264465,-0.04177429527044296,0.9973849058151245,520,120
101,3366,5,0.5431274771690369,0.22269292175769806,-0.04196896776556969,0.9976782202720642,521,120
101,3366,6,0.5434610843658447,0.22279596328735352,-0.042061325162649155,0.9980356693267822,521,120
101,3366,7,0.5506699681282043,0.21805208921432495,-0.08765827864408493,0.9993716478347778,528,117
101,3366,8,0.5503265857696533,0.22219492495059967,0.005006894003599882,0.9959456920623779,528,119
101,3366,9,0.5467913150787354,0.24224503338336945,-0.05499868467450142,0.9977696537971497,524,130
101,3366,10,0.5462623834609985,0.24397015571594238,-0.029338978230953217,0.9955589175224304,524,131
101,3366,11,0.5722104907035828,0.2774100601673126,-0.1295112520456314,0.9999790787696838,549,149
101,3366,12,0.5743139386177063,0.27751460671424866,0.08731682598590851,0.9986110329627991,551,149
101,3366,13,0.5706989169120789,0.38391152024269104,-0.15088219940662384,0.9910877346992493,547,207
101,3366,14,0.5752332210540771,0.3843814432621002,0.10765333473682404,0.006820932030677795,552,207
101,3366,15,0.5466659665107727,0.4650386571884155,-0.12408874183893204,0.9351530075073242,524,251
101,3366,16,0.5620025992393494,0.461067795753479,0.05917343124747276,0.014826517552137375,539,248
101,3366,17,0.5390931963920593,0.48940157890319824,-0.14417695999145508,0.9006057977676392,517,264
101,3366,18,0.5573244094848633,0.4854385256767273,0.05504484102129936,0.01952185481786728,535,262
101,3366,19,0.5351125597953796,0.4871986210346222,-0.13107052445411682,0.8965902328491211,513,263
101,3366,20,0.5531094670295715,0.48639848828315735,0.03744328394532204,0.019954567775130272,530,262
101,3366,21,0.5375603437423706,0.4795059263706207,-0.1178719699382782,0.8219976425170898,516,258
101,3366,22,0.555023193359375,0.4797520935535431,0.04909376800060272,0.020979274064302444,532,259
101,3366,23,0.5701341032981873,0.46849554777145386,-0.07216484099626541,0.9999518990516663,547,252
101,3366,24,0.5717828869819641,0.46766364574432373,0.07213495671749115,0.9998902082443237,548,252
101,3366,25,0.5436487793922424,0.60603266954422,-0.06979482620954514,0.9508987665176392,521,327
101,3366,26,0.5598670840263367,0.5986168384552002,0.0817946344614029,0.4445191025733948,537,323
101,3366,27,0.5748496651649475,0.735003650188446,-0.01646723411977291,0.9234296083450317,551,396
101,3366,28,0.5741434097290039,0.7346633076667786,0.12039802223443985,0.6681986451148987,551,396
101,3366,29,0.5900076627731323,0.7610956430435181,-0.022256365045905113,0.8141242861747742,566,410
101,3366,30,0.5905309915542603,0.7570531964302063,0.12137392163276672,0.6871622800827026,566,408
101,3366,31,0.5426482558250427,0.7703579068183899,-0.07030335813760757,0.9133670926094055,520,415
101,3366,32,0.5466757416725159,0.7696604132652283,0.07910995930433273,0.7286437153816223,524,415
102,3400,0,0.5363930463790894,0.2350395917892456,-0.06173356622457504,0.9981520771980286,514,126
102,3400,1,0.5371624231338501,0.22018656134605408,-0.07240434736013412,0.9976782202720642,515,118
102,3400,2,0.5376299619674683,0.21877412497997284,-0.072533518075943,0.9980137944221497,516,118
102,3400,3,0.5378970503807068,0.21772967278957367,-0.07251252979040146,0.9985185861587524,516,117
102,3400,4,0.536932110786438,0.22213546931743622,-0.0534665584564209,0.9972611665725708,515,119
102,3400,5,0.5374618768692017,0.22201167047023773,-0.05365357547998428,0.9975345730781555,515,119
102,3400,6,0.5376672744750977,0.22202353179454803,-0.053740307688713074,0.9979299306869507,516,119
102,3400,7,0.5434578657150269,0.2180202603340149,-0.09317434579133987,0.9993030428886414,521,117
102,3400,8,0.5441644787788391,0.22108159959316254,-0.006831357255578041,0.995670735836029,522,119
102,3400,9,0.5409672856330872,0.24159063398838043,-0.0646093338727951,0.9975398778915405,519,130
102,3400,10,0.5400572419166565,0.24324925243854523,-0.04110174998641014,0.9950863718986511,518,131
102,3400,11,0.5633819699287415,0.27823126316070557,-0.13252010941505432,0.99997478723526,540,150
102,3400,12,0.5631147027015686,0.27806007862091064,0.07689626514911652,0.9983804821968079,540,150
102,3400,13,0.5632904171943665,0.38413235545158386,-0.16660571098327637,0.9887925386428833,540,207
102,3400,14,0.5578485727310181,0.38477352261543274,0.09772476553916931,0.006294108461588621,535,207
102,3400,15,0.544045627117157,0.4733794033527374,-0.16885678470134735,0.9230303168296814,522,255
102,3400,16,0.5452357530593872,0.4591667950153351,0.051542069762945175,0.013786429539322853,523,247
102,3400,17,0.5386212468147278,0.5008627772331238,-0.18768718838691711,0.8844494819641113,517,270
102,3400,18,0.5400625467300415,0.48061302304267883,0.046656858175992966,0.018392503261566162,518,259
102,3400,19,0.5340395569801331,0.5003882050514221,-0.18511004745960236,0.8804468512535095,512,270
102,3400,20,0.5362225770950317,0.48232194781303406,0.029434803873300552,0.01880679652094841,514,260
102,3400,21,0.5355377793312073,0.49080437421798706,-0.16648338735103607,0.8006412982940674,514,265
102,3400,22,0.5391062498092651,0.47425559163093567,0.04168052598834038,0.019714664667844772,517,256
102,3400,23,0.5533767938613892,0.47556713223457336,-0.06975029408931732,0.9999333620071411,531,256
102,3400,24,0.5615552663803101,0.47046205401420593,0.06972377747297287,0.9998485445976257,539,254
102,3400,25,0.5259263515472412,0.6059389710426331,-0.05748147889971733,0.932303786277771,504,327
102,3400,26,0.5591133236885071,0.5992516875267029,0.09107206761837006,0.40358278155326843,536,323
102,3400,27,0.5517767667770386,0.7366818189620972,-0.0006015048129484057,0.9093614816665649,529,397
102,3400,28,0.5740337371826172,0.7374746799468994,0.1338987648487091,0.6146162748336792,551,398
102,3400,29,0.5668331980705261,0.7623887658119202,0.0008907343144528568,0.8012089729309082,544,411
102,3400,30,0.5848718285560608,0.7610039114952087,0.135655015707016,0.64182448387146,561,410
102,3400,31,0.5206477642059326,0.772308349609375,-0.04511178657412529,0.8986859321594238,499,417
102,3400,32,0.5463332533836365,0.7666527032852173,0.10275323688983917,0.6776968836784363,524,413
103,3433,0,0.5341984033584595,0.2311897873878479,-0.05584491044282913,0.9980193376541138,512,124
103,3433,1,0.5350598692893982,0.2173001617193222,-0.06878502666950226,0.9975064992904663,513,117
103,3433,2,0.5353546738624573,0.21623638272285461,-0.06891560554504395,0.9978310465812683,513,116
103,3433,3,0.535406768321991,0.2154080867767334,-0.06889291852712631,0.9983894228935242,513,116
103,3433,4,0.5355385541915894,0.21885070204734802,-0.049102578312158585,0.9971042275428772,514,118
103,3433,5,0.5361549854278564,0.21881894767284393,-0.04929105564951897,0.9973728656768799,514,118
103,3433,6,0.5365236401557922,0.21888555586338043,-0.04937582090497017,0.9978079795837402,515,118
103,3433,7,0.5420607924461365,0.21629206836223602,-0.09911256283521652,0.9992358088493347,520,116
103,3433,8,0.5430975556373596,0.21923474967479706,-0.009645391255617142,0.9954692721366882,521,118
103,3433,9,0.538682222366333,0.2389034628868103,-0.061877425760030746,0.9973361492156982,517,129
103,3433,10,0.5386267304420471,0.24012869596481323,-0.037391699850559235,0.994755744934082,517,129
103,3433,11,0.5620314478874207,0.27702251076698303,-0.13970372080802917,0.9999724626541138,539,149
103,3433,12,0.5622097849845886,0.2779233157634735,0.07040324807167053,0.9982571005821228,539,150
103,3433,13,0.5624538660049438,0.38282886147499084,-0.17272931337356567,0.9867211580276489,539,206
103,3433,14,0.5588495135307312,0.38417118787765503,0.090153269469738,0.005816587712615728,536,207
103,3433,15,0.5424479842185974,0.47829103469848633,-0.1656976342201233,0.9121399521827698,520,258
103,3433,16,0.5419334769248962,0.4586097300052643,0.04651927575469017,0.012880370952188969,520,247
103,3433,17,0.5382431745529175,0.505461573600769,-0.1821892261505127,0.8696573972702026,516,272
103,3433,18,0.5365453958511353,0.47815749049186707,0.04256904125213623,0.017419641837477684,515,258
103,3433,19,0.532431960105896,0.5047604441642761,-0.1806347519159317,0.8650826215744019,511,272
103,3433,20,0.5319257378578186,0.4812971353530884,0.025122493505477905,0.017809608951210976,510,259
103,3433,21,0.5340249538421631,0.49604639410972595,-0.1633196473121643,0.7805149555206299,512,267
103,3433,22,0.5346892476081848,0.47237923741340637,0.03657952696084976,0.018641801550984383,513,255
103,3433,23,0.5507457256317139,0.4750138521194458,-0.06784752756357193,0.9999235272407532,528,256
103,3433,24,0.5577728152275085,0.4706967771053314,0.06782041490077972,0.9998270273208618,535,254
103,3433,25,0.5244642496109009,0.6056073307991028,-0.043591491878032684,0.919393002986908,503,327
103,3433,26,0.5569355487823486,0.5990158915519714,0.08639450371265411,0.36776283383369446,534,323
103,3433,27,0.5473164916038513,0.737369179725647,0.002557754749432206,0.9043370485305786,525,398
103,3433,28,0.5723968744277954,0.7390527129173279,0.12038259953260422,0.5713580250740051,549,399
103,3433,29,0.5636444091796875,0.7626778483390808,0.0037300705444067717,0.7964941263198853,541,411
103,3433,30,0.5819097757339478,0.7631019353866577,0.12126489728689194,0.6060461401939392,558,412
103,3433,31,0.5170183181762695,0.7800066471099854,-0.04344051331281662,0.8918394446372986,496,421
103,3433,32,0.5462570786476135,0.7680670022964478,0.08694230765104294,0.6386674642562866,524,414
104,3466,0,0.5282856822013855,0.22972357273101807,-0.04599631205201149,0.9980760812759399,507,124
104,3466,1,0.5281640887260437,0.2160133719444275,-0.0623835064470768,0.997593879699707,507,116
104,3466,2,0.5276744961738586,0.21500827372074127,-0.06248733028769493,0.9979081749916077,506,116
104,3466,3,0.5269379615783691,0.21461237967014313,-0.06241334229707718,0.9984319806098938,505,115
104,3466,4,0.5310671329498291,0.2161969691514969,-0.046146903187036514,0.9972388744354248,509,116
104,3466,5,0.5324164032936096,0.2157217115163803,-0.0463411919772625,0.9975116848945618,511,116
104,3466,6,0.5336126685142517,0.21538755297660828,-0.046422556042671204,0.9979073405265808,512,116
104,3466,7,0.5298970937728882,0.2163293957710266,-0.09508787840604782,0.9992724061012268,508,116
104,3466,8,0.5403214693069458,0.21721725165843964,-0.016042565926909447,0.9958014488220215,518,117
104,3466,9,0.5307556986808777,0.23794889450073242,-0.05853348597884178,0.9974409937858582,509,128
104,3466,10,0.5325110554695129,0.2390669584274292,-0.03191882371902466,0.9950310587882996,511,129
104,3466,11,0.548557460308075,0.282613068819046,-0.1388583928346634,0.9999710917472839,526,152
104,3466,12,0.5611674189567566,0.2785976231098175,0.04395315796136856,0.9981560707092285,538,150
104,3466,13,0.5519827008247375,0.39278537034988403,-0.16489125788211823,0.9875544905662537,529,212
104,3466,14,0.5674111843109131,0.40099993348121643,0.05739684775471687,0.00803077407181263,544,216
104,3466,15,0.5404664874076843,0.4954899549484253,-0.15135131776332855,0.9144637584686279,518,267
104,3466,16,0.5489677786827087,0.4798090159893036,0.04493122175335884,0.011883924715220928,527,259
104,3466,17,0.5386174321174622,0.5275388956069946,-0.16054889559745789,0.8722473978996277,517,284
104,3466,18,0.5457525849342346,0.5052735209465027,0.04408077523112297,0.0160524845123291,523,272
104,3466,19,0.5328746438026428,0.5301074385643005,-0.16354487836360931,0.867551326751709,511,286
104,3466,20,0.5415584444999695,0.5067172646522522,0.03009660169482231,0.01639387384057045,519,273
104,3466,21,0.5334680080413818,0.5192909836769104,-0.15156111121177673,0.784814178943634,512,280
104,3466,22,0.5435866713523865,0.5013337135314941,0.0375525988638401,0.01719614304602146,521,270
104,3466,23,0.5411360859870911,0.48749953508377075,-0.060739122331142426,0.9999207258224487,519,263
104,3466,24,0.5549528002738953,0.48223933577537537,0.06072884425520897,0.9998144507408142,532,260
104,3466,25,0.5162710547447205,0.6107325553894043,-0.007697346154600382,0.9261082410812378,495,329
104,3466,26,0.5538941025733948,0.6052694916725159,0.09232010692358017,0.3605610728263855,531,326
104,3466,27,0.5250685214996338,0.7551497220993042,0.03612065687775612,0.9133379459381104,504,407
104,3466,28,0.5712552666664124,0.7396625876426697,0.12619371712207794,0.5839090347290039,548,399
104,3466,29,0.5349614024162292,0.7789756059646606,0.03751238435506821,0.8152782917022705,513,420
104,3466,30,0.5816584825515747,0.7650919556617737,0.12699145078659058,0.623683512210846,558,413
104,3466,31,0.48569878935813904,0.785576343536377,-0.005259186960756779,0.9015423655509949,466,424
104,3466,32,0.5455806255340576,0.7683072090148926,0.0987464115023613,0.65088951587677,523,414
105,3500,0,0.5230585336685181,0.22735022008419037,-0.05153466761112213,0.9979156851768494,502,122
105,3500,1,0.5242845416069031,0.21413618326187134,-0.06713207066059113,0.9974412322044373,503,115
105,3500,2,0.5245048999786377,0.21347030997276306,-0.06725556403398514,0.9977608919143677,503,115
105,3500,3,0.5243977904319763,0.21313464641571045,-0.06720924377441406,0.9983114004135132,503,115
105,3500,4,0.5254738926887512,0.21420100331306458,-0.04918714985251427,0.9971219897270203,504,115
105,3500,5,0.5263540744781494,0.21383491158485413,-0.04938904196023941,0.9974154233932495,505,115
105,3500,6,0.5270049571990967,0.2135012447834015,-0.049484964460134506,0.9978176355361938,505,115
105,3500,7,0.530807614326477,0.21549667418003082,-0.10407086461782455,0.9992308616638184,509,116
105,3500,8,0.534294068813324,0.21609853208065033,-0.02076677232980728,0.9958354234695435,512,116
105,3500,9,0.5267558693885803,0.23661965131759644,-0.06100708246231079,0.9971750378608704,505,127
105,3500,10,0.5274249911308289,0.23741625249385834,-0.03720509260892868,0.994692325592041,506,128
105,3500,11,0.5479764342308044,0.28141823410987854,-0.14103856682777405,0.9999668002128601,526,151
105,3500,12,0.5589975118637085,0.27848020195961,0.04549946263432503,0.9978578686714172,536,150
105,3500,13,0.5532355904579163,0.3921680748462677,-0.16645631194114685,0.9860570430755615,531,211
105,3500,14,0.5653682947158813,0.40507081151008606,0.058580365031957626,0.007462459150701761,542,218
105,3500,15,0.5407429337501526,0.49542316794395447,-0.15035919845104218,0.9045350551605225,519,267
105,3500,16,0.5522686839103699,0.49156656861305237,0.034457407891750336,0.010972041636705399,530,265
105,3500,17,0.538817286491394,0.5251402258872986,-0.1604432761669159,0.8604915738105774,517,283
105,3500,18,0.5490537881851196,0.5123046040534973,0.031514156609773636,0.014944614842534065,527,276
105,3500,19,0.5332794785499573,0.5271747708320618,-0.16277585923671722,0.855293869972229,511,284
105,3500,20,0.5439342856407166,0.5175434350967407,0.017908116802573204,0.015248220413923264,522,279
105,3500,21,0.5340269804000854,0.5179198980331421,-0.14931748807430267,0.7704240679740906,512,279
105,3500,22,0.5463305115699768,0.5087652206420898,0.02676950767636299,0.016003325581550598,524,274
105,3500,23,0.5393767952919006,0.4865499436855316,-0.06069113686680794,0.9999185800552368,517,262
105,3500,24,0.5522315502166748,0.48424574732780457,0.0606902651488781,0.9998069405555725,530,261
105,3500,25,0.517103910446167,0.6107892394065857,-0.019858380779623985,0.9297466278076172,496,329
105,3500,26,0.5515619516372681,0.6055920124053955,0.08961999416351318,0.338884174823761,529,327
105,3500,27,0.5228736996650696,0.7576544880867004,0.021189086139202118,0.9203780889511108,501,409
105,3500,28,0.5710811614990234,0.7420990467071533,0.12194275110960007,0.5754316449165344,548,400
105,3500,29,0.5323816537857056,0.7835837006568909,0.02202216535806656,0.8288580179214478,511,423
105,3500,30,0.5807612538337708,0.770591676235199,0.12263476848602295,0.6221163272857666,557,416
105,3500,31,0.4854383170604706,0.7897698879241943,-0.025032231584191322,0.9086033701896667,466,426
105,3500,32,0.5441934466362,0.7712717056274414,0.09247885644435883,0.6473395824432373,522,416
106,3533,0,0.5167989730834961,0.22655266523361206,-0.08174721151590347,0.9979450106620789,496,122
106,3533,1,0.5188949704170227,0.21383671462535858,-0.09483553469181061,0.9975172877311707,498,115
106,3533,2,0.5194891095161438,0.21325597167015076,-0.09499911218881607,0.9978344440460205,498,115
106,3533,3,0.5199571251869202,0.21289773285388947,-0.09495650976896286,0.9983645081520081,499,114
106,3533,4,0.5186688303947449,0.2144116312265396,-0.07388272136449814,0.9972173571586609,497,115
106,3533,5,0.5189720392227173,0.21431070566177368,-0.07408489286899567,0.9974984526634216,498,115
106,3533,6,0.5190383195877075,0.21410459280014038,-0.07418134063482285,0.9978678822517395,498,115
106,3533,7,0.5270566344261169,0.2156558334827423,-0.12011364102363586,0.999250054359436,505,116
106,3533,8,0.5246558785438538,0.21706750988960266,-0.0252071563154459,0.9959281086921692,503,117
106,3533,9,0.5211618542671204,0.2364739626646042,-0.08578905463218689,0.9972249269485474,500,127
106,3533,10,0.5202717781066895,0.2375481277704239,-0.059485938400030136,0.9947792887687683,499,128
106,3533,11,0.5449482798576355,0.28167933225631714,-0.15947683155536652,0.9999648928642273,523,152
106,3533,12,0.5399110913276672,0.2841070890426636,0.05860930681228638,0.9977831840515137,518,153
106,3533,13,0.5453256368637085,0.3965599238872528,-0.19863072037696838,0.9858781099319458,523,214
106,3533,14,0.5332024693489075,0.4035884737968445,0.07727135717868805,0.007363140117377043,511,217
106,3533,15,0.5406137704849243,0.5018872022628784,-0.2022763043642044,0.9063581824302673,518,271
106,3533,16,0.5201099514961243,0.489022821187973,0.04263579845428467,0.011744226329028606,499,264
106,3533,17,0.5392206907272339,0.5333361625671387,-0.2208763062953949,0.8635781407356262,517,288
106,3533,18,0.5159242153167725,0.5093144178390503,0.03900349885225296,0.01662426069378853,495,275
106,3533,19,0.5334635972976685,0.5358201265335083,-0.22307831048965454,0.8585958480834961,512,289
106,3533,20,0.5120366215705872,0.5126243233680725,0.020917298272252083,0.016971630975604057,491,276
106,3533,21,0.5328964591026306,0.5243043303489685,-0.20166879892349243,0.776357114315033,511,283
106,3533,22,0.5140869617462158,0.5048028826713562,0.032784946262836456,0.01784674823284149,493,272
106,3533,23,0.5327525734901428,0.4950888156890869,-0.06497795879840851,0.9999220371246338,511,267
106,3533,24,0.5389432311058044,0.4910484552383423,0.0649508684873581,0.9998151659965515,517,265
106,3533,25,0.5074508786201477,0.6178495287895203,-0.0014412702294066548,0.9348248243331909,487,333
106,3533,26,0.5490390658378601,0.6113852262496948,0.11389929801225662,0.3628142178058624,527,330
106,3533,27,0.49573180079460144,0.7606258988380432,0.05496363341808319,0.9279682636260986,475,410
106,3533,28,0.5712342858314514,0.7434808015823364,0.1756092756986618,0.6095685958862305,548,401
106,3533,29,0.5036872029304504,0.7881263494491577,0.056199245154857635,0.844456672668457,483,425
106,3533,30,0.582373321056366,0.7757869362831116,0.17942224442958832,0.6524410247802734,559,418
106,3533,31,0.4558912515640259,0.7888984084129333,-0.005681333132088184,0.917034387588501,437,426
106,3533,32,0.5414102077484131,0.7752096652984619,0.14311067759990692,0.6756134033203125,519,418
107,3566,0,0.5179446339607239,0.22688907384872437,-0.07234243303537369,0.9979608058929443,497,122
107,3566,1,0.5187862515449524,0.2140088677406311,-0.08711160719394684,0.9975638389587402,498,115
107,3566,2,0.5187644362449646,0.21346817910671234,-0.08726517856121063,0.9978920817375183,498,115
107,3566,3,0.5186639428138733,0.21310937404632568,-0.08723339438438416,0.9984089136123657,497,115
107,3566,4,0.5197175145149231,0.21472983062267303,-0.06663528829813004,0.9972742199897766,498,115
107,3566,5,0.5204808115959167,0.21464797854423523,-0.06683006137609482,0.9975496530532837,499,115
107,3566,6,0.5210697054862976,0.2144918441772461,-0.06692289561033249,0.9978835582733154,500,115
107,3566,7,0.5234959125518799,0.21605870127677917,-0.1204695776104927,0.9992746710777283,502,116
107,3566,8,0.5262763500213623,0.21730749309062958,-0.027164097875356674,0.9959912896156311,505,117
107,3566,9,0.5207027196884155,0.23663127422332764,-0.07893314212560654,0.997313916683197,499,127
107,3566,10,0.5208035111427307,0.2377314269542694,-0.0533490888774395,0.994925856590271,499,128
107,3566,11,0.5428958535194397,0.2823061943054199,-0.16339479386806488,0.9999653697013855,521,152
107,3566,12,0.5414416790008545,0.2852526605129242,0.05791725963354111,0.9976202249526978,519,154
107,3566,13,0.546344518661499,0.39660564064979553,-0.20023196935653687,0.9865840673446655,524,214
107,3566,14,0.5354077816009521,0.40283507108688354,0.07906459271907806,0.007062936667352915,513,217
107,3566,15,0.5407105684280396,0.501532256603241,-0.19977574050426483,0.910541296005249,519,270
107,3566,16,0.5303316712379456,0.48792916536331177,0.041781678795814514,0.011146502569317818,509,263
107,3566,17,0.540675163269043,0.5310253500938416,-0.21751521527767181,0.868668794631958,519,286
107,3566,18,0.5283349752426147,0.5081478357315063,0.03796927630901337,0.016007276251912117,507,274
107,3566,19,0.5336402654647827,0.5333466529846191,-0.21909256279468536,0.8637242317199707,512,288
107,3566,20,0.5241490602493286,0.5100820064544678,0.02062886953353882,0.016307411715388298,503,275
107,3566,21,0.5334296822547913,0.5225759148597717,-0.1986904889345169,0.7845924496650696,512,282
107,3566,22,0.524983823299408,0.502437949180603,0.03207985311746597,0.01725020632147789,503,271
107,3566,23,0.5297444462776184,0.4935134947299957,-0.06525924801826477,0.9999257326126099,508,266
107,3566,24,0.5396708250045776,0.49156925082206726,0.06524550914764404,0.9998217821121216,518,265
107,3566,25,0.5065105557441711,0.6187488436698914,0.003438363317400217,0.9403565526008606,486,334
107,3566,26,0.5511608719825745,0.6112399101257324,0.10543227940797806,0.3954891562461853,529,330
107,3566,27,0.4961630702018738,0.7613353729248047,0.047608084976673126,0.9349682331085205,476,411
107,3566,28,0.5716094970703125,0.7443164587020874,0.15377181768417358,0.6426709890365601,548,401
107,3566,29,0.5024304986000061,0.7907878756523132,0.047530923038721085,0.8587847948074341,482,427
107,3566,30,0.5827864408493042,0.7764700651168823,0.15607349574565887,0.6809330582618713,559,419
107,3566,31,0.45239517092704773,0.7879637479782104,-0.015862716361880302,0.9248246550559998,434,425
107,3566,32,0.540861964225769,0.7779689431190491,0.1190648302435875,0.702457070350647,519,420
108,3600,0,0.5079087018966675,0.22701886296272278,-0.06516378372907639,0.9980924725532532,487,122
108,3600,1,0.5100153684616089,0.2141706496477127,-0.07949282974004745,0.9977453351020813,489,115
108,3600,2,0.5101597309112549,0.213738813996315,-0.07964105904102325,0.9980522394180298,489,115
108,3600,3,0.5101789832115173,0.2134123146533966,-0.07961107045412064,0.9985272288322449,489,115
108,3600,4,0.5106936693191528,0.21495550870895386,-0.05921265110373497,0.9974848031997681,490,116
108,3600,5,0.5112833380699158,0.21496236324310303,-0.05940757319331169,0.9977417588233948,490,116
108,3600,6,0.5117034316062927,0.21489879488945007,-0.059498682618141174,0.9980388879776001,491,116
108,3600,7,0.5163444876670837,0.21664950251579285,-0.1131201907992363,0.9993307590484619,495,116
108,3600,8,0.5187225341796875,0.21845929324626923,-0.020309271290898323,0.996304452419281,497,117
108,3600,9,0.5113867521286011,0.2367742657661438,-0.07181499898433685,0.9974884390830994,490,127
108,3600,10,0.5116754770278931,0.23793868720531464,-0.046570006757974625,0.9952566623687744,491,128
108,3600,11,0.5351822972297668,0.28248465061187744,-0.15636806190013885,0.9999662041664124,513,152
108,3600,12,0.5370813012123108,0.28849735856056213,0.06056894361972809,0.9976519346237183,515,155
108,3600,13,0.5406321287155151,0.3989699184894562,-0.1902836710214615,0.9872035384178162,519,215
108,3600,14,0.536948561668396,0.407026469707489,0.07925418019294739,0.007028868887573481,515,219
108,3600,15,0.5399887561798096,0.5018561482429504,-0.18323297798633575,0.9141191840171814,518,271
108,3600,16,0.533209502696991,0.4973863363265991,0.044227972626686096,0.011091142892837524,511,268
108,3600,17,0.54201340675354,0.5293790698051453,-0.20107053220272064,0.8737789392471313,520,285
108,3600,18,0.5331941843032837,0.5233632326126099,0.04058428853750229,0.016226043924689293,511,282
108,3600,19,0.5345325469970703,0.5320839285850525,-0.19938455522060394,0.8690224885940552,513,287
108,3600,20,0.5266286134719849,0.5265747904777527,0.023700270801782608,0.016489041969180107,505,284
108,3600,21,0.533786416053772,0.5216752290725708,-0.1808660626411438,0.7938725352287292,512,281
108,3600,22,0.5271514058113098,0.5170599818229675,0.0347907654941082,0.017539041116833687,506,279
108,3600,23,0.5221160054206848,0.4972901940345764,-0.06567998975515366,0.9999310970306396,501,268
108,3600,24,0.5377113223075867,0.49615371227264404,0.06566815823316574,0.9998343586921692,516,267
108,3600,25,0.4984608590602875,0.6249597072601318,0.020616475492715836,0.9458285570144653,478,337
108,3600,26,0.5472090840339661,0.6149522066116333,0.1118829995393753,0.44036465883255005,525,332
108,3600,27,0.4703923761844635,0.7616816759109497,0.07331474870443344,0.941354513168335,451,411
108,3600,28,0.5717373490333557,0.7474361658096313,0.15976570546627045,0.6759956479072571,548,403
108,3600,29,0.473698228597641,0.7919560074806213,0.07445891946554184,0.8723559379577637,454,427
108,3600,30,0.5829466581344604,0.7782271504402161,0.1624363362789154,0.7106696963310242,559,420
108,3600,31,0.4264534115791321,0.7774637937545776,0.0179714597761631,0.9320465326309204,409,419
108,3600,32,0.540148913860321,0.7806601524353027,0.12989117205142975,0.7297542095184326,518,421
109,3633,0,0.5048275589942932,0.22797510027885437,-0.06221501901745796,0.9982425570487976,484,123
109,3633,1,0.5065956115722656,0.2148461639881134,-0.07665595412254333,0.9979341626167297,486,116
109,3633,2,0.506806492805481,0.21440227329730988,-0.0768040269613266,0.9982165694236755,486,115
109,3633,3,0.5067892670631409,0.21403929591178894,-0.07676871120929718,0.9986487030982971,486,115
109,3633,4,0.5073894262313843,0.2155885100364685,-0.05655236169695854,0.9977031350135803,487,116
109,3633,5,0.5081048607826233,0.21557678282260895,-0.056750889867544174,0.9979404211044312,487,116
109,3633,6,0.5086297988891602,0.21547412872314453,-0.05683881416916847,0.9982060790061951,488,116
109,3633,7,0.513734757900238,0.21711234748363495,-0.11006195843219757,0.9993875622749329,493,117
109,3633,8,0.5157182216644287,0.21922385692596436,-0.01858348399400711,0.9966307282447815,495,118
109,3633,9,0.5085983872413635,0.237516388297081,-0.06885211169719696,0.9976815581321716,488,128
109,3633,10,0.5093041658401489,0.23868437111377716,-0.043762627989053726,0.9956294298171997,488,128
109,3633,11,0.5331628918647766,0.28291887044906616,-0.15287461876869202,0.9999672174453735,511,152
109,3633,12,0.5364777445793152,0.28895100951194763,0.06005648896098137,0.9977479577064514,515,156
109,3633,13,0.5402454137802124,0.400301992893219,-0.17266474664211273,0.9875602126121521,518,216
109,3633,14,0.5366408824920654,0.40655049681663513,0.07780146598815918,0.00726616196334362,515,219
109,3633,15,0.5397873520851135,0.501556396484375,-0.15269985795021057,0.9153584837913513,518,270
109,3633,16,0.5351065993309021,0.49781912565231323,0.04414687678217888,0.011392218060791492,513,268
109,3633,17,0.5430543422698975,0.5306122303009033,-0.1650274693965912,0.8759365677833557,521,286
109,3633,18,0.5359493494033813,0.526468813419342,0.04031570255756378,0.016983743757009506,514,284
109,3633,19,0.5350009799003601,0.533351719379425,-0.1674484759569168,0.8712698817253113,513,288
109,3633,20,0.5279112458229065,0.5301852226257324,0.024282852187752724,0.017167720943689346,506,286
109,3633,21,0.5339975357055664,0.5237730145454407,-0.15154026448726654,0.7991845607757568,512,282
109,3633,22,0.5278280377388,0.5235430598258972,0.03515690937638283,0.018305139616131783,506,282
109,3633,23,0.5223355889320374,0.4980269968509674,-0.06589372456073761,0.9999363422393799,501,268
109,3633,24,0.5359073877334595,0.4972369074821472,0.06587976962327957,0.9998471140861511,514,268
109,3633,25,0.4969407916069031,0.626660943031311,0.022616714239120483,0.950945258140564,477,338
109,3633,26,0.5471383929252625,0.6146311163902283,0.10872171819210052,0.4871918559074402,525,331
109,3633,27,0.4690972864627838,0.7622798085212708,0.07869753241539001,0.9471293687820435,450,411
109,3633,28,0.5719388723373413,0.7488470077514648,0.15396122634410858,0.7070072293281555,549,404
109,3633,29,0.4731862246990204,0.7921738028526306,0.08033329993486404,0.8846760392189026,454,427
109,3633,30,0.5830559134483337,0.7791922092437744,0.15641334652900696,0.7381858825683594,559,420
109,3633,31,0.4258519113063812,0.7703388929367065,0.02814788930118084,0.9386087656021118,408,415
109,3633,32,0.5387703776359558,0.7823603749275208,0.12530668079853058,0.7552695274353027,517,422
110,3666,0,0.4985353648662567,0.22986213862895966,-0.06325068324804306,0.9983385801315308,478,124
110,3666,1,0.500036895275116,0.21758262813091278,-0.07709242403507233,0.9980677366256714,480,117
110,3666,2,0.5005000233650208,0.21705569326877594,-0.07725249230861664,0.9983459711074829,480,117
110,3666,3,0.5008180141448975,0.21656395494937897,-0.07722172886133194,0.9987450242042542,480,116
110,3666,4,0.4997360408306122,0.21860317885875702,-0.05643211305141449,0.9978501200675964,479,118
110,3666,5,0.49993041157722473,0.2187718152999878,-0.05662509426474571,0.9980775713920593,479,118
110,3666,6,0.4999638497829437,0.21883967518806458,-0.05670454725623131,0.9982998371124268,479,118
110,3666,7,0.5078138709068298,0.21895499527454376,-0.10842633992433548,0.9994347095489502,487,118
110,3666,8,0.5063478946685791,0.22340062260627747,-0.015848614275455475,0.9968187808990479,486,120
110,3666,9,0.502414882183075,0.23897168040275574,-0.06842376291751862,0.9978325366973877,482,129
110,3666,10,0.5020307898521423,0.24016892910003662,-0.04279676452279091,0.9958823323249817,481,129
110,3666,11,0.526715099811554,0.2839289605617523,-0.15098614990711212,0.9999693036079407,505,153
110,3666,12,0.5197017192840576,0.2912208139896393,0.07419373840093613,0.9977885484695435,498,157
110,3666,13,0.534206211566925,0.4009929895401001,-0.18025773763656616,0.988628089427948,512,216
110,3666,14,0.51673823595047,0.406563937664032,0.09285502135753632,0.007291046902537346,496,219
110,3666,15,0.5396477580070496,0.5000877380371094,-0.18397259712219238,0.9227769374847412,518,270
110,3666,16,0.5185007452964783,0.5018840432167053,0.04824025183916092,0.011329096741974354,497,271
110,3666,17,0.543854832649231,0.5286068916320801,-0.20300081372261047,0.8865192532539368,522,285
110,3666,18,0.5177882313728333,0.526350200176239,0.042861420661211014,0.01710868440568447,497,284
110,3666,19,0.5406094193458557,0.5312523245811462,-0.20607677102088928,0.8822877407073975,518,286
110,3666,20,0.5143505930900574,0.5273893475532532,0.024978553876280785,0.017321264371275902,493,284
110,3666,21,0.53573077917099,0.5213407278060913,-0.1838422268629074,0.8163747191429138,514,281
110,3666,22,0.5146625638008118,0.5197563171386719,0.03755968436598778,0.01864667609333992,494,280
110,3666,23,0.514097273349762,0.4967007637023926,-0.06969830393791199,0.999941349029541,493,268
110,3666,24,0.5178698897361755,0.49562615156173706,0.06967441737651825,0.9998579621315002,497,267
110,3666,25,0.48787593841552734,0.6278709173202515,0.007840997539460659,0.9555327892303467,468,339
110,3666,26,0.5404319167137146,0.6142423748970032,0.09852567315101624,0.5329479575157166,518,331
110,3666,27,0.45086050033569336,0.7605871558189392,0.06318148970603943,0.952314555644989,432,410
110,3666,28,0.5720788240432739,0.7488746047019958,0.14908716082572937,0.7354803681373596,549,404
110,3666,29,0.45211759209632874,0.7894754409790039,0.06421300023794174,0.8957198858261108,434,426
110,3666,30,0.5836989879608154,0.779432475566864,0.15043798089027405,0.7636286020278931,560,420
110,3666,31,0.40892866253852844,0.7588636875152588,0.006911936681717634,0.9445034265518188,392,409
110,3666,32,0.5385565161705017,0.7826156616210938,0.12203843146562576,0.7788113951683044,517,422
111,3700,0,0.49587684869766235,0.23343093693256378,-0.06567076593637466,0.9983863234519958,476,126
111,3700,1,0.496773362159729,0.22073450684547424,-0.08097848296165466,0.9981396794319153,476,119
111,3700,2,0.49681058526039124,0.22026413679122925,-0.08114183694124222,0.9984327554702759,476,118
111,3700,3,0.49663326144218445,0.2198382169008255,-0.08111491799354553,0.9988061189651489,476,118
111,3700,4,0.49793365597724915,0.22156792879104614,-0.059902071952819824,0.9979341626167297,478,119
111,3700,5,0.4987660348415375,0.2214612364768982,-0.060082435607910156,0.9981700778007507,478,119
111,3700,6,0.4994557201862335,0.2213030606508255,-0.060148343443870544,0.9983463883399963,479,119
111,3700,7,0.5030295252799988,0.22161135077476501,-0.1164712980389595,0.9994696974754333,482,119
111,3700,8,0.5068187117576599,0.22423109412193298,-0.020443547517061234,0.9969372153282166,486,121
111,3700,9,0.49918314814567566,0.24207523465156555,-0.0725884661078453,0.9979623556137085,479,130
111,3700,10,0.4999113082885742,0.24317485094070435,-0.046146441251039505,0.9961017966270447,479,131
111,3700,11,0.5225844979286194,0.2858995497226715,-0.15594364702701569,0.9999709725379944,501,154
111,3700,12,0.5196840167045593,0.2925684452056885,0.06777247041463852,0.9978472590446472,498,157
111,3700,13,0.5321432948112488,0.40131568908691406,-0.1958087980747223,0.9895772337913513,510,216
111,3700,14,0.5120769143104553,0.40620389580726624,0.08516191691160202,0.007381074596196413,491,219
111,3700,15,0.5389454960823059,0.49898120760917664,-0.21746009588241577,0.9296139478683472,517,269
111,3700,16,0.506674587726593,0.48839884996414185,0.03161049261689186,0.0121423015370965,486,263
111,3700,17,0.54395592212677,0.5268355011940002,-0.23958908021450043,0.8963919878005981,522,284
111,3700,18,0.5046135783195496,0.5038697123527527,0.024552633985877037,0.018660882487893105,484,272
111,3700,19,0.5411848425865173,0.5293393731117249,-0.24378059804439545,0.89255291223526,519,285
111,3700,20,0.5016505718231201,0.5010287761688232,0.004763742443174124,0.018986977636814117,481,270
111,3700,21,0.5359612703323364,0.5196778178215027,-0.21832095086574554,0.8322450518608093,514,280
111,3700,22,0.5023807287216187,0.4951346516609192,0.02027781493961811,0.02052558958530426,482,267
111,3700,23,0.5136826038360596,0.49586915969848633,-0.06969599425792694,0.9999447464942932,493,267
111,3700,24,0.5178362131118774,0.4948185682296753,0.06967034190893173,0.9998644590377808,497,267
111,3700,25,0.487808495759964,0.6275744438171387,-7.913321314845234e-05,0.9593502879142761,468,338
111,3700,26,0.5377692580223083,0.613654613494873,0.0735163614153862,0.5730299353599548,516,331
111,3700,27,0.45111697912216187,0.7593393325805664,0.06239737570285797,0.9568380117416382,433,410
111,3700,28,0.5715280175209045,0.7483525276184082,0.11958727985620499,0.7604877352714539,548,404
111,3700,29,0.45228317379951477,0.7879853248596191,0.05640138313174248,0.9050854444503784,434,425
111,3700,30,0.5838163495063782,0.7798676490783691,0.12188711762428284,0.7861092686653137,560,421
111,3700,31,0.4122410714626312,0.7574148178100586,-0.014003832824528217,0.9494831562042236,395,409
111,3700,32,0.53837651014328,0.7825801372528076,0.08743315190076828,0.7992814779281616,516,422
112,3733,0,0.4883144795894623,0.2342490404844284,-0.0703052282333374,0.9984299540519714,468,126
112,3733,1,0.4900065064430237,0.22175762057304382,-0.08326590806245804,0.9981601238250732,470,119
112,3733,2,0.490210622549057,0.22140680253505707,-0.08342894911766052,0.9984588623046875,470,119
112,3733,3,0.4902077615261078,0.22110989689826965,-0.08342030644416809,0.9988366365432739,470,119
112,3733,4,0.4902361333370209,0.22241666913032532,-0.06247120350599289,0.9979444146156311,470,120
112,3733,5,0.49052441120147705,0.22238492965698242,-0.06265650689601898,0.998169481754303,470,120
112,3733,6,0.4906002879142761,0.2222762256860733,-0.0627206414937973,0.9983303546905518,470,120
112,3733,7,0.4968092739582062,0.2239941656589508,-0.1156323105096817,0.9994874596595764,476,120
112,3733,8,0.49708589911460876,0.2262829691171646,-0.01767336018383503,0.9968723058700562,477,122
112,3733,9,0.49218183755874634,0.24331778287887573,-0.07388725876808167,0.9980576634407043,472,131
112,3733,10,0.49221381545066833,0.24424299597740173,-0.0477447472512722,0.9962427020072937,472,131
112,3733,11,0.5159426927566528,0.29231926798820496,-0.1487559676170349,0.9999728202819824,495,157
112,3733,12,0.509092390537262,0.2960183620452881,0.07768197357654572,0.9978554248809814,488,159
112,3733,13,0.5274458527565002,0.40473446249961853,-0.18260599672794342,0.990088939666748,506,218
112,3733,14,0.5064173340797424,0.4078525900840759,0.10471613705158234,0.007017088122665882,486,220
112,3733,15,0.5376035571098328,0.5024305582046509,-0.19698688387870789,0.9338520765304565,516,271
112,3733,16,0.5081835985183716,0.49433186650276184,0.050025247037410736,0.011547131463885307,487,266
112,3733,17,0.5440720319747925,0.5292039513587952,-0.21542192995548248,0.9013358950614929,522,285
112,3733,18,0.5077387690544128,0.5120177865028381,0.04284973070025444,0.01794818602502346,487,276
112,3733,19,0.5409209728240967,0.5328705310821533,-0.21812742948532104,0.8976927995681763,519,287
112,3733,20,0.5037916302680969,0.5094237923622131,0.020255092531442642,0.018279895186424255,483,275
112,3733,21,0.5359736680984497,0.5237258076667786,-0.1961022913455963,0.8392195105552673,514,282
112,3733,22,0.5041425824165344,0.5020338296890259,0.03770722076296806,0.019804148003458977,483,271
112,3733,23,0.509017825126648,0.49836862087249756,-0.0696868896484375,0.9999424815177917,488,269
112,3733,24,0.5052549839019775,0.4984225928783417,0.06966147571802139,0.9998534321784973,485,269
112,3733,25,0.49196842312812805,0.6280022859573364,-0.035523246973752975,0.961513102054596,472,339
112,3733,26,0.4980745017528534,0.6206400394439697,0.0765431597828865,0.5635212063789368,478,335
112,3733,27,0.458608478307724,0.7659031748771667,0.026491140946745872,0.9598662257194519,440,413
112,3733,28,0.4953782856464386,0.774452805519104,0.12346029281616211,0.7666418552398682,475,418
112,3733,29,0.47171837091445923,0.7940975427627563,0.025813821703195572,0.9068977236747742,452,428
112,3733,30,0.5010752081871033,0.8079041242599487,0.12532418966293335,0.7869144082069397,481,436
112,3733,31,0.43794092535972595,0.764539897441864,-0.04885723441839218,0.9525080919265747,420,412
112,3733,32,0.46095961332321167,0.7880818247795105,0.07825455069541931,0.8065479397773743,442,425
113,3766,0,0.4860183894634247,0.2378864735364914,-0.06791578978300095,0.998446524143219,466,128
113,3766,1,0.4875410199165344,0.2242540866136551,-0.08123382925987244,0.9981986284255981,468,121
113,3766,2,0.4878099262714386,0.22380462288856506,-0.08139326423406601,0.9985175132751465,468,120
113,3766,3,0.48792025446891785,0.22338822484016418,-0.08137809485197067,0.9988738894462585,468,120
113,3766,4,0.48790448904037476,0.22580647468566895,-0.06057015433907509,0.9980086088180542,468,121
113,3766,5,0.4884527623653412,0.22588913142681122,-0.06075812876224518,0.9982474446296692,468,121
113,3766,6,0.48905113339424133,0.22584237158298492,-0.06082778796553612,0.9983678460121155,469,121
113,3766,7,0.4939335882663727,0.22630177438259125,-0.11292000114917755,0.9995132684707642,474,122
113,3766,8,0.495568186044693,0.22897154092788696,-0.016666356474161148,0.9969815611839294,475,123
113,3766,9,0.4899640381336212,0.24631941318511963,-0.07227226346731186,0.9981346726417542,470,133
113,3766,10,0.4898500144481659,0.2474641650915146,-0.046373333781957626,0.9963691830635071,470,133
113,3766,11,0.5128136873245239,0.29301995038986206,-0.1489388644695282,0.9999738931655884,492,158
113,3766,12,0.5077417492866516,0.29783758521080017,0.07753697782754898,0.9978983998298645,487,160
113,3766,13,0.5265039801597595,0.4041723608970642,-0.18205899000167847,0.9908504486083984,505,218
113,3766,14,0.5077030658721924,0.4089227020740509,0.0980626717209816,0.00715998001396656,487,220
113,3766,15,0.5363609790802002,0.5014077425003052,-0.18995486199855804,0.9383232593536377,514,270
113,3766,16,0.5137407779693604,0.5011353492736816,0.04261518269777298,0.011682616546750069,493,270
113,3766,17,0.543993353843689,0.5283529758453369,-0.20776258409023285,0.9075716733932495,522,285
113,3766,18,0.5141544938087463,0.5217444896697998,0.03533931449055672,0.01830534264445305,493,281
113,3766,19,0.5407751202583313,0.5321493148803711,-0.20986340939998627,0.9042209982872009,519,287
113,3766,20,0.5096546411514282,0.5150254964828491,0.01634342223405838,0.018642853945493698,489,278
113,3766,21,0.5359960198402405,0.5231738686561584,-0.18879324197769165,0.8497896790504456,514,282
113,3766,22,0.5110050439834595,0.5100271105766296,0.0318262055516243,0.020224077627062798,490,275
113,3766,23,0.5068718791007996,0.498514860868454,-0.07063551247119904,0.9999462366104126,486,269
113,3766,24,0.5093100666999817,0.4984307289123535,0.07059865444898605,0.9998619556427002,488,269
113,3766,25,0.475708931684494,0.6294381618499756,-0.015458950772881508,0.9649560451507568,456,339
113,3766,26,0.5177951455116272,0.6196579933166504,0.07904987037181854,0.600945770740509,497,334
113,3766,27,0.4390602111816406,0.7642409205436707,0.029840290546417236,0.9637219905853271,421,412
113,3766,28,0.5453029274940491,0.7624035477638245,0.13233812153339386,0.7889032363891602,523,411
113,3766,29,0.44172415137290955,0.7934237122535706,0.0272380318492651,0.9154840707778931,424,428
113,3766,30,0.5605574250221252,0.7936480045318604,0.13573409616947174,0.8073601126670837,538,428
113,3766,31,0.3979324400424957,0.75634765625,-0.038550253957509995,0.956855833530426,382,408
113,3766,32,0.5152189135551453,0.7854716181755066,0.09875880926847458,0.8245583772659302,494,424
114,3800,0,0.4772167205810547,0.23839257657527924,-0.05005447193980217,0.9985279440879822,458,128
114,3800,1,0.47740429639816284,0.22572718560695648,-0.06576700508594513,0.998275101184845,458,121
114,3800,2,0.4771000146865845,0.22549647092819214,-0.06591393798589706,0.9986062049865723,458,121
114,3800,3,0.4765971302986145,0.22530600428581238,-0.06588498502969742,0.9989284873008728,457,121
114,3800,4,0.47910717129707336,0.22668521106243134,-0.04497198760509491,0.9981200098991394,459,122
114,3800,5,0.47999343276023865,0.2265867292881012,-0.04513710364699364,0.9983661770820618,460,122
114,3800,6,0.4810328483581543,0.22632943093776703,-0.04518413916230202,0.998457133769989,461,122
114,3800,7,0.4799259305000305,0.22887887060642242,-0.10748367011547089,0.9995464086532593,460,123
114,3800,8,0.4872174561023712,0.2294550985097885,-0.011508801020681858,0.9971923232078552,467,123
114,3800,9,0.47943463921546936,0.2474178671836853,-0.05938875675201416,0.9982773661613464,460,133
114,3800,10,0.48043471574783325,0.24804404377937317,-0.03326353058218956,0.9966530799865723,461,133
114,3800,11,0.5049890875816345,0.2943940758705139,-0.1492740958929062,0.9999758005142212,484,158
114,3800,12,0.49775782227516174,0.2990413010120392,0.07725325226783752,0.9980644583702087,477,161
114,3800,13,0.5187758207321167,0.4051849842071533,-0.18817757070064545,0.9916296601295471,498,218
114,3800,14,0.48713868856430054,0.4077712297439575,0.09123764932155609,0.008750585839152336,467,220
114,3800,15,0.5309626460075378,0.5006979703903198,-0.20013004541397095,0.9439400434494019,509,270
114,3800,16,0.4609251916408539,0.4744974672794342,0.021098384633660316,0.024534136056900024,442,256
114,3800,17,0.5395180583000183,0.5281965732574463,-0.218547523021698,0.9159543514251709,517,285
114,3800,18,0.45387017726898193,0.484456330537796,0.01338419783860445,0.03677666559815407,435,261
114,3800,19,0.5362768769264221,0.531140148639679,-0.22386306524276733,0.9129598736763,514,286
114,3800,20,0.4481898844242096,0.4825834035873413,-0.007516968064010143,0.03857922554016113,430,260
114,3800,21,0.5316340327262878,0.5223596096038818,-0.20113730430603027,0.863523542881012,510,282
114,3800,22,0.45356711745262146,0.47938069701194763,0.00871391873806715,0.04091914743185043,435,258
114,3800,23,0.49471941590309143,0.4983821213245392,-0.07239002734422684,0.9999502897262573,474,269
114,3800,24,0.5039268732070923,0.49782687425613403,0.07232599705457687,0.9998724460601807,483,268
114,3800,25,0.4598730206489563,0.6293432116508484,-0.007628738414496183,0.9682286381721497,441,339
114,3800,26,0.5239744782447815,0.6199575662612915,0.0743592232465744,0.638920783996582,503,334
114,3800,27,0.43170320987701416,0.7643824815750122,0.03024221584200859,0.9672579169273376,414,412
114,3800,28,0.5588749051094055,0.7489553689956665,0.10674693435430527,0.809747576713562,536,404
114,3800,29,0.4354243576526642,0.7939640283584595,0.02908318117260933,0.9234710931777954,418,428
114,3800,30,0.5765600204467773,0.7767989635467529,0.1081419289112091,0.826393723487854,553,419
114,3800,31,0.3903542160987854,0.7588182687759399,-0.033270906656980515,0.9609841108322144,374,409
114,3800,32,0.5299143195152283,0.785024106502533,0.07192005962133408,0.8418153524398804,508,423
115,3833,0,0.4762815535068512,0.23977485299110413,-0.06376048177480698,0.9986186623573303,457,129
115,3833,1,0.47648483514785767,0.22754539549350739,-0.07747701555490494,0.9983707666397095,457,122
115,3833,2,0.47628355026245117,0.22725659608840942,-0.07762018591165543,0.9986964464187622,457,122
115,3833,3,0.4758778512477875,0.2270117700099945,-0.0775783509016037,0.9989849925041199,456,122
115,3833,4,0.4778488576412201,0.228165403008461,-0.05691969022154808,0.9982529878616333,458,123
115,3833,5,0.47853952646255493,0.22804884612560272,-0.057096123695373535,0.9984950423240662,459,123
115,3833,6,0.4793919324874878,0.22770386934280396,-0.05714830011129379,0.9985701441764832,460,122
115,3833,7,0.4800671935081482,0.23061059415340424,-0.10951768606901169,0.9995746612548828,460,124
115,3833,8,0.48420965671539307,0.23081354796886444,-0.01479471754282713,0.9974172711372375,464,124
115,3833,9,0.47884348034858704,0.2492704838514328,-0.06965647637844086,0.9984089732170105,459,134
115,3833,10,0.4793991446495056,0.2497679591178894,-0.04374828562140465,0.9969251155853271,460,134
115,3833,11,0.5028510689735413,0.29555729031562805,-0.14975681900978088,0.999976634979248,482,159
115,3833,12,0.49425795674324036,0.3027558922767639,0.07661175727844238,0.9982279539108276,474,163
115,3833,13,0.5169729590415955,0.40708857774734497,-0.19225725531578064,0.9921578168869019,496,219
115,3833,14,0.48398536443710327,0.4076092541217804,0.09332916140556335,0.013242466375231743,464,220
115,3833,15,0.5287133455276489,0.502122163772583,-0.2183379977941513,0.9484972357749939,507,271
115,3833,16,0.45982369780540466,0.4588274657726288,0.027096446603536606,0.07120709866285324,441,247
115,3833,17,0.5365912318229675,0.5280178785324097,-0.23907975852489471,0.9228474497795105,515,285
115,3833,18,0.44798770546913147,0.47803565859794617,0.019385801628232002,0.09118921309709549,430,258
115,3833,19,0.5336231589317322,0.5317238569259644,-0.246078222990036,0.9202061295509338,512,287
115,3833,20,0.4448438882827759,0.4779152274131775,-0.002737609902396798,0.09482494741678238,427,258
115,3833,21,0.5297028422355652,0.5229594111442566,-0.22050997614860535,0.8750054836273193,508,282
115,3833,22,0.45214587450027466,0.46862345933914185,0.01461977232247591,0.09578951448202133,434,253
115,3833,23,0.49401772022247314,0.49917078018188477,-0.0738484188914299,0.99995356798172,474,269
115,3833,24,0.501697301864624,0.4972606599330902,0.0737772062420845,0.9998823404312134,481,268
115,3833,25,0.45853033661842346,0.6291038393974304,-0.008337515406310558,0.9710713028907776,440,339
115,3833,26,0.524077832698822,0.6205940246582031,0.06253204494714737,0.6736199259757996,503,335
115,3833,27,0.432500958442688,0.7638217210769653,0.03083815425634384,0.9704132676124573,415,412
115,3833,28,0.5632076859474182,0.7443857789039612,0.09384974837303162,0.8285121321678162,540,401
115,3833,29,0.4367116093635559,0.7939999103546143,0.030505811795592308,0.9305309653282166,419,428
115,3833,30,0.5798094272613525,0.7699186205863953,0.09526745229959488,0.8435119390487671,556,415
115,3833,31,0.39240920543670654,0.759551465511322,-0.030823206529021263,0.9646621346473694,376,410
115,3833,32,0.5345519185066223,0.7836307883262634,0.057734742760658264,0.8573606610298157,513,423
116,3866,0,0.4633200764656067,0.24037347733974457,-0.06596831977367401,0.9987077713012695,444,129
116,3866,1,0.4645870327949524,0.22813630104064941,-0.07858888804912567,0.9984551668167114,446,123
116,3866,2,0.46503564715385437,0.22763623297214508,-0.07874294370412827,0.9987606406211853,446,122
116,3866,3,0.46525612473487854,0.2272386997938156,-0.07871349900960922,0.9990313053131104,446,122
116,3866,4,0.46407416462898254,0.22959820926189423,-0.057267505675554276,0.9983356595039368,445,123
116,3866,5,0.4645237922668457,0.22968967258930206,-0.05745237320661545,0.998559832572937,445,124
116,3866,6,0.4646296501159668,0.2297302633523941,-0.057511843740940094,0.9986355304718018,446,124
116,3866,7,0.46954789757728577,0.23063160479068756,-0.10324132442474365,0.9995952248573303,450,124
116,3866,8,0.46909984946250916,0.2325281947851181,-0.002362412866204977,0.9975505471229553,450,125
116,3866,9,0.4672587215900421,0.24944618344306946,-0.06982330232858658,0.9985215663909912,448,134
116,3866,10,0.4661490321159363,0.25050657987594604,-0.04334418103098869,0.9971433877944946,447,135
116,3866,11,0.4949020445346832,0.2976131737232208,-0.1427900195121765,0.9999785423278809,475,160
116,3866,12,0.47935256361961365,0.3037441372871399,0.09300263226032257,0.9983797073364258,460,164
116,3866,13,0.5093924403190613,0.4091574251651764,-0.1903230845928192,0.9913361072540283,489,220
116,3866,14,0.47172316908836365,0.408706933259964,0.13067364692687988,0.0126930708065629,452,220
116,3866,15,0.5224122405052185,0.5016770362854004,-0.2092919796705246,0.9484692215919495,501,270
116,3866,16,0.44794338941574097,0.45961084961891174,0.07378004491329193,0.06872161477804184,430,248
116,3866,17,0.5313624143600464,0.5278360843658447,-0.22907359898090363,0.9228558540344238,510,285
116,3866,18,0.43966659903526306,0.4803229570388794,0.06915096938610077,0.09006642550230026,422,259
116,3866,19,0.5281791090965271,0.5314133167266846,-0.23582595586776733,0.9203495979309082,507,286
116,3866,20,0.43276447057724,0.48123371601104736,0.044868793338537216,0.09413222968578339,415,259
116,3866,21,0.5232411026954651,0.5223431587219238,-0.2110491693019867,0.8732675313949585,502,282
116,3866,22,0.4390263259410858,0.4743787348270416,0.06023756042122841,0.0953051969408989,421,256
116,3866,23,0.49319183826446533,0.5020133852958679,-0.07362352311611176,0.9999549984931946,473,271
116,3866,24,0.4788254201412201,0.5026826858520508,0.07355218380689621,0.99988853931427,459,271
116,3866,25,0.5079424381256104,0.6302148103713989,-0.03602636232972145,0.9713158011436462,487,340
116,3866,26,0.45048630237579346,0.6239577531814575,0.035888951271772385,0.6932871341705322,432,336
116,3866,27,0.555709183216095,0.7465823292732239,0.037722960114479065,0.9704869985580444,533,403
116,3866,28,0.4346056282520294,0.7583463788032532,0.03226788714528084,0.842245876789093,417,409
116,3866,29,0.5693010091781616,0.7647408246994019,0.04106217622756958,0.9153131246566772,546,412
116,3866,30,0.4397544264793396,0.7845483422279358,0.02873515710234642,0.8527482151985168,422,423
116,3866,31,0.5283184051513672,0.7752248048782349,-0.021711232140660286,0.9646884799003601,507,418
116,3866,32,0.39389726519584656,0.783595621585846,-0.02902202680706978,0.8694930076599121,378,423
117,3900,0,0.4625323414802551,0.2404799610376358,-0.06550858914852142,0.9987618923187256,444,129
117,3900,1,0.46341636776924133,0.22799131274223328,-0.0775197297334671,0.9984811544418335,444,123
117,3900,2,0.4636240005493164,0.22741205990314484,-0.07768294960260391,0.9987745881080627,445,122
117,3900,3,0.4636225700378418,0.22699587047100067,-0.0776517391204834,0.9990328550338745,445,122
117,3900,4,0.463874876499176,0.22940810024738312,-0.05634641647338867,0.9983702301979065,445,123
117,3900,5,0.4643721282482147,0.22953225672245026,-0.05653940886259079,0.9985913634300232,445,123
117,3900,6,0.46488192677497864,0.22956706583499908,-0.056602593511343,0.9986705183982849,446,123
117,3900,7,0.46849411725997925,0.23082205653190613,-0.09543505311012268,0.9995970129966736,449,124
117,3900,8,0.47038331627845764,0.23239120841026306,0.0016362041933462024,0.9976334571838379,451,125
117,3900,9,0.46597811579704285,0.24988137185573578,-0.0678592175245285,0.9985989928245544,447,134
117,3900,10,0.46537336707115173,0.25091561675071716,-0.041465770453214645,0.9973101019859314,446,135
117,3900,11,0.49145931005477905,0.29748740792274475,-0.13411463797092438,0.9999798536300659,471,160
117,3900,12,0.47854939103126526,0.30500754714012146,0.09332040697336197,0.9984944462776184,459,164
117,3900,13,0.5064485669136047,0.40900665521621704,-0.17805533111095428,0.9908701777458191,486,220
117,3900,14,0.4717538058757782,0.40936926007270813,0.1264718919992447,0.012360494583845139,452,221
117,3900,15,0.5180719494819641,0.5014679431915283,-0.20404472947120667,0.948874831199646,497,270
117,3900,16,0.4488917887210846,0.4603644907474518,0.06771786510944366,0.06676938384771347,430,248
117,3900,17,0.5269092321395874,0.527725338935852,-0.22390499711036682,0.9237316250801086,505,284
117,3900,18,0.4382968246936798,0.48058998584747314,0.06226694583892822,0.08930877596139908,420,259
117,3900,19,0.5239885449409485,0.5312740802764893,-0.23059755563735962,0.9213029146194458,503,286
117,3900,20,0.43277254700660706,0.48282793164253235,0.038810599595308304,0.09377168118953705,415,260
117,3900,21,0.5184777975082397,0.5221542119979858,-0.20575274527072906,0.8731809258460999,497,281
117,3900,22,0.43741023540496826,0.4760409891605377,0.05449759215116501,0.0951659232378006,419,257
117,3900,23,0.4935306906700134,0.5047155022621155,-0.07098088413476944,0.9999548196792603,473,272
117,3900,24,0.4773274064064026,0.5051450133323669,0.0709504708647728,0.999890923500061,458,272
117,3900,25,0.5152897834777832,0.6301333904266357,-0.05177520960569382,0.9725872874259949,494,340
117,3900,26,0.4468827247619629,0.6239986419677734,0.03333491459488869,0.7073816657066345,429,336
117,3900,27,0.5616826415061951,0.7421620488166809,0.019411705434322357,0.9718575477600098,539,400
117,3900,28,0.4279804527759552,0.7625688910484314,0.039344217628240585,0.8540155291557312,410,411
117,3900,29,0.5757729411125183,0.7584915161132812,0.021785788238048553,0.9099345803260803,552,409
117,3900,30,0.4349730610847473,0.7908910512924194,0.03652922436594963,0.8601170778274536,417,427
117,3900,31,0.5352893471717834,0.7819404006004333,-0.0484052337706089,0.9661009311676025,513,422
117,3900,32,0.3909245431423187,0.7836707830429077,-0.023881206288933754,0.8798165321350098,375,423
118,3933,0,0.44995033740997314,0.2403087168931961,-0.05860086902976036,0.9987872838973999,431,129
118,3933,1,0.4517427384853363,0.2277953028678894,-0.0714523047208786,0.9984791874885559,433,123
118,3933,2,0.45203647017478943,0.22723539173603058,-0.07162188738584518,0.9987764954566956,433,122
118,3933,3,0.4520529508590698,0.2268448919057846,-0.0716170221567154,0.9990341663360596,433,122
118,3933,4,0.4520094096660614,0.2291690558195114,-0.048161737620830536,0.9983174800872803,433,123
118,3933,5,0.45246922969818115,0.2292860895395279,-0.04835796728730202,0.9985377788543701,434,123
118,3933,6,0.4527114927768707,0.22931313514709473,-0.04842035099864006,0.9986158013343811,434,123
118,3933,7,0.4570334553718567,0.23057615756988525,-0.09438323974609375,0.9995944499969482,438,124
118,3933,8,0.4584480822086334,0.23215773701667786,0.010633720085024834,0.9974499940872192,440,125
118,3933,9,0.4539405405521393,0.24970968067646027,-0.06291607022285461,0.9986028671264648,435,134
118,3933,10,0.4537452161312103,0.2507152557373047,-0.03374446928501129,0.9972678422927856,435,135
118,3933,11,0.4815422594547272,0.29730749130249023,-0.1363552212715149,0.9999812841415405,462,160
118,3933,12,0.4696568548679352,0.30418577790260315,0.10422848165035248,0.9985641837120056,450,164
118,3933,13,0.49927520751953125,0.4085942804813385,-0.1875501275062561,0.9907751679420471,479,220
118,3933,14,0.47089168429374695,0.4118618667125702,0.13340279459953308,0.011298883706331253,452,222
118,3933,15,0.5116161108016968,0.5012767910957336,-0.2058476358652115,0.9457861185073853,491,270
118,3933,16,0.46676185727119446,0.4820016324520111,0.07479839771986008,0.060301631689071655,448,260
118,3933,17,0.5230503082275391,0.5275824666023254,-0.2259061336517334,0.9177764058113098,502,284
118,3933,18,0.4600021541118622,0.5032309889793396,0.07100775837898254,0.08081179857254028,441,271
118,3933,19,0.5201569199562073,0.5308481454849243,-0.22949141263961792,0.9150193929672241,499,286
118,3933,20,0.45433372259140015,0.5053402781486511,0.049648500978946686,0.08485950529575348,436,272
118,3933,21,0.5140060782432556,0.5221471786499023,-0.20605683326721191,0.8614858984947205,493,281
118,3933,22,0.45900389552116394,0.496438592672348,0.06250172108411789,0.08620543777942657,440,268
118,3933,23,0.48077791929244995,0.49925142526626587,-0.0748954713344574,0.9999566674232483,461,269
118,3933,24,0.46483495831489563,0.5014722943305969,0.07487575709819794,0.9998947978019714,446,270
118,3933,25,0.5113434195518494,0.6298860311508179,-0.07522899657487869,0.971256673336029,490,340
118,3933,26,0.43738919496536255,0.6235525608062744,0.0297863706946373,0.7035386562347412,419,336
118,3933,27,0.5555954575538635,0.7326346039772034,-0.02242087945342064,0.9703389406204224,533,395
118,3933,28,0.4254297614097595,0.7635394334793091,0.0190612580627203,0.8614803552627563,408,412
118,3933,29,0.5710414052009583,0.745130181312561,-0.022007741034030914,0.8937873840332031,548,402
118,3933,30,0.43109843134880066,0.7931720018386841,0.01429144386202097,0.8631657361984253,413,428
118,3933,31,0.5348094701766968,0.7832330465316772,-0.08928119391202927,0.9644107222557068,513,422
118,3933,32,0.38628116250038147,0.7858209609985352,-0.04592199623584747,0.8871140480041504,370,424
119,3966,0,0.44997167587280273,0.24034231901168823,-0.04980195686221123,0.9988091588020325,431,129
119,3966,1,0.45089033246040344,0.22786322236061096,-0.062031541019678116,0.99845951795578,432,123
119,3966,2,0.45090025663375854,0.22736798226833344,-0.06218933314085007,0.9987586736679077,432,122
119,3966,3,0.45078861713409424,0.22702820599079132,-0.062185145914554596,0.9990105628967285,432,122
119,3966,4,0.4519408643245697,0.22899438440799713,-0.041613660752773285,0.9983021020889282,433,123
119,3966,5,0.45290061831474304,0.22912494838237762,-0.04180794209241867,0.9985277652740479,434,123
119,3966,6,0.45349806547164917,0.22917886078357697,-0.04187724366784096,0.9986142516136169,435,123
119,3966,7,0.45591405034065247,0.23052804172039032,-0.08394776284694672,0.9995898604393005,437,124
119,3966,8,0.4590013921260834,0.2319999784231186,0.009845152497291565,0.9974962472915649,440,125
119,3966,9,0.45339235663414,0.2497955560684204,-0.053741853684186935,0.9986521005630493,435,134
119,3966,10,0.4539259672164917,0.25062355399131775,-0.027999889105558395,0.9973854422569275,435,135
119,3966,11,0.47903621196746826,0.29772865772247314,-0.12481431663036346,0.9999824166297913,459,160
119,3966,12,0.46667489409446716,0.3052319884300232,0.09711483865976334,0.9986546635627747,448,164
119,3966,13,0.49553027749061584,0.4086091220378876,-0.16906577348709106,0.9903750419616699,475,220
119,3966,14,0.46265658736228943,0.4116617739200592,0.12377458065748215,0.010723850689828396,444,222
119,3966,15,0.511042058467865,0.5010053515434265,-0.1980496197938919,0.9453254342079163,490,270
119,3966,16,0.4452574849128723,0.4761648178100586,0.06784451007843018,0.056204117834568024,427,257
119,3966,17,0.5217189192771912,0.5268814563751221,-0.2169150859117508,0.9174414277076721,500,284
119,3966,18,0.43966251611709595,0.4961090683937073,0.06306830048561096,0.07615672796964645,422,267
119,3966,19,0.5191448330879211,0.5298038125038147,-0.22370004653930664,0.9146562218666077,498,286
119,3966,20,0.43521517515182495,0.49849119782447815,0.04215532913804054,0.08006390184164047,417,269
119,3966,21,0.5136994123458862,0.521645188331604,-0.20014692842960358,0.8598327040672302,493,281
119,3966,22,0.4381762146949768,0.49169018864631653,0.055926211178302765,0.08161309361457825,420,265
119,3966,23,0.4805930554866791,0.4988669455051422,-0.07050220668315887,0.9999587535858154,461,269
119,3966,24,0.46433815360069275,0.5010308623313904,0.07047807425260544,0.999900758266449,445,270
119,3966,25,0.5082643628120422,0.6297062039375305,-0.08108098059892654,0.9731422066688538,487,340
119,3966,26,0.43797239661216736,0.623190701007843,0.031091561540961266,0.7159535884857178,420,336
119,3966,27,0.5538837909698486,0.7304269671440125,-0.023082302883267403,0.9719047546386719,531,394
119,3966,28,0.4270939826965332,0.7645298838615417,0.03282259404659271,0.8720197677612305,410,412
119,3966,29,0.5708184838294983,0.7409902215003967,-0.021642914041876793,0.8916773200035095,547,400
119,3966,30,0.4336228668689728,0.7930031418800354,0.029793323948979378,0.8701452016830444,416,428
119,3966,31,0.5359014272689819,0.7846091985702515,-0.08398612588644028,0.9662138819694519,514,423
119,3966,32,0.38673135638237,0.7860051989555359,-0.02430449239909649,0.8960809707641602,371,424
120,4000,0,0.4359900653362274,0.2394109070301056,-0.05680914968252182,0.9986997246742249,418,129
120,4000,1,0.43846696615219116,0.2271762490272522,-0.06768026947975159,0.9983317852020264,420,122
120,4000,2,0.4391075372695923,0.22680208086967468,-0.06786418706178665,0.9986730813980103,421,122
120,4000,3,0.4394938349723816,0.2265441119670868,-0.06790487468242645,0.9989488124847412,421,122
120,4000,4,0.4382321536540985,0.2281838208436966,-0.046465493738651276,0.9980143904685974,420,123
120,4000,5,0.43872833251953125,0.2284424751996994,-0.04667117819190025,0.9982389211654663,421,123
120,4000,6,0.4389706552028656,0.22876641154289246,-0.046759676188230515,0.9983035922050476,421,123
120,4000,7,0.4458636939525604,0.22979284822940826,-0.08738355338573456,0.999578058719635,428,124
120,4000,8,0.4452158808708191,0.23184628784656525,0.006525773089379072,0.9969671368598938,427,125
120,4000,9,0.4402443468570709,0.24905940890312195,-0.0597095750272274,0.9985702633857727,422,134
120,4000,10,0.43991026282310486,0.24997004866600037,-0.03302506357431412,0.9970787763595581,422,134
120,4000,11,0.46943387389183044,0.297487735748291,-0.12739619612693787,0.9999834895133972,450,160
120,4000,12,0.4564726948738098,0.3051219582557678,0.09513962268829346,0.998629629611969,438,164
120,4000,13,0.4868833124637604,0.4086332321166992,-0.1701241135597229,0.9908132553100586,467,220
120,4000,14,0.46346190571784973,0.4129021465778351,0.11725502461194992,0.00982323382049799,444,222
120,4000,15,0.5027324557304382,0.5008803009986877,-0.19330808520317078,0.9468724727630615,482,270
120,4000,16,0.454902321100235,0.49124693870544434,0.06587819755077362,0.05075395107269287,436,265
120,4000,17,0.514519214630127,0.5265350341796875,-0.211531862616539,0.919097900390625,493,284
120,4000,18,0.4589502215385437,0.5142619013786316,0.06026550009846687,0.06890468299388885,440,277
120,4000,19,0.5119779109954834,0.5297467112541199,-0.21525424718856812,0.9162431359291077,491,286
120,4000,20,0.45848286151885986,0.5159745216369629,0.03878146782517433,0.07244162261486053,440,278
120,4000,21,0.5066906809806824,0.5218294262886047,-0.19369882345199585,0.8609870076179504,486,281
120,4000,22,0.45276278257369995,0.5065198540687561,0.05283723771572113,0.07392162829637527,434,273
120,4000,23,0.46521851420402527,0.4986921548843384,-0.07052233070135117,0.9999613165855408,446,269
120,4000,24,0.4490649998188019,0.5007388591766357,0.07049805670976639,0.9999055862426758,431,270
120,4000,25,0.4879433214664459,0.6292808651924133,-0.08266143500804901,0.9746055006980896,468,339
120,4000,26,0.4263422191143036,0.6235929131507874,0.033100105822086334,0.722097635269165,409,336
120,4000,27,0.5432805418968201,0.7243455648422241,-0.022748034447431564,0.9730924367904663,521,391
120,4000,28,0.42198044061660767,0.7649514675140381,0.03509879857301712,0.8803324103355408,405,413
120,4000,29,0.5590680241584778,0.7258120775222778,-0.020660685375332832,0.8905825614929199,536,391
120,4000,30,0.43096357583999634,0.7925183176994324,0.0322938933968544,0.8758085370063782,413,427
120,4000,31,0.5354682207107544,0.7857213020324707,-0.0774366557598114,0.967452883720398,514,424
120,4000,32,0.38804104924201965,0.7906724214553833,-0.018046056851744652,0.9032914042472839,372,426
121,4033,0,0.43647435307502747,0.23994629085063934,-0.054642509669065475,0.9985642433166504,419,129
121,4033,1,0.43768924474716187,0.22794762253761292,-0.06605575233697891,0.9981378316879272,420,123
121,4033,2,0.4378780424594879,0.22747546434402466,-0.06623591482639313,0.9985446333885193,420,122
121,4033,3,0.4378646910190582,0.22722512483596802,-0.06626686453819275,0.9988282322883606,420,122
121,4033,4,0.4385761320590973,0.2287154197692871,-0.04612996429204941,0.9977362155914307,421,123
121,4033,5,0.43931660056114197,0.22886668145656586,-0.04633673280477524,0.9980215430259705,421,123
121,4033,6,0.4398651123046875,0.2290736585855484,-0.04643027111887932,0.9980694651603699,422,123
121,4033,7,0.44389602541923523,0.23035885393619537,-0.08678578585386276,0.9995525479316711,426,124
121,4033,8,0.446210116147995,0.23213507235050201,0.005005046259611845,0.996679961681366,428,125
121,4033,9,0.4397088289260864,0.2493295669555664,-0.057860393077135086,0.9984467625617981,422,134
121,4033,10,0.44040951132774353,0.2501499056816101,-0.032853465527296066,0.9968104362487793,422,135
121,4033,11,0.466507226228714,0.2974265217781067,-0.12836140394210815,0.9999839663505554,447,160
121,4033,12,0.45534199476242065,0.3048008978366852,0.08664247393608093,0.9985772371292114,437,164
121,4033,13,0.48318251967430115,0.40921610593795776,-0.1636885553598404,0.9910295605659485,463,220
121,4033,14,0.46059852838516235,0.41265350580215454,0.09740395843982697,0.009051994420588017,442,222
121,4033,15,0.5012755393981934,0.5014570355415344,-0.17143186926841736,0.9465593099594116,481,270
121,4033,16,0.4627373516559601,0.5010260939598083,0.051815927028656006,0.045851223170757294,444,270
121,4033,17,0.511838972568512,0.5273805856704712,-0.18719728291034698,0.9186150431632996,491,284
121,4033,18,0.4622935354709625,0.5213824510574341,0.04825915768742561,0.06236977130174637,443,281
121,4033,19,0.5094194412231445,0.5313758254051208,-0.19134832918643951,0.915733277797699,489,286
121,4033,20,0.46139201521873474,0.5271638035774231,0.031334199011325836,0.06557130813598633,442,284
121,4033,21,0.5042399764060974,0.5237142443656921,-0.17184224724769592,0.8597398400306702,484,282
121,4033,22,0.4596269726753235,0.517035722732544,0.04155406728386879,0.06698819994926453,441,279
121,4033,23,0.46467357873916626,0.4995003044605255,-0.0676782876253128,0.9999634623527527,446,269
121,4033,24,0.44902676343917847,0.500877320766449,0.06765372306108475,0.9999102354049683,431,270
121,4033,25,0.48215147852897644,0.6292487382888794,-0.07860638201236725,0.9764601588249207,462,339
121,4033,26,0.4261327087879181,0.6233803033828735,0.039096634835004807,0.732582151889801,409,336
121,4033,27,0.5411242842674255,0.7221671938896179,-0.015193339437246323,0.9744880795478821,519,389
121,4033,28,0.4222566485404968,0.7649482488632202,0.028979992493987083,0.889211893081665,405,413
121,4033,29,0.5570372343063354,0.7224405407905579,-0.012465412728488445,0.8922255039215088,534,390
121,4033,30,0.4307125210762024,0.7924404740333557,0.024522429332137108,0.8824605345726013,413,427
121,4033,31,0.5336199402809143,0.7871477007865906,-0.06668485701084137,0.9689859747886658,512,425
121,4033,32,0.3875294327735901,0.7936850786209106,-0.025184879079461098,0.9105334877967834,372,428
122,4066,0,0.42551887035369873,0.23988136649131775,-0.05563594400882721,0.998572826385498,408,129
122,4066,1,0.4275912046432495,0.22789384424686432,-0.06780628859996796,0.9981606006622314,410,123
122,4066,2,0.42791661620140076,0.22745417058467865,-0.0679999515414238,0.9985774159431458,410,122
122,4066,3,0.4280262589454651,0.2271897792816162,-0.0680423155426979,0.9988516569137573,410,122
122,4066,4,0.42787787318229675,0.22855515778064728,-0.04712718352675438,0.9977038502693176,410,123
122,4066,5,0.4283358156681061,0.2287093847990036,-0.04733223095536232,0.9979996681213379,411,123
122,4066,6,0.42852285504341125,0.22890618443489075,-0.04742147773504257,0.998017430305481,411,123
122,4066,7,0.4342794418334961,0.2302745282649994,-0.0886320173740387,0.9995700716972351,416,124
122,4066,8,0.43493252992630005,0.2320423424243927,0.00400574179366231,0.9966263175010681,417,125
122,4066,9,0.4298964738845825,0.2492891103029251,-0.0588688999414444,0.9984819889068604,412,134
122,4066,10,0.42972347140312195,0.2501283586025238,-0.033109262585639954,0.9968214631080627,412,135
122,4066,11,0.45616352558135986,0.2967734932899475,-0.1369687020778656,0.999984860420227,437,160
122,4066,12,0.4483145773410797,0.30049383640289307,0.08911638706922531,0.9985630512237549,430,162
122,4066,13,0.47198227047920227,0.4087112843990326,-0.17585675418376923,0.9916088581085205,453,220
122,4066,14,0.45400428771972656,0.4111812710762024,0.09871029108762741,0.008420727215707302,435,222
122,4066,15,0.48803627490997314,0.5012159943580627,-0.18520314991474152,0.9493383169174194,468,270
122,4066,16,0.4617624580860138,0.49706974625587463,0.049621883779764175,0.04154754430055618,443,268
122,4066,17,0.4987953305244446,0.5271497368812561,-0.20447950065135956,0.9224153161048889,478,284
122,4066,18,0.462647944688797,0.5175938010215759,0.04544728249311447,0.05675146356225014,444,279
122,4066,19,0.4968564808368683,0.5312129855155945,-0.2062145173549652,0.919617772102356,476,286
122,4066,20,0.459974467754364,0.5216140151023865,0.028195735067129135,0.05966946482658386,441,281
122,4066,21,0.4921436607837677,0.5234673619270325,-0.18458299338817596,0.8652108311653137,472,282
122,4066,22,0.45918935537338257,0.5125798583030701,0.03911514952778816,0.06108115613460541,440,276
122,4066,23,0.4577508568763733,0.4964057207107544,-0.06992412358522415,0.9999653697013855,439,268
122,4066,24,0.44205281138420105,0.4976126253604889,0.06990112364292145,0.9999141097068787,424,268
122,4066,25,0.4652746915817261,0.6297096610069275,-0.08972963690757751,0.9783304929733276,446,340
122,4066,26,0.4157829284667969,0.6224751472473145,0.03749470040202141,0.7474350333213806,399,336
122,4066,27,0.5365243554115295,0.7137027382850647,-0.007684304844588041,0.9757317304611206,515,385
122,4066,28,0.4226495027542114,0.764717698097229,0.03527171537280083,0.8973044753074646,405,412
122,4066,29,0.5497156977653503,0.7083408236503601,-0.00754278851673007,0.8941009044647217,527,382
122,4066,30,0.43178337812423706,0.7924726009368896,0.03213759511709213,0.8891403079032898,414,427
122,4066,31,0.5268239378929138,0.7833449244499207,-0.04461950063705444,0.9702275991439819,505,423
122,4066,32,0.38563770055770874,0.7938855290412903,-0.01357960794121027,0.917071521282196,370,428
123,4100,0,0.42358165979385376,0.23953865468502045,-0.050325751304626465,0.9986507296562195,406,129
123,4100,1,0.42501339316368103,0.22722135484218597,-0.06240960210561752,0.9982653856277466,408,122
123,4100,2,0.42537370324134827,0.22679342329502106,-0.0625905692577362,0.9986609220504761,408,122
123,4100,3,0.4256152808666229,0.2264643758535385,-0.06261637061834335,0.9989168047904968,408,122
123,4100,4,0.4255107343196869,0.2278745472431183,-0.042028434574604034,0.9978206753730774,408,123
123,4100,5,0.42615947127342224,0.22793729603290558,-0.04223444312810898,0.9981028437614441,409,123
123,4100,6,0.42658185958862305,0.22799333930015564,-0.042314961552619934,0.9981138706207275,409,123
123,4100,7,0.4323921501636505,0.22953134775161743,-0.08335201442241669,0.9995971322059631,415,123
123,4100,8,0.4334002435207367,0.23107078671455383,0.009225225076079369,0.9967929124832153,416,124
123,4100,9,0.42804479598999023,0.24917586147785187,-0.05365001782774925,0.9985602498054504,410,134
123,4100,10,0.42810386419296265,0.24993549287319183,-0.02821279875934124,0.9969709515571594,410,134
123,4100,11,0.4539705216884613,0.29629403352737427,-0.13101083040237427,0.9999856948852539,435,159
123,4100,12,0.44529858231544495,0.30000561475753784,0.09641601145267487,0.9985901713371277,427,162
123,4100,13,0.4702933132648468,0.40624094009399414,-0.16293244063854218,0.9921737313270569,451,219
123,4100,14,0.45184430480003357,0.40845048427581787,0.10819479078054428,0.007902687415480614,433,220
123,4100,15,0.4854234755039215,0.5011807680130005,-0.16730709373950958,0.9519100189208984,466,270
123,4100,16,0.4589141607284546,0.496229887008667,0.05472612380981445,0.03774195536971092,440,267
123,4100,17,0.4960874915122986,0.5260631442070007,-0.18478040397167206,0.9258832335472107,476,284
123,4100,18,0.46032243967056274,0.5174301862716675,0.05096989870071411,0.05181557685136795,441,279
123,4100,19,0.4935152232646942,0.5306015610694885,-0.18795748054981232,0.9230901598930359,473,286
123,4100,20,0.4569498300552368,0.5207363367080688,0.03407663106918335,0.054463911801576614,438,281
123,4100,21,0.48833659291267395,0.5226590633392334,-0.1671275794506073,0.8704032897949219,468,282
123,4100,22,0.4564824402332306,0.5103704333305359,0.04453818500041962,0.05588628724217415,438,275
123,4100,23,0.4558604657649994,0.49483028054237366,-0.0701344907283783,0.9999678730964661,437,267
123,4100,24,0.4400263726711273,0.4956631660461426,0.0701104924082756,0.9999199509620667,422,267
123,4100,25,0.46156832575798035,0.6300604343414307,-0.09247530251741409,0.9802019000053406,443,340
123,4100,26,0.415469229221344,0.6223534941673279,0.035380784422159195,0.7619742155075073,398,336
123,4100,27,0.5349602103233337,0.7120432257652283,-0.01143668219447136,0.9770926833152771,513,384
123,4100,28,0.42188024520874023,0.7652699947357178,0.025564273819327354,0.90474933385849,405,413
123,4100,29,0.5465620160102844,0.7057245373725891,-0.0074049001559615135,0.8975116014480591,524,381
123,4100,30,0.4321916401386261,0.7932177186012268,0.021704401820898056,0.8954511880874634,414,428
123,4100,31,0.5260019898414612,0.7827058434486389,-0.044498492032289505,0.9716624617576599,504,422
123,4100,32,0.3850765824317932,0.7942425012588501,-0.019923867657780647,0.9230575561523438,369,428
124,4133,0,0.41351383924484253,0.2361980676651001,-0.06213092431426048,0.9985278844833374,396,127
124,4133,1,0.41601160168647766,0.22384603321552277,-0.07468412816524506,0.9982413649559021,399,120
124,4133,2,0.416645348072052,0.22330652177333832,-0.07483314722776413,0.9986376166343689,399,120
124,4133,3,0.41729214787483215,0.2227436751127243,-0.07481549680233002,0.9989005327224731,400,120
124,4133,4,0.41587352752685547,0.22487427294254303,-0.05278784781694412,0.9978004693984985,399,121
124,4133,5,0.4163455367088318,0.22508537769317627,-0.05299774929881096,0.9980806112289429,399,121
124,4133,6,0.41656073927879333,0.22522278130054474,-0.05310457944869995,0.9980954527854919,399,121
124,4133,7,0.42514926195144653,0.2254936844110489,-0.09623931348323822,0.9995765089988708,408,121
124,4133,8,0.42372652888298035,0.2288256138563156,0.0021500957664102316,0.9967092275619507,406,123
124,4133,9,0.418660432100296,0.24562330543994904,-0.06520270556211472,0.9983813166618347,401,132
124,4133,10,0.4183181822299957,0.24678348004817963,-0.03815782442688942,0.9966179132461548,401,133
124,4133,11,0.44581931829452515,0.2926986813545227,-0.1394711136817932,0.9999836683273315,427,158
124,4133,12,0.4413219392299652,0.2955228090286255,0.08906317502260208,0.9982813000679016,423,159
124,4133,13,0.4592992663383484,0.404070645570755,-0.166095569729805,0.9925941228866577,440,218
124,4133,14,0.44900307059288025,0.4041382074356079,0.10734336078166962,0.00755950016900897,431,218
124,4133,15,0.4733046889305115,0.5039601922035217,-0.15807682275772095,0.9509335160255432,454,272
124,4133,16,0.45939695835113525,0.4955666959285736,0.059309374541044235,0.034423984587192535,441,267
124,4133,17,0.48189103603363037,0.5266739726066589,-0.17100299894809723,0.923721432685852,462,284
124,4133,18,0.46114876866340637,0.5169323682785034,0.05593451112508774,0.047457173466682434,442,279
124,4133,19,0.47990235686302185,0.5315539836883545,-0.1746455579996109,0.9209569692611694,460,287
124,4133,20,0.4578281044960022,0.5184330344200134,0.04065088555216789,0.04984923452138901,439,279
124,4133,21,0.47546225786209106,0.5249835252761841,-0.15730533003807068,0.8699778914451599,456,283
124,4133,22,0.45731350779533386,0.5082905888557434,0.05014617741107941,0.05131299048662186,439,274
124,4133,23,0.43742939829826355,0.49483636021614075,-0.07066449522972107,0.9999702572822571,419,267
124,4133,24,0.43640977144241333,0.4930354952812195,0.07063858956098557,0.9999253153800964,418,266
124,4133,25,0.41648948192596436,0.629995584487915,-0.05854472145438194,0.9819208383560181,399,340
124,4133,26,0.4282297194004059,0.6204129457473755,0.04652966186404228,0.7795994281768799,411,335
124,4133,27,0.4274778962135315,0.755509078502655,-0.009205296635627747,0.9792521595954895,410,407
124,4133,28,0.4974041283130646,0.7105607986450195,0.07405892759561539,0.9119011759757996,477,383
124,4133,29,0.4393993318080902,0.7853494882583618,-0.005096399690955877,0.9069774150848389,421,424
124,4133,30,0.5165632367134094,0.7104960680007935,0.07634353637695312,0.9034194350242615,495,383
124,4133,31,0.38729146122932434,0.7952401041984558,-0.044864721596241,0.9741816520690918,371,429
124,4133,32,0.49896106123924255,0.771204948425293,0.046416986733675,0.9282331466674805,479,416
125,4166,0,0.4144371747970581,0.23615534603595734,-0.07951382547616959,0.9977483749389648,397,127
125,4166,1,0.41574761271476746,0.22372981905937195,-0.0916128158569336,0.9977182149887085,399,120
125,4166,2,0.4162059426307678,0.22316065430641174,-0.09177123755216599,0.9982591271400452,399,120
125,4166,3,0.41653934121131897,0.22250689566135406,-0.0917503759264946,0.9985634684562683,399,120
125,4166,4,0.41591504216194153,0.22483208775520325,-0.0700581967830658,0.997225821018219,399,121
125,4166,5,0.41644608974456787,0.2250567227602005,-0.0702737346291542,0.9976389408111572,399,121
125,4166,6,0.41677916049957275,0.22520668804645538,-0.07039936631917953,0.997636079788208,400,121
125,4166,7,0.4233638644218445,0.2255205512046814,-0.11082971841096878,0.9994266629219055,406,121
125,4166,8,0.42298033833503723,0.22881704568862915,-0.013584235683083534,0.9958493709564209,406,123
125,4166,9,0.4189099669456482,0.2456057220697403,-0.08157370984554291,0.9976125955581665,402,132
125,4166,10,0.41872790455818176,0.2467954009771347,-0.054878201335668564,0.9952124953269958,401,133
125,4166,11,0.44385021924972534,0.29271647334098816,-0.15112951397895813,0.9999789595603943,426,158
125,4166,12,0.4405786097049713,0.29546377062797546,0.07593562453985214,0.9978666305541992,422,159
125,4166,13,0.45670822262763977,0.4043140411376953,-0.17996519804000854,0.992723286151886,438,218
125,4166,14,0.44663673639297485,0.40399858355522156,0.09902246296405792,0.007267317268997431,428,218
125,4166,15,0.47013014554977417,0.504840075969696,-0.16879390180110931,0.9495968222618103,451,272
125,4166,16,0.4582946002483368,0.4942188262939453,0.05205623432993889,0.03169070556759834,439,266
125,4166,17,0.47984111309051514,0.5279971361160278,-0.1764472872018814,0.9222220182418823,460,285
125,4166,18,0.4580041170120239,0.5152420997619629,0.04755724221467972,0.04402948543429375,439,278
125,4166,19,0.4777281582355499,0.5320968627929688,-0.18212264776229858,0.9196992516517639,458,287
125,4166,20,0.4570349156856537,0.5164995193481445,0.03293982893228531,0.04618922621011734,438,278
125,4166,21,0.4730547070503235,0.5257343053817749,-0.16795308887958527,0.8702946305274963,454,283
125,4166,22,0.45633795857429504,0.5069721937179565,0.04316101595759392,0.047693099826574326,438,273
125,4166,23,0.43453386425971985,0.49518755078315735,-0.07178174704313278,0.9999719262123108,417,267
125,4166,24,0.4354172348976135,0.4914749562740326,0.07174649834632874,0.9999290704727173,418,265
125,4166,25,0.4134465456008911,0.6289170980453491,-0.03597799688577652,0.9833823442459106,396,339
125,4166,26,0.43170058727264404,0.6194546818733215,0.07661280781030655,0.7974559664726257,414,334
125,4166,27,0.42167332768440247,0.7635948657989502,0.020839136093854904,0.9811626672744751,404,412
125,4166,28,0.5063077211380005,0.7018813490867615,0.10909496247768402,0.9194802045822144,486,379
125,4166,29,0.4325864911079407,0.7919114828109741,0.024315964430570602,0.9153045415878296,415,427
125,4166,30,0.5244971513748169,0.7007835507392883,0.11175332963466644,0.9117262959480286,503,378
125,4166,31,0.38210394978523254,0.7971909046173096,-0.030481567606329918,0.9763761162757874,366,430
125,4166,32,0.5057016015052795,0.765849232673645,0.07704626023769379,0.9337977170944214,485,413
126,4200,0,0.4041428565979004,0.23443470895290375,-0.07713070511817932,0.9966201782226562,387,126
126,4200,1,0.40466758608818054,0.22170618176460266,-0.09185965359210968,0.9969605207443237,388,119
126,4200,2,0.4050648510456085,0.2211456596851349,-0.09202345460653305,0.997658371925354,388,119
126,4200,3,0.40497148036956787,0.22072826325893402,-0.09199456870555878,0.9980706572532654,388,119
126,4200,4,0.4052446782588959,0.2220795899629593,-0.07005561143159866,0.9964092969894409,389,119
126,4200,5,0.40619713068008423,0.2217387855052948,-0.07026415318250656,0.9969916939735413,389,119
126,4200,6,0.4064861238002777,0.22149091958999634,-0.07038876414299011,0.99704509973526,390,119
126,4200,7,0.41071462631225586,0.22343771159648895,-0.12405399978160858,0.9992228150367737,394,120
126,4200,8,0.41327810287475586,0.22428689897060394,-0.02514580450952053,0.9950363636016846,396,121
126,4200,9,0.40779945254325867,0.2435716688632965,-0.08314841240644455,0.9966551065444946,391,131
126,4200,10,0.4084886610507965,0.24453088641166687,-0.056014858186244965,0.9936684370040894,392,132
126,4200,11,0.43317562341690063,0.291335791349411,-0.1670534461736679,0.9999736547470093,415,157
126,4200,12,0.43319812417030334,0.2928618788719177,0.056433383375406265,0.9973759651184082,415,158
126,4200,13,0.4411473572254181,0.40425559878349304,-0.1901404708623886,0.9924756288528442,423,218
126,4200,14,0.43884411454200745,0.4040203392505646,0.07786701619625092,0.006828716024756432,421,218
126,4200,15,0.45038172602653503,0.5019605159759521,-0.17044135928153992,0.9410014748573303,432,271
126,4200,16,0.4461970329284668,0.49310818314552307,0.0392623133957386,0.02878337725996971,428,266
126,4200,17,0.4576271176338196,0.5262317061424255,-0.18196676671504974,0.9109580516815186,439,284
126,4200,18,0.4520244598388672,0.5163962244987488,0.03492990881204605,0.04013080894947052,433,278
126,4200,19,0.4547087252140045,0.5299394726753235,-0.18636013567447662,0.908193051815033,436,286
126,4200,20,0.44936129450798035,0.5167572498321533,0.02085602656006813,0.04207820072770119,431,279
126,4200,21,0.4511001706123352,0.5236096978187561,-0.16976909339427948,0.8572180867195129,433,282
126,4200,22,0.44863712787628174,0.5074025988578796,0.030766235664486885,0.04352483153343201,430,273
126,4200,23,0.4236726462841034,0.49464869499206543,-0.07213599234819412,0.9999738335609436,406,267
126,4200,24,0.42562854290008545,0.4908706545829773,0.07211098819971085,0.9999333620071411,408,265
126,4200,25,0.40901869535446167,0.6291155219078064,-0.011936809867620468,0.9844921231269836,392,339
126,4200,26,0.41681548953056335,0.6178534626960754,0.11528618633747101,0.7995905876159668,400,333
126,4200,27,0.41955679655075073,0.7641293406486511,0.05038966238498688,0.9828765988349915,402,412
126,4200,28,0.4903160035610199,0.695276141166687,0.14723382890224457,0.923678457736969,470,375
126,4200,29,0.43201255798339844,0.7942090630531311,0.053858038038015366,0.9226416349411011,414,428
126,4200,30,0.5054985284805298,0.6963558793067932,0.14930328726768494,0.9172021746635437,485,376
126,4200,31,0.3776022791862488,0.7980339527130127,-0.004119499586522579,0.9782741069793701,362,430
126,4200,32,0.4825513958930969,0.7494180798530579,0.11460008472204208,0.9364792704582214,463,404
127,4233,0,0.4026145935058594,0.23333151638507843,-0.07500465214252472,0.9959735870361328,386,125
127,4233,1,0.4038715064525604,0.22017323970794678,-0.08959075808525085,0.9964912533760071,387,118
127,4233,2,0.4040898084640503,0.21964795887470245,-0.08975228667259216,0.9972757697105408,387,118
127,4233,3,0.40398749709129333,0.21929024159908295,-0.089723601937294,0.9977400302886963,387,118
127,4233,4,0.4046875238418579,0.22066204249858856,-0.06859064847230911,0.9959946274757385,388,119
127,4233,5,0.40547388792037964,0.22043250501155853,-0.06879778206348419,0.9966964721679688,389,119
127,4233,6,0.405981183052063,0.22022780776023865,-0.06891915947198868,0.9967857599258423,389,118
127,4233,7,0.41036519408226013,0.2224251627922058,-0.1207602247595787,0.9990915060043335,393,120
127,4233,8,0.4128670394420624,0.22337955236434937,-0.02637258917093277,0.9947353005409241,396,120
127,4233,9,0.4067250192165375,0.24260273575782776,-0.08111461997032166,0.9961581826210022,390,131
127,4233,10,0.40741434693336487,0.2436874359846115,-0.05501910671591759,0.993005096912384,391,131
127,4233,11,0.43053725361824036,0.2900236248970032,-0.16201646625995636,0.9999699592590332,413,156
127,4233,12,0.4310816824436188,0.29112938046455383,0.05089350789785385,0.9971368312835693,413,157
127,4233,13,0.4402887523174286,0.40315595269203186,-0.1873357594013214,0.9925135970115662,422,217
127,4233,14,0.4363889992237091,0.40403974056243896,0.07263590395450592,0.006658961996436119,418,218
127,4233,15,0.44793233275413513,0.4977865219116211,-0.17058591544628143,0.9362680315971375,430,268
127,4233,16,0.44409626722335815,0.49263796210289,0.03487450256943703,0.02651825360953808,426,266
127,4233,17,0.4555658996105194,0.5230574607849121,-0.18336312472820282,0.9046825766563416,437,282
127,4233,18,0.44792965054512024,0.5154423713684082,0.029996173456311226,0.037218205630779266,430,278
127,4233,19,0.4517497420310974,0.5263051986694336,-0.18750858306884766,0.901860237121582,433,284
127,4233,20,0.4461202323436737,0.5161592960357666,0.01578856073319912,0.03898513317108154,428,278
127,4233,21,0.44858697056770325,0.5197835564613342,-0.17012757062911987,0.8506923317909241,430,280
127,4233,22,0.4443432688713074,0.5088759064674377,0.026434363797307014,0.04042021185159683,426,274
127,4233,23,0.4243801236152649,0.49402114748954773,-0.07130513340234756,0.9999752640724182,407,266
127,4233,24,0.4219633638858795,0.4900732636451721,0.07128582894802094,0.999936580657959,405,264
127,4233,25,0.4076800048351288,0.628898024559021,-0.01731751672923565,0.9853930473327637,391,339
127,4233,26,0.41389521956443787,0.6166903376579285,0.1179145872592926,0.7950973510742188,397,333
127,4233,27,0.4198162853717804,0.7622739672660828,0.038302257657051086,0.9843313694000244,403,411
127,4233,28,0.48560354113578796,0.6945734620094299,0.14902366697788239,0.9252883791923523,466,375
127,4233,29,0.43190252780914307,0.794356644153595,0.04112884774804115,0.9289263486862183,414,428
127,4233,30,0.4995412230491638,0.6959267854690552,0.15085892379283905,0.9201804995536804,479,375
127,4233,31,0.37931936979293823,0.7986138463020325,-0.016752038151025772,0.97983717918396,364,431
127,4233,32,0.4812358319759369,0.7467281222343445,0.11510973423719406,0.9369595050811768,461,403
128,4266,0,0.3923119902610779,0.23067329823970795,-0.07312002778053284,0.9945945143699646,376,124
128,4266,1,0.39301812648773193,0.21640191972255707,-0.0875827744603157,0.9955348372459412,377,116
128,4266,2,0.39317190647125244,0.21618399024009705,-0.08774752169847488,0.9963498115539551,377,116
128,4266,3,0.3936211168766022,0.21578194200992584,-0.08773302286863327,0.9970532059669495,377,116
128,4266,4,0.393669456243515,0.21689367294311523,-0.06612450629472733,0.9949317574501038,377,117
128,4266,5,0.39514458179473877,0.2159917652606964,-0.06632883101701736,0.9957534670829773,379,116
128,4266,6,0.3956333100795746,0.21538332104682922,-0.06643978506326675,0.9960330128669739,379,116
128,4266,7,0.400783509016037,0.2176126092672348,-0.12063504755496979,0.998847246170044,384,117
128,4266,8,0.40336114168167114,0.21704523265361786,-0.030219726264476776,0.9939508438110352,387,117
128,4266,9,0.3971114456653595,0.23881764709949493,-0.07866845279932022,0.9950394034385681,381,128
128,4266,10,0.39802953600883484,0.2394673079252243,-0.05243794620037079,0.9912465810775757,382,129
128,4266,11,0.4193643033504486,0.2882228493690491,-0.1598605513572693,0.9999615550041199,402,155
128,4266,12,0.4267269968986511,0.28715619444847107,0.039662446826696396,0.9967490434646606,409,155
128,4266,13,0.42463210225105286,0.40318599343299866,-0.1796337068080902,0.9891054034233093,407,217
128,4266,14,0.4361673593521118,0.40404921770095825,0.061420682817697525,0.006185357924550772,418,218
128,4266,15,0.4279519319534302,0.4975447356700897,-0.14155156910419464,0.8995212316513062,410,268
128,4266,16,0.43406373262405396,0.4924462139606476,0.037320565432310104,0.02405473217368126,416,265
128,4266,17,0.4316003918647766,0.5235415101051331,-0.15058287978172302,0.8647967576980591,414,282
128,4266,18,0.4378651976585388,0.515724241733551,0.033860210329294205,0.033887460827827454,420,278
128,4266,19,0.4274212419986725,0.5270248651504517,-0.15286891162395477,0.8609946966171265,410,284
128,4266,20,0.432693213224411,0.5169191956520081,0.018801400437951088,0.03546859323978424,415,279
128,4266,21,0.4269787669181824,0.5198188424110413,-0.14000065624713898,0.8068312406539917,409,280
128,4266,22,0.4322716295719147,0.5086488723754883,0.02916058525443077,0.03684418648481369,414,274
128,4266,23,0.4186423420906067,0.4939942955970764,-0.06641542166471481,0.9999762773513794,401,266
128,4266,24,0.42169347405433655,0.4897766709327698,0.06640269607305527,0.999939501285553,404,264
128,4266,25,0.40735921263694763,0.6283013224601746,0.018430758267641068,0.9853807687759399,391,339
128,4266,26,0.4072408080101013,0.6140937805175781,0.12978625297546387,0.7766258120536804,390,331
128,4266,27,0.4214613735675812,0.7621068954467773,0.09128157049417496,0.9855861663818359,404,411
128,4266,28,0.47223225235939026,0.7033904194831848,0.16906563937664032,0.9238863587379456,453,379
128,4266,29,0.43379727005958557,0.794295608997345,0.09616436809301376,0.9340413212776184,416,428
128,4266,30,0.48908478021621704,0.7033249139785767,0.17180053889751434,0.9188115000724792,469,379
128,4266,31,0.3826378881931305,0.7995010614395142,0.04512754827737808,0.9810212254524231,367,431
128,4266,32,0.4775324761867523,0.7492212653160095,0.13954709470272064,0.9347246289253235,458,404
129,4300,0,0.3913417160511017,0.2297634333372116,-0.07277226448059082,0.9918879270553589,375,124
129,4300,1,0.39171305298805237,0.2162196785211563,-0.08600936084985733,0.9933322072029114,376,116
129,4300,2,0.3916953504085541,0.21604695916175842,-0.08617331087589264,0.9943640232086182,376,116
129,4300,3,0.39148983359336853,0.21578945219516754,-0.08615924417972565,0.9954903721809387,375,116
129,4300,4,0.39322516322135925,0.21603786945343018,-0.06488429754972458,0.9925956726074219,377,116
129,4300,5,0.3943430185317993,0.2151365876197815,-0.06509227305650711,0.9937891364097595,378,116
129,4300,6,0.3950905203819275,0.21440137922763824,-0.06520525366067886,0.9943794012069702,379,115
129,4300,7,0.39848729968070984,0.21759586036205292,-0.11893324553966522,0.9982613921165466,382,117
129,4300,8,0.4037148058414459,0.21562668681144714,-0.02985704131424427,0.9918535351753235,387,116
129,4300,9,0.3954719007015228,0.23830345273017883,-0.07728665322065353,0.9922581315040588,379,128
129,4300,10,0.396932989358902,0.23839865624904633,-0.05117173492908478,0.9868536591529846,381,128
129,4300,11,0.4173845052719116,0.2850674092769623,-0.15808039903640747,0.9999464154243469,400,153
129,4300,12,0.4248813986778259,0.2845991849899292,0.044859349727630615,0.9959626197814941,407,153
129,4300,13,0.4265260398387909,0.400523841381073,-0.17505760490894318,0.9839056730270386,409,216
129,4300,14,0.43253377079963684,0.4004777669906616,0.06618999689817429,0.005709799937903881,415,216
129,4300,15,0.42962345480918884,0.49354711174964905,-0.1382123976945877,0.8541191816329956,412,266
129,4300,16,0.4336492419242859,0.4883570969104767,0.038188058882951736,0.021803326904773712,416,263
129,4300,17,0.431625634431839,0.5224418640136719,-0.1477893739938736,0.8173668384552002,414,282
129,4300,18,0.43635112047195435,0.5154044032096863,0.03494368866086006,0.030834486708045006,418,278
129,4300,19,0.42806726694107056,0.5253416299819946,-0.1498073786497116,0.8125237822532654,410,283
129,4300,20,0.43428027629852295,0.5152760744094849,0.02034752257168293,0.032248347997665405,416,278
129,4300,21,0.4273695945739746,0.5177868604660034,-0.13654954731464386,0.7568166255950928,410,279
129,4300,22,0.4336014986038208,0.5066081285476685,0.03013436682522297,0.03354603797197342,416,273
129,4300,23,0.4174489378929138,0.4943850040435791,-0.06599407643079758,0.9999760985374451,400,266
129,4300,24,0.41983264684677124,0.4899953305721283,0.06598702818155289,0.9999393224716187,403,264
129,4300,25,0.40584197640419006,0.6267066597938538,0.014143376611173153,0.9848344922065735,389,338
129,4300,26,0.4069176912307739,0.6139281392097473,0.13142773509025574,0.7484685778617859,390,331
129,4300,27,0.42180168628692627,0.7620091438293457,0.08770079910755157,0.9864888787269592,404,411
129,4300,28,0.4669637382030487,0.7052949666976929,0.1737820953130722,0.9176650643348694,448,380
129,4300,29,0.43541768193244934,0.7937104105949402,0.09263806790113449,0.9378054738044739,418,428
129,4300,30,0.48315057158470154,0.7062740325927734,0.1767120063304901,0.9136395454406738,463,381
129,4300,31,0.3813129663467407,0.7990650534629822,0.0444210059940815,0.9814996123313904,366,431
129,4300,32,0.4751361608505249,0.7539893984794617,0.14621251821517944,0.9280397891998291,456,407
130,4333,0,0.3847194314002991,0.2236848771572113,-0.09200791269540787,0.9912344813346863,369,120
130,4333,1,0.38549625873565674,0.20962758362293243,-0.10687568783760071,0.9924839735031128,370,113
130,4333,2,0.3855331838130951,0.20960406959056854,-0.10704322904348373,0.9936319589614868,370,113
130,4333,3,0.3853336274623871,0.20954139530658722,-0.10701286792755127,0.9949943423271179,369,113
130,4333,4,0.3866805136203766,0.2087414562702179,-0.08716697245836258,0.9915634393692017,371,112
130,4333,5,0.3874433934688568,0.20797716081142426,-0.08736518025398254,0.9927887320518494,371,112
130,4333,6,0.3878183364868164,0.20836560428142548,-0.08747889846563339,0.9935443997383118,372,112
130,4333,7,0.3919220566749573,0.21183784306049347,-0.13938525319099426,0.9979828000068665,376,114
130,4333,8,0.39582309126853943,0.2107309252023697,-0.050604306161403656,0.9905163049697876,379,113
130,4333,9,0.3879515528678894,0.23235833644866943,-0.09798342734575272,0.991430401802063,372,125
130,4333,10,0.3889402747154236,0.2319910079240799,-0.07350705564022064,0.9854759573936462,373,125
130,4333,11,0.41085168719291687,0.2799963355064392,-0.17889384925365448,0.9999435544013977,394,151
130,4333,12,0.41714122891426086,0.28057724237442017,0.033580880612134933,0.9953435063362122,400,151
130,4333,13,0.4138043522834778,0.40016090869903564,-0.20208057761192322,0.9823270440101624,397,216
130,4333,14,0.42171022295951843,0.402588814496994,0.0570351742208004,0.005295533686876297,404,217
130,4333,15,0.4092909097671509,0.49434176087379456,-0.18130198121070862,0.854546308517456,392,266
130,4333,16,0.41450393199920654,0.4927445650100708,0.025736425071954727,0.019816674292087555,397,266
130,4333,17,0.4111098349094391,0.5256116390228271,-0.19700700044631958,0.8154957890510559,394,283
130,4333,18,0.41514840722084045,0.5197688341140747,0.022248070687055588,0.028093814849853516,398,280
130,4333,19,0.4039391875267029,0.5300046801567078,-0.1980883777141571,0.8103758692741394,387,286
130,4333,20,0.4084677994251251,0.5232099890708923,0.005960813257843256,0.029374217614531517,392,282
130,4333,21,0.40251848101615906,0.5203210711479187,-0.1796095371246338,0.7490874528884888,386,280
130,4333,22,0.4071654677391052,0.5167778730392456,0.016795463860034943,0.030581489205360413,390,279
130,4333,23,0.4136888086795807,0.48486757278442383,-0.0662429928779602,0.9999632239341736,397,261
130,4333,24,0.41425999999046326,0.48220857977867126,0.06624621152877808,0.9998948574066162,397,260
130,4333,25,0.4013776481151581,0.620502233505249,-0.007145903073251247,0.9763961434364319,385,335
130,4333,26,0.3910541236400604,0.6001515984535217,0.12041812390089035,0.6789578199386597,375,324
130,4333,27,0.4206680357456207,0.7607049345970154,0.04202131927013397,0.9840850830078125,403,410
130,4333,28,0.42828691005706787,0.7060092091560364,0.1822061389684677,0.8486873507499695,411,381
130,4333,29,0.4354918897151947,0.7921515107154846,0.043712906539440155,0.9299151301383972,418,427
130,4333,30,0.4428494870662689,0.7118269205093384,0.18654493987560272,0.8577468991279602,425,384
130,4333,31,0.38140711188316345,0.7982979416847229,-0.016063760966062546,0.9772739410400391,366,431
130,4333,32,0.410966694355011,0.7432160973548889,0.15657533705234528,0.8705801367759705,394,401
131,4366,0,0.3812441825866699,0.22404371201992035,-0.10293996334075928,0.9908249378204346,365,120
131,4366,1,0.38311341404914856,0.21023966372013092,-0.11736050248146057,0.9920458793640137,367,113
131,4366,2,0.3836086690425873,0.20995233952999115,-0.11751662939786911,0.9931328892707825,368,113
131,4366,3,0.3839004337787628,0.2096540331840515,-0.11748410016298294,0.9946631193161011,368,113
131,4366,4,0.38341301679611206,0.20989593863487244,-0.09792549908161163,0.9911133646965027,368,113
131,4366,5,0.38405418395996094,0.2092294842004776,-0.09813294559717178,0.9922568798065186,368,112
131,4366,6,0.3844682574272156,0.20927199721336365,-0.09826436638832092,0.993179440498352,369,113
131,4366,7,0.391343891620636,0.21111337840557098,-0.14529292285442352,0.9977459907531738,375,114
131,4366,8,0.391628235578537,0.21131011843681335,-0.057182084769010544,0.9899583458900452,375,114
131,4366,9,0.38681405782699585,0.23248165845870972,-0.10737071186304092,0.9905173778533936,371,125
131,4366,10,0.3870033025741577,0.23259572684764862,-0.08327474445104599,0.9840952157974243,371,125
131,4366,11,0.4083777964115143,0.2790626287460327,-0.1820320188999176,0.9999344944953918,392,150
131,4366,12,0.414848268032074,0.2776445746421814,0.027578631415963173,0.9946863055229187,398,149
131,4366,13,0.4083855450153351,0.4002459645271301,-0.204101100564003,0.9794790148735046,392,216
131,4366,14,0.42046040296554565,0.40263640880584717,0.04961378499865532,0.0049331411719322205,403,217
131,4366,15,0.4034372866153717,0.49998071789741516,-0.17971327900886536,0.8418570160865784,387,269
131,4366,16,0.4127402901649475,0.4945705831050873,0.020000465214252472,0.018018078058958054,396,267
131,4366,17,0.4016408920288086,0.5402778387069702,-0.19417785108089447,0.7972124814987183,385,291
131,4366,18,0.4112700819969177,0.5207244157791138,0.01667815074324608,0.025581475347280502,394,281
131,4366,19,0.3982522785663605,0.5379398465156555,-0.1958470195531845,0.7918362617492676,382,290
131,4366,20,0.40736743807792664,0.5241217613220215,0.001014052308164537,0.02673599123954773,391,283
131,4366,21,0.3972926437854767,0.5273482203483582,-0.17816539108753204,0.7246432304382324,381,284
131,4366,22,0.40671679377555847,0.5183696150779724,0.011326158419251442,0.027863280847668648,390,279
131,4366,23,0.4143602252006531,0.4783182144165039,-0.06630388647317886,0.99995356798172,397,258
131,4366,24,0.4142675995826721,0.47675076127052307,0.0663125291466713,0.9998688101768494,397,257
131,4366,25,0.399475634098053,0.6169945597648621,-0.016020499169826508,0.9703000783920288,383,333
131,4366,26,0.38740265369415283,0.5962491631507874,0.11818006634712219,0.6181715726852417,371,321
131,4366,27,0.42040130496025085,0.7612767815589905,0.0299854539334774,0.9823247194290161,403,411
131,4366,28,0.4267085790634155,0.7085779309272766,0.1830223947763443,0.7870439887046814,409,382
131,4366,29,0.43399906158447266,0.7926472425460815,0.031938984990119934,0.9237412214279175,416,428
131,4366,30,0.4398435950279236,0.7080493569374084,0.18784070014953613,0.8076203465461731,422,382
131,4366,31,0.37972018122673035,0.7984373569488525,-0.02634314075112343,0.9736373424530029,364,431
131,4366,32,0.4087764620780945,0.7385068535804749,0.15964992344379425,0.8177794218063354,392,398
132,4400,0,0.3746315836906433,0.22382046282291412,-0.06101984530687332,0.9908641576766968,359,120
132,4400,1,0.37508007884025574,0.2105630338191986,-0.07489966601133347,0.9918234944343567,360,113
132,4400,2,0.3752841651439667,0.21019649505615234,-0.07502766698598862,0.9928104281425476,360,113
132,4400,3,0.37527230381965637,0.20988424122333527,-0.07498989999294281,0.9944682717323303,360,113
132,4400,4,0.3758617341518402,0.21045735478401184,-0.058221008628606796,0.9910321831703186,360,113
132,4400,5,0.3765135407447815,0.20992684364318848,-0.0584239698946476,0.9921107292175293,361,113
132,4400,6,0.3769267797470093,0.2098776251077652,-0.05851464718580246,0.9931579232215881,361,113
132,4400,7,0.3814809024333954,0.2115817368030548,-0.10762639343738556,0.9976139068603516,366,114
132,4400,8,0.3842771351337433,0.2115418165922165,-0.03473692014813423,0.9899784922599792,368,114
132,4400,9,0.3788503110408783,0.23226046562194824,-0.06744522601366043,0.9902742505073547,363,125
132,4400,10,0.3788212239742279,0.232646182179451,-0.047061361372470856,0.9839972257614136,363,125
132,4400,11,0.39760345220565796,0.2761269211769104,-0.14534419775009155,0.9999330043792725,381,149
132,4400,12,0.40510034561157227,0.2752680778503418,0.03422682359814644,0.9947376251220703,388,148
132,4400,13,0.4006762206554413,0.3944840729236603,-0.1633382886648178,0.9753636121749878,384,213
132,4400,14,0.4047786593437195,0.39443182945251465,0.05784882977604866,0.004580176901072264,388,212
132,4400,15,0.38941189646720886,0.4894326627254486,-0.13766349852085114,0.8334963321685791,373,264
132,4400,16,0.39712002873420715,0.48548272252082825,0.030833547934889793,0.016520913690328598,381,262
132,4400,17,0.38898783922195435,0.5265130400657654,-0.1497911959886551,0.7859464883804321,373,284
132,4400,18,0.3966319262981415,0.5139263272285461,0.027871279045939445,0.023539138957858086,380,277
132,4400,19,0.38234663009643555,0.5255066752433777,-0.15126733481884003,0.780849814414978,367,283
132,4400,20,0.39128512144088745,0.5138990879058838,0.010808263905346394,0.024605128914117813,375,277
132,4400,21,0.3821200132369995,0.513588547706604,-0.13612376153469086,0.7076677083969116,366,277
132,4400,22,0.39112192392349243,0.5076940655708313,0.021960366517305374,0.025621673092246056,375,274
132,4400,23,0.40311047434806824,0.47298499941825867,-0.0642709955573082,0.9999102354049683,386,255
132,4400,24,0.40432867407798767,0.4710219204425812,0.06427665054798126,0.9997634291648865,388,254
132,4400,25,0.3991886377334595,0.6111025214195251,-0.020267853513360023,0.9304884672164917,383,329
132,4400,26,0.3921838402748108,0.5991126298904419,0.08745833486318588,0.5571439266204834,376,323
132,4400,27,0.4187414050102234,0.7604421377182007,0.005249761510640383,0.9585858583450317,401,410
132,4400,28,0.41192513704299927,0.728978157043457,0.13461923599243164,0.7116310596466064,395,393
132,4400,29,0.4322568476200104,0.7906160950660706,0.0044790911488235,0.891693115234375,414,426
132,4400,30,0.4263429343700409,0.7572299242019653,0.13640093803405762,0.7354924082756042,409,408
132,4400,31,0.38050684332847595,0.7977377772331238,-0.05174083262681961,0.9473403692245483,365,430
132,4400,32,0.38624081015586853,0.753048837184906,0.1032925695180893,0.7440304160118103,370,406
133,4433,0,0.372931569814682,0.22253355383872986,-0.05647193267941475,0.9910585284233093,358,120
133,4433,1,0.37370428442955017,0.2093910425901413,-0.07032476365566254,0.9918595552444458,358,113
133,4433,2,0.3738258183002472,0.2088559865951538,-0.07045730203390121,0.9927452802658081,358,112
133,4433,3,0.3737451732158661,0.2085639387369156,-0.07041891664266586,0.9944642782211304,358,112
133,4433,4,0.3750573992729187,0.20934711396694183,-0.051857538521289825,0.9911794662475586,360,113
133,4433,5,0.3760209381580353,0.20888370275497437,-0.0520586334168911,0.9921798706054688,360,112
133,4433,6,0.37731823325157166,0.20843829214572906,-0.05215351656079292,0.9933025240898132,362,112
133,4433,7,0.3798360824584961,0.21035507321357727,-0.10456104576587677,0.9975289106369019,364,113
133,4433,8,0.38424110412597656,0.21007584035396576,-0.022806517779827118,0.9900537729263306,368,113
133,4433,9,0.37730637192726135,0.23098786175251007,-0.06377685815095901,0.990118145942688,362,124
133,4433,10,0.37826409935951233,0.23167243599891663,-0.0410858578979969,0.9840119481086731,363,125
133,4433,11,0.39705511927604675,0.27658811211586,-0.14627178013324738,0.9999306797981262,381,149
133,4433,12,0.40729203820228577,0.27393150329589844,0.047177717089653015,0.9947694540023804,391,147
133,4433,13,0.3970617353916168,0.39389291405677795,-0.16661040484905243,0.9738142490386963,381,212
133,4433,14,0.40981969237327576,0.39249902963638306,0.07289836555719376,0.004280846565961838,393,211
133,4433,15,0.3880003094673157,0.4887714385986328,-0.14352063834667206,0.8295482397079468,372,263
133,4433,16,0.3986966013908386,0.48552918434143066,0.04396188259124756,0.015080107375979424,382,262
133,4433,17,0.38771578669548035,0.5229034423828125,-0.15709969401359558,0.7781242728233337,372,282
133,4433,18,0.399319052696228,0.5139126777648926,0.04092077538371086,0.021521786227822304,383,277
133,4433,19,0.38186463713645935,0.5238685607910156,-0.1585870236158371,0.7727720737457275,366,282
133,4433,20,0.3937906324863434,0.5144819021224976,0.02239111438393593,0.02249317616224289,378,277
133,4433,21,0.3819587528705597,0.513279378414154,-0.14204157888889313,0.6934276819229126,366,277
133,4433,22,0.3951829671859741,0.5078664422035217,0.034174442291259766,0.023420576006174088,379,274
133,4433,23,0.40084394812583923,0.4702121615409851,-0.06450427323579788,0.9998775720596313,384,253
133,4433,24,0.4063514769077301,0.46849122643470764,0.06451583653688431,0.9996765851974487,390,252
133,4433,25,0.3994194567203522,0.6105294227600098,-0.029010316357016563,0.900333821773529,383,329
133,4433,26,0.3966432809829712,0.5993443727493286,0.08923447877168655,0.5021967887878418,380,323
133,4433,27,0.41726478934288025,0.76025390625,-0.006554619409143925,0.9429810643196106,400,410
133,4433,28,0.41483932733535767,0.7339975833892822,0.13729816675186157,0.644310474395752,398,396
133,4433,29,0.431450217962265,0.7897529006004333,-0.008114481344819069,0.8695653676986694,414,426
133,4433,30,0.4284534454345703,0.76314377784729,0.13915996253490448,0.6727824211120605,411,412
133,4433,31,0.3808917701244354,0.7963935136795044,-0.06947949528694153,0.9285964965820312,365,430
133,4433,32,0.38721078634262085,0.7537389993667603,0.10403156280517578,0.6785171031951904,371,407
134,4466,0,0.36654943227767944,0.2207629233598709,-0.04571590945124626,0.9910991787910461,351,119
134,4466,1,0.36533668637275696,0.2085779309272766,-0.0619950145483017,0.9917684197425842,350,112
134,4466,2,0.3644343912601471,0.2084650993347168,-0.06212948262691498,0.9926970601081848,349,112
134,4466,3,0.3634165823459625,0.20850376784801483,-0.062084607779979706,0.9943776726722717,348,112
134,4466,4,0.3691234886646271,0.20730352401733398,-0.04342787340283394,0.991269052028656,354,111
134,4466,5,0.3706863522529602,0.2064705193042755,-0.04363477975130081,0.9923301935195923,355,111
134,4466,6,0.3722158670425415,0.20563022792339325,-0.0437481589615345,0.9934595823287964,357,111
134,4466,7,0.36569589376449585,0.21087779104709625,-0.1030433252453804,0.9975430965423584,351,113
134,4466,8,0.3797914683818817,0.20723117887973785,-0.019650442525744438,0.9905162453651428,364,111
134,4466,9,0.3686731159687042,0.23022036254405975,-0.05566130951046944,0.990574836730957,353,124
134,4466,10,0.371151864528656,0.22971199452877045,-0.03271046280860901,0.984890878200531,356,124
134,4466,11,0.3836744725704193,0.27598685026168823,-0.14755234122276306,0.9999315142631531,368,149
134,4466,12,0.3975275456905365,0.27088168263435364,0.04767460748553276,0.9949734210968018,381,146
134,4466,13,0.3783971965312958,0.39308962225914,-0.16932283341884613,0.9750998020172119,363,212
134,4466,14,0.40078204870224,0.38124310970306396,0.07681872695684433,0.005159869324415922,384,205
134,4466,15,0.3692914843559265,0.484251469373703,-0.14562739431858063,0.8292417526245117,354,261
134,4466,16,0.3857601284980774,0.46370673179626465,0.04949337616562843,0.013843161053955555,370,250
134,4466,17,0.3665829598903656,0.5139762163162231,-0.15853627026081085,0.7766221165657043,351,277
134,4466,18,0.3832961618900299,0.4855074882507324,0.04713722690939903,0.019769269973039627,367,262
134,4466,19,0.36389675736427307,0.5149863362312317,-0.1607121080160141,0.7707161903381348,349,278
134,4466,20,0.38049250841140747,0.4854607582092285,0.029952717944979668,0.02064337208867073,365,262
134,4466,21,0.36455073952674866,0.5034329891204834,-0.14418084919452667,0.6867275238037109,349,271
134,4466,22,0.3828498125076294,0.47996053099632263,0.04021185263991356,0.02153516374528408,367,259
134,4466,23,0.3955127000808716,0.47022712230682373,-0.06471134722232819,0.9998789429664612,379,253
134,4466,24,0.3918676972389221,0.4667820930480957,0.0647512897849083,0.99968022108078,376,252
134,4466,25,0.40153858065605164,0.6084888577461243,-0.03522443026304245,0.9095709323883057,385,328
134,4466,26,0.3648119866847992,0.5911306142807007,0.08443885296583176,0.495378315448761,350,319
134,4466,27,0.41711336374282837,0.7588258385658264,-0.007676616311073303,0.9484223127365112,400,409
134,4466,28,0.3917209208011627,0.7301867604255676,0.13332147896289825,0.6586491465568542,376,394
134,4466,29,0.429548054933548,0.789086103439331,-0.008633768185973167,0.8804252743721008,412,426
134,4466,30,0.4021535813808441,0.7549422383308411,0.13539458811283112,0.6839117407798767,386,407
134,4466,31,0.3752201497554779,0.7940735816955566,-0.07792563736438751,0.9351710081100464,360,428
134,4466,32,0.3583014905452728,0.7600567936897278,0.092847540974617,0.6950701475143433,343,410
135,4500,0,0.3650297522544861,0.21799629926681519,-0.04597022384405136,0.9899627566337585,350,117
135,4500,1,0.363239586353302,0.2066420614719391,-0.06227482110261917,0.990487277507782,348,111
135,4500,2,0.3621152937412262,0.20698724687099457,-0.06242549046874046,0.9915665984153748,347,111
135,4500,3,0.3609089255332947,0.2070215791463852,-0.06239169463515282,0.993509829044342,346,111
135,4500,4,0.3681240379810333,0.2041858285665512,-0.04295549541711807,0.9902429580688477,353,110
135,4500,5,0.3701188862323761,0.20316335558891296,-0.043164100497961044,0.991520881652832,355,109
135,4500,6,0.37199661135673523,0.20220063626766205,-0.043280135840177536,0.9929236769676208,357,109
135,4500,7,0.36425021290779114,0.21049243211746216,-0.10282803326845169,0.9971396923065186,349,113
135,4500,8,0.3785017132759094,0.20491854846477509,-0.015671217814087868,0.9896889328956604,363,110
135,4500,9,0.3672424852848053,0.2280971258878708,-0.05561869591474533,0.9899911284446716,352,123
135,4500,10,0.3714286983013153,0.2266770303249359,-0.03164835646748543,0.9842385053634644,356,122
135,4500,11,0.3832888603210449,0.27652421593666077,-0.15068428218364716,0.9999285340309143,367,149
135,4500,12,0.3941754400730133,0.2695290148258209,0.06247616559267044,0.99498051404953,378,145
135,4500,13,0.3800368010997772,0.3901996612548828,-0.17078307271003723,0.9722961187362671,364,210
135,4500,14,0.3960878252983093,0.37590280175209045,0.09061651676893234,0.004801150411367416,380,202
135,4500,15,0.369000643491745,0.47858932614326477,-0.1487683802843094,0.8132525086402893,354,258
135,4500,16,0.3846045434474945,0.45881181955337524,0.04944787919521332,0.012720202095806599,369,247
135,4500,17,0.3646717071533203,0.5050555467605591,-0.16238461434841156,0.7590827345848083,350,272
135,4500,18,0.38317394256591797,0.4803130030632019,0.04605966806411743,0.0183101836591959,367,259
135,4500,19,0.3610435426235199,0.5043641924858093,-0.16454638540744781,0.7526460886001587,346,272
135,4500,20,0.37652909755706787,0.4819900393486023,0.0284686628729105,0.019113242626190186,361,260
135,4500,21,0.36243340373039246,0.49532878398895264,-0.1473207324743271,0.662630021572113,347,267
135,4500,22,0.37932923436164856,0.47420740127563477,0.039342962205410004,0.019946672022342682,364,256
135,4500,23,0.3946780562400818,0.46995848417282104,-0.06935179978609085,0.9998794794082642,378,253
135,4500,24,0.3891104757785797,0.4663449823856354,0.0694061890244484,0.99968421459198,373,251
135,4500,25,0.40170371532440186,0.6085203886032104,-0.05399922654032707,0.9144118428230286,385,328
135,4500,26,0.36049702763557434,0.5893743634223938,0.08568540215492249,0.46184369921684265,346,318
135,4500,27,0.4176819622516632,0.7562534213066101,-0.02007228136062622,0.9515055418014526,400,408
135,4500,28,0.3892653286457062,0.7292371988296509,0.13147595524787903,0.6432268619537354,373,393
135,4500,29,0.42862173914909363,0.7851793766021729,-0.020731037482619286,0.879744291305542,411,423
135,4500,30,0.4028759300708771,0.7512298822402954,0.13325835764408112,0.6694540977478027,386,405
135,4500,31,0.3785499036312103,0.7935433387756348,-0.09206351637840271,0.9379221200942993,363,428
135,4500,32,0.35996440052986145,0.7656399607658386,0.08723367005586624,0.6873530745506287,345,413
136,4533,0,0.35629692673683167,0.21459154784679413,-0.041593704372644424,0.9907711744308472,342,115
136,4533,1,0.3553387224674225,0.20416633784770966,-0.05789642035961151,0.9911988377571106,341,110
136,4533,2,0.3543899655342102,0.20471452176570892,-0.05803518742322922,0.992206871509552,340,110
136,4533,3,0.35321906208992004,0.20521166920661926,-0.05799376219511032,0.9939775466918945,339,110
136,4533,4,0.3597683012485504,0.20173363387584686,-0.038499947637319565,0.991025984287262,345,108
136,4533,5,0.36170223355293274,0.20084917545318604,-0.03869906812906265,0.9922261834144592,347,108
136,4533,6,0.36355727910995483,0.20001499354839325,-0.038800131529569626,0.9935077428817749,349,108
136,4533,7,0.3556770384311676,0.20961183309555054,-0.0989113599061966,0.9973563551902771,341,113
136,4533,8,0.37076035141944885,0.2035672664642334,-0.010836935602128506,0.9905607104301453,355,109
136,4533,9,0.35815081000328064,0.22504699230194092,-0.05136295035481453,0.9908056855201721,343,121
136,4533,10,0.3621281385421753,0.22364071011543274,-0.02727409452199936,0.9855852723121643,347,120
136,4533,11,0.3728068768978119,0.27616944909095764,-0.15140347182750702,0.9999315738677979,357,149
136,4533,12,0.38808390498161316,0.2692987620830536,0.06586495041847229,0.9953138828277588,372,145
136,4533,13,0.3688398003578186,0.38672083616256714,-0.17040306329727173,0.9745620489120483,354,208
136,4533,14,0.3918284475803375,0.3780274987220764,0.09126874059438705,0.0076915002427995205,376,204
136,4533,15,0.3482697606086731,0.4656291902065277,-0.1450037658214569,0.8209567666053772,334,251
136,4533,16,0.3732348680496216,0.4580663740634918,0.05206182226538658,0.011725010350346565,358,247
136,4533,17,0.341495156288147,0.4907865822315216,-0.15867839753627777,0.7664727568626404,327,265
136,4533,18,0.36644473671913147,0.47793805599212646,0.049546979367733,0.016845792531967163,351,258
136,4533,19,0.33927997946739197,0.4873371720314026,-0.15946313738822937,0.7599899172782898,325,263
136,4533,20,0.3636704087257385,0.4783560335636139,0.03138212114572525,0.017576830461621284,349,258
136,4533,21,0.34148135781288147,0.4784115254878998,-0.1428062617778778,0.6674148440361023,327,258
136,4533,22,0.36546510457992554,0.46860527992248535,0.041934262961149216,0.018389932811260223,350,253
136,4533,23,0.3868103325366974,0.46748173236846924,-0.07084360718727112,0.9998783469200134,371,252
136,4533,24,0.38257721066474915,0.4632837474346161,0.07089099287986755,0.9996809363365173,367,250
136,4533,25,0.398610383272171,0.6066262722015381,-0.05680922791361809,0.9220709800720215,382,327
136,4533,26,0.3570981025695801,0.5885286331176758,0.08680887520313263,0.45446932315826416,342,317
136,4533,27,0.41827696561813354,0.7552316188812256,-0.035119663923978806,0.9558982849121094,401,407
136,4533,28,0.3656623959541321,0.7308010458946228,0.12205644696950912,0.6602924466133118,351,394
136,4533,29,0.43107548356056213,0.7843716144561768,-0.03726567327976227,0.8888850212097168,413,423
136,4533,30,0.37492892146110535,0.7586517930030823,0.121705062687397,0.6852073669433594,359,409
136,4533,31,0.3784416913986206,0.7953157424926758,-0.10937502980232239,0.9433112740516663,363,429
136,4533,32,0.33029526472091675,0.7671136856079102,0.07183967530727386,0.7053554654121399,317,414
137,4566,0,0.3554866909980774,0.21354268491268158,-0.036754172295331955,0.9914833903312683,341,115
137,4566,1,0.3542373776435852,0.20323839783668518,-0.05350284278392792,0.9918232560157776,340,109
137,4566,2,0.35306182503700256,0.20398597419261932,-0.053638704121112823,0.9927367568016052,338,110
137,4566,3,0.3518431782722473,0.2047039270401001,-0.05359342321753502,0.9943814873695374,337,110
137,4566,4,0.3593078851699829,0.20032520592212677,-0.03462831676006317,0.9917214512825012,344,108
137,4566,5,0.3613013029098511,0.1993931531906128,-0.03482823446393013,0.992836594581604,346,107
137,4566,6,0.36312562227249146,0.19853992760181427,-0.03491351753473282,0.9940310716629028,348,107
137,4566,7,0.35502731800079346,0.20947624742984772,-0.0959513857960701,0.9975253939628601,340,113
137,4566,8,0.3689733147621155,0.20290382206439972,-0.009708147495985031,0.9913015961647034,354,109
137,4566,9,0.35734158754348755,0.2244616597890854,-0.04689495265483856,0.9914796948432922,343,121
137,4566,10,0.3621848523616791,0.22292977571487427,-0.023433228954672813,0.9867153167724609,347,120
137,4566,11,0.36970055103302,0.2763587236404419,-0.14824166893959045,0.9999334812164307,354,149
137,4566,12,0.38742396235466003,0.26837244629859924,0.06781815737485886,0.9956231117248535,371,144
137,4566,13,0.3673146963119507,0.3864207863807678,-0.15751658380031586,0.9715258479118347,352,208
137,4566,14,0.3877829611301422,0.3751562833786011,0.09442070126533508,0.007176797371357679,372,202
137,4566,15,0.3479693830013275,0.4626973867416382,-0.11879029870033264,0.8007841110229492,334,249
137,4566,16,0.37142008543014526,0.4459359645843506,0.05550330504775047,0.010920226573944092,356,240
137,4566,17,0.3414398729801178,0.4859663248062134,-0.13087230920791626,0.7452744841575623,327,262
137,4566,18,0.36840420961380005,0.46255603432655334,0.05234665796160698,0.015866588801145554,353,249
137,4566,19,0.33818426728248596,0.4828203618526459,-0.1315857470035553,0.7383245229721069,324,260
137,4566,20,0.362920880317688,0.4650445282459259,0.03386668860912323,0.016545265913009644,348,251
137,4566,21,0.34099337458610535,0.47455698251724243,-0.11635371297597885,0.6405760645866394,327,256
137,4566,22,0.36453598737716675,0.45815929770469666,0.04514198750257492,0.017309697344899178,349,247
137,4566,23,0.38609007000923157,0.46676233410835266,-0.07081036269664764,0.9998794794082642,370,252
137,4566,24,0.38094350695610046,0.4618421792984009,0.07086049020290375,0.9996898174285889,365,249
137,4566,25,0.39789533615112305,0.6058205962181091,-0.051737431436777115,0.9255306720733643,381,327
137,4566,26,0.3554351031780243,0.5870391726493835,0.08341993391513824,0.4291802942752838,341,317
137,4566,27,0.41861164569854736,0.7545098066329956,-0.020399276167154312,0.9576857686042786,401,407
137,4566,28,0.36195820569992065,0.7324855923652649,0.11571803689002991,0.6548410654067993,347,395
137,4566,29,0.43159765005111694,0.783765971660614,-0.021413542330265045,0.8852106928825378,414,423
137,4566,30,0.3704124093055725,0.7590305209159851,0.11581345647573471,0.677869975566864,355,409
137,4566,31,0.3812195956707001,0.7949195504188538,-0.08973333984613419,0.9445306658744812,365,429
137,4566,32,0.32508203387260437,0.767669677734375,0.06827691197395325,0.705731213092804,312,414
138,4600,0,0.34841296076774597,0.2144220620393753,-0.01194821298122406,0.9922394752502441,334,115
138,4600,1,0.34695711731910706,0.20384342968463898,-0.02951648272573948,0.9925292730331421,333,110
138,4600,2,0.3456997871398926,0.20447564125061035,-0.029650291427969933,0.9933611154556274,331,110
138,4600,3,0.3443089723587036,0.2050919532775879,-0.029604077339172363,0.994862973690033,330,110
138,4600,4,0.3517633080482483,0.2012646496295929,-0.011453778482973576,0.9924506545066833,337,108
138,4600,5,0.35372698307037354,0.20035220682621002,-0.011645104736089706,0.9934714436531067,339,108
138,4600,6,0.3557935357093811,0.19946816563606262,-0.01170569472014904,0.9945621490478516,341,107
138,4600,7,0.34601035714149475,0.20960038900375366,-0.07957981526851654,0.9977390170097351,332,113
138,4600,8,0.36235734820365906,0.20334525406360626,0.0030402815900743008,0.992075502872467,347,109
138,4600,9,0.34946802258491516,0.22505079209804535,-0.02480090595781803,0.9922351837158203,335,121
138,4600,10,0.3534938395023346,0.2236335128545761,-0.002334286691620946,0.9879060983657837,339,120
138,4600,11,0.36127012968063354,0.27572494745254517,-0.13739727437496185,0.9999386668205261,346,148
138,4600,12,0.3818744122982025,0.26923561096191406,0.07341179251670837,0.9959620237350464,366,145
138,4600,13,0.34968137741088867,0.3862978518009186,-0.1526455134153366,0.973069965839386,335,208
138,4600,14,0.38724812865257263,0.3766734004020691,0.09828486293554306,0.00672784261405468,371,203
138,4600,15,0.31673210859298706,0.4657810628414154,-0.12169042974710464,0.811813235282898,304,251
138,4600,16,0.38042739033699036,0.45165586471557617,0.07060999423265457,0.010164168663322926,365,243
138,4600,17,0.31205305457115173,0.49156925082206726,-0.13629527390003204,0.7574658989906311,299,265
138,4600,18,0.3785974085330963,0.47020143270492554,0.06812731921672821,0.014908919110894203,363,253
138,4600,19,0.3088340759277344,0.48999181389808655,-0.13450995087623596,0.7503076195716858,296,264
138,4600,20,0.37118133902549744,0.47275951504707336,0.051493410021066666,0.015523585490882397,356,255
138,4600,21,0.31050845980644226,0.4816475212574005,-0.11833150684833527,0.6502525210380554,298,260
138,4600,22,0.37328606843948364,0.46553835272789,0.06151677295565605,0.01622748002409935,358,251
138,4600,23,0.3773424029350281,0.46652546525001526,-0.06879337877035141,0.9998867511749268,362,251
138,4600,24,0.3716987669467926,0.4614711403846741,0.06883325427770615,0.9997071027755737,356,249
138,4600,25,0.39248040318489075,0.6056792140007019,-0.05513577535748482,0.9315665364265442,376,327
138,4600,26,0.3427644371986389,0.5883936882019043,0.08256326615810394,0.4171164333820343,329,317
138,4600,27,0.41832831501960754,0.7557645440101624,-0.03773679956793785,0.9608274698257446,401,408
138,4600,28,0.3364744186401367,0.7387904524803162,0.10987766832113266,0.6635206937789917,323,398
138,4600,29,0.4306553602218628,0.7841804623603821,-0.0408523865044117,0.8888222575187683,413,423
138,4600,30,0.3434890806674957,0.7708166837692261,0.10917555540800095,0.6796761155128479,329,416
138,4600,31,0.3798886835575104,0.795661449432373,-0.11653595417737961,0.948162317276001,364,429
138,4600,32,0.30074062943458557,0.7614531517028809,0.05660776048898697,0.7169744968414307,288,411
139,4633,0,0.34811192750930786,0.21448342502117157,-0.0266540739685297,0.9928847551345825,334,115
139,4633,1,0.34550225734710693,0.20391426980495453,-0.04374665394425392,0.9931106567382812,331,110
139,4633,2,0.3437703251838684,0.20463649928569794,-0.04388928413391113,0.9938799142837524,330,110
139,4633,3,0.34205612540245056,0.20523512363433838,-0.04384808987379074,0.995267927646637,328,110
139,4633,4,0.3518581986427307,0.2007967233657837,-0.024924157187342644,0.9930420517921448,337,108
139,4633,5,0.354165643453598,0.19980813562870026,-0.025118280202150345,0.9939857125282288,339,107
139,4633,6,0.35653847455978394,0.19888870418071747,-0.025195399299263954,0.9949899315834045,342,107
139,4633,7,0.3438459634780884,0.2097756713628769,-0.08961368352174759,0.9979131817817688,330,113
139,4633,8,0.361752986907959,0.20369213819503784,-0.0008155928226187825,0.9926658868789673,347,109
139,4633,9,0.3483227789402008,0.2253369390964508,-0.037764791399240494,0.9928919672966003,334,121
139,4633,10,0.3543105125427246,0.22382886707782745,-0.014539762400090694,0.9889277219772339,340,120
139,4633,11,0.358723908662796,0.27588605880737305,-0.1573248654603958,0.9999433755874634,344,148
139,4633,12,0.3800045847892761,0.2697974443435669,0.07221366465091705,0.9962588548660278,364,145
139,4633,13,0.3475181758403778,0.3851555287837982,-0.16916775703430176,0.9747039675712585,333,207
139,4633,14,0.3847861588001251,0.3780074417591095,0.0959804430603981,0.006330432370305061,369,204
139,4633,15,0.3161737322807312,0.4651370048522949,-0.12763045728206635,0.8252214789390564,303,251
139,4633,16,0.3728419542312622,0.4537579119205475,0.06663448363542557,0.009527433663606644,357,245
139,4633,17,0.30933669209480286,0.49317023158073425,-0.14857445657253265,0.7726658582687378,296,266
139,4633,18,0.37347182631492615,0.4746331572532654,0.06418904662132263,0.01411622203886509,358,256
139,4633,19,0.3051255941390991,0.491514652967453,-0.14163494110107422,0.7656770944595337,292,265
139,4633,20,0.36718329787254333,0.47693318128585815,0.04611806198954582,0.014683001674711704,352,257
139,4633,21,0.30824345350265503,0.48286738991737366,-0.11983971297740936,0.6660576462745667,295,260
139,4633,22,0.3674314320087433,0.46955612301826477,0.05682805925607681,0.015369541011750698,352,253
139,4633,23,0.37695953249931335,0.46732205152511597,-0.06924668699502945,0.9998915195465088,361,252
139,4633,24,0.3730473220348358,0.4624771773815155,0.06927715241909027,0.9997186064720154,358,249
139,4633,25,0.39166101813316345,0.6061721444129944,-0.04602837190032005,0.9354096055030823,375,327
139,4633,26,0.3446054756641388,0.5888088941574097,0.09395434707403183,0.40796521306037903,330,317
139,4633,27,0.41814884543418884,0.7556588053703308,-0.012866795063018799,0.962518572807312,401,408
139,4633,28,0.336067795753479,0.7402768135070801,0.13236024975776672,0.6723693013191223,322,399
139,4633,29,0.43109971284866333,0.7841557860374451,-0.01559733971953392,0.8842272758483887,413,423
139,4633,30,0.34217557311058044,0.7730849385261536,0.13267271220684052,0.6821377873420715,328,417
139,4633,31,0.38044825196266174,0.7949496507644653,-0.10631074756383896,0.9493560194969177,365,429
139,4633,32,0.2982862591743469,0.7606946229934692,0.07398116588592529,0.7266561388969421,286,410
140,4666,0,0.3389306664466858,0.2148447185754776,0.006074060220271349,0.993430495262146,325,116
140,4666,1,0.33625951409339905,0.204131081700325,-0.012818068265914917,0.9935641288757324,322,110
140,4666,2,0.33474358916282654,0.20480556786060333,-0.012955413199961185,0.9942589402198792,321,110
140,4666,3,0.33311179280281067,0.20533272624015808,-0.012921200133860111,0.995578408241272,319,110
140,4666,4,0.3416967988014221,0.20111919939517975,0.005195803474634886,0.9935178756713867,328,108
140,4666,5,0.3438223600387573,0.20017796754837036,0.005010537337511778,0.9943923354148865,330,108
140,4666,6,0.3460058867931366,0.19936224818229675,0.004957594908773899,0.9953455924987793,332,107
140,4666,7,0.33340322971343994,0.2111695110797882,-0.0714167058467865,0.9980472326278687,320,114
140,4666,8,0.35217300057411194,0.2038758546113968,0.011749541386961937,0.9931610822677612,338,110
140,4666,9,0.33928197622299194,0.22553862631320953,-0.009878488257527351,0.99344801902771,325,121
140,4666,10,0.3440258800983429,0.22415344417095184,0.01263045147061348,0.9898066520690918,330,121
140,4666,11,0.3473361134529114,0.2761158347129822,-0.13574166595935822,0.9999477863311768,333,149
140,4666,12,0.3728073835372925,0.2709863781929016,0.07708896696567535,0.9965618252754211,357,146
140,4666,13,0.3329929709434509,0.38565582036972046,-0.1466374397277832,0.9746115207672119,319,208
140,4666,14,0.3810299038887024,0.37842822074890137,0.09981630742549896,0.005889468360692263,365,204
140,4666,15,0.2985595166683197,0.46380168199539185,-0.10665876418352127,0.8301666378974915,286,250
140,4666,16,0.3720262348651886,0.45466431975364685,0.0744130089879036,0.008803571574389935,357,245
140,4666,17,0.2909505069255829,0.49038341641426086,-0.1224692240357399,0.7771875858306885,279,264
140,4666,18,0.3734652101993561,0.4758729636669159,0.07179688662290573,0.013132192194461823,358,256
140,4666,19,0.2860274016857147,0.4871925115585327,-0.11801159381866455,0.7695273756980896,274,263
140,4666,20,0.3681679666042328,0.4791555404663086,0.05640235170722008,0.013633745722472668,353,258
140,4666,21,0.2894079387187958,0.47963947057724,-0.10192890465259552,0.6642075777053833,277,259
140,4666,22,0.3684549331665039,0.47169551253318787,0.06577673554420471,0.014268800616264343,353,254
140,4666,23,0.3671475052833557,0.4685273766517639,-0.06812623888254166,0.9998987913131714,352,253
140,4666,24,0.3642915189266205,0.4645417630672455,0.06813935935497284,0.999737560749054,349,250
140,4666,25,0.38747134804725647,0.6076341271400452,-0.046918489038944244,0.9378626346588135,371,328
140,4666,26,0.33675727248191833,0.5931587219238281,0.09623623639345169,0.3864768147468567,323,320
140,4666,27,0.41728243231773376,0.756074845790863,-0.012645919807255268,0.9624901413917542,400,408
140,4666,28,0.31166404485702515,0.7406821250915527,0.13635681569576263,0.6666889190673828,299,399
140,4666,29,0.4306129217147827,0.7841355204582214,-0.014472514390945435,0.8733898401260376,413,423
140,4666,30,0.3147222101688385,0.7723173499107361,0.13705779612064362,0.6707316637039185,302,417
140,4666,31,0.38134053349494934,0.7949076294898987,-0.0924132689833641,0.9475679993629456,366,429
140,4666,32,0.2740955948829651,0.7439110279083252,0.08292293548583984,0.7236647009849548,263,401
141,4700,0,0.3387218415737152,0.21517780423164368,-0.0011753975413739681,0.9938887357711792,325,116
141,4700,1,0.33550822734832764,0.20526517927646637,-0.02049206756055355,0.9939237833023071,322,110
141,4700,2,0.3335212469100952,0.2063232958316803,-0.020636942237615585,0.994556188583374,320,111
141,4700,3,0.3316134512424469,0.2072286605834961,-0.02059771493077278,0.995827317237854,318,111
141,4700,4,0.34197208285331726,0.20135624706745148,-0.0018616027664393187,0.9938890933990479,328,108
141,4700,5,0.34434249997138977,0.20028342306613922,-0.002047713613137603,0.9947083592414856,330,108
141,4700,6,0.34645748138427734,0.19944067299365997,-0.0021060488652437925,0.9956256151199341,332,107
141,4700,7,0.3328857719898224,0.21356473863124847,-0.07850870490074158,0.9981383085250854,319,115
141,4700,8,0.3513076603412628,0.20511485636234283,0.00673568295314908,0.9934899210929871,337,110
141,4700,9,0.3381260931491852,0.22650206089019775,-0.016934432089328766,0.9938947558403015,324,122
141,4700,10,0.3440810441970825,0.2247784435749054,0.006399130914360285,0.9905121922492981,330,121
141,4700,11,0.3461095094680786,0.2777213752269745,-0.13954320549964905,0.9999513626098633,332,149
141,4700,12,0.37138596177101135,0.2738730311393738,0.07572527229785919,0.9968229532241821,356,147
141,4700,13,0.32969018816947937,0.38658085465431213,-0.15208125114440918,0.9749438762664795,316,208
141,4700,14,0.37701547145843506,0.38063541054725647,0.10210028290748596,0.005530554335564375,361,205
141,4700,15,0.2965147793292999,0.464595228433609,-0.11493783444166183,0.8362661600112915,284,250
141,4700,16,0.36738121509552,0.45584428310394287,0.07610270380973816,0.00818360410630703,352,246
141,4700,17,0.2893972396850586,0.49039703607559204,-0.1309351623058319,0.7822983860969543,277,264
141,4700,18,0.37106695771217346,0.4769236147403717,0.07377312332391739,0.01227925531566143,356,257
141,4700,19,0.28641432523727417,0.48693424463272095,-0.12780922651290894,0.7743168473243713,274,262
141,4700,20,0.3648682236671448,0.48003190755844116,0.056999851018190384,0.012726775370538235,350,259
141,4700,21,0.2896357774734497,0.4796527922153473,-0.11099402606487274,0.6642675399780273,278,259
141,4700,22,0.3641098141670227,0.4727189242839813,0.06685379892587662,0.013327840715646744,349,255
141,4700,23,0.36750680208206177,0.47278448939323425,-0.06810824573040009,0.9999036192893982,352,255
141,4700,24,0.3652624785900116,0.4672772288322449,0.0681174248456955,0.999750554561615,350,252
141,4700,25,0.38592249155044556,0.6098936200141907,-0.037418678402900696,0.9390623569488525,370,329
141,4700,26,0.337427020072937,0.5956048369407654,0.10938318818807602,0.3766632378101349,323,321
141,4700,27,0.41739094257354736,0.756219744682312,0.011720948852598667,0.961775004863739,400,408
141,4700,28,0.3102583885192871,0.7400147318840027,0.16360785067081451,0.6704782843589783,297,399
141,4700,29,0.43040528893470764,0.7842256426811218,0.011564698070287704,0.8570674061775208,413,423
141,4700,30,0.3131771385669708,0.7722282409667969,0.1659078598022461,0.665694534778595,300,417
141,4700,31,0.38181063532829285,0.7944654822349548,-0.0671040341258049,0.943725049495697,366,429
141,4700,32,0.27375349402427673,0.7394893765449524,0.11282375454902649,0.7250947952270508,262,399
142,4733,0,0.3273698687553406,0.21921370923519135,0.018957404419779778,0.9944457411766052,314,118
142,4733,1,0.32589682936668396,0.2085152566432953,0.00025813994579948485,0.9944577813148499,312,112
142,4733,2,0.32482799887657166,0.20904238522052765,0.0001319767616223544,0.9950243830680847,311,112
142,4733,3,0.32360225915908813,0.20966610312461853,0.0001807509979698807,0.9961890578269958,310,113
142,4733,4,0.3299274444580078,0.2065380960702896,0.019797001034021378,0.9944319128990173,316,111
142,4733,5,0.33156025409698486,0.20593175292015076,0.01961473375558853,0.9951766133308411,318,111
142,4733,6,0.33310309052467346,0.2054743766784668,0.019567357376217842,0.996015727519989,319,110
142,4733,7,0.3256044089794159,0.21542154252529144,-0.056304145604372025,0.9982954859733582,312,116
142,4733,8,0.33960404992103577,0.20984439551830292,0.03257222846150398,0.9940468072891235,326,113
142,4733,9,0.3284740447998047,0.22939923405647278,0.003907341044396162,0.9944251775741577,315,123
142,4733,10,0.33224767446517944,0.22855700552463531,0.028229979798197746,0.9913424849510193,318,123
142,4733,11,0.33835041522979736,0.277749240398407,-0.12329886108636856,0.999955415725708,324,149
142,4733,12,0.36417853832244873,0.2750386595726013,0.09562819451093674,0.9970914721488953,349,148
142,4733,13,0.3215787708759308,0.38555261492729187,-0.14178162813186646,0.9767755270004272,308,208
142,4733,14,0.3799770772457123,0.37686315178871155,0.11595649272203445,0.005779160186648369,364,203
142,4733,15,0.28142422437667847,0.4550955295562744,-0.10511192679405212,0.8464363813400269,270,245
142,4733,16,0.36704885959625244,0.4492764472961426,0.08736921846866608,0.007502439897507429,352,242
142,4733,17,0.27401426434516907,0.4810639023780823,-0.12013719975948334,0.7932600975036621,263,259
142,4733,18,0.36838680505752563,0.4723765254020691,0.08528114855289459,0.01125959400087595,353,255
142,4733,19,0.26939085125923157,0.4730278551578522,-0.11362631618976593,0.7850216031074524,258,255
142,4733,20,0.3621254861354828,0.4719430208206177,0.07104936242103577,0.011653581634163857,347,254
142,4733,21,0.272652268409729,0.4645801782608032,-0.09964918345212936,0.6736025214195251,261,250
142,4733,22,0.3622204661369324,0.4666026532649994,0.07897613942623138,0.012217417359352112,347,251
142,4733,23,0.35767239332199097,0.4733569622039795,-0.068109892308712,0.9999099373817444,343,255
142,4733,24,0.35709455609321594,0.4673251807689667,0.06811745464801788,0.9997657537460327,342,252
142,4733,25,0.38184821605682373,0.6109362840652466,-0.04829476773738861,0.9426621198654175,366,329
142,4733,26,0.3288557231426239,0.5968511700630188,0.1049400269985199,0.3644656836986542,315,322
142,4733,27,0.4171830117702484,0.7572504281997681,-0.019412072375416756,0.9631052017211914,400,408
142,4733,28,0.2960926294326782,0.7392905950546265,0.15195153653621674,0.6708818674087524,284,399
142,4733,29,0.4307103157043457,0.7845715284347534,-0.02113114856183529,0.8592461347579956,413,423
142,4733,30,0.29640641808509827,0.7718543410301208,0.15389814972877502,0.6658306121826172,284,416
142,4733,31,0.3822145462036133,0.7948254942893982,-0.09920834749937057,0.945395290851593,366,429
142,4733,32,0.25881487131118774,0.7320975661277771,0.10549048334360123,0.7281065583229065,248,395
143,4766,0,0.32575657963752747,0.22024402022361755,0.012433855794370174,0.9948669075965881,312,118
143,4766,1,0.32408758997917175,0.2094835638999939,-0.007580133620649576,0.9948134422302246,311,113
143,4766,2,0.32276657223701477,0.21001632511615753,-0.007714893203228712,0.995311975479126,309,113
143,4766,3,0.3213648200035095,0.2106478363275528,-0.007671506144106388,0.9964237213134766,308,113
143,4766,4,0.32929229736328125,0.2072746455669403,0.011955133639276028,0.9948127269744873,316,111
143,4766,5,0.3313084542751312,0.20663060247898102,0.011764755472540855,0.9955028295516968,318,111
143,4766,6,0.33322110772132874,0.20613913238048553,0.011710272170603275,0.9963069558143616,319,111
143,4766,7,0.32388609647750854,0.21626649796962738,-0.06759678572416306,0.9983776211738586,310,116
143,4766,8,0.3391267657279968,0.21097241342067719,0.02129986137151718,0.9944046139717102,325,113
143,4766,9,0.32661542296409607,0.23042067885398865,-0.004189868923276663,0.9947853088378906,313,124
143,4766,10,0.33177298307418823,0.22948582470417023,0.020282384008169174,0.9919324517250061,318,123
143,4766,11,0.3368373513221741,0.27923959493637085,-0.13036490976810455,0.9999580979347229,323,150
143,4766,12,0.3619038760662079,0.2754839062690735,0.08835958689451218,0.9973283410072327,347,148
143,4766,13,0.31944993138313293,0.3858688771724701,-0.14266696572303772,0.9760165214538574,306,208
143,4766,14,0.37745916843414307,0.3761706054210663,0.11807180941104889,0.005402862094342709,362,203
143,4766,15,0.2796166241168976,0.45384159684181213,-0.09264286607503891,0.8367478251457214,268,245
143,4766,16,0.36694762110710144,0.4488147497177124,0.09484689682722092,0.006960155908018351,352,242
143,4766,17,0.27107569575309753,0.4798038601875305,-0.10652423650026321,0.7789701819419861,260,259
143,4766,18,0.36730167269706726,0.4731573462486267,0.09319330751895905,0.01051538810133934,352,255
143,4766,19,0.2661935091018677,0.47182202339172363,-0.10099782794713974,0.769541323184967,255,254
143,4766,20,0.36184197664260864,0.4729725420475006,0.0776972696185112,0.010862027294933796,347,255
143,4766,21,0.2702924609184265,0.4621666371822357,-0.08732795715332031,0.650438666343689,259,249
143,4766,22,0.36039191484451294,0.4667275547981262,0.08612000197172165,0.011392359621822834,345,252
143,4766,23,0.3591255247592926,0.4773709774017334,-0.06837042421102524,0.9999144673347473,344,257
143,4766,24,0.3565787076950073,0.47185230255126953,0.06837054342031479,0.9997799396514893,342,254
143,4766,25,0.38145124912261963,0.613318681716919,-0.0414888933300972,0.941889226436615,366,331
143,4766,26,0.32726964354515076,0.6014119386672974,0.11434075236320496,0.35139214992523193,314,324
143,4766,27,0.4169112741947174,0.7574949264526367,0.005598201882094145,0.9594611525535583,400,409
143,4766,28,0.2930246889591217,0.7403495907783508,0.1645006239414215,0.6689684987068176,281,399
143,4766,29,0.4295148551464081,0.7845447063446045,0.0057039703242480755,0.8382747769355774,412,423
143,4766,30,0.2942739427089691,0.7748448848724365,0.16649790108203888,0.6581109762191772,282,418
143,4766,31,0.3820270597934723,0.7948117256164551,-0.0710645392537117,0.9368858337402344,366,429
143,4766,32,0.25680264830589294,0.7328459620475769,0.11319108307361603,0.7236758470535278,246,395
144,4800,0,0.31896865367889404,0.2230907678604126,0.02246253564953804,0.995293378829956,306,120
144,4800,1,0.31732234358787537,0.21269479393959045,0.003099872963503003,0.9952096939086914,304,114
144,4800,2,0.3161541223526001,0.2130717784166336,0.0029677790589630604,0.9956540465354919,303,115
144,4800,3,0.31483525037765503,0.21363389492034912,0.003005754901096225,0.9966913461685181,302,115
144,4800,4,0.3214828372001648,0.211574986577034,0.02197383902966976,0.9952101111412048,308,114
144,4800,5,0.3231603503227234,0.21127788722515106,0.02179546095430851,0.9958386421203613,310,114
144,4800,6,0.32490605115890503,0.2109375149011612,0.021754782646894455,0.996591329574585,311,113
144,4800,7,0.3161221742630005,0.2199169099330902,-0.05660382658243179,0.9984908699989319,303,118
144,4800,8,0.33127105236053467,0.2157551646232605,0.029596246778964996,0.9947821497917175,318,116
144,4800,9,0.3195204734802246,0.23336546123027802,0.006356040481477976,0.9951587319374084,306,126
144,4800,10,0.3233727812767029,0.2331165373325348,0.029910052195191383,0.9925104975700378,310,125
144,4800,11,0.3279609680175781,0.2808583080768585,-0.12323439121246338,0.9999611973762512,314,151
144,4800,12,0.35392317175865173,0.279293417930603,0.09303734451532364,0.9975191354751587,339,150
144,4800,13,0.31088683009147644,0.385329008102417,-0.1435588151216507,0.9767415523529053,298,208
144,4800,14,0.36696064472198486,0.37958288192749023,0.11468725651502609,0.005015496630221605,352,204
144,4800,15,0.2668762505054474,0.4502060115337372,-0.10456052422523499,0.8454594016075134,256,243
144,4800,16,0.3579941987991333,0.4499177038669586,0.08747293055057526,0.006429318804293871,343,242
144,4800,17,0.25651228427886963,0.474882572889328,-0.11929082870483398,0.7889865040779114,246,256
144,4800,18,0.3598252832889557,0.4738495647907257,0.08510906994342804,0.009778860956430435,345,255
144,4800,19,0.25268444418907166,0.46717292070388794,-0.11377473175525665,0.779306173324585,242,252
144,4800,20,0.3527720272541046,0.473737508058548,0.07086249440908432,0.010077298618853092,338,255
144,4800,21,0.2570572793483734,0.4592345952987671,-0.09950878471136093,0.6588660478591919,246,247
144,4800,22,0.35149452090263367,0.46722880005836487,0.07910077273845673,0.010574212297797203,337,252
144,4800,23,0.3474218249320984,0.4814799129962921,-0.06742458790540695,0.9999201893806458,333,259
144,4800,24,0.3458486497402191,0.4764503240585327,0.0674198642373085,0.9997939467430115,332,257
144,4800,25,0.3763026297092438,0.6169281005859375,-0.04638071730732918,0.9435598254203796,361,333
144,4800,26,0.3158857226371765,0.6017104983329773,0.11143720895051956,0.33744147419929504,303,324
144,4800,27,0.4155813157558441,0.7575011253356934,-0.011223496869206429,0.9587849378585815,398,409
144,4800,28,0.2865515649318695,0.742099404335022,0.15816165506839752,0.6647875905036926,275,400
144,4800,29,0.42885634303092957,0.7837955355644226,-0.012360271997749805,0.8319140672683716,411,423
144,4800,30,0.28721559047698975,0.7756959199905396,0.15972036123275757,0.6524866223335266,275,418
144,4800,31,0.38221004605293274,0.7952228784561157,-0.08883880823850632,0.9354075193405151,366,429
144,4800,32,0.24939432740211487,0.7360387444496155,0.10825295746326447,0.7210610508918762,239,397
145,4833,0,0.3179224133491516,0.22523607313632965,0.011028822511434555,0.9955110549926758,305,121
145,4833,1,0.31607767939567566,0.21518763899803162,-0.006811946164816618,0.9953560829162598,303,116
145,4833,2,0.31460100412368774,0.21558693051338196,-0.006929935421794653,0.9957659244537354,302,116
145,4833,3,0.31308144330978394,0.21613065898418427,-0.00688670389354229,0.9967930912971497,300,116
145,4833,4,0.3212570250034332,0.21386677026748657,0.011629433371126652,0.9953619837760925,308,115
145,4833,5,0.32313212752342224,0.21360786259174347,0.011450275778770447,0.9959678649902344,310,115
145,4833,6,0.3251928985118866,0.21316078305244446,0.0114057045429945,0.9967247843742371,312,115
145,4833,7,0.3152559697628021,0.22305703163146973,-0.05746055021882057,0.9985136389732361,302,120
145,4833,8,0.3302019536495209,0.21824678778648376,0.024161066859960556,0.9948731660842896,316,117
145,4833,9,0.31823986768722534,0.23537297546863556,-0.002738516079261899,0.995338499546051,305,127
145,4833,10,0.32281845808029175,0.23536564409732819,0.02017085812985897,0.9928216934204102,309,127
145,4833,11,0.32783040404319763,0.28360292315483093,-0.12916794419288635,0.9999634623527527,314,153
145,4833,12,0.3506641089916229,0.2823334336280823,0.08864296227693558,0.9976754784584045,336,152
145,4833,13,0.3081953823566437,0.3861795663833618,-0.14390519261360168,0.9774514436721802,295,208
145,4833,14,0.36611470580101013,0.38225141167640686,0.11269445717334747,0.004679777193814516,351,206
145,4833,15,0.26373693346977234,0.45123106241226196,-0.10866758227348328,0.8534494638442993,253,243
145,4833,16,0.3572429418563843,0.4576907753944397,0.0834658071398735,0.00596748199313879,342,247
145,4833,17,0.2542448937892914,0.47600430250167847,-0.11985795944929123,0.7980865240097046,244,257
145,4833,18,0.3574943244457245,0.4809078574180603,0.08084197342395782,0.009143447503447533,343,259
145,4833,19,0.2501542866230011,0.46850407123565674,-0.11817676573991776,0.7884048223495483,240,252
145,4833,20,0.35175004601478577,0.4800000786781311,0.06584563851356506,0.009408357553184032,337,259
145,4833,21,0.2544761300086975,0.4606254994869232,-0.10447481274604797,0.6664930582046509,244,248
145,4833,22,0.35157281160354614,0.4748367369174957,0.07475277036428452,0.009872820228338242,337,256
145,4833,23,0.3489437401294708,0.48481693863868713,-0.06811655312776566,0.9999255537986755,334,261
145,4833,24,0.342407763004303,0.47995296120643616,0.06811235845088959,0.9998074769973755,328,259
145,4833,25,0.3733631372451782,0.6182746887207031,-0.05107548087835312,0.9448198080062866,358,333
145,4833,26,0.31371232867240906,0.6037204265594482,0.11935467272996902,0.3220275044441223,301,326
145,4833,27,0.41532620787620544,0.7573009133338928,-0.010531293228268623,0.9582988023757935,398,408
145,4833,28,0.28498315811157227,0.7441925406455994,0.17530672252178192,0.6609794497489929,273,401
145,4833,29,0.42924514412879944,0.7836103439331055,-0.011705619283020496,0.8221901059150696,412,423
145,4833,30,0.2867679297924042,0.7770042419433594,0.17768843472003937,0.6451371908187866,275,419
145,4833,31,0.38235360383987427,0.7962082028388977,-0.08783455938100815,0.9344860911369324,367,429
145,4833,32,0.24901770055294037,0.7378831505775452,0.1226462870836258,0.7205573320388794,239,398
146,4866,0,0.3083471357822418,0.22956039011478424,0.037718676030635834,0.9957811832427979,296,123
146,4866,1,0.3064385652542114,0.21897268295288086,0.01712566241621971,0.9955601692199707,294,118
146,4866,2,0.30521541833877563,0.21920177340507507,0.01699359342455864,0.9959309697151184,293,118
146,4866,3,0.3038419485092163,0.2196480631828308,0.01701934076845646,0.9969297051429749,291,118
146,4866,4,0.3110559582710266,0.21792423725128174,0.03594278544187546,0.9955532550811768,298,117
146,4866,5,0.31297874450683594,0.21743889153003693,0.03576771542429924,0.9961199164390564,300,117
146,4866,6,0.31495797634124756,0.21685253083705902,0.035719867795705795,0.9968688488006592,302,117
146,4866,7,0.30478495359420776,0.2260241061449051,-0.04781134054064751,0.9985719323158264,292,122
146,4866,8,0.3214377164840698,0.2204858511686325,0.03779634088277817,0.995033323764801,308,119
146,4866,9,0.30893126130104065,0.23943930864334106,0.019574744626879692,0.9955587983131409,296,129
146,4866,10,0.3129881024360657,0.2393178939819336,0.0430903397500515,0.9931407570838928,300,129
146,4866,11,0.3172354996204376,0.2839253544807434,-0.12122362107038498,0.999966025352478,304,153
146,4866,12,0.34299710392951965,0.28625378012657166,0.09734395146369934,0.9978378415107727,329,154
146,4866,13,0.3014075458049774,0.38623353838920593,-0.14417022466659546,0.9783815145492554,289,208
146,4866,14,0.3558486998081207,0.39029598236083984,0.12075499445199966,0.0043812096118927,341,210
146,4866,15,0.2526560127735138,0.4457625448703766,-0.10987616330385208,0.8623431324958801,242,240
146,4866,16,0.34074923396110535,0.46625128388404846,0.09903891384601593,0.00557455699890852,327,251
146,4866,17,0.24110551178455353,0.467393696308136,-0.12355413287878036,0.8088578581809998,231,252
146,4866,18,0.34331923723220825,0.4875991940498352,0.09832654148340225,0.008615268394351006,329,263
146,4866,19,0.23715408146381378,0.46076664328575134,-0.11739716678857803,0.7991997003555298,227,248
146,4866,20,0.3363596796989441,0.4880430996417999,0.08469467610120773,0.008837638422846794,322,263
146,4866,21,0.24137380719184875,0.45469552278518677,-0.104354128241539,0.6778876185417175,231,245
146,4866,22,0.33521753549575806,0.4815245568752289,0.09108617156744003,0.009293604642152786,321,260
146,4866,23,0.33914628624916077,0.49198105931282043,-0.06776295602321625,0.9999306201934814,325,265
146,4866,24,0.3349660634994507,0.48959481716156006,0.0677521601319313,0.9998204708099365,321,264
146,4866,25,0.36740991473197937,0.6232833862304688,-0.050707876682281494,0.9448823928833008,352,336
146,4866,26,0.3020361065864563,0.6079304218292236,0.11515413969755173,0.3181098401546478,289,328
146,4866,27,0.41374826431274414,0.7562817335128784,-0.009269923903048038,0.9547000527381897,397,408
146,4866,28,0.28062841296195984,0.7490928769111633,0.1547272801399231,0.6605681777000427,269,404
146,4866,29,0.428579717874527,0.7776507139205933,-0.009691053070127964,0.807420015335083,411,419
146,4866,30,0.2841333746910095,0.7810388803482056,0.15546822547912598,0.6450855731964111,272,421
146,4866,31,0.38242921233177185,0.7966622114181519,-0.07644438743591309,0.9284970760345459,367,430
146,4866,32,0.2442687451839447,0.7460593581199646,0.11042140424251556,0.7197549343109131,234,402
147,4900,0,0.3053702712059021,0.2326471209526062,0.021342622116208076,0.9959399104118347,293,125
147,4900,1,0.3033849895000458,0.22201956808567047,0.003086731070652604,0.9956523180007935,291,119
147,4900,2,0.30198556184768677,0.22220389544963837,0.0029606034513562918,0.9960055351257324,289,119
147,4900,3,0.3005668520927429,0.2225259691476822,0.002991628600284457,0.9969935417175293,288,120
147,4900,4,0.30878132581710815,0.22056254744529724,0.021238675341010094,0.9956364631652832,296,119
147,4900,5,0.3108343780040741,0.2198030799627304,0.021060580387711525,0.9961977005004883,298,118
147,4900,6,0.312756210565567,0.21895518898963928,0.021008141338825226,0.9969435930252075,300,118
147,4900,7,0.3027186095714569,0.2281954288482666,-0.0532337948679924,0.9985962510108948,290,123
147,4900,8,0.3185048997402191,0.22117161750793457,0.030720017850399017,0.9950812458992004,305,119
147,4900,9,0.30589765310287476,0.24248561263084412,0.0065754917450249195,0.9956768751144409,293,130
147,4900,10,0.3107336759567261,0.2422875612974167,0.02927517332136631,0.9933132529258728,298,130
147,4900,11,0.31793153285980225,0.2848343551158905,-0.13602755963802338,0.9999680519104004,305,153
147,4900,12,0.3403114080429077,0.2874686121940613,0.0929407998919487,0.9979602694511414,326,155
147,4900,13,0.29969558119773865,0.3869457244873047,-0.16274899244308472,0.9796815514564514,287,208
147,4900,14,0.3550258278846741,0.3904174566268921,0.11853203177452087,0.004124386236071587,340,210
147,4900,15,0.25222012400627136,0.44563356041908264,-0.12733107805252075,0.8720384240150452,242,240
147,4900,16,0.34633344411849976,0.47404468059539795,0.09673015773296356,0.005207481794059277,332,255
147,4900,17,0.23991332948207855,0.4649050235748291,-0.14449955523014069,0.821194589138031,230,251
147,4900,18,0.34953343868255615,0.4988051950931549,0.09546496719121933,0.0081236707046628,335,269
147,4900,19,0.23623566329479218,0.45769554376602173,-0.13502123951911926,0.8118930459022522,226,247
147,4900,20,0.3427795171737671,0.49653756618499756,0.08031352609395981,0.008317358791828156,329,268
147,4900,21,0.24149663746356964,0.45230168104171753,-0.12066909670829773,0.6938272714614868,231,244
147,4900,22,0.3416934311389923,0.4922542870044708,0.0881861224770546,0.008766807615756989,328,265
147,4900,23,0.34018370509147644,0.4952442944049835,-0.06866873055696487,0.9999356269836426,326,267
147,4900,24,0.3344250023365021,0.492725670337677,0.06867136806249619,0.9998330473899841,321,266
147,4900,25,0.3656228482723236,0.6253417730331421,-0.045297037810087204,0.9461169838905334,350,337
147,4900,26,0.3026951551437378,0.608182430267334,0.11415135115385056,0.3209667503833771,290,328
147,4900,27,0.4120825231075287,0.7545086145401001,0.012421278282999992,0.9542248249053955,395,407
147,4900,28,0.2802889943122864,0.7508478760719299,0.14881631731987,0.669455349445343,269,405
147,4900,29,0.42710933089256287,0.7733696699142456,0.01395030040293932,0.800234854221344,410,417
147,4900,30,0.2843788266181946,0.7816264629364014,0.14934037625789642,0.6522104740142822,273,422
147,4900,31,0.38249921798706055,0.7969487309455872,-0.05363136902451515,0.9271356463432312,367,430
147,4900,32,0.2438167780637741,0.7491713762283325,0.1003049984574318,0.7279674410820007,234,404
148,4933,0,0.29894500970840454,0.23478668928146362,0.026972094550728798,0.995834469795227,286,126
148,4933,1,0.2966844141483307,0.22380439937114716,0.006764740217477083,0.9953314661979675,284,120
148,4933,2,0.29531243443489075,0.22399519383907318,0.006621582433581352,0.995692253112793,283,120
148,4933,3,0.2939164340496063,0.2243674248456955,0.006645637564361095,0.9967665076255798,282,121
148,4933,4,0.3018132746219635,0.2225387841463089,0.026244593784213066,0.9952206611633301,289,120
148,4933,5,0.30385255813598633,0.22184738516807556,0.026061614975333214,0.9958239793777466,291,119
148,4933,6,0.3059510886669159,0.2210487723350525,0.025999587029218674,0.9966834187507629,293,119
148,4933,7,0.29527902603149414,0.2302432805299759,-0.055002082139253616,0.9984851479530334,283,124
148,4933,8,0.3114128112792969,0.22351384162902832,0.033927228301763535,0.9944879412651062,298,120
148,4933,9,0.29924115538597107,0.24494846165180206,0.010122007690370083,0.9953743815422058,287,132
148,4933,10,0.3035966753959656,0.24445749819278717,0.03451525792479515,0.9927268624305725,291,132
148,4933,11,0.30856066942214966,0.28580787777900696,-0.13336212933063507,0.9999690055847168,296,154
148,4933,12,0.3322567641735077,0.29012760519981384,0.09834615886211395,0.998039960861206,318,156
148,4933,13,0.2918541133403778,0.3867546021938324,-0.16540810465812683,0.9802858233451843,280,208
148,4933,14,0.34634989500045776,0.39155930280685425,0.12572960555553436,0.003863448975607753,332,211
148,4933,15,0.24082088470458984,0.4444531202316284,-0.1379111409187317,0.8772367238998413,231,240
148,4933,16,0.33428922295570374,0.4723832309246063,0.10432972013950348,0.004884003661572933,320,255
148,4933,17,0.2284952998161316,0.46177828311920166,-0.1563418060541153,0.8273404836654663,219,249
148,4933,18,0.3381291627883911,0.49670013785362244,0.10372421890497208,0.007711488753557205,324,268
148,4933,19,0.22448889911174774,0.45364415645599365,-0.14537081122398376,0.8179066181182861,215,244
148,4933,20,0.3310565650463104,0.49543485045433044,0.0891273245215416,0.00787322223186493,317,267
148,4933,21,0.22993148863315582,0.4493826925754547,-0.13098479807376862,0.698691189289093,220,242
148,4933,22,0.32963332533836365,0.49043551087379456,0.09600948542356491,0.008324312046170235,316,264
148,4933,23,0.3288293778896332,0.4962707459926605,-0.06936095654964447,0.9999397397041321,315,267
148,4933,24,0.3237902820110321,0.49355095624923706,0.06935886293649673,0.9998437762260437,310,266
148,4933,25,0.3548377752304077,0.6301201581954956,-0.045268964022397995,0.9453056454658508,340,340
148,4933,26,0.293792724609375,0.6087023615837097,0.120745450258255,0.32034844160079956,282,328
148,4933,27,0.4087117612361908,0.752454936504364,0.0078011020086705685,0.9511998295783997,392,406
148,4933,28,0.2766638398170471,0.750334620475769,0.16161490976810455,0.6729459762573242,265,405
148,4933,29,0.42372381687164307,0.7685197591781616,0.008560316637158394,0.7877275943756104,406,415
148,4933,30,0.28208160400390625,0.7803462743759155,0.16314977407455444,0.6560774445533752,270,421
148,4933,31,0.38199326395988464,0.7969445586204529,-0.058958809822797775,0.9209697842597961,366,430
148,4933,32,0.24062159657478333,0.7606189846992493,0.11786077916622162,0.7281277775764465,230,410
149,4966,0,0.2945205867290497,0.23705241084098816,0.05110897123813629,0.9961035251617432,282,128
149,4966,1,0.2930600941181183,0.22596381604671478,0.03007066808640957,0.9955780506134033,281,122
149,4966,2,0.2919304668903351,0.22609542310237885,0.029942499473690987,0.9959130883216858,280,122
149,4966,3,0.29076260328292847,0.22638630867004395,0.02996969036757946,0.9969273805618286,279,122
149,4966,4,0.29796165227890015,0.22450917959213257,0.050139170140028,0.9954596161842346,286,121
149,4966,5,0.3000698983669281,0.22365602850914001,0.04996585473418236,0.9960312247276306,288,120
149,4966,6,0.3020778298377991,0.2227606326341629,0.04990311712026596,0.9968453049659729,289,120
149,4966,7,0.29367128014564514,0.23130151629447937,-0.03741898760199547,0.9985630512237549,281,124
149,4966,8,0.30785149335861206,0.22465965151786804,0.054206617176532745,0.9947342276573181,295,121
149,4966,9,0.29559192061424255,0.24692222476005554,0.03230542689561844,0.995587170124054,283,133
149,4966,10,0.2999024987220764,0.246425598859787,0.05744439736008644,0.9930318593978882,287,133
149,4966,11,0.30680570006370544,0.28620192408561707,-0.11855944991111755,0.9999709725379944,294,154
149,4966,12,0.3311476409435272,0.2901948094367981,0.10857917368412018,0.9981697201728821,317,156
149,4966,13,0.2897506058216095,0.38657233119010925,-0.15552128851413727,0.9818171262741089,278,208
149,4966,14,0.34496673941612244,0.39244019985198975,0.12465403974056244,0.004159300122410059,331,211
149,4966,15,0.2406175285577774,0.4429304897785187,-0.12448648363351822,0.8858530521392822,230,239
149,4966,16,0.3345358967781067,0.4720996618270874,0.10038144886493683,0.004534041043370962,321,254
149,4966,17,0.22891376912593842,0.4616846442222595,-0.14021167159080505,0.8379191160202026,219,249
149,4966,18,0.3345474600791931,0.4977640211582184,0.09991547465324402,0.007163333240896463,321,268
149,4966,19,0.2249218374490738,0.4546419680118561,-0.1274208128452301,0.8287614583969116,215,245
149,4966,20,0.32864683866500854,0.49594375491142273,0.08752575516700745,0.007293929811567068,315,267
149,4966,21,0.22944065928459167,0.4495706260204315,-0.11637373268604279,0.7124293446540833,220,242
149,4966,22,0.32768818736076355,0.490005761384964,0.0927899181842804,0.007740441244095564,314,264
149,4966,23,0.3255642056465149,0.4948471188545227,-0.06946063786745071,0.9999425411224365,312,267
149,4966,24,0.3231615424156189,0.4917972683906555,0.06945519894361496,0.9998503923416138,310,265
149,4966,25,0.35139256715774536,0.631377637386322,-0.04959888011217117,0.94745272397995,337,340
149,4966,26,0.29379644989967346,0.6084445118904114,0.11782720685005188,0.32686784863471985,282,328
149,4966,27,0.4078027307987213,0.7510228753089905,-0.014789300039410591,0.9514607191085815,391,405
149,4966,28,0.27627214789390564,0.7499492168426514,0.15864335000514984,0.6797357797622681,265,404
149,4966,29,0.42236217856407166,0.7672955393791199,-0.015160228125751019,0.7906778454780579,405,414
149,4966,30,0.28195810317993164,0.7800687551498413,0.15905384719371796,0.6677815914154053,270,421
149,4966,31,0.37934818863868713,0.7969334721565247,-0.07854320108890533,0.9205899238586426,364,430
149,4966,32,0.23926608264446259,0.7648065686225891,0.11320078372955322,0.73183673620224,229,412
150,5000,0,0.2846144139766693,0.23738934099674225,0.04319249093532562,0.9959838390350342,273,128
150,5000,1,0.2835851013660431,0.2262118011713028,0.023432143032550812,0.9953245520591736,272,122
150,5000,2,0.282823383808136,0.22635617852210999,0.023297561332583427,0.9956451058387756,271,122
150,5000,3,0.2819259464740753,0.22669044137001038,0.023298941552639008,0.9967600703239441,270,122
150,5000,4,0.28700634837150574,0.2251792550086975,0.04394179582595825,0.9950742721557617,275,121
150,5000,5,0.28864970803260803,0.22455371916294098,0.04375545680522919,0.9956360459327698,277,121
150,5000,6,0.2902464270591736,0.22392670810222626,0.04368791729211807,0.9965695142745972,278,120
150,5000,7,0.2838355302810669,0.23143497109413147,-0.03832128271460533,0.9984941482543945,272,124
150,5000,8,0.2968151867389679,0.2260066270828247,0.055526252835989,0.9941257834434509,284,122
150,5000,9,0.2859932780265808,0.24717898666858673,0.026199650019407272,0.9953497648239136,274,133
150,5000,10,0.2889113128185272,0.2469189614057541,0.05189400538802147,0.9924814701080322,277,133
150,5000,11,0.29541417956352234,0.28631046414375305,-0.11479470133781433,0.9999717473983765,283,154
150,5000,12,0.3212687075138092,0.2896486520767212,0.11906629055738449,0.9982196092605591,308,156
150,5000,13,0.28173521161079407,0.38658541440963745,-0.1550402045249939,0.9821928143501282,270,208
150,5000,14,0.33713194727897644,0.3911694288253784,0.13690802454948425,0.0039031943306326866,323,211
150,5000,15,0.2341579794883728,0.44335269927978516,-0.1260596662759781,0.8905038237571716,224,239
150,5000,16,0.32879576086997986,0.47286128997802734,0.10550928115844727,0.004267558455467224,315,255
150,5000,17,0.22182460129261017,0.46059733629226685,-0.14300210773944855,0.8433346152305603,212,248
150,5000,18,0.3269367218017578,0.49673551321029663,0.10499659180641174,0.006805742625147104,313,268
150,5000,19,0.2180050164461136,0.45040762424468994,-0.12867173552513123,0.8339765667915344,209,243
150,5000,20,0.3215109705924988,0.49544936418533325,0.09172560274600983,0.006911680568009615,308,267
150,5000,21,0.22283165156841278,0.44639724493026733,-0.11787304282188416,0.7164581418037415,213,241
150,5000,22,0.3215583264827728,0.4893411695957184,0.09750600904226303,0.007354073226451874,308,264
150,5000,23,0.3148861527442932,0.49254122376441956,-0.07201225310564041,0.9999457001686096,302,265
150,5000,24,0.315248966217041,0.48824191093444824,0.07197543978691101,0.9998591542243958,302,263
150,5000,25,0.33350518345832825,0.632675290107727,-0.09225104749202728,0.9454319477081299,320,341
150,5000,26,0.28376033902168274,0.6087179183959961,0.0991394892334938,0.31165847182273865,272,328
150,5000,27,0.3988443911075592,0.7423373460769653,-0.06731951236724854,0.9422340989112854,382,400
150,5000,28,0.27296099066734314,0.7534642815589905,0.11693534255027771,0.6623586416244507,262,406
150,5000,29,0.41552743315696716,0.7502146363258362,-0.06794731318950653,0.7728705406188965,398,405
150,5000,30,0.2801626920700073,0.7825483679771423,0.11600661277770996,0.6573806405067444,268,422
150,5000,31,0.37908369302749634,0.7973678112030029,-0.12411274015903473,0.9083787202835083,363,430
150,5000,32,0.23603437840938568,0.772329568862915,0.07514359802007675,0.7154474258422852,226,417
151,5033,0,0.28187453746795654,0.23725122213363647,0.006339887622743845,0.9961481690406799,270,128
151,5033,1,0.2818773686885834,0.22599363327026367,-0.01096697524189949,0.9954764246940613,270,122
151,5033,2,0.2812255024909973,0.22619038820266724,-0.011110757477581501,0.9957751035690308,269,122
151,5033,3,0.2804550230503082,0.22658659517765045,-0.011114227585494518,0.9968437552452087,269,122
151,5033,4,0.2852824628353119,0.22482921183109283,0.010856413282454014,0.9952316284179688,273,121
151,5033,5,0.28682130575180054,0.22424158453941345,0.010644682683050632,0.9957737326622009,275,121
151,5033,6,0.2882090210914612,0.22369036078453064,0.010552187450230122,0.9966832399368286,276,120
151,5033,7,0.28421661257743835,0.2311246693134308,-0.05525904893875122,0.998521625995636,272,124
151,5033,8,0.29454150795936584,0.2267148494720459,0.054173730313777924,0.9942294955253601,282,122
151,5033,9,0.2841343283653259,0.24706974625587463,-0.004707922227680683,0.9953495264053345,272,133
151,5033,10,0.2871527075767517,0.24677371978759766,0.022747090086340904,0.9925411939620972,275,133
151,5033,11,0.29510772228240967,0.2869914472103119,-0.11935369670391083,0.9999715685844421,283,154
151,5033,12,0.3155727684497833,0.28941839933395386,0.11142432689666748,0.9982930421829224,302,156
151,5033,13,0.2788372337818146,0.38897430896759033,-0.15505465865135193,0.9826878905296326,267,210
151,5033,14,0.33301880955696106,0.39246895909309387,0.13267067074775696,0.00380500964820385,319,211
151,5033,15,0.229813352227211,0.4440944492816925,-0.11801717430353165,0.8946196436882019,220,239
151,5033,16,0.32607027888298035,0.48127999901771545,0.10168799757957458,0.004245040938258171,313,259
151,5033,17,0.21896852552890778,0.4606092870235443,-0.1347716748714447,0.8481437563896179,210,248
151,5033,18,0.32516464591026306,0.5039458870887756,0.09881523251533508,0.006860699970275164,312,272
151,5033,19,0.21444158256053925,0.44942229986190796,-0.12303044646978378,0.8387434482574463,205,242
151,5033,20,0.3224726617336273,0.5039129257202148,0.08415423333644867,0.006943956483155489,309,272
151,5033,21,0.2190214842557907,0.44592803716659546,-0.11050090938806534,0.7214582562446594,210,240
151,5033,22,0.3225650191307068,0.49678778648376465,0.09266790002584457,0.007412074599415064,309,268
151,5033,23,0.31528666615486145,0.49230119585990906,-0.07423274964094162,0.9999487400054932,302,265
151,5033,24,0.3118743300437927,0.48720410466194153,0.07419374585151672,0.9998682737350464,299,263
151,5033,25,0.33068469166755676,0.6336609125137329,-0.10043195635080338,0.9480926394462585,317,342
151,5033,26,0.2826645076274872,0.6085736155509949,0.10040340572595596,0.31663060188293457,271,328
151,5033,27,0.3967384994029999,0.7405662536621094,-0.06857123225927353,0.9419386386871338,380,399
151,5033,28,0.2718837559223175,0.7531719207763672,0.1276402473449707,0.6721187829971313,261,406
151,5033,29,0.41296765208244324,0.746839702129364,-0.06873412430286407,0.7694835066795349,396,403
151,5033,30,0.2804550528526306,0.7819456458091736,0.1277710348367691,0.6660841703414917,269,422
151,5033,31,0.37894195318222046,0.7984791398048401,-0.1279575526714325,0.9080954194068909,363,431
151,5033,32,0.23503446578979492,0.7739143371582031,0.081598661839962,0.723037838935852,225,417
152,5066,0,0.27373555302619934,0.2358507663011551,0.055478572845458984,0.9962800741195679,262,127
152,5066,1,0.27293187379837036,0.22501276433467865,0.03767639026045799,0.9955966472625732,262,121
152,5066,2,0.27202022075653076,0.2251715064048767,0.037550490349531174,0.9958588480949402,261,121
152,5066,3,0.27098000049591064,0.22555308043956757,0.03753001615405083,0.9969303011894226,260,121
152,5066,4,0.27666738629341125,0.22415444254875183,0.058327674865722656,0.9953289031982422,265,121
152,5066,5,0.2782396078109741,0.22366809844970703,0.05812666192650795,0.9958207607269287,267,120
152,5066,6,0.27979421615600586,0.2232016772031784,0.05805438756942749,0.9967423677444458,268,120
152,5066,7,0.2731080949306488,0.23030433058738708,-0.019158462062478065,0.9985666275024414,262,124
152,5066,8,0.28597405552864075,0.22661662101745605,0.0760214775800705,0.9942916631698608,274,122
152,5066,9,0.2747611105442047,0.24577365815639496,0.03961113840341568,0.9955272078514099,263,132
152,5066,10,0.2781977951526642,0.2453228384256363,0.06547413766384125,0.9927636981010437,267,132
152,5066,11,0.28398245573043823,0.28466951847076416,-0.09621400386095047,0.9999727010726929,272,153
152,5066,12,0.30851393938064575,0.28792205452919006,0.13908496499061584,0.9983816742897034,296,155
152,5066,13,0.27193212509155273,0.3876549005508423,-0.13371796905994415,0.9826242327690125,261,209
152,5066,14,0.32155004143714905,0.38842278718948364,0.15380831062793732,0.003771055256947875,308,209
152,5066,15,0.22869820892810822,0.4440501928329468,-0.10001255571842194,0.8957554697990417,219,239
152,5066,16,0.31489986181259155,0.4682215452194214,0.11700309067964554,0.004177831578999758,302,252
152,5066,17,0.21807870268821716,0.4614996016025543,-0.11559189856052399,0.8489593267440796,209,249
152,5066,18,0.3166181445121765,0.49460387229919434,0.11638028919696808,0.006784665398299694,303,267
152,5066,19,0.21343737840652466,0.4512414038181305,-0.10339365154504776,0.8387826681137085,204,243
152,5066,20,0.31029176712036133,0.4959513247013092,0.10327492654323578,0.006825352553278208,297,267
152,5066,21,0.21756616234779358,0.4470430314540863,-0.09239546209573746,0.7189133167266846,208,241
152,5066,22,0.3116135895252228,0.488692969083786,0.10886259377002716,0.007324887905269861,299,263
152,5066,23,0.305566668510437,0.4802262485027313,-0.07514240592718124,0.9999525547027588,293,259
152,5066,24,0.30837538838386536,0.476968377828598,0.07507732510566711,0.9998788833618164,296,257
152,5066,25,0.31032076478004456,0.6327371001243591,-0.11751768738031387,0.9501805305480957,297,341
152,5066,26,0.27561014890670776,0.6084394454956055,0.06462692469358444,0.32414624094963074,264,328
152,5066,27,0.38231807947158813,0.72975754737854,-0.09521222859621048,0.9406698942184448,367,394
152,5066,28,0.27052971720695496,0.7531687021255493,0.06961854547262192,0.6800172924995422,259,406
152,5066,29,0.3973168432712555,0.726188063621521,-0.09563923627138138,0.7651622891426086,381,392
152,5066,30,0.28125011920928955,0.7821778655052185,0.06772565841674805,0.6735614538192749,270,422
152,5066,31,0.3755127191543579,0.7984439134597778,-0.14471183717250824,0.9052936434745789,360,431
152,5066,32,0.23336829245090485,0.7776069641113281,0.03035188838839531,0.7268659472465515,224,419
153,5100,0,0.2711569666862488,0.23556147515773773,0.07650436460971832,0.9963932633399963,260,127
153,5100,1,0.2705489993095398,0.22468213737010956,0.0569402314722538,0.9957161545753479,259,121
153,5100,2,0.26933565735816956,0.22489488124847412,0.056810375303030014,0.9959296584129333,258,121
153,5100,3,0.26812127232551575,0.22532428801059723,0.056793056428432465,0.9969781637191772,257,121
153,5100,4,0.27519357204437256,0.2238662838935852,0.07700706273317337,0.995485246181488,264,120
153,5100,5,0.2769743502140045,0.22352120280265808,0.07680065184831619,0.9959551692008972,265,120
153,5100,6,0.2785305380821228,0.22314167022705078,0.07671840488910675,0.9968658089637756,267,120
153,5100,7,0.2711653411388397,0.23002098500728607,-0.008608135394752026,0.9985803961753845,260,124
153,5100,8,0.2835831642150879,0.22642286121845245,0.08327103406190872,0.9944498538970947,272,122
153,5100,9,0.2724999189376831,0.24544547498226166,0.057594429701566696,0.9956459999084473,261,132
153,5100,10,0.2764924466609955,0.24518351256847382,0.0827716663479805,0.9929901957511902,265,132
153,5100,11,0.2818949818611145,0.2848373353481293,-0.08926443755626678,0.9999727010726929,270,153
153,5100,12,0.3091718256473541,0.2876913249492645,0.13811829686164856,0.9985068440437317,296,155
153,5100,13,0.27009105682373047,0.3887658715248108,-0.10761592537164688,0.9818059206008911,259,209
153,5100,14,0.32070308923721313,0.3882027268409729,0.15060767531394958,0.00502815330401063,307,209
153,5100,15,0.2264716625213623,0.4442693889141083,-0.0499817319214344,0.8815097808837891,217,239
153,5100,16,0.31366047263145447,0.4653109610080719,0.11137011647224426,0.004590446129441261,301,251
153,5100,17,0.2166069597005844,0.46221327781677246,-0.058674976229667664,0.8302388191223145,207,249
153,5100,18,0.31271252036094666,0.49106264114379883,0.11108846217393875,0.007293276023119688,300,265
153,5100,19,0.21197357773780823,0.4520910382270813,-0.049789126962423325,0.818985641002655,203,244
153,5100,20,0.30921241641044617,0.4908139407634735,0.09806559234857559,0.007249121088534594,296,265
153,5100,21,0.2160109430551529,0.44725602865219116,-0.042903684079647064,0.6946722269058228,207,241
153,5100,22,0.3097042441368103,0.48285970091819763,0.10337807238101959,0.0077899666503071785,297,260
153,5100,23,0.3026258051395416,0.47825154662132263,-0.0762866735458374,0.9999554753303528,290,258
153,5100,24,0.3064891993999481,0.4748536944389343,0.07619328796863556,0.9998884201049805,294,256
153,5100,25,0.3097410202026367,0.632081925868988,-0.11090487986803055,0.9530147314071655,297,341
153,5100,26,0.27049490809440613,0.6064183712005615,0.08002372086048126,0.3517303168773651,259,327
153,5100,27,0.37996673583984375,0.7263543605804443,-0.08753420412540436,0.9402521848678589,364,392
153,5100,28,0.27104976773262024,0.7535797953605652,0.07825613766908646,0.6983183026313782,260,406
153,5100,29,0.3944154679775238,0.722951352596283,-0.08725587278604507,0.7676975131034851,378,390
153,5100,30,0.28157946467399597,0.7823460102081299,0.07502889633178711,0.6910064220428467,270,422
153,5100,31,0.37343791127204895,0.7986271381378174,-0.129459410905838,0.8999010920524597,358,431
153,5100,32,0.23472104966640472,0.7794191837310791,0.040487051010131836,0.7341969609260559,225,420
154,5133,0,0.26440250873565674,0.23246395587921143,0.08623874932527542,0.9961879849433899,253,125
154,5133,1,0.2632511556148529,0.22160367667675018,0.06762141734361649,0.9953309893608093,252,119
154,5133,2,0.26202231645584106,0.22201891243457794,0.06749134510755539,0.9955126643180847,251,119
154,5133,3,0.26065415143966675,0.22266294062137604,0.0674675703048706,0.996702253818512,250,120
154,5133,4,0.2678767442703247,0.2203740030527115,0.08849133551120758,0.9951526522636414,257,119
154,5133,5,0.2699076235294342,0.2200717031955719,0.08829382807016373,0.9956240057945251,259,118
154,5133,6,0.2717861533164978,0.2199057936668396,0.08821709454059601,0.9966862201690674,260,118
154,5133,7,0.2622179388999939,0.2269536405801773,0.0041466508992016315,0.9984056949615479,251,122
154,5133,8,0.278178334236145,0.22375749051570892,0.09958584606647491,0.9939742088317871,267,120
154,5133,9,0.2651185095310211,0.24324476718902588,0.0679498165845871,0.9954160451889038,254,131
154,5133,10,0.2686949670314789,0.24301034212112427,0.09410812705755234,0.9926863312721252,257,131
154,5133,11,0.2735028564929962,0.2792723774909973,-0.08320000022649765,0.9999728202819824,262,150
154,5133,12,0.29627540707588196,0.2814101576805115,0.1563606858253479,0.9986075162887573,284,151
154,5133,13,0.2640439569950104,0.387898325920105,-0.11759664863348007,0.9794526100158691,253,209
154,5133,14,0.30543413758277893,0.3882293403148651,0.16478222608566284,0.005237372126430273,293,209
154,5133,15,0.2228800356388092,0.44432732462882996,-0.07388637214899063,0.8696680665016174,213,239
154,5133,16,0.30420970916748047,0.47212347388267517,0.11849451810121536,0.005236427299678326,292,254
154,5133,17,0.21334822475910187,0.46265870332717896,-0.08626322448253632,0.8163914084434509,204,249
154,5133,18,0.3065875470638275,0.49835506081581116,0.11687730252742767,0.008208333514630795,294,269
154,5133,19,0.20828601717948914,0.45301443338394165,-0.0763072818517685,0.8036129474639893,199,244
154,5133,20,0.30101025104522705,0.49752989411354065,0.10417138785123825,0.008078443817794323,288,268
154,5133,21,0.21227970719337463,0.4479043781757355,-0.06674065440893173,0.6737710237503052,203,241
154,5133,22,0.3008503019809723,0.48815178871154785,0.11037097871303558,0.00863327644765377,288,263
154,5133,23,0.2945602536201477,0.4741693139076233,-0.07822868973016739,0.9999580383300781,282,256
154,5133,24,0.2954559326171875,0.4722428023815155,0.07812482863664627,0.9998968839645386,283,255
154,5133,25,0.2911040186882019,0.6319332718849182,-0.11309260874986649,0.9513561725616455,279,341
154,5133,26,0.2680584192276001,0.6082860231399536,0.06510970741510391,0.35408666729927063,257,328
154,5133,27,0.36228686571121216,0.7191925644874573,-0.07524231821298599,0.9297492504119873,347,388
154,5133,28,0.2708466649055481,0.7544079422950745,0.06709454953670502,0.6976922154426575,260,407
154,5133,29,0.37829867005348206,0.7147222757339478,-0.07395447790622711,0.7472496628761292,363,385
154,5133,30,0.2810361981391907,0.7832121253013611,0.06504546105861664,0.6941813230514526,269,422
154,5133,31,0.35454800724983215,0.7854871153831482,-0.1197369396686554,0.882989227771759,340,424
154,5133,32,0.23307639360427856,0.7798795104026794,0.03227242827415466,0.7285445332527161,223,421
155,5166,0,0.2637116611003876,0.23224486410617828,0.06912454962730408,0.9960811734199524,253,125
155,5166,1,0.262297660112381,0.22127652168273926,0.05086977407336235,0.995132565498352,251,119
155,5166,2,0.2608014643192291,0.22166156768798828,0.0507434643805027,0.9952807426452637,250,119
155,5166,3,0.25928446650505066,0.22222991287708282,0.05078018456697464,0.996530294418335,248,120
155,5166,4,0.26724550127983093,0.21958455443382263,0.07150391489267349,0.9949572682380676,256,118
155,5166,5,0.26908838748931885,0.2189929336309433,0.07131049036979675,0.9954473376274109,258,118
155,5166,6,0.27065199613571167,0.21859370172023773,0.071259506046772,0.9965829849243164,259,118
155,5166,7,0.2616841495037079,0.22591988742351532,0.000830979784950614,0.9983121752738953,251,121
155,5166,8,0.27545541524887085,0.22272901237010956,0.09470009803771973,0.9937944412231445,264,120
155,5166,9,0.2639665901660919,0.2426106482744217,0.05441254749894142,0.9952720999717712,253,131
155,5166,10,0.2677662670612335,0.24222306907176971,0.07998587936162949,0.9925048351287842,257,130
155,5166,11,0.2727075219154358,0.2778010368347168,-0.09387167543172836,0.9999715089797974,261,150
155,5166,12,0.29687950015068054,0.2808982729911804,0.1460457593202591,0.9986981153488159,285,151
155,5166,13,0.26224687695503235,0.3874622583389282,-0.13423193991184235,0.9782874584197998,251,209
155,5166,14,0.30316174030303955,0.3886985778808594,0.15008440613746643,0.0057985917665064335,291,209
155,5166,15,0.22158482670783997,0.44480279088020325,-0.09162208437919617,0.8668083548545837,212,240
155,5166,16,0.30232036113739014,0.4775654673576355,0.10781360417604446,0.006517087109386921,290,257
155,5166,17,0.21187059581279755,0.4648708403110504,-0.10453680157661438,0.8124247193336487,203,251
155,5166,18,0.3050815165042877,0.5008237361907959,0.10750426352024078,0.010027176700532436,292,270
155,5166,19,0.20698028802871704,0.4566720724105835,-0.09453973919153214,0.7990634441375732,198,246
155,5166,20,0.3011607527732849,0.5035383701324463,0.09424745291471481,0.009756272658705711,289,271
155,5166,21,0.21132738888263702,0.4496833086013794,-0.08483602851629257,0.666287899017334,202,242
155,5166,22,0.3007325530052185,0.4940376579761505,0.10006728023290634,0.010350506752729416,288,266
155,5166,23,0.29318636655807495,0.4744972586631775,-0.07831121236085892,0.9999604821205139,281,256
155,5166,24,0.2939540445804596,0.4728187024593353,0.07821185886859894,0.9999046921730042,282,255
155,5166,25,0.2912449240684509,0.6314969062805176,-0.11029908806085587,0.9524208307266235,279,341
155,5166,26,0.2639676332473755,0.6082358360290527,0.07075219601392746,0.36284634470939636,253,328
155,5166,27,0.3616122305393219,0.7182181477546692,-0.06747288256883621,0.9274161458015442,347,387
155,5166,28,0.2697758376598358,0.7541362047195435,0.08040682226419449,0.7049499750137329,258,407
155,5166,29,0.3779824376106262,0.713506817817688,-0.06588712334632874,0.7440296411514282,362,385
155,5166,30,0.28009873628616333,0.7829396724700928,0.0785575658082962,0.7040604948997498,268,422
155,5166,31,0.3535499572753906,0.7850440740585327,-0.10639119148254395,0.8760977983474731,339,423
155,5166,32,0.2318088263273239,0.7788267135620117,0.06420811265707016,0.7287608981132507,222,420
156,5200,0,0.25628527998924255,0.22988882660865784,0.10811493545770645,0.9963769912719727,246,124
156,5200,1,0.25445184111595154,0.22022902965545654,0.08932988345623016,0.9954895973205566,244,118
156,5200,2,0.25311312079429626,0.220655158162117,0.08921821415424347,0.9956284761428833,242,119
156,5200,3,0.25164464116096497,0.2213113158941269,0.08920130133628845,0.9967922568321228,241,119
156,5200,4,0.2590695321559906,0.21854732930660248,0.10712892562150955,0.9953087568283081,248,118
156,5200,5,0.2610119581222534,0.2179492563009262,0.10695111006498337,0.9957500100135803,250,117
156,5200,6,0.2629300057888031,0.21745991706848145,0.10690699517726898,0.9968098998069763,252,117
156,5200,7,0.25259530544281006,0.2256818413734436,0.022249383851885796,0.9984370470046997,242,121
156,5200,8,0.2693778872489929,0.22161643207073212,0.10389981418848038,0.9941864609718323,258,119
156,5200,9,0.2565256357192993,0.24054238200187683,0.08837608993053436,0.9956067204475403,246,129
156,5200,10,0.26022064685821533,0.2393486052751541,0.1105000302195549,0.9929865002632141,249,129
156,5200,11,0.2626119554042816,0.2780073583126068,-0.06433615833520889,0.999973475933075,252,150
156,5200,12,0.28994372487068176,0.2772860825061798,0.15097257494926453,0.9987872838973999,278,149
156,5200,13,0.2532767355442047,0.3874630928039551,-0.09959455579519272,0.9789412021636963,243,209
156,5200,14,0.3003905117511749,0.3829168975353241,0.15617798268795013,0.006000759545713663,288,206
156,5200,15,0.21666543185710907,0.4508507251739502,-0.06499291956424713,0.874609112739563,207,243
156,5200,16,0.297974556684494,0.4572179615497589,0.12443296611309052,0.006889248266816139,286,246
156,5200,17,0.2088942974805832,0.47443199157714844,-0.07613945752382278,0.8224363923072815,200,256
156,5200,18,0.29946449398994446,0.47458451986312866,0.12578052282333374,0.010634150356054306,287,256
156,5200,19,0.20310118794441223,0.46645835041999817,-0.06634385883808136,0.8092585802078247,194,251
156,5200,20,0.29538261890411377,0.47691571712493896,0.11630761623382568,0.010227957740426064,283,257
156,5200,21,0.20622491836547852,0.4578556418418884,-0.05815421789884567,0.6796866655349731,197,247
156,5200,22,0.2936033308506012,0.4692668616771698,0.11833672225475311,0.01082305982708931,281,253
156,5200,23,0.2802216708660126,0.47124865651130676,-0.07631085067987442,0.9999632239341736,269,254
156,5200,24,0.2887873947620392,0.4685894548892975,0.07618562877178192,0.9999116659164429,277,253
156,5200,25,0.27155929803848267,0.6260169744491577,-0.11098141968250275,0.954597532749176,260,338
156,5200,26,0.2637811303138733,0.6086737513542175,0.05086054280400276,0.37532103061676025,253,328
156,5200,27,0.3432493507862091,0.7148779034614563,-0.10404645651578903,0.9290072321891785,329,386
156,5200,28,0.27039018273353577,0.7543478608131409,0.04246126860380173,0.7129109501838684,259,407
156,5200,29,0.3591448664665222,0.7129750847816467,-0.10579288750886917,0.7527238130569458,344,385
156,5200,30,0.28012052178382874,0.783239483833313,0.03983544185757637,0.716597855091095,268,422
156,5200,31,0.3321657180786133,0.7823000550270081,-0.13811148703098297,0.8785248398780823,318,422
156,5200,32,0.23123596608638763,0.7791358828544617,0.020762646570801735,0.7342284321784973,221,420
157,5233,0,0.25172337889671326,0.2302275151014328,0.052947673946619034,0.9966195821762085,241,124
157,5233,1,0.25057968497276306,0.22045902907848358,0.033683810383081436,0.9957942366600037,240,119
157,5233,2,0.24925163388252258,0.22084447741508484,0.0335613414645195,0.9959328174591064,239,119
157,5233,3,0.24796538054943085,0.22142913937568665,0.03356029465794563,0.9970086216926575,238,119
157,5233,4,0.255852609872818,0.21860331296920776,0.05258385092020035,0.9956014156341553,245,118
157,5233,5,0.25773972272872925,0.21794287860393524,0.052409157156944275,0.9960160255432129,247,117
157,5233,6,0.2598055601119995,0.21744582056999207,0.052361391484737396,0.9969941973686218,249,117
157,5233,7,0.2511659860610962,0.2256733775138855,-0.02957036904990673,0.9985468983650208,241,121
157,5233,8,0.26516029238700867,0.22146746516227722,0.056944072246551514,0.994539737701416,254,119
157,5233,9,0.25344985723495483,0.24055635929107666,0.0350402370095253,0.9958682656288147,243,129
157,5233,10,0.2576245665550232,0.2393554151058197,0.05859163776040077,0.9933491945266724,247,129
157,5233,11,0.26189443469047546,0.2780103385448456,-0.10388105362653732,0.9999746084213257,251,150
157,5233,12,0.2890520393848419,0.2766217589378357,0.11571448296308517,0.9988343715667725,277,149
157,5233,13,0.2529100179672241,0.3874027729034424,-0.14843297004699707,0.9801766276359558,242,209
157,5233,14,0.29755929112434387,0.3795167803764343,0.1268327236175537,0.005927914287894964,285,204
157,5233,15,0.2150990515947342,0.45518162846565247,-0.12564894556999207,0.8840464949607849,206,245
157,5233,16,0.2915591597557068,0.455101877450943,0.10118673741817474,0.007079325150698423,279,245
157,5233,17,0.20761223137378693,0.4785284399986267,-0.14055867493152618,0.8352450132369995,199,258
157,5233,18,0.2939780652523041,0.4739685654640198,0.10310523211956024,0.011136680841445923,282,255
157,5233,19,0.20233851671218872,0.47208136320114136,-0.1310449242591858,0.8227958679199219,194,254
157,5233,20,0.28831905126571655,0.47470930218696594,0.09087719768285751,0.010677134618163109,276,256
157,5233,21,0.20585912466049194,0.46435675024986267,-0.11934402585029602,0.6999433040618896,197,250
157,5233,22,0.2881251573562622,0.46940919756889343,0.09407474100589752,0.01132739707827568,276,253
157,5233,23,0.27857324481010437,0.4719364047050476,-0.07490075379610062,0.999965488910675,267,254
157,5233,24,0.28692710399627686,0.4692796468734741,0.07480592280626297,0.9999173283576965,275,253
157,5233,25,0.27039748430252075,0.6227453947067261,-0.1098327562212944,0.9577059149742126,259,336
157,5233,26,0.26243606209754944,0.6090701818466187,0.06449731439352036,0.39938005805015564,251,328
157,5233,27,0.3406572937965393,0.7132946848869324,-0.09197283536195755,0.9334580898284912,327,385
157,5233,28,0.26980680227279663,0.7553286552429199,0.06844134628772736,0.7291596531867981,259,407
157,5233,29,0.35720306634902954,0.7124060988426208,-0.0908980518579483,0.7674486041069031,342,384
157,5233,30,0.2802291512489319,0.7831296324729919,0.0667308121919632,0.732566237449646,269,422
157,5233,31,0.32980480790138245,0.7794924974441528,-0.106094591319561,0.8859186172485352,316,420
157,5233,32,0.23086896538734436,0.7805843353271484,0.03964598476886749,0.7485606670379639,221,421
158,5266,0,0.2463497370481491,0.22832171618938446,0.07335049659013748,0.9968265295028687,236,123
158,5266,1,0.24478136003017426,0.2186986654996872,0.054698970168828964,0.9960677027702332,234,118
158,5266,2,0.2434716522693634,0.21916702389717102,0.054581720381975174,0.996192216873169,233,118
158,5266,3,0.24206383526325226,0.21986126899719238,0.054574210196733475,0.9972167611122131,232,118
158,5266,4,0.24965645372867584,0.2166242152452469,0.07406128942966461,0.9958463311195374,239,116
158,5266,5,0.2517429292201996,0.21588218212127686,0.07389140129089355,0.9962043166160583,241,116
158,5266,6,0.25379708409309387,0.2153322845697403,0.07386098057031631,0.9971407651901245,243,116
158,5266,7,0.24393786489963531,0.224400594830513,-0.010540704242885113,0.9986433386802673,234,121
158,5266,8,0.2597474455833435,0.2192486673593521,0.07751467078924179,0.9947497844696045,249,118
158,5266,9,0.2468559741973877,0.2387542724609375,0.054238855838775635,0.996143102645874,236,128
158,5266,10,0.25083643198013306,0.23722858726978302,0.07829529792070389,0.9937150478363037,240,128
158,5266,11,0.2546772360801697,0.27537545561790466,-0.09035025537014008,0.9999762773513794,244,148
158,5266,12,0.2817569673061371,0.27420106530189514,0.13412901759147644,0.998893141746521,270,148
158,5266,13,0.24639654159545898,0.3831722140312195,-0.1326523870229721,0.9800260663032532,236,206
158,5266,14,0.288543701171875,0.37231767177581787,0.1495775729417801,0.0057040187530219555,277,201
158,5266,15,0.21360525488853455,0.4580552279949188,-0.1251288801431656,0.8895288705825806,205,247
158,5266,16,0.28016287088394165,0.4369368553161621,0.12129092961549759,0.00716839823871851,268,235
158,5266,17,0.20832934975624084,0.4845467507839203,-0.1389010101556778,0.8421962261199951,199,261
158,5266,18,0.28350207209587097,0.4582578241825104,0.12289492785930634,0.011375815607607365,272,247
158,5266,19,0.20390208065509796,0.48144209384918213,-0.13067668676376343,0.8298748135566711,195,259
158,5266,20,0.2793044447898865,0.4607633054256439,0.10997886955738068,0.010903580114245415,268,248
158,5266,21,0.20604467391967773,0.47253239154815674,-0.11903002113103867,0.7085056304931641,197,255
158,5266,22,0.2783290445804596,0.454550564289093,0.11358942091464996,0.011552315205335617,267,245
158,5266,23,0.26916709542274475,0.4666384160518646,-0.0740651860833168,0.9999668598175049,258,251
158,5266,24,0.28058117628097534,0.464819073677063,0.07396247237920761,0.9999207258224487,269,251
158,5266,25,0.25299790501594543,0.6184453368186951,-0.10591443628072739,0.9510713219642639,242,333
158,5266,26,0.25526973605155945,0.6060190200805664,0.059786658734083176,0.3729511499404907,245,327
158,5266,27,0.3215765357017517,0.7157036066055298,-0.08048935979604721,0.9250991344451904,308,386
158,5266,28,0.2695288360118866,0.7509976625442505,0.07743855565786362,0.6875081062316895,258,405
158,5266,29,0.3375614881515503,0.7160483002662659,-0.08025291562080383,0.7541022300720215,324,386
158,5266,30,0.27871668338775635,0.7745261788368225,0.07685200124979019,0.6978505849838257,267,418
158,5266,31,0.31093642115592957,0.7809751629829407,-0.10285963118076324,0.8771423101425171,298,421
158,5266,32,0.2323005348443985,0.7797027230262756,0.0456462986767292,0.7134004235267639,223,421
159,5300,0,0.24342720210552216,0.22834299504756927,0.07636453211307526,0.9970729351043701,233,123
159,5300,1,0.24203969538211823,0.21847936511039734,0.057270996272563934,0.9963691234588623,232,117
159,5300,2,0.24089433252811432,0.2188831865787506,0.05716385319828987,0.9964891672134399,231,118
159,5300,3,0.23973990976810455,0.2194790244102478,0.05717179924249649,0.9974298477172852,230,118
159,5300,4,0.2468518763780594,0.21620114147663116,0.07737401127815247,0.9961516857147217,236,116
159,5300,5,0.24868054687976837,0.21525414288043976,0.07720885425806046,0.9964831471443176,238,116
159,5300,6,0.2505704164505005,0.21444165706634521,0.07716333121061325,0.9973394274711609,240,115
159,5300,7,0.2431017905473709,0.22286461293697357,-0.010024563409388065,0.9987455010414124,233,120
159,5300,8,0.25626543164253235,0.21707631647586823,0.08127803355455399,0.995116114616394,246,117
159,5300,9,0.2454950213432312,0.2384600043296814,0.056504372507333755,0.9964151382446289,235,128
159,5300,10,0.24926863610744476,0.23682627081871033,0.08150503039360046,0.9941242337226868,239,127
159,5300,11,0.253140389919281,0.27272751927375793,-0.09320200234651566,0.999977707862854,243,147
159,5300,12,0.28234049677848816,0.272640585899353,0.1323709636926651,0.9989569187164307,271,147
159,5300,13,0.2460428923368454,0.37984177470207214,-0.13899868726730347,0.9817293286323547,236,205
159,5300,14,0.28798308968544006,0.37004804611206055,0.14754676818847656,0.01264201384037733,276,199
159,5300,15,0.21471020579338074,0.4587511420249939,-0.11981494724750519,0.8979340195655823,206,247
159,5300,16,0.2784256041049957,0.43800103664398193,0.12720820307731628,0.007041772827506065,267,236
159,5300,17,0.20860470831394196,0.4869106113910675,-0.13207568228244781,0.8531691431999207,200,262
159,5300,18,0.2768987715244293,0.45778128504753113,0.13273771107196808,0.010916675440967083,265,247
159,5300,19,0.2042321264743805,0.4843253791332245,-0.1226915791630745,0.8414869904518127,196,261
159,5300,20,0.2720010578632355,0.4592069685459137,0.12107857316732407,0.01043805480003357,261,247
159,5300,21,0.2064645141363144,0.4757406711578369,-0.11315322667360306,0.7262332439422607,198,256
159,5300,22,0.2741992175579071,0.45422831177711487,0.12050458788871765,0.011145885102450848,263,245
159,5300,23,0.2667584717273712,0.4643901288509369,-0.0740974023938179,0.9999675750732422,256,250
159,5300,24,0.27914392948150635,0.46240559220314026,0.07399409264326096,0.9999217391014099,267,249
159,5300,25,0.25271278619766235,0.6162147521972656,-0.1056613028049469,0.9537783265113831,242,332
159,5300,26,0.2557007074356079,0.6041339635848999,0.0640493780374527,0.3752608299255371,245,326
159,5300,27,0.31984880566596985,0.715822696685791,-0.09694866091012955,0.9300898909568787,307,386
159,5300,28,0.26822564005851746,0.7496057152748108,0.06914883106946945,0.6922895312309265,257,404
159,5300,29,0.33626261353492737,0.7164331078529358,-0.09789223968982697,0.7728185057640076,322,386
159,5300,30,0.27731186151504517,0.771422266960144,0.0675147995352745,0.7092612981796265,266,416
159,5300,31,0.3081147372722626,0.7815067768096924,-0.12404167652130127,0.8857019543647766,295,422
159,5300,32,0.23164191842079163,0.7790995836257935,0.04710506275296211,0.7190850973129272,222,420
160,5333,0,0.23614901304244995,0.22752466797828674,0.031525108963251114,0.9972524642944336,226,122
160,5333,1,0.23442257940769196,0.21709564328193665,0.013270536437630653,0.9966084361076355,225,117
160,5333,2,0.23317521810531616,0.21748195588588715,0.013136033900082111,0.9967342019081116,223,117
160,5333,3,0.23176267743110657,0.21805621683597565,0.013119550421833992,0.9976118206977844,222,117
160,5333,4,0.23918408155441284,0.2150234580039978,0.03213268518447876,0.9963605999946594,229,116
160,5333,5,0.2412019670009613,0.21401529014110565,0.03196694329380989,0.99666428565979,231,115
160,5333,6,0.24321816861629486,0.2131100445985794,0.03192262351512909,0.997458815574646,233,115
160,5333,7,0.23244276642799377,0.22157026827335358,-0.049065276980400085,0.9988394975662231,223,119
160,5333,8,0.2503039240837097,0.21455401182174683,0.03676905483007431,0.9953626394271851,240,115
160,5333,9,0.23695698380470276,0.23814637959003448,0.013396084308624268,0.9966413378715515,227,128
160,5333,10,0.2404969036579132,0.23648805916309357,0.03681733459234238,0.9944069385528564,230,127
160,5333,11,0.24452148377895355,0.27191832661628723,-0.12406850606203079,0.9999788403511047,234,146
160,5333,12,0.2725619673728943,0.27170658111572266,0.10118511319160461,0.9989601373672485,261,146
160,5333,13,0.2397637963294983,0.37914738059043884,-0.16887447237968445,0.9822967648506165,230,204
160,5333,14,0.2728138566017151,0.37164169549942017,0.11738064885139465,0.011639933101832867,261,200
160,5333,15,0.21232356131076813,0.4631483852863312,-0.15003974735736847,0.9049673676490784,203,250
160,5333,16,0.263704776763916,0.44657987356185913,0.09293566644191742,0.006994856987148523,253,241
160,5333,17,0.20918558537960052,0.4928080141544342,-0.1656218022108078,0.8627412915229797,200,266
160,5333,18,0.26072630286216736,0.4622408151626587,0.09740100800991058,0.011056052520871162,250,249
160,5333,19,0.20614798367023468,0.49339503049850464,-0.1579114943742752,0.8517255783081055,197,266
160,5333,20,0.2561019957065582,0.4673811197280884,0.08101318031549454,0.01059138122946024,245,252
160,5333,21,0.2079639583826065,0.4833676517009735,-0.1448664367198944,0.7424229979515076,199,261
160,5333,22,0.2565958797931671,0.4611586034297943,0.08430027216672897,0.011341217905282974,246,249
160,5333,23,0.26064929366111755,0.46538394689559937,-0.07388787716627121,0.9999693632125854,250,251
160,5333,24,0.2735152244567871,0.4630659818649292,0.07378637045621872,0.9999256134033203,262,250
160,5333,25,0.2299395352602005,0.6144900321960449,-0.08905328065156937,0.9538702368736267,220,331
160,5333,26,0.25018778443336487,0.6030860543251038,0.06549520790576935,0.35860949754714966,240,325
160,5333,27,0.2893773913383484,0.7164582014083862,-0.04473452642560005,0.9325045943260193,277,386
160,5333,28,0.2693313956260681,0.7412689924240112,0.09447035938501358,0.6766870617866516,258,400
160,5333,29,0.30746427178382874,0.7180510759353638,-0.041697580367326736,0.784463107585907,295,387
160,5333,30,0.28054726123809814,0.7604125142097473,0.0962127149105072,0.6996511220932007,269,410
160,5333,31,0.2805800139904022,0.7811397910118103,-0.058878712356090546,0.89133620262146,269,421
160,5333,32,0.23438793420791626,0.7788426876068115,0.0878908559679985,0.711173951625824,225,420
161,5366,0,0.23537017405033112,0.22746717929840088,0.019469207152724266,0.9974777102470398,225,122
161,5366,1,0.23248791694641113,0.21708330512046814,0.0014066541334614158,0.9968869686126709,223,117
161,5366,2,0.230774387717247,0.2174985557794571,0.001277116360142827,0.9970065951347351,221,117
161,5366,3,0.22910960018634796,0.21807639300823212,0.0012659031199291348,0.9978110790252686,219,117
161,5366,4,0.2383650839328766,0.21479582786560059,0.019640767946839333,0.9966455101966858,228,115
161,5366,5,0.24063695967197418,0.21372908353805542,0.019471360370516777,0.9969223141670227,231,115
161,5366,6,0.24263739585876465,0.21280843019485474,0.01942388527095318,0.9976492524147034,232,114
161,5366,7,0.23167850077152252,0.2216169536113739,-0.057412657886743546,0.9989386796951294,222,119
161,5366,8,0.24845534563064575,0.21454717218875885,0.02559969201683998,0.9957224726676941,238,115
161,5366,9,0.23568294942378998,0.23809441924095154,0.0028295391239225864,0.9969139099121094,226,128
161,5366,10,0.24062950909137726,0.23632963001728058,0.02542717196047306,0.9948323369026184,231,127
161,5366,11,0.24416956305503845,0.2714451551437378,-0.12532536685466766,0.9999801516532898,234,146
161,5366,12,0.27105891704559326,0.27205970883369446,0.08929447829723358,0.9990038871765137,260,146
161,5366,13,0.2395584136247635,0.378165066242218,-0.16900335252285004,0.9827378392219543,229,204
161,5366,14,0.27063190937042236,0.3722824156284332,0.09739308804273605,0.010808065533638,259,201
161,5366,15,0.21341495215892792,0.46435320377349854,-0.15590260922908783,0.9107850790023804,204,250
161,5366,16,0.2545945942401886,0.45392194390296936,0.061203718185424805,0.0069080526009202,244,245
161,5366,17,0.21013838052749634,0.4956762194633484,-0.17233015596866608,0.8707075119018555,201,267
161,5366,18,0.25084367394447327,0.4679465591907501,0.06198598071932793,0.011048187501728535,240,252
161,5366,19,0.2072283774614334,0.4959017038345337,-0.1658378690481186,0.8602228760719299,198,267
161,5366,20,0.24661268293857574,0.4741368591785431,0.04647396132349968,0.010596156120300293,236,256
161,5366,21,0.20885594189167023,0.48631811141967773,-0.1514703631401062,0.7555748820304871,200,262
161,5366,22,0.24718166887760162,0.46754589676856995,0.05252649635076523,0.011349815875291824,237,252
161,5366,23,0.25740301609039307,0.4664049744606018,-0.07036136835813522,0.999971330165863,247,251
161,5366,24,0.2736507058143616,0.4640139639377594,0.07027700543403625,0.9999300837516785,262,250
161,5366,25,0.22824977338314056,0.6136462688446045,-0.08364179730415344,0.9552481174468994,219,331
161,5366,26,0.2515791356563568,0.6020988821983337,0.06796213239431381,0.3495558202266693,241,325
161,5366,27,0.28794172406196594,0.7174434661865234,-0.02931033819913864,0.9350605607032776,276,387
161,5366,28,0.2698473036289215,0.7378670573234558,0.10517298430204391,0.6656224727630615,259,398
161,5366,29,0.3054332733154297,0.7192885875701904,-0.025585684925317764,0.7949197292327881,293,388
161,5366,30,0.2811865508556366,0.7543895244598389,0.10758306831121445,0.6910489797592163,269,407
161,5366,31,0.27689120173454285,0.7809094190597534,-0.04424726963043213,0.8968427777290344,265,421
161,5366,32,0.23825232684612274,0.7780159115791321,0.09742334485054016,0.7060088515281677,228,420
162,5400,0,0.22704853117465973,0.22380761802196503,0.010486532934010029,0.9970269799232483,217,120
162,5400,1,0.2244144082069397,0.21370090544223785,-0.006481893826276064,0.9961990714073181,215,115
162,5400,2,0.22306671738624573,0.21416611969470978,-0.006607423070818186,0.9963581562042236,214,115
162,5400,3,0.2216174453496933,0.21482966840267181,-0.0066078887321054935,0.9973641633987427,212,116
162,5400,4,0.22932316362857819,0.21138504147529602,0.006886182352900505,0.9958990812301636,220,114
162,5400,5,0.23139801621437073,0.2101856768131256,0.006695094984024763,0.9962393641471863,222,113
162,5400,6,0.23360204696655273,0.20893709361553192,0.006630903575569391,0.9970939755439758,224,112
162,5400,7,0.22296418249607086,0.21909551322460175,-0.05982373654842377,0.9987353086471558,214,118
162,5400,8,0.2403622269630432,0.21043668687343597,0.0007815215503796935,0.9950162768363953,230,113
162,5400,9,0.2278565764427185,0.23468272387981415,-0.0036865645088255405,0.9965166449546814,218,126
162,5400,10,0.23178553581237793,0.23240701854228973,0.012516654096543789,0.9941722750663757,222,125
162,5400,11,0.23347637057304382,0.27179616689682007,-0.1169145330786705,0.9999789595603943,224,146
162,5400,12,0.2656053304672241,0.2710321545600891,0.050178300589323044,0.9989506602287292,254,146
162,5400,13,0.23189865052700043,0.3817983567714691,-0.14223478734493256,0.9692067503929138,222,206
162,5400,14,0.26242202520370483,0.3749682903289795,0.05490434169769287,0.009820853359997272,251,202
162,5400,15,0.21210339665412903,0.4750992953777313,-0.13950848579406738,0.8884442448616028,203,256
162,5400,16,0.24865521490573883,0.4594098627567291,0.033060479909181595,0.006486788857728243,238,248
162,5400,17,0.20916147530078888,0.5041101574897766,-0.15646661818027496,0.8481686115264893,200,272
162,5400,18,0.24522720277309418,0.4712771773338318,0.03201941028237343,0.010450237430632114,235,254
162,5400,19,0.20689183473587036,0.5044192671775818,-0.1459210067987442,0.8378732204437256,198,272
162,5400,20,0.24025662243366241,0.47700682282447815,0.01818055845797062,0.01004148367792368,230,257
162,5400,21,0.20787589251995087,0.4950476884841919,-0.13316570222377777,0.7280851602554321,199,267
162,5400,22,0.24022236466407776,0.4717545211315155,0.025672586634755135,0.010671606287360191,230,254
162,5400,23,0.24083901941776276,0.4670366942882538,-0.05342496559023857,0.9999635219573975,231,252
162,5400,24,0.2689080834388733,0.464606910943985,0.05335446447134018,0.9999135136604309,258,250
162,5400,25,0.21937309205532074,0.6118975877761841,-0.041788987815380096,0.9003210663795471,210,330
162,5400,26,0.25472158193588257,0.6006786227226257,0.051225464791059494,0.3159209191799164,244,324
162,5400,27,0.26202118396759033,0.7199993133544922,-0.016712190583348274,0.8832333087921143,251,388
162,5400,28,0.2703353762626648,0.7385436296463013,0.050391439348459244,0.603857696056366,259,398
162,5400,29,0.2770090699195862,0.7333468794822693,-0.016259556636214256,0.7523798942565918,265,396
162,5400,30,0.2813863158226013,0.75766521692276,0.04851106181740761,0.6305196285247803,270,409
162,5400,31,0.2376554310321808,0.776208758354187,-0.03570397570729256,0.845697283744812,228,419
162,5400,32,0.2387980818748474,0.7768312692642212,0.033759839832782745,0.643296480178833,229,419
163,5433,0,0.22582055628299713,0.22039790451526642,0.018807489424943924,0.9971457719802856,216,119
163,5433,1,0.22306300699710846,0.21128727495670319,0.0015070077497512102,0.9963454008102417,214,114
163,5433,2,0.22153064608573914,0.21196119487285614,0.001394015271216631,0.996491551399231,212,114
163,5433,3,0.21993395686149597,0.2127605378627777,0.001400430453941226,0.9974449872970581,211,114
163,5433,4,0.2289241999387741,0.20811131596565247,0.015034506097435951,0.9960914850234985,219,112
163,5433,5,0.23116318881511688,0.2067236453294754,0.014842703007161617,0.9964322447776794,221,111
163,5433,6,0.23362892866134644,0.205252006649971,0.014768412336707115,0.9972273111343384,224,110
163,5433,7,0.22180287539958954,0.217124342918396,-0.054758019745349884,0.9987785220146179,212,117
163,5433,8,0.23948970437049866,0.20762203633785248,0.005459322594106197,0.9953081011772156,229,112
163,5433,9,0.22638766467571259,0.2313401848077774,0.003284403821453452,0.996666431427002,217,124
163,5433,10,0.23128966987133026,0.22863717377185822,0.01955431140959263,0.9944732785224915,222,123
163,5433,11,0.23133139312267303,0.2720099091529846,-0.11171066015958786,0.9999787211418152,222,146
163,5433,12,0.2661662995815277,0.2711999714374542,0.04361003264784813,0.9989966154098511,255,146
163,5433,13,0.2290782481431961,0.3840188980102539,-0.1332390010356903,0.9690084457397461,219,207
163,5433,14,0.26450005173683167,0.3751082718372345,0.04167737066745758,0.011738207191228867,253,202
163,5433,15,0.21256494522094727,0.4780636131763458,-0.1285710334777832,0.8789035081863403,204,258
163,5433,16,0.24726352095603943,0.4620928466320038,0.020897123962640762,0.00623363209888339,237,249
163,5433,17,0.20968510210514069,0.5069472193717957,-0.1357145756483078,0.8365543484687805,201,273
163,5433,18,0.24092458188533783,0.4756205677986145,0.02193794958293438,0.0098794000223279,231,256
163,5433,19,0.20746755599975586,0.5067831873893738,-0.13605330884456635,0.8264928460121155,199,273
163,5433,20,0.2381705492734909,0.47829481959342957,0.009988146834075451,0.009494149126112461,228,258
163,5433,21,0.20816045999526978,0.4975271224975586,-0.12811845541000366,0.7137645483016968,199,268
163,5433,22,0.2396215945482254,0.472523033618927,0.014604630880057812,0.010058305226266384,230,255
163,5433,23,0.23939605057239532,0.46751415729522705,-0.050968535244464874,0.9999567270278931,229,252
163,5433,24,0.27035626769065857,0.4650515913963318,0.05088945850729942,0.9998999834060669,259,251
163,5433,25,0.21827645599842072,0.6109136939048767,-0.033853594213724136,0.8825546503067017,209,329
163,5433,26,0.2560499310493469,0.5994310975074768,0.05340246483683586,0.2887122929096222,245,323
163,5433,27,0.26013806462287903,0.7262102365493774,-0.029305510222911835,0.8784769773483276,249,392
163,5433,28,0.26815828680992126,0.7365825772285461,0.034248147159814835,0.5592524409294128,257,397
163,5433,29,0.27732351422309875,0.7444224953651428,-0.01715407520532608,0.7603585720062256,266,401
163,5433,30,0.28060784935951233,0.7565194368362427,0.030455807223916054,0.5951749086380005,269,408
163,5433,31,0.23590858280658722,0.7767312526702881,-0.05837076157331467,0.8413738012313843,226,419
163,5433,32,0.24136137962341309,0.7732215523719788,0.013000252656638622,0.6006345152854919,231,417
164,5466,0,0.2178197056055069,0.21845269203186035,-0.011630029417574406,0.9971097111701965,209,117
164,5466,1,0.21527805924415588,0.20919807255268097,-0.02851283736526966,0.9963281154632568,206,112
164,5466,2,0.21396948397159576,0.20987077057361603,-0.028652429580688477,0.9965120553970337,205,113
164,5466,3,0.21251460909843445,0.21070453524589539,-0.02863754704594612,0.9974240660667419,204,113
164,5466,4,0.22035790979862213,0.20618969202041626,-0.014385808259248734,0.9960683584213257,211,111
164,5466,5,0.22252202033996582,0.20482118427753448,-0.014579003676772118,0.9964557886123657,213,110
164,5466,6,0.22474588453769684,0.20338641107082367,-0.014658735133707523,0.9971929788589478,215,109
164,5466,7,0.213790625333786,0.2153681218624115,-0.07713254541158676,0.9988085031509399,205,116
164,5466,8,0.23196491599082947,0.20559953153133392,-0.013442914001643658,0.9954534769058228,222,111
164,5466,9,0.21892274916172028,0.2295643389225006,-0.02385420724749565,0.9967179894447327,210,123
164,5466,10,0.2230490893125534,0.22715690732002258,-0.006825623568147421,0.9945713877677917,214,122
164,5466,11,0.22374576330184937,0.27163952589035034,-0.12586306035518646,0.9999774098396301,214,146
164,5466,12,0.2567436397075653,0.2703232765197754,0.044050514698028564,0.998970627784729,246,145
164,5466,13,0.2258162498474121,0.38397589325904846,-0.15099380910396576,0.9696393013000488,216,207
164,5466,14,0.2566958963871002,0.3760235011577606,0.05138133838772774,0.012119874358177185,246,203
164,5466,15,0.2119693011045456,0.4762948453426361,-0.14240582287311554,0.8774464130401611,203,257
164,5466,16,0.2385897934436798,0.4620833992958069,0.03239534795284271,0.0061114076524972916,229,249
164,5466,17,0.21010130643844604,0.504352867603302,-0.15415161848068237,0.835824191570282,201,272
164,5466,18,0.23372820019721985,0.4826522171497345,0.032911188900470734,0.009678328409790993,224,260
164,5466,19,0.2074563354253769,0.5053841471672058,-0.15325741469860077,0.8259168863296509,199,272
164,5466,20,0.2312372624874115,0.4828794002532959,0.019165869802236557,0.009309671819210052,221,260
164,5466,21,0.20733243227005005,0.4960334599018097,-0.14059701561927795,0.714763879776001,199,267
164,5466,22,0.23149825632572174,0.4743262827396393,0.025195296853780746,0.009846357628703117,222,256
164,5466,23,0.23000119626522064,0.47336211800575256,-0.054994720965623856,0.9999579191207886,220,255
164,5466,24,0.25487059354782104,0.4683859646320343,0.05492394044995308,0.9999036192893982,244,252
164,5466,25,0.19958743453025818,0.6042069792747498,-0.008015027269721031,0.891472339630127,191,326
164,5466,26,0.24545741081237793,0.5975276827812195,0.09253295511007309,0.3041526675224304,235,322
164,5466,27,0.23275382816791534,0.7087773680686951,0.0778401717543602,0.888280987739563,223,382
164,5466,28,0.26484593749046326,0.7357568144798279,0.11055104434490204,0.5861776471138,254,397
164,5466,29,0.24270658195018768,0.7235202193260193,0.08595016598701477,0.7795706987380981,232,390
164,5466,30,0.2752688527107239,0.7577641010284424,0.11081521958112717,0.6185270547866821,264,409
164,5466,31,0.20710031688213348,0.7442941665649414,0.07975266873836517,0.8530241847038269,198,401
164,5466,32,0.24122776091098785,0.773219108581543,0.09853747487068176,0.6226077675819397,231,417
165,5500,0,0.21677166223526,0.21877191960811615,-0.005112738814204931,0.9973095655441284,208,118
165,5500,1,0.21366868913173676,0.20955784618854523,-0.022555267438292503,0.9965910315513611,205,113
165,5500,2,0.2122858315706253,0.21019954979419708,-0.022686447948217392,0.9967650175094604,203,113
165,5500,3,0.21081195771694183,0.21098831295967102,-0.022667592391371727,0.9975998997688293,202,113
165,5500,4,0.2192630171775818,0.2065613567829132,-0.008258165791630745,0.9963537454605103,210,111
165,5500,5,0.22161242365837097,0.20514044165611267,-0.008446471765637398,0.9967204332351685,212,110
165,5500,6,0.22391818463802338,0.20361410081386566,-0.008515221066772938,0.9973883628845215,214,109
165,5500,7,0.21315984427928925,0.21554361283779144,-0.07551835477352142,0.9988960027694702,204,116
165,5500,8,0.23007673025131226,0.20511093735694885,-0.011024375446140766,0.9958064556121826,220,110
165,5500,9,0.2177128940820694,0.22974179685115814,-0.01901331916451454,0.9969285726547241,209,124
165,5500,10,0.22207482159137726,0.2273719757795334,-0.001707926974631846,0.9949372410774231,213,122
165,5500,11,0.22476869821548462,0.27176427841186523,-0.12513349950313568,0.9999772906303406,215,146
165,5500,12,0.2565186619758606,0.26995453238487244,0.041569650173187256,0.9990097880363464,246,145
165,5500,13,0.22609807550907135,0.38394299149513245,-0.15049752593040466,0.9697100520133972,217,207
165,5500,14,0.2537820339202881,0.3761026859283447,0.04546375200152397,0.012496113777160645,243,203
165,5500,15,0.2124153971672058,0.4751644432544708,-0.13622461259365082,0.8739176392555237,203,256
165,5500,16,0.2377142310142517,0.46322348713874817,0.030616922304034233,0.006011787801980972,228,250
165,5500,17,0.2105059176683426,0.5039535164833069,-0.14846184849739075,0.8328140377998352,202,272
165,5500,18,0.23247972130775452,0.48320794105529785,0.03219285607337952,0.009512664750218391,223,260
165,5500,19,0.2075929492712021,0.505867600440979,-0.14553190767765045,0.8229683637619019,199,273
165,5500,20,0.22801987826824188,0.48299819231033325,0.01944061368703842,0.009145600721240044,218,260
165,5500,21,0.2079494595527649,0.49541768431663513,-0.13356560468673706,0.7126718163490295,199,267
165,5500,22,0.2298036366701126,0.4758681654930115,0.02397824451327324,0.009654123336076736,220,256
165,5500,23,0.22771014273166656,0.4757136106491089,-0.05565381795167923,0.9999586939811707,218,256
165,5500,24,0.2544853091239929,0.4693622589111328,0.05557896941900253,0.9999069571495056,244,253
165,5500,25,0.20069439709186554,0.6009536981582642,0.004550541751086712,0.8982483148574829,192,324
165,5500,26,0.2488812655210495,0.5974977016448975,0.0944603830575943,0.3147158622741699,238,322
165,5500,27,0.23116646707057953,0.702403724193573,0.07625766843557358,0.896480143070221,221,379
165,5500,28,0.26580458879470825,0.7359960079193115,0.09924440830945969,0.6117939352989197,255,397
165,5500,29,0.24256016314029694,0.7175568342208862,0.08200599998235703,0.7967805862426758,232,387
165,5500,30,0.27534279227256775,0.7607138156890869,0.09956720471382141,0.6422442197799683,264,410
165,5500,31,0.2084617018699646,0.7404460906982422,0.07773546129465103,0.8624337911605835,200,399
165,5500,32,0.24137566983699799,0.7736808657646179,0.08233865350484848,0.6437496542930603,231,417
166,5533,0,0.2093132585287094,0.2188640683889389,-0.02825907990336418,0.9967795610427856,200,118
166,5533,1,0.2069535255432129,0.2098434567451477,-0.04609345272183418,0.9959883093833923,198,113
166,5533,2,0.20587654411792755,0.21046215295791626,-0.04621222987771034,0.9962003827095032,197,113
166,5533,3,0.20463499426841736,0.21121786534786224,-0.04616585001349449,0.9971279501914978,196,114
166,5533,4,0.2115800529718399,0.20683255791664124,-0.02854936197400093,0.9959083795547485,203,111
166,5533,5,0.21367931365966797,0.20544296503067017,-0.0287383571267128,0.9963976740837097,205,110
166,5533,6,0.21602247655391693,0.20398205518722534,-0.02882673777639866,0.9971112012863159,207,110
166,5533,7,0.20694977045059204,0.21561124920845032,-0.09432248026132584,0.9987040162086487,198,116
166,5533,8,0.2229555994272232,0.20563696324825287,-0.015422401949763298,0.9956226944923401,214,111
166,5533,9,0.21104291081428528,0.2298935055732727,-0.04026367515325546,0.9966831803321838,202,124
166,5533,10,0.2146461457014084,0.22742824256420135,-0.01874791458249092,0.994737982749939,206,122
166,5533,11,0.21919305622577667,0.2718607485294342,-0.14633063971996307,0.9999733567237854,210,146
166,5533,12,0.24691060185432434,0.2703811526298523,0.04712682217359543,0.998889148235321,237,146
166,5533,13,0.2212238758802414,0.3842529058456421,-0.1715822070837021,0.9719315767288208,212,207
166,5533,14,0.2518226206302643,0.37611743807792664,0.06246386468410492,0.014441492035984993,241,203
166,5533,15,0.21242298185825348,0.47610434889793396,-0.161343514919281,0.878506064414978,203,257
166,5533,16,0.23987887799739838,0.459651917219162,0.03952048346400261,0.005841095000505447,230,248
166,5533,17,0.21054388582706451,0.504272997379303,-0.17592743039131165,0.8373071551322937,202,272
166,5533,18,0.23627923429012299,0.48329541087150574,0.037743136286735535,0.009096486493945122,226,260
166,5533,19,0.20782610774040222,0.5058700442314148,-0.1778726875782013,0.8277795314788818,199,273
166,5533,20,0.23325757682323456,0.4832080900669098,0.0227963924407959,0.008756792172789574,223,260
166,5533,21,0.20798198878765106,0.49496322870254517,-0.16018719971179962,0.7188904881477356,199,267
166,5533,22,0.2348330169916153,0.47586607933044434,0.03151153028011322,0.009253726340830326,225,256
166,5533,23,0.23153896629810333,0.47845539450645447,-0.057615622878074646,0.999942421913147,222,258
166,5533,24,0.2404593527317047,0.4746994078159332,0.05764948949217796,0.9998671412467957,230,256
166,5533,25,0.2249853014945984,0.602601170539856,-0.02108805999159813,0.9045621752738953,215,325
166,5533,26,0.20999707281589508,0.5994762182235718,0.07252749055624008,0.3086639642715454,201,323
166,5533,27,0.2489834874868393,0.7313782572746277,0.026424061506986618,0.9053101539611816,239,394
166,5533,28,0.2298441082239151,0.7508241534233093,0.0974750891327858,0.6080285310745239,220,405
166,5533,29,0.2602607309818268,0.7803671956062317,0.028704261407256126,0.8118565678596497,249,421
166,5533,30,0.24158845841884613,0.7783205509185791,0.09798789769411087,0.6456562280654907,231,420
166,5533,31,0.21123313903808594,0.76629239320755,-0.0063456944189965725,0.8731451630592346,202,413
166,5533,32,0.19877028465270996,0.7809398174285889,0.06586546450853348,0.6436173319816589,190,421
167,5566,0,0.2062004953622818,0.21936185657978058,-0.048666033893823624,0.9961084127426147,197,118
167,5566,1,0.2038947492837906,0.21003949642181396,-0.06536878645420074,0.9952101111412048,195,113
167,5566,2,0.20284824073314667,0.21059550344944,-0.06549983471632004,0.9954972267150879,194,113
167,5566,3,0.2016572654247284,0.21128830313682556,-0.06546191871166229,0.996568500995636,193,114
167,5566,4,0.2082979828119278,0.207144632935524,-0.046724218875169754,0.9952202439308167,199,111
167,5566,5,0.21056747436523438,0.20556682348251343,-0.04692224785685539,0.9958450794219971,202,111
167,5566,6,0.21253067255020142,0.20403100550174713,-0.04702053964138031,0.996616005897522,204,110
167,5566,7,0.2051522433757782,0.21575608849525452,-0.10731184482574463,0.9984503984451294,196,116
167,5566,8,0.219048410654068,0.20600087940692902,-0.022970667108893394,0.9950146079063416,210,111
167,5566,9,0.20812205970287323,0.2299886792898178,-0.05850764736533165,0.9961380362510681,199,124
167,5566,10,0.21195727586746216,0.2276986986398697,-0.035474732518196106,0.994025468826294,203,122
167,5566,11,0.22105559706687927,0.2715620696544647,-0.15398383140563965,0.9999682903289795,212,146
167,5566,12,0.2413751631975174,0.2704614996910095,0.046111710369586945,0.9986316561698914,231,146
167,5566,13,0.22235016524791718,0.3837868869304657,-0.18905025720596313,0.9734803438186646,213,207
167,5566,14,0.2484370619058609,0.3822741210460663,0.0630243644118309,0.01435270719230175,238,206
167,5566,15,0.21289831399917603,0.47849273681640625,-0.19086076319217682,0.8813126087188721,204,258
167,5566,16,0.23106561601161957,0.47047463059425354,0.02888661064207554,0.005542720668017864,221,254
167,5566,17,0.21058440208435059,0.5054487586021423,-0.2078886181116104,0.8393890261650085,202,272
167,5566,18,0.22600221633911133,0.49324607849121094,0.025642642751336098,0.008561835624277592,216,266
167,5566,19,0.2079937607049942,0.508000373840332,-0.2091953605413437,0.8301159143447876,199,274
167,5566,20,0.2230488806962967,0.4952014982700348,0.008093132637441158,0.008259152062237263,214,267
167,5566,21,0.20817914605140686,0.4973660409450531,-0.18978410959243774,0.7211707234382629,199,268
167,5566,22,0.22514578700065613,0.48659446835517883,0.019423676654696465,0.008736927062273026,216,262
167,5566,23,0.2312626987695694,0.4782384932041168,-0.0578894168138504,0.9999212026596069,222,258
167,5566,24,0.2402307093143463,0.47577226161956787,0.05797993019223213,0.9998114109039307,230,256
167,5566,25,0.2272540181875229,0.6036183834075928,-0.030599238350987434,0.9041892290115356,218,325
167,5566,26,0.21034185588359833,0.5995219349861145,0.06269668787717819,0.2884836196899414,201,323
167,5566,27,0.22896400094032288,0.7493640780448914,0.010580829344689846,0.9113029837608337,219,404
167,5566,28,0.23220592737197876,0.7588586211204529,0.09657428413629532,0.5836685299873352,222,409
167,5566,29,0.2526220679283142,0.7887849807739258,0.005511164665222168,0.8215456604957581,242,425
167,5566,30,0.24278447031974792,0.7861716747283936,0.09751877188682556,0.6287373900413513,233,424
167,5566,31,0.20621638000011444,0.7843935489654541,-0.06585392355918884,0.8801577687263489,197,423
167,5566,32,0.20306119322776794,0.7916479110717773,0.045132387429475784,0.6256163120269775,194,427
168,5600,0,0.19798995554447174,0.21970266103744507,-0.033070389181375504,0.9962906837463379,190,118
168,5600,1,0.19607877731323242,0.21013186872005463,-0.04959448426961899,0.9954344034194946,188,113
168,5600,2,0.1953737884759903,0.2107430249452591,-0.049729205667972565,0.9957160949707031,187,113
168,5600,3,0.19446374475955963,0.21145077049732208,-0.04969478398561478,0.9967296719551086,186,114
168,5600,4,0.19962938129901886,0.20776142179965973,-0.031434107571840286,0.9954180121421814,191,112
168,5600,5,0.2013290524482727,0.20659594237804413,-0.03162515163421631,0.9960102438926697,193,111
168,5600,6,0.20288154482841492,0.205555722117424,-0.03168422728776932,0.9967283010482788,194,111
168,5600,7,0.19780509173870087,0.2158229649066925,-0.09113656729459763,0.9985384941101074,189,116
168,5600,8,0.21017947793006897,0.20650538802146912,-0.0095419492572546,0.995200514793396,201,111
168,5600,9,0.2003907710313797,0.23024648427963257,-0.042421914637088776,0.996252179145813,192,124
168,5600,10,0.2028384506702423,0.22878548502922058,-0.02007758989930153,0.994149923324585,194,123
168,5600,11,0.21046067774295807,0.27166250348091125,-0.1419680118560791,0.9999687671661377,202,146
168,5600,12,0.22967106103897095,0.27055737376213074,0.05358109250664711,0.998396098613739,220,146
168,5600,13,0.21591486036777496,0.3804979920387268,-0.17492100596427917,0.9746378660202026,207,205
168,5600,14,0.23334380984306335,0.3812502920627594,0.08059395849704742,0.013054417446255684,224,205
168,5600,15,0.20966142416000366,0.4785137176513672,-0.1680522859096527,0.8864167332649231,201,258
168,5600,16,0.2272227257490158,0.46776747703552246,0.04181080684065819,0.005178265273571014,218,252
168,5600,17,0.2098894566297531,0.5056120157241821,-0.1843319684267044,0.8455730676651001,201,273
168,5600,18,0.22754862904548645,0.49245044589042664,0.03184925764799118,0.008078794926404953,218,265
168,5600,19,0.20717398822307587,0.5090076923370361,-0.18402346968650818,0.8364867568016052,198,274
168,5600,20,0.22304558753967285,0.494588166475296,0.012127125635743141,0.00781537126749754,214,267
168,5600,21,0.20632454752922058,0.4983491599559784,-0.1661149561405182,0.7296315431594849,198,269
168,5600,22,0.2228771597146988,0.4861380159854889,0.02962455525994301,0.008267100900411606,213,262
168,5600,23,0.22562560439109802,0.48356741666793823,-0.05839509516954422,0.999911904335022,216,261
168,5600,24,0.22878895699977875,0.48254987597465515,0.05845101177692413,0.9997791647911072,219,260
168,5600,25,0.23423413932323456,0.6135781407356262,-0.016861312091350555,0.9078699946403503,224,331
168,5600,26,0.19436544179916382,0.6047954559326172,0.05894457548856735,0.27908679842948914,186,326
168,5600,27,0.24914927780628204,0.7480508685112,0.03339952230453491,0.9160823822021484,239,403
168,5600,28,0.1855614185333252,0.7582706212997437,0.09527060389518738,0.5765194892883301,178,409
168,5600,29,0.26761212944984436,0.7786609530448914,0.033300355076789856,0.8239973783493042,256,420
168,5600,30,0.1895279884338379,0.7894307374954224,0.09653297811746597,0.6181401014328003,181,426
168,5600,31,0.22321707010269165,0.7834703326225281,-0.034249771386384964,0.8858481049537659,214,423
168,5600,32,0.1462194323539734,0.7891048789024353,0.03969326987862587,0.6256908774375916,140,426
169,5633,0,0.1944545954465866,0.21997001767158508,-0.056577496230602264,0.9965419769287109,186,118
169,5633,1,0.1945820301771164,0.20980964601039886,-0.07045933604240417,0.9957351684570312,186,113
169,5633,2,0.19468815624713898,0.21002990007400513,-0.07060334086418152,0.9959942698478699,186,113
169,5633,3,0.194623202085495,0.2102837860584259,-0.0705605000257492,0.9969354271888733,186,113
169,5633,4,0.19532322883605957,0.20795908570289612,-0.05063394457101822,0.99571293592453,187,112
169,5633,5,0.19586075842380524,0.20668309926986694,-0.05084327980875969,0.9962565898895264,188,111
169,5633,6,0.19626665115356445,0.2058262825012207,-0.05091462656855583,0.996919572353363,188,111
169,5633,7,0.19915726780891418,0.2140355408191681,-0.09596483409404755,0.9986244440078735,191,115
169,5633,8,0.20270107686519623,0.20683443546295166,-0.007539207581430674,0.9954203963279724,194,111
169,5633,9,0.19875456392765045,0.2303307205438614,-0.0600910522043705,0.9963910579681396,190,124
169,5633,10,0.19826418161392212,0.22899284958839417,-0.03555893152952194,0.9943282604217529,190,123
169,5633,11,0.2138245552778244,0.2700763940811157,-0.1395525336265564,0.999968945980072,205,145
169,5633,12,0.220214381814003,0.2708437144756317,0.07107208669185638,0.9983153939247131,211,146
169,5633,13,0.21818098425865173,0.37755340337753296,-0.17303366959095,0.9754968285560608,209,203
169,5633,14,0.22312501072883606,0.38123077154159546,0.10041187703609467,0.012006421573460102,214,205
169,5633,15,0.20810022950172424,0.47777026891708374,-0.17095422744750977,0.8891351222991943,199,257
169,5633,16,0.2188173085451126,0.46714428067207336,0.05262117087841034,0.005102267488837242,210,252
169,5633,17,0.20936699211597443,0.5049017071723938,-0.18937347829341888,0.8480546474456787,200,272
169,5633,18,0.21768689155578613,0.4929751455783844,0.04030129685997963,0.00804660189896822,208,266
169,5633,19,0.20577573776245117,0.5081963539123535,-0.18980321288108826,0.839148759841919,197,274
169,5633,20,0.21280990540981293,0.49533504247665405,0.017033394426107407,0.007832936011254787,204,267
169,5633,21,0.2047702670097351,0.49823614954948425,-0.16934378445148468,0.7329292893409729,196,269
169,5633,22,0.2122422158718109,0.48692813515663147,0.03906125947833061,0.008265477605164051,203,262
169,5633,23,0.22687791287899017,0.4834687411785126,-0.05939285084605217,0.9999080300331116,217,261
169,5633,24,0.22401948273181915,0.484554260969162,0.059472717344760895,0.9997687935829163,215,261
169,5633,25,0.23641832172870636,0.614020586013794,-0.022051045671105385,0.9113864898681641,226,331
169,5633,26,0.19113776087760925,0.605626106262207,0.06163002550601959,0.27838069200515747,183,327
169,5633,27,0.25653064250946045,0.7472111582756042,0.024484824389219284,0.920693576335907,246,403
169,5633,28,0.18291766941547394,0.7575785517692566,0.10172101110219955,0.5748651623725891,175,409
169,5633,29,0.27322039008140564,0.7770100235939026,0.02443435601890087,0.8268608450889587,262,419
169,5633,30,0.18715490400791168,0.790434718132019,0.10252001881599426,0.6128142476081848,179,426
169,5633,31,0.22997139394283295,0.7835947275161743,-0.04133937507867813,0.8912855386734009,220,423
169,5633,32,0.14466828107833862,0.7886541485786438,0.04301469027996063,0.6287831664085388,138,425
170,5666,0,0.19086894392967224,0.2230987250804901,0.005689206533133984,0.9968511462211609,183,120
170,5666,1,0.18815907835960388,0.2132086306810379,-0.012861019000411034,0.9961313009262085,180,115
170,5666,2,0.18683847784996033,0.21363991498947144,-0.012998978607356548,0.9963695406913757,179,115
170,5666,3,0.18543417751789093,0.21415574848651886,-0.012952828779816628,0.9972227811813354,178,115
170,5666,4,0.1931559145450592,0.21068909764289856,0.003234918462112546,0.9961119294166565,185,113
170,5666,5,0.195315882563591,0.20919157564640045,0.0030585702043026686,0.9966055750846863,187,112
170,5666,6,0.1974228322505951,0.20798206329345703,0.003041438991203904,0.9972017407417297,189,112
170,5666,7,0.18779072165489197,0.21805502474308014,-0.06809226423501968,0.998755156993866,180,117
170,5666,8,0.2032356709241867,0.20931072533130646,0.005522682797163725,0.9958449006080627,195,113
170,5666,9,0.19184933602809906,0.23414216935634613,-0.008622138760983944,0.9967247843742371,184,126
170,5666,10,0.19576434791088104,0.23146183788776398,0.011112545616924763,0.9948482513427734,187,124
170,5666,11,0.20047280192375183,0.2746332287788391,-0.12368324398994446,0.9999712109565735,192,148
170,5666,12,0.22361794114112854,0.2720378041267395,0.07232336699962616,0.9984319806098938,214,146
170,5666,13,0.20254988968372345,0.38116759061813354,-0.16206662356853485,0.9765152335166931,194,205
170,5666,14,0.2205311357975006,0.3846074044704437,0.08686596900224686,0.011940209195017815,211,207
170,5666,15,0.2013089954853058,0.47912609577178955,-0.16488268971443176,0.896221399307251,193,258
170,5666,16,0.21121807396411896,0.4667600095272064,0.04726496711373329,0.007303689606487751,202,252
170,5666,17,0.20317433774471283,0.5078687071800232,-0.18225522339344025,0.8580794334411621,195,274
170,5666,18,0.20974288880825043,0.4863998293876648,0.04130313917994499,0.012001772411167622,201,262
170,5666,19,0.2012554556131363,0.512177050113678,-0.1867886632680893,0.8498307466506958,193,276
170,5666,20,0.20638300478458405,0.4874286651611328,0.023840662091970444,0.01185914222151041,198,263
170,5666,21,0.20117206871509552,0.5008408427238464,-0.1656528264284134,0.7506116032600403,193,270
170,5666,22,0.20555204153060913,0.4816402196884155,0.037226222455501556,0.011969808489084244,197,260
170,5666,23,0.20547427237033844,0.486508846282959,-0.05961858853697777,0.9999134540557861,197,262
170,5666,24,0.228444904088974,0.48477596044540405,0.059659428894519806,0.9997827410697937,219,261
170,5666,25,0.18228307366371155,0.6223307847976685,0.019509293138980865,0.9194920659065247,174,336
170,5666,26,0.23126237094402313,0.6063335537910461,0.0871063694357872,0.3269442617893219,222,327
170,5666,27,0.15648455917835236,0.7571361064910889,0.053965501487255096,0.9284722805023193,150,408
170,5666,28,0.25652414560317993,0.7567754983901978,0.12225781381130219,0.6145737171173096,246,408
170,5666,29,0.16056901216506958,0.7895686626434326,0.05341625586152077,0.8436751961708069,154,426
170,5666,30,0.2702528238296509,0.7890520095825195,0.12355442345142365,0.6491296887397766,259,426
170,5666,31,0.11159351468086243,0.7724665999412537,0.0059937830083072186,0.9017469882965088,107,417
170,5666,32,0.22275419533252716,0.7879921197891235,0.09296245127916336,0.6627153158187866,213,425
171,5700,0,0.18972806632518768,0.2243042141199112,-0.004204370081424713,0.9971064329147339,182,121
171,5700,1,0.1867211014032364,0.21455232799053192,-0.023687118664383888,0.9964678883552551,179,115
171,5700,2,0.18517687916755676,0.2150513380765915,-0.023837830871343613,0.9966873526573181,177,116
171,5700,3,0.18367555737495422,0.21518434584140778,-0.023783881217241287,0.997467577457428,176,116
171,5700,4,0.19231270253658295,0.21189849078655243,-0.005097546149045229,0.996454656124115,184,114
171,5700,5,0.19429932534694672,0.2104538232088089,-0.005279555916786194,0.9969043731689453,186,113
171,5700,6,0.1967460960149765,0.20904655754566193,-0.005310280714184046,0.9974435567855835,188,112
171,5700,7,0.1867198646068573,0.2199103683233261,-0.08086656033992767,0.9988647103309631,179,118
171,5700,8,0.20210522413253784,0.21046768128871918,0.002164644654840231,0.9962019920349121,194,113
171,5700,9,0.1901579201221466,0.23510214686393738,-0.019673313945531845,0.9969984292984009,182,126
171,5700,10,0.1946580559015274,0.23278261721134186,0.003257341217249632,0.995278000831604,186,125
171,5700,11,0.1996542513370514,0.2768632769584656,-0.13616542518138885,0.9999715685844421,191,149
171,5700,12,0.22393570840358734,0.27407771348953247,0.07124058157205582,0.9984967708587646,214,148
171,5700,13,0.1996154487133026,0.38444334268569946,-0.16902875900268555,0.9773494005203247,191,207
171,5700,14,0.22136573493480682,0.38478460907936096,0.08654122799634933,0.012033514678478241,212,207
171,5700,15,0.20069685578346252,0.4813869297504425,-0.1601303368806839,0.8962275385856628,192,259
171,5700,16,0.21465322375297546,0.46820810437202454,0.04877087101340294,0.008524231612682343,206,252
171,5700,17,0.2031484693288803,0.5089898109436035,-0.17630048096179962,0.8580269813537598,195,274
171,5700,18,0.21581760048866272,0.48865893483161926,0.04202043637633324,0.01398584432899952,207,263
171,5700,19,0.20127303898334503,0.5150539875030518,-0.17751698195934296,0.8496902585029602,193,278
171,5700,20,0.21025116741657257,0.4960037171840668,0.025178031995892525,0.0138282161206007,201,267
171,5700,21,0.20072436332702637,0.5037741661071777,-0.15923739969730377,0.7527885437011719,192,272
171,5700,22,0.21243080496788025,0.4881432354450226,0.03853074461221695,0.013942942023277283,203,263
171,5700,23,0.20340964198112488,0.4893397092819214,-0.06166715919971466,0.9999192953109741,195,264
171,5700,24,0.2293415069580078,0.48460376262664795,0.061675943434238434,0.9997992515563965,220,261
171,5700,25,0.17883417010307312,0.627667248249054,0.02808315120637417,0.9267934560775757,171,338
171,5700,26,0.23869848251342773,0.6069952845573425,0.09253934025764465,0.3750039339065552,229,327
171,5700,27,0.154246985912323,0.7625181078910828,0.07965794950723648,0.9354371428489685,148,411
171,5700,28,0.26822933554649353,0.7563953995704651,0.1330590546131134,0.6496254801750183,257,408
171,5700,29,0.1579340100288391,0.7927643656730652,0.08082924783229828,0.8585943579673767,151,428
171,5700,30,0.2804248631000519,0.7886019945144653,0.1349664330482483,0.681077241897583,269,425
171,5700,31,0.10865751653909683,0.7671884298324585,0.031480852514505386,0.9109641313552856,104,414
171,5700,32,0.23513665795326233,0.7874000072479248,0.10274676978588104,0.6921178102493286,225,425
172,5733,0,0.17980773746967316,0.22438807785511017,-0.02536361664533615,0.9969450831413269,172,121
172,5733,1,0.17844036221504211,0.2145882397890091,-0.043479595333337784,0.9959614276885986,171,115
172,5733,2,0.17740671336650848,0.21508190035820007,-0.043615031987428665,0.9961418509483337,170,116
172,5733,3,0.17628082633018494,0.21525372564792633,-0.04357076808810234,0.9970157742500305,169,116
172,5733,4,0.18285562098026276,0.212003692984581,-0.02367321588099003,0.9960996508598328,175,114
172,5733,5,0.18477222323417664,0.21064196527004242,-0.02387375198304653,0.9966366291046143,177,113
172,5733,6,0.18668261170387268,0.20931151509284973,-0.023928632959723473,0.9972765445709229,179,113
172,5733,7,0.17857426404953003,0.2199646681547165,-0.08827317506074905,0.9986850023269653,171,118
172,5733,8,0.19211816787719727,0.21127250790596008,0.0002658480661921203,0.996032178401947,184,114
172,5733,9,0.1809077113866806,0.2352585643529892,-0.03596017509698868,0.9967848658561707,173,127
172,5733,10,0.18441016972064972,0.23299215734004974,-0.011278853751718998,0.9951302409172058,177,125
172,5733,11,0.19321471452713013,0.27841630578041077,-0.13763611018657684,0.9999716281890869,185,150
172,5733,12,0.2048448622226715,0.27462419867515564,0.07215667515993118,0.9985619187355042,196,148
172,5733,13,0.19893822073936462,0.38665926456451416,-0.17064021527767181,0.9743368625640869,190,208
172,5733,14,0.2102503776550293,0.39267265796661377,0.09579119086265564,0.011189944110810757,201,212
172,5733,15,0.19851551949977875,0.48217299580574036,-0.1629200428724289,0.8680630326271057,190,260
172,5733,16,0.2082115262746811,0.4842650890350342,0.05526047945022583,0.00824290793389082,199,261
172,5733,17,0.20024678111076355,0.511084794998169,-0.18055014312267303,0.8251947164535522,192,275
172,5733,18,0.20851430296897888,0.5075943470001221,0.04742756113409996,0.013475424610078335,200,274
172,5733,19,0.19890247285366058,0.516326367855072,-0.1814384013414383,0.8149327039718628,190,278
172,5733,20,0.20322343707084656,0.5105545520782471,0.02833099476993084,0.013358441181480885,195,275
172,5733,21,0.19827239215373993,0.5049648284912109,-0.16168184578418732,0.7117775678634644,190,272
172,5733,22,0.20402836799621582,0.5006310343742371,0.04469858855009079,0.013448316603899002,195,270
172,5733,23,0.20404168963432312,0.4885100722312927,-0.061699338257312775,0.9999204874038696,195,263
172,5733,24,0.20666296780109406,0.48748525977134705,0.06170223653316498,0.99980628490448,198,263
172,5733,25,0.22084000706672668,0.626132071018219,0.0057854605838656425,0.9296505451202393,212,338
172,5733,26,0.17235426604747772,0.6194638013839722,0.07262171059846878,0.3686065673828125,165,334
172,5733,27,0.25317123532295227,0.7573121786117554,0.05536293238401413,0.9390317797660828,243,408
172,5733,28,0.14301349222660065,0.755696177482605,0.11969239264726639,0.6540554165840149,137,408
172,5733,29,0.2636248767375946,0.7850726842880249,0.05780329555273056,0.8529983162879944,253,423
172,5733,30,0.14339791238307953,0.7884941697120667,0.12047384679317474,0.6732861399650574,137,425
172,5733,31,0.21559473872184753,0.7739549875259399,-0.03102549910545349,0.9151581525802612,206,417
172,5733,32,0.11001934111118317,0.7872026562690735,0.06505312770605087,0.7004132270812988,105,425
173,5766,0,0.17850230634212494,0.2260337769985199,-0.015600130893290043,0.9972176551818848,171,122
173,5766,1,0.1760258972644806,0.21684490144252777,-0.03427358716726303,0.996337890625,168,117
173,5766,2,0.17476792633533478,0.2174513190984726,-0.034395813941955566,0.996501088142395,167,117
173,5766,3,0.17350086569786072,0.2179609090089798,-0.03433689847588539,0.9972930550575256,166,117
173,5766,4,0.18072332441806793,0.21431374549865723,-0.016766462475061417,0.9964690804481506,173,115
173,5766,5,0.18247726559638977,0.21317650377750397,-0.01696052961051464,0.9969556331634521,175,115
173,5766,6,0.18494783341884613,0.21191751956939697,-0.0169911477714777,0.9975335597991943,177,114
173,5766,7,0.1764163076877594,0.22231775522232056,-0.08591268211603165,0.9988061189651489,169,120
173,5766,8,0.19051173329353333,0.21409392356872559,-0.0015284526161849499,0.9964078664779663,182,115
173,5766,9,0.17949745059013367,0.23646622896194458,-0.029982149600982666,0.9970697164535522,172,127
173,5766,10,0.18307267129421234,0.23433765769004822,-0.007954609580338001,0.995573103427887,175,126
173,5766,11,0.1889178603887558,0.2806357145309448,-0.13470500707626343,0.9999719262123108,181,151
173,5766,12,0.21074335277080536,0.2758796215057373,0.05830853432416916,0.9986777901649475,202,148
173,5766,13,0.1904454529285431,0.39587682485580444,-0.16565416753292084,0.9743769764900208,182,213
173,5766,14,0.2102382630109787,0.3937671184539795,0.07759818434715271,0.014993628486990929,201,212
173,5766,15,0.19280529022216797,0.48752865195274353,-0.14785578846931458,0.8705615997314453,185,263
173,5766,16,0.21107915043830872,0.4843808710575104,0.05474787577986717,0.023406075313687325,202,261
173,5766,17,0.1953306794166565,0.5148888230323792,-0.16024944186210632,0.8300174474716187,187,278
173,5766,18,0.21302059292793274,0.5128417611122131,0.04786207899451256,0.03249049186706543,204,276
173,5766,19,0.19309736788272858,0.5196928381919861,-0.16111454367637634,0.8201091289520264,185,280
173,5766,20,0.20680750906467438,0.5156276822090149,0.02853785827755928,0.03213649243116379,198,278
173,5766,21,0.19258704781532288,0.5110498070716858,-0.14635612070560455,0.7210049033164978,184,275
173,5766,22,0.2065104991197586,0.5045050382614136,0.04477153718471527,0.03061908669769764,198,272
173,5766,23,0.19503554701805115,0.49098122119903564,-0.060541559010744095,0.9999248385429382,187,265
173,5766,24,0.21711403131484985,0.4878259301185608,0.060504328459501266,0.9998208284378052,208,263
173,5766,25,0.17343394458293915,0.6281845569610596,0.03538274019956589,0.9358764886856079,166,339
173,5766,26,0.2169550061225891,0.6189772486686707,0.08407338708639145,0.41814643144607544,208,334
173,5766,27,0.14204280078411102,0.7573640942573547,0.0835893377661705,0.9449913501739502,136,408
173,5766,28,0.24995659291744232,0.7552258372306824,0.12808045744895935,0.6868896484375,239,407
173,5766,29,0.1422511637210846,0.7881627678871155,0.08497314155101776,0.867294430732727,136,425
173,5766,30,0.2615445554256439,0.7859124541282654,0.13049373030662537,0.7044116258621216,251,424
173,5766,31,0.10001150518655777,0.7588891983032227,0.044559892266988754,0.9231777787208557,96,409
173,5766,32,0.21769794821739197,0.7862990498542786,0.10547623783349991,0.7277815937995911,208,424
174,5800,0,0.1692499965429306,0.230185866355896,-0.016800034791231155,0.9972084164619446,162,124
174,5800,1,0.1670592874288559,0.2203226238489151,-0.03454622998833656,0.9962021112442017,160,118
174,5800,2,0.16585899889469147,0.22069256007671356,-0.034672144800424576,0.9963524341583252,159,119
174,5800,3,0.1645350158214569,0.22136704623699188,-0.03462228551506996,0.997157096862793,157,119
174,5800,4,0.1718161404132843,0.21788473427295685,-0.01665104739367962,0.9963615536689758,164,117
174,5800,5,0.17381466925144196,0.21682344377040863,-0.016849180683493614,0.9968741536140442,166,117
174,5800,6,0.17635732889175415,0.2155429571866989,-0.016890112310647964,0.9974809288978577,169,116
174,5800,7,0.16724003851413727,0.22694388031959534,-0.08407779783010483,0.9987477660179138,160,122
174,5800,8,0.1826171576976776,0.21749918162822723,0.0013084609527140856,0.9963403344154358,175,117
174,5800,9,0.1707897037267685,0.24062776565551758,-0.02901224046945572,0.9969285726547241,163,129
174,5800,10,0.17454391717910767,0.23897422850131989,-0.00684370519593358,0.99543696641922,167,129
174,5800,11,0.1802208423614502,0.2851311266422272,-0.12923674285411835,0.9999732375144958,173,153
174,5800,12,0.19912248849868774,0.28114262223243713,0.06755924224853516,0.9987033605575562,191,151
174,5800,13,0.18607622385025024,0.3971865773200989,-0.1596236377954483,0.9721850156784058,178,214
174,5800,14,0.20805318653583527,0.39477989077568054,0.08735508471727371,0.013600572012364864,199,213
174,5800,15,0.19507597386837006,0.4921196699142456,-0.1481604278087616,0.8509562611579895,187,265
174,5800,16,0.20670707523822784,0.4816209673881531,0.05877552926540375,0.02118726074695587,198,260
174,5800,17,0.1968587338924408,0.5196937918663025,-0.16130462288856506,0.8079899549484253,188,280
174,5800,18,0.20895756781101227,0.511108934879303,0.053280308842659,0.029464365914463997,200,275
174,5800,19,0.19477984309196472,0.5253910422325134,-0.1618065983057022,0.7961062788963318,186,283
174,5800,20,0.20337286591529846,0.5147905945777893,0.036630403250455856,0.029144326224923134,195,277
174,5800,21,0.19479216635227203,0.5149934887886047,-0.1466483175754547,0.691161572933197,187,278
174,5800,22,0.20293883979320526,0.5010011196136475,0.04945629835128784,0.027788151055574417,194,270
174,5800,23,0.19561699032783508,0.4912973940372467,-0.059503909200429916,0.9999289512634277,187,265
174,5800,24,0.2010727971792221,0.4907241761684418,0.05950373411178589,0.9998304843902588,193,264
174,5800,25,0.214486226439476,0.6274805665016174,0.0016456377925351262,0.9382383823394775,205,338
174,5800,26,0.16191686689853668,0.627109169960022,0.05286907032132149,0.40338361263275146,155,338
174,5800,27,0.2513653337955475,0.7557373046875,0.057500071823596954,0.946992814540863,241,408
174,5800,28,0.12933723628520966,0.759033203125,0.08134238421916962,0.682551920413971,124,409
174,5800,29,0.2638258635997772,0.7822670340538025,0.056754257529973984,0.8607982993125916,253,422
174,5800,30,0.1310066282749176,0.7914974093437195,0.08070920407772064,0.6907561421394348,125,427
174,5800,31,0.2181181013584137,0.7704203128814697,-0.017512643709778786,0.925445556640625,209,416
174,5800,32,0.08603022247552872,0.7639928460121155,0.02985612489283085,0.7290424704551697,82,412
175,5833,0,0.1689852923154831,0.23214949667453766,-0.023665225133299828,0.997298002243042,162,125
175,5833,1,0.16544805467128754,0.2227180153131485,-0.04083002358675003,0.9962316155433655,158,120
175,5833,2,0.1638656109571457,0.22338226437568665,-0.04095827788114548,0.9963673949241638,157,120
175,5833,3,0.16232436895370483,0.22423867881298065,-0.04091658815741539,0.9971649646759033,155,121
175,5833,4,0.1707654446363449,0.2198035567998886,-0.023459410294890404,0.9964338541030884,163,118
175,5833,5,0.17257758975028992,0.218609020113945,-0.023664342239499092,0.9969491958618164,165,118
175,5833,6,0.1751348376274109,0.21709871292114258,-0.023717157542705536,0.9975503087043762,168,117
175,5833,7,0.16498114168643951,0.2296343445777893,-0.08545459061861038,0.9987557530403137,158,124
175,5833,8,0.18084970116615295,0.21897469460964203,-0.0048177908174693584,0.996473491191864,173,118
175,5833,9,0.16955237090587616,0.24277304112911224,-0.034247782081365585,0.9970036745071411,162,131
175,5833,10,0.17386075854301453,0.24099192023277283,-0.012726893648505211,0.9955946207046509,166,130
175,5833,11,0.18126405775547028,0.2885380983352661,-0.12885232269763947,0.9999741315841675,174,155
175,5833,12,0.19958257675170898,0.28402331471443176,0.062170740216970444,0.9987509846687317,191,153
175,5833,13,0.18653292953968048,0.3996416926383972,-0.15885019302368164,0.9701784253120422,179,215
175,5833,14,0.2038000375032425,0.401068776845932,0.0808594673871994,0.012485618703067303,195,216
175,5833,15,0.1940009444952011,0.4919760823249817,-0.15113861858844757,0.8379986882209778,186,265
175,5833,16,0.20137739181518555,0.48199987411499023,0.04976629838347435,0.01940099149942398,193,260
175,5833,17,0.19802364706993103,0.5232489109039307,-0.16700264811515808,0.7928618788719177,190,282
175,5833,18,0.2032509297132492,0.5100865960121155,0.044045865535736084,0.02706293761730194,195,275
175,5833,19,0.19503183662891388,0.5252728462219238,-0.16908468306064606,0.7796309590339661,187,283
175,5833,20,0.200593039393425,0.5128673911094666,0.028421500697731972,0.02676987461745739,192,276
175,5833,21,0.19448427855968475,0.5159517526626587,-0.15053300559520721,0.6694959998130798,186,278
175,5833,22,0.2000429779291153,0.5046065449714661,0.0409238263964653,0.025538036599755287,192,272
175,5833,23,0.1939457505941391,0.49312275648117065,-0.0578896589577198,0.9999316930770874,186,266
175,5833,24,0.19879330694675446,0.49429288506507874,0.057898521423339844,0.9998375177383423,190,266
175,5833,25,0.21119022369384766,0.6418732404708862,-0.006576326675713062,0.9394960999488831,202,346
175,5833,26,0.157330721616745,0.6301159858703613,0.05923215672373772,0.38117995858192444,151,340
175,5833,27,0.24440522491931915,0.7683324217796326,0.043463099747896194,0.9487027525901794,234,414
175,5833,28,0.14446964859962463,0.7705493569374084,0.08702709525823593,0.6647419929504395,138,416
175,5833,29,0.2542014420032501,0.7924051880836487,0.04212008789181709,0.8587852120399475,244,427
175,5833,30,0.12946638464927673,0.7954331040382385,0.08727716654539108,0.6700117588043213,124,429
175,5833,31,0.2090272754430771,0.7832210659980774,-0.026365933939814568,0.9274609684944153,200,422
175,5833,32,0.10549832135438919,0.77865070104599,0.046369098126888275,0.7190551161766052,101,420
176,5866,0,0.15673531591892242,0.2335272580385208,-0.009668094106018543,0.997514545917511,150,126
176,5866,1,0.1544516682624817,0.22399316728115082,-0.027798151597380638,0.9965605735778809,148,120
176,5866,2,0.15323080122470856,0.2246093451976776,-0.027928944677114487,0.9966918230056763,147,121
176,5866,3,0.15191735327243805,0.2245616763830185,-0.027900807559490204,0.9974172115325928,145,121
176,5866,4,0.1600618213415146,0.221070796251297,-0.00930496770888567,0.996748685836792,153,119
176,5866,5,0.1624852567911148,0.21977704763412476,-0.009480949491262436,0.997220516204834,155,118
176,5866,6,0.1649155467748642,0.21828986704349518,-0.009513367898762226,0.9977604746818542,158,117
176,5866,7,0.15399061143398285,0.23054549098014832,-0.08118432015180588,0.9988682866096497,147,124
176,5866,8,0.1710626631975174,0.22028759121894836,0.002700562123209238,0.9967753887176514,164,118
176,5866,9,0.1577879935503006,0.24421443045139313,-0.02326531894505024,0.9972535967826843,151,131
176,5866,10,0.1619071066379547,0.24270406365394592,-0.00042581369052641094,0.9959584474563599,155,131
176,5866,11,0.16753405332565308,0.28981173038482666,-0.1287972331047058,0.9999752044677734,160,156
176,5866,12,0.19107036292552948,0.28538432717323303,0.0672207623720169,0.9988272190093994,183,154
176,5866,13,0.17808488011360168,0.4004185199737549,-0.15980669856071472,0.971817135810852,170,216
176,5866,14,0.1966346949338913,0.4049610495567322,0.07840733975172043,0.012789339758455753,188,218
176,5866,15,0.19031381607055664,0.4963911175727844,-0.14942140877246857,0.8428416848182678,182,268
176,5866,16,0.19638273119926453,0.4826742708683014,0.04168960824608803,0.020684875547885895,188,260
176,5866,17,0.19562649726867676,0.5250181555747986,-0.16356278955936432,0.7997153997421265,187,283
176,5866,18,0.19954214990139008,0.5105956196784973,0.03654329851269722,0.029450485482811928,191,275
176,5866,19,0.1930859237909317,0.5289733409881592,-0.1651288866996765,0.7871111631393433,185,285
176,5866,20,0.19639314711093903,0.5129128694534302,0.022519487887620926,0.029106387868523598,188,276
176,5866,21,0.19061428308486938,0.5198619961738586,-0.14839832484722137,0.6819977760314941,182,280
176,5866,22,0.19313503801822662,0.5027223229408264,0.0334455780684948,0.028016870841383934,185,271
176,5866,23,0.17522217333316803,0.49449893832206726,-0.061067018657922745,0.9999369382858276,168,267
176,5866,24,0.19906902313232422,0.4932284951210022,0.06100188568234444,0.9998508095741272,191,266
176,5866,25,0.1454925537109375,0.6375674605369568,0.027671881020069122,0.9451596140861511,139,344
176,5866,26,0.21142514050006866,0.6274201273918152,0.07624292373657227,0.4387260377407074,202,338
176,5866,27,0.12244928628206253,0.7681549787521362,0.0732213705778122,0.9537175297737122,117,414
176,5866,28,0.2558239698410034,0.7511026859283447,0.11363396793603897,0.6976497769355774,245,405
176,5866,29,0.12635724246501923,0.7982171773910522,0.0734173059463501,0.8724454045295715,121,431
176,5866,30,0.26911965012550354,0.7758050560951233,0.11605945229530334,0.7024993896484375,258,418
176,5866,31,0.07904782146215439,0.7738246917724609,0.026711292564868927,0.934327244758606,75,417
176,5866,32,0.22589819133281708,0.778896152973175,0.0911991149187088,0.7461552619934082,216,420
177,5900,0,0.1539895087480545,0.23535238206386566,-0.013872898183763027,0.9977278113365173,147,127
177,5900,1,0.15179568529129028,0.22523942589759827,-0.03174552693963051,0.9968776702880859,145,121
177,5900,2,0.15068267285823822,0.22566668689250946,-0.03188237175345421,0.997001051902771,144,121
177,5900,3,0.14946746826171875,0.22579799592494965,-0.031844619661569595,0.9976568222045898,143,121
177,5900,4,0.15701079368591309,0.2228337675333023,-0.013214091770350933,0.9970512986183167,150,120
177,5900,5,0.1589181125164032,0.22174258530139923,-0.013397748582065105,0.9974809885025024,152,119
177,5900,6,0.16070671379566193,0.22055278718471527,-0.013438975438475609,0.9979654550552368,154,119
177,5900,7,0.1525166928768158,0.23089228570461273,-0.08417917788028717,0.9989749193191528,146,124
177,5900,8,0.16667905449867249,0.22221854329109192,-0.000806383031886071,0.9970748424530029,160,119
177,5900,9,0.1552456021308899,0.24558506906032562,-0.02715931460261345,0.9974957704544067,149,132
177,5900,10,0.15932543575763702,0.24443472921848297,-0.00432197842746973,0.9963148236274719,152,131
177,5900,11,0.16857320070266724,0.29001182317733765,-0.1308950036764145,0.9999759197235107,161,156
177,5900,12,0.1902485489845276,0.28528356552124023,0.06285972148180008,0.9988958239555359,182,154
177,5900,13,0.1755192130804062,0.4012638032436371,-0.16135631501674652,0.9734677672386169,168,216
177,5900,14,0.19442103803157806,0.4056377410888672,0.07341356575489044,0.013448025099933147,186,219
177,5900,15,0.18661470711231232,0.4968644976615906,-0.14943937957286835,0.8506527543067932,179,268
177,5900,16,0.195612832903862,0.4861270487308502,0.043624501675367355,0.022204728797078133,187,262
177,5900,17,0.19225053489208221,0.5267401933670044,-0.16336721181869507,0.8102425932884216,184,284
177,5900,18,0.19863572716712952,0.5116431713104248,0.039401743561029434,0.03210732340812683,190,276
177,5900,19,0.18853436410427094,0.5311221480369568,-0.16487498581409454,0.7985059022903442,180,286
177,5900,20,0.19377993047237396,0.5130553841590881,0.025116397067904472,0.03175501525402069,186,277
177,5900,21,0.18712590634822845,0.5199618339538574,-0.14836905896663666,0.6994504928588867,179,280
177,5900,22,0.1922878473997116,0.5044228434562683,0.03549893945455551,0.0306819137185812,184,272
177,5900,23,0.1730978786945343,0.4973621368408203,-0.06152902916073799,0.9999417662620544,166,268
177,5900,24,0.20028376579284668,0.4939121901988983,0.061452921479940414,0.9998629689216614,192,266
177,5900,25,0.14149321615695953,0.6355441212654114,0.03895801305770874,0.9503806233406067,135,343
177,5900,26,0.21999430656433105,0.6256952881813049,0.09280683100223541,0.49110326170921326,211,337
177,5900,27,0.11652322113513947,0.767270565032959,0.08668895810842514,0.9582703709602356,111,414
177,5900,28,0.2628799080848694,0.7452957630157471,0.1264144331216812,0.7273773550987244,252,402
177,5900,29,0.12030809372663498,0.7974486947059631,0.08755583316087723,0.8849276304244995,115,430
177,5900,30,0.2775934636592865,0.7710399031639099,0.12839511036872864,0.7318106293678284,266,416
177,5900,31,0.07287044078111649,0.7681090235710144,0.04443245381116867,0.9406430721282959,69,414
177,5900,32,0.2358979880809784,0.7787429094314575,0.10369864106178284,0.7707672715187073,226,420
178,5933,0,0.14450031518936157,0.23545801639556885,0.00649541150778532,0.9978901743888855,138,127
178,5933,1,0.14253249764442444,0.2252008467912674,-0.012093106284737587,0.9971297383308411,136,121
178,5933,2,0.14143703877925873,0.22563380002975464,-0.012227203696966171,0.9972479343414307,135,121
178,5933,3,0.14020875096321106,0.22591252624988556,-0.01219225488603115,0.9978532791137695,134,121
178,5933,4,0.14725106954574585,0.22287355363368988,0.004791433457285166,0.9972895383834839,141,120
178,5933,5,0.14927679300308228,0.2217879444360733,0.0046149021945893764,0.9976825714111328,143,119
178,5933,6,0.15130478143692017,0.2205950915813446,0.004582358058542013,0.9981215596199036,145,119
178,5933,7,0.14209909737110138,0.2313474863767624,-0.06845565885305405,0.999062180519104,136,124
178,5933,8,0.15755681693553925,0.22268855571746826,0.008027592673897743,0.9973015189170837,151,120
178,5933,9,0.14540164172649384,0.24622146785259247,-0.008120088838040829,0.9976938962936401,139,132
178,5933,10,0.14918914437294006,0.24477490782737732,0.012633922509849072,0.9965929388999939,143,132
178,5933,11,0.1554434895515442,0.2927739918231964,-0.12003953009843826,0.9999765753746033,149,158
178,5933,12,0.17992769181728363,0.2861420214176178,0.06759822368621826,0.9989061951637268,172,154
178,5933,13,0.166557177901268,0.4011240005493164,-0.1428317278623581,0.9732373356819153,159,216
178,5933,14,0.1859615594148636,0.4042893350124359,0.07475264370441437,0.012729366309940815,178,218
178,5933,15,0.1788226217031479,0.4992961287498474,-0.12747618556022644,0.8507575392723083,171,269
178,5933,16,0.18092571198940277,0.4797384738922119,0.044736504554748535,0.020861109718680382,173,259
178,5933,17,0.1830662190914154,0.5272928476333618,-0.14021368324756622,0.8113468885421753,175,284
178,5933,18,0.18473033607006073,0.5010533332824707,0.040892381221055984,0.030539503321051598,177,270
178,5933,19,0.17896024882793427,0.5310890674591064,-0.1435019075870514,0.7998393177986145,171,286
178,5933,20,0.18109466135501862,0.5004310607910156,0.02590087242424488,0.030172426253557205,173,270
178,5933,21,0.1781257838010788,0.521760880947113,-0.12701909244060516,0.7025322318077087,171,281
178,5933,22,0.17945529520511627,0.4941135048866272,0.036405935883522034,0.029260097071528435,172,266
178,5933,23,0.16572214663028717,0.4973224103450775,-0.06109829246997833,0.9999446868896484,159,268
178,5933,24,0.1899416148662567,0.4933817982673645,0.06103198975324631,0.9998700618743896,182,266
178,5933,25,0.13214872777462006,0.6332089304924011,0.026090729981660843,0.9544734954833984,126,341
178,5933,26,0.21684463322162628,0.6255176067352295,0.0813901424407959,0.522219181060791,208,337
178,5933,27,0.1130564957857132,0.7671218514442444,0.07418642193078995,0.9621213674545288,108,414
178,5933,28,0.24225491285324097,0.7547106146812439,0.1232747733592987,0.7490367889404297,232,407
178,5933,29,0.1188889592885971,0.797214686870575,0.07502320408821106,0.8949646949768066,114,430
178,5933,30,0.2523767650127411,0.7789347767829895,0.1261967122554779,0.7539350390434265,242,420
178,5933,31,0.07219129055738449,0.7727624177932739,0.028629574924707413,0.9456099271774292,69,417
178,5933,32,0.21625754237174988,0.7795020937919617,0.10141842067241669,0.7870835661888123,207,420
179,5966,0,0.14190353453159332,0.23682740330696106,-0.004867082461714745,0.9980476498603821,136,127
179,5966,1,0.13976351916790009,0.2265385389328003,-0.022626088932156563,0.9973756670951843,134,122
179,5966,2,0.13860324025154114,0.22700095176696777,-0.022763241082429886,0.9974913001060486,133,122
179,5966,3,0.13740773499011993,0.22737282514572144,-0.02272612228989601,0.9980413317680359,131,122
179,5966,4,0.14464165270328522,0.22399045526981354,-0.004033808130770922,0.9975224137306213,138,120
179,5966,5,0.1465071141719818,0.2228107452392578,-0.0042142318561673164,0.9978840947151184,140,120
179,5966,6,0.14826801419258118,0.22154061496257782,-0.004257675725966692,0.9982759952545166,142,119
179,5966,7,0.13985012471675873,0.23239530622959137,-0.07629921287298203,0.9991468787193298,134,125
179,5966,8,0.1545095443725586,0.22328908741474152,0.005957174114882946,0.9975289702415466,148,120
179,5966,9,0.14292322099208832,0.24731798470020294,-0.01858331821858883,0.9978793263435364,137,133
179,5966,10,0.14697284996509552,0.24586382508277893,0.0042976499535143375,0.9968556761741638,141,132
179,5966,11,0.15688081085681915,0.29359936714172363,-0.12544064223766327,0.999977171421051,150,158
179,5966,12,0.1788242757320404,0.28736400604248047,0.06740609556436539,0.9989327788352966,171,155
179,5966,13,0.16860096156597137,0.4012555181980133,-0.15458481013774872,0.9749754071235657,161,216
179,5966,14,0.1840973049402237,0.40518471598625183,0.07444381713867188,0.012380202300846577,176,218
179,5966,15,0.17926786839962006,0.4994698464870453,-0.14635469019412994,0.8600899577140808,172,269
179,5966,16,0.18168644607067108,0.4797268807888031,0.04218373820185661,0.02027772180736065,174,259
179,5966,17,0.18324406445026398,0.5274149775505066,-0.16027642786502838,0.823357105255127,175,284
179,5966,18,0.18491926789283752,0.5017848610877991,0.03813546895980835,0.030115999281406403,177,270
179,5966,19,0.18030911684036255,0.5314600467681885,-0.16297949850559235,0.8127157092094421,173,286
179,5966,20,0.17743699252605438,0.5003393888473511,0.023441238328814507,0.029758572578430176,170,270
179,5966,21,0.1789718121290207,0.521623969078064,-0.1458463817834854,0.7214524745941162,171,281
179,5966,22,0.1772378832101822,0.49436482787132263,0.03380722552537918,0.02903612330555916,170,266
179,5966,23,0.1629020720720291,0.49884456396102905,-0.06202395632863045,0.9999483823776245,156,269
179,5966,24,0.1908428817987442,0.4930852949619293,0.061959195882081985,0.9998789429664612,183,266
179,5966,25,0.12951107323169708,0.6328797340393066,0.02753784880042076,0.95867520570755,124,341
179,5966,26,0.21515606343746185,0.6246609091758728,0.08033723384141922,0.5660645961761475,206,337
179,5966,27,0.11249466240406036,0.7661571502685547,0.0738816112279892,0.9657939076423645,107,413
179,5966,28,0.25871673226356506,0.7441748976707458,0.11796779930591583,0.7734590172767639,248,401
179,5966,29,0.11904428899288177,0.7951613068580627,0.07444079220294952,0.9050209522247314,114,429
179,5966,30,0.27283868193626404,0.7654362916946411,0.120811328291893,0.777988076210022,261,413
179,5966,31,0.071034274995327,0.776123583316803,0.028348704800009727,0.9506809115409851,68,419
179,5966,32,0.23288683593273163,0.7794390916824341,0.09455336630344391,0.8073585033416748,223,420
180,6000,0,0.13104106485843658,0.23677492141723633,-0.005629419814795256,0.998141884803772,125,127
180,6000,1,0.12847191095352173,0.2263834923505783,-0.02355003170669079,0.9975621104240417,123,122
180,6000,2,0.12711866199970245,0.22683484852313995,-0.02368631772696972,0.9976820349693298,122,122
180,6000,3,0.12570326030254364,0.22722893953323364,-0.023652106523513794,0.9981938600540161,120,122
180,6000,4,0.13333921134471893,0.2240980714559555,-0.005142285022884607,0.9976897835731506,128,121
180,6000,5,0.1352623552083969,0.22290939092636108,-0.005324340425431728,0.9980261921882629,129,120
180,6000,6,0.1376263052225113,0.2215387225151062,-0.005369713995605707,0.9983786344528198,132,119
180,6000,7,0.126723974943161,0.23211175203323364,-0.07972094416618347,0.9992178082466125,121,125
180,6000,8,0.14417031407356262,0.22321221232414246,0.003920110408216715,0.997683048248291,138,120
180,6000,9,0.13171905279159546,0.24728122353553772,-0.018977878615260124,0.9980392456054688,126,133
180,6000,10,0.13539819419384003,0.24588249623775482,0.0035327512305229902,0.9970710873603821,129,132
180,6000,11,0.1422097086906433,0.29365864396095276,-0.13170018792152405,0.9999784231185913,136,158
180,6000,12,0.1680174171924591,0.2880919277667999,0.06363161653280258,0.9989774227142334,161,155
180,6000,13,0.15959744155406952,0.401216596364975,-0.16527333855628967,0.9767938852310181,153,216
180,6000,14,0.17419153451919556,0.4075556993484497,0.06972803920507431,0.012239350937306881,167,220
180,6000,15,0.1732148677110672,0.49945521354675293,-0.1589217633008957,0.8705007433891296,166,269
180,6000,16,0.17554187774658203,0.4807130694389343,0.03426174074411392,0.02090170979499817,168,259
180,6000,17,0.18289338052272797,0.5270884037017822,-0.172438845038414,0.8359536528587341,175,284
180,6000,18,0.18000613152980804,0.5058868527412415,0.030058957636356354,0.03167983517050743,172,273
180,6000,19,0.17762234807014465,0.5320788621902466,-0.17516398429870605,0.8261091113090515,170,287
180,6000,20,0.17611783742904663,0.5071166157722473,0.01518942415714264,0.031279295682907104,169,273
180,6000,21,0.1738441437482834,0.5220724940299988,-0.15825237333774567,0.740866482257843,166,281
180,6000,22,0.17473484575748444,0.5005147457122803,0.025780562311410904,0.030873505398631096,167,270
180,6000,23,0.1476302593946457,0.49823465943336487,-0.06208730489015579,0.9999525547027588,141,269
180,6000,24,0.17290806770324707,0.49284180998802185,0.06202314794063568,0.9998888969421387,165,266
180,6000,25,0.11659673601388931,0.6335849165916443,0.031198399141430855,0.9623122215270996,111,342
180,6000,26,0.20506365597248077,0.6244248151779175,0.0548330694437027,0.6059849262237549,196,337
180,6000,27,0.10785117000341415,0.7674661874771118,0.0792381763458252,0.969092845916748,103,414
180,6000,28,0.2538098990917206,0.7321773171424866,0.0697014182806015,0.7953568696975708,243,395
180,6000,29,0.11713682115077972,0.7952300310134888,0.08019411563873291,0.9139630198478699,112,429
180,6000,30,0.2694442570209503,0.7470879554748535,0.07009836286306381,0.7995603084564209,258,403
180,6000,31,0.06666959077119827,0.7854308485984802,0.038043223321437836,0.9552047252655029,64,424
180,6000,32,0.23377211391925812,0.7794966101646423,0.04556260257959366,0.8255488276481628,224,420
181,6033,0,0.13055863976478577,0.23672454059123993,-0.006158310454338789,0.9982865452766418,125,127
181,6033,1,0.12745614349842072,0.22676193714141846,-0.02410394512116909,0.9977736473083496,122,122
181,6033,2,0.12569087743759155,0.2273983508348465,-0.02423964813351631,0.9978878498077393,120,122
181,6033,3,0.12408597022294998,0.22797216475009918,-0.024206627160310745,0.9983528256416321,119,123
181,6033,4,0.13348154723644257,0.22410652041435242,-0.0054059927351772785,0.9978929162025452,128,121
181,6033,5,0.1355845332145691,0.22287537157535553,-0.005588623695075512,0.9982023239135742,130,120
181,6033,6,0.13806401193141937,0.22146178781986237,-0.005619080271571875,0.9985183477401733,132,119
181,6033,7,0.12586669623851776,0.23296625912189484,-0.07969977706670761,0.9992895126342773,120,125
181,6033,8,0.14329937100410461,0.22324897348880768,-0.0007921985234133899,0.997890830039978,137,120
181,6033,9,0.13069932162761688,0.2473345696926117,-0.01906198263168335,0.9982123374938965,125,133
181,6033,10,0.1358160674571991,0.24570587277412415,0.0020621856674551964,0.9973273277282715,130,132
181,6033,11,0.14205141365528107,0.29452571272850037,-0.13163644075393677,0.9999793767929077,136,159
181,6033,12,0.16770336031913757,0.2890191078186035,0.05020831897854805,0.9990351796150208,160,156
181,6033,13,0.1590031236410141,0.40169867873191833,-0.15921205282211304,0.9789561033248901,152,216
181,6033,14,0.17690379917621613,0.41123637557029724,0.05465223267674446,0.027544865384697914,169,222
181,6033,15,0.16880546510219574,0.49926599860191345,-0.14983773231506348,0.8813048601150513,162,269
181,6033,16,0.1728840321302414,0.48712170124053955,0.028604669496417046,0.021452587097883224,165,263
181,6033,17,0.17835074663162231,0.5273309350013733,-0.1597592979669571,0.8488896489143372,171,284
181,6033,18,0.17693392932415009,0.5143625736236572,0.02570306323468685,0.031507186591625214,169,277
181,6033,19,0.17136076092720032,0.53251713514328,-0.162997305393219,0.8398101329803467,164,287
181,6033,20,0.17148151993751526,0.518005907535553,0.012466424144804478,0.03095203824341297,164,279
181,6033,21,0.16815270483493805,0.5220269560813904,-0.14910957217216492,0.7608113884925842,161,281
181,6033,22,0.17412066459655762,0.5105252861976624,0.021293839439749718,0.03091064840555191,167,275
181,6033,23,0.14478760957717896,0.4982302188873291,-0.06030848249793053,0.9999565482139587,138,269
181,6033,24,0.17313602566719055,0.4924671947956085,0.060251250863075256,0.9998983144760132,166,265
181,6033,25,0.11651267856359482,0.633362889289856,0.03806291148066521,0.965973436832428,111,342
181,6033,26,0.20038393139839172,0.624250054359436,0.048616018146276474,0.6446776986122131,192,337
181,6033,27,0.10863711684942245,0.7679279446601868,0.08651523292064667,0.9721501469612122,104,414
181,6033,28,0.25205767154693604,0.7314056158065796,0.06324924528598785,0.8156086802482605,241,394
181,6033,29,0.1161992996931076,0.7953991889953613,0.08806326985359192,0.9224205017089844,111,429
181,6033,30,0.2690463960170746,0.7463418841362,0.06366085261106491,0.8194149136543274,258,403
181,6033,31,0.070491261780262,0.7870708107948303,0.04867537319660187,0.9595558047294617,67,425
181,6033,32,0.2343219816684723,0.7812262177467346,0.03886182978749275,0.8425971269607544,224,421
182,6066,0,0.11712504178285599,0.24060878157615662,0.03021416813135147,0.9984451532363892,112,129
182,6066,1,0.11432764679193497,0.23111294209957123,0.010698271915316582,0.9979884028434753,109,124
182,6066,2,0.1129579171538353,0.2313418686389923,0.010591198690235615,0.9980931878089905,108,124
182,6066,3,0.11156025528907776,0.23171593248844147,0.010599294677376747,0.9985126256942749,107,125
182,6066,4,0.11924398690462112,0.22871094942092896,0.027992140501737595,0.9980946183204651,114,123
182,6066,5,0.12110983580350876,0.22739136219024658,0.02782527543604374,0.9983749389648438,116,122
182,6066,6,0.12314645200967789,0.22583307325839996,0.027788473293185234,0.9986582398414612,118,121
182,6066,7,0.11238972097635269,0.23575647175312042,-0.055008865892887115,0.9993594884872437,107,127
182,6066,8,0.12958259880542755,0.22607983648777008,0.02187999151647091,0.9980937838554382,124,122
182,6066,9,0.11804274469614029,0.25043371319770813,0.011637721210718155,0.9983863830566406,113,135
182,6066,10,0.12216659635305405,0.24884162843227386,0.032621119171381,0.997584879398346,117,134
182,6066,11,0.12433823943138123,0.2950407862663269,-0.11647959798574448,0.9999812841415405,119,159
182,6066,12,0.1570775806903839,0.2892574369907379,0.058760955929756165,0.9991166591644287,150,156
182,6066,13,0.14212411642074585,0.4015198051929474,-0.1520700752735138,0.9809941649436951,136,216
182,6066,14,0.15933559834957123,0.4056113064289093,0.05879319831728935,0.04052220284938812,152,219
182,6066,15,0.15689672529697418,0.4987543821334839,-0.14880900084972382,0.8927354216575623,150,269
182,6066,16,0.15087275207042694,0.4770396947860718,0.027086254209280014,0.021891968324780464,144,257
182,6066,17,0.16601181030273438,0.5268767476081848,-0.1583264172077179,0.8633105754852295,159,284
182,6066,18,0.14895935356616974,0.495395690202713,0.025267697870731354,0.031544700264930725,143,267
182,6066,19,0.16026829183101654,0.5324548482894897,-0.16071468591690063,0.8550989031791687,153,287
182,6066,20,0.1480371654033661,0.49155181646347046,0.013527029193937778,0.03091392293572426,142,265
182,6066,21,0.1571240872144699,0.5214478373527527,-0.14789387583732605,0.7834417223930359,150,281
182,6066,22,0.14851164817810059,0.48511335253715515,0.020126910880208015,0.03154101222753525,142,261
182,6066,23,0.13377529382705688,0.4980294704437256,-0.058401938527822495,0.9999603033065796,128,268
182,6066,24,0.16275329887866974,0.4923657476902008,0.05834278091788292,0.9999068379402161,156,265
182,6066,25,0.1054103747010231,0.6329940557479858,0.03560354933142662,0.9692702889442444,101,341
182,6066,26,0.18593664467334747,0.6236225962638855,0.021372122690081596,0.6799148321151733,178,336
182,6066,27,0.10572109371423721,0.767238974571228,0.08392740786075592,0.9749137163162231,101,414
182,6066,28,0.2469770461320877,0.7232638597488403,0.01455316785722971,0.8339653015136719,237,390
182,6066,29,0.11429593712091446,0.7946940064430237,0.08625079691410065,0.9300791621208191,109,429
182,6066,30,0.26272910833358765,0.7295944094657898,0.013830849900841713,0.8374000787734985,252,393
182,6066,31,0.06842041015625,0.7902790307998657,0.03734781593084335,0.9635282158851624,65,426
182,6066,32,0.23345746099948883,0.7811747789382935,-0.005964433308690786,0.8581923246383667,224,421
183,6100,0,0.11671444028615952,0.2404954433441162,0.03367484733462334,0.998578667640686,112,129
183,6100,1,0.1131652370095253,0.2311294674873352,0.01526610180735588,0.9981750249862671,108,124
183,6100,2,0.11140228062868118,0.2316470742225647,0.015152893029153347,0.9982710480690002,106,125
183,6100,3,0.1097349151968956,0.23220549523830414,0.015162965282797813,0.9986512660980225,105,125
183,6100,4,0.11931808292865753,0.22827480733394623,0.029703835025429726,0.9982712268829346,114,123
183,6100,5,0.1218026652932167,0.22684964537620544,0.029523665085434914,0.9985260367393494,116,122
183,6100,6,0.12415890395641327,0.22529610991477966,0.02946939505636692,0.9987809658050537,119,121
183,6100,7,0.11171069741249084,0.23725664615631104,-0.04595021903514862,0.9994204044342041,107,128
183,6100,8,0.12980917096138,0.22575540840625763,0.019842589274048805,0.998271644115448,124,121
183,6100,9,0.11692313849925995,0.25050023198127747,0.01667284592986107,0.9985371828079224,112,135
183,6100,10,0.12233845889568329,0.24851703643798828,0.03424166887998581,0.9978086352348328,117,134
183,6100,11,0.12418343126773834,0.29572799801826477,-0.10002446919679642,0.9999827146530151,119,159
183,6100,12,0.15598472952842712,0.28926515579223633,0.05252557620406151,0.9991875886917114,149,156
183,6100,13,0.13796621561050415,0.40309885144233704,-0.13349996507167816,0.9824329018592834,132,217
183,6100,14,0.15927401185035706,0.40812066197395325,0.04075325280427933,0.057733915746212006,152,220
183,6100,15,0.15430276095867157,0.4984011650085449,-0.13677234947681427,0.900288462638855,148,269
183,6100,16,0.1504647433757782,0.4787173271179199,0.012666476890444756,0.022463543340563774,144,258
183,6100,17,0.16426332294940948,0.5250473022460938,-0.14515678584575653,0.8725911974906921,157,283
183,6100,18,0.15100455284118652,0.5004478693008423,0.010609290562570095,0.031320296227931976,144,270
183,6100,19,0.15830270946025848,0.531099259853363,-0.1483856588602066,0.86495041847229,151,286
183,6100,20,0.15025551617145538,0.49520573019981384,0.0003525660140439868,0.03053741715848446,144,267
183,6100,21,0.1553313434123993,0.5211540460586548,-0.13640747964382172,0.7974355220794678,149,281
183,6100,22,0.14640264213085175,0.4883618950843811,0.0065511735156178474,0.031339436769485474,140,263
183,6100,23,0.13026262819766998,0.49879777431488037,-0.0506850928068161,0.999963641166687,125,269
183,6100,24,0.16056503355503082,0.49233725666999817,0.05060360208153725,0.9999147653579712,154,265
183,6100,25,0.10616442561149597,0.6327091455459595,0.036415379494428635,0.9720357656478882,101,341
183,6100,26,0.1821395456790924,0.6232749819755554,0.03477777913212776,0.7107913494110107,174,336
183,6100,27,0.10621264576911926,0.7669944167137146,0.07861395180225372,0.9773600101470947,101,414
183,6100,28,0.24455997347831726,0.7219244241714478,0.03924703598022461,0.8502321243286133,234,389
183,6100,29,0.11655876040458679,0.7942356467247009,0.08050762116909027,0.936846911907196,111,428
183,6100,30,0.2593444287776947,0.7280747294425964,0.03922971710562706,0.8533726334571838,248,393
183,6100,31,0.06991739571094513,0.79123854637146,0.035962797701358795,0.9669399857521057,67,427
183,6100,32,0.23342037200927734,0.7811404466629028,0.01938498392701149,0.8716776371002197,224,421
184,6133,0,0.10367453843355179,0.24048131704330444,0.029317928478121758,0.9986469745635986,99,129
184,6133,1,0.10076519101858139,0.23092873394489288,0.009448672644793987,0.9983143210411072,96,124
184,6133,2,0.09948097169399261,0.23143012821674347,0.00932680256664753,0.9984024167060852,95,124
184,6133,3,0.09813524037599564,0.23197895288467407,0.009332153014838696,0.9987564086914062,94,125
184,6133,4,0.10602264106273651,0.22808204591274261,0.024493837729096413,0.9983955025672913,101,123
184,6133,5,0.10831426829099655,0.22660914063453674,0.02429836615920067,0.9986290335655212,103,122
184,6133,6,0.11055924743413925,0.2250138372182846,0.024235310032963753,0.9988631010055542,106,121
184,6133,7,0.09994210302829742,0.2368432879447937,-0.05396194010972977,0.9994688630104065,95,127
184,6133,8,0.11762513965368271,0.22554448246955872,0.016916563734412193,0.9983996152877808,112,121
184,6133,9,0.10485866665840149,0.25065237283706665,0.011357738636434078,0.9986476898193359,100,135
184,6133,10,0.1094367578625679,0.24865570664405823,0.029651811346411705,0.9979614615440369,105,134
184,6133,11,0.11061103641986847,0.2959536015987396,-0.10189938545227051,0.9999831914901733,106,159
184,6133,12,0.14971306920051575,0.2901109457015991,0.04553776606917381,0.9992199540138245,143,156
184,6133,13,0.12535037100315094,0.4049227833747864,-0.1297738403081894,0.9815765619277954,120,218
184,6133,14,0.1464373916387558,0.4050494134426117,0.0436134859919548,0.054200638085603714,140,218
184,6133,15,0.14051960408687592,0.4983137249946594,-0.12322090566158295,0.8990744352340698,134,269
184,6133,16,0.14625820517539978,0.4802442789077759,0.02126302570104599,0.022462936118245125,140,259
184,6133,17,0.14721205830574036,0.524919331073761,-0.13092418015003204,0.8727983832359314,141,283
184,6133,18,0.14971163868904114,0.5073059797286987,0.018902845680713654,0.03168683126568794,143,273
184,6133,19,0.14400388300418854,0.5306862592697144,-0.13338707387447357,0.8652274012565613,138,286
184,6133,20,0.14885066449642181,0.5051866173744202,0.006758936680853367,0.030813153833150864,142,272
184,6133,21,0.14105582237243652,0.5208680033683777,-0.12235302478075027,0.7981210350990295,135,281
184,6133,22,0.14641377329826355,0.49853768944740295,0.014477704651653767,0.03167939558625221,140,269
184,6133,23,0.1228330209851265,0.502183735370636,-0.044975049793720245,0.9999668002128601,117,271
184,6133,24,0.15265901386737823,0.49872198700904846,0.04489355906844139,0.9999223947525024,146,269
184,6133,25,0.09852191060781479,0.6325334310531616,0.04639972373843193,0.9743406176567078,94,341
184,6133,26,0.1637764275074005,0.6234482526779175,0.032462481409311295,0.7382500767707825,157,336
184,6133,27,0.10448399186134338,0.7675434947013855,0.07694756984710693,0.9795217514038086,100,414
184,6133,28,0.2295677214860916,0.7136017680168152,0.019677666947245598,0.8645504713058472,220,385
184,6133,29,0.11559321731328964,0.7952008843421936,0.07797794044017792,0.9427483081817627,110,429
184,6133,30,0.24706482887268066,0.7130300402641296,0.018472621217370033,0.8673664331436157,237,385
184,6133,31,0.06768160313367844,0.7946752309799194,0.03880094364285469,0.9698339700698853,64,429
184,6133,32,0.2297355830669403,0.780185878276825,-0.004025683272629976,0.8831798434257507,220,421
185,6166,0,0.10027825832366943,0.24249714612960815,0.03314949944615364,0.9987325072288513,96,130
185,6166,1,0.09733457863330841,0.23194299638271332,0.01270850095897913,0.9984550476074219,93,125
185,6166,2,0.0960545465350151,0.23203042149543762,0.012595827691257,0.9985325932502747,92,125
185,6166,3,0.09477195143699646,0.23239952325820923,0.012623587623238564,0.9988566040992737,90,125
185,6166,4,0.1026766374707222,0.2292429804801941,0.027283987030386925,0.9985306262969971,98,123
185,6166,5,0.10506414622068405,0.22758916020393372,0.027066772803664207,0.9987447261810303,100,122
185,6166,6,0.10738134384155273,0.22581353783607483,0.026996009051799774,0.9989587664604187,103,121
185,6166,7,0.09804714471101761,0.23666544258594513,-0.053958501666784286,0.9995121955871582,94,127
185,6166,8,0.11410190910100937,0.2255382239818573,0.014856170862913132,0.9985404014587402,109,121
185,6166,9,0.10138855129480362,0.25264689326286316,0.014112123288214207,0.9987466335296631,97,136
185,6166,10,0.1059907004237175,0.2502111494541168,0.03182542324066162,0.9981160759925842,101,135
185,6166,11,0.10880330204963684,0.2963907718658447,-0.0967756137251854,0.9999829530715942,104,160
185,6166,12,0.15047304332256317,0.29036492109298706,0.037573255598545074,0.9992727637290955,144,156
185,6166,13,0.11886490881443024,0.40524718165397644,-0.12891463935375214,0.9730921387672424,114,218
185,6166,14,0.14875158667564392,0.40501824021339417,0.03544212132692337,0.052520979195833206,142,218
185,6166,15,0.13330043852329254,0.4952099323272705,-0.12371122092008591,0.8758252263069153,127,267
185,6166,16,0.1528187394142151,0.4889783561229706,0.019735269248485565,0.02634774148464203,146,264
185,6166,17,0.1396644115447998,0.5204697847366333,-0.1294773519039154,0.8540849089622498,134,281
185,6166,18,0.1541178971529007,0.5121483206748962,0.018469680100679398,0.03754132613539696,147,276
185,6166,19,0.13665470480918884,0.5232829451560974,-0.13207365572452545,0.8463647365570068,131,282
185,6166,20,0.14813289046287537,0.5078883171081543,0.008232795633375645,0.03639037534594536,142,274
185,6166,21,0.13643819093704224,0.5132937431335449,-0.12282904982566833,0.7753528952598572,130,277
185,6166,22,0.14594285190105438,0.5000650882720947,0.014238135889172554,0.03610049933195114,140,270
185,6166,23,0.1196494996547699,0.503889799118042,-0.04256945848464966,0.9999687075614929,114,272
185,6166,24,0.15281343460083008,0.4999167025089264,0.042470693588256836,0.9999280571937561,146,269
185,6166,25,0.09748540073633194,0.6323420405387878,0.040421172976493835,0.9757595658302307,93,341
185,6166,26,0.16258183121681213,0.6232277750968933,0.03872371464967728,0.7568305730819702,156,336
185,6166,27,0.10707569122314453,0.7708200812339783,0.027518751099705696,0.9814262986183167,102,416
185,6166,28,0.22656553983688354,0.7089245319366455,0.0067894854582846165,0.8755884766578674,217,382
185,6166,29,0.11532724648714066,0.7975990772247314,0.02440057508647442,0.9480406045913696,110,430
185,6166,30,0.24321141839027405,0.7077589631080627,0.0030643136706203222,0.8786253929138184,233,382
185,6166,31,0.06815803050994873,0.7970280647277832,-0.014256241731345654,0.9723449945449829,65,430
185,6166,32,0.22876988351345062,0.7758161425590515,-0.01852424629032612,0.8908787369728088,219,418
186,6200,0,0.0894659087061882,0.24221567809581757,0.06783477216959,0.998483419418335,85,130
186,6200,1,0.08720541000366211,0.23167011141777039,0.04762357473373413,0.9979813694953918,83,125
186,6200,2,0.08604746311903,0.23178696632385254,0.04751028120517731,0.9980418682098389,82,125
186,6200,3,0.08489522337913513,0.2321663498878479,0.04749631509184837,0.9984737038612366,81,125
186,6200,4,0.09176596254110336,0.22897277772426605,0.06687246263027191,0.9979498386383057,88,123
186,6200,5,0.09376827627420425,0.2273624688386917,0.06668906658887863,0.9982033967971802,90,122
186,6200,6,0.09598468989133835,0.22562162578105927,0.06664105504751205,0.9985656142234802,92,121
186,6200,7,0.08684945106506348,0.23659555613994598,-0.019390646368265152,0.9993450045585632,83,127
186,6200,8,0.10344221442937851,0.2254202514886856,0.06927947700023651,0.997983992099762,99,121
186,6200,9,0.0910230427980423,0.252372682094574,0.04821791499853134,0.9981192350387573,87,136
186,6200,10,0.0951424315571785,0.24996012449264526,0.07247274369001389,0.9970811009407043,91,134
186,6200,11,0.0995432585477829,0.29619958996772766,-0.08564500510692596,0.9999821186065674,95,159
186,6200,12,0.1364019513130188,0.29025840759277344,0.11168830841779709,0.9992594718933105,130,156
186,6200,13,0.11235371977090836,0.40231138467788696,-0.13246876001358032,0.969965934753418,107,217
186,6200,14,0.1418268084526062,0.3995981514453888,0.10851224511861801,0.047496650367975235,136,215
186,6200,15,0.12544198334217072,0.4948509931564331,-0.12426140904426575,0.8581083416938782,120,267
186,6200,16,0.14068517088890076,0.48133227229118347,0.07809972763061523,0.02425752952694893,135,259
186,6200,17,0.13427351415157318,0.5204614996910095,-0.13406790792942047,0.8349018096923828,128,281
186,6200,18,0.14262408018112183,0.5093225240707397,0.07905945181846619,0.03477432206273079,136,275
186,6200,19,0.12966899573802948,0.5233603119850159,-0.13323214650154114,0.8251290917396545,124,282
186,6200,20,0.13856197893619537,0.5078033208847046,0.06861939281225204,0.0336720310151577,133,274
186,6200,21,0.1260615885257721,0.5133307576179504,-0.12203769385814667,0.7476121187210083,121,277
186,6200,22,0.13929015398025513,0.4999622404575348,0.0713394358754158,0.03350462019443512,133,269
186,6200,23,0.11601898819208145,0.498788446187973,-0.061594437807798386,0.9999696612358093,111,269
186,6200,24,0.13504095375537872,0.4996641278266907,0.06150120496749878,0.999931275844574,129,269
186,6200,25,0.1141752153635025,0.624806821346283,-0.0949413850903511,0.9762009382247925,109,337
186,6200,26,0.10616090148687363,0.6244179606437683,0.06555815041065216,0.7017561197280884,101,337
186,6200,27,0.20528283715248108,0.7133679389953613,-0.13178527355194092,0.9813112020492554,197,385
186,6200,28,0.11184501647949219,0.754485547542572,0.03169887140393257,0.8532087206840515,107,407
186,6200,29,0.22406713664531708,0.7131572961807251,-0.13792821764945984,0.9473382830619812,215,385
186,6200,30,0.12249317765235901,0.7820439338684082,0.029911167919635773,0.8635085225105286,117,422
186,6200,31,0.20497508347034454,0.7783270478248596,-0.17189007997512817,0.972157895565033,196,420
186,6200,32,0.07274920493364334,0.7941855192184448,0.006205407902598381,0.8731411695480347,69,428
187,6233,0,0.09164304286241531,0.24050502479076385,0.04518536478281021,0.9983947277069092,87,129
187,6233,1,0.08797426521778107,0.2298758625984192,0.02593594789505005,0.9980161190032959,84,124
187,6233,2,0.08625217527151108,0.22988882660865784,0.025808071717619896,0.998060941696167,82,124
187,6233,3,0.08457997441291809,0.23058435320854187,0.0258050374686718,0.9984830617904663,81,124
187,6233,4,0.09427701681852341,0.22579151391983032,0.04535068944096565,0.9980127811431885,90,121
187,6233,5,0.096663698554039,0.22386795282363892,0.045177143067121506,0.998263955116272,92,120
187,6233,6,0.09941704571247101,0.22181396186351776,0.04516518861055374,0.9986116886138916,95,119
187,6233,7,0.0868007019162178,0.23631888628005981,-0.034784868359565735,0.9993566870689392,83,127
187,6233,8,0.10529544204473495,0.22300224006175995,0.04380711168050766,0.9980997443199158,101,120
187,6233,9,0.09222736954689026,0.25126609206199646,0.0278922226279974,0.9981771111488342,88,135
187,6233,10,0.09771688282489777,0.24828726053237915,0.05315084010362625,0.9972029328346252,93,134
187,6233,11,0.0972553938627243,0.29748374223709106,-0.0948130264878273,0.9999799728393555,93,160
187,6233,12,0.1355908215045929,0.288897305727005,0.05483610928058624,0.9992635846138,130,156
187,6233,13,0.10924617201089859,0.4037950336933136,-0.1338486671447754,0.9701429605484009,104,218
187,6233,14,0.13968540728092194,0.3981431722640991,0.05255162715911865,0.05470721796154976,134,214
187,6233,15,0.12429389357566833,0.496511846780777,-0.12594428658485413,0.846043050289154,119,268
187,6233,16,0.14220087230205536,0.48900964856147766,0.05251242592930794,0.022999141365289688,136,264
187,6233,17,0.1337783932685852,0.5240974426269531,-0.1328057199716568,0.8226662874221802,128,283
187,6233,18,0.1406729370355606,0.5102639198303223,0.058791812509298325,0.03263359144330025,135,275
187,6233,19,0.12879997491836548,0.5267911553382874,-0.1349148005247116,0.8126654028892517,123,284
187,6233,20,0.13628940284252167,0.5109245777130127,0.05684524029493332,0.0315382182598114,130,275
187,6233,21,0.12600797414779663,0.5154461860656738,-0.12452364712953568,0.732541561126709,120,278
187,6233,22,0.1389952003955841,0.5044378638267517,0.04981556907296181,0.031488701701164246,133,272
187,6233,23,0.11063239723443985,0.4991582930088043,-0.05333084240555763,0.9999711513519287,106,269
187,6233,24,0.13509725034236908,0.49954140186309814,0.05324852094054222,0.9999354481697083,129,269
187,6233,25,0.09791284054517746,0.6265182495117188,-0.011792287230491638,0.9777173399925232,93,338
187,6233,26,0.12815868854522705,0.6233227252960205,0.06045948341488838,0.7253486514091492,123,336
187,6233,27,0.1200600191950798,0.7449117302894592,-0.057529132813215256,0.9830331802368164,115,402
187,6233,28,0.15632101893424988,0.7169575691223145,0.03480181843042374,0.8646802306175232,150,387
187,6233,29,0.13391011953353882,0.7699649930000305,-0.05903371796011925,0.9520524144172668,128,415
187,6233,30,0.1385907083749771,0.7216628193855286,0.0330994576215744,0.8746706247329712,133,389
187,6233,31,0.08182161301374435,0.792569637298584,-0.11869592219591141,0.9744627475738525,78,427
187,6233,32,0.17605790495872498,0.7740157842636108,0.008662699721753597,0.880894660949707,169,417
188,6266,0,0.07819779962301254,0.23844270408153534,0.014825650490820408,0.9961109161376953,75,128
188,6266,1,0.07570960372686386,0.22733579576015472,-0.0035205783788114786,0.9943193793296814,72,122
188,6266,2,0.07444509863853455,0.227566197514534,-0.003655996173620224,0.993959903717041,71,122
188,6266,3,0.07321096211671829,0.22819194197654724,-0.0036662917118519545,0.9952194690704346,70,123
188,6266,4,0.08074389398097992,0.2237139642238617,0.012862744741141796,0.9947596192359924,77,120
188,6266,5,0.08294650167226791,0.22181729972362518,0.012648334726691246,0.9954831004142761,79,119
188,6266,6,0.0854458287358284,0.21981485188007355,0.012578797526657581,0.9967950582504272,82,118
188,6266,7,0.07480277866125107,0.23373344540596008,-0.056088853627443314,0.997789740562439,71,126
188,6266,8,0.09262701123952866,0.2209237515926361,0.01617376320064068,0.9956878423690796,88,119
188,6266,9,0.08015964925289154,0.24966102838516235,0.0007492931326851249,0.9953659772872925,76,134
188,6266,10,0.08425886183977127,0.24695350229740143,0.021319029852747917,0.9939036965370178,80,133
188,6266,11,0.08571917563676834,0.2971264123916626,-0.09647751599550247,0.9999634027481079,82,160
188,6266,12,0.12605346739292145,0.28764376044273376,0.05478556081652641,0.9991967082023621,121,155
188,6266,13,0.09673638641834259,0.4047063887119293,-0.12570931017398834,0.9040802717208862,92,218
188,6266,14,0.12998662889003754,0.39765307307243347,0.05496394634246826,0.04930531233549118,124,214
188,6266,15,0.10624850541353226,0.49626538157463074,-0.09755314141511917,0.7655662298202515,101,267
188,6266,16,0.1271740049123764,0.48635247349739075,0.048442840576171875,0.020918970927596092,122,262
188,6266,17,0.10903219133615494,0.5240456461906433,-0.10491805523633957,0.7457444667816162,104,282
188,6266,18,0.12638120353221893,0.5081815719604492,0.051148999482393265,0.029841464012861252,121,274
188,6266,19,0.10802906006574631,0.526772677898407,-0.10656023025512695,0.7363083958625793,103,284
188,6266,20,0.12057964503765106,0.5089321732521057,0.04544456675648689,0.028839433565735817,115,274
188,6266,21,0.10658480226993561,0.5153906941413879,-0.09615819901227951,0.6626167893409729,102,278
188,6266,22,0.12269630283117294,0.5036845207214355,0.04408818110823631,0.028780808672308922,117,271
188,6266,23,0.1076422929763794,0.5029317140579224,-0.0533987320959568,0.9999640583992004,103,271
188,6266,24,0.12771253287792206,0.5009364485740662,0.053297027945518494,0.9999308586120605,122,270
188,6266,25,0.10670839250087738,0.6390015482902527,-0.042165420949459076,0.960288941860199,102,345
188,6266,26,0.10864054411649704,0.6232112646102905,0.09091441333293915,0.6593309044837952,104,336
188,6266,27,0.1820569485425949,0.7055572271347046,-0.007221644278615713,0.9581382274627686,174,381
188,6266,28,0.12531301379203796,0.7498233318328857,0.10349484533071518,0.8041104078292847,120,404
188,6266,29,0.19772598147392273,0.7106490731239319,-0.0072482586838305,0.916715681552887,189,383
188,6266,30,0.13321873545646667,0.7704542279243469,0.10333898663520813,0.8169482350349426,127,416
188,6266,31,0.17422468960285187,0.7618833184242249,-0.07081548869609833,0.9435217380523682,167,411
188,6266,32,0.10454045236110687,0.7884792685508728,0.08685681223869324,0.8209695219993591,100,425
189,6300,0,0.07716698199510574,0.23759183287620544,-0.0015304659027606249,0.9956116080284119,74,128
189,6300,1,0.07354617118835449,0.22617851197719574,-0.020348170772194862,0.9935105443000793,70,122
189,6300,2,0.07191316038370132,0.22667433321475983,-0.020492365583777428,0.9931451082229614,69,122
189,6300,3,0.07036270201206207,0.2273770570755005,-0.020479844883084297,0.9945170879364014,67,122
189,6300,4,0.07974184304475784,0.22199784219264984,-0.0033871436025947332,0.9939918518066406,76,119
189,6300,5,0.08194431662559509,0.21998746693134308,-0.0036039117258042097,0.9948712587356567,78,118
189,6300,6,0.08464132994413376,0.21769872307777405,-0.0036776806227862835,0.996317982673645,81,117
189,6300,7,0.07305717468261719,0.23244771361351013,-0.07193262130022049,0.9974726438522339,70,125
189,6300,8,0.09060166776180267,0.21867917478084564,0.004377537406980991,0.9950731992721558,86,118
189,6300,9,0.07814956456422806,0.24919362366199493,-0.015032934956252575,0.9948238134384155,75,134
189,6300,10,0.0833478644490242,0.2458852082490921,0.0059009091928601265,0.9932278394699097,80,132
189,6300,11,0.08690721541643143,0.2957991659641266,-0.11159582436084747,0.9999614953994751,83,159
189,6300,12,0.12428761273622513,0.2858734428882599,0.055671948939561844,0.9991637468338013,119,154
189,6300,13,0.09791959077119827,0.4049278795719147,-0.12888391315937042,0.8943653106689453,94,218
189,6300,14,0.1273409128189087,0.39567625522613525,0.06235366687178612,0.04451433941721916,122,213
189,6300,15,0.10577967017889023,0.497035950422287,-0.10955407470464706,0.7360473871231079,101,268
189,6300,16,0.12351148575544357,0.48618197441101074,0.045770611613988876,0.019350476562976837,118,262
189,6300,17,0.10878608375787735,0.5248439311981201,-0.1155923455953598,0.717749834060669,104,283
189,6300,18,0.12218142300844193,0.5084242224693298,0.04486899822950363,0.02786586433649063,117,274
189,6300,19,0.10761777311563492,0.529572069644928,-0.11767459660768509,0.7069453597068787,103,285
189,6300,20,0.11857137084007263,0.5095280408859253,0.03231175243854523,0.026950109750032425,113,275
189,6300,21,0.10605064779520035,0.517945408821106,-0.10829824954271317,0.6277985572814941,101,279
189,6300,22,0.11903288215398788,0.5046682357788086,0.038708098232746124,0.026855481788516045,114,272
189,6300,23,0.10665158927440643,0.5027939081192017,-0.0546889528632164,0.9999629259109497,102,271
189,6300,24,0.12574005126953125,0.5013081431388855,0.054595697671175,0.9999303221702576,120,270
189,6300,25,0.11074794083833694,0.632789134979248,-0.03351008892059326,0.9497129917144775,106,341
189,6300,26,0.09839809685945511,0.624464750289917,0.08937161415815353,0.6023926734924316,94,337
189,6300,27,0.18956659734249115,0.6986514329910278,0.006548031698912382,0.9463096857070923,181,377
189,6300,28,0.11386219412088394,0.7631834149360657,0.09969758987426758,0.7546985149383545,109,412
189,6300,29,0.20680195093154907,0.7010658383369446,0.005177380982786417,0.895745575428009,198,378
189,6300,30,0.11976654827594757,0.7842283844947815,0.09860818833112717,0.7712817192077637,114,423
189,6300,31,0.18131089210510254,0.7576667070388794,-0.03541582450270653,0.9289042949676514,174,409
189,6300,32,0.07225223630666733,0.792963981628418,0.07588328421115875,0.7774667739868164,69,428
190,6333,0,0.06748621165752411,0.23583407700061798,-0.012881344184279442,0.9950555562973022,64,127
190,6333,1,0.06455890834331512,0.22411984205245972,-0.03298820182681084,0.9934462904930115,61,121
190,6333,2,0.06343373656272888,0.22461338341236115,-0.033121272921562195,0.993177056312561,60,121
190,6333,3,0.06219765171408653,0.22529788315296173,-0.03306541591882706,0.9944723844528198,59,121
190,6333,4,0.0697551742196083,0.21989484131336212,-0.015663133934140205,0.9938743710517883,66,118
190,6333,5,0.07216420024633408,0.2176232784986496,-0.01588897593319416,0.9948395490646362,69,117
190,6333,6,0.07457585632801056,0.21522603929042816,-0.01599474623799324,0.9961610436439514,71,116
190,6333,7,0.06487170606851578,0.2296687513589859,-0.08824898302555084,0.9975248575210571,62,124
190,6333,8,0.08282024413347244,0.21490038931369781,-0.010978574864566326,0.9950909614562988,79,116
190,6333,9,0.0693259984254837,0.2470960021018982,-0.026973901316523552,0.9946762323379517,66,133
190,6333,10,0.07373588532209396,0.24417105317115784,-0.006019859109073877,0.9929520487785339,70,131
190,6333,11,0.07397971302270889,0.291707307100296,-0.13519957661628723,0.999950647354126,71,157
190,6333,12,0.11961058527231216,0.28337907791137695,0.04254646971821785,0.9989049434661865,114,153
190,6333,13,0.08341038972139359,0.40485867857933044,-0.15454083681106567,0.9023450613021851,80,218
190,6333,14,0.1258177012205124,0.3848598003387451,0.05853230878710747,0.04653021693229675,120,207
190,6333,15,0.08743742853403091,0.49464479088783264,-0.12404552102088928,0.7201972603797913,83,267
190,6333,16,0.11732187867164612,0.4583870768547058,0.04710935801267624,0.01780638098716736,112,247
190,6333,17,0.08893311768770218,0.5231521129608154,-0.1270228922367096,0.7001703977584839,85,282
190,6333,18,0.11789509654045105,0.4886332154273987,0.0483923964202404,0.025637418031692505,113,263
190,6333,19,0.08751361817121506,0.523154079914093,-0.12555523216724396,0.6888488531112671,84,282
190,6333,20,0.11442007124423981,0.4870981276035309,0.03688833862543106,0.024778904393315315,109,263
190,6333,21,0.0865328386425972,0.514230489730835,-0.12082984298467636,0.6069253087043762,83,277
190,6333,22,0.11453180015087128,0.4801521599292755,0.040802013128995895,0.02474302612245083,109,259
190,6333,23,0.09755066782236099,0.5026970505714417,-0.05589655786752701,0.9999626874923706,93,271
190,6333,24,0.12114152312278748,0.4996190369129181,0.05582354962825775,0.9999290704727173,116,269
190,6333,25,0.0899277776479721,0.6327029466629028,0.010525592602789402,0.9542343020439148,86,341
190,6333,26,0.10153915733098984,0.609478235244751,0.09887246042490005,0.6311485171318054,97,329
190,6333,27,0.1151847168803215,0.7487781643867493,0.052014268934726715,0.9515957236289978,110,404
190,6333,28,0.15265728533267975,0.7157958149909973,0.10187920928001404,0.7764929533004761,146,386
190,6333,29,0.12953126430511475,0.7762559056282043,0.05436020344495773,0.9058681130409241,124,419
190,6333,30,0.16178560256958008,0.716908872127533,0.10098420083522797,0.7914952635765076,155,387
190,6333,31,0.07580125331878662,0.7909035086631775,0.015020480379462242,0.9356865882873535,72,427
190,6333,32,0.11525584757328033,0.7780855298042297,0.0743940994143486,0.7951642870903015,110,420
191,6366,0,0.06607216596603394,0.2335035651922226,-0.0058746058493852615,0.9950367212295532,63,126
191,6366,1,0.06258263438940048,0.22198081016540527,-0.026165712624788284,0.9937615394592285,60,119
191,6366,2,0.06115509569644928,0.22272589802742004,-0.02629845403134823,0.9935339093208313,58,120
191,6366,3,0.059695761650800705,0.22354470193386078,-0.026251129806041718,0.9947521686553955,57,120
191,6366,4,0.06843553483486176,0.21745462715625763,-0.009773771278560162,0.9941449165344238,65,117
191,6366,5,0.07090380042791367,0.21530191600322723,-0.009987383149564266,0.9950804710388184,68,116
191,6366,6,0.07329853624105453,0.21329398453235626,-0.010086498223245144,0.9962805509567261,70,115
191,6366,7,0.06232469528913498,0.2278854250907898,-0.0860556811094284,0.9976747632026672,59,123
191,6366,8,0.08081161975860596,0.213087260723114,-0.013314894400537014,0.9953317642211914,77,115
191,6366,9,0.06717056781053543,0.2455562800168991,-0.021681122481822968,0.9949431419372559,64,132
191,6366,10,0.07241915911436081,0.242164745926857,-0.0018565156497061253,0.9932402968406677,69,130
191,6366,11,0.07362689077854156,0.291317880153656,-0.13567514717578888,0.9999487400054932,70,157
191,6366,12,0.11747754365205765,0.28221479058265686,0.031054114922881126,0.9988178014755249,112,152
191,6366,13,0.08411148935556412,0.4049406349658966,-0.16094405949115753,0.9100044965744019,80,218
191,6366,14,0.12235940992832184,0.3864917755126953,0.04073787480592728,0.05008210986852646,117,208
191,6366,15,0.09002973884344101,0.4952523708343506,-0.14460214972496033,0.728465735912323,86,267
191,6366,16,0.11427286267280579,0.4721759259700775,0.03240486606955528,0.01672094687819481,109,254
191,6366,17,0.0914214551448822,0.5233765244483948,-0.15090203285217285,0.706758975982666,87,282
191,6366,18,0.11067726463079453,0.49777159094810486,0.03488403558731079,0.023965371772646904,106,268
191,6366,19,0.0905689150094986,0.5233220458030701,-0.15175600349903107,0.6958256959915161,86,282
191,6366,20,0.10749169439077377,0.49729180335998535,0.02251630276441574,0.02313731424510479,103,268
191,6366,21,0.08896198868751526,0.5142966508865356,-0.14260314404964447,0.6122390031814575,85,277
191,6366,22,0.10814947634935379,0.48839664459228516,0.02610381692647934,0.023165777325630188,103,263
191,6366,23,0.09514789283275604,0.5041205883026123,-0.05569690838456154,0.9999641180038452,91,272
191,6366,24,0.11835629492998123,0.4989294409751892,0.05562146008014679,0.9999311566352844,113,269
191,6366,25,0.08620402961969376,0.6325790286064148,0.01962420344352722,0.9580058455467224,82,341
191,6366,26,0.0979337990283966,0.6054775714874268,0.10377666354179382,0.6546823382377625,94,326
191,6366,27,0.10399584472179413,0.7623274326324463,0.0513455756008625,0.9563292860984802,99,411
191,6366,28,0.161060631275177,0.7049744129180908,0.09146055579185486,0.7958213090896606,154,380
191,6366,29,0.11721085011959076,0.7912054061889648,0.05296804755926132,0.9149537086486816,112,427
191,6366,30,0.1750120222568512,0.7041841149330139,0.08965172618627548,0.8096972703933716,168,380
191,6366,31,0.06422516703605652,0.7998780608177185,0.012649399228394032,0.9417539238929749,61,431
191,6366,32,0.13446812331676483,0.7743008732795715,0.06376078724861145,0.8110475540161133,129,418
192,6400,0,0.0598364919424057,0.2308748960494995,-0.002652185969054699,0.9950107336044312,57,124
192,6400,1,0.056590449064970016,0.21951468288898468,-0.022890780121088028,0.9939422011375427,54,118
192,6400,2,0.05521751567721367,0.2201254665851593,-0.023022307083010674,0.993779182434082,53,118
192,6400,3,0.05370321497321129,0.2208978682756424,-0.022961348295211792,0.9949360489845276,51,119
192,6400,4,0.0620499849319458,0.21542146801948547,-0.00792658980935812,0.9942553043365479,59,116
192,6400,5,0.06459503620862961,0.2131737321615219,-0.008135073818266392,0.9951989054679871,62,115
192,6400,6,0.06714726239442825,0.21093536913394928,-0.00822947546839714,0.9962984919548035,64,113
192,6400,7,0.05648401007056236,0.22583508491516113,-0.08380588889122009,0.9977681040763855,54,121
192,6400,8,0.07465166598558426,0.2104281336069107,-0.019097592681646347,0.9954479932785034,71,113
192,6400,9,0.06137911230325699,0.24253593385219574,-0.018721412867307663,0.9950680136680603,58,130
192,6400,10,0.065665103495121,0.23921898007392883,-0.0008259895839728415,0.9933463931083679,63,129
192,6400,11,0.06272690743207932,0.2869100272655487,-0.13133211433887482,0.999947726726532,60,154
192,6400,12,0.11337415874004364,0.2787107825279236,0.0194487813860178,0.9986412525177002,108,150
192,6400,13,0.07036001980304718,0.401014119386673,-0.15626290440559387,0.9174433350563049,67,216
192,6400,14,0.12366096675395966,0.37876009941101074,0.03161109983921051,0.052154626697301865,118,204
192,6400,15,0.06829039752483368,0.4952327609062195,-0.13660679757595062,0.7423643469810486,65,267
192,6400,16,0.11122075468301773,0.44093087315559387,0.035451002418994904,0.015347677282989025,106,238
192,6400,17,0.0691310465335846,0.5244301557540894,-0.14163734018802643,0.7195666432380676,66,283
192,6400,18,0.10781441628932953,0.47016769647598267,0.03943898528814316,0.02194344624876976,103,253
192,6400,19,0.06759294867515564,0.5249260067939758,-0.14351816475391388,0.7086168527603149,64,283
192,6400,20,0.10537559539079666,0.46500369906425476,0.03025079146027565,0.021168217062950134,101,251
192,6400,21,0.0668262466788292,0.5153418779373169,-0.13467320799827576,0.6240236163139343,64,278
192,6400,22,0.10582937300205231,0.4586811065673828,0.03129391372203827,0.021218454465270042,101,247
192,6400,23,0.08252677321434021,0.4990561604499817,-0.0514688678085804,0.999963104724884,79,269
192,6400,24,0.111540786921978,0.4918782114982605,0.051404811441898346,0.9999229311943054,107,265
192,6400,25,0.08354262262582779,0.6307743191719055,0.019069526344537735,0.9607857465744019,80,340
192,6400,26,0.0915183275938034,0.6003463864326477,0.10043226927518845,0.643862783908844,87,324
192,6400,27,0.10334204137325287,0.7643792629241943,0.05755823478102684,0.9603714346885681,99,412
192,6400,28,0.1452026516199112,0.7092160582542419,0.12393465638160706,0.7999565601348877,139,382
192,6400,29,0.11725199967622757,0.795432984828949,0.059706732630729675,0.9224020838737488,112,429
192,6400,30,0.15642260015010834,0.7157967686653137,0.1253698319196701,0.8152453303337097,150,386
192,6400,31,0.0648684948682785,0.8003333806991577,0.024049073457717896,0.9465835690498352,62,432
192,6400,32,0.13153371214866638,0.7662020921707153,0.1073884516954422,0.8109308481216431,126,413
193,6433,0,0.05911087617278099,0.2287617325782776,0.017421454191207886,0.9949002861976624,56,123
193,6433,1,0.055369649082422256,0.2178906798362732,-0.003731783479452133,0.9939988255500793,53,117
193,6433,2,0.05366288498044014,0.21857954561710358,-0.0038569020107388496,0.9938721060752869,51,118
193,6433,3,0.05195089429616928,0.21941222250461578,-0.003776228753849864,0.9950032234191895,49,118
193,6433,4,0.0616149976849556,0.2135288119316101,0.0064010098576545715,0.9942772388458252,59,115
193,6433,5,0.06423166394233704,0.21115951240062714,0.00619116984307766,0.9952477812767029,61,114
193,6433,6,0.06687480956315994,0.20873567461967468,0.006079371087253094,0.9962906241416931,64,112
193,6433,7,0.053656868636608124,0.22487683594226837,-0.07212035357952118,0.9977986216545105,51,121
193,6433,8,0.07343289256095886,0.20859381556510925,-0.016332754865288734,0.9955198764801025,70,112
193,6433,9,0.059277866035699844,0.23960596323013306,-0.0007094123866409063,0.9950990676879883,56,129
193,6433,10,0.06475656479597092,0.23659950494766235,0.01078584510833025,0.9933395385742188,62,127
193,6433,11,0.0589635968208313,0.28623899817466736,-0.11428390443325043,0.9999470114707947,56,154
193,6433,12,0.11253681778907776,0.27717670798301697,0.005864778533577919,0.99861741065979,108,149
193,6433,13,0.06684509664773941,0.4018431007862091,-0.1183263510465622,0.921351969242096,64,216
193,6433,14,0.1272723227739334,0.37746408581733704,0.012173096649348736,0.05717010051012039,122,203
193,6433,15,0.06552784889936447,0.49751004576683044,-0.09413805603981018,0.728915810585022,62,268
193,6433,16,0.11489443480968475,0.4337107241153717,0.03520930930972099,0.01401353906840086,110,234
193,6433,17,0.06431611627340317,0.5282284617424011,-0.09652150422334671,0.7027528882026672,61,285
193,6433,18,0.114474818110466,0.4535475969314575,0.03942233696579933,0.019969267770648003,109,244
193,6433,19,0.062326014041900635,0.5296927094459534,-0.09991110861301422,0.6912785768508911,59,286
193,6433,20,0.10977606475353241,0.4510747194290161,0.03182540833950043,0.01924568973481655,105,243
193,6433,21,0.06331693381071091,0.5180953741073608,-0.0928550660610199,0.6022683382034302,60,279
193,6433,22,0.10981681942939758,0.44587650895118713,0.03130965679883957,0.019288646057248116,105,240
193,6433,23,0.07970798015594482,0.4910818636417389,-0.04262179881334305,0.999962568283081,76,265
193,6433,24,0.11145732551813126,0.48334887623786926,0.042518775910139084,0.9999191164970398,106,261
193,6433,25,0.08307003974914551,0.6250891089439392,0.024401668459177017,0.9601896405220032,79,337
193,6433,26,0.09229478240013123,0.5988259315490723,0.09735961258411407,0.6259240508079529,88,323
193,6433,27,0.1027136743068695,0.7672515511512756,0.05696812644600868,0.9630966782569885,98,414
193,6433,28,0.14351274073123932,0.7118457555770874,0.11480137705802917,0.7990378737449646,137,384
193,6433,29,0.11828020215034485,0.7962198257446289,0.058675721287727356,0.9274410605430603,113,429
193,6433,30,0.15658217668533325,0.7204782366752625,0.11573279649019241,0.81758052110672,150,389
193,6433,31,0.0653446838259697,0.8021243810653687,0.027152014896273613,0.9479672908782959,62,433
193,6433,32,0.13222426176071167,0.7675164341926575,0.10016181319952011,0.7992795705795288,126,414
194,6466,0,0.0490986593067646,0.22774793207645416,0.025991540402173996,0.9951965808868408,47,122
194,6466,1,0.04602343961596489,0.21666117012500763,0.00452770059928298,0.9943670630455017,44,116
194,6466,2,0.04477306082844734,0.21721643209457397,0.004416284617036581,0.9942501187324524,42,117
194,6466,3,0.04344527795910835,0.21793635189533234,0.004491147119551897,0.9952996969223022,41,117
194,6466,4,0.0508105605840683,0.21279849112033844,0.01537511870265007,0.99465411901474,48,114
194,6466,5,0.052903030067682266,0.21057526767253876,0.015188300982117653,0.9955689907073975,50,113
194,6466,6,0.05503308027982712,0.20824328064918518,0.015100500546395779,0.996528148651123,52,112
194,6466,7,0.045389868319034576,0.2221507579088211,-0.06586398929357529,0.9979228377342224,43,119
194,6466,8,0.06233884021639824,0.20778807997703552,-0.012355678714811802,0.9958271384239197,59,112
194,6466,9,0.05011846125125885,0.2380174994468689,0.007129725534468889,0.9953635931015015,48,128
194,6466,10,0.05421185493469238,0.23495608568191528,0.019641466438770294,0.9937242269515991,52,126
194,6466,11,0.04668598249554634,0.2803666591644287,-0.11162782460451126,0.9999485015869141,44,151
194,6466,12,0.10567450523376465,0.27589794993400574,0.007474569603800774,0.9986709356307983,101,148
194,6466,13,0.052952349185943604,0.38681721687316895,-0.12357661128044128,0.9269532561302185,50,208
194,6466,14,0.12310566753149033,0.37392354011535645,0.003312431275844574,0.0645097941160202,118,201
194,6466,15,0.04807472601532936,0.4796142578125,-0.10446761548519135,0.734887421131134,46,258
194,6466,16,0.11168234050273895,0.43949082493782043,0.014599869959056377,0.01306853722780943,107,237
194,6466,17,0.0477311871945858,0.5094249248504639,-0.10908019542694092,0.7064095735549927,45,275
194,6466,18,0.11118221282958984,0.4599792957305908,0.015108522959053516,0.01845216378569603,106,248
194,6466,19,0.0453651137650013,0.5148668885231018,-0.11219406872987747,0.6948115825653076,43,278
194,6466,20,0.10518749058246613,0.4567772448062897,0.010121586732566357,0.017746062949299812,100,246
194,6466,21,0.04572385177016258,0.5036407709121704,-0.10323426872491837,0.6023312211036682,43,271
194,6466,22,0.10463844239711761,0.4477352797985077,0.01184911746531725,0.01776755042374134,100,241
194,6466,23,0.06733224540948868,0.4834679067134857,-0.04235910251736641,0.9999597668647766,64,261
194,6466,24,0.10080278664827347,0.4789305031299591,0.04227311909198761,0.999908447265625,96,258
194,6466,25,0.0798252746462822,0.6200196146965027,0.019038427621126175,0.9611493349075317,76,334
194,6466,26,0.08452332019805908,0.5970517992973328,0.09856504946947098,0.5929794311523438,81,322
194,6466,27,0.10299290716648102,0.7648844122886658,0.03487864509224892,0.9654906392097473,98,413
194,6466,28,0.11849843710660934,0.7139716148376465,0.12107350677251816,0.7781603336334229,113,385
194,6466,29,0.1168656051158905,0.7946814894676208,0.03450815752148628,0.9314723610877991,112,429
194,6466,30,0.13097049295902252,0.7252207398414612,0.12191255390644073,0.805915355682373,125,391
194,6466,31,0.06671968847513199,0.800638735294342,-0.0009682810050435364,0.9496661424636841,64,432
194,6466,32,0.09636208415031433,0.7443585395812988,0.10713037103414536,0.7754773497581482,92,401
195,6500,0,0.047358188778162,0.22775541245937347,0.022145936265587807,0.9955772757530212,45,122
195,6500,1,0.04458912834525108,0.21637804806232452,0.0019981837831437588,0.9948355555534363,42,116
195,6500,2,0.04317057877779007,0.2168261855840683,0.0018768036970868707,0.9947278499603271,41,117
195,6500,3,0.041683897376060486,0.2174496203660965,0.001926647499203682,0.9956771731376648,40,117
195,6500,4,0.05024914816021919,0.21259988844394684,0.01358399260789156,0.9951145648956299,48,114
195,6500,5,0.05277309939265251,0.21028731763362885,0.013405200093984604,0.9959565997123718,50,113
195,6500,6,0.05524544417858124,0.20786504447460175,0.013302682898938656,0.9968265891075134,53,112
195,6500,7,0.04408366233110428,0.22092175483703613,-0.07203861325979233,0.9980901479721069,42,119
195,6500,8,0.06234092637896538,0.20637789368629456,-0.021731477230787277,0.9962005019187927,59,111
195,6500,9,0.04790568724274635,0.2377232015132904,0.005564230959862471,0.9957166314125061,45,128
195,6500,10,0.052886001765728,0.23482725024223328,0.016586177051067352,0.9942314028739929,50,126
195,6500,11,0.046326931565999985,0.2781541645526886,-0.11689817905426025,0.999950110912323,44,150
195,6500,12,0.10544434189796448,0.2750537097454071,-0.008495857939124107,0.9987615942955017,101,148
195,6500,13,0.047662992030382156,0.38852375745773315,-0.12614184617996216,0.9321433901786804,45,209
195,6500,14,0.12562578916549683,0.37524133920669556,-0.014327090233564377,0.08635268360376358,120,202
195,6500,15,0.04631230980157852,0.4813550114631653,-0.10946736484766006,0.7370601296424866,44,259
195,6500,16,0.11287938803434372,0.44234493374824524,-0.0002612009411677718,0.012541981413960457,108,238
195,6500,17,0.04517005383968353,0.5111083388328552,-0.11601635068655014,0.7061922550201416,43,275
195,6500,18,0.1125713512301445,0.466229647397995,6.586255767615512e-05,0.017337745055556297,108,251
195,6500,19,0.04395000636577606,0.516040563583374,-0.11767463386058807,0.6945735812187195,42,278
195,6500,20,0.10700640827417374,0.4612678587436676,-0.0047357575967907906,0.01660996302962303,102,249
195,6500,21,0.043741703033447266,0.5048049092292786,-0.10723421722650528,0.5985822677612305,41,272
195,6500,22,0.10652808099985123,0.45207035541534424,-0.0026220909785479307,0.016589367762207985,102,244
195,6500,23,0.06613259017467499,0.4840817451477051,-0.042998895049095154,0.9999589920043945,63,261
195,6500,24,0.09920885413885117,0.478240966796875,0.042912013828754425,0.9999057650566101,95,258
195,6500,25,0.0797395184636116,0.6201125383377075,0.016536014154553413,0.9637919664382935,76,334
195,6500,26,0.08293399959802628,0.5989456176757812,0.11529184132814407,0.5799158811569214,79,323
195,6500,27,0.10288652777671814,0.766180694103241,0.031617749482393265,0.9683321714401245,98,413
195,6500,28,0.11591020226478577,0.715391218662262,0.1451597362756729,0.7746105194091797,111,386
195,6500,29,0.11742158234119415,0.7978591322898865,0.030945848673582077,0.9368598461151123,112,430
195,6500,30,0.12905436754226685,0.7284618020057678,0.14672017097473145,0.8099054098129272,123,393
195,6500,31,0.06590954959392548,0.8016393780708313,-0.005291201174259186,0.9527812600135803,63,432
195,6500,32,0.09189493209123611,0.7405544519424438,0.13535235822200775,0.7677980661392212,88,399
196,6533,0,0.042950987815856934,0.22733235359191895,0.03983232006430626,0.995640218257904,41,122
196,6533,1,0.03921567648649216,0.21563784778118134,0.020648488774895668,0.9949042797088623,37,116
196,6533,2,0.03782285004854202,0.21599844098091125,0.020534386858344078,0.9947972297668457,36,116
196,6533,3,0.03627815097570419,0.2165750116109848,0.02059127204120159,0.9957180619239807,34,116
196,6533,4,0.04394489526748657,0.21257199347019196,0.029740704223513603,0.995211124420166,42,114
196,6533,5,0.04592890664935112,0.21049311757087708,0.029545938596129417,0.9960569143295288,44,113
196,6533,6,0.048087239265441895,0.20819050073623657,0.029460586607456207,0.9968848824501038,46,112
196,6533,7,0.0370771549642086,0.2209502011537552,-0.04384516924619675,0.9980986714363098,35,119
196,6533,8,0.05514572188258171,0.2068532556295395,-0.005991882644593716,0.9963083267211914,52,111
196,6533,9,0.044175464659929276,0.23735792934894562,0.02339649759232998,0.9956953525543213,42,128
196,6533,10,0.047787606716156006,0.23490449786186218,0.03336036205291748,0.9942685961723328,45,126
196,6533,11,0.03570534288883209,0.27867212891578674,-0.08882948756217957,0.9999489784240723,34,150
196,6533,12,0.0960412248969078,0.2744441628456116,0.005233021918684244,0.9987884163856506,92,148
196,6533,13,0.03525158390402794,0.38390251994132996,-0.1055021658539772,0.9353776574134827,33,207
196,6533,14,0.1176161915063858,0.37199774384498596,0.004894220735877752,0.0912015289068222,112,200
196,6533,15,0.021853050217032433,0.4669734239578247,-0.10136225074529648,0.7501732707023621,20,252
196,6533,16,0.10776539891958237,0.43917739391326904,0.024309616535902023,0.013072491623461246,103,237
196,6533,17,0.018435034900903702,0.49404945969581604,-0.10885009169578552,0.7189628481864929,17,266
196,6533,18,0.10819540917873383,0.45830878615379333,0.02530665509402752,0.017434198409318924,103,247
196,6533,19,0.018015239387750626,0.4944603145122528,-0.10983260720968246,0.7081193923950195,17,267
196,6533,20,0.10223538428544998,0.45612525939941406,0.02095929905772209,0.016656283289194107,98,246
196,6533,21,0.02069813571870327,0.483987420797348,-0.09962861984968185,0.6094383001327515,19,261
196,6533,22,0.10101509839296341,0.44745758175849915,0.0229562446475029,0.016297047957777977,96,241
196,6533,23,0.061848558485507965,0.4767622649669647,-0.04083918035030365,0.9999271035194397,59,257
196,6533,24,0.09557275474071503,0.4723445177078247,0.04073478654026985,0.9998313188552856,91,255
196,6533,25,0.07155362516641617,0.6155543923377991,-0.003585775615647435,0.9398325681686401,68,332
196,6533,26,0.08281231671571732,0.6000760197639465,0.06793678551912308,0.5308083295822144,79,324
196,6533,27,0.10241910815238953,0.7622746229171753,0.011006741784512997,0.9452574253082275,98,411
196,6533,28,0.10494465380907059,0.7356542944908142,0.09829674661159515,0.7111873030662537,100,397
196,6533,29,0.11654998362064362,0.7919366955757141,0.010458836331963539,0.9121012687683105,111,427
196,6533,30,0.1161365658044815,0.7568825483322144,0.10084662586450577,0.7590408325195312,111,408
196,6533,31,0.06846001744270325,0.7929984927177429,-0.018096769228577614,0.913526177406311,65,428
196,6533,32,0.07700316607952118,0.7417823672294617,0.1019209697842598,0.7035630941390991,73,400
197,6566,0,0.038922540843486786,0.22687670588493347,0.050361860543489456,0.9957454800605774,37,122
197,6566,1,0.03542650490999222,0.21518945693969727,0.030061783269047737,0.9950454235076904,34,116
197,6566,2,0.03370233625173569,0.21545487642288208,0.029947998002171516,0.9949237704277039,32,116
197,6566,3,0.031911395490169525,0.215904101729393,0.02998756617307663,0.9958280920982361,30,116
197,6566,4,0.04125621169805527,0.2121908813714981,0.04022533446550369,0.9953853487968445,39,114
197,6566,5,0.04352957010269165,0.21016639471054077,0.0400402806699276,0.9962036609649658,41,113
197,6566,6,0.045931581407785416,0.20794527232646942,0.03995058313012123,0.9969901442527771,44,112
197,6566,7,0.03395750746130943,0.21992017328739166,-0.03934335708618164,0.9981372356414795,32,118
197,6566,8,0.05204557627439499,0.20681306719779968,0.005134028848260641,0.9964492321014404,49,111
197,6566,9,0.039034321904182434,0.23660878837108612,0.031222322955727577,0.9958086609840393,37,127
197,6566,10,0.04389624670147896,0.23443548381328583,0.043129973113536835,0.9944373369216919,42,126
197,6566,11,0.035068441182374954,0.27580246329307556,-0.08622732013463974,0.9999499917030334,33,148
197,6566,12,0.09589938819408417,0.2736002504825592,0.010974179953336716,0.998842716217041,92,147
197,6566,13,0.03590267896652222,0.37761595845222473,-0.10858703404664993,0.9394650459289551,34,203
197,6566,14,0.11696137487888336,0.3728732764720917,0.005824771244078875,0.1014786958694458,112,201
197,6566,15,0.021447302773594856,0.4571755826473236,-0.10579709708690643,0.7668453454971313,20,246
197,6566,16,0.10826138406991959,0.4409860074520111,0.013285735622048378,0.013714761473238468,103,238
197,6566,17,0.017889762297272682,0.48318740725517273,-0.11316028982400894,0.7358616590499878,17,260
197,6566,18,0.10840411484241486,0.46102073788642883,0.011854870244860649,0.017476020380854607,104,248
197,6566,19,0.017247255891561508,0.4814395606517792,-0.1146475076675415,0.7257366180419922,16,259
197,6566,20,0.10236533731222153,0.4596918523311615,0.005836145952343941,0.016627587378025055,98,248
197,6566,21,0.019610906019806862,0.4715961217880249,-0.10431168228387833,0.6272020936012268,18,254
197,6566,22,0.10118304938077927,0.45131948590278625,0.010524457320570946,0.016029387712478638,97,243
197,6566,23,0.06188809499144554,0.4721909165382385,-0.038020674139261246,0.9999142289161682,59,254
197,6566,24,0.09336750954389572,0.4688401222229004,0.03791952505707741,0.9997923970222473,89,253
197,6566,25,0.07092969119548798,0.611896812915802,-0.015709953382611275,0.9278833270072937,68,330
197,6566,26,0.0806824192404747,0.5976794958114624,0.0645809918642044,0.4855138957500458,77,322
197,6566,27,0.10086502879858017,0.7610087394714355,-0.032028086483478546,0.9357405304908752,96,410
197,6566,28,0.09658817201852798,0.734478235244751,0.07972220331430435,0.6505786180496216,92,396
197,6566,29,0.11578408628702164,0.7916253805160522,-0.035990338772535324,0.9022599458694458,111,427
197,6566,30,0.10236044973134995,0.7529312372207642,0.08015566319227219,0.7100194096565247,98,406
197,6566,31,0.06814754754304886,0.7901254296302795,-0.06952216476202011,0.8927509784698486,65,426
197,6566,32,0.07359229028224945,0.7455335259437561,0.07548033446073532,0.6436395645141602,70,402
198,6600,0,0.03197809308767319,0.2235257923603058,0.050186119973659515,0.9959024786949158,30,120
198,6600,1,0.028475889936089516,0.2115461826324463,0.028999831527471542,0.9952220320701599,27,114
198,6600,2,0.026912473142147064,0.21178574860095978,0.028895163908600807,0.9950963854789734,25,114
198,6600,3,0.025225693359971046,0.21222171187400818,0.028947848826646805,0.9959316849708557,24,114
198,6600,4,0.03380707651376724,0.20932172238826752,0.03970402851700783,0.9956429600715637,32,113
198,6600,5,0.03598407655954361,0.2077120989561081,0.039508942514657974,0.9964392781257629,34,112
198,6600,6,0.03822886571288109,0.2058156430721283,0.039426226168870926,0.9971761107444763,36,111
198,6600,7,0.025685440748929977,0.217760369181633,-0.04106921702623367,0.9981979131698608,24,117
198,6600,8,0.0445740781724453,0.20608219504356384,0.006735972594469786,0.9967019557952881,42,111
198,6600,9,0.03256732597947121,0.23379451036453247,0.031205737963318825,0.9959715604782104,31,126
198,6600,10,0.03667294979095459,0.23177598416805267,0.043910641223192215,0.9947621822357178,35,125
198,6600,11,0.024855198338627815,0.27411091327667236,-0.09160908311605453,0.9999457597732544,23,148
198,6600,12,0.08282608538866043,0.2717885673046112,0.015849780291318893,0.9989191293716431,79,146
198,6600,13,0.017662309110164642,0.3805968165397644,-0.09544617682695389,0.9438003897666931,16,205
198,6600,14,0.10787399858236313,0.3706408739089966,0.03165100887417793,0.1458716094493866,103,200
198,6600,15,-0.006235122215002775,0.45191994309425354,-0.053220201283693314,0.7666375637054443,-5,244
198,6600,16,0.10285930335521698,0.4430890679359436,0.04972930997610092,0.02102314680814743,98,239
198,6600,17,-0.01142012421041727,0.4737758934497833,-0.056269388645887375,0.7337219715118408,-10,255
198,6600,18,0.10509104281663895,0.4640321433544159,0.0510018952190876,0.02331189066171646,100,250
198,6600,19,-0.011241015046834946,0.4700618088245392,-0.055241480469703674,0.7240082025527954,-10,253
198,6600,20,0.09866021573543549,0.46100538969039917,0.04428617283701897,0.022035405039787292,94,248
198,6600,21,-0.005576202180236578,0.4626005291938782,-0.04965211823582649,0.6214727163314819,-5,249
198,6600,22,0.09599435329437256,0.45208439230918884,0.04703103005886078,0.020595358684659004,92,244
198,6600,23,0.05841739475727081,0.4701373875141144,-0.03852568939328194,0.9998970031738281,56,253
198,6600,24,0.08220125734806061,0.4648177921772003,0.03844519332051277,0.9997693300247192,78,251
198,6600,25,0.07398255914449692,0.6116020083427429,-0.010230695828795433,0.9342333078384399,71,330
198,6600,26,0.05495041236281395,0.5959397554397583,0.0961310863494873,0.5119597315788269,52,321
198,6600,27,0.10007600486278534,0.7577986717224121,-0.0033224080689251423,0.9415362477302551,96,409
198,6600,28,0.062185004353523254,0.7312635183334351,0.15228214859962463,0.6751698851585388,59,394
198,6600,29,0.11330009251832962,0.7870965003967285,-0.0007155108614824712,0.9092667698860168,108,425
198,6600,30,0.06867144256830215,0.7515460252761841,0.1568889021873474,0.7278327345848083,65,405
198,6600,31,0.06109717860817909,0.790148138999939,-0.06651876121759415,0.9005982875823975,58,426
198,6600,32,0.03509186953306198,0.7574505805969238,0.14013761281967163,0.660057008266449,33,409
199,6633,0,0.03004617616534233,0.22355836629867554,0.04966307058930397,0.9959384799003601,28,120
199,6633,1,0.02647560089826584,0.21163102984428406,0.02882717177271843,0.9952756762504578,25,114
199,6633,2,0.024543387815356255,0.21186544001102448,0.028734704479575157,0.9951040148735046,23,114
199,6633,3,0.022638600319623947,0.21225179731845856,0.028795527294278145,0.9959061741828918,21,114
199,6633,4,0.03244083374738693,0.2089422345161438,0.040237560868263245,0.9958180785179138,31,112
199,6633,5,0.03480887413024902,0.20711155235767365,0.04003386199474335,0.9966042041778564,33,111
199,6633,6,0.03703085705637932,0.20517981052398682,0.039944734424352646,0.9973150491714478,35,110
199,6633,7,0.024189027026295662,0.21733291447162628,-0.0385826900601387,0.998183012008667,23,117
199,6633,8,0.0430060513317585,0.20583723485469818,0.012742341496050358,0.9968976378440857,41,111
199,6633,9,0.030114807188510895,0.233662948012352,0.03167765587568283,0.9960008263587952,28,126
199,6633,10,0.03496617451310158,0.23155921697616577,0.04531579837203026,0.9949486255645752,33,125
199,6633,11,0.025548795238137245,0.27206575870513916,-0.08615756779909134,0.999931812286377,24,146
199,6633,12,0.08430293202400208,0.2709299623966217,0.02353796735405922,0.9989545941352844,80,146
199,6633,13,0.018612567335367203,0.37999388575553894,-0.09507191181182861,0.9448885321617126,17,205
199,6633,14,0.10591708868741989,0.37008291482925415,0.03801386058330536,0.16446325182914734,101,199
199,6633,15,-0.008705170825123787,0.4457530975341797,-0.06386610865592957,0.7453020811080933,-8,240
199,6633,16,0.10093120485544205,0.44269445538520813,0.05208485573530197,0.021347850561141968,96,239
199,6633,17,-0.013194913975894451,0.4642952084541321,-0.06852862983942032,0.713068962097168,-12,250
199,6633,18,0.10364320129156113,0.46344783902168274,0.05233468860387802,0.023195216432213783,99,250
199,6633,19,-0.014039544388651848,0.46009907126426697,-0.06703420728445053,0.704138457775116,-13,248
199,6633,20,0.09594615548849106,0.46205073595046997,0.04553449898958206,0.02194921113550663,92,249
199,6633,21,-0.008077086880803108,0.45334702730178833,-0.060414161533117294,0.5967416167259216,-7,244
199,6633,22,0.09374810755252838,0.45449450612068176,0.049101609736680984,0.020444341003894806,89,245
199,6633,23,0.05632937327027321,0.4674140214920044,-0.039610765874385834,0.9998542070388794,54,252
199,6633,24,0.08153021335601807,0.46307799220085144,0.03952261060476303,0.9997034668922424,78,250
199,6633,25,0.07392505556344986,0.6113755702972412,-0.014678625389933586,0.938154399394989,70,330
199,6633,26,0.05012989416718483,0.5944539904594421,0.08652179688215256,0.5183748006820679,48,321
199,6633,27,0.10047176480293274,0.7575105428695679,0.005756963975727558,0.9457001686096191,96,409
199,6633,28,0.05757245048880577,0.7286284565925598,0.1355091780424118,0.6837143898010254,55,393
199,6633,29,0.11250415444374084,0.7851590514183044,0.006799538619816303,0.9117830991744995,108,423
199,6633,30,0.06250769644975662,0.750028133392334,0.1393018513917923,0.730103075504303,60,405
199,6633,31,0.0631590262055397,0.7909138202667236,-0.04346861317753792,0.9043781161308289,60,427
199,6633,32,0.03057522140443325,0.7647784352302551,0.11752460896968842,0.658275842666626,29,412
200,6666,0,0.02324245497584343,0.22376121580600739,-0.0513707660138607,0.9962497353553772,22,120
200,6666,1,0.02144019491970539,0.2116517573595047,-0.06585483998060226,0.9956327676773071,20,114
200,6666,2,0.020731767639517784,0.2117241472005844,-0.06600061804056168,0.995487630367279,19,114
200,6666,3,0.019805345684289932,0.2119552344083786,-0.06595414876937866,0.9962202906608582,19,114
200,6666,4,0.02389291487634182,0.20917710661888123,-0.050853002816438675,0.9961408376693726,22,112
200,6666,5,0.025006867945194244,0.20725782215595245,-0.05105200037360191,0.9968697428703308,24,111
200,6666,6,0.02605212666094303,0.20585447549819946,-0.051127467304468155,0.997512698173523,25,111
200,6666,7,0.022022206336259842,0.21651916205883026,-0.09400682151317596,0.9983234405517578,21,116
200,6666,8,0.031628891825675964,0.20761027932167053,-0.024897899478673935,0.9971051812171936,30,112
200,6666,9,0.025433098897337914,0.23381240665912628,-0.05543855205178261,0.9962168335914612,24,126
200,6666,10,0.026795433834195137,0.23159611225128174,-0.03686278313398361,0.9951812028884888,25,125
200,6666,11,0.033702097833156586,0.27037137746810913,-0.11967106908559799,0.9999257922172546,32,146
200,6666,12,0.05865554139018059,0.27117910981178284,0.03034999407827854,0.9987395405769348,56,146
200,6666,13,0.031399622559547424,0.3631851375102997,-0.1389111429452896,0.9370073676109314,30,196
200,6666,14,0.08424072712659836,0.3669721782207489,0.04666515439748764,0.14967453479766846,80,198
200,6666,15,0.006829659920185804,0.43149980902671814,-0.1301518976688385,0.7272111177444458,6,233
200,6666,16,0.08319301158189774,0.44052043557167053,0.018490267917513847,0.021955767646431923,79,237
200,6666,17,0.002594936639070511,0.44780975580215454,-0.14406006038188934,0.6974273324012756,2,241
200,6666,18,0.08505843579769135,0.4581885039806366,0.011343789286911488,0.025837372988462448,81,247
200,6666,19,-0.003757352475076914,0.44423267245292664,-0.1452905535697937,0.6900487542152405,-3,239
200,6666,20,0.07964180409908295,0.45907777547836304,-0.002500648843124509,0.025094494223594666,76,247
200,6666,21,0.005293762777000666,0.43901190161705017,-0.12881368398666382,0.5808957815170288,5,237
200,6666,22,0.07819851487874985,0.4524121880531311,0.010653016157448292,0.023171382024884224,75,244
200,6666,23,0.05378374829888344,0.46616896986961365,-0.052725471556186676,0.9997394680976868,51,251
200,6666,24,0.05972988158464432,0.4613366425037384,0.052633751183748245,0.9994232058525085,57,249
200,6666,25,0.06888016313314438,0.6059916019439697,-0.05267133191227913,0.9424775838851929,66,327
200,6666,26,0.043355174362659454,0.5863791108131409,0.1162404716014862,0.5030805468559265,41,316
200,6666,27,0.09987737983465195,0.7556989789009094,-0.06624258309602737,0.9504479765892029,95,408
200,6666,28,0.04033871740102768,0.7070872783660889,0.18236202001571655,0.6961527466773987,38,381
200,6666,29,0.11372030526399612,0.7846184968948364,-0.072211854159832,0.9151256084442139,109,423
200,6666,30,0.04602956026792526,0.7254872918128967,0.18629351258277893,0.7321098446846008,44,391
200,6666,31,0.06106631085276604,0.7900291681289673,-0.15646977722644806,0.9128614664077759,58,426
200,6666,32,0.01615765132009983,0.7504891753196716,0.14655788242816925,0.6783064007759094,15,405
201,6700,0,0.021636806428432465,0.2236337512731552,-0.04729178175330162,0.9961847066879272,20,120
201,6700,1,0.01906632073223591,0.21163035929203033,-0.06636159121990204,0.9954673051834106,18,114
201,6700,2,0.017890164628624916,0.21158599853515625,-0.06650681048631668,0.9953189492225647,17,114
201,6700,3,0.016577698290348053,0.21168982982635498,-0.06645297259092331,0.9960710406303406,15,114
201,6700,4,0.022387130185961723,0.20939987897872925,-0.05417102947831154,0.9961168766021729,21,113
201,6700,5,0.023651648312807083,0.20741483569145203,-0.05439193546772003,0.9968768358230591,22,112
201,6700,6,0.024683544412255287,0.20607060194015503,-0.05448493734002113,0.997523844242096,23,111
201,6700,7,0.01856175810098648,0.21615523099899292,-0.11178790032863617,0.9982458353042603,17,116
201,6700,8,0.029344234615564346,0.2086474895477295,-0.05527696758508682,0.9970971941947937,28,112
201,6700,9,0.023064006119966507,0.23357424139976501,-0.05683382600545883,0.9960528612136841,22,126
201,6700,10,0.024907996878027916,0.23182517290115356,-0.0418703593313694,0.9950411319732666,23,125
201,6700,11,0.029045572504401207,0.27115920186042786,-0.1289862096309662,0.9999041557312012,27,146
201,6700,12,0.057523276656866074,0.2707494795322418,-0.0011285243090242147,0.9987101554870605,55,146
201,6700,13,0.03871811553835869,0.367031067609787,-0.1145244687795639,0.8720215559005737,37,198
201,6700,14,0.07479037344455719,0.3680790364742279,0.03443068265914917,0.13579069077968597,71,198
201,6700,15,0.022165218368172646,0.42737439274787903,-0.055485889315605164,0.6603237390518188,21,230
201,6700,16,0.0603196807205677,0.4310888648033142,0.02130861021578312,0.0221596360206604,57,232
201,6700,17,0.01849515363574028,0.4414430856704712,-0.057481441646814346,0.6351156830787659,17,238
201,6700,18,0.05771135166287422,0.4437965750694275,0.01748574711382389,0.027534253895282745,55,239
201,6700,19,0.016397999599575996,0.4352041184902191,-0.06214282661676407,0.6288203001022339,15,235
201,6700,20,0.05113606154918671,0.44683638215065,0.005242195446044207,0.027202483266592026,49,241
201,6700,21,0.02127782627940178,0.43055665493011475,-0.05429529398679733,0.5284116864204407,20,232
201,6700,22,0.051326122134923935,0.44235730171203613,0.014590860344469547,0.024948962032794952,49,238
201,6700,23,0.05568836256861687,0.46553516387939453,-0.05189482495188713,0.999552845954895,53,251
201,6700,24,0.05898439139127731,0.46037641167640686,0.05175146833062172,0.9991515278816223,56,248
201,6700,25,0.06945783644914627,0.6060226559638977,-0.036047447472810745,0.9368984699249268,66,327
201,6700,26,0.03911023586988449,0.580335259437561,0.10898806899785995,0.47503095865249634,37,313
201,6700,27,0.09893572330474854,0.7525501847267151,-0.03116455487906933,0.9505766034126282,94,406
201,6700,28,0.039542876183986664,0.6951625347137451,0.17421971261501312,0.6879120469093323,37,375
201,6700,29,0.11240320652723312,0.7812076210975647,-0.03422274440526962,0.8984133005142212,107,421
201,6700,30,0.04488236457109451,0.7140381336212158,0.17945101857185364,0.7132629752159119,43,385
201,6700,31,0.060277875512838364,0.7864903211593628,-0.09741952270269394,0.9124777913093567,57,424
201,6700,32,0.01872929185628891,0.7429004311561584,0.15213944017887115,0.6746749877929688,17,401
202,6733,0,0.010334127582609653,0.22713451087474823,0.019568679854273796,0.9964513182640076,9,122
202,6733,1,0.008607681840658188,0.21432581543922424,-0.0033112766686826944,0.995757520198822,8,115
202,6733,2,0.007683233357965946,0.21439331769943237,-0.0033906917087733746,0.9955804944038391,7,115
202,6733,3,0.006663457024842501,0.2145034372806549,-0.0033482438884675503,0.9962497353553772,6,115
202,6733,4,0.0124179283156991,0.21246467530727386,0.012334237806499004,0.9964257478713989,11,114
202,6733,5,0.014086971990764141,0.21075230836868286,0.012145702727138996,0.9971345663070679,13,113
202,6733,6,0.01594003476202488,0.20935943722724915,0.012086419388651848,0.9977301955223083,15,113
202,6733,7,0.008211098611354828,0.21873115003108978,-0.06811651587486267,0.998333215713501,7,118
202,6733,8,0.02180114947259426,0.2117452621459961,0.003266005776822567,0.9973530173301697,20,114
202,6733,9,0.011829406023025513,0.23735707998275757,0.0032719566952437162,0.9962300062179565,11,128
202,6733,10,0.015251358970999718,0.235432967543602,0.02250402793288231,0.9953746795654297,14,127
202,6733,11,0.012179022654891014,0.27865540981292725,-0.11286567151546478,0.9998786449432373,11,150
202,6733,12,0.05857964605093002,0.2726305425167084,0.03256819769740105,0.9988030195236206,56,147
202,6733,13,0.023198183625936508,0.36756348609924316,-0.12019981443881989,0.859092116355896,22,198
202,6733,14,0.08329412341117859,0.3687877058982849,0.043909307569265366,0.15485887229442596,79,199
202,6733,15,0.023029891774058342,0.43492239713668823,-0.06983326375484467,0.6029337644577026,22,234
202,6733,16,0.0762268677353859,0.4398776590824127,0.02531011961400509,0.024830307811498642,73,237
202,6733,17,0.02294408716261387,0.4496036469936371,-0.07670608162879944,0.5817069411277771,22,242
202,6733,18,0.07686532288789749,0.4665605127811432,0.021181773394346237,0.03022652305662632,73,251
202,6733,19,0.0229167602956295,0.44326627254486084,-0.07992656528949738,0.5764390230178833,22,239
202,6733,20,0.0718531608581543,0.4699956774711609,0.008858899585902691,0.03004959039390087,68,253
202,6733,21,0.026082906872034073,0.43852439522743225,-0.06794264912605286,0.48298588395118713,25,236
202,6733,22,0.07152768969535828,0.4612220525741577,0.01852724701166153,0.02749953232705593,68,249
202,6733,23,0.0438491627573967,0.47885844111442566,-0.053865738213062286,0.9992611408233643,42,258
202,6733,24,0.056575797498226166,0.46913066506385803,0.053754210472106934,0.9989389777183533,54,253
202,6733,25,0.06992463767528534,0.6172595620155334,-0.03328021243214607,0.9379288554191589,67,333
202,6733,26,0.02672707661986351,0.6029953360557556,0.10739658027887344,0.47539660334587097,25,325
202,6733,27,0.09907945990562439,0.7570955753326416,-0.021906644105911255,0.9521172642707825,95,408
202,6733,28,0.00963419396430254,0.7363147735595703,0.15743446350097656,0.698139488697052,9,397
202,6733,29,0.11270902305841446,0.7835268974304199,-0.027363747358322144,0.9008730053901672,108,423
202,6733,30,0.012366635724902153,0.7589937448501587,0.15796272456645966,0.7244261503219604,11,409
202,6733,31,0.06184693053364754,0.7945153117179871,-0.0760568380355835,0.9132355451583862,59,429
202,6733,32,-0.019432704895734787,0.7690326571464539,0.10975102335214615,0.6817899346351624,-18,415
203,6766,0,0.010589866898953915,0.22755640745162964,0.06745585054159164,0.995002806186676,10,122
203,6766,1,0.008700908161699772,0.21477043628692627,0.044367361813783646,0.9932054877281189,8,115
203,6766,2,0.007843190804123878,0.21487168967723846,0.0442594438791275,0.9917780756950378,7,116
203,6766,3,0.00691872276365757,0.21501773595809937,0.044281281530857086,0.9928313493728638,6,116
203,6766,4,0.012474273331463337,0.21295633912086487,0.056990258395671844,0.9954043626785278,11,114
203,6766,5,0.013954566791653633,0.21164681017398834,0.056781746447086334,0.9964147210121155,13,114
203,6766,6,0.015735842287540436,0.21039815247058868,0.056705769151449203,0.9973759651184082,15,113
203,6766,7,0.008159562014043331,0.21913672983646393,-0.02908715046942234,0.9965604543685913,7,118
203,6766,8,0.021838242188096046,0.21274806559085846,0.029418349266052246,0.997015655040741,20,114
203,6766,9,0.011736558750271797,0.23776143789291382,0.04778139665722847,0.9941481947898865,11,128
203,6766,10,0.015267877839505672,0.2362620234489441,0.06332322210073471,0.9942001104354858,14,127
203,6766,11,0.005714174825698137,0.28010329604148865,-0.06733931601047516,0.9998188614845276,5,151
203,6766,12,0.056591518223285675,0.27278873324394226,0.0421811006963253,0.9988908171653748,54,147
203,6766,13,0.020764462649822235,0.36824825406074524,-0.06312245875597,0.7888237237930298,19,198
203,6766,14,0.08264534175395966,0.36928004026412964,0.05042115971446037,0.15236300230026245,79,199
203,6766,15,0.02358662523329258,0.42921194434165955,-0.007051847875118256,0.5450234413146973,22,231
203,6766,16,0.08212867379188538,0.44572460651397705,0.028292808681726456,0.06532390415668488,78,240
203,6766,17,0.022971777245402336,0.44351303577423096,-0.006230499129742384,0.5267513394355774,22,239
203,6766,18,0.08356796950101852,0.47486138343811035,0.02214948460459709,0.0742865726351738,80,256
203,6766,19,0.02518893964588642,0.43801698088645935,-0.011040166951715946,0.521964967250824,24,236
203,6766,20,0.07883980125188828,0.4781841039657593,0.010680817998945713,0.07400786131620407,75,258
203,6766,21,0.0284588560461998,0.43354660272598267,-0.0061172423884272575,0.43703657388687134,27,234
203,6766,22,0.07871793955564499,0.47518011927604675,0.021717006340622902,0.06218768656253815,75,256
203,6766,23,0.04288090392947197,0.48378562927246094,-0.04800383746623993,0.9991360306739807,41,261
203,6766,24,0.05149972066283226,0.4761083424091339,0.047837868332862854,0.9989195466041565,49,257
203,6766,25,0.06493695080280304,0.6269122958183289,-0.021526522934436798,0.9291415214538574,62,338
203,6766,26,0.029738379642367363,0.6060867309570312,0.10710039734840393,0.457571417093277,28,327
203,6766,27,0.09785826504230499,0.7575187683105469,0.005147359799593687,0.9421871900558472,93,409
203,6766,28,0.010395031422376633,0.7422025799751282,0.1509099006652832,0.6799678206443787,9,400
203,6766,29,0.11001529544591904,0.7842183709144592,0.003908249549567699,0.8824620246887207,105,423
203,6766,30,0.02274141274392605,0.7782251238822937,0.15129633247852325,0.7090277671813965,21,420
203,6766,31,0.06301365047693253,0.7956559658050537,-0.03691546991467476,0.8828335404396057,60,429
203,6766,32,-0.010432364419102669,0.7691947221755981,0.10942748188972473,0.6497836112976074,-10,415
204,6800,0,0.0008325425442308187,0.22904282808303833,-0.07471968233585358,0.9623921513557434,0,123
204,6800,1,-0.0002350897411815822,0.2166140377521515,-0.0903182253241539,0.9560754895210266,0,116
204,6800,2,-0.0005068685277365148,0.21646909415721893,-0.09052717685699463,0.9627513289451599,0,116
204,6800,3,-0.0006648996495641768,0.2163534164428711,-0.0905294120311737,0.9711438417434692,0,116
204,6800,4,0.0014575663954019547,0.21600131690502167,-0.07336795330047607,0.9531022310256958,1,116
204,6800,5,0.002260631648823619,0.2154543250799179,-0.07354463636875153,0.9610576629638672,2,116
204,6800,6,0.0030665569938719273,0.21714401245117188,-0.07365278899669647,0.9628075361251831,2,117
204,6800,7,0.0014168010093271732,0.2194054126739502,-0.1258307546377182,0.9903828501701355,1,118
204,6800,8,0.014562475495040417,0.22054435312747955,-0.0469253808259964,0.9597494602203369,13,119
204,6800,9,0.0017544166184961796,0.23975498974323273,-0.0814862996339798,0.9810331463813782,1,129
204,6800,10,0.0031402765307575464,0.2396102398633957,-0.06032659113407135,0.9711920022964478,3,129
204,6800,11,0.016244227066636086,0.27999764680862427,-0.1558983325958252,0.9997719526290894,15,151
204,6800,12,0.021702231839299202,0.2814050018787384,0.023694287985563278,0.9947707653045654,20,151
204,6800,13,0.05409194156527519,0.3697839081287384,-0.18583443760871887,0.8051551580429077,51,199
204,6800,14,0.04708845168352127,0.37152358889579773,0.04469452053308487,0.13835659623146057,45,200
204,6800,15,0.06515979021787643,0.4460148215293884,-0.20127621293067932,0.5766534805297852,62,240
204,6800,16,0.05577067658305168,0.447537362575531,0.0014496106887236238,0.061400916427373886,53,241
204,6800,17,0.061531756073236465,0.474606990814209,-0.22093579173088074,0.5560687184333801,59,256
204,6800,18,0.05794643238186836,0.4746914207935333,-0.007058165967464447,0.07142988592386246,55,256
204,6800,19,0.05819009616971016,0.47089841961860657,-0.22476987540721893,0.5525598526000977,55,254
204,6800,20,0.05497867614030838,0.47714945673942566,-0.025596024468541145,0.07203364372253418,52,257
204,6800,21,0.057280395179986954,0.46643194556236267,-0.2015393227338791,0.4659605324268341,54,251
204,6800,22,0.054294370114803314,0.4734238386154175,-0.00874869991093874,0.061501193791627884,52,255
204,6800,23,0.03781075403094292,0.476530522108078,-0.05439610406756401,0.9979897737503052,36,257
204,6800,24,0.03053455613553524,0.47553858160972595,0.05430369824171066,0.9950684905052185,29,256
204,6800,25,0.06294219940900803,0.6193938255310059,-0.041877634823322296,0.912977933883667,60,334
204,6800,26,0.034985724836587906,0.6054568886756897,0.07939359545707703,0.42209964990615845,33,326
204,6800,27,0.09488233923912048,0.7571123242378235,0.004934311378747225,0.9413844347000122,91,408
204,6800,28,0.05689472705125809,0.7410868406295776,0.1483624428510666,0.6559290885925293,54,400
204,6800,29,0.10820981860160828,0.7839869856834412,0.0035599677357822657,0.861588180065155,103,423
204,6800,30,0.06664839386940002,0.7679170370101929,0.15166087448596954,0.6820399165153503,63,414
204,6800,31,0.06307610124349594,0.7953475117683411,-0.08900085836648941,0.8834114670753479,60,429
204,6800,32,0.03521564230322838,0.7744725346565247,0.09617466479539871,0.6399500966072083,33,418
205,6833,0,-0.002820822410285473,0.22922593355178833,-0.05301773548126221,0.927742600440979,-2,123
205,6833,1,-0.0038058082573115826,0.21679727733135223,-0.0686909481883049,0.9176627397537231,-3,117
205,6833,2,-0.004086200147867203,0.21666279435157776,-0.06886202841997147,0.9280209541320801,-3,116
205,6833,3,-0.004320769105106592,0.21545980870723724,-0.06884955614805222,0.9429656267166138,-4,116
205,6833,4,0.0002196399582317099,0.21680450439453125,-0.05154291167855263,0.9176973104476929,0,117
205,6833,5,0.0016598833026364446,0.21708601713180542,-0.05173796787858009,0.9320754408836365,1,117
205,6833,6,0.003008074825629592,0.21860764920711517,-0.05185569450259209,0.9380716681480408,2,118
205,6833,7,-0.0017520628171041608,0.217972069978714,-0.10790212452411652,0.9791773557662964,-1,117
205,6833,8,0.012098017148673534,0.22108085453510284,-0.030726153403520584,0.9349634647369385,11,119
205,6833,9,-0.002137604169547558,0.23950012028217316,-0.061353642493486404,0.961391031742096,-2,129
205,6833,10,-0.0005564690800383687,0.2399437576532364,-0.039930202066898346,0.9474576115608215,0,129
205,6833,11,0.020565342158079147,0.27991312742233276,-0.138406440615654,0.9996358752250671,19,151
205,6833,12,0.023830248042941093,0.28269052505493164,0.032690536230802536,0.9926130175590515,22,152
205,6833,13,0.05491749569773674,0.37088584899902344,-0.16440974175930023,0.8106394410133362,52,200
205,6833,14,0.0536322146654129,0.377448707818985,0.05484289303421974,0.12548592686653137,51,203
205,6833,15,0.05931989476084709,0.45983338356018066,-0.1699567437171936,0.5761712789535522,56,248
205,6833,16,0.06123936176300049,0.4530242383480072,0.008568939752876759,0.059588585048913956,58,244
205,6833,17,0.06128643453121185,0.48016658425331116,-0.18572571873664856,0.5548707246780396,58,259
205,6833,18,0.06331977248191833,0.47556304931640625,0.004729486536234617,0.07185138016939163,60,256
205,6833,19,0.057246845215559006,0.47810617089271545,-0.18997612595558167,0.5529069304466248,54,258
205,6833,20,0.05989611893892288,0.4787093698978424,-0.010652630589902401,0.07351851463317871,57,258
205,6833,21,0.0563921257853508,0.4728148579597473,-0.17022384703159332,0.46217626333236694,54,255
205,6833,22,0.05918518081307411,0.4732588529586792,0.0022868297528475523,0.06362751871347427,56,255
205,6833,23,0.03310929983854294,0.47137898206710815,-0.05756964907050133,0.9967558979988098,31,254
205,6833,24,0.027396995574235916,0.47057899832725525,0.05750709027051926,0.9926559925079346,26,254
205,6833,25,0.0608903206884861,0.6156140565872192,-0.03617170825600624,0.885749876499176,58,332
205,6833,26,0.04264547675848007,0.6049636006355286,0.06615713983774185,0.38588228821754456,40,326
205,6833,27,0.09384702891111374,0.7570906281471252,-0.0022306181490421295,0.9363923668861389,90,408
205,6833,28,0.07308201491832733,0.7449862957000732,0.12253961712121964,0.6207712292671204,70,402
205,6833,29,0.10652140527963638,0.7839393019676208,-0.005387700628489256,0.8299213647842407,102,423
205,6833,30,0.08001428097486496,0.7709387540817261,0.12469744682312012,0.6470856666564941,76,416
205,6833,31,0.06267395615577698,0.7951937913894653,-0.09714540094137192,0.8765977025032043,60,429
205,6833,32,0.04790612310171127,0.7766596078872681,0.06567954272031784,0.6180264949798584,45,419
206,6866,0,-0.006615041755139828,0.22919894754886627,0.10146588832139969,0.9347165822982788,-6,123
206,6866,1,-0.00920337624847889,0.21690693497657776,0.07842040807008743,0.9253251552581787,-8,117
206,6866,2,-0.011121656745672226,0.2169211506843567,0.07829297333955765,0.9347033500671387,-10,117
206,6866,3,-0.012632321566343307,0.21631470322608948,0.07827594876289368,0.9478292465209961,-12,116
206,6866,4,-0.0032489800360053778,0.2167494148015976,0.08841565251350403,0.9257040023803711,-3,117
206,6866,5,-0.0013180274982005358,0.21695032715797424,0.08824852108955383,0.9387649893760681,-1,117
206,6866,6,0.0005076014203950763,0.21834087371826172,0.08813449740409851,0.9441668391227722,0,117
206,6866,7,-0.014173016883432865,0.22036288678646088,-0.0075317975133657455,0.9809979796409607,-13,118
206,6866,8,0.005277728661894798,0.22084392607212067,0.03836615011096001,0.9413939118385315,5,119
206,6866,9,-0.00854772049933672,0.239522784948349,0.07631011307239532,0.964608371257782,-8,129
206,6866,10,-0.0030547187197953463,0.23991800844669342,0.08827391266822815,0.9524205327033997,-2,129
206,6866,11,-0.02688579075038433,0.28237125277519226,-0.0775458812713623,0.9996492266654968,-25,152
206,6866,12,0.03587906062602997,0.2846910059452057,0.03813654184341431,0.9933478236198425,34,153
206,6866,13,-0.022916512563824654,0.37407806515693665,-0.07267778366804123,0.8239534497261047,-21,202
206,6866,14,0.06459149718284607,0.3793851435184479,0.028449447825551033,0.2126079648733139,62,204
206,6866,15,-0.01955483667552471,0.44408443570137024,0.006474114954471588,0.5368160009384155,-18,239
206,6866,16,0.06763246655464172,0.4686425030231476,-0.01259117666631937,0.1515071839094162,64,253
206,6866,17,-0.019947348162531853,0.4597061574459076,0.010411403141915798,0.5152499079704285,-19,248
206,6866,18,0.07015422731637955,0.4923217296600342,-0.016779545694589615,0.16121436655521393,67,265
206,6866,19,-0.015132570639252663,0.45101067423820496,0.008521023206412792,0.5138280987739563,-14,243
206,6866,20,0.06543528288602829,0.4949384927749634,-0.02403813600540161,0.16265878081321716,62,267
206,6866,21,-0.012506196275353432,0.44543564319610596,0.00866739172488451,0.4299399256706238,-12,240
206,6866,22,0.0635535940527916,0.48630258440971375,-0.016599366441369057,0.15230651199817657,61,262
206,6866,23,0.014028789475560188,0.4771595597267151,-0.059854935854673386,0.9969527721405029,13,257
206,6866,24,0.032069332897663116,0.4730670154094696,0.059758201241493225,0.9933072924613953,30,255
206,6866,25,0.05214932933449745,0.615914523601532,-0.04161791875958443,0.8970545530319214,50,332
206,6866,26,0.02732302062213421,0.5993345975875854,0.18002347648143768,0.4122353494167328,26,323
206,6866,27,0.09466864168643951,0.7584258913993835,-0.059845875948667526,0.9425780177116394,90,409
206,6866,28,0.022651253268122673,0.7210385203361511,0.24751998484134674,0.6515805125236511,21,389
206,6866,29,0.10664992779493332,0.7841999530792236,-0.06432067602872849,0.8466736078262329,102,423
206,6866,30,0.025672364979982376,0.7506935000419617,0.2527325749397278,0.6791549324989319,24,405
206,6866,31,0.061908505856990814,0.7980318069458008,-0.11583670228719711,0.8882026076316833,59,430
206,6866,32,0.00020991808560211211,0.7335423827171326,0.23771966993808746,0.6419779062271118,0,396
207,6900,0,-0.011420385912060738,0.22695942223072052,0.05103922262787819,0.9378753900527954,-10,122
207,6900,1,-0.01279653050005436,0.2154833972454071,0.029586095362901688,0.9263955950737,-12,116
207,6900,2,-0.013710166327655315,0.21556465327739716,0.029453400522470474,0.9340726137161255,-13,116
207,6900,3,-0.013237947598099709,0.21454176306724548,0.029448913410305977,0.9462478160858154,-12,115
207,6900,4,-0.006530529819428921,0.21437807381153107,0.042876165360212326,0.9299255013465881,-6,115
207,6900,5,-0.004926280118525028,0.21428945660591125,0.04269291087985039,0.9427393078804016,-4,115
207,6900,6,-0.003387412754818797,0.21493755280971527,0.04258951172232628,0.9483960270881653,-3,116
207,6900,7,-0.011970553547143936,0.22006820142269135,-0.038035549223423004,0.9799802899360657,-11,118
207,6900,8,0.0007521446095779538,0.21986930072307587,0.018620263785123825,0.945742130279541,0,118
207,6900,9,-0.012483962811529636,0.23853646218776703,0.03144776076078415,0.9633267521858215,-11,128
207,6900,10,-0.006053201854228973,0.23816336691379547,0.04772238805890083,0.9539631009101868,-5,128
207,6900,11,-0.018838781863451004,0.28892266750335693,-0.09176226705312729,0.9995579719543457,-18,156
207,6900,12,0.031884897500276566,0.2845996618270874,0.04265845566987991,0.9939367175102234,30,153
207,6900,13,-0.011115271598100662,0.38612473011016846,-0.09103380143642426,0.7950969338417053,-10,208
207,6900,14,0.06573011726140976,0.3796856105327606,0.061366934329271317,0.22053837776184082,63,205
207,6900,15,-0.018397929146885872,0.44484880566596985,-0.004577453713864088,0.4889370799064636,-17,240
207,6900,16,0.06904751807451248,0.4667864143848419,0.0317990742623806,0.20506328344345093,66,252
207,6900,17,-0.02224300429224968,0.4606742560863495,-0.004378203768283129,0.4693854749202728,-21,248
207,6900,18,0.07175394147634506,0.49138861894607544,0.028196018189191818,0.21657928824424744,68,265
207,6900,19,-0.01921728625893593,0.45137226581573486,-0.004705782048404217,0.46802031993865967,-18,243
207,6900,20,0.06680966913700104,0.49355068802833557,0.016662927344441414,0.21840569376945496,64,266
207,6900,21,-0.014768388122320175,0.4460253417491913,-0.001163175329566002,0.3913183808326721,-14,240
207,6900,22,0.06370770931243896,0.48421794176101685,0.02586892992258072,0.20318925380706787,61,261
207,6900,23,0.018985258415341377,0.4805680513381958,-0.06266935914754868,0.9967109560966492,18,259
207,6900,24,0.033809736371040344,0.47445961833000183,0.06254789233207703,0.9935464262962341,32,256
207,6900,25,0.05083906650543213,0.615941047668457,-0.04717395827174187,0.9029123187065125,48,332
207,6900,26,0.02567891962826252,0.587580680847168,0.18462486565113068,0.3852716088294983,24,317
207,6900,27,0.09522965550422668,0.7583894729614258,-0.056958358734846115,0.9440140128135681,91,409
207,6900,28,0.02410527504980564,0.7077468037605286,0.27636659145355225,0.6262775659561157,23,382
207,6900,29,0.10684944689273834,0.7841693758964539,-0.06080228090286255,0.8483690619468689,102,423
207,6900,30,0.028930706903338432,0.7349401116371155,0.2844617962837219,0.6666950583457947,27,396
207,6900,31,0.06139589101076126,0.7982738614082336,-0.1187918409705162,0.8820174932479858,58,431
207,6900,32,0.001017191680148244,0.7219609618186951,0.27128365635871887,0.6043460965156555,0,389
208,6933,0,-0.022431079298257828,0.23325684666633606,0.01618104800581932,0.8888727426528931,-21,125
208,6933,1,-0.02306606061756611,0.22181683778762817,-0.002431099768728018,0.8674402236938477,-22,119
208,6933,2,-0.0240936242043972,0.22161266207695007,-0.00252079451456666,0.8726612329483032,-23,119
208,6933,3,-0.024850137531757355,0.22141221165657043,-0.002506498945876956,0.882690966129303,-23,119
208,6933,4,-0.018807899206876755,0.22192999720573425,0.014205976389348507,0.8905892372131348,-18,119
208,6933,5,-0.016791081055998802,0.22219538688659668,0.013990810140967369,0.9148271083831787,-16,119
208,6933,6,-0.014867721125483513,0.22259140014648438,0.013828197494149208,0.9301506876945496,-14,120
208,6933,7,-0.021990597248077393,0.22601006925106049,-0.0586327463388443,0.937078058719635,-21,122
208,6933,8,-0.008182462304830551,0.2263437956571579,0.0171981081366539,0.9343558549880981,-7,122
208,6933,9,-0.022397713735699654,0.242854505777359,0.0014570868806913495,0.9213830232620239,-21,131
208,6933,10,-0.017770739272236824,0.24335092306137085,0.021687597036361694,0.9300999641418457,-17,131
208,6933,11,-0.025180816650390625,0.2990660071372986,-0.11649254709482193,0.9986832737922668,-24,161
208,6933,12,0.021538976579904556,0.2841164171695709,0.04204966500401497,0.9942880868911743,20,153
208,6933,13,-0.019796473905444145,0.3982357084751129,-0.1356126219034195,0.7888126373291016,-19,215
208,6933,14,0.05729597061872482,0.3795766532421112,0.07402510941028595,0.24373988807201385,55,204
208,6933,15,-0.02786232717335224,0.4504520297050476,-0.08059512078762054,0.44601181149482727,-26,243
208,6933,16,0.060004282742738724,0.46536940336227417,0.05931654945015907,0.2294042557477951,57,251
208,6933,17,-0.0301202442497015,0.462843120098114,-0.08556260168552399,0.4291539192199707,-28,249
208,6933,18,0.06364024430513382,0.48979243636131287,0.05528361722826958,0.2391669899225235,61,264
208,6933,19,-0.02898145653307438,0.4537220895290375,-0.08218776434659958,0.42820268869400024,-27,245
208,6933,20,0.060213010758161545,0.49152129888534546,0.04217727854847908,0.24249829351902008,57,265
208,6933,21,-0.025549789890646935,0.4479046165943146,-0.076100192964077,0.35727763175964355,-24,241
208,6933,22,0.05831184238195419,0.485182523727417,0.05281950905919075,0.22293010354042053,55,261
208,6933,23,0.006289004348218441,0.48634546995162964,-0.06380181759595871,0.9961062073707581,6,262
208,6933,24,0.02644514851272106,0.47689610719680786,0.06371202319860458,0.9936939477920532,25,257
208,6933,25,0.044065557420253754,0.6174926161766052,0.009963974356651306,0.8864712119102478,42,333
208,6933,26,0.03252103552222252,0.6021486520767212,0.16655516624450684,0.3688427209854126,31,325
208,6933,27,0.09120037406682968,0.7581151127815247,0.0695786327123642,0.9438713788986206,87,409
208,6933,28,0.08059509098529816,0.7334784269332886,0.21128274500370026,0.6263841390609741,77,396
208,6933,29,0.10637316852807999,0.7810107469558716,0.07238498330116272,0.8468313217163086,102,421
208,6933,30,0.0975426435470581,0.7548515200614929,0.21599534153938293,0.6710830926895142,93,407
208,6933,31,0.061715032905340195,0.8008546829223633,0.012073642574250698,0.8738254308700562,59,432
208,6933,32,0.05994325876235962,0.7756626009941101,0.20772238075733185,0.5926310420036316,57,418
209,6966,0,-0.031038111075758934,0.23723050951957703,-0.09397327154874802,0.834172248840332,-29,128
209,6966,1,-0.030586618930101395,0.2237280011177063,-0.1139330342411995,0.8075154423713684,-29,120
209,6966,2,-0.030911855399608612,0.22314439713954926,-0.11408238857984543,0.810001015663147,-29,120
209,6966,3,-0.031119782477617264,0.2228619009256363,-0.11405900865793228,0.8199300765991211,-29,120
209,6966,4,-0.028236279264092445,0.22454151511192322,-0.0960807278752327,0.8437182307243347,-27,121
209,6966,5,-0.02676900289952755,0.224843829870224,-0.0963158831000328,0.8763483762741089,-25,121
209,6966,6,-0.02540621906518936,0.22510281205177307,-0.09649259597063065,0.9022740125656128,-24,121
209,6966,7,-0.026520367711782455,0.22570006549358368,-0.15907008945941925,0.8946178555488586,-25,121
209,6966,8,-0.018085377290844917,0.2265119105577469,-0.07785890996456146,0.9113596677780151,-17,122
209,6966,9,-0.02927701361477375,0.2449808418750763,-0.1030764952301979,0.8748888373374939,-28,132
209,6966,10,-0.02673773281276226,0.24636591970920563,-0.08110743016004562,0.8959636688232422,-25,133
209,6966,11,-0.023417292162775993,0.29646551609039307,-0.1916065365076065,0.9981909394264221,-22,160
209,6966,12,0.010066157206892967,0.27848345041275024,-0.010501056909561157,0.9945390820503235,9,150
209,6966,13,-0.011059565469622612,0.4058672785758972,-0.18874646723270416,0.7589839696884155,-10,219
209,6966,14,0.05556320399045944,0.37614861130714417,0.03384880721569061,0.2323513776063919,53,203
209,6966,15,-0.022588098421692848,0.4603116512298584,-0.11563433706760406,0.4034743010997772,-21,248
209,6966,16,0.061979107558727264,0.46747440099716187,0.013418312184512615,0.22543466091156006,59,252
209,6966,17,-0.02633506804704666,0.4727099537849426,-0.12059446424245834,0.38861703872680664,-25,255
209,6966,18,0.06472213566303253,0.4933740198612213,0.005211798008531332,0.23674407601356506,62,266
209,6966,19,-0.025871235877275467,0.4587045907974243,-0.12076092511415482,0.38784193992614746,-24,247
209,6966,20,0.06079059839248657,0.4939904808998108,-0.009867723099887371,0.24117672443389893,58,266
209,6966,21,-0.021922655403614044,0.4534412622451782,-0.11188933998346329,0.3234425485134125,-21,244
209,6966,22,0.061727967113256454,0.48861783742904663,0.005742393899708986,0.22022002935409546,59,263
209,6966,23,0.002488696714863181,0.48598191142082214,-0.06661185622215271,0.9954525828361511,2,262
209,6966,24,0.016513047739863396,0.4745540916919708,0.06653916835784912,0.9936223030090332,15,256
209,6966,25,0.03967082127928734,0.6165229678153992,0.021320873871445656,0.8600832223892212,38,332
209,6966,26,0.027089456096291542,0.5869235396385193,0.15001444518566132,0.33741918206214905,26,316
209,6966,27,0.09160993248224258,0.7580534815788269,0.0836564376950264,0.9382284879684448,87,409
209,6966,28,0.06832968443632126,0.706451416015625,0.24354518949985504,0.5843702554702759,65,381
209,6966,29,0.10720627754926682,0.7796294093132019,0.0866115465760231,0.8265290260314941,102,420
209,6966,30,0.08448202162981033,0.7240738272666931,0.25193896889686584,0.6352767944335938,81,390
209,6966,31,0.06181132793426514,0.8015596866607666,0.020407646894454956,0.8576481938362122,59,432
209,6966,32,0.051538798958063126,0.7431748509407043,0.21771995723247528,0.5532641410827637,49,401
210,7000,0,-0.04374353587627411,0.2370138168334961,-0.10552842915058136,0.8339787125587463,-41,127
210,7000,1,-0.04022606834769249,0.22330410778522491,-0.11961600929498672,0.8092929720878601,-38,120
210,7000,2,-0.03947299346327782,0.2228091061115265,-0.11979350447654724,0.8129526972770691,-37,120
210,7000,3,-0.03863103687763214,0.22249118983745575,-0.11978604644536972,0.8238905668258667,-37,120
210,7000,4,-0.040094222873449326,0.223855122923851,-0.10105647146701813,0.8424955606460571,-38,120
210,7000,5,-0.0391823910176754,0.22403353452682495,-0.10128737986087799,0.8759307861328125,-37,120
210,7000,6,-0.03838507458567619,0.22416754066944122,-0.10143838822841644,0.9013002514839172,-36,121
210,7000,7,-0.03125603124499321,0.22544370591640472,-0.14736279845237732,0.9004234671592712,-30,121
210,7000,8,-0.03021610900759697,0.22597120702266693,-0.06368688493967056,0.9083849787712097,-29,122
210,7000,9,-0.040454842150211334,0.24591436982154846,-0.10925833880901337,0.8712659478187561,-38,132
210,7000,10,-0.040552783757448196,0.24729131162166595,-0.08648538589477539,0.8867826461791992,-38,133
210,7000,11,-0.02036314830183983,0.2978527545928955,-0.1720927506685257,0.9980464577674866,-19,160
210,7000,12,-0.014395764097571373,0.2876683175563812,0.004626003094017506,0.992297887802124,-13,155
210,7000,13,-0.0063630277290940285,0.40965038537979126,-0.18509572744369507,0.7622256875038147,-6,221
210,7000,14,0.01844806596636772,0.392529159784317,0.035818230360746384,0.2097160965204239,17,211
210,7000,15,-0.013722793199121952,0.48810452222824097,-0.16439245641231537,0.38521236181259155,-13,263
210,7000,16,0.0259710680693388,0.4685963988304138,0.0016348347999155521,0.20440085232257843,24,253
210,7000,17,-0.010280173271894455,0.5058075189590454,-0.1773950308561325,0.371002733707428,-9,273
210,7000,18,0.02922140620648861,0.4913906455039978,-0.006363739725202322,0.21599772572517395,28,265
210,7000,19,-0.024721676483750343,0.498935729265213,-0.1780143827199936,0.3704938590526581,-23,269
210,7000,20,0.024450086057186127,0.4923258423805237,-0.021094929426908493,0.22028277814388275,23,265
210,7000,21,-0.014302493073046207,0.49191442131996155,-0.1624697893857956,0.30714550614356995,-13,265
210,7000,22,0.023495862260460854,0.486543208360672,-0.006862181704491377,0.2015150487422943,22,262
210,7000,23,-0.0020612585358321667,0.4891586899757385,-0.06583138555288315,0.995532214641571,-1,264
210,7000,24,-0.00037751146010123193,0.4833957850933075,0.06577490270137787,0.9936874508857727,0,261
210,7000,25,0.024206584319472313,0.6279149651527405,0.00844557024538517,0.8600064516067505,23,339
210,7000,26,0.016447968780994415,0.6108219623565674,0.12639345228672028,0.32754382491111755,15,329
210,7000,27,0.08116310089826584,0.7572380900382996,0.07010944187641144,0.9392807483673096,77,408
210,7000,28,0.05979796126484871,0.7339613437652588,0.21441589295864105,0.5906053781509399,57,396
210,7000,29,0.10168609768152237,0.7727687954902649,0.07360205799341202,0.8195555210113525,97,417
210,7000,30,0.07584906369447708,0.7498775124549866,0.2198329120874405,0.6311377882957458,72,404
210,7000,31,0.059636928141117096,0.8017237782478333,-0.0018787735607475042,0.8610432147979736,57,432
210,7000,32,0.04782911017537117,0.7704232335090637,0.14594756066799164,0.5643675327301025,45,416
211,7033,0,-0.04163111001253128,0.23662568628787994,-0.17078590393066406,0.8317832946777344,-39,127
211,7033,1,-0.03842095658183098,0.2226291447877884,-0.18162398040294647,0.8068288564682007,-36,120
211,7033,2,-0.03722703829407692,0.22179825603961945,-0.18185585737228394,0.8144300580024719,-35,119
211,7033,3,-0.03593042120337486,0.22143419086933136,-0.1818973422050476,0.828890860080719,-34,119
211,7033,4,-0.04006241261959076,0.22369666397571564,-0.1666124165058136,0.8307892084121704,-38,120
211,7033,5,-0.0399775356054306,0.22366146743297577,-0.16683681309223175,0.8634181022644043,-38,120
211,7033,6,-0.040017612278461456,0.22365739941596985,-0.16700339317321777,0.8867472410202026,-38,120
211,7033,7,-0.02948644757270813,0.2229837328195572,-0.19007691740989685,0.9061700105667114,-28,120
211,7033,8,-0.034708745777606964,0.22579161822795868,-0.12102492153644562,0.8846457004547119,-33,121
211,7033,9,-0.037877071648836136,0.24578973650932312,-0.16781368851661682,0.8713043928146362,-36,132
211,7033,10,-0.04000205174088478,0.2471819519996643,-0.14945869147777557,0.8744801878929138,-38,133
211,7033,11,-0.013894466683268547,0.29756829142570496,-0.20450817048549652,0.9982214570045471,-13,160
211,7033,12,-0.02859993651509285,0.2888946533203125,-0.031050464138388634,0.9905424118041992,-27,156
211,7033,13,0.03337385505437851,0.4037458002567291,-0.2021891325712204,0.7850539684295654,32,218
211,7033,14,0.01124473288655281,0.3956141471862793,-0.011830170638859272,0.1893109381198883,10,213
211,7033,15,0.04041101410984993,0.4896261692047119,-0.18664975464344025,0.44068393111228943,38,264
211,7033,16,0.03305477648973465,0.47960159182548523,-0.04698867350816727,0.18473391234874725,31,258
211,7033,17,0.04660389572381973,0.5161533355712891,-0.20087994635105133,0.42198634147644043,44,278
211,7033,18,0.039142873138189316,0.5030567646026611,-0.05587375909090042,0.1956167221069336,37,271
211,7033,19,0.03944917768239975,0.5198484063148499,-0.20866551995277405,0.42173442244529724,37,280
211,7033,20,0.035267289727926254,0.5047725439071655,-0.0715985968708992,0.1995430439710617,33,272
211,7033,21,0.034469135105609894,0.5148284435272217,-0.18764592707157135,0.3594529926776886,33,278
211,7033,22,0.033678699284791946,0.4960450828075409,-0.05582232028245926,0.18277713656425476,32,267
211,7033,23,-0.0005461905966512859,0.48832613229751587,-0.06473599374294281,0.9959477782249451,0,263
211,7033,24,-0.01163067203015089,0.4853714406490326,0.06466757506132126,0.9941914677619934,-11,262
211,7033,25,0.021711744368076324,0.6307254433631897,-0.024371633306145668,0.8645885586738586,20,340
211,7033,26,0.01154276542365551,0.6202736496925354,0.11086155474185944,0.3152313232421875,11,334
211,7033,27,0.08140244334936142,0.7556787133216858,0.04648106172680855,0.9379459619522095,78,408
211,7033,28,0.05488112196326256,0.7374684810638428,0.19307838380336761,0.5782790184020996,52,398
211,7033,29,0.10073474049568176,0.7685604095458984,0.04698609188199043,0.7987738847732544,96,415
211,7033,30,0.07143702358007431,0.7525789737701416,0.19863472878932953,0.6125665307044983,68,406
211,7033,31,0.059038519859313965,0.804879903793335,-0.007096927147358656,0.859915018081665,56,434
211,7033,32,0.04570075124502182,0.7782930135726929,0.14145322144031525,0.5567868947982788,43,420
212,7066,0,-0.05621226131916046,0.254427969455719,-0.16196541488170624,0.819448709487915,-53,137
212,7066,1,-0.053613897413015366,0.23557956516742706,-0.1760198324918747,0.7945635318756104,-51,127
212,7066,2,-0.05238862335681915,0.23368503153324127,-0.1762465536594391,0.8057095408439636,-50,126
212,7066,3,-0.051051344722509384,0.23237456381320953,-0.1763022392988205,0.8258110284805298,-49,125
212,7066,4,-0.05483848974108696,0.238871231675148,-0.15880335867404938,0.8079891800880432,-52,128
212,7066,5,-0.0545114204287529,0.2396165132522583,-0.15902043879032135,0.8412013053894043,-52,129
212,7066,6,-0.054311830550432205,0.24022987484931946,-0.1591767519712448,0.8657664656639099,-52,129
212,7066,7,-0.04287862777709961,0.2301127165555954,-0.19575923681259155,0.9075292348861694,-41,124
212,7066,8,-0.04696851223707199,0.23961469531059265,-0.1165376752614975,0.8507226705551147,-45,129
212,7066,9,-0.0509498231112957,0.26088619232177734,-0.16287490725517273,0.8603619933128357,-48,140
212,7066,10,-0.05259503424167633,0.2652217745780945,-0.14146538078784943,0.8465273380279541,-50,143
212,7066,11,-0.01864054799079895,0.297262579202652,-0.20882156491279602,0.9983643889427185,-17,160
212,7066,12,-0.03681254759430885,0.30130982398986816,-0.03361992910504341,0.9893484711647034,-35,162
212,7066,13,0.02999236434698105,0.40148574113845825,-0.21694616973400116,0.8037654757499695,28,216
212,7066,14,0.00596601003780961,0.40603530406951904,-0.010904892347753048,0.1710621565580368,5,219
212,7066,15,0.038652725517749786,0.48823124170303345,-0.20418982207775116,0.47837361693382263,37,263
212,7066,16,0.032637909054756165,0.48522135615348816,-0.040514323860406876,0.16786110401153564,31,262
212,7066,17,0.04595005884766579,0.5163640975952148,-0.2188001126050949,0.45162513852119446,44,278
212,7066,18,0.03929070755839348,0.5061705708503723,-0.04731283336877823,0.17850211262702942,37,273
212,7066,19,0.03829992562532425,0.5216723680496216,-0.22331567108631134,0.45135697722435,36,281
212,7066,20,0.03676658868789673,0.5083033442497253,-0.0620579719543457,0.1822293996810913,35,274
212,7066,21,0.033774204552173615,0.5149867534637451,-0.2040574997663498,0.38669660687446594,32,278
212,7066,22,0.03475745767354965,0.4989444315433502,-0.04868980124592781,0.1671593189239502,33,269
212,7066,23,-0.008673093281686306,0.49057435989379883,-0.06431484967470169,0.9963234066963196,-8,264
212,7066,24,-0.019542399793863297,0.4899437129497528,0.06425932794809341,0.9946862459182739,-18,264
212,7066,25,0.006229210179299116,0.6391355991363525,-0.08295585960149765,0.8523039817810059,5,345
212,7066,26,-0.0005553646478801966,0.6212764978408813,0.1046505868434906,0.29005205631256104,0,335
212,7066,27,0.07090797275304794,0.7504375576972961,-0.011453301645815372,0.9179046750068665,68,405
212,7066,28,0.05389072000980377,0.7385611534118652,0.16203150153160095,0.5411019921302795,51,398
212,7066,29,0.09080146253108978,0.7514839768409729,-0.00679176626726985,0.7705950736999512,87,405
212,7066,30,0.06637118756771088,0.7479947209358215,0.16576498746871948,0.5782323479652405,63,403
212,7066,31,0.05917956307530403,0.8090359568595886,-0.05625712499022484,0.839287281036377,56,436
212,7066,32,0.04756474122405052,0.7855381965637207,0.12654712796211243,0.5247167348861694,45,424
213,7100,0,-0.060274552553892136,0.2523261606693268,-0.1358449012041092,0.8247044682502747,-57,136
213,7100,1,-0.057005200535058975,0.2340424656867981,-0.15065746009349823,0.8021973371505737,-54,126
213,7100,2,-0.05576163902878761,0.23228976130485535,-0.15087267756462097,0.8145521879196167,-53,125
213,7100,3,-0.05440717563033104,0.23102299869060516,-0.15091684460639954,0.8361753821372986,-52,124
213,7100,4,-0.05785965174436569,0.23690281808376312,-0.1302390694618225,0.8085836172103882,-55,127
213,7100,5,-0.057215623557567596,0.23748858273029327,-0.13046298921108246,0.8398727178573608,-54,128
213,7100,6,-0.056703273206949234,0.23794665932655334,-0.13062086701393127,0.8637979030609131,-54,128
213,7100,7,-0.04453557729721069,0.22935931384563446,-0.17790144681930542,0.9143303036689758,-42,123
213,7100,8,-0.047124747186899185,0.23705950379371643,-0.08656025677919388,0.8418547511100769,-45,128
213,7100,9,-0.05422312766313553,0.2590654790401459,-0.1400928944349289,0.866516649723053,-52,139
213,7100,10,-0.05539257079362869,0.26290446519851685,-0.11462590098381042,0.8444079756736755,-53,141
213,7100,11,-0.017609011381864548,0.29712894558906555,-0.2018834501504898,0.9985170364379883,-16,160
213,7100,12,-0.03424562141299248,0.29944050312042236,-0.026445584371685982,0.9893413186073303,-32,161
213,7100,13,0.030268998816609383,0.40018123388290405,-0.21214209496974945,0.8217729330062866,29,216
213,7100,14,0.005571277812123299,0.4049689769744873,-0.006814329419285059,0.1543135643005371,5,218
213,7100,15,0.03805932775139809,0.4883977770805359,-0.1899365782737732,0.5199379920959473,36,263
213,7100,16,0.03027164377272129,0.4832763671875,-0.022096650674939156,0.1517602801322937,29,260
213,7100,17,0.0455818772315979,0.5185733437538147,-0.20363418757915497,0.4883164167404175,43,280
213,7100,18,0.03589395061135292,0.5056855082511902,-0.02845139056444168,0.16181445121765137,34,273
213,7100,19,0.038085613399744034,0.524453341960907,-0.20716576278209686,0.4877432882785797,36,283
213,7100,20,0.03416690602898598,0.5056043267250061,-0.042842619121074677,0.16522464156150818,32,273
213,7100,21,0.03302948921918869,0.5161338448524475,-0.18897229433059692,0.42171671986579895,31,278
213,7100,22,0.03211858496069908,0.49667826294898987,-0.03017987683415413,0.1517745852470398,30,268
213,7100,23,-0.004498644266277552,0.4901649057865143,-0.06663867831230164,0.9966804385185242,-4,264
213,7100,24,-0.018685556948184967,0.48844683170318604,0.06657002866268158,0.9951820969581604,-17,263
213,7100,25,0.0029926598072052,0.6405808329582214,-0.0919753760099411,0.8525574207305908,2,345
213,7100,26,-0.0003594132431317121,0.6250718235969543,0.08768511563539505,0.2728073298931122,0,337
213,7100,27,0.07041168212890625,0.7481807470321655,-0.021275030449032784,0.9123150110244751,67,404
213,7100,28,0.05340787395834923,0.7423904538154602,0.14792069792747498,0.5172837376594543,51,400
213,7100,29,0.08942349255084991,0.747644305229187,-0.016637738794088364,0.7565428018569946,85,403
213,7100,30,0.07286131381988525,0.7478570342063904,0.152371346950531,0.5561626553535461,69,403
213,7100,31,0.058934345841407776,0.8115551471710205,-0.0679796114563942,0.8352237343788147,56,438
213,7100,32,0.04802891984581947,0.7925639152526855,0.11922990530729294,0.5080116391181946,46,427
214,7133,0,-0.057798102498054504,0.25149673223495483,-0.10591598600149155,0.8216693997383118,-55,135
214,7133,1,-0.0545327328145504,0.23435497283935547,-0.12795157730579376,0.7984122633934021,-52,126
214,7133,2,-0.05345841124653816,0.2329838126897812,-0.12806862592697144,0.8147197961807251,-51,125
214,7133,3,-0.05227338895201683,0.23210804164409637,-0.127999946475029,0.8384501338005066,-50,125
214,7133,4,-0.05558009073138237,0.2362939417362213,-0.10869336128234863,0.7943747043609619,-53,127
214,7133,5,-0.05518944934010506,0.23665036261081696,-0.10891065746545792,0.8275253772735596,-52,127
214,7133,6,-0.05492950603365898,0.2368602752685547,-0.10907065868377686,0.8492132425308228,-52,127
214,7133,7,-0.04546981677412987,0.23200547695159912,-0.12848183512687683,0.9190948009490967,-43,125
214,7133,8,-0.04894512891769409,0.23696087300777435,-0.05088074505329132,0.8213229179382324,-46,127
214,7133,9,-0.054277319461107254,0.2598077356815338,-0.12166175246238708,0.8622629046440125,-52,140
214,7133,10,-0.05568723380565643,0.26237601041793823,-0.0966961681842804,0.8255110383033752,-53,141
214,7133,11,-0.027015848085284233,0.29829806089401245,-0.1544688493013382,0.9986149668693542,-25,161
214,7133,12,-0.04431353509426117,0.30410414934158325,0.032109882682561874,0.9859092235565186,-42,164
214,7133,13,0.021541403606534004,0.39933130145072937,-0.16956853866577148,0.8364585638046265,20,215
214,7133,14,-0.012073774822056293,0.4088771343231201,0.04951036348938942,0.13940654695034027,-11,220
214,7133,15,0.037271637469530106,0.4856931269168854,-0.1660699099302292,0.5472657084465027,35,262
214,7133,16,0.00850539281964302,0.48096325993537903,0.010685992427170277,0.13715294003486633,8,259
214,7133,17,0.038538094609975815,0.5122376084327698,-0.17682214081287384,0.5109767913818359,36,276
214,7133,18,0.01479292195290327,0.5043395161628723,0.0062713236548006535,0.1466628909111023,14,272
214,7133,19,0.03510177507996559,0.515552282333374,-0.1799013465642929,0.5102338790893555,33,278
214,7133,20,0.011359142139554024,0.5053393840789795,-0.008649319410324097,0.14982731640338898,10,272
214,7133,21,0.0299685038626194,0.5076202750205994,-0.16499152779579163,0.4416494369506836,28,274
214,7133,22,0.009129014797508717,0.4962139129638672,0.001988330390304327,0.13786007463932037,8,267
214,7133,23,-0.015517052263021469,0.4913817346096039,-0.06618378311395645,0.996924102306366,-14,265
214,7133,24,-0.028654178604483604,0.490761935710907,0.06610437482595444,0.9953564405441284,-27,265
214,7133,25,-0.012292208150029182,0.6528538465499878,-0.10472738742828369,0.8565642833709717,-11,352
214,7133,26,-0.02384357899427414,0.6249765753746033,0.08684604614973068,0.2593904435634613,-22,337
214,7133,27,0.057806745171546936,0.7400935292243958,-0.013918542303144932,0.9034962058067322,55,399
214,7133,28,0.012286517769098282,0.7408080697059631,0.15775054693222046,0.49386754631996155,11,400
214,7133,29,0.07490257173776627,0.730290412902832,-0.007725234609097242,0.7365314960479736,71,394
214,7133,30,0.022172825410962105,0.7476276159286499,0.16024042665958405,0.5279836058616638,21,403
214,7133,31,0.05901496857404709,0.8068904280662537,-0.0651540607213974,0.8217062950134277,56,435
214,7133,32,0.008519390597939491,0.7943510413169861,0.1243739202618599,0.4828883111476898,8,428
215,7166,0,-0.062144506722688675,0.26275700330734253,-0.07459505647420883,0.8036723136901855,-59,141
215,7166,1,-0.059771738946437836,0.24539846181869507,-0.08735910058021545,0.7794089913368225,-57,132
215,7166,2,-0.05898814648389816,0.24358932673931122,-0.0875491201877594,0.8007271885871887,-56,131
215,7166,3,-0.05808816850185394,0.24230779707431793,-0.08756209164857864,0.8296948075294495,-55,130
215,7166,4,-0.060075584799051285,0.2481839507818222,-0.0705263614654541,0.7653465270996094,-57,134
215,7166,5,-0.0593450665473938,0.24874372780323029,-0.07074110209941864,0.8000575304031372,-56,134
215,7166,6,-0.058743275701999664,0.24911849200725555,-0.07087765634059906,0.8220005631446838,-56,134
215,7166,7,-0.051085177809000015,0.23948785662651062,-0.09978079795837402,0.9182507991790771,-49,129
215,7166,8,-0.05171344801783562,0.24725553393363953,-0.0249308031052351,0.7872216701507568,-49,133
215,7166,9,-0.05829547345638275,0.26870158314704895,-0.07729549705982208,0.8485234975814819,-55,145
215,7166,10,-0.05843919888138771,0.2722424268722534,-0.05645917356014252,0.7957148551940918,-56,147
215,7166,11,-0.02971646562218666,0.30004021525382996,-0.1266588568687439,0.9987139701843262,-28,162
215,7166,12,-0.04497097432613373,0.3077656924724579,0.05044149234890938,0.982927143573761,-43,166
215,7166,13,0.016688896343111992,0.39879193902015686,-0.13838030397891998,0.8480619192123413,16,215
215,7166,14,-0.015024024993181229,0.409247487783432,0.06477699428796768,0.12565506994724274,-14,220
215,7166,15,0.034705743193626404,0.4836850166320801,-0.1372411996126175,0.5747816562652588,33,261
215,7166,16,-0.0019243706483393908,0.47861728072166443,0.02493036352097988,0.12377151846885681,-1,258
215,7166,17,0.03551590442657471,0.5097569227218628,-0.15131869912147522,0.5361382365226746,34,275
215,7166,18,0.0019276159582659602,0.49500778317451477,0.02032611332833767,0.1326913833618164,1,267
215,7166,19,0.03179469332098961,0.5140321850776672,-0.1553039252758026,0.5359621047973633,30,277
215,7166,20,-0.002088061301037669,0.4968561828136444,0.0051021212711930275,0.13562732934951782,-2,268
215,7166,21,0.028827857226133347,0.5062451362609863,-0.13735274970531464,0.465015709400177,27,273
215,7166,22,-0.0033110463991761208,0.48929911851882935,0.01598687842488289,0.12491236627101898,-3,264
215,7166,23,-0.018825648352503777,0.4932803809642792,-0.06070808693766594,0.9971286058425903,-18,266
215,7166,24,-0.03135581687092781,0.4926563501358032,0.0606241412460804,0.995436429977417,-30,266
215,7166,25,-0.008398803882300854,0.6497260332107544,-0.08901272714138031,0.8455647230148315,-8,350
215,7166,26,-0.02272578701376915,0.6229771375656128,0.06859138607978821,0.24025525152683258,-21,336
215,7166,27,0.05770942196249962,0.7344489097595215,-0.008213388733565807,0.8847518563270569,55,396
215,7166,28,0.017250340431928635,0.7362817525863647,0.13635744154453278,0.4614323377609253,16,397
215,7166,29,0.07441238313913345,0.727157473564148,-0.0028944427613168955,0.7079898118972778,71,392
215,7166,30,0.02759639173746109,0.742716372013092,0.14156100153923035,0.4939519166946411,26,401
215,7166,31,0.05882116034626961,0.8034614324569702,-0.053301382809877396,0.8035639524459839,56,433
215,7166,32,0.012438943609595299,0.7901854515075684,0.11118631064891815,0.4548788368701935,11,426
216,7200,0,-0.025929149240255356,0.3038187623023987,0.013343694619834423,0.7319214344024658,-24,164
216,7200,1,-0.0238669291138649,0.2986491024494171,0.011764483526349068,0.7084497809410095,-22,161
216,7200,2,-0.02356429025530815,0.29902127385139465,0.011583307757973671,0.7273949980735779,-22,161
216,7200,3,-0.02316032536327839,0.29991769790649414,0.0115639828145504,0.7577455639839172,-22,161
216,7200,4,-0.025683648884296417,0.2973466217517853,0.014633570797741413,0.6978872418403625,-24,160
216,7200,5,-0.026228366419672966,0.29718297719955444,0.014451518654823303,0.7308595180511475,-25,160
216,7200,6,-0.026900121942162514,0.2967574894428253,0.014311379753053188,0.7579872012138367,-25,160
216,7200,7,-0.025751663371920586,0.3036196529865265,0.01644485630095005,0.8472587466239929,-24,163
216,7200,8,-0.032839905470609665,0.29888004064559937,0.030492983758449554,0.7203913927078247,-31,161
216,7200,9,-0.028509927913546562,0.3102644085884094,0.018778834491968155,0.7746466398239136,-27,167
216,7200,10,-0.0303726214915514,0.3089371919631958,0.02116880752146244,0.7248833179473877,-29,166
216,7200,11,-0.027432117611169815,0.33447596430778503,0.010017282329499722,0.9945144653320312,-26,180
216,7200,12,-0.0363505482673645,0.3450832962989807,0.05152828246355057,0.9624954462051392,-34,186
216,7200,13,0.011647948995232582,0.3525524139404297,0.03958354890346527,0.7741204500198364,11,190
216,7200,14,-0.011215484701097012,0.39377811551094055,0.08640182763338089,0.11474641412496567,-10,212
216,7200,15,0.014243180863559246,0.3805633783340454,0.0616295263171196,0.5186396837234497,13,205
216,7200,16,-0.0030838926322758198,0.3791907727718353,0.11208292841911316,0.11218181997537613,-2,204
216,7200,17,0.011984569951891899,0.38800734281539917,0.061472099274396896,0.4845854640007019,11,209
216,7200,18,-7.686249591642991e-05,0.3754936158657074,0.1102813258767128,0.12077540159225464,0,202
216,7200,19,0.009951764717698097,0.3884870707988739,0.057399455457925797,0.484699010848999,9,209
216,7200,20,-0.003572389017790556,0.37488001585006714,0.10193455219268799,0.12375988066196442,-3,202
216,7200,21,0.01038628164678812,0.38610216975212097,0.06174975261092186,0.4208345115184784,9,208
216,7200,22,-0.005029539577662945,0.37470826506614685,0.1081397756934166,0.11409119516611099,-4,202
216,7200,23,-0.020679641515016556,0.4947669208049774,-0.01923816092312336,0.9309555888175964,-19,267
216,7200,24,-0.03374888002872467,0.4998406767845154,0.019024306908249855,0.9168823957443237,-32,269
216,7200,25,-0.02112482860684395,0.59824538230896,-0.012329678051173687,0.7617523074150085,-20,323
216,7200,26,-0.034702230244874954,0.6301602721214294,0.02289448492228985,0.2163141518831253,-33,340
216,7200,27,-0.012215773575007915,0.719266414642334,-0.014201031066477299,0.7969602346420288,-11,388
216,7200,28,-0.037627704441547394,0.7118136882781982,0.08911094814538956,0.4153517186641693,-36,384
216,7200,29,-0.007871627807617188,0.7316192388534546,-0.015735212713479996,0.6382036209106445,-7,395
216,7200,30,-0.03881384804844856,0.7212471961975098,0.0958346426486969,0.4447488784790039,-37,389
216,7200,31,-0.018909024074673653,0.7477363348007202,-0.06379139423370361,0.7237431406974792,-18,403
216,7200,32,-0.03375306352972984,0.7283700704574585,0.06809834390878677,0.4094585180282593,-32,393
217,7233,0,-0.025266584008932114,0.28865838050842285,-0.019673442468047142,0.6857998967170715,-24,155
217,7233,1,-0.022931698709726334,0.2812260687351227,-0.02161850407719612,0.6571717858314514,-22,151
217,7233,2,-0.022621674463152885,0.28158918023109436,-0.021813509985804558,0.6771070957183838,-21,152
217,7233,3,-0.022234471514821053,0.28241658210754395,-0.021858714520931244,0.7151519656181335,-21,152
217,7233,4,-0.02425309456884861,0.2798420190811157,-0.018734700977802277,0.6486057043075562,-23,151
217,7233,5,-0.024470584467053413,0.2795797884464264,-0.018903179094195366,0.6833434104919434,-23,150
217,7233,6,-0.024804554879665375,0.2790965437889099,-0.01901933364570141,0.7122262120246887,-23,150
217,7233,7,-0.023558905348181725,0.28674760460853577,-0.01337873749434948,0.8238269090652466,-22,154
217,7233,8,-0.030406711623072624,0.2814294993877411,-0.0014080099062994123,0.6690347194671631,-29,151
217,7233,9,-0.027314012870192528,0.29692959785461426,-0.01343606598675251,0.7389096617698669,-26,160
217,7233,10,-0.028690556064248085,0.2955958843231201,-0.010903757065534592,0.684836208820343,-27,159
217,7233,11,-0.02494800090789795,0.3313131332397461,-0.008141654543578625,0.9934632182121277,-23,178
217,7233,12,-0.038926754146814346,0.33455726504325867,0.011223032139241695,0.944231390953064,-37,180
217,7233,13,0.012689659371972084,0.3626856505870819,-0.0036697194445878267,0.7482526302337646,12,195
217,7233,14,-0.009621059522032738,0.38810524344444275,0.015561338514089584,0.10482336580753326,-9,209
217,7233,15,0.012592356652021408,0.3842243254184723,-0.03473830595612526,0.4863862097263336,12,207
217,7233,16,0.0033775134943425655,0.38996291160583496,0.010484364815056324,0.10155539959669113,3,210
217,7233,17,0.012991254217922688,0.40029072761535645,-0.044204823672771454,0.4586119055747986,12,216
217,7233,18,0.007747367490082979,0.3932608664035797,-0.0029059043154120445,0.10987970978021622,7,212
217,7233,19,0.010779221542179585,0.3951483368873596,-0.05020047724246979,0.4612177014350891,10,213
217,7233,20,0.003682453650981188,0.38993361592292786,-0.010140810161828995,0.11285951733589172,3,210
217,7233,21,0.010750346817076206,0.3923071324825287,-0.03668301925063133,0.4021497964859009,10,211
217,7233,22,0.0017867522547021508,0.3868401348590851,0.006437597796320915,0.10427693277597427,1,208
217,7233,23,-0.024388015270233154,0.4947071671485901,0.003983831033110619,0.9017091989517212,-23,267
217,7233,24,-0.041242796927690506,0.4987792372703552,-0.00412377342581749,0.8670163750648499,-39,269
217,7233,25,-0.012684662826359272,0.585224986076355,-0.009531285613775253,0.701155424118042,-12,316
217,7233,26,-0.02505987323820591,0.5709089040756226,-0.025326242670416832,0.19958025217056274,-24,308
217,7233,27,-0.008637415245175362,0.6479445695877075,0.08341730386018753,0.7213531732559204,-8,349
217,7233,28,-0.02467852085828781,0.6532476544380188,0.05280502885580063,0.37543171644210815,-23,352
217,7233,29,-0.007987124845385551,0.6585359573364258,0.09165994077920914,0.5772224068641663,-7,355
217,7233,30,-0.02643941529095173,0.6658331751823425,0.05996068939566612,0.4014236032962799,-25,359
217,7233,31,-0.00946582481265068,0.6445409059524536,0.05145525187253952,0.6535582542419434,-9,348
217,7233,32,-0.015636300668120384,0.6625694632530212,0.021227050572633743,0.36935046315193176,-15,357
