frame,timestamp_ms,landmark_id,x_norm,y_norm,z_norm,visibility,x_px,y_px
0,0,0,nan,nan,nan,0.0,-1,-1
1,33,0,nan,nan,nan,0.0,-1,-1
2,66,0,nan,nan,nan,0.0,-1,-1
3,100,0,nan,nan,nan,0.0,-1,-1
4,133,0,nan,nan,nan,0.0,-1,-1
5,166,0,nan,nan,nan,0.0,-1,-1
6,200,0,nan,nan,nan,0.0,-1,-1
7,233,0,nan,nan,nan,0.0,-1,-1
8,266,0,nan,nan,nan,0.0,-1,-1
9,300,0,nan,nan,nan,0.0,-1,-1
10,333,0,nan,nan,nan,0.0,-1,-1
11,366,0,nan,nan,nan,0.0,-1,-1
12,400,0,nan,nan,nan,0.0,-1,-1
13,433,0,nan,nan,nan,0.0,-1,-1
14,466,0,nan,nan,nan,0.0,-1,-1
15,500,0,nan,nan,nan,0.0,-1,-1
16,533,0,nan,nan,nan,0.0,-1,-1
17,566,0,nan,nan,nan,0.0,-1,-1
18,600,0,nan,nan,nan,0.0,-1,-1
19,633,0,nan,nan,nan,0.0,-1,-1
20,666,0,nan,nan,nan,0.0,-1,-1
21,700,0,nan,nan,nan,0.0,-1,-1
22,733,0,nan,nan,nan,0.0,-1,-1
23,766,0,nan,nan,nan,0.0,-1,-1
24,800,0,nan,nan,nan,0.0,-1,-1
25,833,0,nan,nan,nan,0.0,-1,-1
26,866,0,nan,nan,nan,0.0,-1,-1
27,900,0,nan,nan,nan,0.0,-1,-1
28,933,0,nan,nan,nan,0.0,-1,-1
29,966,0,nan,nan,nan,0.0,-1,-1
30,1000,0,nan,nan,nan,0.0,-1,-1
31,1033,0,nan,nan,nan,0.0,-1,-1
32,1066,0,0.9269723296165466,0.27718862891197205,-0.1701374053955078,0.9997884631156921,889,149
32,1066,1,0.933320939540863,0.26616013050079346,-0.17458483576774597,0.9995918869972229,895,143
32,1066,2,0.9353139400482178,0.2662752568721771,-0.1748289167881012,0.999685525894165,897,143
32,1066,3,0.9369587302207947,0.26671409606933594,-0.1747560203075409,0.9996429681777954,899,144
32,1066,4,0.929080605506897,0.2639504075050354,-0.1597461849451065,0.9995899796485901,891,142
32,1066,5,0.9277965426445007,0.26274386048316956,-0.1600441038608551,0.9997466206550598,890,141
32,1066,6,0.9263470768928528,0.26148998737335205,-0.16018299758434296,0.999729335308075,889,141
32,1066,7,0.943390429019928,0.2676827311515808,-0.16256290674209595,0.9997934699058533,905,144
32,1066,8,0.9278773069381714,0.2622389793395996,-0.09527211636304855,0.999496340751648,890,141
32,1066,9,0.9309890270233154,0.2867774963378906,-0.16180667281150818,0.9995860457420349,893,154
32,1066,10,0.9264447093009949,0.2850012481212616,-0.1439514309167862,0.9994581341743469,889,153
32,1066,11,0.96702641248703,0.34121525287628174,-0.16984392702579498,0.9999426603317261,928,184
32,1066,12,0.9197904467582703,0.32333555817604065,-0.004246421158313751,0.9998382329940796,882,174
32,1066,13,0.9786579012870789,0.4421360492706299,-0.16950133442878723,0.9910783171653748,939,238
32,1066,14,0.9008907675743103,0.39997589588165283,0.03227412700653076,0.6203614473342896,864,215
32,1066,15,0.9823211431503296,0.5284865498542786,-0.1671985238790512,0.9649795889854431,943,285
32,1066,16,0.8673471808433533,0.45880603790283203,-0.016144301742315292,0.8596925139427185,832,247
32,1066,17,0.9871240854263306,0.5487760901451111,-0.17830680310726166,0.9448825716972351,947,296
32,1066,18,0.8577425479888916,0.47328731417655945,-0.021851278841495514,0.853499710559845,823,255
32,1066,19,0.9826747179031372,0.553325891494751,-0.19109678268432617,0.9486116766929626,943,298
32,1066,20,0.8540332913398743,0.47205397486686707,-0.04438803717494011,0.8691517114639282,819,254
32,1066,21,0.9793006181716919,0.5475797653198242,-0.17073287069797516,0.9387248754501343,940,295
32,1066,22,0.8588420748710632,0.4674893319606781,-0.02818593941628933,0.8634406328201294,824,252
32,1066,23,0.9520132541656494,0.5304693579673767,-0.04867156594991684,0.9999297857284546,913,286
32,1066,24,0.9331437349319458,0.5281265377998352,0.048497166484594345,0.9999295473098755,895,285
32,1066,25,0.9374106526374817,0.660047709941864,-0.031147068366408348,0.9974180459976196,899,356
32,1066,26,0.9131274819374084,0.6217386722564697,0.07283861190080643,0.9876263737678528,876,335
32,1066,27,0.9788253307342529,0.7222752571105957,0.06050622835755348,0.9931107759475708,939,390
32,1066,28,0.8828040361404419,0.7432058453559875,0.1128639355301857,0.9926601052284241,847,401
32,1066,29,0.9867621660232544,0.7396960258483887,0.06581885367631912,0.963255763053894,947,399
32,1066,30,0.8871961236000061,0.7751196622848511,0.11413506418466568,0.9803054332733154,851,418
32,1066,31,0.9514462351799011,0.7687671184539795,0.015720633789896965,0.9904206991195679,913,415
32,1066,32,0.8468436598777771,0.7605268955230713,0.06822147965431213,0.9920896291732788,812,410
33,1100,0,0.9279615879058838,0.2797216773033142,-0.1850627362728119,0.9997565746307373,890,151
33,1100,1,0.933307409286499,0.26880931854248047,-0.1855194866657257,0.9995521306991577,895,145
33,1100,2,0.9352124333381653,0.2690770626068115,-0.18572744727134705,0.9996548295021057,897,145
33,1100,3,0.9368109107017517,0.26951125264167786,-0.1856493204832077,0.9996088147163391,899,145
33,1100,4,0.9290943145751953,0.2661501467227936,-0.17109128832817078,0.9995774626731873,891,143
33,1100,5,0.9278241991996765,0.26489803194999695,-0.17136214673519135,0.9997376203536987,890,143
33,1100,6,0.9263830780982971,0.2636772096157074,-0.17152352631092072,0.9997233152389526,889,142
33,1100,7,0.9433324933052063,0.2694942355155945,-0.16058999300003052,0.9997549653053284,905,145
33,1100,8,0.9279010891914368,0.2640799283981323,-0.0942465290427208,0.9994708299636841,890,142
33,1100,9,0.9314478039741516,0.288459837436676,-0.16987445950508118,0.9994964599609375,894,155
33,1100,10,0.9273163676261902,0.2866276800632477,-0.15230323374271393,0.9993861317634583,890,154
33,1100,11,0.966856062412262,0.3411110043525696,-0.1643613874912262,0.9999290108680725,928,184
33,1100,12,0.9204384684562683,0.3233938217163086,0.010544350370764732,0.9998282194137573,883,174
33,1100,13,0.9760932326316833,0.44241759181022644,-0.1718737930059433,0.988987147808075,937,238
33,1100,14,0.9013358950614929,0.4006841778755188,0.06520748138427734,0.6224541068077087,865,216
33,1100,15,0.9818044304847717,0.5284285545349121,-0.19251559674739838,0.9603412747383118,942,285
33,1100,16,0.8682933449745178,0.4590233862400055,0.024283651262521744,0.8694246411323547,833,247
33,1100,17,0.9865149855613708,0.5496504902839661,-0.20729215443134308,0.9402542114257812,947,296
33,1100,18,0.8584774136543274,0.4734753966331482,0.020989444106817245,0.8635885715484619,824,255
33,1100,19,0.9817731380462646,0.5533146858215332,-0.22082780301570892,0.9446181654930115,942,298
33,1100,20,0.8555740714073181,0.4720850884914398,-0.0052948915399611,0.8780814409255981,821,254
33,1100,21,0.9782120585441589,0.5471916794776917,-0.1970941722393036,0.9345200061798096,939,295
33,1100,22,0.8603745102882385,0.46785467863082886,0.01176738366484642,0.8724469542503357,825,252
33,1100,23,0.9485012888908386,0.5290865898132324,-0.061645105481147766,0.9999303817749023,910,285
33,1100,24,0.9308934807777405,0.5209770202636719,0.061471011489629745,0.9999305009841919,893,281
33,1100,25,0.9129065275192261,0.6314836144447327,-0.06348047405481339,0.9974754452705383,876,341
33,1100,26,0.9370847344398499,0.6217576265335083,0.10341652482748032,0.9856160879135132,899,335
33,1100,27,0.8851835131645203,0.7364423274993896,-0.008067931979894638,0.9937067627906799,849,397
33,1100,28,0.9734005331993103,0.7288758158683777,0.19062009453773499,0.9925885796546936,934,393
33,1100,29,0.8888667225837708,0.7637868523597717,-0.006178189534693956,0.9665196537971497,853,412
33,1100,30,0.9872098565101624,0.7496206164360046,0.19805043935775757,0.981174111366272,947,404
33,1100,31,0.844412088394165,0.7666774988174438,-0.07053788006305695,0.9912518262863159,810,414
33,1100,32,0.9480316638946533,0.7605517506599426,0.16307160258293152,0.9921026825904846,910,410
34,1133,0,0.922304093837738,0.27947860956192017,-0.1854109764099121,0.9997011423110962,885,150
34,1133,1,0.9275432229042053,0.2684691846370697,-0.1847269982099533,0.9994909167289734,890,144
34,1133,2,0.9301648736000061,0.2687017321586609,-0.18492946028709412,0.9996104836463928,892,145
34,1133,3,0.9327923655509949,0.2691527009010315,-0.18486040830612183,0.9995626211166382,895,145
34,1133,4,0.9228082895278931,0.2660519778728485,-0.17047187685966492,0.999544084072113,885,143
34,1133,5,0.9218569993972778,0.26485559344291687,-0.17073410749435425,0.9997149109840393,884,143
34,1133,6,0.9207879900932312,0.26366695761680603,-0.17089366912841797,0.9997023344039917,883,142
34,1133,7,0.9395201802253723,0.26976895332336426,-0.1509110927581787,0.999716579914093,901,145
34,1133,8,0.9232252836227417,0.2645510733127594,-0.08687873929738998,0.9994155764579773,886,142
34,1133,9,0.9265770316123962,0.2881724536418915,-0.16927321255207062,0.9994005560874939,889,155
34,1133,10,0.9216948747634888,0.2866063117980957,-0.15187981724739075,0.9992936253547668,884,154
34,1133,11,0.9624166488647461,0.34283217787742615,-0.145903080701828,0.9999199509620667,923,185
34,1133,12,0.9154345989227295,0.32561445236206055,0.014719503000378609,0.9998117089271545,878,175
34,1133,13,0.9684557318687439,0.44278258085250854,-0.1524861603975296,0.9879102110862732,929,239
34,1133,14,0.8959314227104187,0.4026317000389099,0.05971359461545944,0.6125127077102661,860,217
34,1133,15,0.9733254909515381,0.5267507433891296,-0.18514929711818695,0.9591201543807983,934,284
34,1133,16,0.8678551912307739,0.4594227075576782,0.010918492451310158,0.8731815218925476,833,248
34,1133,17,0.9779558181762695,0.5486488342285156,-0.20530718564987183,0.9395760893821716,938,296
34,1133,18,0.8576657772064209,0.4755813479423523,0.007225780747830868,0.8682886362075806,823,256
34,1133,19,0.9726563096046448,0.5496690273284912,-0.21445827186107635,0.9442377686500549,933,296
34,1133,20,0.8548114895820618,0.47450053691864014,-0.01653878018260002,0.8821415305137634,820,256
34,1133,21,0.9697646498680115,0.5434014797210693,-0.19417056441307068,0.934156596660614,930,293
34,1133,22,0.8601125478744507,0.46939796209335327,-0.0013582688989117742,0.8764950037002563,825,253
34,1133,23,0.9372294545173645,0.518317461013794,-0.05995149910449982,0.9999344348907471,899,279
34,1133,24,0.9226533770561218,0.5109884142875671,0.05979975685477257,0.9999343156814575,885,275
34,1133,25,0.90675288438797,0.6238036155700684,-0.06122923269867897,0.9974977374076843,870,336
34,1133,26,0.9333082437515259,0.6190949082374573,0.05605561286211014,0.9854491353034973,895,334
34,1133,27,0.8779857754707336,0.7419520616531372,-0.010606156662106514,0.9942783713340759,842,400
34,1133,28,0.9762154221534729,0.7214494347572327,0.11548883467912674,0.9929988384246826,937,389
34,1133,29,0.8831711411476135,0.7704433798789978,-0.010071816854178905,0.9695459008216858,847,416
34,1133,30,0.9892309308052063,0.7360616326332092,0.11972968280315399,0.982489287853241,949,397
34,1133,31,0.8374242782592773,0.7672851085662842,-0.08638658374547958,0.9920602440834045,803,414
34,1133,32,0.9520385265350342,0.7632933259010315,0.06622952967882156,0.9926247596740723,913,412
35,1166,0,0.9219880700111389,0.2800411283969879,-0.18369221687316895,0.9996505975723267,885,151
35,1166,1,0.927086591720581,0.26847878098487854,-0.18433117866516113,0.9994320273399353,890,144
35,1166,2,0.9296101927757263,0.2686682343482971,-0.18447355926036835,0.9995551705360413,892,145
35,1166,3,0.9323022365570068,0.2691236138343811,-0.18442262709140778,0.999509871006012,895,145
35,1166,4,0.9213418364524841,0.2662832736968994,-0.16946078836917877,0.9995261430740356,884,143
35,1166,5,0.9197638034820557,0.26506754755973816,-0.16972404718399048,0.9996999502182007,882,143
35,1166,6,0.9180344939231873,0.2638844847679138,-0.16988542675971985,0.9996936321258545,881,142
35,1166,7,0.9384827017784119,0.26987648010253906,-0.13798750936985016,0.9996781945228577,900,145
35,1166,8,0.919664740562439,0.26487433910369873,-0.0859220027923584,0.9994048476219177,882,143
35,1166,9,0.9263887405395508,0.2886725962162018,-0.16676251590251923,0.9993405938148499,889,155
35,1166,10,0.9206416606903076,0.28740841150283813,-0.15122385323047638,0.9992498755455017,883,155
35,1166,11,0.9608780741691589,0.34366554021835327,-0.12105361372232437,0.9999064207077026,922,185
35,1166,12,0.914150059223175,0.3271862268447876,0.012882678769528866,0.9997975826263428,877,176
35,1166,13,0.966831624507904,0.44302481412887573,-0.10620271414518356,0.9852026700973511,928,239
35,1166,14,0.8945254683494568,0.40418368577957153,0.04465552791953087,0.6132185459136963,858,218
35,1166,15,0.971508264541626,0.526467502117157,-0.11169473826885223,0.954590380191803,932,284
35,1166,16,0.8673079013824463,0.4594353139400482,-0.010583151131868362,0.880595326423645,832,248
35,1166,17,0.9763745665550232,0.5475742220878601,-0.1197088211774826,0.9346176385879517,937,295
35,1166,18,0.8571409583091736,0.47606033086776733,-0.018189484253525734,0.8764510750770569,822,257
35,1166,19,0.9701024293899536,0.548281192779541,-0.1386774182319641,0.9401936531066895,931,296
35,1166,20,0.8545010685920715,0.47578418254852295,-0.04097633808851242,0.8893508911132812,820,256
35,1166,21,0.9666971564292908,0.542060136795044,-0.11846620589494705,0.9302273988723755,928,292
35,1166,22,0.8597829341888428,0.4706551134586334,-0.021619101986289024,0.8838110566139221,825,254
35,1166,23,0.9355021715164185,0.509988009929657,-0.05557578429579735,0.999936580657959,898,275
35,1166,24,0.918906033039093,0.5043625831604004,0.05549131706357002,0.9999366402626038,882,272
35,1166,25,0.9041750431060791,0.6218153834342957,-0.06559503823518753,0.9974125027656555,868,335
35,1166,26,0.9306623935699463,0.6174330115318298,0.03200971707701683,0.9833989143371582,893,333
35,1166,27,0.877979576587677,0.7447683811187744,-0.035180721431970596,0.9947973489761353,842,402
35,1166,28,0.9749783873558044,0.718132495880127,0.08665917068719864,0.9927718639373779,935,387
35,1166,29,0.8824955821037292,0.7728748917579651,-0.036513689905405045,0.9722476005554199,847,417
35,1166,30,0.9886544346809387,0.731593668460846,0.09030865877866745,0.9828410148620605,949,395
35,1166,31,0.8380945920944214,0.7675819993019104,-0.1185489147901535,0.9928000569343567,804,414
35,1166,32,0.9519426822662354,0.763268232345581,0.03716251626610756,0.9928253293037415,913,412
36,1200,0,0.9159497022628784,0.2747916877269745,-0.16032347083091736,0.9996178150177002,879,148
36,1200,1,0.9214021563529968,0.2630350887775421,-0.1582523137331009,0.9994016289710999,884,142
36,1200,2,0.9239833950996399,0.2630293667316437,-0.1584029197692871,0.9995308518409729,887,142
36,1200,3,0.9265934824943542,0.2632198929786682,-0.1583605259656906,0.9994855523109436,889,142
36,1200,4,0.9156385660171509,0.2633759081363678,-0.14507503807544708,0.9995161294937134,879,142
36,1200,5,0.9142648577690125,0.26281097531318665,-0.1452895998954773,0.9996913075447083,877,141
36,1200,6,0.9124993681907654,0.262179970741272,-0.14542454481124878,0.9996854662895203,875,141
36,1200,7,0.9325013756752014,0.2673344910144806,-0.12265859544277191,0.9996684789657593,895,144
36,1200,8,0.913682758808136,0.264380544424057,-0.06451978534460068,0.9993956089019775,877,142
36,1200,9,0.9201057553291321,0.28542301058769226,-0.14466458559036255,0.9993189573287964,883,154
36,1200,10,0.9145034551620483,0.28539106249809265,-0.12894076108932495,0.9992237091064453,877,154
36,1200,11,0.9517764449119568,0.3433246612548828,-0.12363003194332123,0.9999040365219116,913,185
36,1200,12,0.9066077470779419,0.3291539251804352,0.02518373727798462,0.9997773170471191,870,177
36,1200,13,0.9579769968986511,0.44081830978393555,-0.12934137880802155,0.9851438999176025,919,238
36,1200,14,0.8885805010795593,0.40662097930908203,0.04908879101276398,0.6011976599693298,853,219
36,1200,15,0.9610646963119507,0.5246453881263733,-0.13043223321437836,0.9540582895278931,922,283
36,1200,16,0.8637571334838867,0.45949482917785645,-0.01376810297369957,0.8838472962379456,829,248
36,1200,17,0.9634540677070618,0.5458295941352844,-0.12652505934238434,0.9345772862434387,924,294
36,1200,18,0.8528887033462524,0.47657108306884766,-0.0223651472479105,0.880992591381073,818,257
36,1200,19,0.9577518105506897,0.5462973713874817,-0.15110225975513458,0.9402723908424377,919,295
36,1200,20,0.8510205745697021,0.476890504360199,-0.04495025426149368,0.8932566046714783,816,257
36,1200,21,0.9559503793716431,0.5391740202903748,-0.13552968204021454,0.930416464805603,917,291
36,1200,22,0.8570119142532349,0.4719086289405823,-0.025262510403990746,0.8878469467163086,822,254
36,1200,23,0.9323720932006836,0.5085904598236084,-0.05739413946866989,0.9999411702156067,895,274
36,1200,24,0.9115707278251648,0.503094494342804,0.05730085447430611,0.9999406337738037,875,271
36,1200,25,0.8966688513755798,0.6166741847991943,-0.08139874786138535,0.9975753426551819,860,333
36,1200,26,0.9174168109893799,0.6173456907272339,0.03582378849387169,0.9837381839752197,880,333
36,1200,27,0.8762142658233643,0.7440871000289917,-0.060482535511255264,0.9953014850616455,841,401
36,1200,28,0.9662690758705139,0.7123697400093079,0.09033871442079544,0.9932241439819336,927,384
36,1200,29,0.8814945816993713,0.7729727625846863,-0.06250087171792984,0.9748878479003906,846,417
36,1200,30,0.9816955327987671,0.7200158834457397,0.09421548992395401,0.9840795397758484,942,388
36,1200,31,0.8377264142036438,0.7700627446174622,-0.1434478461742401,0.9935000538825989,804,415
36,1200,32,0.9506012797355652,0.7657279968261719,0.04502115026116371,0.9933380484580994,912,413
37,1233,0,0.914236843585968,0.2749839425086975,-0.16231538355350494,0.9996095895767212,877,148
37,1233,1,0.919266402721405,0.26320555806159973,-0.16388553380966187,0.9994043111801147,882,142
37,1233,2,0.9216827154159546,0.2632075250148773,-0.16407793760299683,0.9995270371437073,884,142
37,1233,3,0.9244210124015808,0.2633756399154663,-0.16401736438274384,0.9994877576828003,887,142
37,1233,4,0.912704348564148,0.2632542848587036,-0.1490478813648224,0.999527096748352,876,142
37,1233,5,0.910755455493927,0.26266995072364807,-0.14933358132839203,0.9996942281723022,874,141
37,1233,6,0.9087507724761963,0.26203811168670654,-0.14948122203350067,0.9996909499168396,872,141
37,1233,7,0.9300529956817627,0.2673569619655609,-0.13080084323883057,0.9996705651283264,892,144
37,1233,8,0.9092969298362732,0.26437538862228394,-0.07313892990350723,0.9994086027145386,872,142
37,1233,9,0.9187990427017212,0.28545454144477844,-0.15028180181980133,0.9993304014205933,882,154
37,1233,10,0.9121116399765015,0.2854468822479248,-0.13331066071987152,0.9992353320121765,875,154
37,1233,11,0.9490363597869873,0.3420335054397583,-0.128214031457901,0.9999029636383057,911,184
37,1233,12,0.9046210646629333,0.3297083377838135,0.019648263230919838,0.9997684955596924,868,178
37,1233,13,0.9566688537597656,0.4405493438243866,-0.13275887072086334,0.9845921397209167,918,237
37,1233,14,0.8867478966712952,0.4072485566139221,0.03912302106618881,0.5991003513336182,851,219
37,1233,15,0.9591404795646667,0.5242717862129211,-0.14435118436813354,0.9525318741798401,920,283
37,1233,16,0.8625390529632568,0.460824191570282,-0.028609609231352806,0.8894036412239075,828,248
37,1233,17,0.9634029269218445,0.5453722476959229,-0.1487448364496231,0.9331413507461548,924,294
37,1233,18,0.8517555594444275,0.4794778823852539,-0.037964869290590286,0.8875188231468201,817,258
37,1233,19,0.9561062455177307,0.5460185408592224,-0.1674012541770935,0.9390878677368164,917,294
37,1233,20,0.8504834771156311,0.48036640882492065,-0.06083426624536514,0.8990366458892822,816,259
37,1233,21,0.9535197615623474,0.539132833480835,-0.1490381360054016,0.9291088581085205,915,291
37,1233,22,0.8560631275177002,0.47528308629989624,-0.040207747370004654,0.8937867879867554,821,256
37,1233,23,0.9316282868385315,0.5091965198516846,-0.057153355330228806,0.999944269657135,894,274
37,1233,24,0.9111503958702087,0.503853440284729,0.05704038217663765,0.9999434351921082,874,272
37,1233,25,0.8958870768547058,0.6171245574951172,-0.07248811423778534,0.9976295828819275,860,333
37,1233,26,0.9122604131698608,0.6153014898300171,0.03379960358142853,0.9829288125038147,875,332
37,1233,27,0.8761904239654541,0.7436589598655701,-0.04590117186307907,0.9957457780838013,841,401
37,1233,28,0.9647108912467957,0.7102399468421936,0.08676178008317947,0.9932904243469238,926,383
37,1233,29,0.8820831775665283,0.7727378606796265,-0.04732785373926163,0.9772076606750488,846,417
37,1233,30,0.9807435274124146,0.7177810668945312,0.0904192104935646,0.9846773743629456,941,387
37,1233,31,0.8375495076179504,0.7712308168411255,-0.12635932862758636,0.9941189289093018,804,416
37,1233,32,0.950410783290863,0.765887975692749,0.04065883159637451,0.9935844540596008,912,413
38,1266,0,0.9081571698188782,0.27336448431015015,-0.16518495976924896,0.999607503414154,871,147
38,1266,1,0.9141941666603088,0.2609598636627197,-0.1656954437494278,0.9994239807128906,877,140
38,1266,2,0.9165239930152893,0.26106175780296326,-0.1658775955438614,0.9995422959327698,879,140
38,1266,3,0.9198309779167175,0.26125261187553406,-0.16581876575946808,0.9995077848434448,883,141
38,1266,4,0.9079151153564453,0.261329710483551,-0.15104596316814423,0.9995419383049011,871,141
38,1266,5,0.9063529968261719,0.2611037790775299,-0.1512874811887741,0.9996998906135559,870,140
38,1266,6,0.9047548174858093,0.2607783377170563,-0.15141920745372772,0.9996965527534485,868,140
38,1266,7,0.9248422384262085,0.2663271725177765,-0.13436810672283173,0.9996843934059143,887,143
38,1266,8,0.9057058095932007,0.2641793489456177,-0.07040321081876755,0.9994187355041504,869,142
38,1266,9,0.9128108620643616,0.28425151109695435,-0.1518232226371765,0.9993614554405212,876,153
38,1266,10,0.9066048860549927,0.2847278118133545,-0.13432931900024414,0.9992630481719971,870,153
38,1266,11,0.9432607889175415,0.34197646379470825,-0.133926659822464,0.9999085068702698,905,184
38,1266,12,0.8992366790771484,0.3314144015312195,0.025502538308501244,0.9997621774673462,863,178
38,1266,13,0.9486833214759827,0.4393928647041321,-0.15745596587657928,0.9851871728897095,910,237
38,1266,14,0.8807902932167053,0.4097621738910675,0.05502777174115181,0.5742809176445007,845,221
38,1266,15,0.9480864405632019,0.524054229259491,-0.19704832136631012,0.9551900029182434,910,282
38,1266,16,0.8580941557884216,0.46599501371383667,-0.01585177518427372,0.8846967816352844,823,251
38,1266,17,0.9501396417617798,0.5457409620285034,-0.21602025628089905,0.9370606541633606,912,294
38,1266,18,0.8475897312164307,0.48784518241882324,-0.027280280366539955,0.885278582572937,813,263
38,1266,19,0.9432380199432373,0.5462226271629333,-0.22765102982521057,0.9426735043525696,905,294
38,1266,20,0.846004068851471,0.48838546872138977,-0.05260560289025307,0.8970670700073242,812,263
38,1266,21,0.941213071346283,0.5393778085708618,-0.20113776624202728,0.932862401008606,903,291
38,1266,22,0.8515569567680359,0.4814983904361725,-0.028625547885894775,0.8916897177696228,817,260
38,1266,23,0.9213500618934631,0.5106873512268066,-0.05867408961057663,0.9999488592147827,884,275
38,1266,24,0.9009491205215454,0.5038528442382812,0.058580219745635986,0.9999474883079529,864,272
38,1266,25,0.8878408074378967,0.6187310814857483,-0.06979552656412125,0.9977498650550842,852,334
38,1266,26,0.8999994993209839,0.6152392625808716,0.03866099193692207,0.9835532903671265,863,332
38,1266,27,0.8744239807128906,0.74554443359375,-0.030452609062194824,0.9961535930633545,839,402
38,1266,28,0.9551905989646912,0.7011398673057556,0.0953175500035286,0.9936729073524475,916,378
38,1266,29,0.8817270994186401,0.7753152251243591,-0.03037126734852791,0.979308009147644,846,418
38,1266,30,0.970345139503479,0.7016547918319702,0.0966634526848793,0.9855858683586121,931,378
38,1266,31,0.8368666768074036,0.7749950885772705,-0.11000155657529831,0.9946824312210083,803,418
38,1266,32,0.9488986134529114,0.7650593519210815,0.05096184089779854,0.9939889311790466,910,413
39,1300,0,0.9070386290550232,0.27287501096725464,-0.1768108457326889,0.9995970726013184,870,147
39,1300,1,0.9125840663909912,0.2603663206100464,-0.1740822196006775,0.9994303584098816,876,140
39,1300,2,0.9151439070701599,0.2605011463165283,-0.1742510348558426,0.9995483160018921,878,140
39,1300,3,0.9181446433067322,0.26072531938552856,-0.17421238124370575,0.9995169043540955,881,140
39,1300,4,0.9057840704917908,0.2603530287742615,-0.16030195355415344,0.9995481371879578,869,140
39,1300,5,0.9039052128791809,0.2601390779018402,-0.16050828993320465,0.9997013211250305,867,140
39,1300,6,0.9020971059799194,0.2598602771759033,-0.16064101457595825,0.9996971487998962,866,140
39,1300,7,0.9236400723457336,0.26561853289604187,-0.13713005185127258,0.9996975660324097,886,143
39,1300,8,0.9027756452560425,0.26370859146118164,-0.07401897758245468,0.9994263052940369,866,142
39,1300,9,0.9118915796279907,0.28395500779151917,-0.159232959151268,0.9993917942047119,875,153
39,1300,10,0.9049100279808044,0.28413906693458557,-0.14242883026599884,0.9992901086807251,868,153
39,1300,11,0.9423507452011108,0.3416663408279419,-0.13596518337726593,0.9999129772186279,904,184
39,1300,12,0.8972386121749878,0.3326098620891571,0.020520349964499474,0.9997550249099731,861,179
39,1300,13,0.9480331540107727,0.4394604563713074,-0.14821073412895203,0.9860069751739502,910,237
39,1300,14,0.8794205784797668,0.4116568863391876,0.04425371438264847,0.5726858973503113,844,222
39,1300,15,0.9484073519706726,0.524072527885437,-0.18293116986751556,0.9585874676704407,910,282
39,1300,16,0.8566278219223022,0.46822667121887207,-0.041772373020648956,0.8892439007759094,822,252
39,1300,17,0.9521767497062683,0.5458276867866516,-0.19842831790447235,0.9418389201164246,914,294
39,1300,18,0.8467165231704712,0.49156561493873596,-0.054917242377996445,0.8906824588775635,812,265
39,1300,19,0.9445896744728088,0.546558678150177,-0.21196074783802032,0.9470769166946411,906,295
39,1300,20,0.8450947403907776,0.49213549494743347,-0.07917220145463943,0.90199875831604,811,265
39,1300,21,0.941853404045105,0.5394757390022278,-0.18723264336585999,0.937848687171936,904,291
39,1300,22,0.8498761057853699,0.48405104875564575,-0.05459093675017357,0.8967639803886414,815,261
39,1300,23,0.9220826029777527,0.5116963386535645,-0.05818178132176399,0.9999527335166931,885,276
39,1300,24,0.9008963108062744,0.5052009224891663,0.058077774941921234,0.9999507069587708,864,272
39,1300,25,0.887859582901001,0.6193271279335022,-0.07927190512418747,0.9979255199432373,852,334
39,1300,26,0.8991916179656982,0.616075873374939,0.039674412459135056,0.9846436381340027,863,332
39,1300,27,0.8733394742012024,0.7459719777107239,-0.031296275556087494,0.9965271949768066,838,402
39,1300,28,0.9536126255989075,0.699575662612915,0.121505506336689,0.9941375851631165,915,377
39,1300,29,0.8804432153701782,0.7741735577583313,-0.030387433245778084,0.9812249541282654,845,418
39,1300,30,0.9678146243095398,0.7008405327796936,0.12909704446792603,0.9865819215774536,929,378
39,1300,31,0.8345481157302856,0.7759992480278015,-0.11672762781381607,0.9951989650726318,801,419
39,1300,32,0.9475961923599243,0.7650144100189209,0.07621660828590393,0.9944469332695007,909,413
40,1333,0,0.8974913954734802,0.26682940125465393,-0.16180764138698578,0.999561607837677,861,144
40,1333,1,0.9035635590553284,0.2557976245880127,-0.16426225006580353,0.9994236826896667,867,138
40,1333,2,0.906166136264801,0.2560144364833832,-0.16442294418811798,0.9995296001434326,869,138
40,1333,3,0.9088239073753357,0.2563130557537079,-0.16436344385147095,0.9995092749595642,872,138
40,1333,4,0.8986125588417053,0.2555030286312103,-0.147542804479599,0.9995500445365906,862,137
40,1333,5,0.8975899815559387,0.2558807134628296,-0.14776507019996643,0.9996964335441589,861,138
40,1333,6,0.8965068459510803,0.25556522607803345,-0.14790137112140656,0.999701201915741,860,138
40,1333,7,0.9157068729400635,0.2622836232185364,-0.13721953332424164,0.9996829628944397,879,141
40,1333,8,0.8990256786346436,0.2603832185268402,-0.06927856802940369,0.999424934387207,863,140
40,1333,9,0.9014125466346741,0.2789056599140167,-0.15106786787509918,0.9993768930435181,865,150
40,1333,10,0.8970207571983337,0.2788897454738617,-0.13060377538204193,0.9992842674255371,861,150
40,1333,11,0.9344010949134827,0.3388958275318146,-0.14430329203605652,0.9999114274978638,897,183
40,1333,12,0.8928905725479126,0.33252614736557007,0.022902095690369606,0.9997541308403015,857,179
40,1333,13,0.9371891021728516,0.43720743060112,-0.14862553775310516,0.9790957570075989,899,236
40,1333,14,0.8755733370780945,0.4112851619720459,0.061558421701192856,0.5389991998672485,840,222
40,1333,15,0.9301008582115173,0.520866334438324,-0.156714528799057,0.9327958226203918,892,281
40,1333,16,0.8545447587966919,0.4694146513938904,-0.0026164816226810217,0.877524197101593,820,253
40,1333,17,0.9285639524459839,0.5426748394966125,-0.16828736662864685,0.9143475294113159,891,293
40,1333,18,0.8453747630119324,0.49497368931770325,-0.010853310115635395,0.8820369839668274,811,267
40,1333,19,0.9221130609512329,0.540464460849762,-0.17868401110172272,0.9202422499656677,885,291
40,1333,20,0.8436664938926697,0.49591827392578125,-0.03413951024413109,0.8937621116638184,809,267
40,1333,21,0.9217692017555237,0.5332477688789368,-0.15891140699386597,0.9072496294975281,884,287
40,1333,22,0.8484641909599304,0.48603391647338867,-0.014545891433954239,0.887578547000885,814,262
40,1333,23,0.9114341139793396,0.5082299709320068,-0.05878419056534767,0.9999562501907349,874,274
40,1333,24,0.8907326459884644,0.5008822679519653,0.05869625136256218,0.9999542236328125,855,270
40,1333,25,0.8843225836753845,0.6204649209976196,-0.06050259992480278,0.9974808692932129,848,335
40,1333,26,0.8832427859306335,0.6132455468177795,0.042827971279621124,0.9791232943534851,847,331
40,1333,27,0.8735684156417847,0.7464755177497864,-0.02515379711985588,0.9967932105064392,838,403
40,1333,28,0.946610152721405,0.6968321800231934,0.11963551491498947,0.9921255707740784,908,376
40,1333,29,0.8807366490364075,0.7734211683273315,-0.024937404319643974,0.9824315905570984,845,417
40,1333,30,0.966994047164917,0.6952758431434631,0.12589482963085175,0.9838268160820007,928,375
40,1333,31,0.833489179611206,0.7758986949920654,-0.1040382906794548,0.9955651164054871,800,418
40,1333,32,0.9408044815063477,0.7583699822425842,0.07631532847881317,0.993309736251831,903,409
41,1366,0,0.8959435820579529,0.26691025495529175,-0.16143862903118134,0.999514102935791,860,144
41,1366,1,0.9020153880119324,0.2556649148464203,-0.16364626586437225,0.9994056224822998,865,138
41,1366,2,0.9051096439361572,0.25582966208457947,-0.16380922496318817,0.9995071887969971,868,138
41,1366,3,0.9075320363044739,0.2561502158641815,-0.16375137865543365,0.9994935393333435,871,138
41,1366,4,0.8965257406234741,0.2553078532218933,-0.14705023169517517,0.9995378255844116,860,137
41,1366,5,0.89510577917099,0.2554554343223572,-0.1472693830728531,0.9996815323829651,859,137
41,1366,6,0.8936338424682617,0.25516650080680847,-0.14740440249443054,0.9996915459632874,857,137
41,1366,7,0.9144219756126404,0.26182717084884644,-0.13849857449531555,0.9996759295463562,877,141
41,1366,8,0.8960011005401611,0.2600034773349762,-0.0678485706448555,0.9994058012962341,860,140
41,1366,9,0.9009714722633362,0.2788712978363037,-0.1504574567079544,0.9993579983711243,864,150
41,1366,10,0.8952522277832031,0.278860867023468,-0.1299925446510315,0.999254047870636,859,150
41,1366,11,0.9330146908760071,0.33621397614479065,-0.14550811052322388,0.9999126195907593,895,181
41,1366,12,0.8906787633895874,0.3330695331096649,0.024766869843006134,0.9997361302375793,855,179
41,1366,13,0.937622606754303,0.4360516369342804,-0.1569196730852127,0.9772160053253174,900,235
41,1366,14,0.8754796981811523,0.415518194437027,0.06280980259180069,0.49971410632133484,840,224
41,1366,15,0.9307572245597839,0.5195925831794739,-0.17407876253128052,0.9268856644630432,893,280
41,1366,16,0.8530420064926147,0.4759518802165985,0.00015396247908938676,0.8560736775398254,818,257
41,1366,17,0.9283239841461182,0.5421702265739441,-0.18944573402404785,0.9082901477813721,891,292
41,1366,18,0.8456706404685974,0.500834584236145,-0.007960675284266472,0.8665834069252014,811,270
41,1366,19,0.9223310351371765,0.5392007231712341,-0.19778138399124146,0.914314866065979,885,291
41,1366,20,0.8438461422920227,0.5014511346817017,-0.03116721473634243,0.879023015499115,810,270
41,1366,21,0.9220579266548157,0.5307357311248779,-0.1760459542274475,0.8990851640701294,885,286
41,1366,22,0.8482704758644104,0.4939991235733032,-0.011765915900468826,0.8721137046813965,814,266
41,1366,23,0.9107582569122314,0.5084824562072754,-0.05891228839755058,0.9999592304229736,874,274
41,1366,24,0.8897144198417664,0.500856876373291,0.05882980301976204,0.9999567866325378,854,270
41,1366,25,0.8817647099494934,0.6208536028862,-0.053122781217098236,0.9974579811096191,846,335
41,1366,26,0.8834862112998962,0.6114626526832581,0.05289889872074127,0.978164553642273,848,330
41,1366,27,0.8738446831703186,0.7459474802017212,-0.007206246722489595,0.9970733523368835,838,402
41,1366,28,0.9435644149780273,0.6948868632316589,0.1257840245962143,0.9919647574424744,905,375
41,1366,29,0.880788266658783,0.7726407051086426,-0.005605785641819239,0.9838167428970337,845,417
41,1366,30,0.9637914896011353,0.6925283670425415,0.1320178210735321,0.9835963249206543,925,373
41,1366,31,0.8336032032966614,0.7756778001785278,-0.08429525047540665,0.995949387550354,800,418
41,1366,32,0.9376505017280579,0.7586014866828918,0.08500778675079346,0.993256688117981,900,409
42,1400,0,0.8893097043037415,0.2656277120113373,-0.16952301561832428,0.9994034171104431,853,143
42,1400,1,0.894904375076294,0.2544960677623749,-0.17559561133384705,0.9993459582328796,859,137
42,1400,2,0.8977228403091431,0.2545476257801056,-0.17574810981750488,0.9994313716888428,861,137
42,1400,3,0.9002473950386047,0.25475993752479553,-0.17568494379520416,0.99944669008255,864,137
42,1400,4,0.8906393647193909,0.25414901971817017,-0.1571495532989502,0.999483048915863,855,137
42,1400,5,0.8897383213043213,0.25412431359291077,-0.1573571115732193,0.9996196627616882,854,137
42,1400,6,0.8885806798934937,0.2538749575614929,-0.15748819708824158,0.9996548295021057,853,137
42,1400,7,0.9071605205535889,0.2595321238040924,-0.1639883667230606,0.9996240139007568,870,140
42,1400,8,0.8913203477859497,0.25854504108428955,-0.08380958437919617,0.9993020296096802,855,139
42,1400,9,0.8937407732009888,0.27690842747688293,-0.162357360124588,0.9992873072624207,857,149
42,1400,10,0.8898178339004517,0.27684783935546875,-0.13965828716754913,0.9991713166236877,854,149
42,1400,11,0.9258893132209778,0.3340100646018982,-0.17422175407409668,0.9999142289161682,888,180
42,1400,12,0.887271523475647,0.3296029567718506,0.009476630948483944,0.9997205138206482,851,177
42,1400,13,0.9258840680122375,0.43598672747612,-0.18842218816280365,0.9753010869026184,888,235
42,1400,14,0.871103823184967,0.4149906635284424,0.05015759542584419,0.4588044285774231,836,224
42,1400,15,0.9106022119522095,0.5214576721191406,-0.1975349336862564,0.9181316494941711,874,281
42,1400,16,0.8519143462181091,0.4779323935508728,-0.0016168446745723486,0.8119021058082581,817,258
42,1400,17,0.9073803424835205,0.5485544204711914,-0.21347518265247345,0.8972057700157166,871,296
42,1400,18,0.8454107046127319,0.502982497215271,-0.010071948170661926,0.826911449432373,811,271
42,1400,19,0.8991357684135437,0.5434850454330444,-0.22147229313850403,0.9032409191131592,863,293
42,1400,20,0.8441140055656433,0.5066438317298889,-0.034169819205999374,0.8407741785049438,810,273
42,1400,21,0.9002504348754883,0.5326123833656311,-0.1990056335926056,0.8829036951065063,864,287
42,1400,22,0.8480373024940491,0.4978655278682709,-0.014228971675038338,0.833189070224762,814,268
42,1400,23,0.8987979888916016,0.5001088976860046,-0.058674585074186325,0.9999620914459229,862,270
42,1400,24,0.8786681294441223,0.4915076792240143,0.0585930161178112,0.999959409236908,843,265
42,1400,25,0.877721905708313,0.6137772798538208,-0.04559791088104248,0.9961221814155579,842,331
42,1400,26,0.8701048493385315,0.6062467694282532,0.02872704714536667,0.9700266122817993,835,327
42,1400,27,0.8743181824684143,0.7454929351806641,0.0028753126971423626,0.9972015619277954,839,402
42,1400,28,0.9267911314964294,0.6926411390304565,0.08385594189167023,0.9885496497154236,889,374
42,1400,29,0.8815175294876099,0.7720440626144409,0.0041154539212584496,0.9839658141136169,846,416
42,1400,30,0.9440610408782959,0.6868863105773926,0.08828259259462357,0.9788081645965576,906,370
42,1400,31,0.8339251279830933,0.7756563425064087,-0.07781410217285156,0.9961245656013489,800,418
42,1400,32,0.9267842173576355,0.7549618482589722,0.03410762920975685,0.9914343953132629,889,407
43,1433,0,0.8902731537818909,0.2657933533191681,-0.16626672446727753,0.9993054270744324,854,143
43,1433,1,0.8963183760643005,0.2537670135498047,-0.1712467074394226,0.9992882013320923,860,137
43,1433,2,0.8985170722007751,0.2531867027282715,-0.1713913381099701,0.9993631839752197,862,136
43,1433,3,0.9014718532562256,0.253339022397995,-0.17132799327373505,0.9993943572044373,865,136
43,1433,4,0.8908963799476624,0.2539866864681244,-0.15420182049274445,0.9994374513626099,855,137
43,1433,5,0.8896579146385193,0.2539551556110382,-0.15440677106380463,0.999573290348053,854,137
43,1433,6,0.8882558345794678,0.25374799966812134,-0.15454095602035522,0.9996222853660583,852,137
43,1433,7,0.9074867367744446,0.2585572600364685,-0.1613854020833969,0.9995930790901184,871,139
43,1433,8,0.889851450920105,0.2579834759235382,-0.08262670040130615,0.9992514252662659,854,139
43,1433,9,0.8955236077308655,0.2762892246246338,-0.15777508914470673,0.9992315769195557,859,149
43,1433,10,0.8897424936294556,0.2767925262451172,-0.13670441508293152,0.999101996421814,854,149
43,1433,11,0.9262775182723999,0.33320850133895874,-0.16623947024345398,0.9999147057533264,889,179
43,1433,12,0.8850663900375366,0.3295992314815521,0.009619759395718575,0.9996867179870605,849,177
43,1433,13,0.9243379235267639,0.43637314438819885,-0.17716915905475616,0.9749399423599243,887,235
43,1433,14,0.8694141507148743,0.4159400165081024,0.04777301847934723,0.42505407333374023,834,224
43,1433,15,0.9115206003189087,0.52166348695755,-0.1966986507177353,0.9169849157333374,875,281
43,1433,16,0.8506885766983032,0.4792318344116211,-0.0033826264552772045,0.7926146388053894,816,258
43,1433,17,0.9076395034790039,0.5537480711936951,-0.21319541335105896,0.8955249786376953,871,299
43,1433,18,0.8435498476028442,0.5037756562232971,-0.011311424896121025,0.8124997615814209,809,272
43,1433,19,0.9002044200897217,0.548210084438324,-0.2216539978981018,0.9015149474143982,864,296
43,1433,20,0.8426970839500427,0.5061675906181335,-0.03377268463373184,0.8272528648376465,808,273
43,1433,21,0.9007619619369507,0.5364276170730591,-0.19881993532180786,0.8793985843658447,864,289
43,1433,22,0.8462320566177368,0.497499018907547,-0.015003891661763191,0.8186880946159363,812,268
43,1433,23,0.8994899392127991,0.5012109875679016,-0.05776583030819893,0.9999634027481079,863,270
43,1433,24,0.8790300488471985,0.49319660663604736,0.05770881846547127,0.9999597668647766,843,266
43,1433,25,0.8770466446876526,0.6151333451271057,-0.04573322832584381,0.9957769513130188,841,332
43,1433,26,0.8687530755996704,0.6045525670051575,0.03539034351706505,0.9622498750686646,834,326
43,1433,27,0.8737518191337585,0.7454656362533569,-0.013876726850867271,0.9973806142807007,838,402
43,1433,28,0.9253804683685303,0.6924364566802979,0.08968305587768555,0.9853458404541016,888,373
43,1433,29,0.8801785707473755,0.7724577188491821,-0.01342552900314331,0.9848137497901917,844,417
43,1433,30,0.9404972195625305,0.6881102919578552,0.09414134919643402,0.9750015139579773,902,371
43,1433,31,0.834245502948761,0.7749982476234436,-0.09358380734920502,0.9963691830635071,800,418
43,1433,32,0.9216620922088623,0.7542773485183716,0.04464273154735565,0.9896935224533081,884,407
44,1466,0,0.8839594125747681,0.2655632793903351,-0.15056553483009338,0.9988534450531006,848,143
44,1466,1,0.889670729637146,0.2530122399330139,-0.15552277863025665,0.9990190267562866,854,136
44,1466,2,0.8919176459312439,0.2526073455810547,-0.15567834675312042,0.9991090297698975,856,136
44,1466,3,0.8954718112945557,0.2526170313358307,-0.155612513422966,0.999186098575592,859,136
44,1466,4,0.8845291137695312,0.253817081451416,-0.13903631269931793,0.9991777539253235,849,137
44,1466,5,0.8835498690605164,0.25386926531791687,-0.13926257193088531,0.999343991279602,848,137
44,1466,6,0.882365345954895,0.25378382205963135,-0.13941775262355804,0.9994369745254517,847,137
44,1466,7,0.9025411009788513,0.2564280331134796,-0.1422794908285141,0.9994709491729736,866,138
44,1466,8,0.8845829367637634,0.2579425275325775,-0.06678590178489685,0.9989718794822693,849,139
44,1466,9,0.8893894553184509,0.2756771445274353,-0.14074726402759552,0.9989625811576843,853,148
44,1466,10,0.8843201994895935,0.2765777111053467,-0.12052522599697113,0.9987248778343201,848,149
44,1466,11,0.9232815504074097,0.33273833990097046,-0.1494998186826706,0.9999150633811951,886,179
44,1466,12,0.882191002368927,0.32562166452407837,0.02019052393734455,0.9995964169502258,846,175
44,1466,13,0.9165342450141907,0.4363762438297272,-0.1726377159357071,0.975591242313385,879,235
44,1466,14,0.8677608966827393,0.4174346923828125,0.05539393052458763,0.38757336139678955,833,225
44,1466,15,0.903311550617218,0.5195891857147217,-0.18887099623680115,0.920718789100647,867,280
44,1466,16,0.8510214686393738,0.48236241936683655,0.0007022438221611083,0.7406657338142395,816,260
44,1466,17,0.9021020531654358,0.5525050163269043,-0.2046184539794922,0.9001247882843018,866,298
44,1466,18,0.844272792339325,0.506691038608551,-0.007970280945301056,0.7679622173309326,810,273
44,1466,19,0.8948274254798889,0.54622882604599,-0.21445421874523163,0.9058632850646973,859,294
44,1466,20,0.8432644009590149,0.5074884295463562,-0.028620684519410133,0.7838602066040039,809,274
44,1466,21,0.8941580057144165,0.5350398421287537,-0.19164016842842102,0.8833364248275757,858,288
44,1466,22,0.8467048406600952,0.49841511249542236,-0.010007410310208797,0.7758035659790039,812,269
44,1466,23,0.8933061361312866,0.5013095140457153,-0.05611110106110573,0.9999653100967407,857,270
44,1466,24,0.8695567846298218,0.494852751493454,0.05612766742706299,0.9999606013298035,834,267
44,1466,25,0.8774678707122803,0.6171469688415527,-0.04207687824964523,0.9955502152442932,842,333
44,1466,26,0.8549545407295227,0.6051873564720154,-0.011303875595331192,0.9627963304519653,820,326
44,1466,27,0.8720929026603699,0.745240330696106,0.005281583871692419,0.997559130191803,837,402
44,1466,28,0.9084499478340149,0.6893600225448608,0.04762441664934158,0.9842031002044678,872,372
44,1466,29,0.88074791431427,0.7731764912605286,0.006905920337885618,0.9854757189750671,845,417
44,1466,30,0.9260794520378113,0.6874417066574097,0.053280655294656754,0.9737547636032104,889,371
44,1466,31,0.8313468098640442,0.7749279737472534,-0.0745333582162857,0.9965860843658447,798,418
44,1466,32,0.9023475050926208,0.7511252164840698,0.0021335266064852476,0.989091157913208,866,405
45,1500,0,0.8836342692375183,0.2657683193683624,-0.1284487247467041,0.9987025260925293,848,143
45,1500,1,0.8888306021690369,0.2531028389930725,-0.13299180567264557,0.9989233016967773,853,136
45,1500,2,0.8916977643966675,0.2527801990509033,-0.13314813375473022,0.99901282787323,856,136
45,1500,3,0.8944467902183533,0.25277677178382874,-0.13308309018611908,0.9991175532341003,858,136
45,1500,4,0.8838090300559998,0.2539055049419403,-0.11706292629241943,0.9990741014480591,848,137
45,1500,5,0.8825861811637878,0.25389039516448975,-0.11728129535913467,0.9992406368255615,847,137
45,1500,6,0.881242573261261,0.2537798583507538,-0.11742385476827621,0.9993532299995422,845,137
45,1500,7,0.9018237590789795,0.25614914298057556,-0.1196841448545456,0.9994205236434937,865,138
45,1500,8,0.8829841017723083,0.2575979232788086,-0.04702196642756462,0.9988081455230713,847,139
45,1500,9,0.8886107206344604,0.27515551447868347,-0.11920154094696045,0.9988484382629395,853,148
45,1500,10,0.8831196427345276,0.2763131558895111,-0.09955208003520966,0.9985441565513611,847,149
45,1500,11,0.9227303862571716,0.3312625288963318,-0.128075510263443,0.9999182224273682,885,178
45,1500,12,0.880263090133667,0.32437530159950256,0.033446189016103745,0.9995391964912415,845,175
45,1500,13,0.9146094918251038,0.434043824672699,-0.15094368159770966,0.975767970085144,878,234
45,1500,14,0.8659943342208862,0.4173646867275238,0.06569179892539978,0.35661450028419495,831,225
45,1500,15,0.9016050100326538,0.5154104232788086,-0.18258002400398254,0.9246144890785217,865,278
45,1500,16,0.8501089215278625,0.4854371249675751,0.012199373915791512,0.7008779048919678,816,262
45,1500,17,0.9015312790870667,0.5446980595588684,-0.20053187012672424,0.9049440026283264,865,294
45,1500,18,0.8444889783859253,0.5100421905517578,0.0037882961332798004,0.7334503531455994,810,275
45,1500,19,0.8929875493049622,0.5420513153076172,-0.2070225328207016,0.9104383587837219,857,292
45,1500,20,0.8436365723609924,0.5115205645561218,-0.01595478318631649,0.7503359317779541,809,276
45,1500,21,0.8920290470123291,0.5308195948600769,-0.1841704249382019,0.8877630829811096,856,286
45,1500,22,0.8471879959106445,0.5019839406013489,0.0019346994813531637,0.7427275776863098,813,271
45,1500,23,0.8933985829353333,0.5019863843917847,-0.05507425591349602,0.9999663829803467,857,271
45,1500,24,0.8669580817222595,0.4955337941646576,0.05508964881300926,0.9999598860740662,832,267
45,1500,25,0.8761433362960815,0.6172524094581604,-0.045052602887153625,0.994378924369812,841,333
45,1500,26,0.8523460626602173,0.607513964176178,0.012433472089469433,0.9537762999534607,818,328
45,1500,27,0.8723379969596863,0.7450953722000122,-0.006489009130746126,0.99756920337677,837,402
45,1500,28,0.9068334102630615,0.6904483437538147,0.0707169696688652,0.9767506122589111,870,372
45,1500,29,0.87940514087677,0.7730712294578552,-0.006315437611192465,0.9849675893783569,844,417
45,1500,30,0.9238502979278564,0.6884788274765015,0.07601360976696014,0.9657691717147827,886,371
45,1500,31,0.8327745199203491,0.7745141386985779,-0.08515547960996628,0.9965825080871582,799,418
45,1500,32,0.9010784029960632,0.7511226534843445,0.028444455936551094,0.9850068688392639,865,405
46,1533,0,0.8756763339042664,0.2657276690006256,-0.12513603270053864,0.9983810186386108,840,143
46,1533,1,0.8795908093452454,0.252706378698349,-0.13179580867290497,0.998519778251648,844,136
46,1533,2,0.8811997771263123,0.25227561593055725,-0.1319759041070938,0.9986962676048279,845,136
46,1533,3,0.8831479549407959,0.2521938681602478,-0.13193254172801971,0.9988618493080139,847,136
46,1533,4,0.8764257431030273,0.25351810455322266,-0.11534200608730316,0.9985646605491638,841,136
46,1533,5,0.8757036328315735,0.25350356101989746,-0.11553960293531418,0.9988013505935669,840,136
46,1533,6,0.8747851848602295,0.25343576073646545,-0.11566988378763199,0.9989244341850281,839,136
46,1533,7,0.8906989693641663,0.2549980878829956,-0.1266603320837021,0.9993082284927368,855,137
46,1533,8,0.8783731460571289,0.2570754289627075,-0.05230993777513504,0.9980618357658386,843,138
46,1533,9,0.8801802396774292,0.2751891314983368,-0.11950455605983734,0.9985533356666565,844,148
46,1533,10,0.8764740824699402,0.2761918306350708,-0.09895970672369003,0.9979369640350342,841,149
46,1533,11,0.9140021204948425,0.32669344544410706,-0.13271759450435638,0.9999223947525024,877,176
46,1533,12,0.8763458132743835,0.32141223549842834,0.028964463621377945,0.9994497299194336,841,173
46,1533,13,0.9047797322273254,0.4284293055534363,-0.17170260846614838,0.9766799211502075,868,231
46,1533,14,0.8615681529045105,0.41704151034355164,0.05799340456724167,0.32606351375579834,827,225
46,1533,15,0.8837898969650269,0.5064603090286255,-0.20408767461776733,0.9296599626541138,848,273
46,1533,16,0.8452091813087463,0.4856572449207306,0.008954300545156002,0.6519716382026672,811,262
46,1533,17,0.8810726404190063,0.5326327085494995,-0.22482351958751678,0.9106892943382263,845,287
46,1533,18,0.8414157629013062,0.5082706809043884,0.0018597225425764918,0.6873180270195007,807,274
46,1533,19,0.8728858232498169,0.5309171080589294,-0.23006893694400787,0.9157899618148804,837,286
46,1533,20,0.8417055010795593,0.5091883540153503,-0.022346876561641693,0.7044994235038757,808,274
46,1533,21,0.8727185130119324,0.5215632915496826,-0.20531263947486877,0.8926967978477478,837,281
46,1533,22,0.8439756631851196,0.5013263821601868,-0.003325915429741144,0.6958855986595154,810,270
46,1533,23,0.889977216720581,0.5025759339332581,-0.0556802861392498,0.9999598264694214,854,271
46,1533,24,0.8646514415740967,0.49554798007011414,0.055688075721263885,0.9999401569366455,830,267
46,1533,25,0.8731470108032227,0.6173890233039856,-0.043314170092344284,0.986624002456665,838,333
46,1533,26,0.8549277782440186,0.6079128980636597,0.07778625935316086,0.8896155953407288,820,328
46,1533,27,0.8721450567245483,0.7447215914726257,0.003756333841010928,0.9949869513511658,837,402
46,1533,28,0.8823760747909546,0.7010997533798218,0.14687339961528778,0.9330028891563416,847,378
46,1533,29,0.8791834115982056,0.7710064053535461,0.00473958533257246,0.9745407104492188,844,416
46,1533,30,0.896529495716095,0.6989811062812805,0.15217828750610352,0.9295909404754639,860,377
46,1533,31,0.8354585766792297,0.772843599319458,-0.06470925360918045,0.9934165477752686,802,417
46,1533,32,0.8635199069976807,0.7379292845726013,0.11483412235975266,0.955651581287384,828,398
47,1566,0,0.8772135376930237,0.2637551426887512,-0.1374090015888214,0.9982373714447021,842,142
47,1566,1,0.8826032876968384,0.25095731019973755,-0.14188838005065918,0.9983611702919006,847,135
47,1566,2,0.884412944316864,0.250618040561676,-0.14206059277057648,0.9985661506652832,849,135
47,1566,3,0.887173593044281,0.25075843930244446,-0.14200390875339508,0.9987711310386658,851,135
47,1566,4,0.8774661421775818,0.25133758783340454,-0.12586937844753265,0.9983575940132141,842,135
47,1566,5,0.8762190937995911,0.2511960566043854,-0.12608808279037476,0.9986038208007812,841,135
47,1566,6,0.8748371005058289,0.2510099411010742,-0.12622720003128052,0.9987308382987976,839,135
47,1566,7,0.8928559422492981,0.253988653421402,-0.1317736804485321,0.9992699027061462,857,137
47,1566,8,0.8763476610183716,0.2547245919704437,-0.05841848999261856,0.9976803660392761,841,137
47,1566,9,0.8819333910942078,0.2736622989177704,-0.12852448225021362,0.9984415173530579,846,147
47,1566,10,0.8763288259506226,0.27465391159057617,-0.10865231603384018,0.997675359249115,841,148
47,1566,11,0.9128535389900208,0.32531553506851196,-0.1492934674024582,0.9999265670776367,876,175
47,1566,12,0.8740264177322388,0.3217715620994568,0.023394016548991203,0.9993700385093689,839,173
47,1566,13,0.9025453329086304,0.42817890644073486,-0.1785472333431244,0.9776926636695862,866,231
47,1566,14,0.8614677786827087,0.418172150850296,0.048186060041189194,0.2980818748474121,827,225
47,1566,15,0.880495011806488,0.5045720338821411,-0.20583097636699677,0.934186577796936,845,272
47,1566,16,0.8445175886154175,0.48461246490478516,-0.0009268412832170725,0.6040581464767456,810,261
47,1566,17,0.8776851296424866,0.5305175185203552,-0.22605866193771362,0.9158022403717041,842,286
47,1566,18,0.8403254151344299,0.5075822472572327,-0.009042475372552872,0.6423178315162659,806,274
47,1566,19,0.8698835968971252,0.5282942652702332,-0.231287881731987,0.9205577373504639,835,285
47,1566,20,0.8406484127044678,0.5082014203071594,-0.0291092898696661,0.6596676707267761,807,274
47,1566,21,0.8696954846382141,0.5204212665557861,-0.20687974989414215,0.8972275257110596,834,281
47,1566,22,0.8437907099723816,0.5000938177108765,-0.011393694207072258,0.6505782604217529,810,270
47,1566,23,0.888161838054657,0.5028515458106995,-0.05596184730529785,0.9999569058418274,852,271
47,1566,24,0.863619863986969,0.495866060256958,0.055966753512620926,0.9999285340309143,829,267
47,1566,25,0.8725472688674927,0.6178103685379028,-0.04464050382375717,0.9826918840408325,837,333
47,1566,26,0.8534814715385437,0.6082852482795715,0.06604718416929245,0.8463580012321472,819,328
47,1566,27,0.8713207840919495,0.7440095543861389,0.003069064114242792,0.9937849640846252,836,401
47,1566,28,0.8812204599380493,0.7050243616104126,0.13345175981521606,0.9062730073928833,845,380
47,1566,29,0.8789075613021851,0.7705793380737305,0.004448277410119772,0.9690075516700745,843,416
47,1566,30,0.8954034447669983,0.7000661492347717,0.13869786262512207,0.9048603773117065,859,378
47,1566,31,0.8368130326271057,0.7729343175888062,-0.06431248784065247,0.9918183088302612,803,417
47,1566,32,0.8615562915802002,0.7394791841506958,0.09860292822122574,0.9372252225875854,827,399
48,1600,0,0.869274377822876,0.26260673999786377,-0.14150293171405792,0.9982057809829712,834,141
48,1600,1,0.8734458088874817,0.2501935362815857,-0.14615210890769958,0.9983456134796143,838,135
48,1600,2,0.8753064274787903,0.24986040592193604,-0.14632482826709747,0.9985464215278625,840,134
48,1600,3,0.877250075340271,0.24984444677829742,-0.1462695151567459,0.9987608790397644,842,134
48,1600,4,0.8697053790092468,0.2507005035877228,-0.12994204461574554,0.9983285069465637,834,135
48,1600,5,0.8689756989479065,0.25054463744163513,-0.1301575005054474,0.9985644817352295,834,135
48,1600,6,0.8680604696273804,0.2503768801689148,-0.13029561936855316,0.9986991286277771,833,135
48,1600,7,0.8846153020858765,0.2522442042827606,-0.13643725216388702,0.9992498159408569,849,136
48,1600,8,0.870871901512146,0.2534725069999695,-0.06073978915810585,0.9975780248641968,836,136
48,1600,9,0.8741001486778259,0.2718954384326935,-0.1327088326215744,0.9983806014060974,839,146
48,1600,10,0.8697096109390259,0.27271443605422974,-0.11253451555967331,0.9975448846817017,834,147
48,1600,11,0.9063721299171448,0.3226364850997925,-0.1589495688676834,0.9999294281005859,870,174
48,1600,12,0.870125949382782,0.31642282009124756,0.027581941336393356,0.9993017911911011,835,170
48,1600,13,0.895774781703949,0.4231317937374115,-0.1855325549840927,0.9786152243614197,859,228
48,1600,14,0.8588025569915771,0.41571134328842163,0.05147527903318405,0.27214550971984863,824,224
48,1600,15,0.8687258362770081,0.4994747042655945,-0.20531655848026276,0.9379514455795288,833,269
48,1600,16,0.8436251282691956,0.4844546914100647,-0.0040467348881065845,0.5575913786888123,809,261
48,1600,17,0.8642549514770508,0.5222726464271545,-0.22414126992225647,0.9202536940574646,829,282
48,1600,18,0.8407714366912842,0.5055950880050659,-0.013068978674709797,0.5980960130691528,807,273
48,1600,19,0.8573811054229736,0.5203815698623657,-0.2290908545255661,0.9246934056282043,823,281
48,1600,20,0.8401452898979187,0.5052402019500732,-0.03132073953747749,0.6150522232055664,806,272
48,1600,21,0.8579592108726501,0.513193666934967,-0.20574015378952026,0.9009413719177246,823,277
48,1600,22,0.8427891135215759,0.49998998641967773,-0.014062256552278996,0.606343150138855,809,269
48,1600,23,0.8832348585128784,0.4984067678451538,-0.05932696908712387,0.9999560713768005,847,269
48,1600,24,0.8596077561378479,0.4938476085662842,0.05935413017868996,0.9999251365661621,825,266
48,1600,25,0.8705794811248779,0.6179934740066528,-0.0661359578371048,0.980955958366394,835,333
48,1600,26,0.8304200768470764,0.6026025414466858,0.0035704749170690775,0.8391629457473755,797,325
48,1600,27,0.8705666065216064,0.7425692081451416,-0.005548250861465931,0.9930773377418518,835,400
48,1600,28,0.8794942498207092,0.68909752368927,0.0712420642375946,0.8884375691413879,844,372
48,1600,29,0.8782835006713867,0.7683669328689575,-0.0023104222491383553,0.9651504755020142,843,414
48,1600,30,0.891180694103241,0.6971050500869751,0.07752804458141327,0.8916279673576355,855,376
48,1600,31,0.8363472819328308,0.7720151543617249,-0.06777035444974899,0.9906389117240906,802,416
48,1600,32,0.8638083338737488,0.7301876544952393,0.04087316617369652,0.9249430298805237,829,394
49,1633,0,0.8703437447547913,0.2628820836544037,-0.13042719662189484,0.9981738924980164,835,141
49,1633,1,0.8749998807907104,0.25006261467933655,-0.13664840161800385,0.9983381628990173,839,135
49,1633,2,0.876801073551178,0.24966436624526978,-0.13680914044380188,0.9985418915748596,841,134
49,1633,3,0.8784587383270264,0.249562069773674,-0.1367541253566742,0.9987592101097107,843,134
49,1633,4,0.8706128001213074,0.25073468685150146,-0.12031806260347366,0.9983028769493103,835,135
49,1633,5,0.8697002530097961,0.2505718171596527,-0.12052065879106522,0.9985363483428955,834,135
49,1633,6,0.8686408400535583,0.2503897249698639,-0.12065164744853973,0.9986689686775208,833,135
49,1633,7,0.8855468034744263,0.25242260098457336,-0.13016855716705322,0.9992505311965942,850,136
49,1633,8,0.8713611960411072,0.2534365952014923,-0.05563364923000336,0.9975255727767944,836,136
49,1633,9,0.8757926225662231,0.27209535241127014,-0.12326022237539291,0.998337984085083,840,146
49,1633,10,0.8707101941108704,0.2729736268520355,-0.10315587371587753,0.9974393844604492,835,147
49,1633,11,0.9046350121498108,0.3222131133079529,-0.15788541734218597,0.9999323487281799,868,173
49,1633,12,0.8706914186477661,0.3162001669406891,0.034116391092538834,0.9991800785064697,835,170
49,1633,13,0.8942353129386902,0.42274925112724304,-0.1791691929101944,0.9801141023635864,858,228
49,1633,14,0.8589282631874084,0.412988543510437,0.05889859423041344,0.2499271035194397,824,223
49,1633,15,0.8672264814376831,0.4989699125289917,-0.20018130540847778,0.9432219862937927,832,269
49,1633,16,0.8435558080673218,0.48019933700561523,0.0006187548278830945,0.5207811594009399,809,259
49,1633,17,0.8623960018157959,0.5232207179069519,-0.21787390112876892,0.9268105030059814,827,282
49,1633,18,0.8397188782691956,0.5001605749130249,-0.007280225399881601,0.5653649568557739,806,270
49,1633,19,0.8554685115814209,0.5200467109680176,-0.22868578135967255,0.9308451414108276,821,280
49,1633,20,0.8392685651779175,0.49919387698173523,-0.02535153366625309,0.5823076367378235,805,269
49,1633,21,0.8561385869979858,0.5127993822097778,-0.2029387354850769,0.9083329439163208,821,276
49,1633,22,0.8412777185440063,0.49509045481681824,-0.00921397190541029,0.5740354657173157,807,267
49,1633,23,0.8815656900405884,0.4991295635700226,-0.059184782207012177,0.9999552965164185,846,269
49,1633,24,0.8599317073822021,0.49369919300079346,0.059206489473581314,0.9999199509620667,825,266
49,1633,25,0.8702148199081421,0.6182106733322144,-0.0734289363026619,0.9817227125167847,835,333
49,1633,26,0.8274573683738708,0.6022989153862,3.691739766509272e-05,0.8427644371986389,794,325
49,1633,27,0.8704150915145874,0.7408871054649353,-0.012165306136012077,0.9933600425720215,835,400
49,1633,28,0.878947377204895,0.6836094260215759,0.0745188370347023,0.8850620985031128,843,369
49,1633,29,0.8783158659934998,0.7643226981163025,-0.008404316380620003,0.9661544561386108,843,412
49,1633,30,0.8906676769256592,0.693423867225647,0.08158906549215317,0.8888428211212158,855,374
49,1633,31,0.8353565335273743,0.7715242505073547,-0.0682324692606926,0.990910530090332,801,416
49,1633,32,0.8635090589523315,0.7302927374839783,0.0450865812599659,0.922330379486084,828,394
50,1666,0,0.8631005883216858,0.2625615894794464,-0.13586486876010895,0.9981378316879272,828,141
50,1666,1,0.8665578365325928,0.24999819695949554,-0.14123566448688507,0.9982914328575134,831,134
50,1666,2,0.8683226108551025,0.24942700564861298,-0.1414005309343338,0.9984986782073975,833,134
50,1666,3,0.8700576424598694,0.24925455451011658,-0.14134088158607483,0.9987475275993347,835,134
50,1666,4,0.8631054759025574,0.2506600618362427,-0.12502451241016388,0.9982030987739563,828,135
50,1666,5,0.8623989224433899,0.25051629543304443,-0.12523086369037628,0.9984184503555298,827,135
50,1666,6,0.8615179061889648,0.2503696382045746,-0.1253630518913269,0.9985647201538086,827,135
50,1666,7,0.8777130842208862,0.25152042508125305,-0.13403058052062988,0.9992356300354004,842,135
50,1666,8,0.8646683096885681,0.25301429629325867,-0.05732931196689606,0.9971113204956055,830,136
50,1666,9,0.8680304884910583,0.27154040336608887,-0.1278451532125473,0.998286783695221,833,146
50,1666,10,0.863783597946167,0.27226778864860535,-0.10759247094392776,0.9972124695777893,829,147
50,1666,11,0.8989211916923523,0.32088330388069153,-0.16027598083019257,0.999936044216156,862,173
50,1666,12,0.8638802766799927,0.3128875494003296,0.036547865718603134,0.9991028308868408,829,168
50,1666,13,0.8894520998001099,0.41979825496673584,-0.17697714269161224,0.9809764623641968,853,226
50,1666,14,0.8567330241203308,0.4088349938392639,0.05928632989525795,0.2269456684589386,822,220
50,1666,15,0.8568695783615112,0.4921576678752899,-0.18689623475074768,0.9444611668586731,822,265
50,1666,16,0.8426421284675598,0.47332170605659485,-0.006541878916323185,0.47191065549850464,808,255
50,1666,17,0.850682258605957,0.5148900747299194,-0.20507732033729553,0.9269118309020996,816,278
50,1666,18,0.8397794365882874,0.49139392375946045,-0.016326753422617912,0.5140038728713989,806,265
50,1666,19,0.8452287912368774,0.5106043815612793,-0.2089267373085022,0.9306426644325256,811,275
50,1666,20,0.839277982711792,0.4902801513671875,-0.03431667387485504,0.529593288898468,805,264
50,1666,21,0.8462189435958862,0.5046969652175903,-0.18627792596817017,0.9049367904663086,812,272
50,1666,22,0.840658962726593,0.48185276985168457,-0.016963958740234375,0.5223512649536133,807,260
50,1666,23,0.8792160749435425,0.49428659677505493,-0.06029731407761574,0.9999558925628662,844,266
50,1666,24,0.8524048328399658,0.49041125178337097,0.06032589450478554,0.9999194145202637,818,264
50,1666,25,0.8688696622848511,0.6184764504432678,-0.08381147682666779,0.9799197912216187,834,333
50,1666,26,0.82196444272995,0.6002789735794067,-0.007628707680851221,0.8398094773292542,789,324
50,1666,27,0.8707168698310852,0.7385188937187195,-0.012243295088410378,0.9915127158164978,835,398
50,1666,28,0.8548601865768433,0.6934623718261719,0.06337139755487442,0.8780630826950073,820,374
50,1666,29,0.8780034184455872,0.7628222703933716,-0.008423003368079662,0.9548420310020447,842,411
50,1666,30,0.8661504983901978,0.7147870659828186,0.06923208385705948,0.8775927424430847,831,385
50,1666,31,0.8358710408210754,0.771218478679657,-0.07137330621480942,0.98785001039505,802,416
50,1666,32,0.8356368541717529,0.7484941482543945,0.02158801630139351,0.9142176508903503,802,404
51,1700,0,0.8630363345146179,0.26269009709358215,-0.16893215477466583,0.9980625510215759,828,141
51,1700,1,0.867764413356781,0.24990028142929077,-0.17468245327472687,0.9982069730758667,833,134
51,1700,2,0.8698875308036804,0.24935545027256012,-0.17485763132572174,0.998420000076294,835,134
51,1700,3,0.8725281357765198,0.24921266734600067,-0.17482727766036987,0.9986956715583801,837,134
51,1700,4,0.8626033663749695,0.2504860758781433,-0.15733782947063446,0.9980788826942444,828,135
51,1700,5,0.8614400625228882,0.2502252161502838,-0.15754376351833344,0.9982898831367493,826,135
51,1700,6,0.8602077960968018,0.24990803003311157,-0.15768219530582428,0.9984519481658936,825,134
51,1700,7,0.8790299892425537,0.251737505197525,-0.16051283478736877,0.9991946816444397,843,135
51,1700,8,0.862415075302124,0.2521516978740692,-0.08131417632102966,0.9967267513275146,827,136
51,1700,9,0.8683363795280457,0.2716354727745056,-0.158641517162323,0.9981516599655151,833,146
51,1700,10,0.8627342581748962,0.2724091112613678,-0.13716502487659454,0.9968899488449097,828,147
51,1700,11,0.8986943960189819,0.3216087520122528,-0.1759929060935974,0.9999376535415649,862,173
51,1700,12,0.8625107407569885,0.3112434446811676,0.025041794404387474,0.9990516901016235,828,168
51,1700,13,0.8870128393173218,0.42098090052604675,-0.19021272659301758,0.9811943173408508,851,227
51,1700,14,0.8555496335029602,0.4050319194793701,0.049572668969631195,0.20651735365390778,821,218
51,1700,15,0.8553785085678101,0.4920533299446106,-0.19809113442897797,0.9432337880134583,821,265
51,1700,16,0.8417412042617798,0.4654049575328827,-0.02104138769209385,0.4303562045097351,808,251
51,1700,17,0.8496288061141968,0.515245795249939,-0.21723152697086334,0.9240292906761169,815,278
51,1700,18,0.8391972184181213,0.4830891489982605,-0.03105822391808033,0.4717170000076294,805,260
51,1700,19,0.844314455986023,0.5107788443565369,-0.22039271891117096,0.9276347756385803,810,275
51,1700,20,0.8381356596946716,0.4817120134830475,-0.0499170646071434,0.4863511025905609,804,260
51,1700,21,0.845017671585083,0.5044804215431213,-0.1972992867231369,0.8977794647216797,811,272
51,1700,22,0.8401187658309937,0.47543731331825256,-0.031594350934028625,0.47944673895835876,806,256
51,1700,23,0.8786270022392273,0.49311476945877075,-0.062088049948215485,0.9999549984931946,843,266
51,1700,24,0.851063072681427,0.48797348141670227,0.06210947036743164,0.9999173283576965,817,263
51,1700,25,0.8686267733573914,0.6184282302856445,-0.09440083056688309,0.9790018200874329,833,333
51,1700,26,0.8215836882591248,0.5991634726524353,0.0023476157803088427,0.8382734060287476,788,323
51,1700,27,0.8710892200469971,0.7365735173225403,-0.013682610355317593,0.9902255535125732,836,397
51,1700,28,0.8540281057357788,0.6989210247993469,0.0715780034661293,0.8771660923957825,819,377
51,1700,29,0.8782816529273987,0.7588911056518555,-0.009056809358298779,0.9482879042625427,843,409
51,1700,30,0.8639333844184875,0.722055196762085,0.07720682770013809,0.873595118522644,829,389
51,1700,31,0.8360105752944946,0.7704199552536011,-0.07174291461706161,0.9857571721076965,802,416
51,1700,32,0.8312558531761169,0.7518200874328613,0.029609734192490578,0.9109399914741516,798,405
52,1733,0,0.8563074469566345,0.262717604637146,-0.12735821306705475,0.9980865120887756,822,141
52,1733,1,0.8597068190574646,0.25000762939453125,-0.1338806301355362,0.9982407093048096,825,135
52,1733,2,0.8617254495620728,0.2494763731956482,-0.13404934108257294,0.9984469413757324,827,134
52,1733,3,0.8638490438461304,0.2493361234664917,-0.13401810824871063,0.9987292885780334,829,134
52,1733,4,0.8558477163314819,0.2505730092525482,-0.11602724343538284,0.9980897903442383,821,135
52,1733,5,0.8550631999969482,0.25031331181526184,-0.11622574925422668,0.9982820749282837,820,135
52,1733,6,0.854155421257019,0.2499992698431015,-0.11634944379329681,0.9984341263771057,819,134
52,1733,7,0.8713957667350769,0.25165313482284546,-0.1269514262676239,0.9992210268974304,836,135
52,1733,8,0.8569895625114441,0.25219133496284485,-0.045997872948646545,0.9966525435447693,822,136
52,1733,9,0.8615496754646301,0.2717258632183075,-0.12006159871816635,0.9981613755226135,827,146
52,1733,10,0.8564345240592957,0.2725229859352112,-0.09801647812128067,0.9968137145042419,822,147
52,1733,11,0.8907409906387329,0.3188108503818512,-0.15184566378593445,0.9999399781227112,855,172
52,1733,12,0.8569517731666565,0.3120615482330322,0.048768747597932816,0.9989118576049805,822,168
52,1733,13,0.8792686462402344,0.41734984517097473,-0.1613268107175827,0.981978178024292,844,225
52,1733,14,0.8550316095352173,0.40557870268821716,0.07043451815843582,0.18767914175987244,820,219
52,1733,15,0.8444837331771851,0.4895314574241638,-0.15460887551307678,0.9437986612319946,810,264
52,1733,16,0.8426069617271423,0.47109296917915344,0.009120712988078594,0.38898202776908875,808,254
52,1733,17,0.8373928070068359,0.5119717717170715,-0.17065954208374023,0.9234655499458313,803,276
52,1733,18,0.8398016691207886,0.4895901679992676,0.000868794450070709,0.42733460664749146,806,264
52,1733,19,0.8328263759613037,0.5061625242233276,-0.1720992475748062,0.9268327951431274,799,273
52,1733,20,0.8384326696395874,0.4846418499946594,-0.016598325222730637,0.44068461656570435,804,261
52,1733,21,0.8343932032585144,0.49921751022338867,-0.15280166268348694,0.8935839533805847,801,269
52,1733,22,0.84063321352005,0.4778349697589874,-0.0008952047792263329,0.4348074495792389,807,258
52,1733,23,0.8757599592208862,0.4935285151004791,-0.061774689704179764,0.9999532103538513,840,266
52,1733,24,0.8476749658584595,0.4884732961654663,0.06178700178861618,0.9999118447303772,813,263
52,1733,25,0.8677663207054138,0.6185821294784546,-0.07710599154233932,0.9796914458274841,833,334
52,1733,26,0.8132296800613403,0.5923693180084229,0.0005280215409584343,0.8473288416862488,780,319
52,1733,27,0.8710775375366211,0.7376351356506348,0.005502801854163408,0.990422248840332,836,398
52,1733,28,0.8352885842323303,0.7038316130638123,0.062379784882068634,0.8845043778419495,801,380
52,1733,29,0.8787044286727905,0.7602047920227051,0.009329544380307198,0.945184588432312,843,410
52,1733,30,0.8450247645378113,0.7247062921524048,0.06678751856088638,0.8768118619918823,811,391
52,1733,31,0.8378977179527283,0.7727706432342529,-0.06442051380872726,0.9857357144355774,804,417
52,1733,32,0.8070356249809265,0.7542590498924255,0.011411317624151707,0.9151686429977417,774,407
53,1766,0,0.8575637936592102,0.26110485196113586,-0.12212612479925156,0.998103678226471,823,140
53,1766,1,0.861474871635437,0.2485044151544571,-0.1277896910905838,0.9982540607452393,827,134
53,1766,2,0.8641148209571838,0.24767924845218658,-0.12796136736869812,0.9984554648399353,829,133
53,1766,3,0.8663474321365356,0.24759332835674286,-0.12793299555778503,0.9987484812736511,831,133
53,1766,4,0.8562753200531006,0.24914541840553284,-0.11059729754924774,0.9980918765068054,822,134
53,1766,5,0.8548354506492615,0.24903419613838196,-0.11080262064933777,0.9982692003250122,820,134
53,1766,6,0.853430986404419,0.24888435006141663,-0.1109333261847496,0.9984208345413208,819,134
53,1766,7,0.8723993301391602,0.25082463026046753,-0.11953557282686234,0.9992383122444153,837,135
53,1766,8,0.8550350069999695,0.25141826272010803,-0.041511740535497665,0.9965946674346924,820,135
53,1766,9,0.8625018000602722,0.27019286155700684,-0.11470772325992584,0.9981971383094788,828,145
53,1766,10,0.8566799759864807,0.27098721265792847,-0.09349997341632843,0.9968227744102478,822,146
53,1766,11,0.8906407952308655,0.318002313375473,-0.14647334814071655,0.9999428987503052,855,171
53,1766,12,0.855488121509552,0.3121080994606018,0.05288151651620865,0.9988685846328735,821,168
53,1766,13,0.8775237798690796,0.4163331389427185,-0.1537007838487625,0.9829861521720886,842,224
53,1766,14,0.8540670871734619,0.4055267572402954,0.07753138989210129,0.1718207746744156,819,218
53,1766,15,0.8422583341598511,0.48866939544677734,-0.14725275337696075,0.9460281729698181,808,263
53,1766,16,0.8431760668754578,0.4727884531021118,0.014280120842158794,0.3532382547855377,809,255
53,1766,17,0.8354306817054749,0.5109806060791016,-0.1637166440486908,0.9254059791564941,802,275
53,1766,18,0.8399460911750793,0.49111419916152954,0.005425526760518551,0.389585942029953,806,265
53,1766,19,0.8309749960899353,0.5061768889427185,-0.16591517627239227,0.928497314453125,797,273
53,1766,20,0.838543713092804,0.485678493976593,-0.013176382519304752,0.4018688499927521,805,262
53,1766,21,0.832504391670227,0.49886348843574524,-0.1457749903202057,0.894027590751648,799,269
53,1766,22,0.8407371044158936,0.48176437616348267,0.0038025418762117624,0.39705994725227356,807,260
53,1766,23,0.8744958639144897,0.49346455931663513,-0.06152351200580597,0.9999539256095886,839,266
53,1766,24,0.8460280895233154,0.4880973994731903,0.06153365224599838,0.999912440776825,812,263
53,1766,25,0.8678056001663208,0.6189700961112976,-0.06374526768922806,0.9804176092147827,833,334
53,1766,26,0.8118147253990173,0.5898138880729675,0.003814852563664317,0.8562951683998108,779,318
53,1766,27,0.8711190819740295,0.7386103868484497,0.018615106120705605,0.9904817938804626,836,398
53,1766,28,0.8339177966117859,0.7053467631340027,0.06599559634923935,0.8908891677856445,800,380
53,1766,29,0.8788383603096008,0.7619617581367493,0.022765781730413437,0.9413716793060303,843,411
53,1766,30,0.8444964289665222,0.7251023650169373,0.07049956917762756,0.8791204690933228,810,391
53,1766,31,0.8394006490707397,0.7759807705879211,-0.050565123558044434,0.9854170083999634,805,419
53,1766,32,0.8070651292800903,0.7560212016105652,0.01593613810837269,0.9184861779212952,774,408
54,1800,0,0.8490819334983826,0.26387059688568115,-0.12099890410900116,0.9981300830841064,815,142
54,1800,1,0.8530306220054626,0.2506343424320221,-0.1266583502292633,0.9982656836509705,818,135
54,1800,2,0.8551057577133179,0.24989457428455353,-0.12683551013469696,0.9984767436981201,820,134
54,1800,3,0.8573262691497803,0.2497694194316864,-0.12680572271347046,0.9987701773643494,823,134
54,1800,4,0.8490732312202454,0.2510295510292053,-0.10875966399908066,0.9980745315551758,815,135
54,1800,5,0.8482414484024048,0.25063854455947876,-0.10895425826311111,0.9982496500015259,814,135
54,1800,6,0.8473020792007446,0.25025519728660583,-0.10907183587551117,0.9983763694763184,813,135
54,1800,7,0.8644578456878662,0.25177788734436035,-0.11753494292497635,0.9992622137069702,829,135
54,1800,8,0.8498724102973938,0.2517766058444977,-0.03599070757627487,0.9964109659194946,815,135
54,1800,9,0.8541758060455322,0.2718224823474884,-0.1132252961397171,0.9982057809829712,820,146
54,1800,10,0.8492184281349182,0.2731279730796814,-0.0910552367568016,0.9967280030250549,815,147
54,1800,11,0.8852230906486511,0.31861332058906555,-0.14509446918964386,0.9999458193778992,849,172
54,1800,12,0.8480818867683411,0.31239116191864014,0.06127099320292473,0.9987549185752869,814,168
54,1800,13,0.8721948862075806,0.4142982065677643,-0.158139169216156,0.9841509461402893,837,223
54,1800,14,0.8498853445053101,0.4053848087787628,0.07780549675226212,0.155906543135643,815,218
54,1800,15,0.8356229066848755,0.4849042594432831,-0.16055789589881897,0.9492221474647522,802,261
54,1800,16,0.8380525708198547,0.4693893492221832,0.013242862187325954,0.3193884491920471,804,253
54,1800,17,0.8280161023139954,0.5059486627578735,-0.17481781542301178,0.9290724396705627,794,273
54,1800,18,0.8354107737541199,0.49134793877601624,-0.0010811056708917022,0.35347217321395874,801,265
54,1800,19,0.822962760925293,0.5002509951591492,-0.18120256066322327,0.932022750377655,790,270
54,1800,20,0.8316933512687683,0.48665115237236023,-0.02071296237409115,0.3648182153701782,798,262
54,1800,21,0.8248831033706665,0.4941399395465851,-0.1604488492012024,0.8974250555038452,791,266
54,1800,22,0.8342736959457397,0.481601744890213,0.00021627047681249678,0.3607388436794281,800,260
54,1800,23,0.8690250515937805,0.49397578835487366,-0.06216968968510628,0.9999461770057678,834,266
54,1800,24,0.8393025994300842,0.48812317848205566,0.062181998044252396,0.999889075756073,805,263
54,1800,25,0.8656200170516968,0.619450569152832,-0.06119782477617264,0.9806009531021118,830,334
54,1800,26,0.8099862337112427,0.590781569480896,0.006799338851124048,0.8610251545906067,777,319
54,1800,27,0.8711912631988525,0.7402181625366211,0.011189955286681652,0.9902580976486206,836,399
54,1800,28,0.8118239641189575,0.7180925607681274,0.05374998599290848,0.8972190022468567,779,387
54,1800,29,0.8789295554161072,0.7653984427452087,0.015672706067562103,0.9350699186325073,843,413
54,1800,30,0.8192629218101501,0.7449196577072144,0.05510817468166351,0.8822750449180603,786,402
54,1800,31,0.8386932015419006,0.7758414149284363,-0.07254662364721298,0.9849957227706909,805,418
54,1800,32,0.7772917151451111,0.7556470036506653,-0.012244931422173977,0.9227103590965271,746,408
55,1833,0,0.8494459390640259,0.26388442516326904,-0.12559892237186432,0.9982330799102783,815,142
55,1833,1,0.8542501926422119,0.25065651535987854,-0.13082697987556458,0.9983487129211426,820,135
55,1833,2,0.856616735458374,0.24991440773010254,-0.13100023567676544,0.998551070690155,822,134
55,1833,3,0.8595216274261475,0.24979394674301147,-0.13096822798252106,0.9988310933113098,825,134
55,1833,4,0.8485909104347229,0.25104838609695435,-0.11335771530866623,0.9981659650802612,814,135
55,1833,5,0.8472450375556946,0.2506778836250305,-0.11355721205472946,0.9983314275741577,813,135
55,1833,6,0.8458985686302185,0.2503133714199066,-0.11367721855640411,0.998444676399231,812,135
55,1833,7,0.8659601807594299,0.2519223690032959,-0.11984530091285706,0.9993040561676025,831,136
55,1833,8,0.8476448059082031,0.25186434388160706,-0.04024787247180939,0.9965398907661438,813,136
55,1833,9,0.8549965620040894,0.2718656659126282,-0.11719517409801483,0.9982907772064209,820,146
55,1833,10,0.8489963412284851,0.2731507420539856,-0.09556996822357178,0.9968572854995728,815,147
55,1833,11,0.8849676847457886,0.31875643134117126,-0.1449718326330185,0.9999483823776245,849,172
55,1833,12,0.8476160764694214,0.3134174644947052,0.05701877921819687,0.998753011226654,813,169
55,1833,13,0.8705491423606873,0.41507405042648315,-0.1576596051454544,0.9851120710372925,835,224
55,1833,14,0.8494487404823303,0.40557238459587097,0.07664087414741516,0.14266210794448853,815,219
55,1833,15,0.8337534666061401,0.4854867458343506,-0.15750201046466827,0.9510181546211243,800,262
55,1833,16,0.8386687636375427,0.4708881676197052,0.008909507654607296,0.29034310579299927,805,254
55,1833,17,0.8244708776473999,0.5070804953575134,-0.17480801045894623,0.930738091468811,791,273
55,1833,18,0.8342580795288086,0.49287232756614685,-0.0029437143821269274,0.3233325183391571,800,266
55,1833,19,0.8203098177909851,0.5014542937278748,-0.17782925069332123,0.9336192607879639,787,270
55,1833,20,0.8322633504867554,0.4887074828147888,-0.02228401042521,0.3339640200138092,798,263
55,1833,21,0.8234530687332153,0.49430033564567566,-0.15639710426330566,0.8980283141136169,790,266
55,1833,22,0.8350540399551392,0.4827229380607605,-0.002817542525008321,0.33062291145324707,801,260
55,1833,23,0.8676685690879822,0.4941931962966919,-0.06214917078614235,0.999940812587738,832,266
55,1833,24,0.8381929397583008,0.4883304238319397,0.062159158289432526,0.9998794198036194,804,263
55,1833,25,0.8641033172607422,0.6199957728385925,-0.05732463300228119,0.981310248374939,829,334
55,1833,26,0.8093338012695312,0.5914820432662964,0.008475218899548054,0.8693807125091553,776,319
55,1833,27,0.8710264563560486,0.7414191365242004,0.019995147362351418,0.990157425403595,836,400
55,1833,28,0.810198187828064,0.7231950759887695,0.046198658645153046,0.9049407839775085,777,390
55,1833,29,0.8791519999504089,0.7662439942359924,0.023429101333022118,0.9309218525886536,843,413
55,1833,30,0.8174527883529663,0.7480011582374573,0.046841684728860855,0.8879531621932983,784,403
55,1833,31,0.8386430144309998,0.7757306098937988,-0.055262986570596695,0.9847418069839478,805,418
55,1833,32,0.775195300579071,0.7554270625114441,-0.017531905323266983,0.9280474781990051,744,407
56,1866,0,0.8436464071273804,0.2639690339565277,-0.10985149443149567,0.9983685612678528,809,142
56,1866,1,0.8475741147994995,0.2507621943950653,-0.11481095850467682,0.9984615445137024,813,135
56,1866,2,0.8496200442314148,0.25001269578933716,-0.11497489362955093,0.9986515045166016,815,135
56,1866,3,0.8519940972328186,0.24984249472618103,-0.11494985967874527,0.9989128708839417,817,134
56,1866,4,0.8432645797729492,0.2513265609741211,-0.09823701530694962,0.9982907176017761,809,135
56,1866,5,0.8422554135322571,0.2511005103588104,-0.09842489659786224,0.9984427690505981,808,135
56,1866,6,0.8411077857017517,0.2509422302246094,-0.09852363914251328,0.9985430836677551,807,135
56,1866,7,0.8584907650947571,0.2520004212856293,-0.10411800444126129,0.9993561506271362,824,136
56,1866,8,0.8428515195846558,0.2527855336666107,-0.028115417808294296,0.9967367649078369,809,136
56,1866,9,0.848668098449707,0.27188393473625183,-0.10148865729570389,0.9984036087989807,814,146
56,1866,10,0.8436842560768127,0.27318456768989563,-0.08091482520103455,0.9970426559448242,809,147
56,1866,11,0.8782633543014526,0.318360298871994,-0.1308331936597824,0.9999520778656006,843,171
56,1866,12,0.8423550128936768,0.314190149307251,0.06601244956254959,0.9987664222717285,808,169
56,1866,13,0.8671692609786987,0.41025716066360474,-0.146829754114151,0.9862056374549866,832,221
56,1866,14,0.8434536457061768,0.40753042697906494,0.08533107489347458,0.13023610413074493,809,220
56,1866,15,0.8261867761611938,0.47772690653800964,-0.15056397020816803,0.9538552165031433,793,257
56,1866,16,0.8316321969032288,0.47196444869041443,0.017597218975424767,0.26326948404312134,798,254
56,1866,17,0.8185393214225769,0.4968876540660858,-0.16923284530639648,0.9338792562484741,785,268
56,1866,18,0.829150915145874,0.49371248483657837,0.007491362281143665,0.29450541734695435,795,266
56,1866,19,0.8139098882675171,0.4920796751976013,-0.17106620967388153,0.9366610646247864,781,265
56,1866,20,0.8249337673187256,0.49005088210105896,-0.011640437878668308,0.3044055700302124,791,264
56,1866,21,0.8163373470306396,0.48575931787490845,-0.14935310184955597,0.9012178778648376,783,262
56,1866,22,0.8262000679969788,0.4833202362060547,0.006531468592584133,0.30168652534484863,793,260
56,1866,23,0.8633968830108643,0.4941672384738922,-0.062069568783044815,0.9999368786811829,828,266
56,1866,24,0.83512282371521,0.4885523021221161,0.062079768627882004,0.9998683333396912,801,263
56,1866,25,0.8619194030761719,0.6202652454376221,-0.05309715121984482,0.9820560812950134,827,334
56,1866,26,0.8063485026359558,0.5929389595985413,0.024679016321897507,0.8723694086074829,774,320
56,1866,27,0.8711475133895874,0.7423518896102905,0.015972740948200226,0.9901187419891357,836,400
56,1866,28,0.7920847535133362,0.7278785109519958,0.053124405443668365,0.9110535979270935,760,393
56,1866,29,0.8795965909957886,0.7687663435935974,0.02203252539038658,0.9264955520629883,844,415
56,1866,30,0.7983454465866089,0.7566941380500793,0.05318788066506386,0.891174852848053,766,408
56,1866,31,0.8386576175689697,0.7756826877593994,-0.06856460869312286,0.9848043918609619,805,418
56,1866,32,0.7555896043777466,0.7515698075294495,-0.012910923920571804,0.9325401782989502,725,405
57,1900,0,0.8433963656425476,0.2649032771587372,-0.12661127746105194,0.9984862804412842,809,143
57,1900,1,0.8476009964942932,0.2514007091522217,-0.12968787550926208,0.9985575079917908,813,135
57,1900,2,0.8502225875854492,0.2505691945552826,-0.12985266745090485,0.9987373948097229,816,135
57,1900,3,0.8525711894035339,0.250286728143692,-0.12982511520385742,0.9989807605743408,818,135
57,1900,4,0.8424438834190369,0.2520470917224884,-0.1144414022564888,0.99839848279953,808,136
57,1900,5,0.8409478664398193,0.25183671712875366,-0.11463786661624908,0.9985408186912537,807,135
57,1900,6,0.8395968079566956,0.25183558464050293,-0.11473817378282547,0.998628556728363,806,135
57,1900,7,0.8586896061897278,0.2523525655269623,-0.10628136992454529,0.9993995428085327,824,136
57,1900,8,0.8413490056991577,0.2533504068851471,-0.03723690286278725,0.9969068765640259,807,136
57,1900,9,0.8484111428260803,0.2726970911026001,-0.11403501033782959,0.998498797416687,814,147
57,1900,10,0.8427776098251343,0.2740505039691925,-0.0951891839504242,0.9971991777420044,809,147
57,1900,11,0.877837061882019,0.318672239780426,-0.1352953165769577,0.9999547004699707,842,172
57,1900,12,0.8406012654304504,0.31617993116378784,0.06305768340826035,0.9987844228744507,806,170
57,1900,13,0.8647037744522095,0.41065701842308044,-0.14952559769153595,0.9871750473976135,830,221
57,1900,14,0.8415483236312866,0.4081043303012848,0.08343591541051865,0.11974969506263733,807,220
57,1900,15,0.8245156407356262,0.47659945487976074,-0.158998504281044,0.9564692974090576,791,257
57,1900,16,0.8310040235519409,0.4741378128528595,0.009258960373699665,0.23972660303115845,797,256
57,1900,17,0.8170172572135925,0.49587875604629517,-0.18223658204078674,0.9369289875030518,784,267
57,1900,18,0.8271380662918091,0.49470287561416626,-0.0025914048310369253,0.26983243227005005,794,267
57,1900,19,0.8121228814125061,0.4900582730770111,-0.18318511545658112,0.9397108554840088,779,264
57,1900,20,0.8225345015525818,0.4908711612224579,-0.022204553708434105,0.2792331576347351,789,265
57,1900,21,0.8144273161888123,0.4836539924144745,-0.157663032412529,0.9047673940658569,781,261
57,1900,22,0.8253211379051208,0.48528537154197693,-0.001986810239031911,0.27699270844459534,792,262
57,1900,23,0.8629070520401001,0.4940584599971771,-0.061981432139873505,0.9999284148216248,828,266
57,1900,24,0.8340796232223511,0.488722562789917,0.06199054792523384,0.9998487830162048,800,263
57,1900,25,0.8607960939407349,0.6203165650367737,-0.05459802225232124,0.9829149842262268,826,334
57,1900,26,0.8050538897514343,0.5953224897384644,0.0423409603536129,0.8754511475563049,772,321
57,1900,27,0.8712396025657654,0.7429028153419495,0.0022942619398236275,0.9903213381767273,836,401
57,1900,28,0.7901808619499207,0.7285267114639282,0.07685158401727676,0.9163841009140015,758,393
57,1900,29,0.880060613155365,0.7700556516647339,0.0027455133385956287,0.9251545667648315,844,415
57,1900,30,0.79680997133255,0.7571849822998047,0.076360322535038,0.8936367630958557,764,408
57,1900,31,0.8384721279144287,0.7755727171897888,-0.09072895348072052,0.9852136373519897,804,418
57,1900,32,0.7538965940475464,0.7484575510025024,-0.011517229489982128,0.9364136457443237,723,404
58,1933,0,0.8349708318710327,0.26488274335861206,-0.08891645818948746,0.9986017346382141,801,143
58,1933,1,0.8382543921470642,0.2514106333255768,-0.0968782901763916,0.9986526966094971,804,135
58,1933,2,0.8397074341773987,0.2505781054496765,-0.0970311090350151,0.9988219141960144,806,135
58,1933,3,0.8411071300506592,0.25030165910720825,-0.09700249135494232,0.9990503191947937,807,135
58,1933,4,0.8356606960296631,0.25205719470977783,-0.07845492660999298,0.9985034465789795,802,136
58,1933,5,0.8351624011993408,0.2518848478794098,-0.0786425992846489,0.9986364245414734,801,136
58,1933,6,0.834547221660614,0.25192561745643616,-0.07872436195611954,0.9987167119979858,801,136
58,1933,7,0.8485541939735413,0.2524550259113312,-0.09842310845851898,0.9994439482688904,814,136
58,1933,8,0.838119387626648,0.2536814510822296,-0.015029463917016983,0.9970880746841431,804,136
58,1933,9,0.839690089225769,0.27271774411201477,-0.0852920264005661,0.9986032843589783,806,147
58,1933,10,0.835628092288971,0.27411580085754395,-0.06235944479703903,0.9973783493041992,802,148
58,1933,11,0.8698433637619019,0.3187403678894043,-0.13194559514522552,0.9999585151672363,835,172
58,1933,12,0.8363932967185974,0.3173050880432129,0.0758185088634491,0.9988503456115723,802,171
58,1933,13,0.8587630391120911,0.4106655418872833,-0.1496097594499588,0.9882105588912964,824,221
58,1933,14,0.8386157155036926,0.4098083972930908,0.10045769810676575,0.10890449583530426,805,221
58,1933,15,0.816637396812439,0.4748171865940094,-0.15012359619140625,0.9593381881713867,783,256
58,1933,16,0.827229917049408,0.4756834805011749,0.03736424446105957,0.21716250479221344,794,256
58,1933,17,0.8083623051643372,0.4935181140899658,-0.16978245973587036,0.9401887655258179,776,266
58,1933,18,0.8242127299308777,0.49776434898376465,0.028822563588619232,0.24544170498847961,791,268
58,1933,19,0.8037513494491577,0.48766958713531494,-0.16955503821372986,0.9427523016929626,771,263
58,1933,20,0.820034921169281,0.4941574037075043,0.009268739260733128,0.25411921739578247,787,266
58,1933,21,0.8065288662910461,0.4815436899662018,-0.1480756551027298,0.9081966876983643,774,260
58,1933,22,0.82149738073349,0.48726150393486023,0.026243330910801888,0.2523186206817627,788,263
58,1933,23,0.8544729351997375,0.4951547086238861,-0.06203152984380722,0.9999310970306396,820,267
58,1933,24,0.8282738924026489,0.48997944593429565,0.062045466154813766,0.9998524188995361,795,264
58,1933,25,0.8581952452659607,0.6203969717025757,-0.05342446267604828,0.9832949042320251,823,335
58,1933,26,0.8011389374732971,0.596768319606781,0.03929593041539192,0.8726675510406494,769,322
58,1933,27,0.8712154626846313,0.7431482672691345,0.003732125973328948,0.9898387789726257,836,401
58,1933,28,0.7765827178955078,0.7298489809036255,0.06559046357870102,0.9197923541069031,745,394
58,1933,29,0.8801353573799133,0.7702849507331848,0.0038857320323586464,0.9192673563957214,844,415
58,1933,30,0.7796423435211182,0.7592752575874329,0.06333684921264648,0.8932964205741882,748,410
58,1933,31,0.838753342628479,0.7754520773887634,-0.08913269639015198,0.9848536252975464,805,418
58,1933,32,0.7402927875518799,0.7418298125267029,-0.009807821363210678,0.9393458962440491,710,400
59,1966,0,0.8347890973091125,0.26500892639160156,-0.10466666519641876,0.9987301826477051,801,143
59,1966,1,0.8390232920646667,0.2515800893306732,-0.110733263194561,0.9987714290618896,805,135
59,1966,2,0.8411229848861694,0.2507752776145935,-0.1108885109424591,0.9989250302314758,807,135
59,1966,3,0.8431020379066467,0.25049322843551636,-0.11085568368434906,0.9991332292556763,809,135
59,1966,4,0.834810197353363,0.2524324655532837,-0.09302683174610138,0.9986371397972107,801,136
59,1966,5,0.8338994383811951,0.25238311290740967,-0.09322352707386017,0.9987577795982361,800,136
59,1966,6,0.8329468369483948,0.25249579548835754,-0.09332016110420227,0.9988304376602173,799,136
59,1966,7,0.8499653935432434,0.25284507870674133,-0.10350479185581207,0.9994928240776062,815,136
59,1966,8,0.8355629444122314,0.254433810710907,-0.02218056656420231,0.9973345994949341,802,137
59,1966,9,0.8402532935142517,0.2729339003562927,-0.09771835803985596,0.9987205862998962,806,147
59,1966,10,0.8349354267120361,0.27432912588119507,-0.07564852386713028,0.9975950717926025,801,148
59,1966,11,0.868901252746582,0.3188912570476532,-0.12965615093708038,0.9999616742134094,834,172
59,1966,12,0.8359496593475342,0.3182649612426758,0.07335878908634186,0.9989251494407654,802,171
59,1966,13,0.8569868206977844,0.41048663854599,-0.14288237690925598,0.988846480846405,822,221
59,1966,14,0.8377432227134705,0.4100097715854645,0.09625198692083359,0.09955476224422455,804,221
59,1966,15,0.8163433074951172,0.4729517698287964,-0.13841067254543304,0.9590480923652649,783,255
59,1966,16,0.8232109546661377,0.47360900044441223,0.02643909491598606,0.19755616784095764,790,255
59,1966,17,0.8086654543876648,0.4910638928413391,-0.15656986832618713,0.9385127425193787,776,265
59,1966,18,0.8182711005210876,0.4939679205417633,0.016872618347406387,0.22475984692573547,785,266
59,1966,19,0.8041322231292725,0.4857363700866699,-0.15770196914672852,0.9412538409233093,771,262
59,1966,20,0.8142120838165283,0.49163681268692017,-0.002473236760124564,0.2329055219888687,781,265
59,1966,21,0.8068390488624573,0.47965574264526367,-0.1368076652288437,0.9044169783592224,774,259
59,1966,22,0.8175316452980042,0.485960453748703,0.015378993935883045,0.23146051168441772,784,262
59,1966,23,0.853923499584198,0.49495917558670044,-0.06239080801606178,0.9999307990074158,819,267
59,1966,24,0.828395664691925,0.4898821711540222,0.0624006949365139,0.9998540878295898,795,264
59,1966,25,0.8562021255493164,0.6204581260681152,-0.053175974637269974,0.9840815663337708,821,335
59,1966,26,0.8017869591712952,0.5996175408363342,0.043970827013254166,0.8755959868431091,769,323
59,1966,27,0.8711989521980286,0.7434422373771667,0.0006725650746375322,0.989893913269043,836,401
59,1966,28,0.7730518579483032,0.7294853329658508,0.0636364072561264,0.9251830577850342,742,393
59,1966,29,0.8802045583724976,0.7704524993896484,0.00021607567032333463,0.9174755811691284,844,416
59,1966,30,0.7757592797279358,0.7597196102142334,0.06126188859343529,0.8970586061477661,744,410
59,1966,31,0.8387800455093384,0.7753697633743286,-0.08639287948608398,0.9851464629173279,805,418
59,1966,32,0.7376424074172974,0.7356666326522827,-0.009640442207455635,0.9434810876846313,708,397
60,2000,0,0.8298423886299133,0.2661948502063751,-0.07460317760705948,0.9988306760787964,796,143
60,2000,1,0.8327583074569702,0.2527051866054535,-0.08194924145936966,0.998855710029602,799,136
60,2000,2,0.833997905254364,0.25190070271492004,-0.08210430294275284,0.9990004897117615,800,136
60,2000,3,0.8351643085479736,0.25149640440940857,-0.08208046853542328,0.9991951584815979,801,135
60,2000,4,0.830072820186615,0.2541365921497345,-0.06471483409404755,0.9987303614616394,796,137
60,2000,5,0.8295106887817383,0.2542176842689514,-0.06489820033311844,0.998842716217041,796,137
60,2000,6,0.8287878036499023,0.2544766962528229,-0.06497959047555923,0.9989089369773865,795,137
60,2000,7,0.8410717844963074,0.25373175740242004,-0.08448485285043716,0.9995322823524475,807,137
60,2000,8,0.8316051363945007,0.2563479244709015,-0.005362940486520529,0.9975022077560425,798,138
60,2000,9,0.834148645401001,0.2738904058933258,-0.07115139067173004,0.9988142848014832,800,147
60,2000,10,0.8302653431892395,0.275549978017807,-0.04967295750975609,0.9977595210075378,797,148
60,2000,11,0.8617843389511108,0.32007309794425964,-0.12021158635616302,0.9999648928642273,827,172
60,2000,12,0.8270475268363953,0.32055771350860596,0.08152752369642258,0.9989831447601318,793,173
60,2000,13,0.849004328250885,0.41095197200775146,-0.13591082394123077,0.9897230863571167,815,221
60,2000,14,0.8312305808067322,0.41063523292541504,0.1041174978017807,0.09112570434808731,797,221
60,2000,15,0.8063529133796692,0.4734751582145691,-0.13283033668994904,0.9617538452148438,774,255
60,2000,16,0.8197651505470276,0.4746367335319519,0.04373270273208618,0.17931632697582245,786,256
60,2000,17,0.7978789806365967,0.4912155568599701,-0.15149378776550293,0.9417982697486877,765,265
60,2000,18,0.8165420889854431,0.49637043476104736,0.0355597548186779,0.20501287281513214,783,268
60,2000,19,0.7925649285316467,0.48488378524780273,-0.15132547914981842,0.9443224668502808,760,261
60,2000,20,0.8129884004592896,0.49216556549072266,0.017077835276722908,0.21255284547805786,780,265
60,2000,21,0.7950100302696228,0.4790859520435333,-0.13076534867286682,0.9083021879196167,763,258
60,2000,22,0.8163936138153076,0.4868285059928894,0.03319786861538887,0.2115752100944519,783,262
60,2000,23,0.8471892476081848,0.49630144238471985,-0.062314245849847794,0.9999333024024963,813,268
60,2000,24,0.8215612173080444,0.4908367693424225,0.06232326477766037,0.9998569488525391,788,265
60,2000,25,0.8534936308860779,0.6211948990821838,-0.05176333710551262,0.984545886516571,819,335
60,2000,26,0.7973802089691162,0.6057650446891785,0.05200117453932762,0.8721813559532166,765,327
60,2000,27,0.8710510730743408,0.7435731887817383,0.0006772673223167658,0.9894443154335022,836,401
60,2000,28,0.7635748982429504,0.7287383079528809,0.08011266589164734,0.9280392527580261,733,393
60,2000,29,0.8801608681678772,0.7705972194671631,0.0003799762052949518,0.9098808169364929,844,416
60,2000,30,0.765295147895813,0.7580165266990662,0.07903675734996796,0.8963508009910583,734,409
60,2000,31,0.8380905389785767,0.7753430008888245,-0.08420863747596741,0.9847486615180969,804,418
60,2000,32,0.7276116609573364,0.7298620939254761,0.010039086453616619,0.945855975151062,698,394
61,2033,0,0.8282335996627808,0.2657802999019623,-0.09244642406702042,0.9989298582077026,795,143
61,2033,1,0.8320942521095276,0.2524946928024292,-0.09942705184221268,0.9989443421363831,798,136
61,2033,2,0.8334962725639343,0.25179752707481384,-0.09958616644144058,0.999077320098877,800,135
61,2033,3,0.8348348736763,0.25134214758872986,-0.0995563268661499,0.9992572665214539,801,135
61,2033,4,0.8289023041725159,0.25389957427978516,-0.08178404718637466,0.9988315105438232,795,137
61,2033,5,0.828229546546936,0.2540518641471863,-0.08197406679391861,0.9989354014396667,795,137
61,2033,6,0.8274064660072327,0.25435560941696167,-0.08206474781036377,0.9989963173866272,794,137
61,2033,7,0.8411467671394348,0.2539431154727936,-0.08840036392211914,0.9995701313018799,807,137
61,2033,8,0.8297838568687439,0.256427526473999,-0.0170919056981802,0.9976896047592163,796,138
61,2033,9,0.8331044912338257,0.27373406291007996,-0.08733759075403214,0.9989063143730164,799,147
61,2033,10,0.828815758228302,0.27535444498062134,-0.06543316692113876,0.9979290962219238,795,148
61,2033,11,0.8603752851486206,0.3207210898399353,-0.13206513226032257,0.9999675750732422,825,173
61,2033,12,0.8268760442733765,0.32242342829704285,0.0745333805680275,0.9990466833114624,793,174
61,2033,13,0.8482990264892578,0.4111056625843048,-0.1428229808807373,0.9901242256164551,814,221
61,2033,14,0.830191433429718,0.41060349345207214,0.09773280471563339,0.08284593373537064,796,221
61,2033,15,0.8068965673446655,0.4737471640110016,-0.13992303609848022,0.9599619507789612,774,255
61,2033,16,0.8174603581428528,0.4669741094112396,0.032884374260902405,0.1626954823732376,784,252
61,2033,17,0.7981659770011902,0.49074074625968933,-0.158185675740242,0.9376707673072815,766,265
61,2033,18,0.8145230412483215,0.49034422636032104,0.024213289842009544,0.18716634809970856,781,264
61,2033,19,0.7943094372749329,0.48486316204071045,-0.15802957117557526,0.9401804208755493,762,261
61,2033,20,0.8111213445663452,0.48737090826034546,0.005270797293633223,0.19418132305145264,778,263
61,2033,21,0.7969988584518433,0.47930988669395447,-0.13774636387825012,0.8999671936035156,765,258
61,2033,22,0.8125288486480713,0.47903579473495483,0.022301992401480675,0.19343209266662598,780,258
61,2033,23,0.8466653227806091,0.497951865196228,-0.06343778222799301,0.9999350905418396,812,268
61,2033,24,0.8209329843521118,0.49200230836868286,0.06345359236001968,0.9998612403869629,788,265
61,2033,25,0.8524724841117859,0.6215083599090576,-0.04717071354389191,0.9848228096961975,818,335
61,2033,26,0.7968220114707947,0.6075076460838318,0.06247755140066147,0.8694347739219666,764,328
61,2033,27,0.8709495067596436,0.7436113357543945,0.012265102937817574,0.9892271161079407,836,401
61,2033,28,0.7619346380233765,0.7278934121131897,0.09102889150381088,0.9317935109138489,731,393
61,2033,29,0.880170464515686,0.770738959312439,0.01291767880320549,0.9065276384353638,844,416
61,2033,30,0.7629584670066833,0.7574698328971863,0.09027068316936493,0.8979764580726624,732,409
61,2033,31,0.8378202319145203,0.7752723097801208,-0.07154708355665207,0.9847294092178345,804,418
61,2033,32,0.7271862626075745,0.7269353270530701,0.019897617399692535,0.9488961100578308,698,392
62,2066,0,0.8203340768814087,0.26582038402557373,-0.09880535304546356,0.9990252256393433,787,143
62,2066,1,0.8238847255706787,0.2527421712875366,-0.10534029453992844,0.9990338087081909,790,136
62,2066,2,0.8255075216293335,0.25202417373657227,-0.10550053417682648,0.9991548657417297,792,136
62,2066,3,0.8271095156669617,0.2515181005001068,-0.10546889156103134,0.9993205070495605,794,135
62,2066,4,0.8206201195716858,0.2544967234134674,-0.08785966783761978,0.9989306926727295,787,137
62,2066,5,0.8199347853660583,0.2547787129878998,-0.0880526602268219,0.9990243911743164,787,137
62,2066,6,0.8190694451332092,0.25520575046539307,-0.088149793446064,0.9990801215171814,786,137
62,2066,7,0.83403080701828,0.2541410028934479,-0.09483297914266586,0.9996069073677063,800,137
62,2066,8,0.8214731216430664,0.2580261826515198,-0.021420884877443314,0.9978643655776978,788,139
62,2066,9,0.8249148726463318,0.2737697660923004,-0.09293798357248306,0.9989961385726929,791,147
62,2066,10,0.8208982348442078,0.2754802107810974,-0.07116126269102097,0.9980921149253845,788,148
62,2066,11,0.8528984785079956,0.32079052925109863,-0.13334335386753082,0.9999701976776123,818,173
62,2066,12,0.8201719522476196,0.32420265674591064,0.07245869934558868,0.9991021752357483,787,175
62,2066,13,0.8425099849700928,0.4114009141921997,-0.14480169117450714,0.9906738996505737,808,222
62,2066,14,0.8228974938392639,0.4119429588317871,0.09625749289989471,0.07548333704471588,789,222
62,2066,15,0.8004655241966248,0.47305119037628174,-0.14335700869560242,0.960651695728302,768,255
62,2066,16,0.8103750944137573,0.467751681804657,0.02908041886985302,0.14766144752502441,777,252
62,2066,17,0.7918665409088135,0.4902098476886749,-0.16200540959835052,0.9374227523803711,760,264
62,2066,18,0.8084525465965271,0.4907205104827881,0.019779495894908905,0.17078204452991486,776,264
62,2066,19,0.7868767380714417,0.48399612307548523,-0.16231228411197662,0.9399353861808777,755,261
62,2066,20,0.8040425181388855,0.48768022656440735,0.0006432911031879485,0.17732200026512146,771,263
62,2066,21,0.7900236248970032,0.47807538509368896,-0.14136362075805664,0.8978585600852966,758,258
62,2066,22,0.8071386218070984,0.47966551780700684,0.01816267892718315,0.17675349116325378,774,259
62,2066,23,0.8407294154167175,0.5000439882278442,-0.06357856094837189,0.9999362230300903,807,270
62,2066,24,0.8152475953102112,0.4934054911136627,0.063591368496418,0.9998632669448853,782,266
62,2066,25,0.8489436507225037,0.6233563423156738,-0.04440024122595787,0.9843094944953918,814,336
62,2066,26,0.7897036075592041,0.6101424694061279,0.06533758342266083,0.8592445850372314,758,329
62,2066,27,0.8704220056533813,0.7434590458869934,0.021343303844332695,0.987619936466217,835,401
62,2066,28,0.760065495967865,0.7311119437217712,0.10094769299030304,0.9312419295310974,729,394
62,2066,29,0.8798168301582336,0.7706213593482971,0.022777920588850975,0.8941934108734131,844,416
62,2066,30,0.7618697881698608,0.7599667310714722,0.10100959241390228,0.892418622970581,731,410
62,2066,31,0.8378332853317261,0.7723207473754883,-0.060280341655015945,0.983226478099823,804,417
62,2066,32,0.7266566753387451,0.7293234467506409,0.03194872662425041,0.9490912556648254,697,393
63,2100,0,0.8206968307495117,0.26581618189811707,-0.1285133957862854,0.9991161227226257,787,143
63,2100,1,0.824688732624054,0.2527969479560852,-0.13309107720851898,0.9991205930709839,791,136
63,2100,2,0.8268136978149414,0.2521314024925232,-0.13325779139995575,0.9992299675941467,793,136
63,2100,3,0.828772783279419,0.25169363617897034,-0.13322672247886658,0.9993813037872314,795,135
63,2100,4,0.8201397061347961,0.2544878423213959,-0.11499845236539841,0.9990277886390686,787,137
63,2100,5,0.8187647461891174,0.2547692656517029,-0.11518366634845734,0.9991121888160706,786,137
63,2100,6,0.817521333694458,0.25517719984054565,-0.11526808887720108,0.9991629719734192,784,137
63,2100,7,0.8342559933662415,0.2546914517879486,-0.11722743511199951,0.9996417164802551,800,137
63,2100,8,0.818890392780304,0.25840023159980774,-0.03578253835439682,0.9980427026748657,786,139
63,2100,9,0.8253850936889648,0.27407243847846985,-0.11901622265577316,0.9990858435630798,792,147
63,2100,10,0.8202434778213501,0.2756892442703247,-0.0964154526591301,0.9982606172561646,787,148
63,2100,11,0.852121889591217,0.3208582103252411,-0.14467526972293854,0.9999726414680481,818,173
63,2100,12,0.8188880681991577,0.3271647095680237,0.07162084430456161,0.999170184135437,786,176
63,2100,13,0.8420993089675903,0.41158682107925415,-0.16024018824100494,0.9909958839416504,808,222
63,2100,14,0.8190963268280029,0.41362011432647705,0.09065349400043488,0.06969773024320602,786,223
63,2100,15,0.7989343404769897,0.4720821678638458,-0.1655953973531723,0.9614991545677185,766,254
63,2100,16,0.8043840527534485,0.46708476543426514,0.0015341142425313592,0.13643503189086914,772,252
63,2100,17,0.789444088935852,0.4894911050796509,-0.18793533742427826,0.937895655632019,757,264
63,2100,18,0.7985628843307495,0.49006912112236023,-0.012030035257339478,0.1600182205438614,766,264
63,2100,19,0.7849743366241455,0.48242950439453125,-0.18846678733825684,0.940446138381958,753,260
63,2100,20,0.792648434638977,0.4862193465232849,-0.03250572085380554,0.1665077805519104,760,262
63,2100,21,0.7877652049064636,0.47617989778518677,-0.16398730874061584,0.8971344828605652,756,257
63,2100,22,0.7977102994918823,0.477878212928772,-0.01065426878631115,0.16570034623146057,765,258
63,2100,23,0.8408517241477966,0.5018565654754639,-0.06451056152582169,0.999938428401947,807,271
63,2100,24,0.8160027265548706,0.49581992626190186,0.06451128423213959,0.9998694658279419,783,267
63,2100,25,0.8477945923805237,0.6243768930435181,-0.04947012662887573,0.9837378263473511,813,337
63,2100,26,0.7886610627174377,0.6115615963935852,0.06396564841270447,0.8529850840568542,757,330
63,2100,27,0.869818389415741,0.7431204915046692,0.020767278969287872,0.9859212040901184,835,401
63,2100,28,0.7583754658699036,0.7318429946899414,0.09847550094127655,0.9325863718986511,728,395
63,2100,29,0.8796952366828918,0.7704939246177673,0.023004429414868355,0.882965087890625,844,416
63,2100,30,0.7599346041679382,0.7608010768890381,0.09832056611776352,0.8903142213821411,729,410
63,2100,31,0.8377981781959534,0.7720214128494263,-0.06116011366248131,0.9818581938743591,804,416
63,2100,32,0.7235445380210876,0.7308644652366638,0.026838580146431923,0.9504202604293823,694,394
64,2133,0,0.8102856278419495,0.2663659155368805,-0.10168354958295822,0.9991953372955322,777,143
64,2133,1,0.813507616519928,0.2536669075489044,-0.10996155440807343,0.9991961121559143,780,136
64,2133,2,0.8148670792579651,0.25288474559783936,-0.11012385040521622,0.999296247959137,782,136
64,2133,3,0.8161348700523376,0.2522859573364258,-0.11009343713521957,0.999434769153595,783,136
64,2133,4,0.811201274394989,0.2554381191730499,-0.09016212821006775,0.9991099238395691,778,137
64,2133,5,0.8107786178588867,0.25567060708999634,-0.09034170210361481,0.9991863965988159,778,138
64,2133,6,0.8102432489395142,0.25598597526550293,-0.0904083251953125,0.9992321729660034,777,138
64,2133,7,0.8226406574249268,0.25515058636665344,-0.11145853251218796,0.9996728301048279,789,137
64,2133,8,0.8134098649024963,0.2590700089931488,-0.022056948393583298,0.9981906414031982,780,139
64,2133,9,0.8143269419670105,0.2746434509754181,-0.09837356954813004,0.99916011095047,781,148
64,2133,10,0.8112775087356567,0.2763068377971649,-0.07358309626579285,0.9983938932418823,778,149
64,2133,11,0.8427626490592957,0.3209027349948883,-0.1438107192516327,0.9999749660491943,809,173
64,2133,12,0.8135517239570618,0.32675841450691223,0.07587720453739166,0.9992179870605469,781,176
64,2133,13,0.8356772661209106,0.4117409288883209,-0.16362878680229187,0.9916957020759583,802,222
64,2133,14,0.8153178691864014,0.41437268257141113,0.09624840319156647,0.06348733603954315,782,223
64,2133,15,0.7945829033851624,0.47236326336860657,-0.16648966073989868,0.9640871286392212,762,255
64,2133,16,0.8017206192016602,0.4713846445083618,0.019741686061024666,0.12399821728467941,769,254
64,2133,17,0.7856465578079224,0.4902036190032959,-0.18769685924053192,0.9414598345756531,754,264
64,2133,18,0.7967665791511536,0.4910831153392792,0.009594587609171867,0.14633846282958984,764,265
64,2133,19,0.7807074785232544,0.4829089045524597,-0.1872965395450592,0.9437823295593262,749,260
64,2133,20,0.7946852445602417,0.4890425503253937,-0.010313245467841625,0.15236550569534302,762,264
64,2133,21,0.7839705348014832,0.4767790734767914,-0.1644296497106552,0.9018155336380005,752,257
64,2133,22,0.7974221706390381,0.48154714703559875,0.007891779765486717,0.1517823040485382,765,260
64,2133,23,0.8298196792602539,0.501740038394928,-0.0654558315873146,0.9999426603317261,796,270
64,2133,24,0.808215856552124,0.49580061435699463,0.06546327471733093,0.9998770356178284,775,267
64,2133,25,0.8412922620773315,0.6241563558578491,-0.050729114562273026,0.9843098521232605,807,337
64,2133,26,0.7827930450439453,0.611116886138916,0.06595844775438309,0.8489998579025269,751,330
64,2133,27,0.8692469000816345,0.742809534072876,0.0006093809497542679,0.9862821102142334,834,401
64,2133,28,0.7563427090644836,0.7331945300102234,0.09767963737249374,0.9350016713142395,726,395
64,2133,29,0.8794564604759216,0.7680208683013916,0.00025339395506307483,0.8848599195480347,844,414
64,2133,30,0.7594438791275024,0.7626696825027466,0.09728085994720459,0.8925493955612183,729,411
64,2133,31,0.8378598093986511,0.7725982666015625,-0.08346473425626755,0.9825029373168945,804,417
64,2133,32,0.7191773056983948,0.7342779040336609,0.02994399331510067,0.9526934027671814,690,396
65,2166,0,0.8095642924308777,0.2663533389568329,-0.10011962056159973,0.9992650747299194,777,143
65,2166,1,0.8130453824996948,0.25366318225860596,-0.10795915871858597,0.9992614388465881,780,136
65,2166,2,0.8143373727798462,0.2528858184814453,-0.10811657458543777,0.9993532299995422,781,136
65,2166,3,0.815532386302948,0.2522922158241272,-0.10809097439050674,0.999480664730072,782,136
65,2166,4,0.8108519315719604,0.25541988015174866,-0.08806795626878738,0.9991823434829712,778,137
65,2166,5,0.8105470538139343,0.2556477189064026,-0.08825128525495529,0.9992521405220032,778,138
65,2166,6,0.8101520538330078,0.2559601068496704,-0.08832786232233047,0.9992938041687012,777,138
65,2166,7,0.8216772675514221,0.25533056259155273,-0.10940465331077576,0.9996997714042664,788,137
65,2166,8,0.8136845827102661,0.259029746055603,-0.018213747069239616,0.9983198642730713,781,139
65,2166,9,0.8138241171836853,0.2746827304363251,-0.09635300189256668,0.9992243647575378,781,148
65,2166,10,0.8106555342674255,0.2763121426105499,-0.07139992713928223,0.9985117316246033,778,149
65,2166,11,0.8406963348388672,0.32121196389198303,-0.1434568613767624,0.9999768733978271,807,173
65,2166,12,0.8132535219192505,0.3267960846424103,0.08085887879133224,0.9992615580558777,780,176
65,2166,13,0.8323023319244385,0.4121447801589966,-0.16206714510917664,0.9919644594192505,799,222
65,2166,14,0.8155548572540283,0.4143202304840088,0.10082153230905533,0.05772867426276207,782,223
65,2166,15,0.7927529215812683,0.4724870026111603,-0.15910930931568146,0.9629613757133484,761,255
65,2166,16,0.8005133271217346,0.47137880325317383,0.02070319838821888,0.11253657937049866,768,254
65,2166,17,0.7833712100982666,0.4906395375728607,-0.17913159728050232,0.9390165209770203,752,264
65,2166,18,0.7944036722183228,0.49081501364707947,0.010676662437617779,0.13374978303909302,762,265
65,2166,19,0.7790164351463318,0.4832620620727539,-0.17752178013324738,0.9412973523139954,747,260
65,2166,20,0.7927592396736145,0.4882330000400543,-0.0092078298330307,0.13935357332229614,761,263
65,2166,21,0.7823434472084045,0.4773273169994354,-0.1563635766506195,0.8962113857269287,751,257
65,2166,22,0.7944194674491882,0.4809996485710144,0.008814994245767593,0.13895122706890106,762,259
65,2166,23,0.8295787572860718,0.5017122626304626,-0.06674275547266006,0.9999448657035828,796,270
65,2166,24,0.8069019317626953,0.4960499405860901,0.06674706190824509,0.9998821020126343,774,267
65,2166,25,0.8393885493278503,0.6236262321472168,-0.059622667729854584,0.9845485091209412,805,336
65,2166,26,0.7836445569992065,0.6109470129013062,0.06035709008574486,0.8479450941085815,752,329
65,2166,27,0.8683328032493591,0.7416014075279236,-0.006405453197658062,0.9861506819725037,833,400
65,2166,28,0.7539819478988647,0.7331869006156921,0.07696650922298431,0.9382718205451965,723,395
65,2166,29,0.8790477514266968,0.7664029002189636,-0.00616790633648634,0.8838947415351868,843,413
65,2166,30,0.7567269206047058,0.7629780769348145,0.07446087896823883,0.8957425951957703,726,412
65,2166,31,0.8378745317459106,0.7725940346717834,-0.08622920513153076,0.9825401306152344,804,417
65,2166,32,0.7181822657585144,0.7366560101509094,0.005266357678920031,0.9552056789398193,689,397
66,2200,0,0.7985933423042297,0.2663109302520752,-0.09606047719717026,0.9992989897727966,766,143
66,2200,1,0.8020540475845337,0.2537996172904968,-0.10509733855724335,0.9992865920066833,769,137
66,2200,2,0.8033307194709778,0.25304117798805237,-0.1052626520395279,0.9993770122528076,771,136
66,2200,3,0.8044834733009338,0.25241419672966003,-0.10524941235780716,0.9995018243789673,772,136
66,2200,4,0.8000336289405823,0.2554716169834137,-0.08431662619113922,0.999200165271759,768,137
66,2200,5,0.7999691367149353,0.2557806968688965,-0.0845012217760086,0.9992669820785522,767,138
66,2200,6,0.7996991276741028,0.25606200098991394,-0.08458798378705978,0.9993073344230652,767,138
66,2200,7,0.8135416507720947,0.2554836869239807,-0.10942669212818146,0.9997158050537109,780,137
66,2200,8,0.8048444986343384,0.25913557410240173,-0.016518035903573036,0.9983199238777161,772,139
66,2200,9,0.8032346963882446,0.27478453516960144,-0.09407100826501846,0.999252200126648,771,148
66,2200,10,0.8000680208206177,0.2765279710292816,-0.06800804287195206,0.9985419511795044,768,149
66,2200,11,0.8337346315383911,0.32124221324920654,-0.14374710619449615,0.9999781847000122,800,173
66,2200,12,0.8028180003166199,0.3289582431316376,0.07875923067331314,0.9992716908454895,770,177
66,2200,13,0.8257286548614502,0.4128338098526001,-0.161580428481102,0.9921240210533142,792,222
66,2200,14,0.806566059589386,0.4157356917858124,0.1009993776679039,0.05248290300369263,774,224
66,2200,15,0.7882626056671143,0.4777877926826477,-0.15749014914035797,0.9619418978691101,756,258
66,2200,16,0.7990150451660156,0.4729818105697632,0.027122555300593376,0.10182634741067886,767,255
66,2200,17,0.7811608910560608,0.49519461393356323,-0.1770516335964203,0.9368696808815002,749,267
66,2200,18,0.7939949035644531,0.4947951138019562,0.018107570707798004,0.12156052142381668,762,267
66,2200,19,0.7755845785140991,0.48785507678985596,-0.17571799457073212,0.9390818476676941,744,263
66,2200,20,0.7920183539390564,0.49278512597084045,-0.0012870547361671925,0.12673650681972504,760,266
66,2200,21,0.7778052687644958,0.48248207569122314,-0.1548011600971222,0.8910374045372009,746,260
66,2200,22,0.7941800951957703,0.4838104248046875,0.015648648142814636,0.12651486694812775,762,261
66,2200,23,0.8220872282981873,0.5025137662887573,-0.06652121990919113,0.9999454617500305,789,271
66,2200,24,0.7997167706489563,0.49930110573768616,0.0665232241153717,0.9998829960823059,767,269
66,2200,25,0.8350461721420288,0.6238192915916443,-0.05917958915233612,0.9837443828582764,801,336
66,2200,26,0.7763504385948181,0.6116109490394592,0.06156496703624725,0.842074990272522,745,330
66,2200,27,0.8671443462371826,0.7400241494178772,0.008648178540170193,0.9848798513412476,832,399
66,2200,28,0.7524046301841736,0.7332010865211487,0.08227144926786423,0.9398829340934753,722,395
66,2200,29,0.8786584138870239,0.7612714171409607,0.010691107250750065,0.8758566379547119,843,411
66,2200,30,0.7565609812736511,0.7629597783088684,0.07996628433465958,0.896039605140686,726,411
66,2200,31,0.8384592533111572,0.7728288173675537,-0.06722620129585266,0.9813768863677979,804,417
66,2200,32,0.717795193195343,0.7459394335746765,0.009304569102823734,0.9565851092338562,689,402
67,2233,0,0.7993375658988953,0.2660767436027527,-0.11304052174091339,0.9993501305580139,767,143
67,2233,1,0.8040434718132019,0.2537324130535126,-0.12045509368181229,0.9993315935134888,771,137
67,2233,2,0.8056449890136719,0.2530302405357361,-0.12062272429466248,0.9994154572486877,773,136
67,2233,3,0.8071243166923523,0.25242289900779724,-0.12060399353504181,0.9995328783988953,774,136
67,2233,4,0.8007108569145203,0.2553550601005554,-0.10038622468709946,0.9992512464523315,768,137
67,2233,5,0.800151526927948,0.25569239258766174,-0.10057905316352844,0.9993132948875427,768,138
67,2233,6,0.7995097041130066,0.2559923231601715,-0.1006743460893631,0.9993519186973572,767,138
67,2233,7,0.8139199614524841,0.25589725375175476,-0.11920777708292007,0.9997334480285645,781,138
67,2233,8,0.8029772043228149,0.259152889251709,-0.02781045250594616,0.9984025359153748,770,139
67,2233,9,0.8041670322418213,0.27478840947151184,-0.10862812399864197,0.999295711517334,772,148
67,2233,10,0.7997927069664001,0.27653470635414124,-0.08344747126102448,0.9986242651939392,767,149
67,2233,11,0.8338162302970886,0.3218943178653717,-0.14739297330379486,0.9999794363975525,800,173
67,2233,12,0.8016225695610046,0.3304297626018524,0.07102081179618835,0.9993095397949219,769,178
67,2233,13,0.824299693107605,0.4167037904262543,-0.16307173669338226,0.9921520948410034,791,225
67,2233,14,0.8056257367134094,0.41630643606185913,0.09783175587654114,0.04808496683835983,773,224
67,2233,15,0.786998987197876,0.48094555735588074,-0.15973803400993347,0.9604923129081726,755,259
67,2233,16,0.792438805103302,0.4727608561515808,0.02195269800722599,0.09329807758331299,760,255
67,2233,17,0.7799922823905945,0.497165322303772,-0.17952623963356018,0.9340780973434448,748,268
67,2233,18,0.7879244685173035,0.49466943740844727,0.012258362956345081,0.11260933429002762,756,267
67,2233,19,0.7743309140205383,0.49028483033180237,-0.17892234027385712,0.9361873865127563,743,264
67,2233,20,0.7838136553764343,0.4925711750984192,-0.007792725693434477,0.11753106117248535,752,265
67,2233,21,0.7765575647354126,0.48543864488601685,-0.15747711062431335,0.8850852847099304,745,262
67,2233,22,0.7869018912315369,0.4837380349636078,0.01020753849297762,0.11741470545530319,755,261
67,2233,23,0.82218337059021,0.5034021735191345,-0.06634131073951721,0.9999487996101379,789,271
67,2233,24,0.7986297607421875,0.5002208948135376,0.06634330004453659,0.9998904466629028,766,270
67,2233,25,0.8347042202949524,0.6239099502563477,-0.05997424200177193,0.9842141270637512,801,336
67,2233,26,0.7778640389442444,0.6117269992828369,0.07212669402360916,0.8399899005889893,746,330
67,2233,27,0.8669270873069763,0.7389272451400757,-0.00025176897179335356,0.985416054725647,832,399
67,2233,28,0.7513660192489624,0.7334260940551758,0.104413241147995,0.9428855776786804,721,396
67,2233,29,0.8783146739006042,0.7593339681625366,0.0005120574496686459,0.8786197304725647,843,410
67,2233,30,0.7567166686058044,0.7623969316482544,0.10389169305562973,0.898809015750885,726,411
67,2233,31,0.838452160358429,0.774268627166748,-0.08366437256336212,0.9821181297302246,804,418
67,2233,32,0.7170189023017883,0.7492654919624329,0.03308286890387535,0.9588388204574585,688,404
68,2266,0,0.7926142811775208,0.2657071352005005,-0.11281004548072815,0.999376118183136,760,143
68,2266,1,0.7966715693473816,0.2536700665950775,-0.12028338015079498,0.9993459582328796,764,136
68,2266,2,0.798109233379364,0.25299814343452454,-0.12044680863618851,0.9994293451309204,766,136
68,2266,3,0.7994336485862732,0.25240954756736755,-0.12041237950325012,0.9995453357696533,767,136
68,2266,4,0.794081449508667,0.2551918029785156,-0.09989172965288162,0.9992570281028748,762,137
68,2266,5,0.7937011122703552,0.2555077075958252,-0.10007477551698685,0.9993135333061218,761,137
68,2266,6,0.7931371927261353,0.25577327609062195,-0.10016544908285141,0.99934983253479,761,138
68,2266,7,0.8065675497055054,0.25593283772468567,-0.11794985830783844,0.9997434020042419,774,138
68,2266,8,0.7963646650314331,0.25914037227630615,-0.027408279478549957,0.9983627200126648,764,139
68,2266,9,0.7966117858886719,0.2747799754142761,-0.10800402611494064,0.9993041157722473,764,148
68,2266,10,0.7935176491737366,0.2763456404209137,-0.08319805562496185,0.9986139535903931,761,149
68,2266,11,0.8242291808128357,0.3216058909893036,-0.1475439965724945,0.9999805092811584,791,173
68,2266,12,0.7980200052261353,0.33030179142951965,0.07134474813938141,0.9992960095405579,766,178
68,2266,13,0.8195711970329285,0.4166756272315979,-0.16825269162654877,0.992443859577179,786,225
68,2266,14,0.79911869764328,0.4202648997306824,0.09683635830879211,0.043747175484895706,767,226
68,2266,15,0.7828869223594666,0.4848281443119049,-0.1684698462486267,0.9606942534446716,751,261
68,2266,16,0.7860304117202759,0.4835070073604584,0.024345900863409042,0.0845869854092598,754,261
68,2266,17,0.7755411267280579,0.5040143132209778,-0.18899832665920258,0.9337325692176819,744,272
68,2266,18,0.7805083990097046,0.5038835406303406,0.01565052568912506,0.10258058458566666,749,272
68,2266,19,0.7701782584190369,0.49841415882110596,-0.18814611434936523,0.935731828212738,739,269
68,2266,20,0.7770463228225708,0.502227783203125,-0.00456274626776576,0.10714532434940338,745,271
68,2266,21,0.7721913456916809,0.4921371042728424,-0.16627739369869232,0.8828498125076294,741,265
68,2266,22,0.778020441532135,0.49433666467666626,0.012667814269661903,0.10715144127607346,746,266
68,2266,23,0.8109374642372131,0.5030054450035095,-0.06658473610877991,0.9999490976333618,778,271
68,2266,24,0.790122389793396,0.5000150203704834,0.0665799006819725,0.9998888373374939,758,270
68,2266,25,0.8245975375175476,0.6242691874504089,-0.067426398396492,0.9840967059135437,791,337
68,2266,26,0.7701190114021301,0.6121946573257446,0.06915624439716339,0.8277785181999207,739,330
68,2266,27,0.8649696111679077,0.7369519472122192,-0.008380774408578873,0.9851406812667847,830,397
68,2266,28,0.7496146559715271,0.7349409461021423,0.10407194495201111,0.9429797530174255,719,396
68,2266,29,0.8768824338912964,0.7557422518730164,-0.007509429939091206,0.8769658207893372,841,408
68,2266,30,0.7553812265396118,0.7643730044364929,0.10403715074062347,0.8987946510314941,725,412
68,2266,31,0.8380373120307922,0.774405837059021,-0.08783194422721863,0.9819105863571167,804,418
68,2266,32,0.7140709757804871,0.754499077796936,0.03828800097107887,0.9591594338417053,685,407
69,2300,0,0.7923845648765564,0.26583245396614075,-0.11324451118707657,0.9994080662727356,760,143
69,2300,1,0.797133207321167,0.2538410425186157,-0.11987500637769699,0.9993698596954346,765,137
69,2300,2,0.798964262008667,0.25328630208969116,-0.12003704160451889,0.9994505643844604,767,136
69,2300,3,0.8006168007850647,0.2527596056461334,-0.12000999599695206,0.9995601177215576,768,136
69,2300,4,0.7931240200996399,0.255232036113739,-0.1002853736281395,0.9992817044258118,761,137
69,2300,5,0.7923336029052734,0.255528062582016,-0.10046908259391785,0.9993349313735962,760,137
69,2300,6,0.7914508581161499,0.2557748258113861,-0.10056430846452713,0.9993669986724854,759,138
69,2300,7,0.8073274493217468,0.25682491064071655,-0.1176004633307457,0.9997543692588806,775,138
69,2300,8,0.7945161461830139,0.25927552580833435,-0.027360770851373672,0.998396635055542,762,140
69,2300,9,0.7972195148468018,0.2751801908016205,-0.10756071656942368,0.9993119835853577,765,148
69,2300,10,0.792361319065094,0.27669835090637207,-0.083358533680439,0.998616635799408,760,149
69,2300,11,0.8244873285293579,0.32159724831581116,-0.1471654623746872,0.9999808073043823,791,173
69,2300,12,0.7972915768623352,0.329934298992157,0.07132171094417572,0.9992788434028625,765,178
69,2300,13,0.8177135586738586,0.41689109802246094,-0.17031675577163696,0.9926252365112305,785,225
69,2300,14,0.7977259755134583,0.42007020115852356,0.09607167541980743,0.040077630430459976,765,226
69,2300,15,0.7821482419967651,0.4852506220340729,-0.1764020472764969,0.959685742855072,750,262
69,2300,16,0.7867142558097839,0.4840489625930786,0.024351825937628746,0.07743650674819946,755,261
69,2300,17,0.7736603617668152,0.5070143938064575,-0.19720660150051117,0.9320605397224426,742,273
69,2300,18,0.7806436419487,0.5045062899589539,0.015773121267557144,0.09494314342737198,749,272
69,2300,19,0.7686574459075928,0.5009976029396057,-0.19584329426288605,0.9340559244155884,737,270
69,2300,20,0.7762773036956787,0.5018745064735413,-0.0035578564275056124,0.09928588569164276,745,271
69,2300,21,0.7709853053092957,0.49384793639183044,-0.17421174049377441,0.8793696165084839,740,266
69,2300,22,0.7785665988922119,0.4935151934623718,0.013073339127004147,0.09943532198667526,747,266
69,2300,23,0.8124625086784363,0.5027374625205994,-0.06764211505651474,0.9999474883079529,779,271
69,2300,24,0.7900020480155945,0.49983417987823486,0.067623570561409,0.9998854398727417,758,269
69,2300,25,0.8218702673912048,0.6240488886833191,-0.08293140679597855,0.9849714040756226,788,336
69,2300,26,0.7710552215576172,0.612238347530365,0.0768924430012703,0.8235465288162231,740,330
69,2300,27,0.8637523651123047,0.7357503175735474,-0.042023297399282455,0.9859386086463928,829,397
69,2300,28,0.7500389814376831,0.7353275418281555,0.1101478859782219,0.945379912853241,720,397
69,2300,29,0.8764938116073608,0.7540842890739441,-0.04263431578874588,0.8831458687782288,841,407
69,2300,30,0.7555064558982849,0.7640137076377869,0.11010591685771942,0.9027446508407593,725,412
69,2300,31,0.8377816677093506,0.7755932211875916,-0.1220460906624794,0.9828844666481018,804,418
69,2300,32,0.7150086164474487,0.7563453316688538,0.04868340492248535,0.9608951210975647,686,408
70,2333,0,0.7841118574142456,0.26352453231811523,-0.09934720396995544,0.999413788318634,752,142
70,2333,1,0.7871406078338623,0.25192171335220337,-0.108645960688591,0.999359667301178,755,136
70,2333,2,0.7880533933639526,0.25147515535354614,-0.10881257802248001,0.999447762966156,756,135
70,2333,3,0.7886962294578552,0.25103697180747986,-0.10880107432603836,0.9995558261871338,757,135
70,2333,4,0.7862138748168945,0.2529081702232361,-0.0893491581082344,0.9992532134056091,754,136
70,2333,5,0.7862536311149597,0.2531566023826599,-0.08952880650758743,0.9993118047714233,754,136
70,2333,6,0.7860605120658875,0.2535705864429474,-0.08961988985538483,0.999340295791626,754,136
70,2333,7,0.795235812664032,0.25568756461143494,-0.11732812225818634,0.9997595548629761,763,138
70,2333,8,0.7906205654144287,0.2580587565898895,-0.027010858058929443,0.9983460307121277,758,139
70,2333,9,0.7872914671897888,0.2735856771469116,-0.0980653390288353,0.9993067979812622,755,147
70,2333,10,0.7854319214820862,0.2752792537212372,-0.07398392260074615,0.9985772371292114,754,148
70,2333,11,0.813828706741333,0.3204686641693115,-0.14783567190170288,0.9999818205833435,781,173
70,2333,12,0.7927547097206116,0.3264143466949463,0.06931927055120468,0.9992485642433167,761,176
70,2333,13,0.8124926686286926,0.41688236594200134,-0.17368842661380768,0.9930712580680847,779,225
70,2333,14,0.7923918962478638,0.4199788272380829,0.09280665218830109,0.036653634160757065,760,226
70,2333,15,0.7795067429542542,0.48790091276168823,-0.17750996351242065,0.9614733457565308,748,263
70,2333,16,0.7792853116989136,0.48431673645973206,0.03022601641714573,0.07052264362573624,748,261
70,2333,17,0.7726864218711853,0.5127003192901611,-0.1975308060646057,0.934527575969696,741,276
70,2333,18,0.7747716307640076,0.5060487389564514,0.02431057021021843,0.08698929101228714,743,273
70,2333,19,0.7674309015274048,0.5076530575752258,-0.19563570618629456,0.9361510872840881,736,274
70,2333,20,0.7700679898262024,0.5033988952636719,0.005698313005268574,0.0909920185804367,739,271
70,2333,21,0.7693533301353455,0.500073254108429,-0.17507760226726532,0.8822497725486755,738,270
70,2333,22,0.771595299243927,0.49579399824142456,0.019538193941116333,0.09128443896770477,740,267
70,2333,23,0.8067205548286438,0.5019423365592957,-0.06753607094287872,0.9999510645866394,774,271
70,2333,24,0.7852284908294678,0.4991225600242615,0.06751395761966705,0.9998922944068909,753,269
70,2333,25,0.8118756413459778,0.625347912311554,-0.08135228604078293,0.9860329627990723,779,337
70,2333,26,0.7652210593223572,0.611728847026825,0.08126644790172577,0.8233999609947205,734,330
70,2333,27,0.857387900352478,0.7291554808616638,-0.02481718547642231,0.9866887927055359,823,393
70,2333,28,0.7490583658218384,0.7353512644767761,0.11742373555898666,0.9479758739471436,719,397
70,2333,29,0.8703827261924744,0.7419068217277527,-0.024898938834667206,0.8892730474472046,835,400
70,2333,30,0.755797803401947,0.7635917067527771,0.11786160618066788,0.9069193005561829,725,412
70,2333,31,0.8376778364181519,0.7773478031158447,-0.09393299371004105,0.9837842583656311,804,419
70,2333,32,0.7150906920433044,0.7582595348358154,0.06437356770038605,0.9626708626747131,686,409
71,2366,0,0.783021867275238,0.26238659024238586,-0.1214616671204567,0.9994394183158875,751,141
71,2366,1,0.7875238060951233,0.25084277987480164,-0.1270260363817215,0.9993799328804016,756,135
71,2366,2,0.7890924215316772,0.2505050301551819,-0.12719398736953735,0.9994663000106812,757,135
71,2366,3,0.7904446125030518,0.25020745396614075,-0.12718461453914642,0.9995695948600769,758,135
71,2366,4,0.784433126449585,0.25181466341018677,-0.10856346040964127,0.999268651008606,753,135
71,2366,5,0.7839794754981995,0.25208476185798645,-0.10875160992145538,0.9993230700492859,752,136
71,2366,6,0.7833960652351379,0.25237178802490234,-0.10884859412908554,0.9993473887443542,752,136
71,2366,7,0.7967646718025208,0.2552303373813629,-0.12077503651380539,0.9997684955596924,764,137
71,2366,8,0.7874898314476013,0.25734496116638184,-0.0347493551671505,0.9983318448066711,755,138
71,2366,9,0.7880602478981018,0.2729088366031647,-0.11455473303794861,0.9993151426315308,756,147
71,2366,10,0.7838253378868103,0.2744249999523163,-0.09142622351646423,0.9985724091529846,752,148
71,2366,11,0.8132046461105347,0.3199891746044159,-0.14901021122932434,0.9999824166297913,780,172
71,2366,12,0.7919899821281433,0.325033575296402,0.06777975708246231,0.9992358684539795,760,175
71,2366,13,0.8106185793876648,0.4169648587703705,-0.17527195811271667,0.9932333827018738,778,225
71,2366,14,0.7919825315475464,0.4180843234062195,0.09360554069280624,0.033547453582286835,760,225
71,2366,15,0.7784135937690735,0.48835358023643494,-0.18484216928482056,0.9607676267623901,747,263
71,2366,16,0.7796770334243774,0.48367321491241455,0.03353460133075714,0.06440006196498871,748,261
71,2366,17,0.7717819213867188,0.5136385560035706,-0.20631980895996094,0.933120846748352,740,277
71,2366,18,0.7758001089096069,0.505182147026062,0.027100998908281326,0.08009812980890274,744,272
71,2366,19,0.7664405107498169,0.5084546804428101,-0.20452739298343658,0.9345625638961792,735,274
71,2366,20,0.7715008854866028,0.5025366544723511,0.007904980331659317,0.08381454646587372,740,271
71,2366,21,0.7681460976600647,0.5007613301277161,-0.18263593316078186,0.8789634108543396,737,270
71,2366,22,0.7723563313484192,0.49502959847450256,0.022717704996466637,0.08419130742549896,741,267
71,2366,23,0.8049964308738708,0.5002217292785645,-0.06813833117485046,0.9999535083770752,772,270
71,2366,24,0.7843555212020874,0.4985533058643341,0.06810609996318817,0.9998974800109863,752,269
71,2366,25,0.8100107312202454,0.6253231763839722,-0.09091570973396301,0.9868712425231934,777,337
71,2366,26,0.765361487865448,0.6116122603416443,0.08634623885154724,0.8228343725204468,734,330
71,2366,27,0.8555884957313538,0.7263584136962891,-0.025575954467058182,0.9871371984481812,821,392
71,2366,28,0.7500535249710083,0.7353964447975159,0.12424008548259735,0.950190544128418,720,397
71,2366,29,0.8694380521774292,0.7376191020011902,-0.02340802177786827,0.8935067653656006,834,398
71,2366,30,0.7563743591308594,0.7634122967720032,0.12485683709383011,0.9101530909538269,726,412
71,2366,31,0.8377490639686584,0.7799156904220581,-0.09216994792222977,0.984245240688324,804,421
71,2366,32,0.7151409983634949,0.7585515379905701,0.06923142820596695,0.963884174823761,686,409
72,2400,0,0.775894284248352,0.26193663477897644,-0.10988730937242508,0.9994471669197083,744,141
72,2400,1,0.7791814208030701,0.2500261664390564,-0.1193467378616333,0.9993778467178345,748,135
72,2400,2,0.7799774408340454,0.24952256679534912,-0.1195254996418953,0.9994708299636841,748,134
72,2400,3,0.7805558443069458,0.24914869666099548,-0.11953580379486084,0.9995710849761963,749,134
72,2400,4,0.7779722213745117,0.25095123052597046,-0.10037322342395782,0.999250590801239,746,135
72,2400,5,0.7779932022094727,0.2511756420135498,-0.10056200623512268,0.9993121027946472,746,135
72,2400,6,0.7777636051177979,0.25140517950057983,-0.10065637528896332,0.9993322491645813,746,135
72,2400,7,0.7874640822410583,0.25375011563301086,-0.12105228751897812,0.9997760653495789,755,137
72,2400,8,0.7828232645988464,0.2561134696006775,-0.03410758823156357,0.9983132481575012,751,138
72,2400,9,0.7793186902999878,0.2720564603805542,-0.10905337333679199,0.999326229095459,748,146
72,2400,10,0.7771904468536377,0.27362939715385437,-0.08522215485572815,0.9985718131065369,746,147
72,2400,11,0.8063779473304749,0.31964996457099915,-0.15238112211227417,0.9999832510948181,774,172
72,2400,12,0.7846593856811523,0.32242199778556824,0.06268790364265442,0.9992353320121765,753,174
72,2400,13,0.8069601655006409,0.416226327419281,-0.1788666993379593,0.9935998916625977,774,224
72,2400,14,0.7839339971542358,0.4157610237598419,0.0887729823589325,0.03108290582895279,752,224
72,2400,15,0.7782610654830933,0.4886961877346039,-0.1868361532688141,0.9619977474212646,747,263
72,2400,16,0.7737730741500854,0.48315948247909546,0.032323550432920456,0.05931488052010536,742,260
72,2400,17,0.7719761729240417,0.5148807168006897,-0.2075137197971344,0.9348010420799255,741,278
72,2400,18,0.770878791809082,0.5047580003738403,0.02633129432797432,0.07451979070901871,740,272
72,2400,19,0.7667526006698608,0.510371208190918,-0.2059633880853653,0.9358805418014526,736,275
72,2400,20,0.7670385241508484,0.5022529363632202,0.00736727099865675,0.0780065506696701,736,271
72,2400,21,0.7683115005493164,0.5021604299545288,-0.18474672734737396,0.8808408379554749,737,271
72,2400,22,0.7675660848617554,0.4948500990867615,0.021602174267172813,0.07853347063064575,736,267
72,2400,23,0.7970497608184814,0.499382346868515,-0.06810905039310455,0.9999570250511169,765,269
72,2400,24,0.7783640623092651,0.4970235824584961,0.06806938350200653,0.9999048709869385,747,268
72,2400,25,0.7944299578666687,0.6247180700302124,-0.09270937740802765,0.9879027009010315,762,337
72,2400,26,0.7606214880943298,0.6108977794647217,0.08637303858995438,0.8299165368080139,730,329
72,2400,27,0.845771849155426,0.7184847593307495,-0.021879440173506737,0.9877673983573914,811,387
72,2400,28,0.7500388622283936,0.7353125214576721,0.12285518646240234,0.9532573819160461,720,397
72,2400,29,0.8596370220184326,0.7220954895019531,-0.020258337259292603,0.8991140723228455,825,389
72,2400,30,0.7562747597694397,0.7632059454917908,0.12343861907720566,0.9150902628898621,726,412
72,2400,31,0.8367959260940552,0.7798088192939758,-0.06858503073453903,0.9849448800086975,803,421
72,2400,32,0.7146889567375183,0.7593944072723389,0.07456256449222565,0.9658356308937073,686,410
73,2433,0,0.7752661108970642,0.26174136996269226,-0.11054281145334244,0.9994726777076721,744,141
73,2433,1,0.7799085378646851,0.2494729459285736,-0.11899738013744354,0.9994003176689148,748,134
73,2433,2,0.7815110683441162,0.24902847409248352,-0.11917320638895035,0.9994922280311584,750,134
73,2433,3,0.7829360365867615,0.24872781336307526,-0.11917801201343536,0.9995864033699036,751,134
73,2433,4,0.776587724685669,0.25063151121139526,-0.10031898319721222,0.999268114566803,745,135
73,2433,5,0.7760260105133057,0.250898152589798,-0.10050897300243378,0.999327540397644,744,135
73,2433,6,0.77531898021698,0.2511468231678009,-0.1006036102771759,0.9993416666984558,744,135
73,2433,7,0.7895468473434448,0.25332021713256836,-0.11835741996765137,0.9997876286506653,757,136
73,2433,8,0.7792404890060425,0.25580117106437683,-0.03335767984390259,0.9983452558517456,748,138
73,2433,9,0.7799596190452576,0.27161040902137756,-0.10836641490459442,0.9993435740470886,748,146
73,2433,10,0.7759516835212708,0.27323490381240845,-0.08467627316713333,0.9985873699188232,744,147
73,2433,11,0.8052847385406494,0.3186992406845093,-0.14511631429195404,0.9999841451644897,773,172
73,2433,12,0.7835181951522827,0.32151731848716736,0.06312791258096695,0.9992420673370361,752,173
73,2433,13,0.8058331608772278,0.414041668176651,-0.1742287278175354,0.9940049648284912,773,223
73,2433,14,0.782271146774292,0.41413208842277527,0.0881245881319046,0.02889682538807392,750,223
73,2433,15,0.7783000469207764,0.48843976855278015,-0.1821155995130539,0.963944673538208,747,263
73,2433,16,0.7718575596809387,0.48284539580345154,0.032393380999565125,0.055216893553733826,740,260
73,2433,17,0.772424578666687,0.5148321986198425,-0.20259739458560944,0.9378200173377991,741,278
73,2433,18,0.7698178887367249,0.5044434666633606,0.02635893225669861,0.07036741077899933,739,272
73,2433,19,0.7671193480491638,0.5109651684761047,-0.20145131647586823,0.938690185546875,736,275
73,2433,20,0.7657121419906616,0.501926600933075,0.008150286041200161,0.07363028079271317,735,271
73,2433,21,0.7683630585670471,0.5026918649673462,-0.18013152480125427,0.8856467008590698,737,271
73,2433,22,0.7665677666664124,0.4944410026073456,0.02207636460661888,0.07420539855957031,735,266
73,2433,23,0.7974996566772461,0.4980621337890625,-0.06741932034492493,0.9999602437019348,765,268
73,2433,24,0.778845489025116,0.4963144361972809,0.06737028062343597,0.9999116063117981,747,268
73,2433,25,0.7919008135795593,0.6232448816299438,-0.09585391730070114,0.9889485836029053,760,336
73,2433,26,0.7619244456291199,0.6109124422073364,0.08219369500875473,0.8370736837387085,731,329
73,2433,27,0.8443771600723267,0.7152331471443176,-0.028749022632837296,0.9886500835418701,810,386
73,2433,28,0.7490602135658264,0.7352187037467957,0.1170492023229599,0.9562748074531555,719,397
73,2433,29,0.8582611680030823,0.7185069918632507,-0.025670429691672325,0.9065247774124146,823,387
73,2433,30,0.7554148435592651,0.7630857229232788,0.11741232126951218,0.9200986623764038,725,412
73,2433,31,0.8368197083473206,0.7795823216438293,-0.07250645011663437,0.9859760999679565,803,420
73,2433,32,0.7125971913337708,0.7592042088508606,0.06793978810310364,0.9678331613540649,684,409
74,2466,0,0.7647110223770142,0.2617603540420532,-0.1088244616985321,0.9994027018547058,734,141
74,2466,1,0.767817497253418,0.249491348862648,-0.11878560483455658,0.9993025660514832,737,134
74,2466,2,0.7686335444450378,0.24904386699199677,-0.11895773559808731,0.9994260668754578,737,134
74,2466,3,0.76927250623703,0.24865905940532684,-0.1189584881067276,0.9995287656784058,738,134
74,2466,4,0.7671159505844116,0.2505584955215454,-0.10016296058893204,0.9990959763526917,736,135
74,2466,5,0.7674280405044556,0.2507636845111847,-0.10035909712314606,0.9991862773895264,736,135
74,2466,6,0.7675443291664124,0.250906765460968,-0.10045961290597916,0.9991976618766785,736,135
74,2466,7,0.776930034160614,0.2532116770744324,-0.1280112862586975,0.9997749924659729,745,136
74,2466,8,0.7740829586982727,0.2553921043872833,-0.038549672812223434,0.9980967044830322,743,137
74,2466,9,0.7686478495597839,0.2716510593891144,-0.10788566619157791,0.9992724657058716,737,146
74,2466,10,0.7670881152153015,0.27325692772865295,-0.0843866690993309,0.9983761310577393,736,147
74,2466,11,0.7986476421356201,0.3194218873977661,-0.1548759937286377,0.999984085559845,766,172
74,2466,12,0.7781097888946533,0.3194938004016876,0.04962801933288574,0.999211847782135,746,172
74,2466,13,0.7981462478637695,0.41499239206314087,-0.18074724078178406,0.9940931797027588,766,224
74,2466,14,0.7763664722442627,0.4137236177921295,0.07583817094564438,0.026645297184586525,745,223
74,2466,15,0.7766979932785034,0.4955364763736725,-0.18761569261550903,0.9633936285972595,745,267
74,2466,16,0.766010582447052,0.4845518469810486,0.03193007782101631,0.05073072388768196,735,261
74,2466,17,0.7728941440582275,0.5224399566650391,-0.20754501223564148,0.9367837309837341,741,282
74,2466,18,0.7634333968162537,0.5075040459632874,0.02514142543077469,0.06515641510486603,732,274
74,2466,19,0.7666693925857544,0.522096574306488,-0.20736278593540192,0.9373008012771606,736,281
74,2466,20,0.7595488429069519,0.5051208734512329,0.006778119597584009,0.0682087391614914,729,272
74,2466,21,0.7675687670707703,0.5125744938850403,-0.18621984124183655,0.8832429647445679,736,276
74,2466,22,0.7604770660400391,0.4974426329135895,0.021180400624871254,0.06888490915298462,730,268
74,2466,23,0.7863537669181824,0.4997355043888092,-0.06582043319940567,0.9999630451202393,754,269
74,2466,24,0.7702708840370178,0.4963303208351135,0.06576628983020782,0.9999175667762756,739,268
74,2466,25,0.7832085490226746,0.6246506571769714,-0.08915900439023972,0.989611804485321,751,337
74,2466,26,0.7592255473136902,0.6112871766090393,0.11411045491695404,0.8349825739860535,728,330
74,2466,27,0.8353369832038879,0.711673378944397,0.010252628475427628,0.9887773990631104,801,384
74,2466,28,0.7491830587387085,0.7351855039596558,0.16308854520320892,0.957581639289856,719,397
74,2466,29,0.849984884262085,0.7081863880157471,0.016727110370993614,0.9094023108482361,815,382
74,2466,30,0.7552911043167114,0.7629199624061584,0.16531819105148315,0.9221612215042114,725,411
74,2466,31,0.8337730169296265,0.7795372009277344,-0.026926420629024506,0.9860907793045044,800,420
74,2466,32,0.7122944593429565,0.7597078084945679,0.12721343338489532,0.9685359001159668,683,410
75,2500,0,0.7610609531402588,0.260708749294281,-0.10892729461193085,0.999351441860199,730,140
75,2500,1,0.7652904391288757,0.24881517887115479,-0.11970731616020203,0.9992285966873169,734,134
75,2500,2,0.7664180994033813,0.24845236539840698,-0.119880311191082,0.9993665218353271,735,134
75,2500,3,0.7672930359840393,0.24809980392456055,-0.11987898498773575,0.9994746446609497,736,133
75,2500,4,0.7644070386886597,0.24952414631843567,-0.10015150159597397,0.9989869594573975,733,134
75,2500,5,0.7648555040359497,0.2496034950017929,-0.10035073757171631,0.9990985989570618,734,134
75,2500,6,0.7650569081306458,0.24956345558166504,-0.10045460611581802,0.9991194009780884,734,134
75,2500,7,0.7761130928993225,0.25287407636642456,-0.13269756734371185,0.9997569918632507,745,136
75,2500,8,0.7724267244338989,0.25414571166038513,-0.03890276700258255,0.997953474521637,741,137
75,2500,9,0.7652665376663208,0.2711479067802429,-0.1087355762720108,0.9991316795349121,734,146
75,2500,10,0.7639041543006897,0.27261263132095337,-0.08411702513694763,0.9980888962745667,733,147
75,2500,11,0.7938585877418518,0.3194492757320404,-0.15823903679847717,0.9999820590019226,762,172
75,2500,12,0.7794636487960815,0.3184695243835449,0.0499853678047657,0.9991782307624817,748,171
75,2500,13,0.7949065566062927,0.41853266954421997,-0.18029142916202545,0.9928009510040283,763,226
75,2500,14,0.7812844514846802,0.4144376516342163,0.07562602311372757,0.0242801234126091,750,223
75,2500,15,0.7745495438575745,0.4999810755252838,-0.17806431651115417,0.9441075921058655,743,269
75,2500,16,0.7711774706840515,0.48542481660842896,0.03290186822414398,0.04612850025296211,740,262
75,2500,17,0.7717310190200806,0.5236647725105286,-0.19430463016033173,0.9118637442588806,740,282
75,2500,18,0.7684911489486694,0.5072029829025269,0.028419174253940582,0.05953434854745865,737,273
75,2500,19,0.7661203145980835,0.5234707593917847,-0.19357243180274963,0.9114740490913391,735,282
75,2500,20,0.7652454972267151,0.5056188106536865,0.012176165357232094,0.06232048571109772,734,273
75,2500,21,0.7669079303741455,0.5145218372344971,-0.17619404196739197,0.8487700819969177,736,277
75,2500,22,0.7662718892097473,0.49973487854003906,0.023386579006910324,0.06300155073404312,735,269
75,2500,23,0.7855032086372375,0.5001154541969299,-0.06616239249706268,0.9999650716781616,754,270
75,2500,24,0.7716403603553772,0.49642616510391235,0.06610472500324249,0.9999227523803711,740,268
75,2500,25,0.7797740697860718,0.626194179058075,-0.08758964389562607,0.9899334907531738,748,338
75,2500,26,0.7595793008804321,0.6116150617599487,0.12498416006565094,0.8121450543403625,729,330
75,2500,27,0.8327945470809937,0.7083508372306824,0.004215650260448456,0.9883485436439514,799,382
75,2500,28,0.7488947510719299,0.7351374626159668,0.17026028037071228,0.9554862380027771,718,396
75,2500,29,0.84754478931427,0.7041616439819336,0.010123291984200478,0.9113270044326782,813,380
75,2500,30,0.7557970285415649,0.7628125548362732,0.17222124338150024,0.9205213785171509,725,411
75,2500,31,0.8305681943893433,0.7791833877563477,-0.031084422022104263,0.9855377078056335,797,420
75,2500,32,0.7121304273605347,0.7604492902755737,0.1376286894083023,0.9667565226554871,683,410
76,2533,0,0.7573009133338928,0.2593906819820404,-0.10868784785270691,0.999193012714386,727,140
76,2533,1,0.7610677480697632,0.2480257898569107,-0.11949243396520615,0.9990586042404175,730,133
76,2533,2,0.7617517113685608,0.24769605696201324,-0.11966373771429062,0.9992464184761047,731,133
76,2533,3,0.762511134147644,0.24678544700145721,-0.11966066807508469,0.9993677139282227,732,133
76,2533,4,0.7608920931816101,0.24843581020832062,-0.09990925341844559,0.9987291693687439,730,134
76,2533,5,0.7613789439201355,0.24836917221546173,-0.10011283308267593,0.9988974928855896,730,134
76,2533,6,0.7616277933120728,0.2482031136751175,-0.10022322833538055,0.9989217519760132,731,134
76,2533,7,0.7705889940261841,0.25125446915626526,-0.13101941347122192,0.9997331500053406,739,135
76,2533,8,0.7684605121612549,0.2522035241127014,-0.03790903463959694,0.9976140260696411,737,136
76,2533,9,0.7610031962394714,0.2694702744483948,-0.10844611376523972,0.9990252256393433,730,145
76,2533,10,0.7603932619094849,0.2703457474708557,-0.08403114974498749,0.9978155493736267,729,145
76,2533,11,0.7906273603439331,0.31934255361557007,-0.15919223427772522,0.9999812841415405,759,172
76,2533,12,0.7721326947212219,0.3174959123134613,0.05206838995218277,0.9991382956504822,741,171
76,2533,13,0.790599524974823,0.41989997029304504,-0.17970536649227142,0.9923862814903259,758,226
76,2533,14,0.7717825770378113,0.41434788703918457,0.07400643825531006,0.022261016070842743,740,223
76,2533,15,0.7703412175178528,0.49924394488334656,-0.17800429463386536,0.9380688667297363,739,269
76,2533,16,0.7626592516899109,0.483272910118103,0.016519006341695786,0.04237556457519531,732,260
76,2533,17,0.7687336802482605,0.5230352282524109,-0.19394247233867645,0.9036606550216675,737,282
76,2533,18,0.7574127316474915,0.5050732493400574,0.009723764844238758,0.05538906157016754,727,272
76,2533,19,0.7618439793586731,0.5240985751152039,-0.19341294467449188,0.9026029706001282,731,283
76,2533,20,0.7547580003738403,0.5028138756752014,-0.00726989796385169,0.0579984150826931,724,271
76,2533,21,0.7619713544845581,0.514376699924469,-0.17607411742210388,0.8352634906768799,731,277
76,2533,22,0.7573063969612122,0.4975762367248535,0.006410234607756138,0.05871158093214035,727,268
76,2533,23,0.774301290512085,0.5024900436401367,-0.06609614193439484,0.9999673962593079,743,271
76,2533,24,0.7588872313499451,0.49661171436309814,0.06604309380054474,0.9999280571937561,728,268
76,2533,25,0.7716357707977295,0.6274687051773071,-0.06016160920262337,0.9905968904495239,740,338
76,2533,26,0.7506594061851501,0.6142002940177917,0.12404759973287582,0.8214831948280334,720,331
76,2533,27,0.8166725635528564,0.7018533945083618,0.06346844136714935,0.988824188709259,784,379
76,2533,28,0.747028648853302,0.7340009212493896,0.18108071386814117,0.9584378004074097,717,396
76,2533,29,0.8289114236831665,0.699979841709137,0.07290003448724747,0.9154856204986572,795,377
76,2533,30,0.7551347613334656,0.7595306038856506,0.18429681658744812,0.9251971244812012,724,410
76,2533,31,0.8123989105224609,0.7668269872665405,0.027776800096035004,0.9859865307807922,779,414
76,2533,32,0.7116311192512512,0.7599872350692749,0.14169882237911224,0.9687187671661377,683,410
77,2566,0,0.7562938928604126,0.25789347290992737,-0.11983989924192429,0.999146580696106,726,139
77,2566,1,0.7606107592582703,0.24652385711669922,-0.13040074706077576,0.9990171790122986,730,133
77,2566,2,0.761642336845398,0.24574068188667297,-0.13060012459754944,0.999226987361908,731,132
77,2566,3,0.7623500227928162,0.24512431025505066,-0.13060717284679413,0.9993512034416199,731,132
77,2566,4,0.76004558801651,0.2467723935842514,-0.11054588109254837,0.9986372590065002,729,133
77,2566,5,0.7604623436927795,0.2466183453798294,-0.11074723303318024,0.9988217353820801,730,133
77,2566,6,0.7606106400489807,0.24637815356254578,-0.11086435616016388,0.9988320469856262,730,133
77,2566,7,0.7710573673248291,0.24917000532150269,-0.13996395468711853,0.9997363090515137,740,134
77,2566,8,0.7670267224311829,0.25061020255088806,-0.04818179830908775,0.9974579811096191,736,135
77,2566,9,0.7599976658821106,0.2678017020225525,-0.11866074055433273,0.9990156292915344,729,144
77,2566,10,0.7592151165008545,0.26881328225135803,-0.09372823685407639,0.9977491497993469,728,145
77,2566,11,0.7899122834205627,0.31831780076026917,-0.1646619290113449,0.9999819397926331,758,171
77,2566,12,0.7711932063102722,0.3173271417617798,0.04483984038233757,0.9991220831871033,740,171
77,2566,13,0.7897232174873352,0.4197920262813568,-0.1796444207429886,0.9925523996353149,758,226
77,2566,14,0.7690660953521729,0.4134868085384369,0.06792919337749481,0.020469052717089653,738,223
77,2566,15,0.7691053748130798,0.4987321197986603,-0.17767086625099182,0.9399388432502747,738,269
77,2566,16,0.7611461281776428,0.48259323835372925,0.01374379824846983,0.03894035890698433,730,260
77,2566,17,0.7677388787269592,0.522860586643219,-0.1939631998538971,0.906062662601471,737,282
77,2566,18,0.7574458718299866,0.5004657506942749,0.0071542877703905106,0.051500096917152405,727,270
77,2566,19,0.7615092396736145,0.5226690769195557,-0.19393160939216614,0.9047188758850098,731,282
77,2566,20,0.7543726563453674,0.49948588013648987,-0.00971122458577156,0.05392274260520935,724,269
77,2566,21,0.761715292930603,0.5133387446403503,-0.17576643824577332,0.8379988074302673,731,277
77,2566,22,0.7560083270072937,0.4965658187866211,0.003919750917702913,0.05465823411941528,725,268
77,2566,23,0.772129237651825,0.5048031210899353,-0.06590279191732407,0.9999698996543884,741,272
77,2566,24,0.7570750117301941,0.4976780116558075,0.06585265696048737,0.9999334812164307,726,268
77,2566,25,0.7677135467529297,0.6281895041465759,-0.062176041305065155,0.9911749362945557,737,339
77,2566,26,0.7481756806373596,0.6158220767974854,0.12725238502025604,0.827552080154419,718,332
77,2566,27,0.8140718936920166,0.6980403065681458,0.06857765465974808,0.9888536930084229,781,376
77,2566,28,0.7467842698097229,0.7337132096290588,0.1778564304113388,0.9606912732124329,716,396
77,2566,29,0.8287292122840881,0.6968056559562683,0.07951498031616211,0.9188429713249207,795,376
77,2566,30,0.7554091811180115,0.7593765258789062,0.1805022805929184,0.9291107058525085,725,410
77,2566,31,0.809364914894104,0.7620880007743835,0.04426891729235649,0.985901951789856,776,411
77,2566,32,0.711952805519104,0.7600035071372986,0.14205966889858246,0.970093309879303,683,410
78,2600,0,0.7497228980064392,0.25798460841178894,-0.10465196520090103,0.9990420937538147,719,139
78,2600,1,0.7533063292503357,0.2463449239730835,-0.11620225757360458,0.998896062374115,723,133
78,2600,2,0.7541438937187195,0.24566690623760223,-0.11640346795320511,0.9991554617881775,723,132
78,2600,3,0.7547139525413513,0.24511103332042694,-0.11641440540552139,0.9992888569831848,724,132
78,2600,4,0.7528370022773743,0.24680063128471375,-0.09671827405691147,0.9984428286552429,722,133
78,2600,5,0.7533008456230164,0.24672743678092957,-0.09691918641328812,0.9986774921417236,723,133
78,2600,6,0.7535088062286377,0.2465621381998062,-0.09702994674444199,0.9986705183982849,723,133
78,2600,7,0.763091504573822,0.24914833903312683,-0.13576585054397583,0.9997233748435974,732,134
78,2600,8,0.7605099081993103,0.25077664852142334,-0.04485950991511345,0.9972077012062073,730,135
78,2600,9,0.7535594701766968,0.2678973376750946,-0.10580039769411087,0.9989054203033447,723,144
78,2600,10,0.75245201587677,0.26900672912597656,-0.08125560730695724,0.9974656701087952,722,145
78,2600,11,0.7824984788894653,0.317838191986084,-0.15920224785804749,0.9999810457229614,751,171
78,2600,12,0.7647459506988525,0.3162614405155182,0.04753442108631134,0.999002993106842,734,170
78,2600,13,0.7872962951660156,0.41968458890914917,-0.17537683248519897,0.9923425912857056,755,226
78,2600,14,0.7660661935806274,0.41502732038497925,0.06797346472740173,0.018733995035290718,735,224
78,2600,15,0.7716498970985413,0.4979948401451111,-0.17497886717319489,0.9370559453964233,740,268
78,2600,16,0.7609149813652039,0.48232918977737427,0.016162831336259842,0.0354742631316185,730,260
78,2600,17,0.7713053226470947,0.522843062877655,-0.19121354818344116,0.9026665687561035,740,282
78,2600,18,0.759739100933075,0.5013280510902405,0.00799711886793375,0.04725199565291405,729,270
78,2600,19,0.7631097435951233,0.5220071077346802,-0.19196511805057526,0.9011430740356445,732,281
78,2600,20,0.7561058402061462,0.500194251537323,-0.005878625437617302,0.0494927354156971,725,270
78,2600,21,0.7633062601089478,0.51337069272995,-0.17374585568904877,0.8329294323921204,732,277
78,2600,22,0.7571378350257874,0.4962352514266968,0.005034754052758217,0.05023929849267006,726,267
78,2600,23,0.7674089074134827,0.5052953958511353,-0.06562142819166183,0.9999703168869019,736,272
78,2600,24,0.7537591457366943,0.49799656867980957,0.06556864827871323,0.9999339580535889,723,268
78,2600,25,0.7546179890632629,0.6292859315872192,-0.07259691506624222,0.9912624359130859,724,339
78,2600,26,0.7466915845870972,0.6188757419586182,0.11825945973396301,0.8045710921287537,716,334
78,2600,27,0.8042036294937134,0.6986779570579529,0.040659502148628235,0.9874102473258972,772,377
78,2600,28,0.7474483847618103,0.733572244644165,0.1643950343132019,0.9554151892662048,717,396
78,2600,29,0.8163055777549744,0.6955222487449646,0.04910245165228844,0.9188979268074036,783,375
78,2600,30,0.7556702494621277,0.7592613697052002,0.16662588715553284,0.9256783127784729,725,410
78,2600,31,0.7994760274887085,0.7596901059150696,0.015876809135079384,0.9844170808792114,767,410
78,2600,32,0.7122178673744202,0.7613096237182617,0.13559412956237793,0.9663870930671692,683,411
79,2633,0,0.7481905817985535,0.25807106494903564,-0.11404172331094742,0.9990424513816833,718,139
79,2633,1,0.7526414394378662,0.24641191959381104,-0.12530645728111267,0.9989075660705566,722,133
79,2633,2,0.7537410259246826,0.2457626610994339,-0.125503808259964,0.9991685152053833,723,132
79,2633,3,0.7545551061630249,0.24517998099327087,-0.12550699710845947,0.9992958307266235,724,132
79,2633,4,0.7517885565757751,0.24674126505851746,-0.10583490878343582,0.9984644651412964,721,133
79,2633,5,0.7521860003471375,0.24661113321781158,-0.10604473948478699,0.9987061023712158,722,133
79,2633,6,0.752328097820282,0.24637474119663239,-0.10616662353277206,0.998699426651001,722,133
79,2633,7,0.7635819315910339,0.24925751984119415,-0.13988706469535828,0.9997315406799316,733,134
79,2633,8,0.7594702839851379,0.2502956688404083,-0.050146155059337616,0.9973095059394836,729,135
79,2633,9,0.7530445456504822,0.26799270510673523,-0.11459893733263016,0.9989206790924072,722,144
79,2633,10,0.7515111565589905,0.2691363990306854,-0.09009560942649841,0.9975175857543945,721,145
79,2633,11,0.7848843932151794,0.31844019889831543,-0.16213449835777283,0.9999803304672241,753,171
79,2633,12,0.7632731199264526,0.31640228629112244,0.03480637073516846,0.9990121126174927,732,170
79,2633,13,0.786827802658081,0.4217052459716797,-0.17683091759681702,0.9914891719818115,755,227
79,2633,14,0.7628886699676514,0.41508054733276367,0.05224577337503433,0.01749466359615326,732,224
79,2633,15,0.7724450826644897,0.5035422444343567,-0.17447401583194733,0.9254837036132812,741,271
79,2633,16,0.7617195248603821,0.48228371143341064,0.001580212265253067,0.032699842005968094,731,260
79,2633,17,0.7716140151023865,0.5256407856941223,-0.1905127465724945,0.8886703252792358,740,283
79,2633,18,0.7617127299308777,0.5043172836303711,-0.005498447455465794,0.04404337331652641,731,272
79,2633,19,0.7640008926391602,0.5260485410690308,-0.19164219498634338,0.8868434429168701,733,284
79,2633,20,0.7582396864891052,0.5027304887771606,-0.019245801493525505,0.046155236661434174,727,271
79,2633,21,0.7645105719566345,0.5172826647758484,-0.17341862618923187,0.8139455914497375,733,279
79,2633,22,0.7590685486793518,0.49693620204925537,-0.007159155793488026,0.04690466821193695,728,268
79,2633,23,0.7667940855026245,0.5052693486213684,-0.06465404480695724,0.9999717473983765,736,272
79,2633,24,0.751345694065094,0.498008668422699,0.06460627168416977,0.9999377131462097,721,268
79,2633,25,0.7553719282150269,0.6293001770973206,-0.06964889168739319,0.9917371869087219,725,339
79,2633,26,0.7450037002563477,0.6196202039718628,0.12918847799301147,0.8090530037879944,715,334
79,2633,27,0.8040353655815125,0.6992365717887878,0.05411871150135994,0.9876500368118286,771,377
79,2633,28,0.7476741671562195,0.7334986925125122,0.1837949901819229,0.9574071168899536,717,396
79,2633,29,0.8159930109977722,0.6978014707565308,0.06418793648481369,0.9219678640365601,783,376
79,2633,30,0.7558702826499939,0.758540153503418,0.18700504302978516,0.9286103844642639,725,409
79,2633,31,0.7970075011253357,0.7612509727478027,0.025799959897994995,0.9847633242607117,765,411
79,2633,32,0.7123758792877197,0.7616669535636902,0.15026523172855377,0.9678505659103394,683,411
80,2666,0,0.7458868622779846,0.2577153742313385,-0.0999419167637825,0.9989335536956787,716,139
80,2666,1,0.7491874694824219,0.24591897428035736,-0.1088033989071846,0.9987741708755493,719,132
80,2666,2,0.7501711249351501,0.2452690154314041,-0.10898344218730927,0.9990760087966919,720,132
80,2666,3,0.7511827349662781,0.2446521669626236,-0.10898836702108383,0.9992073178291321,721,132
80,2666,4,0.7481166124343872,0.24661873281002045,-0.09100239723920822,0.9982926845550537,718,133
80,2666,5,0.7482227087020874,0.24668002128601074,-0.0912107601761818,0.9985671043395996,718,133
80,2666,6,0.7481183409690857,0.2464781552553177,-0.0913240909576416,0.9985511898994446,718,133
80,2666,7,0.7599014043807983,0.24838191270828247,-0.11552857607603073,0.999700129032135,729,134
80,2666,8,0.7542916536331177,0.2504105269908905,-0.03413897380232811,0.9970541596412659,724,135
80,2666,9,0.7499085664749146,0.2677103281021118,-0.09811707586050034,0.9987362027168274,719,144
80,2666,10,0.748062014579773,0.2690277695655823,-0.07582829892635345,0.9971297979354858,718,145
80,2666,11,0.7786920666694641,0.31693413853645325,-0.1386469304561615,0.9999788999557495,747,171
80,2666,12,0.7576501369476318,0.31596115231513977,0.042423926293849945,0.9989086985588074,727,170
80,2666,13,0.7823616862297058,0.4186650514602661,-0.1682693511247635,0.9903624057769775,751,226
80,2666,14,0.7538970708847046,0.4151128828525543,0.060509972274303436,0.016057755798101425,723,224
80,2666,15,0.773192822933197,0.5023239850997925,-0.17739303410053253,0.9158324003219604,742,271
80,2666,16,0.7477396130561829,0.4822406768798828,0.00763578899204731,0.02991258166730404,717,260
80,2666,17,0.7740689516067505,0.5256226062774658,-0.1936226189136505,0.8787235021591187,743,283
80,2666,18,0.7497738003730774,0.5043855905532837,0.0006556797889061272,0.04065939784049988,719,272
80,2666,19,0.7659887075424194,0.5253082513809204,-0.1959768682718277,0.8769887685775757,735,283
80,2666,20,0.7442150115966797,0.5027212500572205,-0.01571263186633587,0.04262131080031395,714,271
80,2666,21,0.7650901079177856,0.5169884562492371,-0.17719613015651703,0.8013903498649597,734,279
80,2666,22,0.7457268834114075,0.496854305267334,-0.0018961102468892932,0.04337897151708603,715,268
80,2666,23,0.757242739200592,0.5051994323730469,-0.06354031711816788,0.999971866607666,726,272
80,2666,24,0.7441310286521912,0.49839460849761963,0.06349322199821472,0.9999382495880127,714,269
80,2666,25,0.7440921068191528,0.6264418363571167,-0.06686914712190628,0.9916658997535706,714,338
80,2666,26,0.7418986558914185,0.619563102722168,0.11282911896705627,0.7965426445007324,712,334
80,2666,27,0.7846699357032776,0.700937807559967,0.05166786536574364,0.9873093366622925,753,378
80,2666,28,0.7477880120277405,0.7314077019691467,0.1390632838010788,0.9551794528961182,717,394
80,2666,29,0.7978211045265198,0.7005752921104431,0.060340363532304764,0.9234972596168518,765,378
80,2666,30,0.7555652856826782,0.7574602365493774,0.1395239531993866,0.9266571402549744,725,409
80,2666,31,0.7769743204116821,0.7619127631187439,0.005249888636171818,0.9844481348991394,745,411
80,2666,32,0.7120986580848694,0.7614651322364807,0.11172492057085037,0.9661784768104553,683,411
81,2700,0,0.7449479699134827,0.257772296667099,-0.10156532377004623,0.9988329410552979,715,139
81,2700,1,0.7482424974441528,0.24579936265945435,-0.10955575853586197,0.9986671209335327,718,132
81,2700,2,0.7491704821586609,0.24514129757881165,-0.10970394313335419,0.9990161061286926,719,132
81,2700,3,0.7499404549598694,0.24449321627616882,-0.10968390107154846,0.9991525411605835,719,132
81,2700,4,0.7473244071006775,0.24655498564243317,-0.09145177155733109,0.9981054663658142,717,133
81,2700,5,0.7474038004875183,0.24669158458709717,-0.09165844321250916,0.9984188079833984,717,133
81,2700,6,0.7472884058952332,0.24652712047100067,-0.09176352620124817,0.9983716607093811,717,133
81,2700,7,0.7589294910430908,0.24758873879909515,-0.12003931403160095,0.9996927380561829,728,133
81,2700,8,0.7529839277267456,0.2502343952655792,-0.036462947726249695,0.9967876076698303,722,135
81,2700,9,0.7491225004196167,0.267567902803421,-0.09870804101228714,0.9986841678619385,719,144
81,2700,10,0.7475624680519104,0.268960565328598,-0.0762212723493576,0.9969618320465088,717,145
81,2700,11,0.7793205380439758,0.3151400089263916,-0.14302204549312592,0.9999794960021973,748,170
81,2700,12,0.757093071937561,0.31604254245758057,0.04487523064017296,0.9988804459571838,726,170
81,2700,13,0.7812405824661255,0.4171398878097534,-0.17694514989852905,0.9904400110244751,749,225
81,2700,14,0.750000536441803,0.41572973132133484,0.0640566498041153,0.014835172332823277,720,224
81,2700,15,0.7734079957008362,0.5015395283699036,-0.19558082520961761,0.9185423851013184,742,270
81,2700,16,0.7436700463294983,0.4831196963787079,0.009926307015120983,0.02766675502061844,713,260
81,2700,17,0.7742668986320496,0.526175320148468,-0.21534042060375214,0.8824430704116821,743,284
81,2700,18,0.7465715408325195,0.5061021447181702,0.0027774495538324118,0.03818511962890625,716,273
81,2700,19,0.7660508751869202,0.5257289409637451,-0.21791484951972961,0.8806360960006714,735,283
81,2700,20,0.742426335811615,0.5039940476417542,-0.013310447335243225,0.0400424487888813,712,272
81,2700,21,0.7656301259994507,0.517790675163269,-0.19577781856060028,0.8066206574440002,735,279
81,2700,22,0.7435489892959595,0.4967583119869232,0.00040242893737740815,0.040851570665836334,713,268
81,2700,23,0.755569577217102,0.5051143765449524,-0.06372303515672684,0.9999732375144958,725,272
81,2700,24,0.7419602274894714,0.4985598623752594,0.06366940587759018,0.9999409914016724,712,269
81,2700,25,0.7432107925415039,0.6253449320793152,-0.05695893615484238,0.9917937517166138,713,337
81,2700,26,0.7403435111045837,0.6189731359481812,0.13130177557468414,0.7923702597618103,710,334
81,2700,27,0.7855093479156494,0.7012097835540771,0.06375739723443985,0.9866560101509094,754,378
81,2700,28,0.7457422018051147,0.7303807139396667,0.16895852982997894,0.9551053047180176,715,394
81,2700,29,0.7970572710037231,0.7017083168029785,0.07364518940448761,0.9239047765731812,765,378
81,2700,30,0.7535186409950256,0.7535308003425598,0.17050905525684357,0.9276018738746643,723,406
81,2700,31,0.7779437899589539,0.7622072100639343,0.043896570801734924,0.9835380911827087,746,411
81,2700,32,0.7107709050178528,0.7614267468452454,0.14309154450893402,0.9657706022262573,682,411
82,2733,0,0.7389498353004456,0.25732994079589844,-0.09650830924510956,0.9987093806266785,709,138
82,2733,1,0.742775022983551,0.24492642283439636,-0.10414465516805649,0.9985025525093079,713,132
82,2733,2,0.7441067099571228,0.24425412714481354,-0.10430426895618439,0.9988729357719421,714,131
82,2733,3,0.7452835440635681,0.2435879409313202,-0.10428611934185028,0.9990151524543762,715,131
82,2733,4,0.7407053709030151,0.24622981250286102,-0.08611719310283661,0.9979644417762756,711,132
82,2733,5,0.7405113577842712,0.2464873194694519,-0.08632635325193405,0.998313307762146,710,133
82,2733,6,0.7400771975517273,0.24648140370845795,-0.08644260466098785,0.9982895851135254,710,133
82,2733,7,0.7542651891708374,0.2466675043106079,-0.10886883735656738,0.9996144771575928,724,133
82,2733,8,0.7454560995101929,0.2502826750278473,-0.026237068697810173,0.9966420531272888,715,135
82,2733,9,0.7436128854751587,0.26707518100738525,-0.09358123689889908,0.9984230995178223,713,144
82,2733,10,0.741301417350769,0.26861751079559326,-0.07107327878475189,0.996576189994812,711,145
82,2733,11,0.7732062935829163,0.3148829936981201,-0.1326058804988861,0.9999759793281555,742,170
82,2733,12,0.7503854632377625,0.31559035181999207,0.05244319513440132,0.9988637566566467,720,170
82,2733,13,0.7743823528289795,0.41714295744895935,-0.16949914395809174,0.9850995540618896,743,225
82,2733,14,0.7430161237716675,0.4153391718864441,0.06592653691768646,0.014005668461322784,713,224
82,2733,15,0.7654535174369812,0.5017697215080261,-0.19037775695323944,0.8988603949546814,734,270
82,2733,16,0.7287849187850952,0.4791087508201599,0.011344769969582558,0.02717733569443226,699,258
82,2733,17,0.7667470574378967,0.5281049609184265,-0.21100810170173645,0.8639696836471558,736,285
82,2733,18,0.7282049059867859,0.501082718372345,0.005876888521015644,0.03855573758482933,699,270
82,2733,19,0.7602301239967346,0.5266051888465881,-0.21164502203464508,0.8625863790512085,729,284
82,2733,20,0.7264584302902222,0.4986949861049652,-0.00894906185567379,0.040465615689754486,697,269
82,2733,21,0.75978022813797,0.5177608132362366,-0.18981915712356567,0.7847159504890442,729,279
82,2733,22,0.728210985660553,0.49349308013916016,0.0026371655985713005,0.04105861112475395,699,266
82,2733,23,0.7581698894500732,0.5041717290878296,-0.06359785795211792,0.999972403049469,727,272
82,2733,24,0.7431238889694214,0.49853792786598206,0.06354443728923798,0.9999417066574097,713,269
82,2733,25,0.7327088117599487,0.6173293590545654,-0.07758793979883194,0.9881826043128967,703,333
82,2733,26,0.7313554286956787,0.6099693775177002,0.08211217820644379,0.7556336522102356,702,329
82,2733,27,0.7680188417434692,0.7015308737754822,0.011413061991333961,0.9822417497634888,737,378
82,2733,28,0.7465144991874695,0.7230362296104431,0.11060117930173874,0.9368801712989807,716,390
82,2733,29,0.7815194725990295,0.7050057053565979,0.01846526749432087,0.9174581170082092,750,380
82,2733,30,0.7549545168876648,0.7421295046806335,0.11163685470819473,0.9111824631690979,724,400
82,2733,31,0.7522822618484497,0.7622014880180359,-0.011670604348182678,0.9795799851417542,722,411
82,2733,32,0.7152913212776184,0.7613449096679688,0.08291781693696976,0.9532434940338135,686,411
83,2766,0,0.7378252744674683,0.2572876811027527,-0.1022886112332344,0.9987740516662598,708,138
83,2766,1,0.7424576878547668,0.24479366838932037,-0.10687194764614105,0.9985653758049011,712,132
83,2766,2,0.7438843250274658,0.24418464303016663,-0.10701040923595428,0.9989123344421387,714,131
83,2766,3,0.745811402797699,0.24340687692165375,-0.10699044913053513,0.9990496635437012,715,131
83,2766,4,0.7402932643890381,0.24592658877372742,-0.08959297090768814,0.9980776906013489,710,132
83,2766,5,0.7400872707366943,0.24610838294029236,-0.08981107175350189,0.9984067678451538,710,132
83,2766,6,0.7396619319915771,0.24608214199543,-0.08993002772331238,0.9983943104743958,710,132
83,2766,7,0.7539469599723816,0.24662277102470398,-0.11309386789798737,0.999620258808136,723,133
83,2766,8,0.7444185614585876,0.2498524934053421,-0.028516313061118126,0.9968400001525879,714,134
83,2766,9,0.7428922057151794,0.26701995730400085,-0.0970756933093071,0.9984924793243408,713,144
83,2766,10,0.7403699159622192,0.2685088813304901,-0.07530205696821213,0.9967675805091858,710,144
83,2766,11,0.7749709486961365,0.31491607427597046,-0.1369013637304306,0.9999754428863525,743,170
83,2766,12,0.7488758563995361,0.31591296195983887,0.05278008058667183,0.9989412426948547,718,170
83,2766,13,0.7735690474510193,0.41825583577156067,-0.16709299385547638,0.9811405539512634,742,225
83,2766,14,0.7388724088668823,0.414815217256546,0.06618248671293259,0.014059693552553654,709,224
83,2766,15,0.7656775712966919,0.504280149936676,-0.1845574527978897,0.8801097869873047,735,272
83,2766,16,0.7251518964767456,0.4771701991558075,0.01010941807180643,0.030402150005102158,696,257
83,2766,17,0.765653669834137,0.528119683265686,-0.20275187492370605,0.8450927734375,735,285
83,2766,18,0.7225291728973389,0.49874600768089294,0.003542714985087514,0.04480055719614029,693,269
83,2766,19,0.7596004605293274,0.527033805847168,-0.20741543173789978,0.8445574045181274,729,284
83,2766,20,0.7229339480400085,0.49717581272125244,-0.013171030208468437,0.04723586514592171,694,268
83,2766,21,0.7594018578529358,0.5198317766189575,-0.185604989528656,0.7635570764541626,729,280
83,2766,22,0.7238730788230896,0.4918398857116699,0.0005704734358005226,0.04721774160861969,694,265
83,2766,23,0.7592661380767822,0.5032233595848083,-0.06403792649507523,0.9999725818634033,728,271
83,2766,24,0.7416236400604248,0.4980408251285553,0.06397707760334015,0.9999443292617798,711,268
83,2766,25,0.7298297882080078,0.6129316091537476,-0.09169839322566986,0.9862172603607178,700,330
83,2766,26,0.7329439520835876,0.6064502000808716,0.0790841355919838,0.7341021299362183,703,327
83,2766,27,0.7668461203575134,0.7019724249839783,0.0036566327325999737,0.9781368374824524,736,379
83,2766,28,0.7467346787452698,0.7231138944625854,0.11825484782457352,0.9269197583198547,716,390
83,2766,29,0.7795402407646179,0.7058015465736389,0.011203340254724026,0.9103514552116394,748,381
83,2766,30,0.7550737261772156,0.7443185448646545,0.12019317597150803,0.9010127782821655,724,401
83,2766,31,0.7536834478378296,0.7625114917755127,-0.020128844305872917,0.9764675498008728,723,411
83,2766,32,0.715878427028656,0.7612552642822266,0.09007826447486877,0.9471433162689209,687,411
84,2800,0,0.7326364517211914,0.25745102763175964,-0.12059028446674347,0.9988230466842651,703,139
84,2800,1,0.736379861831665,0.245021253824234,-0.12588641047477722,0.9986270070075989,706,132
84,2800,2,0.7379662990570068,0.24432796239852905,-0.12605853378772736,0.998953104019165,708,131
84,2800,3,0.739432692527771,0.24353128671646118,-0.1260472536087036,0.9990912675857544,709,131
84,2800,4,0.7340812683105469,0.24633662402629852,-0.10714089125394821,0.9981614947319031,704,133
84,2800,5,0.7338019609451294,0.24651923775672913,-0.10733648389577866,0.9984617829322815,704,133
84,2800,6,0.7332687377929688,0.24650850892066956,-0.1074371188879013,0.998449981212616,703,133
84,2800,7,0.747578501701355,0.24667395651340485,-0.12079278379678726,0.9996288418769836,717,133
84,2800,8,0.7377590537071228,0.2501598000526428,-0.034208994358778,0.9968789219856262,708,135
84,2800,9,0.7374293804168701,0.267055481672287,-0.11439772695302963,0.9985315203666687,707,144
84,2800,10,0.7349763512611389,0.26853030920028687,-0.09091326594352722,0.9968309998512268,705,145
84,2800,11,0.7687174081802368,0.3149433135986328,-0.14197668433189392,0.9999749064445496,737,170
84,2800,12,0.742131233215332,0.31597205996513367,0.052806299179792404,0.9989269375801086,712,170
84,2800,13,0.7723627090454102,0.4193260371685028,-0.17721407115459442,0.9782760143280029,741,226
84,2800,14,0.7350794076919556,0.4134739935398102,0.06641668826341629,0.01308690570294857,705,223
84,2800,15,0.7668669819831848,0.5068250894546509,-0.19992032647132874,0.8692407608032227,736,273
84,2800,16,0.7195062041282654,0.473042756319046,-0.002231318736448884,0.02857578732073307,690,255
84,2800,17,0.7669139504432678,0.5317942500114441,-0.21973572671413422,0.8340149521827698,736,287
84,2800,18,0.7190752625465393,0.49308639764785767,-0.010731465183198452,0.042932506650686264,690,266
84,2800,19,0.7607911825180054,0.5304670333862305,-0.2254517376422882,0.835082471370697,730,286
84,2800,20,0.7161831259727478,0.49131807684898376,-0.029219502583146095,0.04539637640118599,687,265
84,2800,21,0.7605594992637634,0.5223387479782104,-0.20150867104530334,0.7526570558547974,730,282
84,2800,22,0.7185848951339722,0.48660680651664734,-0.013023627921938896,0.045410748571157455,689,262
84,2800,23,0.7541913390159607,0.5030774474143982,-0.06686588376760483,0.999966561794281,724,271
84,2800,24,0.7401544451713562,0.4980175495147705,0.06678871810436249,0.9999333620071411,710,268
84,2800,25,0.7226158380508423,0.6110984683036804,-0.08929194509983063,0.9744640588760376,693,329
84,2800,26,0.7310501337051392,0.6020716428756714,0.08301155269145966,0.6805594563484192,701,325
84,2800,27,0.7503995299339294,0.7053560018539429,0.009774417616426945,0.963504433631897,720,380
84,2800,28,0.7469043731689453,0.7141647338867188,0.1309792697429657,0.8891180157661438,717,385
84,2800,29,0.7604977488517761,0.7241237759590149,0.017745234072208405,0.8888463377952576,730,391
84,2800,30,0.7553243041038513,0.7384373545646667,0.1339866816997528,0.8713998198509216,725,398
84,2800,31,0.7232997417449951,0.7617028951644897,-0.016638081520795822,0.9637189507484436,694,411
84,2800,32,0.7175846695899963,0.7574144005775452,0.10645521432161331,0.9199485778808594,688,409
85,2833,0,0.7320542931556702,0.25746864080429077,-0.12200498580932617,0.998879075050354,702,139
85,2833,1,0.7359511852264404,0.24505183100700378,-0.12766961753368378,0.9986791014671326,706,132
85,2833,2,0.7376222610473633,0.24433249235153198,-0.12783633172512054,0.9989795088768005,708,131
85,2833,3,0.738795280456543,0.24356870353221893,-0.12781649827957153,0.999108612537384,709,131
85,2833,4,0.7340396046638489,0.24634741246700287,-0.1091335117816925,0.9982685446739197,704,133
85,2833,5,0.7338082194328308,0.24652090668678284,-0.10933463275432587,0.9985525608062744,704,133
85,2833,6,0.7333309054374695,0.24650299549102783,-0.10944028198719025,0.9985502362251282,703,133
85,2833,7,0.746071457862854,0.24675114452838898,-0.12263493984937668,0.9996262788772583,716,133
85,2833,8,0.7379000186920166,0.25012534856796265,-0.0374222956597805,0.9970858693122864,708,135
85,2833,9,0.7368357181549072,0.26707589626312256,-0.11668116599321365,0.9985845685005188,707,144
85,2833,10,0.7340815663337708,0.2685496211051941,-0.09340965747833252,0.9970076680183411,704,145
85,2833,11,0.7673351168632507,0.3149680495262146,-0.14235199987888336,0.9999723434448242,736,170
85,2833,12,0.7418469786643982,0.31671077013015747,0.04981134831905365,0.9990050196647644,712,171
85,2833,13,0.7697235345840454,0.42045533657073975,-0.18606925010681152,0.9684128761291504,738,227
85,2833,14,0.7330924272537231,0.4133355915546417,0.06715721637010574,0.013934888876974583,703,223
85,2833,15,0.7640575170516968,0.5075875520706177,-0.2162901908159256,0.8381556272506714,733,274
85,2833,16,0.7162050604820251,0.47330865263938904,0.0022613010369241238,0.04494166746735573,687,255
85,2833,17,0.7655518054962158,0.5336366891860962,-0.23685693740844727,0.8058303594589233,734,288
85,2833,18,0.7115396857261658,0.4935002028942108,-0.0057320487685501575,0.0681946724653244,683,266
85,2833,19,0.7597897052764893,0.5324895977973938,-0.2419944703578949,0.8082141876220703,729,287
85,2833,20,0.7107277512550354,0.4943866729736328,-0.024281909689307213,0.07229060679674149,682,266
85,2833,21,0.7596707940101624,0.5234644412994385,-0.21794231235980988,0.7238603234291077,729,282
85,2833,22,0.7132227420806885,0.4869644045829773,-0.008249349892139435,0.06910420209169388,684,262
85,2833,23,0.7530538439750671,0.5030853748321533,-0.06752251833677292,0.999961793422699,722,271
85,2833,24,0.7415132522583008,0.49810823798179626,0.0674385204911232,0.9999314546585083,711,268
85,2833,25,0.7205361723899841,0.6109201908111572,-0.0814153403043747,0.9683908224105835,691,329
85,2833,26,0.7320254445075989,0.6019231081008911,0.1016305685043335,0.6421043276786804,702,325
85,2833,27,0.7490967512130737,0.707641065120697,0.02004653587937355,0.9556304812431335,719,382
85,2833,28,0.7469844818115234,0.7099317908287048,0.16120554506778717,0.864120364189148,717,383
85,2833,29,0.7595404386520386,0.7284500598907471,0.02806900627911091,0.8767695426940918,729,393
85,2833,30,0.755888044834137,0.7336710691452026,0.1651027500629425,0.8501619696617126,725,396
85,2833,31,0.7228414416313171,0.7604442834854126,-0.0056698997505009174,0.9570614695549011,693,410
85,2833,32,0.7191545963287354,0.7516149282455444,0.13794316351413727,0.9031080007553101,690,405
86,2866,0,0.7257170081138611,0.2579432725906372,-0.11988672614097595,0.9989606738090515,696,139
86,2866,1,0.7294935584068298,0.2457467019557953,-0.1259823590517044,0.9987670183181763,700,132
86,2866,2,0.7312312722206116,0.24477200210094452,-0.12614813446998596,0.9990441203117371,701,132
86,2866,3,0.7327426075935364,0.2439846247434616,-0.12613067030906677,0.9991656541824341,703,131
86,2866,4,0.726745069026947,0.24729357659816742,-0.10745469480752945,0.998394250869751,697,133
86,2866,5,0.7263213992118835,0.24758176505565643,-0.10765361785888672,0.9986542463302612,697,133
86,2866,6,0.7256795763969421,0.24769383668899536,-0.1077563613653183,0.998654305934906,696,133
86,2866,7,0.7404646277427673,0.24693937599658966,-0.12028741836547852,0.9996442198753357,710,133
86,2866,8,0.729644238948822,0.25130191445350647,-0.03627077490091324,0.9972723126411438,700,135
86,2866,9,0.7307487726211548,0.2673598825931549,-0.11481312662363052,0.9986646175384521,701,144
86,2866,10,0.7275810241699219,0.2688451409339905,-0.09147275984287262,0.9971893429756165,698,145
86,2866,11,0.7621641159057617,0.3146264851093292,-0.13897910714149475,0.9999732971191406,731,169
86,2866,12,0.7342811822891235,0.3167338967323303,0.0540577732026577,0.9990522861480713,704,171
86,2866,13,0.768360435962677,0.41820043325424194,-0.17368192970752716,0.9700322151184082,737,225
86,2866,14,0.7280272245407104,0.4131202697753906,0.07573027908802032,0.013901886530220509,698,223
86,2866,15,0.7644398808479309,0.5064846277236938,-0.21010738611221313,0.8449770212173462,733,273
86,2866,16,0.7063151001930237,0.4720820188522339,0.009108681231737137,0.048001695424318314,678,254
86,2866,17,0.7653741240501404,0.5317509770393372,-0.22982025146484375,0.8117250204086304,734,287
86,2866,18,0.702747106552124,0.49081939458847046,0.00044320008601062,0.07363351434469223,674,265
86,2866,19,0.759783148765564,0.5308548808097839,-0.23263025283813477,0.8144721984863281,729,286
86,2866,20,0.699154794216156,0.4904656410217285,-0.021029505878686905,0.07822959125041962,671,264
86,2866,21,0.7592794299125671,0.5219669938087463,-0.2153407484292984,0.7330254316329956,728,281
86,2866,22,0.7028570175170898,0.4831714332103729,-0.002585172187536955,0.07456829398870468,674,260
86,2866,23,0.743815541267395,0.5013855695724487,-0.0673433393239975,0.9999603629112244,714,270
86,2866,24,0.7334929704666138,0.4980071485042572,0.06726375222206116,0.9999284744262695,704,268
86,2866,25,0.7132908701896667,0.608608067035675,-0.08011236786842346,0.968643307685852,684,328
86,2866,26,0.734049379825592,0.6025823354721069,0.10021740943193436,0.615045964717865,704,325
86,2866,27,0.7365134358406067,0.7226016521453857,-0.0045883446000516415,0.9570956826210022,707,390
86,2866,28,0.7468085885047913,0.7186809182167053,0.14241072535514832,0.8538199663162231,716,388
86,2866,29,0.745693027973175,0.7458558082580566,-0.0011912708869203925,0.8805144429206848,715,402
86,2866,30,0.754311740398407,0.740808367729187,0.14350633323192596,0.8401525020599365,724,400
86,2866,31,0.7056630849838257,0.7646195292472839,-0.0512930192053318,0.9584851264953613,677,412
86,2866,32,0.7188625335693359,0.752169668674469,0.1051807776093483,0.8973227143287659,690,406
87,2900,0,0.7255748510360718,0.2578088939189911,-0.11854435503482819,0.9990146160125732,696,139
87,2900,1,0.7298697233200073,0.24552860856056213,-0.12218449264764786,0.9988178610801697,700,132
87,2900,2,0.7322127819061279,0.2446001172065735,-0.12233366072177887,0.9990751147270203,702,132
87,2900,3,0.7342434525489807,0.24388054013252258,-0.12231039255857468,0.9991936087608337,704,131
87,2900,4,0.726355791091919,0.24714124202728271,-0.10475078970193863,0.9984866380691528,697,133
87,2900,5,0.7257370352745056,0.24744118750095367,-0.10495457798242569,0.9987289905548096,696,133
87,2900,6,0.7249671816825867,0.2475643903017044,-0.10505776852369308,0.9987357258796692,695,133
87,2900,7,0.7417533993721008,0.24696362018585205,-0.11391719430685043,0.9996470212936401,712,133
87,2900,8,0.7283581495285034,0.2511363625526428,-0.032931722700595856,0.9974207878112793,699,135
87,2900,9,0.7310183048248291,0.267180472612381,-0.11138210445642471,0.9987128973007202,701,144
87,2900,10,0.7266970872879028,0.2688305675983429,-0.08955952525138855,0.997326672077179,697,145
87,2900,11,0.7627290487289429,0.3145948350429535,-0.1313137412071228,0.9999732971191406,732,169
87,2900,12,0.7332452535629272,0.3168322741985321,0.05460478365421295,0.99910569190979,703,171
87,2900,13,0.7661860585212708,0.4178794324398041,-0.1572486311197281,0.9694168567657471,735,225
87,2900,14,0.7275840044021606,0.41288673877716064,0.07643765956163406,0.01387737225741148,698,222
87,2900,15,0.7629185318946838,0.5061383247375488,-0.17840884625911713,0.8419708609580994,732,273
87,2900,16,0.7063860297203064,0.4708346128463745,0.009251907467842102,0.05219988152384758,678,254
87,2900,17,0.7637245059013367,0.5312198996543884,-0.19563071429729462,0.8070631623268127,733,286
87,2900,18,0.7008890509605408,0.4902018904685974,0.0012535849818959832,0.0808858647942543,672,264
87,2900,19,0.7578415274620056,0.530320405960083,-0.20320209860801697,0.8107133507728577,727,286
87,2900,20,0.7004291415214539,0.49008867144584656,-0.018897879868745804,0.08608507364988327,672,264
87,2900,21,0.7571614384651184,0.5217987895011902,-0.18169453740119934,0.7300325036048889,726,281
87,2900,22,0.7028334736824036,0.4828811585903168,-0.002248503966256976,0.08135633915662766,674,260
87,2900,23,0.7440056204795837,0.49950113892555237,-0.0660545602440834,0.9999565482139587,714,269
87,2900,24,0.7310901880264282,0.49740996956825256,0.06598854809999466,0.9999236464500427,701,268
87,2900,25,0.7121291756629944,0.6079320907592773,-0.07676076143980026,0.963123619556427,683,328
87,2900,26,0.7331991195678711,0.6031022071838379,0.08895286917686462,0.5739458203315735,703,325
87,2900,27,0.7349421977996826,0.7277079820632935,-0.008409393019974232,0.9519679546356201,705,392
87,2900,28,0.7465108633041382,0.7238202095031738,0.12016279250383377,0.820543110370636,716,390
87,2900,29,0.7454112768173218,0.7493572235107422,-0.005410320591181517,0.8728120923042297,715,404
87,2900,30,0.7532733678817749,0.7453066110610962,0.12053820490837097,0.8105267882347107,723,402
87,2900,31,0.7068328857421875,0.7678602933883667,-0.05411757156252861,0.9543806314468384,678,414
87,2900,32,0.7186445593833923,0.7528881430625916,0.08210043609142303,0.8752069473266602,689,406
88,2933,0,0.7212621569633484,0.25913792848587036,-0.10505373775959015,0.9990732669830322,692,139
88,2933,1,0.7245526909828186,0.24620065093040466,-0.11010713875293732,0.9988656044006348,695,132
88,2933,2,0.7260618805885315,0.2454216629266739,-0.11023347824811935,0.9991050362586975,697,132
88,2933,3,0.7274367809295654,0.24476809799671173,-0.11019612103700638,0.9992143511772156,698,132
88,2933,4,0.7221253514289856,0.247694194316864,-0.09345947206020355,0.9985858798027039,693,133
88,2933,5,0.7218197584152222,0.24790970981121063,-0.09366100281476974,0.9988147616386414,692,133
88,2933,6,0.7212942242622375,0.24799321591854095,-0.09375692158937454,0.9988269805908203,692,133
88,2933,7,0.7355664372444153,0.24722003936767578,-0.10566899925470352,0.9996466040611267,706,133
88,2933,8,0.7255892157554626,0.2513044774532318,-0.02795303799211979,0.9976206421852112,696,135
88,2933,9,0.7257372736930847,0.2679997384548187,-0.09927629679441452,0.9987809062004089,696,144
88,2933,10,0.7227029800415039,0.2695140838623047,-0.07847980409860611,0.9975186586380005,693,145
88,2933,11,0.7587042450904846,0.3143973648548126,-0.12339286506175995,0.9999733567237854,728,169
88,2933,12,0.7282543778419495,0.3168507516384125,0.05484435334801674,0.9991793036460876,699,171
88,2933,13,0.7649189829826355,0.411903440952301,-0.16145221889019012,0.9702512621879578,734,222
88,2933,14,0.7151259779930115,0.4126916229724884,0.08324918895959854,0.02075614407658577,686,222
88,2933,15,0.762191653251648,0.4972262382507324,-0.1996062695980072,0.8494875431060791,731,268
88,2933,16,0.6867043972015381,0.4711647629737854,0.03065711446106434,0.10610248148441315,659,254
88,2933,17,0.7639845609664917,0.5215929746627808,-0.2189488410949707,0.815521776676178,733,281
88,2933,18,0.6789599657058716,0.4917910099029541,0.023982150480151176,0.13779747486114502,651,265
88,2933,19,0.7580260634422302,0.5219621062278748,-0.22762298583984375,0.8195284605026245,727,281
88,2933,20,0.6775974035263062,0.4918747544288635,0.002424665493890643,0.14483141899108887,650,265
88,2933,21,0.7568157315254211,0.5138960480690002,-0.20324371755123138,0.7428190112113953,726,277
88,2933,22,0.6817808151245117,0.48563915491104126,0.019295165315270424,0.13642728328704834,654,262
88,2933,23,0.738608717918396,0.4964388310909271,-0.06381706893444061,0.9999533891677856,709,268
88,2933,24,0.7279163599014282,0.4952986538410187,0.06374829262495041,0.9999226927757263,698,267
88,2933,25,0.706477701663971,0.6063316464424133,-0.073481485247612,0.963017463684082,678,327
88,2933,26,0.7327165007591248,0.6032817959785461,0.0695425271987915,0.56337571144104,703,325
88,2933,27,0.7135863900184631,0.7317333817481995,-0.010375860147178173,0.9538211226463318,685,395
88,2933,28,0.7465000152587891,0.7341212630271912,0.09468437731266022,0.8165013194084167,716,396
88,2933,29,0.7227529287338257,0.7507846355438232,-0.007915733382105827,0.8772106766700745,693,405
88,2933,30,0.7531013488769531,0.7568244934082031,0.09456883370876312,0.8058668971061707,722,408
88,2933,31,0.6834192276000977,0.771720826625824,-0.05789737403392792,0.9563405513763428,656,416
88,2933,32,0.7185000777244568,0.7556166648864746,0.05491272360086441,0.8749225735664368,689,408
89,2966,0,0.7204859256744385,0.25912314653396606,-0.10609439760446548,0.9991468787193298,691,139
89,2966,1,0.7240170240402222,0.2462039291858673,-0.1113257184624672,0.9989469647407532,695,132
89,2966,2,0.7259090542793274,0.24542586505413055,-0.11145924776792526,0.9991660118103027,696,132
89,2966,3,0.7275516986846924,0.24477508664131165,-0.11142459511756897,0.9992655515670776,698,132
89,2966,4,0.7214282751083374,0.24767054617404938,-0.09458541870117188,0.9987043142318726,692,133
89,2966,5,0.7210435271263123,0.24786162376403809,-0.0947866141796112,0.9989149570465088,692,133
89,2966,6,0.7204627394676208,0.24792268872261047,-0.09488522261381149,0.9989283084869385,691,133
89,2966,7,0.73521488904953,0.24725240468978882,-0.10442474484443665,0.9996647834777832,705,133
89,2966,8,0.724284827709198,0.2512645721435547,-0.02877551130950451,0.9978309273719788,695,135
89,2966,9,0.7255108952522278,0.26800084114074707,-0.10043279826641083,0.9988699555397034,696,144
89,2966,10,0.7219136357307434,0.26951131224632263,-0.07927720248699188,0.9977250695228577,693,145
89,2966,11,0.7581573724746704,0.3144204616546631,-0.11937927454710007,0.999973475933075,727,169
89,2966,12,0.7263769507408142,0.3170204758644104,0.05018468573689461,0.9992444515228271,697,171
89,2966,13,0.7651494741439819,0.4115389585494995,-0.15898971259593964,0.9709723591804504,734,222
89,2966,14,0.7127071619033813,0.4128045439720154,0.0813310518860817,0.02650626190006733,684,222
89,2966,15,0.7629364728927612,0.49425816535949707,-0.20055638253688812,0.8572192192077637,732,266
89,2966,16,0.6867396235466003,0.47128167748451233,0.02675863727927208,0.1451123207807541,659,254
89,2966,17,0.7642087936401367,0.5187620520591736,-0.21996363997459412,0.8244324326515198,733,280
89,2966,18,0.6784111857414246,0.49187496304512024,0.019881321117281914,0.18007728457450867,651,265
89,2966,19,0.7585623264312744,0.5200965404510498,-0.22908712923526764,0.8288642764091492,728,280
89,2966,20,0.6768137216567993,0.4931236505508423,-0.0006543723284266889,0.1888527274131775,649,266
89,2966,21,0.757172167301178,0.5115247964859009,-0.2043217271566391,0.7563647031784058,726,276
89,2966,22,0.6811254024505615,0.4869190454483032,0.01581164076924324,0.1774677187204361,653,262
89,2966,23,0.7392655611038208,0.49361929297447205,-0.06110086664557457,0.9999511241912842,709,266
89,2966,24,0.7270241379737854,0.49253934621810913,0.061037328094244,0.9999217391014099,697,265
89,2966,25,0.7050467729568481,0.605548083782196,-0.07396406680345535,0.9634457230567932,676,326
89,2966,26,0.7332640886306763,0.6033449769020081,0.05967175215482712,0.5545726418495178,703,325
89,2966,27,0.7111467123031616,0.7324923872947693,-0.018320590257644653,0.955737829208374,682,395
89,2966,28,0.7464679479598999,0.7360274791717529,0.09339351207017899,0.8107486367225647,716,397
89,2966,29,0.7222286462783813,0.7512974739074707,-0.016438869759440422,0.8814191222190857,693,405
89,2966,30,0.7532413005828857,0.759160578250885,0.09425975382328033,0.8004380464553833,723,409
89,2966,31,0.6807801127433777,0.7732542157173157,-0.0690462663769722,0.9584136009216309,653,417
89,2966,32,0.7178910374641418,0.7554891109466553,0.056170009076595306,0.8740556836128235,689,407
90,3000,0,0.7154503464698792,0.25983840227127075,-0.1043042242527008,0.9992080926895142,686,140
90,3000,1,0.7187700867652893,0.24688509106636047,-0.10795995593070984,0.9990166425704956,690,133
90,3000,2,0.7202824354171753,0.24613259732723236,-0.10809176415205002,0.9992189407348633,691,132
90,3000,3,0.7216692566871643,0.24549642205238342,-0.10804913938045502,0.999309778213501,692,132
90,3000,4,0.7160512208938599,0.24834896624088287,-0.09198515117168427,0.9988083839416504,687,134
90,3000,5,0.7156449556350708,0.24854761362075806,-0.09219031780958176,0.999003529548645,687,134
90,3000,6,0.7149935364723206,0.248674213886261,-0.09229087084531784,0.999017596244812,686,134
90,3000,7,0.7294029593467712,0.24766336381435394,-0.0967671349644661,0.9996809363365173,700,133
90,3000,8,0.7188459634780884,0.2519146502017975,-0.023722490295767784,0.9980157613754272,690,136
90,3000,9,0.7204145789146423,0.26861631870269775,-0.09693370759487152,0.9989486336708069,691,145
90,3000,10,0.7168502807617188,0.27006930112838745,-0.07689962536096573,0.9979066252708435,688,145
90,3000,11,0.7525121569633484,0.31548964977264404,-0.11330068111419678,0.9999730587005615,722,170
90,3000,12,0.72049480676651,0.31710246205329895,0.05899690464138985,0.9993003606796265,691,171
90,3000,13,0.7598037123680115,0.41260161995887756,-0.14660099148750305,0.9724649786949158,729,222
90,3000,14,0.7076706290245056,0.41099727153778076,0.09347043931484222,0.03754125162959099,679,221
90,3000,15,0.7570774555206299,0.4943157732486725,-0.18282879889011383,0.8654307126998901,726,266
90,3000,16,0.6780185103416443,0.46659916639328003,0.03999926894903183,0.20374958217144012,650,251
90,3000,17,0.7598161101341248,0.5193303823471069,-0.20053841173648834,0.8336100578308105,729,280
90,3000,18,0.669470489025116,0.48934468626976013,0.03384234383702278,0.23982290923595428,642,264
90,3000,19,0.7532777786254883,0.5203273892402649,-0.21076664328575134,0.838296115398407,723,280
90,3000,20,0.6678705215454102,0.4901319146156311,0.01138828881084919,0.2494630366563797,641,264
90,3000,21,0.7508803606033325,0.5117955803871155,-0.18680286407470703,0.7706011533737183,720,276
90,3000,22,0.6721204519271851,0.4826279282569885,0.02832299843430519,0.23672135174274445,645,260
90,3000,23,0.7330560088157654,0.49361729621887207,-0.061399444937705994,0.9999504685401917,703,266
90,3000,24,0.7206234335899353,0.49205294251441956,0.061337392777204514,0.9999227523803711,691,265
90,3000,25,0.6990306973457336,0.6063135266304016,-0.07302872091531754,0.9664655923843384,671,327
90,3000,26,0.731277585029602,0.6070067286491394,0.0675683468580246,0.5764246582984924,702,327
90,3000,27,0.6899936199188232,0.7366107702255249,-0.026254640892148018,0.9598545432090759,662,397
90,3000,28,0.7462683916091919,0.7357109189033508,0.10695735365152359,0.8230025172233582,716,397
90,3000,29,0.6972057223320007,0.7588494420051575,-0.0255852323025465,0.8919103741645813,669,409
90,3000,30,0.7533177733421326,0.7591691017150879,0.1083267480134964,0.8118128180503845,723,409
90,3000,31,0.6582749485969543,0.7728530168533325,-0.08540993183851242,0.9622324109077454,631,417
90,3000,32,0.7167495489120483,0.7588188052177429,0.06933203339576721,0.882655680179596,688,409
91,3033,0,0.715193510055542,0.25984078645706177,-0.10863541811704636,0.9992647767066956,686,140
91,3033,1,0.7191943526268005,0.24688588082790375,-0.11056171357631683,0.9990810751914978,690,133
91,3033,2,0.721047580242157,0.2461276650428772,-0.1106804683804512,0.9992680549621582,692,132
91,3033,3,0.7228078246116638,0.24549591541290283,-0.11061502993106842,0.9993501901626587,693,132
91,3033,4,0.7156399488449097,0.24836255609989166,-0.09591301530599594,0.9989029169082642,687,134
91,3033,5,0.714923620223999,0.24856598675251007,-0.09611427783966064,0.999083936214447,686,134
91,3033,6,0.7140429019927979,0.24869811534881592,-0.09621329605579376,0.9990978837013245,685,134
91,3033,7,0.7296753525733948,0.24774649739265442,-0.10133746266365051,0.9996951818466187,700,133
91,3033,8,0.7170289158821106,0.25197622179985046,-0.025199146941304207,0.9981814622879028,688,136
91,3033,9,0.7202072739601135,0.2686168849468231,-0.09900843352079391,0.9990159273147583,691,145
91,3033,10,0.7159363627433777,0.2700958847999573,-0.08067629486322403,0.9980645179748535,687,145
91,3033,11,0.7509198784828186,0.315466970205307,-0.11850809305906296,0.9999724626541138,720,170
91,3033,12,0.7192980051040649,0.31834009289741516,0.057967912405729294,0.9993430376052856,690,171
91,3033,13,0.7582867741584778,0.41277697682380676,-0.15202780067920685,0.973584771156311,727,222
91,3033,14,0.7072288393974304,0.4110315442085266,0.0890590026974678,0.04226189851760864,678,221
91,3033,15,0.756810188293457,0.49442386627197266,-0.19779571890830994,0.8721010088920593,726,266
91,3033,16,0.677638828754425,0.46621841192245483,0.03443058580160141,0.24056535959243774,650,251
91,3033,17,0.7601163387298584,0.5188931226730347,-0.21725887060165405,0.8409789204597473,729,280
91,3033,18,0.6681180596351624,0.48926085233688354,0.027957862243056297,0.2806090712547302,641,264
91,3033,19,0.7537587881088257,0.5201460123062134,-0.22720558941364288,0.8459326028823853,723,280
91,3033,20,0.6669427156448364,0.4890119731426239,0.010146371088922024,0.2914697825908661,640,264
91,3033,21,0.7514933347702026,0.5114841461181641,-0.20192834734916687,0.781984806060791,721,276
91,3033,22,0.6705973744392395,0.4813304841518402,0.023984888568520546,0.27701470255851746,643,259
91,3033,23,0.7315487265586853,0.4936430752277374,-0.06158236041665077,0.9999483227729797,702,266
91,3033,24,0.7193511724472046,0.4922095537185669,0.06152064725756645,0.9999207258224487,690,265
91,3033,25,0.6985220313072205,0.6067855954170227,-0.07303241640329361,0.9689316153526306,670,327
91,3033,26,0.7299760580062866,0.6087276935577393,0.07113268226385117,0.5875980854034424,700,328
91,3033,27,0.6889756917953491,0.739868700504303,-0.03889326751232147,0.9635376334190369,661,399
91,3033,28,0.7460765242576599,0.7349945902824402,0.1120765209197998,0.8318678736686707,716,396
91,3033,29,0.6956616044044495,0.7632412910461426,-0.03976067155599594,0.9012006521224976,667,412
91,3033,30,0.7536136507987976,0.7588109970092773,0.11350034922361374,0.8202160000801086,723,409
91,3033,31,0.6565194725990295,0.7725662589073181,-0.10708855837583542,0.9656586647033691,630,417
91,3033,32,0.7155066132545471,0.759990394115448,0.07278404384851456,0.8893850445747375,686,410
92,3066,0,0.7088302969932556,0.2628645896911621,-0.10773506760597229,0.9993159174919128,680,141
92,3066,1,0.712256669998169,0.24958303570747375,-0.1104472354054451,0.9991419315338135,683,134
92,3066,2,0.7137352824211121,0.24889512360095978,-0.11057665944099426,0.9993160367012024,685,134
92,3066,3,0.715134859085083,0.2483091503381729,-0.11051912605762482,0.9993894696235657,686,134
92,3066,4,0.7095740437507629,0.25076884031295776,-0.09500754624605179,0.9989917278289795,681,135
92,3066,5,0.7092009782791138,0.25083285570144653,-0.09520817548036575,0.9991604089736938,680,135
92,3066,6,0.7086009979248047,0.25086161494255066,-0.09530527144670486,0.9991732239723206,680,135
92,3066,7,0.7232584357261658,0.25026649236679077,-0.10088746249675751,0.9997127056121826,694,135
92,3066,8,0.7126017212867737,0.25377070903778076,-0.025114720687270164,0.9983406066894531,684,137
92,3066,9,0.7136439681053162,0.2714730501174927,-0.09902402013540268,0.9990867972373962,685,146
92,3066,10,0.7100887298583984,0.27256637811660767,-0.07968404144048691,0.9982227087020874,681,147
92,3066,11,0.7453780770301819,0.31748440861701965,-0.11857020109891891,0.9999722242355347,715,171
92,3066,12,0.7135123014450073,0.31997573375701904,0.05945451185107231,0.9993909597396851,684,172
92,3066,13,0.7541999816894531,0.413532555103302,-0.15391899645328522,0.9753594994544983,724,223
92,3066,14,0.6992316842079163,0.4112371802330017,0.09174558520317078,0.059863924980163574,671,222
92,3066,15,0.7533107995986938,0.494973748922348,-0.19640816748142242,0.8817040324211121,723,267
92,3066,16,0.6692496538162231,0.4668675363063812,0.036892831325531006,0.30187878012657166,642,252
92,3066,17,0.7569428086280823,0.519668698310852,-0.21563935279846191,0.8524903655052185,726,280
92,3066,18,0.6607548594474792,0.4897230267524719,0.03016098029911518,0.3403342366218567,634,264
92,3066,19,0.7507631778717041,0.5209233164787292,-0.22457551956176758,0.8573051691055298,720,281
92,3066,20,0.6586809158325195,0.48936429619789124,0.008635743521153927,0.35120654106140137,632,264
92,3066,21,0.7479867339134216,0.5121366381645203,-0.1999116837978363,0.7984408140182495,718,276
92,3066,22,0.662778913974762,0.48177191615104675,0.025342745706439018,0.33668723702430725,636,260
92,3066,23,0.7273483276367188,0.49513882398605347,-0.06259866803884506,0.999949038028717,698,267
92,3066,24,0.7151706218719482,0.4935838580131531,0.06252772361040115,0.9999231100082397,686,266
92,3066,25,0.6958353519439697,0.6124519109725952,-0.06555281579494476,0.9716512560844421,668,330
92,3066,26,0.7286072373390198,0.609805166721344,0.07266867905855179,0.6179704666137695,699,329
92,3066,27,0.6720350384712219,0.743992805480957,-0.025055473670363426,0.9670172333717346,645,401
92,3066,28,0.7459157705307007,0.7350939512252808,0.11562063544988632,0.8461206555366516,716,396
92,3066,29,0.6765104532241821,0.7682119011878967,-0.022917013615369797,0.9103292226791382,649,414
92,3066,30,0.7551975846290588,0.7602311372756958,0.11887617409229279,0.8353213667869568,724,410
92,3066,31,0.6324910521507263,0.7690939903259277,-0.0821496993303299,0.9688919186592102,607,415
92,3066,32,0.7136849164962769,0.7614792585372925,0.07719723880290985,0.8987981677055359,685,411
93,3100,0,0.7088765501976013,0.2638707458972931,-0.10828052461147308,0.9993719458580017,680,142
93,3100,1,0.7125627398490906,0.2504964768886566,-0.11133953928947449,0.9992111325263977,684,135
93,3100,2,0.7142162322998047,0.24985544383525848,-0.11147535592317581,0.9993715286254883,685,134
93,3100,3,0.7157987952232361,0.24931010603904724,-0.11140763759613037,0.9994382262229919,687,134
93,3100,4,0.7093203067779541,0.25155994296073914,-0.09579243510961533,0.9990800023078918,680,135
93,3100,5,0.7086820006370544,0.2517836391925812,-0.09598957747220993,0.9992349743843079,680,135
93,3100,6,0.7078906893730164,0.2517646551132202,-0.09608032554388046,0.9992460012435913,679,135
93,3100,7,0.722861647605896,0.25129812955856323,-0.10320530831813812,0.9997352361679077,693,135
93,3100,8,0.711161732673645,0.25475260615348816,-0.028210802003741264,0.9984896779060364,682,137
93,3100,9,0.7136232256889343,0.27287960052490234,-0.1004968211054802,0.9991651773452759,685,147
93,3100,10,0.7098482251167297,0.27390098571777344,-0.08087924122810364,0.9983813166618347,681,147
93,3100,11,0.74431973695755,0.3182647228240967,-0.12222372740507126,0.9999736547470093,714,171
93,3100,12,0.7129287123680115,0.3215208053588867,0.05805719643831253,0.999435305595398,684,173
93,3100,13,0.7535601854324341,0.41396549344062805,-0.1557360291481018,0.9775342345237732,723,223
93,3100,14,0.6992090344429016,0.4112824499607086,0.0891253873705864,0.07557708770036697,671,222
93,3100,15,0.7531996965408325,0.4951433539390564,-0.19384883344173431,0.8927302360534668,723,267
93,3100,16,0.6687953472137451,0.46727195382118225,0.033871617168188095,0.35259538888931274,642,252
93,3100,17,0.7569266557693481,0.5198988318443298,-0.21288074553012848,0.8658884763717651,726,280
93,3100,18,0.660465657711029,0.49006059765815735,0.027232836931943893,0.38994425535202026,634,264
93,3100,19,0.7510297298431396,0.5213654637336731,-0.22430366277694702,0.8703296184539795,720,281
93,3100,20,0.6579932570457458,0.4896584451198578,0.005626840982586145,0.4011880159378052,631,264
93,3100,21,0.7484291791915894,0.5125637054443359,-0.19811269640922546,0.816832959651947,718,276
93,3100,22,0.6622264385223389,0.48206040263175964,0.022265169769525528,0.3869408965110779,635,260
93,3100,23,0.7266390919685364,0.49542236328125,-0.06294722855091095,0.999950647354126,697,267
93,3100,24,0.7132416367530823,0.49385866522789,0.06287021934986115,0.9999250173568726,684,266
93,3100,25,0.6960800290107727,0.6134873032569885,-0.06043117120862007,0.9740971922874451,668,331
93,3100,26,0.7266178727149963,0.6099369525909424,0.07413705438375473,0.6435368657112122,697,329
93,3100,27,0.6708394289016724,0.7446817755699158,-0.021099908277392387,0.9701701402664185,644,402
93,3100,28,0.7457329034805298,0.7359027862548828,0.12083466351032257,0.8587632179260254,715,397
93,3100,29,0.675166666507721,0.7687726616859436,-0.02048998884856701,0.9185933470726013,648,415
93,3100,30,0.7552204728126526,0.7604675889015198,0.124339260160923,0.848594605922699,725,410
93,3100,31,0.6322863698005676,0.7676867842674255,-0.08475352078676224,0.9718313813209534,606,414
93,3100,32,0.7124863862991333,0.7617239952087402,0.08238773047924042,0.9072472453117371,683,411
94,3133,0,0.7036296129226685,0.2657390534877777,-0.11145070940256119,0.9994204044342041,675,143
94,3133,1,0.7068557143211365,0.2521112859249115,-0.11384232342243195,0.9992709159851074,678,136
94,3133,2,0.7084516882896423,0.2514582574367523,-0.11397996544837952,0.9994192719459534,680,135
94,3133,3,0.710243284702301,0.2508428990840912,-0.11390755325555801,0.999478816986084,681,135
94,3133,4,0.703610360622406,0.25374138355255127,-0.0983852818608284,0.9991599321365356,675,137
94,3133,5,0.7029659748077393,0.25401246547698975,-0.09858722239732742,0.9993028044700623,674,137
94,3133,6,0.7020944356918335,0.25420916080474854,-0.09868352115154266,0.9993125796318054,674,137
94,3133,7,0.7174691557884216,0.25252652168273926,-0.10391353815793991,0.9997531175613403,688,136
94,3133,8,0.7049249410629272,0.25730928778648376,-0.02825230360031128,0.9986253380775452,676,138
94,3133,9,0.7083148956298828,0.27422162890434265,-0.10237782448530197,0.9992287158966064,679,148
94,3133,10,0.7046295404434204,0.27549824118614197,-0.08298714458942413,0.9985183477401733,676,148
94,3133,11,0.7390620708465576,0.3204812705516815,-0.12225382775068283,0.999973475933075,709,173
94,3133,12,0.7071004509925842,0.32186558842658997,0.058371495455503464,0.9994767904281616,678,173
94,3133,13,0.7474048137664795,0.4177156090736389,-0.1466277539730072,0.9789283871650696,717,225
94,3133,14,0.692118763923645,0.41125112771987915,0.09206198900938034,0.09285818785429001,664,222
94,3133,15,0.7468942403793335,0.4993036389350891,-0.16807597875595093,0.8994091749191284,717,269
94,3133,16,0.6627897024154663,0.46756473183631897,0.03827124089002609,0.40105926990509033,636,252
94,3133,17,0.75049889087677,0.5233010053634644,-0.1836366206407547,0.8736855387687683,720,282
94,3133,18,0.6535844206809998,0.4895659387111664,0.032386284321546555,0.43714743852615356,627,264
94,3133,19,0.7445396780967712,0.524128258228302,-0.1942387968301773,0.8781996369361877,714,283
94,3133,20,0.6512176990509033,0.48947805166244507,0.009266877546906471,0.44844701886177063,625,264
94,3133,21,0.742061972618103,0.5159976482391357,-0.1716434210538864,0.8289668560028076,712,278
94,3133,22,0.6556970477104187,0.4820862412452698,0.026282016187906265,0.4346563220024109,629,260
94,3133,23,0.7212717533111572,0.49597862362861633,-0.06452661007642746,0.9999527335166931,692,267
94,3133,24,0.7085773348808289,0.4940694272518158,0.06443819403648376,0.9999292492866516,680,266
94,3133,25,0.6921398043632507,0.616194486618042,-0.056911054998636246,0.9764521718025208,664,332
94,3133,26,0.7244532108306885,0.6099671125411987,0.07511583715677261,0.6735029816627502,695,329
94,3133,27,0.658751368522644,0.7427394390106201,-0.015322824940085411,0.9730597734451294,632,401
94,3133,28,0.7456534504890442,0.735590398311615,0.1269066482782364,0.8718627691268921,715,397
94,3133,29,0.6610100865364075,0.7685228586196899,-0.016042254865169525,0.9263124465942383,634,415
94,3133,30,0.7563005089759827,0.7606823444366455,0.13038326799869537,0.862509548664093,726,410
94,3133,31,0.6201449632644653,0.7517768740653992,-0.07691877335309982,0.9745235443115234,595,405
94,3133,32,0.7126458883285522,0.7622709274291992,0.08984623104333878,0.9157601594924927,684,411
95,3166,0,0.7020321488380432,0.2656158208847046,-0.11100452393293381,0.9994701147079468,673,143
95,3166,1,0.7054460048675537,0.2522708475589752,-0.11336144059896469,0.9993332028388977,677,136
95,3166,2,0.7074504494667053,0.2516632080078125,-0.11350414156913757,0.9994691610336304,679,135
95,3166,3,0.7092761397361755,0.2511386573314667,-0.11343786120414734,0.9995229840278625,680,135
95,3166,4,0.702328085899353,0.2537221610546112,-0.09761322289705276,0.9992367029190063,674,137
95,3166,5,0.7016509771347046,0.2539740800857544,-0.09781388193368912,0.9993672370910645,673,137
95,3166,6,0.700817883014679,0.25414416193962097,-0.09790638089179993,0.9993757009506226,672,137
95,3166,7,0.7159194946289062,0.2533458471298218,-0.10271893441677094,0.9997735619544983,687,136
95,3166,8,0.7034867405891418,0.2575263977050781,-0.02720874361693859,0.9987525343894958,675,139
95,3166,9,0.7065402865409851,0.27434852719306946,-0.10215950012207031,0.9992965459823608,678,148
95,3166,10,0.7027527093887329,0.2756221294403076,-0.08247026801109314,0.9986535906791687,674,148
95,3166,11,0.7373998761177063,0.3218598961830139,-0.12022095173597336,0.9999746680259705,707,173
95,3166,12,0.7053554058074951,0.3235708773136139,0.05951254069805145,0.9995169043540955,677,174
95,3166,13,0.7456024289131165,0.41841235756874084,-0.14028789103031158,0.9806948304176331,715,225
95,3166,14,0.6911741495132446,0.41126778721809387,0.0944964811205864,0.1105692982673645,663,222
95,3166,15,0.7467442750930786,0.4998184144496918,-0.16364820301532745,0.9085001349449158,716,269
95,3166,16,0.6625457406044006,0.4677540957927704,0.03999956697225571,0.4458208382129669,636,252
95,3166,17,0.7506070733070374,0.5235440731048584,-0.18029363453388214,0.8847546577453613,720,282
95,3166,18,0.6540402173995972,0.48974886536598206,0.03367755562067032,0.48034393787384033,627,264
95,3166,19,0.7449858784675598,0.524791419506073,-0.19112631678581238,0.8889665603637695,715,283
95,3166,20,0.6515191197395325,0.48963120579719543,0.009730824269354343,0.49174386262893677,625,264
95,3166,21,0.7421718835830688,0.5163251161575317,-0.16741439700126648,0.8441853523254395,712,278
95,3166,22,0.6557982563972473,0.48224231600761414,0.02762690931558609,0.4785521328449249,629,260
95,3166,23,0.7199593186378479,0.49674415588378906,-0.06450507044792175,0.9999552965164185,691,268
95,3166,24,0.7070018649101257,0.49451079964637756,0.06441570818424225,0.9999333024024963,678,267
95,3166,25,0.6902995705604553,0.618614673614502,-0.05073719471693039,0.978492259979248,662,334
95,3166,26,0.7244538068771362,0.6107076406478882,0.06913022696971893,0.7000895142555237,695,329
95,3166,27,0.6577771306037903,0.7415231466293335,-0.007291494868695736,0.9756283760070801,631,400
95,3166,28,0.7457872629165649,0.7353658676147461,0.1203753650188446,0.8833047747612,715,397
95,3166,29,0.6593157649040222,0.7678025364875793,-0.00807342492043972,0.9331366419792175,632,414
95,3166,30,0.7562267184257507,0.7604383826255798,0.12370722740888596,0.8747217059135437,725,410
95,3166,31,0.6204577088356018,0.7464718818664551,-0.07388313859701157,0.9769245386123657,595,403
95,3166,32,0.7126843333244324,0.7622123956680298,0.08179453760385513,0.923296332359314,684,411
96,3200,0,0.6942574977874756,0.26556119322776794,-0.1094626933336258,0.9995089769363403,666,143
96,3200,1,0.6971004605293274,0.25285181403160095,-0.11286459118127823,0.9993811249732971,669,136
96,3200,2,0.6984967589378357,0.25225409865379333,-0.11300826817750931,0.9995075464248657,670,136
96,3200,3,0.6995401978492737,0.251720130443573,-0.11294649541378021,0.9995558261871338,671,135
96,3200,4,0.6954838633537292,0.25402018427848816,-0.09685225039720535,0.9993008971214294,667,137
96,3200,5,0.695338785648346,0.25417834520339966,-0.09705086797475815,0.999422013759613,667,137
96,3200,6,0.6949657201766968,0.2542577385902405,-0.09714070707559586,0.9994293451309204,667,137
96,3200,7,0.7073134183883667,0.2540350556373596,-0.10338464379310608,0.9997885227203369,679,137
96,3200,8,0.6992815136909485,0.2577733099460602,-0.028454801067709923,0.998863160610199,671,139
96,3200,9,0.698321521282196,0.274624228477478,-0.10203549265861511,0.9993503093719482,670,148
96,3200,10,0.6960718035697937,0.2756296992301941,-0.08209197223186493,0.9987667798995972,668,148
96,3200,11,0.7308406829833984,0.3239741921424866,-0.1209258958697319,0.9999748468399048,701,174
96,3200,12,0.6998605728149414,0.3241838812828064,0.05357367545366287,0.9995533227920532,671,175
96,3200,13,0.7405580878257751,0.42019760608673096,-0.14482814073562622,0.981987714767456,710,226
96,3200,14,0.6844693422317505,0.4112565517425537,0.09082480520009995,0.1278754621744156,657,222
96,3200,15,0.740831196308136,0.5013116002082825,-0.17072415351867676,0.9155442118644714,711,270
96,3200,16,0.6549091935157776,0.4678456783294678,0.03827187791466713,0.4897570013999939,628,252
96,3200,17,0.7435279488563538,0.525063157081604,-0.18808600306510925,0.8933855295181274,713,283
96,3200,18,0.6459022164344788,0.48957201838493347,0.03216887265443802,0.5220085382461548,620,264
96,3200,19,0.7376669049263,0.5261110663414001,-0.19764915108680725,0.8974137902259827,708,284
96,3200,20,0.6425014734268188,0.4889335334300995,0.008592274971306324,0.5333173274993896,616,264
96,3200,21,0.7355068922042847,0.5176411271095276,-0.1739848256111145,0.8563637733459473,706,279
96,3200,22,0.6475199460983276,0.4819723069667816,0.026147078722715378,0.5206398963928223,621,260
96,3200,23,0.7137306928634644,0.4970215857028961,-0.0640203058719635,0.9999575614929199,685,268
96,3200,24,0.7032808661460876,0.49481523036956787,0.06393164396286011,0.9999373555183411,675,267
96,3200,25,0.686034619808197,0.6184225678443909,-0.03979066386818886,0.9800657033920288,658,333
96,3200,26,0.7183387875556946,0.6097726225852966,0.06401646882295609,0.7234185338020325,689,329
96,3200,27,0.6514491438865662,0.7414094805717468,0.004195128567516804,0.9778792262077332,625,400
96,3200,28,0.7457401752471924,0.732035219669342,0.11115692555904388,0.893506646156311,715,395
96,3200,29,0.6506885290145874,0.765701174736023,0.004081329796463251,0.9392587542533875,624,413
96,3200,30,0.7563795447349548,0.7561480402946472,0.11406902223825455,0.8859495520591736,726,408
96,3200,31,0.6182340383529663,0.7446710467338562,-0.0553181953728199,0.9790013432502747,593,402
96,3200,32,0.7127187252044678,0.75901198387146,0.0768667608499527,0.9299158453941345,684,409
97,3233,0,0.6944881081581116,0.26554059982299805,-0.11608526110649109,0.9995512366294861,666,143
97,3233,1,0.6981343626976013,0.25277969241142273,-0.11917506903409958,0.9994344115257263,670,136
97,3233,2,0.6994339227676392,0.2522336542606354,-0.1193239614367485,0.999550461769104,671,136
97,3233,3,0.7005777359008789,0.2517753839492798,-0.11927232146263123,0.9995937943458557,672,135
97,3233,4,0.6958462595939636,0.2539207935333252,-0.10311593115329742,0.999364972114563,668,137
97,3233,5,0.6954858303070068,0.2540839910507202,-0.10330852121114731,0.9994756579399109,667,137
97,3233,6,0.6949501037597656,0.2541901171207428,-0.1033940464258194,0.999481737613678,667,137
97,3233,7,0.7071092128753662,0.25494158267974854,-0.10778310894966125,0.9998067021369934,678,137
97,3233,8,0.6986103057861328,0.25769734382629395,-0.03393174335360527,0.9989691376686096,670,139
97,3233,9,0.6988866925239563,0.2748681604862213,-0.1083998754620552,0.9994089007377625,670,148
97,3233,10,0.6956519484519958,0.27582457661628723,-0.08835732936859131,0.9988810420036316,667,148
97,3233,11,0.7300066351890564,0.3256288468837738,-0.12295586615800858,0.9999761581420898,700,175
97,3233,12,0.6978176832199097,0.32618528604507446,0.051363371312618256,0.9995880722999573,669,176
97,3233,13,0.7395750880241394,0.422414094209671,-0.14703522622585297,0.983511745929718,709,228
97,3233,14,0.6820240020751953,0.41147616505622864,0.08792301267385483,0.14340746402740479,654,222
97,3233,15,0.7409728169441223,0.502884030342102,-0.17369768023490906,0.9232566356658936,711,271
97,3233,16,0.6535413265228271,0.4681696593761444,0.03600873053073883,0.5263264179229736,627,252
97,3233,17,0.74386066198349,0.5269856452941895,-0.19116781651973724,0.9029330611228943,714,284
97,3233,18,0.6445793509483337,0.489675909280777,0.029107866808772087,0.5571519136428833,618,264
97,3233,19,0.7382415533065796,0.5282973051071167,-0.1995486468076706,0.9066581726074219,708,285
97,3233,20,0.6419408321380615,0.4890452027320862,0.004117039032280445,0.5685917735099792,616,264
97,3233,21,0.7358142137527466,0.5189442038536072,-0.17672869563102722,0.8693678975105286,706,280
97,3233,22,0.6464329957962036,0.4821352958679199,0.023191412910819054,0.556570827960968,620,260
97,3233,23,0.7137428522109985,0.4977090358734131,-0.06378395110368729,0.9999604225158691,685,268
97,3233,24,0.7011008858680725,0.49509769678115845,0.06369233876466751,0.9999417066574097,673,267
97,3233,25,0.6846041083335876,0.618274986743927,-0.04129398986697197,0.9818578362464905,657,333
97,3233,26,0.7183764576911926,0.6096564531326294,0.06518382579088211,0.7487218976020813,689,329
97,3233,27,0.6512834429740906,0.7405433058738708,0.014863486401736736,0.9800011515617371,625,399
97,3233,28,0.7457461953163147,0.7316106557846069,0.11175306141376495,0.903647780418396,715,395
97,3233,29,0.6511794924736023,0.7646223902702332,0.01623683236539364,0.9449509978294373,625,412
97,3233,30,0.7562370300292969,0.7551694512367249,0.11644982546567917,0.8967456221580505,725,407
97,3233,31,0.6192899346351624,0.7449948191642761,-0.045314934104681015,0.9809898138046265,594,402
97,3233,32,0.7128159403800964,0.7577208280563354,0.0771181657910347,0.9365274310112,684,409
98,3266,0,0.6848260760307312,0.2662258446216583,-0.11542581021785736,0.9995861053466797,657,143
98,3266,1,0.6883211135864258,0.2541855275630951,-0.11865267157554626,0.9994794130325317,660,137
98,3266,2,0.6895139813423157,0.25385844707489014,-0.11880304664373398,0.9995868802070618,661,137
98,3266,3,0.6904078125953674,0.2534939646720886,-0.11875458806753159,0.9996247887611389,662,136
98,3266,4,0.6871556639671326,0.25511035323143005,-0.10298706591129303,0.999420702457428,659,137
98,3266,5,0.687237024307251,0.25516653060913086,-0.10318610817193985,0.9995226860046387,659,137
98,3266,6,0.6870741248130798,0.25511130690574646,-0.10327945649623871,0.9995273351669312,659,137
98,3266,7,0.6989889144897461,0.25631967186927795,-0.10839947313070297,0.999821662902832,671,138
98,3266,8,0.6924383640289307,0.2586227357387543,-0.03225577250123024,0.9990631937980652,664,139
98,3266,9,0.6887271404266357,0.2758745849132538,-0.1078392043709755,0.9994567036628723,661,148
98,3266,10,0.6873747110366821,0.2764185070991516,-0.08813230693340302,0.9989778399467468,659,149
98,3266,11,0.7226632833480835,0.32775092124938965,-0.12484963238239288,0.999976634979248,693,176
98,3266,12,0.6930166482925415,0.3273544907569885,0.05260889232158661,0.9996182322502136,665,176
98,3266,13,0.7328810095787048,0.42441967129707336,-0.15884065628051758,0.9847760796546936,703,229
98,3266,14,0.6789330840110779,0.413318932056427,0.08789369463920593,0.15432150661945343,651,223
98,3266,15,0.7332659959793091,0.5031870603561401,-0.1929258406162262,0.9297326803207397,703,271
98,3266,16,0.6483314633369446,0.4686548113822937,0.034705281257629395,0.5617642402648926,622,253
98,3266,17,0.7368155121803284,0.5269336104393005,-0.21172386407852173,0.911113977432251,707,284
98,3266,18,0.639687716960907,0.48978191614151,0.02712387591600418,0.591410219669342,614,264
98,3266,19,0.7309234142303467,0.5281872153282166,-0.2209801822900772,0.9146167635917664,701,285
98,3266,20,0.6367523670196533,0.48906853795051575,0.002732680644840002,0.6028147339820862,611,264
98,3266,21,0.7284928560256958,0.5190083384513855,-0.1964309960603714,0.8806505799293518,699,280
98,3266,22,0.6413484215736389,0.4822175204753876,0.0218886137008667,0.5911847949028015,615,260
98,3266,23,0.7049264311790466,0.5001266598701477,-0.06485117226839066,0.9999628663063049,676,270
98,3266,24,0.6942152380943298,0.4970872104167938,0.06475414335727692,0.9999456405639648,666,268
98,3266,25,0.6765867471694946,0.6182036399841309,-0.04448175057768822,0.9835063815116882,649,333
98,3266,26,0.7119318246841431,0.6100630760192871,0.0710211917757988,0.771809995174408,683,329
98,3266,27,0.6454406976699829,0.7402207255363464,0.013157234527170658,0.9819414615631104,619,399
98,3266,28,0.7453605532646179,0.7307460904121399,0.12076025456190109,0.9129071831703186,715,394
98,3266,29,0.6482121348381042,0.7640863656997681,0.01399861741811037,0.9502176642417908,622,412
98,3266,30,0.7558902502059937,0.7536747455596924,0.12500040233135223,0.9067075252532959,725,406
98,3266,31,0.611052930355072,0.7458468675613403,-0.05120176821947098,0.9828115105628967,586,402
98,3266,32,0.7129035592079163,0.7574729323387146,0.08939806371927261,0.9425625205039978,684,409
99,3300,0,0.6858994364738464,0.26641955971717834,-0.1140545904636383,0.999613881111145,658,143
99,3300,1,0.6898793578147888,0.2545032203197479,-0.11736661940813065,0.9995135068893433,662,137
99,3300,2,0.691414475440979,0.25424548983573914,-0.11751352250576019,0.9996138215065002,663,137
99,3300,3,0.6928447484970093,0.25398579239845276,-0.11746639758348465,0.999647855758667,665,137
99,3300,4,0.6873914003372192,0.25535327196121216,-0.10131797194480896,0.9994675517082214,659,137
99,3300,5,0.6870526671409607,0.25537189841270447,-0.10152030736207962,0.999562680721283,659,137
99,3300,6,0.6865520477294922,0.25528907775878906,-0.10162020474672318,0.9995669722557068,659,137
99,3300,7,0.7003198862075806,0.2569521367549896,-0.10794287174940109,0.9998317360877991,672,138
99,3300,8,0.6907694339752197,0.25905048847198486,-0.0315089076757431,0.9991437792778015,663,139
99,3300,9,0.6903278827667236,0.2763572633266449,-0.10696166008710861,0.9994953870773315,662,149
99,3300,10,0.6873700022697449,0.27685025334358215,-0.08691905438899994,0.9990612864494324,659,149
99,3300,11,0.722831130027771,0.32823675870895386,-0.12399149686098099,0.9999765157699585,693,177
99,3300,12,0.6913145184516907,0.32853221893310547,0.05280420929193497,0.9996474981307983,663,177
99,3300,13,0.730467677116394,0.4256170392036438,-0.14183662831783295,0.9858184456825256,701,229
99,3300,14,0.6760484576225281,0.4133889079093933,0.08768049627542496,0.1780642867088318,649,223
99,3300,15,0.7336869835853577,0.5041875839233398,-0.1537339836359024,0.9349702596664429,704,272
99,3300,16,0.646118700504303,0.4700562357902527,0.03314449265599251,0.5985357761383057,620,253
99,3300,17,0.7382120490074158,0.527465283870697,-0.16769926249980927,0.9172523021697998,708,284
99,3300,18,0.6376602053642273,0.4912930428981781,0.02565615437924862,0.6258264183998108,612,265
99,3300,19,0.7322292923927307,0.5286553502082825,-0.17961320281028748,0.9206723570823669,702,285
99,3300,20,0.6356734037399292,0.49013927578926086,0.0008304568473249674,0.6367956399917603,610,264
99,3300,21,0.7293365597724915,0.5196017026901245,-0.15764378011226654,0.8895102739334106,700,280
99,3300,22,0.639147162437439,0.4836186170578003,0.020130209624767303,0.6258260607719421,613,261
99,3300,23,0.70401531457901,0.5002684593200684,-0.06442727893590927,0.9999648332595825,675,270
99,3300,24,0.6942554116249084,0.4978805482387543,0.06433038413524628,0.9999492168426514,666,268
99,3300,25,0.6755536198616028,0.6182087659835815,-0.0386061817407608,0.9848077893257141,648,333
99,3300,26,0.7117655873298645,0.6108828783035278,0.05816800892353058,0.7910587191581726,683,329
99,3300,27,0.6457448601722717,0.7396790385246277,0.008526843972504139,0.9836421608924866,619,399
99,3300,28,0.744456946849823,0.7299067378044128,0.097367063164711,0.9207814335823059,714,394
99,3300,29,0.6482757925987244,0.7635329365730286,0.009163723327219486,0.9547738432884216,622,412
99,3300,30,0.7558408975601196,0.7532185912132263,0.09956119954586029,0.9151772260665894,725,406
99,3300,31,0.6112940311431885,0.7470888495445251,-0.05349015071988106,0.9843975305557251,586,403
99,3300,32,0.7129647135734558,0.759112536907196,0.05937209352850914,0.9477235078811646,684,409
100,3333,0,0.6775619387626648,0.26614809036254883,-0.10284258425235748,0.999614417552948,650,143
100,3333,1,0.6810548305511475,0.2544390559196472,-0.10846389830112457,0.9995193481445312,653,137
100,3333,2,0.681983232498169,0.25413113832473755,-0.10860918462276459,0.9996206164360046,654,137
100,3333,3,0.6829110383987427,0.25385162234306335,-0.10856476426124573,0.9996491074562073,655,137
100,3333,4,0.6799633502960205,0.2552690804004669,-0.09065135568380356,0.9994913339614868,652,137
100,3333,5,0.6800822615623474,0.25524839758872986,-0.09084010124206543,0.9995864033699036,652,137
100,3333,6,0.679981529712677,0.2550937235355377,-0.09092728048563004,0.9995884299278259,652,137
100,3333,7,0.6898540258407593,0.2570962607860565,-0.10678916424512863,0.9998348355293274,662,138
100,3333,8,0.6853368878364563,0.25900089740753174,-0.025821002200245857,0.9991990923881531,657,139
100,3333,9,0.6810246109962463,0.2761147618293762,-0.09899194538593292,0.9995126724243164,653,149
100,3333,10,0.6796724796295166,0.27646955847740173,-0.07675477862358093,0.999110996723175,652,149
100,3333,11,0.7112101316452026,0.32782721519470215,-0.1260003298521042,0.999975860118866,682,177
100,3333,12,0.6840354204177856,0.3282621204853058,0.056154798716306686,0.9996628165245056,656,177
100,3333,13,0.7233285903930664,0.4256315529346466,-0.15641634166240692,0.9867125153541565,694,229
100,3333,14,0.6715610027313232,0.4149388372898102,0.08753141015768051,0.18010348081588745,644,224
100,3333,15,0.7224860787391663,0.5075751543045044,-0.1797826886177063,0.9395378828048706,693,274
100,3333,16,0.6415320038795471,0.4700668454170227,0.03205322101712227,0.6231552362442017,615,253
100,3333,17,0.7260108590126038,0.5306937098503113,-0.19638477265834808,0.922990083694458,696,286
100,3333,18,0.6328927874565125,0.4914318025112152,0.024301379919052124,0.6504402756690979,607,265
100,3333,19,0.7198731303215027,0.5313810706138611,-0.2053995579481125,0.9262283444404602,691,286
100,3333,20,0.6309489607810974,0.4902794659137726,0.00018209885456599295,0.6616142392158508,605,264
100,3333,21,0.7173259258270264,0.5228953957557678,-0.18267163634300232,0.8974622488021851,688,282
100,3333,22,0.6350438594818115,0.4836364686489105,0.019183777272701263,0.650942862033844,609,261
100,3333,23,0.6948074698448181,0.5029737949371338,-0.06446250528097153,0.9999668002128601,667,271
100,3333,24,0.6869738698005676,0.49931758642196655,0.06436787545681,0.9999521374702454,659,269
100,3333,25,0.6674849390983582,0.6186678409576416,-0.03444010764360428,0.9861148595809937,640,334
100,3333,26,0.7034487128257751,0.6112545728683472,0.05594272539019585,0.810154139995575,675,330
100,3333,27,0.6393824219703674,0.7410471439361572,0.008848830126225948,0.9852177500724792,613,400
100,3333,28,0.741803765296936,0.7263755202293396,0.09828034788370132,0.9282700419425964,712,392
100,3333,29,0.6434041261672974,0.7669945955276489,0.00899125263094902,0.958999752998352,617,414
100,3333,30,0.7534013390541077,0.7479882836341858,0.10093487799167633,0.9232096672058105,723,403
100,3333,31,0.6013120412826538,0.7583085298538208,-0.05443097651004791,0.9858663082122803,577,409
100,3333,32,0.7130197882652283,0.759101390838623,0.06167150288820267,0.9525860548019409,684,409
101,3366,0,0.6776717901229858,0.2660754919052124,-0.10393501818180084,0.9996278882026672,650,143
101,3366,1,0.6818163394927979,0.2543908357620239,-0.1092773899435997,0.9995376467704773,654,137
101,3366,2,0.6831222176551819,0.25403642654418945,-0.10942237824201584,0.9996352791786194,655,137
101,3366,3,0.6843526363372803,0.2537490129470825,-0.109378382563591,0.9996605515480042,656,137
101,3366,4,0.6793858408927917,0.2551328241825104,-0.09177042543888092,0.9995229244232178,652,137
101,3366,5,0.6790622472763062,0.2550743520259857,-0.09196155518293381,0.9996143579483032,651,137
101,3366,6,0.6785799264907837,0.2548705041408539,-0.09205061942338943,0.9996157884597778,651,137
101,3366,7,0.6911790370941162,0.2571811079978943,-0.1069064512848854,0.9998390078544617,663,138
101,3366,8,0.6829158067703247,0.25893405079841614,-0.02593788504600525,0.9992544054985046,655,139
101,3366,9,0.6818058490753174,0.27606892585754395,-0.09938996285200119,0.999535083770752,654,149
101,3366,10,0.6788183450698853,0.2764478921890259,-0.07755718380212784,0.9991676211357117,651,149
101,3366,11,0.7112674713134766,0.32756179571151733,-0.12737591564655304,0.9999751448631287,682,176
101,3366,12,0.6830884218215942,0.32842668890953064,0.057254910469055176,0.9996820092201233,655,177
101,3366,13,0.7205656170845032,0.425663024187088,-0.15616458654403687,0.9874550700187683,691,229
101,3366,14,0.6701542735099792,0.41492483019828796,0.08746639639139175,0.18550477921962738,643,224
101,3366,15,0.7225762009620667,0.5072649121284485,-0.17825764417648315,0.9431604146957397,693,273
101,3366,16,0.6412479877471924,0.470363587141037,0.025559071451425552,0.6455258131027222,615,253
101,3366,17,0.7273016571998596,0.5304654836654663,-0.19491443037986755,0.927318811416626,698,286
101,3366,18,0.6332696080207825,0.49194198846817017,0.01726473681628704,0.6725382804870605,607,265
101,3366,19,0.7220596075057983,0.5312650799751282,-0.20465412735939026,0.9305048584938049,693,286
101,3366,20,0.6312482357025146,0.49065494537353516,-0.0068023973144590855,0.6838287115097046,605,264
101,3366,21,0.7187260985374451,0.5227582454681396,-0.18146544694900513,0.9037356376647949,689,282
101,3366,22,0.6352636814117432,0.4836524724960327,0.012658258900046349,0.6732710003852844,609,261
101,3366,23,0.6940959095954895,0.5027984976768494,-0.06482896953821182,0.9999686479568481,666,271
101,3366,24,0.6865803003311157,0.4993833303451538,0.0647326111793518,0.9999551177024841,659,269
101,3366,25,0.6675059199333191,0.6185623407363892,-0.03875695914030075,0.9871852397918701,640,334
101,3366,26,0.7032433748245239,0.6112328767776489,0.05869458615779877,0.8256901502609253,675,330
101,3366,27,0.6387592554092407,0.7416641712188721,-0.0038793638814240694,0.9866053462028503,613,400
101,3366,28,0.7401418685913086,0.7244139313697815,0.09781802445650101,0.9347588419914246,710,391
101,3366,29,0.6439489722251892,0.7682062983512878,-0.00512169161811471,0.9626977443695068,618,414
101,3366,30,0.7523807287216187,0.7450979351997375,0.09984447807073593,0.9302006363868713,722,402
101,3366,31,0.6009353995323181,0.7623730301856995,-0.07284443080425262,0.9871597290039062,576,411
101,3366,32,0.7130489349365234,0.7598282694816589,0.05837349593639374,0.9568102955818176,684,410
102,3400,0,0.6695556044578552,0.26336801052093506,-0.11059805750846863,0.9996175765991211,642,142
102,3400,1,0.6735414266586304,0.25239160656929016,-0.11592887341976166,0.9995356798171997,646,136
102,3400,2,0.6744285225868225,0.25219327211380005,-0.11608455330133438,0.9996346235275269,647,136
102,3400,3,0.6750994324684143,0.2519758939743042,-0.1160472109913826,0.9996563792228699,648,136
102,3400,4,0.6727074384689331,0.2525220811367035,-0.09764362126588821,0.9995362162590027,645,136
102,3400,5,0.6729828119277954,0.2523227632045746,-0.09783478081226349,0.9996283054351807,646,136
102,3400,6,0.6730294823646545,0.2519298493862152,-0.09792591631412506,0.9996281862258911,646,136
102,3400,7,0.6823083162307739,0.2561705410480499,-0.11255352199077606,0.9998387694358826,655,138
102,3400,8,0.6781458258628845,0.25673744082450867,-0.02947317250072956,0.9992883205413818,651,138
102,3400,9,0.6724761724472046,0.2742319703102112,-0.10594305396080017,0.9995414614677429,645,148
102,3400,10,0.6713030934333801,0.2743338942527771,-0.08321931213140488,0.9991983771324158,644,148
102,3400,11,0.7003711462020874,0.32737213373184204,-0.13512900471687317,0.9999740123748779,672,176
102,3400,12,0.6759370565414429,0.32831740379333496,0.05595723167061806,0.9996890425682068,648,177
102,3400,13,0.713947057723999,0.42549848556518555,-0.17177365720272064,0.9876479506492615,685,229
102,3400,14,0.6642500162124634,0.41652193665504456,0.08301146328449249,0.17791910469532013,637,224
102,3400,15,0.7132213711738586,0.5070595741271973,-0.2030981034040451,0.9441090226173401,684,273
102,3400,16,0.6365109086036682,0.472621887922287,0.017917053773999214,0.6491001844406128,611,255
102,3400,17,0.7149301767349243,0.5302700400352478,-0.22175312042236328,0.9289597868919373,686,286
102,3400,18,0.6290004849433899,0.4949301779270172,0.009085074998438358,0.6811301708221436,603,267
102,3400,19,0.7109231352806091,0.5311387181282043,-0.23008182644844055,0.9321383833885193,682,286
102,3400,20,0.6271844506263733,0.4927777945995331,-0.014189193956553936,0.693372368812561,602,266
102,3400,21,0.7093445658683777,0.5225813984870911,-0.20589621365070343,0.9064059853553772,680,282
102,3400,22,0.6304891109466553,0.48622849583625793,0.005270540248602629,0.6828014254570007,605,262
102,3400,23,0.6884748339653015,0.5036743879318237,-0.06481891125440598,0.9999706745147705,660,271
102,3400,24,0.679107666015625,0.5003377199172974,0.06472455710172653,0.9999581575393677,651,270
102,3400,25,0.6626824140548706,0.6184839606285095,-0.025751059874892235,0.9882513880729675,636,333
102,3400,26,0.6946505904197693,0.6132553219795227,0.051712147891521454,0.8417254686355591,666,331
102,3400,27,0.6377533674240112,0.7429786324501038,0.024530118331313133,0.9878909587860107,612,401
102,3400,28,0.7373360395431519,0.7219204902648926,0.08839453756809235,0.9409751892089844,707,389
102,3400,29,0.643948495388031,0.7698153853416443,0.025223055854439735,0.9661192893981934,618,415
102,3400,30,0.7503994107246399,0.7393351197242737,0.09039091318845749,0.9367754459381104,720,399
102,3400,31,0.6007157564163208,0.7675057649612427,-0.04043262079358101,0.9883599877357483,576,414
102,3400,32,0.7127748131752014,0.7616870999336243,0.0468825064599514,0.9608606696128845,684,411
103,3433,0,0.6667824387550354,0.2626509368419647,-0.0979827344417572,0.9995535612106323,640,141
103,3433,1,0.6713041067123413,0.25151491165161133,-0.10557298362255096,0.9994531869888306,644,135
103,3433,2,0.6720342636108398,0.25145259499549866,-0.10571832954883575,0.9995758533477783,645,135
103,3433,3,0.6725361347198486,0.25132736563682556,-0.10567957907915115,0.9995814561843872,645,135
103,3433,4,0.6709918975830078,0.2513261139392853,-0.08602433651685715,0.9995075464248657,644,135
103,3433,5,0.671481192111969,0.25107842683792114,-0.08622074127197266,0.9996205568313599,644,135
103,3433,6,0.6717553734779358,0.2506105601787567,-0.08631918579339981,0.9996216297149658,644,135
103,3433,7,0.6793065667152405,0.25592878460884094,-0.11248106509447098,0.9998142123222351,652,138
103,3433,8,0.6779049634933472,0.25543397665023804,-0.023673005402088165,0.9993064403533936,650,137
103,3433,9,0.6699102520942688,0.2739737927913666,-0.09713278710842133,0.9995148181915283,643,147
103,3433,10,0.6691588759422302,0.27404484152793884,-0.07266424596309662,0.9992045164108276,642,147
103,3433,11,0.7001177668571472,0.3273289203643799,-0.13542374968528748,0.9999716281890869,672,176
103,3433,12,0.6757391095161438,0.3290746212005615,0.0578179694712162,0.9997076392173767,648,177
103,3433,13,0.7117823958396912,0.42536821961402893,-0.17040692269802094,0.9876973628997803,683,229
103,3433,14,0.6630476117134094,0.4177698493003845,0.08329184353351593,0.18149986863136292,636,225
103,3433,15,0.7126092910766602,0.5068865418434143,-0.1962047964334488,0.9426689743995667,684,273
103,3433,16,0.6365804076194763,0.4730338454246521,0.01928805746138096,0.6700917482376099,611,255
103,3433,17,0.7160327434539795,0.530133068561554,-0.2141694575548172,0.9281848073005676,687,286
103,3433,18,0.6284246444702148,0.49564170837402344,0.010356305167078972,0.7014583945274353,603,267
103,3433,19,0.7112165093421936,0.530987560749054,-0.22284336388111115,0.9313371777534485,682,286
103,3433,20,0.6267427206039429,0.49359017610549927,-0.012143806554377079,0.713545560836792,601,266
103,3433,21,0.7094393968582153,0.5227599143981934,-0.19908396899700165,0.9062631726264954,681,282
103,3433,22,0.6309139728546143,0.4866734743118286,0.006991438567638397,0.7026260495185852,605,262
103,3433,23,0.6862141489982605,0.5053451061248779,-0.0656484067440033,0.9999727606773376,658,272
103,3433,24,0.6779142022132874,0.5011524558067322,0.06555940955877304,0.9999613761901855,650,270
103,3433,25,0.6590615510940552,0.6191050410270691,-0.029304353520274162,0.9892497658729553,632,334
103,3433,26,0.6945504546165466,0.6174057722091675,0.0617324598133564,0.8560232520103455,666,333
103,3433,27,0.638459324836731,0.7437618970870972,0.016734806820750237,0.9890345931053162,612,401
103,3433,28,0.7365648150444031,0.7214695811271667,0.10587785392999649,0.946617841720581,707,389
103,3433,29,0.6446733474731445,0.7703337669372559,0.01755119115114212,0.9691604971885681,618,415
103,3433,30,0.7497331500053406,0.7381888628005981,0.10907432436943054,0.9427805542945862,719,398
103,3433,31,0.600393533706665,0.767981767654419,-0.045033641159534454,0.9894263744354248,576,414
103,3433,32,0.7123710513114929,0.7630109786987305,0.06975384801626205,0.964536726474762,683,412
104,3466,0,0.6599118113517761,0.2610795199871063,-0.11765599995851517,0.9995362162590027,633,140
104,3466,1,0.664393424987793,0.2495838850736618,-0.12538860738277435,0.9994505643844604,637,134
104,3466,2,0.6652852892875671,0.24955686926841736,-0.1255478858947754,0.9995733499526978,638,134
104,3466,3,0.66593337059021,0.24945878982543945,-0.12549923360347748,0.9995776414871216,639,134
104,3466,4,0.6640098094940186,0.24923311173915863,-0.10557929426431656,0.9995140433311462,637,134
104,3466,5,0.6645638942718506,0.24897554516792297,-0.10578051209449768,0.9996284246444702,637,134
104,3466,6,0.6648768782615662,0.24850444495677948,-0.10588676482439041,0.9996288418769836,638,134
104,3466,7,0.6739710569381714,0.2545475959777832,-0.13003212213516235,0.9998127818107605,647,137
104,3466,8,0.6717134714126587,0.25379255414009094,-0.04101871699094772,0.9993295073509216,644,137
104,3466,9,0.6628817915916443,0.2729792892932892,-0.11621908843517303,0.9995254278182983,636,147
104,3466,10,0.6624811887741089,0.2731392979621887,-0.09153937548398972,0.9992352724075317,635,147
104,3466,11,0.6937989592552185,0.32778200507164,-0.15342910587787628,0.9999711513519287,666,177
104,3466,12,0.6706117391586304,0.32883647084236145,0.043596863746643066,0.9997149109840393,643,177
104,3466,13,0.7049872279167175,0.4281933605670929,-0.18231138586997986,0.9883451461791992,676,231
104,3466,14,0.6591797471046448,0.41743895411491394,0.07276619225740433,0.18201987445354462,632,225
104,3466,15,0.7036721706390381,0.5123233199119568,-0.1999630481004715,0.9458594918251038,675,276
104,3466,16,0.633797824382782,0.47410696744918823,0.01140221580862999,0.6852579712867737,608,256
104,3466,17,0.705092191696167,0.5369778275489807,-0.21713925898075104,0.9320400357246399,676,289
104,3466,18,0.6261415481567383,0.49700623750686646,0.003366866149008274,0.7172367572784424,601,268
104,3466,19,0.6987490057945251,0.5358750820159912,-0.2254229336977005,0.935021698474884,670,289
104,3466,20,0.6248738765716553,0.49627742171287537,-0.019466252997517586,0.7294473052024841,599,267
104,3466,21,0.697292149066925,0.527870237827301,-0.2022874355316162,0.9113596081733704,669,285
104,3466,22,0.6289596557617188,0.4888540804386139,-0.0008632533135823905,0.7186286449432373,603,263
104,3466,23,0.6796891689300537,0.5053052306175232,-0.06552723795175552,0.9999746084213257,652,272
104,3466,24,0.6709995269775391,0.501136302947998,0.06544021517038345,0.9999639987945557,644,270
104,3466,25,0.6544658541679382,0.6193016171455383,-0.03386027738451958,0.9901852011680603,628,334
104,3466,26,0.6790040731430054,0.6172218322753906,0.06451346725225449,0.8686838150024414,651,333
104,3466,27,0.6380463242530823,0.7449390888214111,0.009356707334518433,0.9901063442230225,612,402
104,3466,28,0.728815495967865,0.7140686511993408,0.10664524883031845,0.9516246318817139,699,385
104,3466,29,0.6439748406410217,0.7725486755371094,0.009280949831008911,0.9720675945281982,618,417
104,3466,30,0.7439812421798706,0.7237264513969421,0.1098082885146141,0.9479941129684448,714,390
104,3466,31,0.5991653800010681,0.771904706954956,-0.06089448928833008,0.9904447793960571,575,416
104,3466,32,0.7116402387619019,0.7653430700302124,0.0696277990937233,0.9678083062171936,683,413
105,3500,0,0.6579994559288025,0.2606051564216614,-0.11604473739862442,0.9994333982467651,631,140
105,3500,1,0.6627570986747742,0.24912261962890625,-0.12269765883684158,0.9993563294410706,636,134
105,3500,2,0.66371089220047,0.2491179257631302,-0.12285317480564117,0.9994971752166748,637,134
105,3500,3,0.6643673777580261,0.2490345686674118,-0.12280606478452682,0.9994975328445435,637,134
105,3500,4,0.6626179814338684,0.248736172914505,-0.10357985645532608,0.999462902545929,636,134
105,3500,5,0.6632282137870789,0.2485674023628235,-0.10377933084964752,0.9995995163917542,636,134
105,3500,6,0.6636000275611877,0.2481439709663391,-0.10388152301311493,0.9996041059494019,637,133
105,3500,7,0.6722317337989807,0.25420716404914856,-0.1279887855052948,0.9997812509536743,645,137
105,3500,8,0.6698887944221497,0.25343945622444153,-0.04014751687645912,0.9993150234222412,643,136
105,3500,9,0.6618563532829285,0.27253565192222595,-0.11328892409801483,0.9994885325431824,635,147
105,3500,10,0.661312460899353,0.27275460958480835,-0.08936863392591476,0.9992160201072693,634,147
105,3500,11,0.6945369839668274,0.3278404176235199,-0.15035204589366913,0.999968945980072,666,177
105,3500,12,0.6701543927192688,0.32872238755226135,0.041481804102659225,0.9997225999832153,643,177
105,3500,13,0.7034416198730469,0.42868655920028687,-0.17851796746253967,0.9885324239730835,675,231
105,3500,14,0.6570478677749634,0.41732901334762573,0.07291899621486664,0.18283569812774658,630,225
105,3500,15,0.7015824913978577,0.5127729773521423,-0.19644856452941895,0.9467054009437561,673,276
105,3500,16,0.6338179707527161,0.47680461406707764,0.014905144460499287,0.7004558444023132,608,257
105,3500,17,0.7035413980484009,0.5370595455169678,-0.21373026072978973,0.9332755208015442,675,290
105,3500,18,0.6258346438407898,0.49932438135147095,0.007021063473075628,0.7323054671287537,600,269
105,3500,19,0.6976911425590515,0.5366127490997314,-0.22264285385608673,0.936150312423706,669,289
105,3500,20,0.6247357130050659,0.49967414140701294,-0.01609242893755436,0.7444671988487244,599,269
105,3500,21,0.6961442232131958,0.5289196968078613,-0.19900545477867126,0.9131343960762024,668,285
105,3500,22,0.6292814016342163,0.49181604385375977,0.0026334370486438274,0.7333813309669495,604,265
105,3500,23,0.678152322769165,0.5051600337028503,-0.06439263373613358,0.9999762177467346,651,272
105,3500,24,0.6695167422294617,0.5009849667549133,0.06431636959314346,0.9999665021896362,642,270
105,3500,25,0.6529060006141663,0.6211950778961182,-0.025793511420488358,0.9909698963165283,626,335
105,3500,26,0.6787469983100891,0.6168286800384521,0.06908547878265381,0.8801016211509705,651,333
105,3500,27,0.6373504400253296,0.7454291582107544,0.02457314357161522,0.9910575151443481,611,402
105,3500,28,0.7273217439651489,0.7122869491577148,0.10657545179128647,0.9561483860015869,698,384
105,3500,29,0.6426699757575989,0.7735571265220642,0.025818046182394028,0.9746102094650269,616,417
105,3500,30,0.7418827414512634,0.7221560478210449,0.10936196148395538,0.9527125358581543,712,389
105,3500,31,0.5985972881317139,0.7725143432617188,-0.03949204832315445,0.9913380742073059,574,417
105,3500,32,0.711597204208374,0.7661364674568176,0.06792756170034409,0.9707532525062561,683,413
106,3533,0,0.6527689099311829,0.25899967551231384,-0.10957734286785126,0.9992757439613342,626,139
106,3533,1,0.6569289565086365,0.247078537940979,-0.11966227740049362,0.9992300271987915,630,133
106,3533,2,0.6576603651046753,0.24696595966815948,-0.11982572823762894,0.9993957281112671,631,133
106,3533,3,0.6579630970954895,0.24684490263462067,-0.1197807714343071,0.9993975162506104,631,133
106,3533,4,0.6573442816734314,0.24659694731235504,-0.09951793402433395,0.9993694424629211,631,133
106,3533,5,0.6580460667610168,0.24627067148685455,-0.09972098469734192,0.9995383024215698,631,132
106,3533,6,0.6584894061088562,0.24571920931339264,-0.09983254224061966,0.9995456337928772,632,132
106,3533,7,0.6654486060142517,0.2513270676136017,-0.12657958269119263,0.9997451901435852,638,135
106,3533,8,0.6655036211013794,0.25076955556869507,-0.03888724371790886,0.9992591142654419,638,135
106,3533,9,0.6555668115615845,0.270221084356308,-0.11154375225305557,0.9994327425956726,629,145
106,3533,10,0.6557740569114685,0.270551472902298,-0.08619353175163269,0.999161422252655,629,146
106,3533,11,0.6857121586799622,0.3264119029045105,-0.15203531086444855,0.9999670386314392,658,176
106,3533,12,0.664330780506134,0.3266175091266632,0.04085521027445793,0.9997140765190125,637,176
106,3533,13,0.6933618783950806,0.42848441004753113,-0.18104355037212372,0.9889035224914551,665,231
106,3533,14,0.6545854210853577,0.41729846596717834,0.07112126052379608,0.178675577044487,628,225
106,3533,15,0.6920534372329712,0.5135297775268555,-0.19520778954029083,0.9482050538063049,664,277
106,3533,16,0.6330627202987671,0.4768744111061096,0.016302146017551422,0.7053180932998657,607,257
106,3533,17,0.6934182643890381,0.5372287034988403,-0.21208491921424866,0.9351439476013184,665,290
106,3533,18,0.6251170635223389,0.5002449750900269,0.008777989074587822,0.7390532493591309,600,270
106,3533,19,0.6877363324165344,0.5371423363685608,-0.22102957963943481,0.9378749132156372,660,290
106,3533,20,0.6245583891868591,0.5009482502937317,-0.01432349905371666,0.7518302202224731,599,270
106,3533,21,0.6867339611053467,0.5293628573417664,-0.1975248008966446,0.9155599474906921,659,285
106,3533,22,0.628617525100708,0.4930585026741028,0.004303586669266224,0.7405190467834473,603,266
106,3533,23,0.6721020936965942,0.5049955248832703,-0.06329326331615448,0.999977707862854,645,272
106,3533,24,0.6634203791618347,0.5006941556930542,0.06322567164897919,0.9999685287475586,636,270
106,3533,25,0.6494482159614563,0.6207835078239441,-0.026986688375473022,0.9916863441467285,623,335
106,3533,26,0.6620936989784241,0.6118746399879456,0.07152720540761948,0.8898694515228271,635,330
106,3533,27,0.6367750763893127,0.7451652884483337,0.018978804349899292,0.9919161796569824,611,402
106,3533,28,0.7183088064193726,0.7032449245452881,0.10202611982822418,0.9600733518600464,689,379
106,3533,29,0.6424047350883484,0.7729182243347168,0.019958654418587685,0.9768950939178467,616,417
106,3533,30,0.7338428497314453,0.7058944702148438,0.10370513796806335,0.9567078948020935,704,381
106,3533,31,0.5981866121292114,0.7731302976608276,-0.04431341961026192,0.9921402931213379,574,417
106,3533,32,0.7109626531600952,0.7649006843566895,0.061820823699235916,0.9732698202133179,682,413
107,3566,0,0.6502596139907837,0.25806155800819397,-0.10367508232593536,0.9989099502563477,624,139
107,3566,1,0.6545637845993042,0.2463323026895523,-0.11541998386383057,0.998933732509613,628,133
107,3566,2,0.6551160216331482,0.24624283611774445,-0.11558861285448074,0.9991497993469238,628,132
107,3566,3,0.6554352045059204,0.24609526991844177,-0.11554103344678879,0.9991675019264221,629,132
107,3566,4,0.6552979946136475,0.24592268466949463,-0.09553149342536926,0.999157190322876,629,132
107,3566,5,0.6561458706855774,0.24564898014068604,-0.09574367851018906,0.9993979930877686,629,132
107,3566,6,0.6567269563674927,0.24514228105545044,-0.09586687386035919,0.9994229674339294,630,132
107,3566,7,0.6631355285644531,0.25093021988868713,-0.12707051634788513,0.9996503591537476,636,135
107,3566,8,0.6641681790351868,0.2504340708255768,-0.04002959281206131,0.9991177916526794,637,135
107,3566,9,0.6536369919776917,0.26927247643470764,-0.10753260552883148,0.9992830157279968,627,145
107,3566,10,0.6538460850715637,0.2698495090007782,-0.08250278979539871,0.9990013837814331,627,145
107,3566,11,0.6851266026496887,0.32647505402565,-0.15222212672233582,0.9999638795852661,657,176
107,3566,12,0.6636664271354675,0.32612770795822144,0.03702624887228012,0.9996965527534485,637,176
107,3566,13,0.691637396812439,0.42996150255203247,-0.17800000309944153,0.9884096384048462,663,232
107,3566,14,0.653727114200592,0.41725999116897583,0.06815622001886368,0.16791363060474396,627,225
107,3566,15,0.6892267465591431,0.5160077810287476,-0.18932384252548218,0.9474289417266846,661,278
107,3566,16,0.6328474879264832,0.47674983739852905,0.017157791182398796,0.692857027053833,607,257
107,3566,17,0.6888487339019775,0.5397195219993591,-0.20414847135543823,0.9347133636474609,661,291
107,3566,18,0.6251935362815857,0.5006573796272278,0.009719922207295895,0.7316395044326782,600,270
107,3566,19,0.6841123104095459,0.538835346698761,-0.2113628089427948,0.9373703002929688,656,290
107,3566,20,0.6244090795516968,0.5019199848175049,-0.01415849570184946,0.7455559968948364,599,271
107,3566,21,0.6840446591377258,0.5318347215652466,-0.1907903552055359,0.9149426817893982,656,287
107,3566,22,0.6280649304389954,0.4937684237957001,0.005266527179628611,0.7332268357276917,602,266
107,3566,23,0.672541618347168,0.5048332810401917,-0.06175975874066353,0.9999791383743286,645,272
107,3566,24,0.6626145243644714,0.500354528427124,0.06171196326613426,0.9999704957008362,636,270
107,3566,25,0.6477938294410706,0.6207084655761719,-0.007568599656224251,0.9919384121894836,621,335
107,3566,26,0.6586112976074219,0.6091101169586182,0.07693550735712051,0.8964019417762756,632,328
107,3566,27,0.6355987787246704,0.7451168894767761,0.04675057902932167,0.9926284551620483,610,402
107,3566,28,0.7153886556625366,0.6981841325759888,0.09909479320049286,0.9632222652435303,686,377
107,3566,29,0.6425904631614685,0.7726925015449524,0.04903338477015495,0.9786369800567627,616,417
107,3566,30,0.7313210964202881,0.6990752816200256,0.09998162090778351,0.9597907662391663,702,377
107,3566,31,0.5970944762229919,0.7726515531539917,-0.009375509805977345,0.9927611947059631,573,417
107,3566,32,0.7096870541572571,0.7627471089363098,0.05899832397699356,0.9752222299575806,681,411
108,3600,0,0.6431663632392883,0.25763431191444397,-0.10114064067602158,0.9984797835350037,617,139
108,3600,1,0.6471249461174011,0.24597354233264923,-0.1119266003370285,0.9986647963523865,621,132
108,3600,2,0.6478582620620728,0.24585002660751343,-0.11209122836589813,0.9989185929298401,621,132
108,3600,3,0.6484736800193787,0.2456647753715515,-0.11204782128334045,0.9989650845527649,622,132
108,3600,4,0.6473292112350464,0.24567489326000214,-0.09240550547838211,0.9989174008369446,621,132
108,3600,5,0.6481210589408875,0.2453986257314682,-0.09262412041425705,0.999214231967926,622,132
108,3600,6,0.6486636400222778,0.24490085244178772,-0.0927567407488823,0.9992592334747314,622,132
108,3600,7,0.6566564440727234,0.25025078654289246,-0.12603987753391266,0.9995610117912292,630,135
108,3600,8,0.6558535695075989,0.2497808337211609,-0.039263639599084854,0.9988867044448853,629,134
108,3600,9,0.6465499401092529,0.2687579095363617,-0.10315899550914764,0.9989784955978394,620,145
108,3600,10,0.6460037231445312,0.269265741109848,-0.07880781590938568,0.9985782504081726,620,145
108,3600,11,0.6767762303352356,0.3259354829788208,-0.1504809409379959,0.9999566674232483,649,176
108,3600,12,0.657292366027832,0.32443660497665405,0.03831464424729347,0.9995782375335693,631,175
108,3600,13,0.6821252703666687,0.4297569692134857,-0.16871888935565948,0.9853690266609192,654,232
108,3600,14,0.6513298749923706,0.41722461581230164,0.06250487267971039,0.15265369415283203,625,225
108,3600,15,0.6803295016288757,0.5083170533180237,-0.1694452166557312,0.928085207939148,653,274
108,3600,16,0.634992241859436,0.4808761477470398,0.010169385932385921,0.6309649348258972,609,259
108,3600,17,0.6800116896629333,0.5317944288253784,-0.18167468905448914,0.9163410663604736,652,287
108,3600,18,0.6253803968429565,0.5004683136940002,0.003327605314552784,0.6706286072731018,600,270
108,3600,19,0.6760377883911133,0.5353997349739075,-0.18728981912136078,0.9188999533653259,648,289
108,3600,20,0.6257504820823669,0.5016895532608032,-0.015436997637152672,0.6838456392288208,600,270
108,3600,21,0.6744720935821533,0.5227764844894409,-0.1700739562511444,0.8931414484977722,647,282
108,3600,22,0.6299760937690735,0.4934510886669159,8.793012239038944e-05,0.673041582107544,604,266
108,3600,23,0.6649947762489319,0.5035279393196106,-0.05897708237171173,0.9999805092811584,638,271
108,3600,24,0.6542350053787231,0.4999322295188904,0.05895739793777466,0.9999722242355347,628,269
108,3600,25,0.6437418460845947,0.620568573474884,-0.017889054492115974,0.9923022389411926,617,335
108,3600,26,0.645064115524292,0.6045992374420166,0.0663585439324379,0.9013319611549377,619,326
108,3600,27,0.6359257102012634,0.7448970675468445,0.038375865668058395,0.9933006763458252,610,402
108,3600,28,0.7024727463722229,0.6937614679336548,0.09329017251729965,0.9656318426132202,674,374
108,3600,29,0.6429772973060608,0.7723132967948914,0.03924643248319626,0.9803075194358826,617,417
108,3600,30,0.7202818393707275,0.6899511814117432,0.09507612884044647,0.9619536995887756,691,372
108,3600,31,0.5968729853630066,0.7725134491920471,-0.027409378439188004,0.9933667182922363,572,417
108,3600,32,0.7035589218139648,0.7594101428985596,0.05383029952645302,0.9766458868980408,675,410
109,3633,0,0.6409923434257507,0.2574900984764099,-0.09700946509838104,0.997979998588562,615,139
109,3633,1,0.6454598903656006,0.24590052664279938,-0.10833802819252014,0.9984090328216553,619,132
109,3633,2,0.6464484930038452,0.2458038330078125,-0.10851021856069565,0.9987305402755737,620,132
109,3633,3,0.6472838521003723,0.24562835693359375,-0.10847558826208115,0.998810350894928,621,132
109,3633,4,0.6451625823974609,0.24564135074615479,-0.08841944485902786,0.9986175894737244,619,132
109,3633,5,0.6458219885826111,0.2454105168581009,-0.08863937854766846,0.9989876747131348,619,132
109,3633,6,0.6462457776069641,0.24498635530471802,-0.08877401798963547,0.9990313649177551,620,132
109,3633,7,0.6558747887611389,0.2502691149711609,-0.12455017864704132,0.9995139241218567,629,135
109,3633,8,0.6536665558815002,0.24987134337425232,-0.03732074797153473,0.9985413551330566,627,134
109,3633,9,0.6449927091598511,0.26871582865715027,-0.09928550571203232,0.998663067817688,619,145
109,3633,10,0.6442388892173767,0.26925426721572876,-0.07446691393852234,0.9980095624923706,618,145
109,3633,11,0.6760934591293335,0.32592418789863586,-0.14850932359695435,0.9999551177024841,649,175
109,3633,12,0.6568056344985962,0.32411906123161316,0.040004435926675797,0.9994324445724487,630,175
109,3633,13,0.6809809803962708,0.42967888712882996,-0.1607193946838379,0.9843141436576843,653,232
109,3633,14,0.6534439921379089,0.41747844219207764,0.06485281139612198,0.13803917169570923,627,225
109,3633,15,0.6774812340736389,0.508467972278595,-0.14800137281417847,0.9164608716964722,650,274
109,3633,16,0.6501070261001587,0.48364710807800293,0.011730549857020378,0.5692426562309265,624,261
109,3633,17,0.6780855059623718,0.533562421798706,-0.1596662551164627,0.9036353230476379,650,288
109,3633,18,0.6493970155715942,0.502145528793335,0.0038685710169374943,0.6062842607498169,623,271
109,3633,19,0.6746229529380798,0.5353678464889526,-0.16421321034431458,0.9057462215423584,647,289
109,3633,20,0.647098183631897,0.5014932751655579,-0.009169967845082283,0.618256151676178,621,270
109,3633,21,0.6740016937255859,0.5240352153778076,-0.14789298176765442,0.8774286508560181,647,282
109,3633,22,0.6479318141937256,0.49362850189208984,0.0019362539751455188,0.6087939143180847,622,266
109,3633,23,0.6637446284294128,0.5040249228477478,-0.05938677117228508,0.9999821782112122,637,272
109,3633,24,0.6515591144561768,0.49993014335632324,0.05935932695865631,0.9999743103981018,625,269
109,3633,25,0.6427720785140991,0.6204676032066345,-0.01527306530624628,0.992800772190094,617,335
109,3633,26,0.6458722352981567,0.6013014316558838,0.09631945937871933,0.9072117805480957,620,324
109,3633,27,0.6367282867431641,0.7448541522026062,0.04400799050927162,0.9939127564430237,611,402
109,3633,28,0.7027424573898315,0.6926195025444031,0.12624789774417877,0.9685493111610413,674,374
109,3633,29,0.6438836455345154,0.7720671892166138,0.04691998288035393,0.9818758368492126,618,416
109,3633,30,0.717952311038971,0.6903008222579956,0.12842151522636414,0.9649187922477722,689,372
109,3633,31,0.5969480276107788,0.7730684876441956,-0.01271907053887844,0.9939175248146057,573,417
109,3633,32,0.6993237733840942,0.7566674947738647,0.08875758945941925,0.9784775376319885,671,408
110,3666,0,0.6362422704696655,0.2546878457069397,-0.0919867530465126,0.9960708022117615,610,137
110,3666,1,0.6405416131019592,0.2421496957540512,-0.10423336923122406,0.9971933364868164,614,130
110,3666,2,0.6411950588226318,0.24199475347995758,-0.10440825670957565,0.9978736042976379,615,130
110,3666,3,0.6417169570922852,0.24178528785705566,-0.10437991470098495,0.9980950355529785,616,130
110,3666,4,0.6408793926239014,0.24216949939727783,-0.08504201471805573,0.9970608949661255,615,130
110,3666,5,0.641708254814148,0.24181275069713593,-0.08525262773036957,0.9977889657020569,616,130
110,3666,6,0.6422739028930664,0.24129989743232727,-0.08538474887609482,0.9977673292160034,616,130
110,3666,7,0.6494766473770142,0.24643312394618988,-0.12446235865354538,0.9993079304695129,623,133
110,3666,8,0.6503124833106995,0.24592562019824982,-0.03867616504430771,0.9969598650932312,624,132
110,3666,9,0.639079213142395,0.26595890522003174,-0.0958671048283577,0.9975354671478271,613,143
110,3666,10,0.6392500400543213,0.2663952112197876,-0.07212647795677185,0.9959314465522766,613,143
110,3666,11,0.6668339967727661,0.32389554381370544,-0.15339086949825287,0.99995356798172,640,174
110,3666,12,0.6522833704948425,0.31987816095352173,0.03512117639183998,0.9988276958465576,626,172
110,3666,13,0.671447217464447,0.4294320046901703,-0.16141174733638763,0.9848134517669678,644,231
110,3666,14,0.6512935757637024,0.41837599873542786,0.05446653440594673,0.12458673119544983,625,225
110,3666,15,0.6672125458717346,0.5131633877754211,-0.14699602127075195,0.9173303246498108,640,277
110,3666,16,0.6512545943260193,0.5008273124694824,0.01319698803126812,0.5126729607582092,625,270
110,3666,17,0.6670642495155334,0.5389077663421631,-0.15761710703372955,0.903103768825531,640,291
110,3666,18,0.6510304808616638,0.5220175385475159,0.004370363429188728,0.5463540554046631,624,281
110,3666,19,0.6608810424804688,0.5397228598594666,-0.16086843609809875,0.9047093987464905,634,291
110,3666,20,0.6484867334365845,0.5211885571479797,-0.005562431178987026,0.5571519136428833,622,281
110,3666,21,0.6609476804733276,0.5288056135177612,-0.14610081911087036,0.8750181794166565,634,285
110,3666,22,0.6490670442581177,0.5128172039985657,0.0020705240312963724,0.5487818717956543,623,276
110,3666,23,0.6517366170883179,0.5037198662757874,-0.05832626670598984,0.999983549118042,625,272
110,3666,24,0.6424556970596313,0.4996166527271271,0.05832856893539429,0.999975323677063,616,269
110,3666,25,0.6370080709457397,0.618059515953064,-0.0020698329899460077,0.9931207299232483,611,333
110,3666,26,0.635351300239563,0.5991642475128174,0.08939561992883682,0.9099153876304626,609,323
110,3666,27,0.6371361017227173,0.7446514964103699,0.04973019286990166,0.9944581985473633,611,402
110,3666,28,0.6866664886474609,0.6874130964279175,0.09862349927425385,0.9707732200622559,659,371
110,3666,29,0.6445043087005615,0.7720229625701904,0.05184659734368324,0.9831239581108093,618,416
110,3666,30,0.7028533220291138,0.6835463047027588,0.0988064706325531,0.9669966101646423,674,369
110,3666,31,0.5977984070777893,0.7734811305999756,-0.008051780983805656,0.994383692741394,573,417
110,3666,32,0.6861087679862976,0.7505616545677185,0.05780567601323128,0.9797955751419067,658,405
111,3700,0,0.6358248591423035,0.25411123037338257,-0.08889150619506836,0.9948202967643738,610,137
111,3700,1,0.6401287913322449,0.24195732176303864,-0.10189810395240784,0.9964125752449036,614,130
111,3700,2,0.6406145095825195,0.24184055626392365,-0.1020747721195221,0.9972816705703735,614,130
111,3700,3,0.6409854292869568,0.24164240062236786,-0.1020425334572792,0.9975948333740234,615,130
111,3700,4,0.6409158110618591,0.24189342558383942,-0.08306284993886948,0.996235728263855,615,130
111,3700,5,0.6418131589889526,0.24170148372650146,-0.08327589929103851,0.9971727132797241,616,130
111,3700,6,0.6424668431282043,0.24123427271842957,-0.08340904861688614,0.9971795082092285,616,130
111,3700,7,0.6483434438705444,0.24648435413837433,-0.12526920437812805,0.9991381168365479,622,133
111,3700,8,0.650741457939148,0.24607054889202118,-0.040490150451660156,0.9961112141609192,624,132
111,3700,9,0.6394264101982117,0.26568031311035156,-0.09375522285699844,0.9967286586761475,613,143
111,3700,10,0.6395931243896484,0.2662556767463684,-0.07042010873556137,0.9946509003639221,614,143
111,3700,11,0.6655248403549194,0.3239479959011078,-0.15506120026111603,0.9999514222145081,638,174
111,3700,12,0.6518983244895935,0.3197069764137268,0.030815409496426582,0.9985422492027283,625,172
111,3700,13,0.6716212034225464,0.43087756633758545,-0.16252127289772034,0.98401939868927,644,232
111,3700,14,0.6523192524909973,0.4189121425151825,0.05457214266061783,0.11247450858354568,626,226
111,3700,15,0.6667126417160034,0.5180613398551941,-0.14368848502635956,0.9043753743171692,640,279
111,3700,16,0.651587724685669,0.5027583241462708,0.016092797741293907,0.4618381857872009,625,271
111,3700,17,0.6657808423042297,0.5413975715637207,-0.15423017740249634,0.8873195648193359,639,292
111,3700,18,0.649384617805481,0.5187622904777527,0.01057895366102457,0.49256494641304016,623,280
111,3700,19,0.6606730818748474,0.5408955216407776,-0.15809890627861023,0.8883906602859497,634,292
111,3700,20,0.6488476991653442,0.5225073099136353,-0.0006633530138060451,0.5023130774497986,622,282
111,3700,21,0.6607769131660461,0.53251051902771,-0.14315085113048553,0.8553328514099121,634,287
111,3700,22,0.6493456363677979,0.5143179297447205,0.007469968404620886,0.4949212670326233,623,277
111,3700,23,0.6518962979316711,0.5049730539321899,-0.05832253769040108,0.9999846816062927,625,272
111,3700,24,0.6401212811470032,0.4996751546859741,0.05832728371024132,0.9999762773513794,614,269
111,3700,25,0.6377999782562256,0.6180582046508789,0.011637902818620205,0.9930458664894104,612,333
111,3700,26,0.6360182166099548,0.5986608862876892,0.11171640455722809,0.9033244848251343,610,323
111,3700,27,0.636484682559967,0.7444890141487122,0.06088656932115555,0.9948865175247192,611,402
111,3700,28,0.6861863732337952,0.6869455575942993,0.1443834900856018,0.9715496897697449,658,370
111,3700,29,0.6448191404342651,0.7724949717521667,0.06283854693174362,0.9838289022445679,619,417
111,3700,30,0.6991199254989624,0.683729887008667,0.1468338668346405,0.9674518704414368,671,369
111,3700,31,0.5974871516227722,0.7734184265136719,0.0017857535276561975,0.9946680068969727,573,417
111,3700,32,0.685411274433136,0.7476311922073364,0.10919894278049469,0.9799237251281738,657,403
112,3733,0,0.6304444670677185,0.253613144159317,-0.09338318556547165,0.9943217039108276,605,136
112,3733,1,0.633949339389801,0.24160882830619812,-0.1089075431227684,0.9961801767349243,608,130
112,3733,2,0.6344829797744751,0.24144485592842102,-0.10908125340938568,0.9970791935920715,609,130
112,3733,3,0.6348903775215149,0.24123376607894897,-0.10904966294765472,0.9974735379219055,609,130
112,3733,4,0.6344652771949768,0.24156036972999573,-0.08921825140714645,0.9958871603012085,609,130
112,3733,5,0.6353062391281128,0.24132244288921356,-0.08942250162363052,0.9968424439430237,609,130
112,3733,6,0.6359536051750183,0.24083848297595978,-0.08955860137939453,0.9968838095664978,610,130
112,3733,7,0.6424328088760376,0.24583926796913147,-0.13421110808849335,0.9990694522857666,616,132
112,3733,8,0.6445100903511047,0.24537062644958496,-0.046436797827482224,0.9955498576164246,618,132
112,3733,9,0.6334837675094604,0.2647799253463745,-0.09982595592737198,0.9962878227233887,608,142
112,3733,10,0.633688747882843,0.2653096318244934,-0.07548537850379944,0.9937610626220703,608,143
112,3733,11,0.6604400277137756,0.3234652280807495,-0.16393423080444336,0.9999508261680603,634,174
112,3733,12,0.6503080725669861,0.31719574332237244,0.02951909229159355,0.9981552362442017,624,171
112,3733,13,0.662568986415863,0.4352474808692932,-0.17088790237903595,0.9840949177742004,636,235
112,3733,14,0.6501709818840027,0.42063719034194946,0.055066660046577454,0.10158093273639679,624,227
112,3733,15,0.6546973586082458,0.5192537903785706,-0.15152111649513245,0.9065056443214417,628,280
112,3733,16,0.6505271792411804,0.5015512704849243,0.01722165010869503,0.41603460907936096,624,270
112,3733,17,0.6549870371818542,0.5434505939483643,-0.16336005926132202,0.8885581493377686,628,293
112,3733,18,0.6485523581504822,0.519326388835907,0.013197661377489567,0.44401052594184875,622,280
112,3733,19,0.6485937833786011,0.542576789855957,-0.16668701171875,0.8892995715141296,622,292
112,3733,20,0.6469552516937256,0.521386981010437,0.0006374585209414363,0.45280173420906067,621,281
112,3733,21,0.6481778025627136,0.5350347757339478,-0.1507583111524582,0.8547754287719727,622,288
112,3733,22,0.6476598381996155,0.5155304074287415,0.009307432919740677,0.44629085063934326,621,278
112,3733,23,0.6527439951896667,0.5036758184432983,-0.05903089419007301,0.9999855756759644,626,271
112,3733,24,0.6383069157600403,0.49757301807403564,0.05906001105904579,0.999976634979248,612,268
112,3733,25,0.6375584006309509,0.6187314391136169,-0.0009242070373147726,0.9922271370887756,612,334
112,3733,26,0.6215430498123169,0.6001633405685425,0.09766006469726562,0.8934102058410645,596,324
112,3733,27,0.6361820101737976,0.7442395687103271,0.05251943692564964,0.9951485395431519,610,401
112,3733,28,0.6745314002037048,0.6868661046028137,0.14048610627651215,0.9702728390693665,647,370
112,3733,29,0.6446755528450012,0.77239590883255,0.0552566722035408,0.9838312268257141,618,417
112,3733,30,0.6889619827270508,0.6827495694160461,0.14474712312221527,0.9665932655334473,661,368
112,3733,31,0.5970916152000427,0.7736396789550781,-0.006140957120805979,0.9947454929351807,573,417
112,3733,32,0.6721264719963074,0.7488884329795837,0.10889328271150589,0.9786069989204407,645,404
113,3766,0,0.628282904624939,0.25366801023483276,-0.09480035305023193,0.9936768412590027,603,136
113,3766,1,0.6322270035743713,0.24167469143867493,-0.10914275795221329,0.9958366751670837,606,130
113,3766,2,0.6330068111419678,0.2415200173854828,-0.10931534320116043,0.9967442750930786,607,130
113,3766,3,0.6335403919219971,0.2413146197795868,-0.10928383469581604,0.9972408413887024,608,130
113,3766,4,0.6324852108955383,0.24165621399879456,-0.08928132802248001,0.9955317378044128,607,130
113,3766,5,0.633341372013092,0.24141749739646912,-0.08948443830013275,0.9965276718139648,608,130
113,3766,6,0.6339849233627319,0.2409517616033554,-0.08961434662342072,0.9966561198234558,608,130
113,3766,7,0.641790509223938,0.24597281217575073,-0.1345357894897461,0.998935341835022,616,132
113,3766,8,0.6423264741897583,0.24554748833179474,-0.04623427242040634,0.9951071739196777,616,132
113,3766,9,0.6323869824409485,0.26487454771995544,-0.09999190270900726,0.9956924915313721,607,143
113,3766,10,0.6321899890899658,0.265464723110199,-0.07562036067247391,0.9928468465805054,606,143
113,3766,11,0.6598568558692932,0.3233049511909485,-0.16405819356441498,0.9999467730522156,633,174
113,3766,12,0.6476542949676514,0.31732386350631714,0.02953723445534706,0.9979326725006104,621,171
113,3766,13,0.6620748043060303,0.4355577230453491,-0.17126035690307617,0.981850266456604,635,235
113,3766,14,0.6477882266044617,0.4211318790912628,0.0551471970975399,0.09176596254110336,621,227
113,3766,15,0.6536223292350769,0.5187599658966064,-0.1471274495124817,0.89192134141922,627,280
113,3766,16,0.6475827097892761,0.499138206243515,0.016641750931739807,0.3748624920845032,621,269
113,3766,17,0.6534125208854675,0.5428163409233093,-0.15778769552707672,0.871309220790863,627,293
113,3766,18,0.6480836272239685,0.5193970203399658,0.012715531513094902,0.40040427446365356,622,280
113,3766,19,0.6473279595375061,0.5423617959022522,-0.16070236265659332,0.8715326189994812,621,292
113,3766,20,0.6462816596031189,0.5196689367294312,-0.00015491052181459963,0.4083431661128998,620,280
113,3766,21,0.6470655798912048,0.534640371799469,-0.14597073197364807,0.832615315914154,621,288
113,3766,22,0.6453539729118347,0.5127490758895874,0.008704541251063347,0.40261366963386536,619,276
113,3766,23,0.6542980074882507,0.5026620626449585,-0.05913157761096954,0.9999862313270569,628,271
113,3766,24,0.6394544243812561,0.4971008896827698,0.0591777078807354,0.9999770522117615,613,268
113,3766,25,0.6371332406997681,0.6188229322433472,-0.003291721222922206,0.9902951717376709,611,334
113,3766,26,0.6193512082099915,0.6022136807441711,0.09471552819013596,0.872433066368103,594,325
113,3766,27,0.6357305645942688,0.7436190843582153,0.053278010338544846,0.9951435327529907,610,401
113,3766,28,0.6713194251060486,0.6850096583366394,0.13552898168563843,0.9646274447441101,644,369
113,3766,29,0.6442002058029175,0.7706483006477356,0.056442443281412125,0.9829028844833374,618,416
113,3766,30,0.6862649917602539,0.6807352900505066,0.1391119360923767,0.9615509510040283,658,367
113,3766,31,0.596832811832428,0.7738825678825378,-0.001915498054586351,0.9944125413894653,572,417
113,3766,32,0.6717902421951294,0.7491831183433533,0.10277044773101807,0.9741135835647583,644,404
114,3800,0,0.6253625750541687,0.2519518733024597,-0.09537103027105331,0.9938694834709167,600,136
114,3800,1,0.6284977793693542,0.2392498403787613,-0.10746543109416962,0.9959236979484558,603,129
114,3800,2,0.6292302012443542,0.23885443806648254,-0.10763196647167206,0.9967966675758362,604,128
114,3800,3,0.6295677423477173,0.2383541464805603,-0.10760186612606049,0.9973058104515076,604,128
114,3800,4,0.6286555528640747,0.23934079706668854,-0.08889475464820862,0.9955882430076599,603,129
114,3800,5,0.6292276382446289,0.23892243206501007,-0.08909393101930618,0.9965153932571411,604,129
114,3800,6,0.629555881023407,0.23838159441947937,-0.08921825885772705,0.9966489672660828,604,128
114,3800,7,0.6366792321205139,0.2424491047859192,-0.12363126873970032,0.9989436268806458,611,130
114,3800,8,0.6360452175140381,0.24214576184749603,-0.044794466346502304,0.9950289726257324,610,130
114,3800,9,0.6284541487693787,0.2623228430747986,-0.09806796163320541,0.9956706166267395,603,141
114,3800,10,0.6280297636985779,0.26311981678009033,-0.07528524100780487,0.9927138090133667,602,142
114,3800,11,0.6531015038490295,0.3179885745048523,-0.15954993665218353,0.9999465346336365,626,171
114,3800,12,0.6393627524375916,0.3143301010131836,0.03601019084453583,0.9975137114524841,613,169
114,3800,13,0.652118980884552,0.42729365825653076,-0.16948814690113068,0.9823622107505798,626,230
114,3800,14,0.6398004293441772,0.4181908369064331,0.058231618255376816,0.08300121873617172,614,225
114,3800,15,0.6385499835014343,0.5103618502616882,-0.15202990174293518,0.8969928026199341,613,275
114,3800,16,0.6336507201194763,0.4947466254234314,0.020646773278713226,0.3380935490131378,608,267
114,3800,17,0.6374435424804688,0.5359542965888977,-0.16405810415744781,0.8761282563209534,611,289
114,3800,18,0.6289607882499695,0.516045331954956,0.0169918742030859,0.361734002828598,603,278
114,3800,19,0.6314619183540344,0.5384352803230286,-0.16761231422424316,0.8762102127075195,606,290
114,3800,20,0.6287239193916321,0.5171536803245544,0.0024247681722044945,0.3689255118370056,603,279
114,3800,21,0.6311147212982178,0.5299710035324097,-0.15134578943252563,0.8367257118225098,605,286
114,3800,22,0.6298733353614807,0.5102018117904663,0.012384654954075813,0.36393892765045166,604,275
114,3800,23,0.6472627520561218,0.4981328845024109,-0.05962430685758591,0.9999837875366211,621,268
114,3800,24,0.6337830424308777,0.49485835433006287,0.05967656150460243,0.9999666810035706,608,267
114,3800,25,0.631976842880249,0.6178759932518005,-0.025771068409085274,0.9886490106582642,606,333
114,3800,26,0.609980583190918,0.6018120050430298,0.08268419653177261,0.8251633644104004,585,324
114,3800,27,0.6344897747039795,0.7423373460769653,0.0218290276825428,0.994763195514679,609,400
114,3800,28,0.6520545482635498,0.6850626468658447,0.13039910793304443,0.9356328845024109,625,369
114,3800,29,0.6431521773338318,0.7685030102729797,0.02398957870900631,0.9805976152420044,617,414
114,3800,30,0.6685280203819275,0.6847758293151855,0.1332693248987198,0.9405044913291931,641,369
114,3800,31,0.5964372158050537,0.7732806205749512,-0.028696531429886818,0.9935142993927002,572,417
114,3800,32,0.6418556571006775,0.7372180223464966,0.0998745784163475,0.9535402059555054,616,398
115,3833,0,0.6253734827041626,0.2520938217639923,-0.09545700252056122,0.9940240383148193,600,136
115,3833,1,0.6284046769142151,0.239542156457901,-0.10777454823255539,0.9959716200828552,603,129
115,3833,2,0.6290536522865295,0.23918366432189941,-0.10794149339199066,0.996825098991394,603,129
115,3833,3,0.6294282078742981,0.23872262239456177,-0.10790860652923584,0.9973322749137878,604,128
115,3833,4,0.6280564665794373,0.2396077811717987,-0.08948644250631332,0.995639443397522,602,129
115,3833,5,0.6285096406936646,0.23920884728431702,-0.08968249708414078,0.9965355396270752,603,129
115,3833,6,0.6287389397621155,0.23866498470306396,-0.08980722725391388,0.9966719150543213,603,128
115,3833,7,0.6358173489570618,0.24286885559558868,-0.12389266490936279,0.998945415019989,610,131
115,3833,8,0.6356105804443359,0.24261263012886047,-0.04399112984538078,0.9950653910636902,610,131
115,3833,9,0.629753053188324,0.2625727951526642,-0.09824702143669128,0.9957007765769958,604,141
115,3833,10,0.628150999546051,0.2633877396583557,-0.07535994797945023,0.9927395582199097,603,142
115,3833,11,0.652813732624054,0.317117303609848,-0.1580391526222229,0.9999473094940186,626,171
115,3833,12,0.6398991346359253,0.314480721950531,0.03815694525837898,0.9974101781845093,614,169
115,3833,13,0.65183424949646,0.4237457811832428,-0.1696486920118332,0.983071506023407,625,228
115,3833,14,0.636768102645874,0.4162951707839966,0.06480174511671066,0.07532254606485367,611,224
115,3833,15,0.6372352838516235,0.5049740672111511,-0.15417097508907318,0.9035748243331909,611,272
115,3833,16,0.628816545009613,0.49135464429855347,0.024534834548830986,0.3063124716281891,603,265
115,3833,17,0.6371791958808899,0.5325045585632324,-0.1656130701303482,0.8828373551368713,611,287
115,3833,18,0.626939594745636,0.5138805508613586,0.020029425621032715,0.3292320668697357,601,277
115,3833,19,0.6308614015579224,0.5339454412460327,-0.17046913504600525,0.8828821182250977,605,288
115,3833,20,0.6249767541885376,0.5159026980400085,0.003992903046309948,0.3358975350856781,599,278
115,3833,21,0.6301338076591492,0.5248270034790039,-0.15392479300498962,0.8439344763755798,604,283
115,3833,22,0.6243887543678284,0.5059976577758789,0.015663642436265945,0.33151713013648987,599,273
115,3833,23,0.6444407105445862,0.49812740087509155,-0.06170332059264183,0.9999808669090271,618,268
115,3833,24,0.6319423913955688,0.4940020442008972,0.061751529574394226,0.9999567270278931,606,266
115,3833,25,0.6315159201622009,0.6178975701332092,-0.023347705602645874,0.9870305061340332,606,333
115,3833,26,0.6088219881057739,0.6020183563232422,0.1011214628815651,0.780889630317688,584,325
115,3833,27,0.633971095085144,0.7423437833786011,0.02575315721333027,0.9944835305213928,608,400
115,3833,28,0.6489596962928772,0.6878693699836731,0.150630384683609,0.9136683940887451,623,371
115,3833,29,0.6428804397583008,0.7684396505355835,0.027841920033097267,0.9789870977401733,617,414
115,3833,30,0.6657974720001221,0.6889618635177612,0.1540994942188263,0.9248074293136597,639,372
115,3833,31,0.5952394008636475,0.7732291221618652,-0.02786574698984623,0.9928950071334839,571,417
115,3833,32,0.6339654326438904,0.7394905090332031,0.1211525946855545,0.9396462440490723,608,399
116,3866,0,0.6170946955680847,0.2506408095359802,-0.07825326919555664,0.9932520389556885,592,135
116,3866,1,0.6201533079147339,0.23854084312915802,-0.09078116714954376,0.9951769113540649,595,128
116,3866,2,0.6206958293914795,0.23816318809986115,-0.09092853218317032,0.9960428476333618,595,128
116,3866,3,0.6210010051727295,0.23773102462291718,-0.09090123325586319,0.9968001246452332,596,128
116,3866,4,0.6204668879508972,0.23855307698249817,-0.07186578214168549,0.9947473406791687,595,128
116,3866,5,0.6211846470832825,0.23809707164764404,-0.07206069678068161,0.9956507682800293,596,128
116,3866,6,0.6217171549797058,0.23747293651103973,-0.07217700034379959,0.9960084557533264,596,128
116,3866,7,0.6279314160346985,0.24143795669078827,-0.11418870091438293,0.9986715912818909,602,130
116,3866,8,0.6293905973434448,0.2408154308795929,-0.029409918934106827,0.9938684105873108,604,130
116,3866,9,0.6203715801239014,0.2610478401184082,-0.08244147151708603,0.9946339726448059,595,140
116,3866,10,0.6200439929962158,0.26151585578918457,-0.05893445014953613,0.9908809065818787,595,141
116,3866,11,0.6439141035079956,0.3129590153694153,-0.15168003737926483,0.9999391436576843,618,168
116,3866,12,0.6362755298614502,0.31119483709335327,0.04902031272649765,0.9968191981315613,610,168
116,3866,13,0.6427282094955444,0.4186873137950897,-0.1679401695728302,0.9790995121002197,617,226
116,3866,14,0.6361745595932007,0.4115149676799774,0.07296621054410934,0.06793098151683807,610,222
116,3866,15,0.6232773661613464,0.4939047396183014,-0.1483767032623291,0.8857476711273193,598,266
116,3866,16,0.6260966658592224,0.4841029942035675,0.03285260125994682,0.275924950838089,601,261
116,3866,17,0.6193292140960693,0.5130353569984436,-0.16075973212718964,0.8604715466499329,594,277
116,3866,18,0.624561607837677,0.5055984854698181,0.028709594160318375,0.29680168628692627,599,273
116,3866,19,0.6154767274856567,0.5146992802619934,-0.16189758479595184,0.8596674799919128,590,277
116,3866,20,0.6207141280174255,0.5057735443115234,0.013607353903353214,0.30280807614326477,595,273
116,3866,21,0.616395890712738,0.5074869394302368,-0.14667750895023346,0.8123995661735535,591,274
116,3866,22,0.6208642721176147,0.49903416633605957,0.024219442158937454,0.29891878366470337,596,269
116,3866,23,0.6392579674720764,0.49482738971710205,-0.06272223591804504,0.9999744892120361,613,267
116,3866,24,0.6299397349357605,0.4924165606498718,0.06276442855596542,0.9999382495880127,604,265
116,3866,25,0.627272367477417,0.6169711351394653,-0.0293877013027668,0.9771367907524109,602,333
116,3866,26,0.6057887673377991,0.6008869409561157,0.09665349125862122,0.7116754651069641,581,324
116,3866,27,0.6338036060333252,0.7421292066574097,0.018979066982865334,0.9910504817962646,608,400
116,3866,28,0.6426562070846558,0.6882746815681458,0.14686638116836548,0.8488092422485352,616,371
116,3866,29,0.6430765986442566,0.7685061693191528,0.02091255411505699,0.9673081636428833,617,414
116,3866,30,0.6559668779373169,0.6964543461799622,0.1505451798439026,0.8727322220802307,629,376
116,3866,31,0.5956038236618042,0.7732505202293396,-0.033727969974279404,0.987244725227356,571,417
116,3866,32,0.6220242977142334,0.7314563393592834,0.12075509130954742,0.8855490684509277,597,394
117,3900,0,0.6154375076293945,0.2504754364490509,-0.08412221819162369,0.9916418790817261,590,135
117,3900,1,0.618425726890564,0.23840852081775665,-0.09580949693918228,0.9934303164482117,593,128
117,3900,2,0.6189770102500916,0.23808102309703827,-0.09596420079469681,0.9944023489952087,594,128
117,3900,3,0.6194164156913757,0.23768991231918335,-0.09593220800161362,0.9956128001213074,594,128
117,3900,4,0.6187216639518738,0.23840615153312683,-0.07697363942861557,0.993070662021637,593,128
117,3900,5,0.6193905472755432,0.2380209118127823,-0.07717279344797134,0.9941355586051941,594,128
117,3900,6,0.6198360919952393,0.2374817132949829,-0.07729248702526093,0.9949018955230713,595,128
117,3900,7,0.6263512969017029,0.24146324396133423,-0.11610564589500427,0.9980015158653259,601,130
117,3900,8,0.6276577115058899,0.24063418805599213,-0.030318457633256912,0.9916573762893677,602,129
117,3900,9,0.6195810437202454,0.2610015571117401,-0.08705466240644455,0.9929617047309875,594,140
117,3900,10,0.6188777685165405,0.26143115758895874,-0.06355029344558716,0.9883049130439758,594,141
117,3900,11,0.6429803371429443,0.3106998801231384,-0.15270012617111206,0.9999289512634277,617,167
117,3900,12,0.6358997225761414,0.31008338928222656,0.051957421004772186,0.996522068977356,610,167
117,3900,13,0.64305180311203,0.416730672121048,-0.16941650211811066,0.9755373597145081,617,225
117,3900,14,0.6350926756858826,0.41047409176826477,0.0777607262134552,0.06134899705648422,609,221
117,3900,15,0.621971845626831,0.49180805683135986,-0.1506192535161972,0.8618149161338806,597,265
117,3900,16,0.6222736835479736,0.48332032561302185,0.03167780488729477,0.24872799217700958,597,260
117,3900,17,0.6179285049438477,0.511242687702179,-0.1635046899318695,0.8306884169578552,593,276
117,3900,18,0.6208588480949402,0.505280077457428,0.026742029935121536,0.26786360144615173,596,272
117,3900,19,0.6139373779296875,0.511598527431488,-0.16516205668449402,0.829355001449585,589,276
117,3900,20,0.6165715456008911,0.5049318671226501,0.010609314776957035,0.2732902467250824,591,272
117,3900,21,0.6153764128684998,0.5053952932357788,-0.14910414814949036,0.7746344804763794,590,272
117,3900,22,0.6170355081558228,0.4979005455970764,0.022500591352581978,0.26983749866485596,592,268
117,3900,23,0.6387259364128113,0.49159902334213257,-0.0651024878025055,0.9999683499336243,613,265
117,3900,24,0.6283206939697266,0.4904695153236389,0.06514226645231247,0.9999255537986755,603,264
117,3900,25,0.6262943744659424,0.6166781783103943,-0.044416312128305435,0.9683318734169006,601,333
117,3900,26,0.6068685054779053,0.6009877920150757,0.08971364051103592,0.6528093218803406,582,324
117,3900,27,0.6334245204925537,0.7421211004257202,0.004518010187894106,0.9873390197753906,608,400
117,3900,28,0.6446731686592102,0.7066867351531982,0.14032234251499176,0.798518180847168,618,381
117,3900,29,0.6431435346603394,0.7686638236045837,0.0062520457431674,0.955274760723114,617,415
117,3900,30,0.6568732857704163,0.7092345952987671,0.1428004950284958,0.8325855731964111,630,382
117,3900,31,0.5957804322242737,0.7735596299171448,-0.05360312759876251,0.9813854694366455,571,417
117,3900,32,0.621656596660614,0.7345670461654663,0.10507924854755402,0.8441634774208069,596,396
118,3933,0,0.6117109060287476,0.25042545795440674,-0.07817351818084717,0.991692304611206,587,135
118,3933,1,0.6142436265945435,0.23827870190143585,-0.0873231515288353,0.9932839870452881,589,128
118,3933,2,0.6149757504463196,0.23790289461612701,-0.08746305108070374,0.9941712617874146,590,128
118,3933,3,0.6153538227081299,0.23749901354312897,-0.08744445443153381,0.995496392250061,590,128
118,3933,4,0.6142515540122986,0.23836690187454224,-0.07056472450494766,0.9929758310317993,589,128
118,3933,5,0.6147396564483643,0.2380249798297882,-0.07076259702444077,0.9939751029014587,590,128
118,3933,6,0.6149488091468811,0.23753757774829865,-0.07087881118059158,0.9948568940162659,590,128
118,3933,7,0.622503399848938,0.24124357104301453,-0.09945184737443924,0.9979037642478943,597,130
118,3933,8,0.6213666796684265,0.24080128967761993,-0.02377135306596756,0.9914655089378357,596,130
118,3933,9,0.6156616806983948,0.2609870135784149,-0.07857995480298996,0.9928943514823914,591,140
118,3933,10,0.6147216558456421,0.2614157199859619,-0.057882167398929596,0.9882029891014099,590,141
118,3933,11,0.6397445797920227,0.3113543689250946,-0.12962105870246887,0.9999249577522278,614,168
118,3933,12,0.6284112930297852,0.30973008275032043,0.05237843841314316,0.9964742660522461,603,167
118,3933,13,0.6343042850494385,0.4173041880130768,-0.14464014768600464,0.9720232486724854,608,225
118,3933,14,0.6283706426620483,0.4104984700679779,0.07658296078443527,0.05555729940533638,603,221
118,3933,15,0.6119576692581177,0.4934345483779907,-0.13380660116672516,0.8481592535972595,587,266
118,3933,16,0.6164990663528442,0.48284855484962463,0.033248599618673325,0.22447100281715393,591,260
118,3933,17,0.6066591739654541,0.5148310661315918,-0.14737647771835327,0.8134632110595703,582,278
118,3933,18,0.6116946935653687,0.5049794912338257,0.028019331395626068,0.24215272068977356,587,272
118,3933,19,0.6029625535011292,0.5144270658493042,-0.14897295832633972,0.8125391602516174,578,277
118,3933,20,0.6097421050071716,0.5046054124832153,0.011670523323118687,0.2470950186252594,585,272
118,3933,21,0.6041315793991089,0.508182168006897,-0.13259129226207733,0.7511659860610962,579,274
118,3933,22,0.6106942296028137,0.49721917510032654,0.024126052856445312,0.24401457607746124,586,268
118,3933,23,0.6356599926948547,0.48784276843070984,-0.060978349298238754,0.9999569654464722,610,263
118,3933,24,0.623350977897644,0.4876980781555176,0.06099850311875343,0.9999033808708191,598,263
118,3933,25,0.6231437921524048,0.6115473508834839,-0.06115976348519325,0.9537599682807922,598,330
118,3933,26,0.5928059220314026,0.5959554314613342,0.0592510923743248,0.595691978931427,569,321
118,3933,27,0.630099356174469,0.7366080284118652,-0.011693796142935753,0.9758679866790771,604,397
118,3933,28,0.6231110095977783,0.7120171189308167,0.10025586932897568,0.7400402426719666,598,384
118,3933,29,0.6411365866661072,0.760460615158081,-0.009586423635482788,0.9306737780570984,615,410
118,3933,30,0.6355422735214233,0.7337027788162231,0.1022663414478302,0.7770522832870483,610,396
118,3933,31,0.5962528586387634,0.7727298736572266,-0.06394380331039429,0.9685638546943665,572,417
118,3933,32,0.599492609500885,0.7478448748588562,0.06374505162239075,0.7920463681221008,575,403
119,3966,0,0.6131769418716431,0.24972330033779144,-0.08712637424468994,0.9922025799751282,588,134
119,3966,1,0.6157220602035522,0.23758700489997864,-0.08975142985582352,0.9936433434486389,591,128
119,3966,2,0.6163719892501831,0.23713330924510956,-0.0898691937327385,0.9944440722465515,591,128
119,3966,3,0.6167899966239929,0.23665018379688263,-0.08986479789018631,0.9957206845283508,592,127
119,3966,4,0.6150297522544861,0.23801936209201813,-0.07637679576873779,0.9933676719665527,590,128
119,3966,5,0.6153112649917603,0.2377728819847107,-0.07657305151224136,0.9942717552185059,590,128
119,3966,6,0.6153876781463623,0.2373793125152588,-0.07667864859104156,0.9951286911964417,590,128
119,3966,7,0.6226803660392761,0.2410496175289154,-0.10272113233804703,0.9979658126831055,597,130
119,3966,8,0.6210294961929321,0.24087323248386383,-0.026469813659787178,0.9917532205581665,596,130
119,3966,9,0.6173664927482605,0.2599814534187317,-0.07959172129631042,0.9931577444076538,592,140
119,3966,10,0.6154493093490601,0.26096922159194946,-0.06354125589132309,0.9886488318443298,590,140
119,3966,11,0.6393062472343445,0.3115999698638916,-0.13328975439071655,0.9999248385429382,613,168
119,3966,12,0.6265035271644592,0.30998480319976807,0.052797093987464905,0.996536135673523,601,167
119,3966,13,0.6319891810417175,0.4172757863998413,-0.15039654076099396,0.9709252715110779,606,225
119,3966,14,0.6261030435562134,0.4083695113658905,0.0772862434387207,0.05045899748802185,601,220
119,3966,15,0.6105538010597229,0.4941827952861786,-0.14077351987361908,0.8442556858062744,586,266
119,3966,16,0.6162455677986145,0.4816301167011261,0.032180119305849075,0.202910915017128,591,260
119,3966,17,0.605796754360199,0.5169904828071594,-0.1533360779285431,0.8067330718040466,581,279
119,3966,18,0.6114045977592468,0.5042534470558167,0.026755960658192635,0.21946485340595245,586,272
119,3966,19,0.6009534597396851,0.5166877508163452,-0.15627972781658173,0.8061633110046387,576,279
119,3966,20,0.609469473361969,0.5039464235305786,0.010070445947349072,0.22398275136947632,585,272
119,3966,21,0.6025575399398804,0.5101065039634705,-0.13986055552959442,0.7402231693267822,578,275
119,3966,22,0.6102578639984131,0.4973241686820984,0.022840645164251328,0.22121362388134003,585,268
119,3966,23,0.6355598568916321,0.4864542782306671,-0.0607963465154171,0.9999492764472961,610,262
119,3966,24,0.6232255101203918,0.48591935634613037,0.0608120895922184,0.9998890161514282,598,262
119,3966,25,0.6232836246490479,0.6093595623970032,-0.06435449421405792,0.9451955556869507,598,329
119,3966,26,0.5920990109443665,0.5930448174476624,0.056201912462711334,0.5484732985496521,568,320
119,3966,27,0.6276788115501404,0.7326803207397461,-0.017664320766925812,0.9694011211395264,602,395
119,3966,28,0.6219620108604431,0.7146121859550476,0.09404516220092773,0.6963908672332764,597,385
119,3966,29,0.6393347978591919,0.757211446762085,-0.015928704291582108,0.9164686799049377,613,408
119,3966,30,0.6317571997642517,0.7472595572471619,0.09573256224393845,0.735454261302948,606,403
119,3966,31,0.5964008569717407,0.7721108198165894,-0.07269065827131271,0.9611775279045105,572,416
119,3966,32,0.5996859669685364,0.7537474632263184,0.05389111489057541,0.7543053030967712,575,407
120,4000,0,0.6108772158622742,0.24975520372390747,-0.10315391421318054,0.9928085207939148,586,134
120,4000,1,0.6123128533363342,0.23770955204963684,-0.11045259982347488,0.9941210150718689,587,128
120,4000,2,0.6125157475471497,0.23726388812065125,-0.1106080561876297,0.9948647022247314,588,128
120,4000,3,0.6124637722969055,0.2367992103099823,-0.1105886921286583,0.9960463047027588,587,127
120,4000,4,0.6127560138702393,0.238124281167984,-0.09430607408285141,0.9938523769378662,588,128
120,4000,5,0.613033652305603,0.23786166310310364,-0.09449449181556702,0.994674801826477,588,128
120,4000,6,0.6131631135940552,0.2374131977558136,-0.0945979431271553,0.9954596161842346,588,128
120,4000,7,0.6235267519950867,0.24107979238033295,-0.11652294546365738,0.9981181621551514,598,130
120,4000,8,0.6175181865692139,0.24117496609687805,-0.040350135415792465,0.9922641515731812,592,130
120,4000,9,0.6137003302574158,0.2600919306278229,-0.099049873650074,0.9936704039573669,589,140
120,4000,10,0.6122702956199646,0.26107802987098694,-0.07943223416805267,0.9894497990608215,587,140
120,4000,11,0.6354434490203857,0.31170544028282166,-0.15342757105827332,0.9999294877052307,610,168
120,4000,12,0.6192954778671265,0.3097507059574127,0.052545275539159775,0.9965684413909912,594,167
120,4000,13,0.6257689595222473,0.41651758551597595,-0.1665317267179489,0.9734284281730652,600,224
120,4000,14,0.6223148703575134,0.40762436389923096,0.07732748985290527,0.04633113369345665,597,220
120,4000,15,0.6010453701019287,0.49460992217063904,-0.15299788117408752,0.8582563400268555,577,267
120,4000,16,0.612313449382782,0.48184123635292053,0.033818986266851425,0.18391287326812744,587,260
120,4000,17,0.5953606963157654,0.5182157158851624,-0.16918374598026276,0.8230646848678589,571,279
120,4000,18,0.6066479086875916,0.5054484605789185,0.02889757789671421,0.19961710274219513,582,272
120,4000,19,0.5896183848381042,0.5179311037063599,-0.16992279887199402,0.8225134015083313,566,279
120,4000,20,0.6050539016723633,0.5045698881149292,0.010418178513646126,0.2037930190563202,580,272
120,4000,21,0.5915201306343079,0.510131299495697,-0.15092243254184723,0.760360836982727,567,275
120,4000,22,0.6068590879440308,0.500291645526886,0.0237343218177557,0.2015092670917511,582,270
120,4000,23,0.6302400827407837,0.48722031712532043,-0.06191138178110123,0.9999492764472961,605,263
120,4000,24,0.612975001335144,0.48621514439582825,0.06194763630628586,0.999885082244873,588,262
120,4000,25,0.6255329251289368,0.6096901893615723,-0.05515921488404274,0.9494509696960449,600,329
120,4000,26,0.5819251537322998,0.5906475186347961,0.06018439680337906,0.5582141876220703,558,318
120,4000,27,0.6283901333808899,0.7333014607429504,-0.008971554227173328,0.971773087978363,603,395
120,4000,28,0.6065531373023987,0.7119834423065186,0.10246262699365616,0.7122576236724854,582,384
120,4000,29,0.6410565972328186,0.7583724856376648,-0.009090409614145756,0.9198011755943298,615,409
120,4000,30,0.6173840165138245,0.7357154488563538,0.10400143265724182,0.7445492744445801,592,397
120,4000,31,0.5964924097061157,0.7698399424552917,-0.06003642827272415,0.9639356732368469,572,415
120,4000,32,0.5794454216957092,0.7547973990440369,0.06554283946752548,0.7681180238723755,556,407
121,4033,0,0.6073200106620789,0.2498614490032196,-0.1024036779999733,0.9933085441589355,583,134
121,4033,1,0.6099684238433838,0.2377958744764328,-0.10995567589998245,0.9945011138916016,585,128
121,4033,2,0.6106049418449402,0.23735585808753967,-0.11010386794805527,0.995191216468811,586,128
121,4033,3,0.6110725402832031,0.23690645396709442,-0.11008404195308685,0.9962978959083557,586,127
121,4033,4,0.6091331243515015,0.23819591104984283,-0.09392976015806198,0.9942396283149719,584,128
121,4033,5,0.6092322468757629,0.23791927099227905,-0.09412509948015213,0.9949950575828552,584,128
121,4033,6,0.6091711521148682,0.237437441945076,-0.09423242509365082,0.9957308769226074,584,128
121,4033,7,0.6171985268592834,0.24117912352085114,-0.11449017375707626,0.9982328414916992,592,130
121,4033,8,0.6138895750045776,0.2412249743938446,-0.038159627467393875,0.9926923513412476,589,130
121,4033,9,0.6114628911018372,0.26018935441970825,-0.0981023833155632,0.9940717220306396,587,140
121,4033,10,0.6092943549156189,0.26118549704551697,-0.07891247421503067,0.9900823831558228,584,141
121,4033,11,0.6338769793510437,0.31151625514030457,-0.1481378823518753,0.9999317526817322,608,168
121,4033,12,0.6198244094848633,0.309661865234375,0.051513366401195526,0.9965717792510986,595,167
121,4033,13,0.6251450777053833,0.4155694842338562,-0.16115085780620575,0.975350558757782,600,224
121,4033,14,0.6192025542259216,0.4075930416584015,0.07660731673240662,0.04263648763298988,594,220
121,4033,15,0.5996004343032837,0.49356046319007874,-0.1491851508617401,0.8690527677536011,575,266
121,4033,16,0.6088343858718872,0.4817429184913635,0.03293154761195183,0.1667366921901703,584,260
121,4033,17,0.5939134955406189,0.5183390974998474,-0.16517919301986694,0.8351210951805115,570,279
121,4033,18,0.6032103300094604,0.5053904056549072,0.028164859861135483,0.18161028623580933,579,272
121,4033,19,0.5897828936576843,0.5163611173629761,-0.1658017933368683,0.8345054984092712,566,278
121,4033,20,0.6014212965965271,0.5044417381286621,0.009858532808721066,0.1854514330625534,577,272
121,4033,21,0.5912991762161255,0.5082398056983948,-0.1472499668598175,0.7737960815429688,567,274
121,4033,22,0.6024495959281921,0.49843648076057434,0.022966211661696434,0.18355700373649597,578,269
121,4033,23,0.6310178637504578,0.4870186746120453,-0.060982804745435715,0.9999480247497559,605,262
121,4033,24,0.6129449009895325,0.48574942350387573,0.06101926788687706,0.9998810887336731,588,262
121,4033,25,0.6262083649635315,0.6070725917816162,-0.0638476312160492,0.9528385400772095,601,327
121,4033,26,0.579574704170227,0.5886889696121216,0.045960526913404465,0.5605915784835815,556,317
121,4033,27,0.6291029453277588,0.7310283184051514,-0.007754073012620211,0.9734770059585571,603,394
121,4033,28,0.6044827699661255,0.710527241230011,0.09144845604896545,0.7220599055290222,580,383
121,4033,29,0.6412435173988342,0.75645911693573,-0.005718134343624115,0.9217038750648499,615,408
121,4033,30,0.6178511381149292,0.7330608367919922,0.09380050003528595,0.7487225532531738,593,395
121,4033,31,0.6005136966705322,0.7674453854560852,-0.06408712267875671,0.9658280611038208,576,414
121,4033,32,0.5799151062965393,0.7551513910293579,0.05044661462306976,0.7767972350120544,556,407
122,4066,0,0.6016585230827332,0.2512647807598114,-0.10213564336299896,0.9937613606452942,577,135
122,4066,1,0.6036472320556641,0.23848938941955566,-0.11206644028425217,0.9948340654373169,579,128
122,4066,2,0.6038587093353271,0.23801980912685394,-0.11222359538078308,0.9954801201820374,579,128
122,4066,3,0.6039025783538818,0.23751994967460632,-0.11219460517168045,0.9965221285820007,579,128
122,4066,4,0.6040818691253662,0.23894526064395905,-0.09468773007392883,0.9946019053459167,579,129
122,4066,5,0.6045242547988892,0.23871111869812012,-0.09488410502672195,0.9953076243400574,580,128
122,4066,6,0.604807436466217,0.2382941097021103,-0.0949922502040863,0.9959954619407654,580,128
122,4066,7,0.6100085973739624,0.24152851104736328,-0.12360917031764984,0.9983444213867188,585,130
122,4066,8,0.6098034977912903,0.24210569262504578,-0.04293803498148918,0.9931252002716064,585,130
122,4066,9,0.6051757335662842,0.26128554344177246,-0.10057666897773743,0.9944564700126648,580,141
122,4066,10,0.6039947867393494,0.26244649291038513,-0.07938525080680847,0.9907044172286987,579,141
122,4066,11,0.6283148527145386,0.31262925267219543,-0.15824493765830994,0.9999341368675232,603,168
122,4066,12,0.614456295967102,0.3098149001598358,0.04950947314500809,0.9966622591018677,589,167
122,4066,13,0.6174694299697876,0.4166349470615387,-0.165399968624115,0.9762735962867737,592,224
122,4066,14,0.6152828931808472,0.4108862280845642,0.07609545439481735,0.038774922490119934,590,221
122,4066,15,0.5885807871818542,0.4935261905193329,-0.14519451558589935,0.8718329668045044,565,266
122,4066,16,0.6039757132530212,0.4826381504535675,0.03231718763709068,0.15059836208820343,579,260
122,4066,17,0.5820323824882507,0.5173261761665344,-0.16035278141498566,0.8353831768035889,558,279
122,4066,18,0.5983722805976868,0.5053372383117676,0.02746017463505268,0.16448301076889038,574,272
122,4066,19,0.576910138130188,0.5125890374183655,-0.16048173606395721,0.8350448608398438,553,276
122,4066,20,0.5965633988380432,0.5051417946815491,0.009810900315642357,0.1680207997560501,572,272
122,4066,21,0.5793282389640808,0.505200207233429,-0.14285026490688324,0.7701199054718018,556,272
122,4066,22,0.5986306071281433,0.4987607002258301,0.022539863362908363,0.16640204191207886,574,269
122,4066,23,0.6226229071617126,0.48979702591896057,-0.06334520131349564,0.9999454021453857,597,264
122,4066,24,0.6053515076637268,0.4861096441745758,0.06339293718338013,0.9998733997344971,581,262
122,4066,25,0.6223208904266357,0.6111149191856384,-0.04369141161441803,0.9544245004653931,597,330
122,4066,26,0.5756237506866455,0.5892097353935242,0.0752834752202034,0.5483930110931396,552,318
122,4066,27,0.6296770572662354,0.7359701991081238,0.01559779979288578,0.9747986197471619,604,397
122,4066,28,0.5849717855453491,0.7153488397598267,0.12192811071872711,0.7313272356987,561,386
122,4066,29,0.641237199306488,0.7606031894683838,0.016935663297772408,0.9198666214942932,615,410
122,4066,30,0.594383955001831,0.7377700805664062,0.12371392548084259,0.7518773674964905,570,398
122,4066,31,0.5999053716659546,0.7702463865280151,-0.06169362738728523,0.9673573970794678,575,415
122,4066,32,0.5530579090118408,0.7560864090919495,0.06456682085990906,0.7875444293022156,530,408
123,4100,0,0.5978451371192932,0.2512873411178589,-0.1019599512219429,0.9940921664237976,573,135
123,4100,1,0.6010827422142029,0.238529235124588,-0.1125447005033493,0.9950471520423889,577,128
123,4100,2,0.6016050577163696,0.2380676567554474,-0.11270272731781006,0.9956622123718262,577,128
123,4100,3,0.6020823121070862,0.23757894337177277,-0.11267019808292389,0.9966543912887573,577,128
123,4100,4,0.6010825634002686,0.23898360133171082,-0.09430036693811417,0.994833767414093,577,129
123,4100,5,0.601487398147583,0.23875907063484192,-0.09450028836727142,0.9955127835273743,577,128
123,4100,6,0.6016868948936462,0.23834514617919922,-0.09461390972137451,0.9961687922477722,577,128
123,4100,7,0.6083441972732544,0.2415824681520462,-0.12533551454544067,0.9984172582626343,584,130
123,4100,8,0.6072781682014465,0.24213144183158875,-0.04184211045503616,0.9934177398681641,582,130
123,4100,9,0.601996123790741,0.2613042891025543,-0.10127460956573486,0.9946988821029663,577,141
123,4100,10,0.6011127829551697,0.26245713233947754,-0.07886084914207458,0.9910972118377686,577,141
123,4100,11,0.6268517374992371,0.31274932622909546,-0.15745674073696136,0.9999343752861023,601,168
123,4100,12,0.6147295832633972,0.3098998963832855,0.04913664609193802,0.9967032074928284,590,167
123,4100,13,0.6152142286300659,0.4172619879245758,-0.16528503596782684,0.9767704606056213,590,225
123,4100,14,0.6144964098930359,0.41090723872184753,0.0766962394118309,0.03531453013420105,589,221
123,4100,15,0.5875953435897827,0.4938534200191498,-0.14068685472011566,0.872392475605011,564,266
123,4100,16,0.6007517576217651,0.4827490448951721,0.03302169218659401,0.13615164160728455,576,260
123,4100,17,0.5816118121147156,0.5168197751045227,-0.15529486536979675,0.8332403302192688,558,279
123,4100,18,0.5944005250930786,0.5055392980575562,0.028029343113303185,0.14914648234844208,570,272
123,4100,19,0.5770683288574219,0.5117897987365723,-0.1555968075990677,0.8329184651374817,553,276
123,4100,20,0.5932713150978088,0.505165696144104,0.010053187608718872,0.15240536630153656,569,272
123,4100,21,0.5787714719772339,0.5039328932762146,-0.1384183019399643,0.7629328966140747,555,272
123,4100,22,0.5941944718360901,0.4989553391933441,0.023101316764950752,0.15102651715278625,570,269
123,4100,23,0.6224342584609985,0.4914027452468872,-0.06354417651891708,0.9999430179595947,597,265
123,4100,24,0.6037930250167847,0.48715266585350037,0.06358885765075684,0.9998685121536255,579,263
123,4100,25,0.6206473112106323,0.6160969734191895,-0.04150896146893501,0.9565531015396118,595,332
123,4100,26,0.5746368765830994,0.5900319814682007,0.08622987568378448,0.5423433780670166,551,318
123,4100,27,0.6300405859947205,0.7388995885848999,0.02880093641579151,0.9759892821311951,604,399
123,4100,28,0.583379864692688,0.7164382338523865,0.13476555049419403,0.7431421279907227,560,386
123,4100,29,0.6414293050765991,0.7637655735015869,0.03172006085515022,0.9189915657043457,615,412
123,4100,30,0.5916591286659241,0.7379011511802673,0.13685855269432068,0.7573833465576172,567,398
123,4100,31,0.5999647378921509,0.7750851511955261,-0.0395682193338871,0.968678891658783,575,418
123,4100,32,0.550803005695343,0.7570005655288696,0.08225554972887039,0.7988209128379822,528,408
124,4133,0,0.592819094657898,0.25117549300193787,-0.08870328962802887,0.9943945407867432,569,135
124,4133,1,0.5949350595474243,0.2385607361793518,-0.10171152651309967,0.9951962232589722,571,128
124,4133,2,0.5951499342918396,0.23808805644512177,-0.10186512768268585,0.9957976937294006,571,128
124,4133,3,0.5950967669487,0.2376217544078827,-0.1018403023481369,0.9967657327651978,571,128
124,4133,4,0.5959179401397705,0.23909075558185577,-0.08223509043455124,0.9949894547462463,572,129
124,4133,5,0.596949577331543,0.2388746738433838,-0.08242078870534897,0.9956458806991577,573,128
124,4133,6,0.5976079702377319,0.2385019063949585,-0.08251482993364334,0.9962889552116394,573,128
124,4133,7,0.6004409790039062,0.24175943434238434,-0.12508447468280792,0.9984800815582275,576,130
124,4133,8,0.6033934950828552,0.24255280196666718,-0.03546401113271713,0.9935639500617981,579,130
124,4133,9,0.5954341888427734,0.26116371154785156,-0.0918847993016243,0.9949437379837036,571,141
124,4133,10,0.5956459045410156,0.2623618543148041,-0.06758644431829453,0.9914700388908386,571,141
124,4133,11,0.6195498108863831,0.3128480613231659,-0.1581270396709442,0.9999368190765381,594,168
124,4133,12,0.609273374080658,0.31046995520591736,0.05558006465435028,0.9967356324195862,584,167
124,4133,13,0.6084505319595337,0.41623443365097046,-0.17254319787025452,0.9779202342033386,584,224
124,4133,14,0.6081879734992981,0.4121803045272827,0.08731881529092789,0.032023102045059204,583,222
124,4133,15,0.5783940553665161,0.4910217821598053,-0.1536513715982437,0.8768236637115479,555,265
124,4133,16,0.5943198800086975,0.48367953300476074,0.04383869841694832,0.12288998067378998,570,261
124,4133,17,0.5716733932495117,0.5132426023483276,-0.17136836051940918,0.8356931805610657,548,277
124,4133,18,0.5899308919906616,0.5060489177703857,0.03920618072152138,0.1348959356546402,566,273
124,4133,19,0.5664021372795105,0.5078452825546265,-0.1699107140302658,0.8351119756698608,543,274
124,4133,20,0.5868560075759888,0.5058697462081909,0.019590623676776886,0.13787880539894104,563,273
124,4133,21,0.5689315795898438,0.5011318922042847,-0.15089775621891022,0.760524570941925,546,270
124,4133,22,0.5883100628852844,0.4989057183265686,0.03313630074262619,0.1367015689611435,564,269
124,4133,23,0.6144164800643921,0.49205175042152405,-0.06477629393339157,0.9999393820762634,589,265
124,4133,24,0.597570538520813,0.48802071809768677,0.06481888145208359,0.9998568296432495,573,263
124,4133,25,0.6192238330841064,0.6181499361991882,-0.0408535860478878,0.9578784108161926,594,333
124,4133,26,0.5731639862060547,0.5945947766304016,0.08930930495262146,0.5257650017738342,550,321
124,4133,27,0.630592405796051,0.7409297227859497,0.02666865475475788,0.9767549633979797,605,400
124,4133,28,0.5643320083618164,0.7305920124053955,0.1350439488887787,0.7517592310905457,541,394
124,4133,29,0.6419370174407959,0.7679858803749084,0.025788940489292145,0.9148579835891724,616,414
124,4133,30,0.5709037184715271,0.7582999467849731,0.13653366267681122,0.7608404159545898,548,409
124,4133,31,0.5996502637863159,0.7755790948867798,-0.056868188083171844,0.969461977481842,575,418
124,4133,32,0.5284742116928101,0.7536899447441101,0.08172257989645004,0.8080240488052368,507,406
125,4166,0,0.5922687649726868,0.25119128823280334,-0.08434844017028809,0.9946509599685669,568,135
125,4166,1,0.5943984985351562,0.23860877752304077,-0.09729130566120148,0.9953223466873169,570,128
125,4166,2,0.5946370959281921,0.23811762034893036,-0.09744367748498917,0.9959122538566589,570,128
125,4166,3,0.5945132374763489,0.23769930005073547,-0.09741261601448059,0.9968417882919312,570,128
125,4166,4,0.5954706072807312,0.2391188144683838,-0.07776129990816116,0.9951319694519043,571,129
125,4166,5,0.5962159037590027,0.23891086876392365,-0.07795093208551407,0.9957807064056396,572,129
125,4166,6,0.5967427492141724,0.2385505884885788,-0.07805098593235016,0.996396541595459,572,128
125,4166,7,0.5993673205375671,0.24215158820152283,-0.12118765711784363,0.9985384941101074,575,130
125,4166,8,0.6033439040184021,0.24260465800762177,-0.03037918545305729,0.9937833547592163,579,131
125,4166,9,0.5951011776924133,0.2611801028251648,-0.08737222105264664,0.9951652884483337,571,141
125,4166,10,0.5952720046043396,0.26237574219703674,-0.06293627619743347,0.9918255805969238,571,141
125,4166,11,0.6173849701881409,0.31296706199645996,-0.15776625275611877,0.9999372959136963,592,169
125,4166,12,0.6084502935409546,0.3106408715248108,0.058905228972435,0.996730387210846,584,167
125,4166,13,0.6068910956382751,0.41419729590415955,-0.17193229496479034,0.9786394834518433,582,223
125,4166,14,0.6072271466255188,0.41182810068130493,0.0890159159898758,0.029126297682523727,582,222
125,4166,15,0.578797459602356,0.48839670419692993,-0.1517557054758072,0.8800508379936218,555,263
125,4166,16,0.5904330611228943,0.4833708107471466,0.043046459555625916,0.11107850819826126,566,261
125,4166,17,0.5718165040016174,0.51069575548172,-0.1700970083475113,0.8379275798797607,548,275
125,4166,18,0.5868357419967651,0.503540575504303,0.0380462221801281,0.12234871834516525,563,271
125,4166,19,0.5677951574325562,0.5060554146766663,-0.1680557131767273,0.8373508453369141,545,273
125,4166,20,0.5826711654663086,0.5043697357177734,0.018702631816267967,0.1251167356967926,559,272
125,4166,21,0.5699567198753357,0.49903106689453125,-0.14898501336574554,0.759340763092041,547,269
125,4166,22,0.5840680599212646,0.49689021706581116,0.0324220135807991,0.12414683401584625,560,268
125,4166,23,0.61542147397995,0.4930487275123596,-0.06484635174274445,0.9999293088912964,590,266
125,4166,24,0.598308801651001,0.4890410304069519,0.06488557159900665,0.9998329281806946,574,264
125,4166,25,0.6181176900863647,0.618971049785614,-0.03349345922470093,0.9596335291862488,593,334
125,4166,26,0.5716850757598877,0.5950266718864441,0.0879301205277443,0.5244610905647278,548,321
125,4166,27,0.6317919492721558,0.7416974306106567,0.029280612245202065,0.9777981042861938,606,400
125,4166,28,0.5632773041725159,0.730018675327301,0.13268016278743744,0.7642552852630615,540,394
125,4166,29,0.6425826549530029,0.7684146165847778,0.030044768005609512,0.9131641983985901,616,414
125,4166,30,0.5679208040237427,0.7575495839118958,0.13419659435749054,0.7683004140853882,545,409
125,4166,31,0.5996267795562744,0.7753175497055054,-0.04888869822025299,0.9705679416656494,575,418
125,4166,32,0.5268093943595886,0.7513415217399597,0.08126752823591232,0.8191381096839905,505,405
126,4200,0,0.5844335556030273,0.25184258818626404,-0.08640697598457336,0.9949407577514648,561,135
126,4200,1,0.5864182114601135,0.24021580815315247,-0.10032189637422562,0.9954641461372375,562,129
126,4200,2,0.586376965045929,0.2398177534341812,-0.10047833621501923,0.9960365295410156,562,129
126,4200,3,0.5861373543739319,0.23946832120418549,-0.10045378655195236,0.9969521760940552,562,129
126,4200,4,0.5880380868911743,0.2405596673488617,-0.07833380997180939,0.9952734708786011,564,129
126,4200,5,0.5890209078788757,0.24033315479755402,-0.07853661477565765,0.9959099292755127,565,129
126,4200,6,0.5902872681617737,0.23984143137931824,-0.0786595493555069,0.9965261816978455,566,129
126,4200,7,0.5906029343605042,0.24431830644607544,-0.1373271495103836,0.998598039150238,566,131
126,4200,8,0.5966379046440125,0.2441861778497696,-0.038752879947423935,0.9939638376235962,572,131
126,4200,9,0.5865557193756104,0.2618478834629059,-0.09165504574775696,0.9954378604888916,563,141
126,4200,10,0.5873773097991943,0.2629214823246002,-0.06341909617185593,0.9922694563865662,563,141
126,4200,11,0.6103181838989258,0.31482866406440735,-0.17770756781101227,0.9999402761459351,585,170
126,4200,12,0.6031219959259033,0.3113842010498047,0.05345332995057106,0.9968997240066528,578,168
126,4200,13,0.5960317850112915,0.41658031940460205,-0.18992872536182404,0.9799185395240784,572,224
126,4200,14,0.6044772267341614,0.41386812925338745,0.09017971158027649,0.026600871235132217,580,223
126,4200,15,0.5627076029777527,0.4876391291618347,-0.16067388653755188,0.8847513794898987,540,263
126,4200,16,0.5960930585861206,0.4930666983127594,0.05585286766290665,0.10040408372879028,572,266
126,4200,17,0.5541383028030396,0.508087158203125,-0.17942291498184204,0.84039705991745,531,274
126,4200,18,0.5926834940910339,0.5123302936553955,0.05192822590470314,0.11085767298936844,568,276
126,4200,19,0.5507124066352844,0.5027787685394287,-0.17643915116786957,0.8393932580947876,528,271
126,4200,20,0.5887073278427124,0.5135192275047302,0.03223066404461861,0.11341031640768051,565,277
126,4200,21,0.5538745522499084,0.49631574749946594,-0.15709415078163147,0.7566854357719421,531,268
126,4200,22,0.589974582195282,0.5053614377975464,0.04543319717049599,0.11261571198701859,566,272
126,4200,23,0.6054558157920837,0.49481281638145447,-0.06682682037353516,0.9999285936355591,581,267
126,4200,24,0.5889557003974915,0.49010246992111206,0.06686437875032425,0.9998306632041931,565,264
126,4200,25,0.6153428554534912,0.6196955442428589,-0.029522132128477097,0.9591385722160339,590,334
126,4200,26,0.5678490400314331,0.6008966565132141,0.10728712379932404,0.5095441937446594,545,324
126,4200,27,0.6318532824516296,0.7424023151397705,0.036955058574676514,0.9774447679519653,606,400
126,4200,28,0.5469032526016235,0.7319509983062744,0.16504254937171936,0.7718188762664795,525,395
126,4200,29,0.642607569694519,0.7690327167510986,0.038278866559267044,0.9012743830680847,616,415
126,4200,30,0.5500591993331909,0.7612280249595642,0.16739922761917114,0.7687524557113647,528,411
126,4200,31,0.5998589396476746,0.7755894064903259,-0.04244475066661835,0.9698431491851807,575,418
126,4200,32,0.5117951035499573,0.7426345944404602,0.10810990631580353,0.8267799019813538,491,401
127,4233,0,0.5840836763381958,0.25259315967559814,-0.07559642940759659,0.995249330997467,560,136
127,4233,1,0.5859782695770264,0.24082587659358978,-0.09065166115760803,0.9956472516059875,562,130
127,4233,2,0.5857449769973755,0.2405509650707245,-0.09080202132463455,0.996195912361145,562,129
127,4233,3,0.5853438973426819,0.24025912582874298,-0.0907730832695961,0.9970760941505432,561,129
127,4233,4,0.5879225134849548,0.24100056290626526,-0.07019675523042679,0.9954803586006165,564,130
127,4233,5,0.5889333486557007,0.24070465564727783,-0.07038512825965881,0.9960999488830566,565,129
127,4233,6,0.5903072953224182,0.24012182652950287,-0.0704866573214531,0.9966989159584045,566,129
127,4233,7,0.589687168598175,0.24552470445632935,-0.13093942403793335,0.9986696839332581,566,132
127,4233,8,0.5961799621582031,0.24471895396709442,-0.03293600305914879,0.9942787885665894,572,132
127,4233,9,0.5862804651260376,0.2625097632408142,-0.0825299397110939,0.9957255125045776,562,141
127,4233,10,0.5871158838272095,0.2636581063270569,-0.05663035437464714,0.9927600026130676,563,142
127,4233,11,0.6107329726219177,0.3165476620197296,-0.17019203305244446,0.9999428987503052,586,170
127,4233,12,0.6001525521278381,0.31264224648475647,0.05479433760046959,0.9970516562461853,576,168
127,4233,13,0.5955796837806702,0.4166024625301361,-0.18937429785728455,0.980689287185669,571,224
127,4233,14,0.5986398458480835,0.4142008423805237,0.09265322983264923,0.024273328483104706,574,223
127,4233,15,0.5627820491790771,0.48642319440841675,-0.1459244340658188,0.8861087560653687,540,262
127,4233,16,0.5874171853065491,0.49228358268737793,0.05872417613863945,0.09073658287525177,563,265
127,4233,17,0.554322361946106,0.5057517886161804,-0.16299626231193542,0.8392457365989685,532,273
127,4233,18,0.5800188779830933,0.5118454694747925,0.05520152673125267,0.1004653051495552,556,276
127,4233,19,0.5499470829963684,0.5005945563316345,-0.1599823534488678,0.8380418419837952,527,270
127,4233,20,0.578436017036438,0.5127569437026978,0.03603597357869148,0.10282573848962784,555,276
127,4233,21,0.5531957149505615,0.49419093132019043,-0.14233605563640594,0.7505935430526733,531,266
127,4233,22,0.5802462697029114,0.5047268271446228,0.048491764813661575,0.10220523923635483,557,272
127,4233,23,0.6067730188369751,0.4954030215740204,-0.06661470979452133,0.999923825263977,582,267
127,4233,24,0.5885525345802307,0.4903962314128876,0.0666506290435791,0.9998210668563843,565,264
127,4233,25,0.6139039397239685,0.6196588277816772,-0.02456030808389187,0.9576200842857361,589,334
127,4233,26,0.5668628811836243,0.6039631962776184,0.10251955687999725,0.49112778902053833,544,326
127,4233,27,0.6318981051445007,0.7423057556152344,0.03919191658496857,0.9760710000991821,606,400
127,4233,28,0.54563307762146,0.7323009371757507,0.15315958857536316,0.7731503844261169,523,395
127,4233,29,0.6426151394844055,0.7690282464027405,0.04064232110977173,0.8877779245376587,616,415
127,4233,30,0.5490959882736206,0.7605823874473572,0.15511561930179596,0.7650049328804016,527,410
127,4233,31,0.6000766158103943,0.7746333479881287,-0.035079408437013626,0.9680213332176208,576,418
127,4233,32,0.5098649859428406,0.7406446933746338,0.09965966641902924,0.8305613398551941,489,399
128,4266,0,0.5785906910896301,0.25353991985321045,-0.07910128682851791,0.9955099821090698,555,136
128,4266,1,0.5802544951438904,0.24213188886642456,-0.09394761919975281,0.9957743287086487,557,130
128,4266,2,0.5800024271011353,0.24182778596878052,-0.09411018341779709,0.9963119029998779,556,130
128,4266,3,0.5796365141868591,0.24152947962284088,-0.09408842772245407,0.997174859046936,556,130
128,4266,4,0.5824486017227173,0.2421455681324005,-0.07190772891044617,0.9956028461456299,559,130
128,4266,5,0.5836288928985596,0.24177223443984985,-0.07206518948078156,0.9962130784988403,560,130
128,4266,6,0.5848625898361206,0.24116632342338562,-0.07213091850280762,0.9968050718307495,561,130
128,4266,7,0.5836136341094971,0.24670924246311188,-0.1375032365322113,0.9987287521362305,560,133
128,4266,8,0.5907339453697205,0.2457021027803421,-0.04314705356955528,0.9944533705711365,567,132
128,4266,9,0.5803725719451904,0.2634393274784088,-0.08705103397369385,0.9959722757339478,557,142
128,4266,10,0.5815621018409729,0.26432135701179504,-0.05953425168991089,0.9931467175483704,558,142
128,4266,11,0.6029263734817505,0.3176002502441406,-0.18091300129890442,0.9999461770057678,578,171
128,4266,12,0.5973034501075745,0.31275492906570435,0.04763660207390785,0.9971851110458374,573,168
128,4266,13,0.5887477993965149,0.41908109188079834,-0.1945420205593109,0.9816055297851562,565,226
128,4266,14,0.5951849222183228,0.41479888558387756,0.09011996537446976,0.02204965427517891,571,223
128,4266,15,0.5527622103691101,0.48615339398384094,-0.16044235229492188,0.8890108466148376,530,262
128,4266,16,0.5884060263633728,0.49235936999320984,0.05968713387846947,0.08186978101730347,564,265
128,4266,17,0.5438838601112366,0.5057011842727661,-0.17913667857646942,0.8398088812828064,522,273
128,4266,18,0.5843631625175476,0.5115150809288025,0.05687681958079338,0.09081386029720306,560,276
128,4266,19,0.5406095385551453,0.5001950263977051,-0.1747564673423767,0.8382465839385986,518,270
128,4266,20,0.5802202820777893,0.5123043060302734,0.037741679698228836,0.09297098219394684,557,276
128,4266,21,0.5441761016845703,0.49353599548339844,-0.15629473328590393,0.7457579374313354,522,266
128,4266,22,0.5814305543899536,0.504411518573761,0.049624569714069366,0.09246170520782471,558,272
128,4266,23,0.6007774472236633,0.4982673227787018,-0.0674358606338501,0.9999232888221741,576,269
128,4266,24,0.5867659449577332,0.49248984456062317,0.0674746036529541,0.9998190999031067,563,265
128,4266,25,0.6100238561630249,0.6203869581222534,-0.014862877316772938,0.9543967843055725,585,335
128,4266,26,0.5612216591835022,0.6065556406974792,0.1169288158416748,0.46980172395706177,538,327
128,4266,27,0.6319324970245361,0.7423754930496216,0.061091773211956024,0.9734002351760864,606,400
128,4266,28,0.5336393713951111,0.7324769496917725,0.17292366921901703,0.7738762497901917,512,395
128,4266,29,0.6426626443862915,0.7692448496818542,0.06380032747983932,0.8690037131309509,616,415
128,4266,30,0.5361073613166809,0.7618653178215027,0.17518983781337738,0.759634256362915,514,411
128,4266,31,0.600111186504364,0.7745729684829712,-0.009964099153876305,0.9646360278129578,576,418
128,4266,32,0.5000675320625305,0.7354087829589844,0.11782363057136536,0.833238959312439,480,397
129,4300,0,0.5783728361129761,0.2541830837726593,-0.08113513141870499,0.9958032965660095,555,137
129,4300,1,0.5799112915992737,0.24271997809410095,-0.09571625292301178,0.9959675073623657,556,131
129,4300,2,0.5795438289642334,0.24249570071697235,-0.09587613493204117,0.9964731931686401,556,130
129,4300,3,0.5790597200393677,0.2422475516796112,-0.09585141390562057,0.9973039031028748,555,130
129,4300,4,0.5820121169090271,0.24248705804347992,-0.07482577860355377,0.9958171844482422,558,130
129,4300,5,0.5832904577255249,0.2421075850725174,-0.07499779760837555,0.996399998664856,559,130
129,4300,6,0.5843631029129028,0.2414536029100418,-0.07507971674203873,0.9969732165336609,560,130
129,4300,7,0.5828031897544861,0.24765557050704956,-0.1338125765323639,0.99879390001297,559,133
129,4300,8,0.5900970101356506,0.24601934850215912,-0.041933998465538025,0.9947296977043152,566,132
129,4300,9,0.5801601409912109,0.26463544368743896,-0.08794295787811279,0.9962277412414551,556,142
129,4300,10,0.5810540318489075,0.2651787996292114,-0.06168138235807419,0.9935789108276367,557,143
129,4300,11,0.6009236574172974,0.3184160590171814,-0.17487701773643494,0.9999489784240723,576,171
129,4300,12,0.5946274995803833,0.31496086716651917,0.04768599569797516,0.9973355531692505,570,170
129,4300,13,0.5877701044082642,0.41931506991386414,-0.18719656765460968,0.9818257689476013,564,226
129,4300,14,0.5910729169845581,0.416159451007843,0.08959319442510605,0.02004515565931797,567,224
129,4300,15,0.5539559721946716,0.4854777455329895,-0.15990948677062988,0.8875473141670227,531,262
129,4300,16,0.5777997970581055,0.4922679662704468,0.056380175054073334,0.07394720613956451,554,265
129,4300,17,0.5452808141708374,0.5042579174041748,-0.1771046221256256,0.8349029421806335,523,272
129,4300,18,0.5734625458717346,0.5089130997657776,0.05314631387591362,0.08224378526210785,550,274
129,4300,19,0.5410128831863403,0.49884361028671265,-0.17374391853809357,0.8330279588699341,519,269
129,4300,20,0.5680509209632874,0.5098782777786255,0.033651821315288544,0.08423212915658951,545,275
129,4300,21,0.5450708270072937,0.4923841655254364,-0.1555202454328537,0.7346108555793762,523,265
129,4300,22,0.5697740912437439,0.5026984214782715,0.04602768272161484,0.08383198082447052,546,271
129,4300,23,0.5997006893157959,0.49974799156188965,-0.06726615130901337,0.9999234080314636,575,269
129,4300,24,0.5855664014816284,0.49461403489112854,0.06730335205793381,0.9998200535774231,562,267
129,4300,25,0.6085260510444641,0.6211532354354858,-0.01354056503623724,0.9512509703636169,584,335
129,4300,26,0.5619781017303467,0.6094307899475098,0.1118512824177742,0.4511476755142212,539,329
129,4300,27,0.6318678259849548,0.742255449295044,0.05920727550983429,0.9711434245109558,606,400
129,4300,28,0.5327844619750977,0.7323417663574219,0.16629786789417267,0.7741482853889465,511,395
129,4300,29,0.6426109075546265,0.768875777721405,0.061616696417331696,0.8531654477119446,616,415
129,4300,30,0.5353536009788513,0.7629121541976929,0.16855500638484955,0.7542251348495483,513,411
129,4300,31,0.6003304123878479,0.7745118141174316,-0.010918444022536278,0.9619147181510925,576,418
129,4300,32,0.4996393918991089,0.7338269948959351,0.11285191029310226,0.8357697129249573,479,396
130,4333,0,0.5696951150894165,0.2548123598098755,-0.09454388171434402,0.9961154460906982,546,137
130,4333,1,0.5720955729484558,0.24343834817409515,-0.10933593660593033,0.9962201714515686,549,131
130,4333,2,0.5721781849861145,0.24319826066493988,-0.1094922125339508,0.9966928958892822,549,131
130,4333,3,0.5720534920692444,0.24298246204853058,-0.10946960747241974,0.9974756240844727,549,131
130,4333,4,0.5732541680335999,0.24317395687103271,-0.08839748799800873,0.9960728287696838,550,131
130,4333,5,0.5741415619850159,0.24270957708358765,-0.08857939392328262,0.996615469455719,551,131
130,4333,6,0.5748544335365295,0.2420194000005722,-0.08866792172193527,0.9971593618392944,551,130
130,4333,7,0.5764749050140381,0.24787196516990662,-0.1396038830280304,0.9988700747489929,553,133
130,4333,8,0.5815891027450562,0.2462630718946457,-0.04586280882358551,0.9950110912322998,558,132
130,4333,9,0.5722006559371948,0.26506486535072327,-0.0998438149690628,0.9964743256568909,549,143
130,4333,10,0.572636067867279,0.26555919647216797,-0.07349397987127304,0.9939829111099243,549,143
130,4333,11,0.5952261686325073,0.3191656768321991,-0.17754678428173065,0.9999518394470215,571,172
130,4333,12,0.5871275067329407,0.3151637613773346,0.04640890657901764,0.997480034828186,563,170
130,4333,13,0.5813608169555664,0.4195861518383026,-0.19263052940368652,0.9828327298164368,558,226
130,4333,14,0.5865446329116821,0.41664066910743713,0.08875185996294022,0.018300894647836685,563,224
130,4333,15,0.5455996990203857,0.4853293001651764,-0.1671910136938095,0.8922946453094482,523,262
130,4333,16,0.5830634236335754,0.4957509934902191,0.05584339424967766,0.066822350025177,559,267
130,4333,17,0.5368761420249939,0.5043908953666687,-0.18635720014572144,0.839020848274231,515,272
130,4333,18,0.579975426197052,0.5143299698829651,0.052159473299980164,0.07449667900800705,556,277
130,4333,19,0.5330418348312378,0.4990675747394562,-0.18252399563789368,0.8368858098983765,511,269
130,4333,20,0.5753509402275085,0.5152707099914551,0.03339527174830437,0.07631627470254898,552,278
130,4333,21,0.5359375476837158,0.4927399754524231,-0.16325850784778595,0.7357252836227417,514,266
130,4333,22,0.5765789151191711,0.5072900652885437,0.045865003019571304,0.07599959522485733,553,273
130,4333,23,0.59420245885849,0.49999502301216125,-0.06731247901916504,0.9999266266822815,570,269
130,4333,24,0.5794574618339539,0.4947298467159271,0.06734950840473175,0.9998273849487305,556,267
130,4333,25,0.6055037975311279,0.6217470765113831,-0.01768835447728634,0.9517784118652344,581,335
130,4333,26,0.5550661683082581,0.6108033061027527,0.11181017756462097,0.4424314498901367,532,329
130,4333,27,0.631808876991272,0.742315948009491,0.052424151450395584,0.9713602662086487,606,400
130,4333,28,0.5293619632720947,0.7339134812355042,0.16738112270832062,0.7819373607635498,508,396
130,4333,29,0.6426119208335876,0.7688270211219788,0.05631357803940773,0.8482048511505127,616,415
130,4333,30,0.5330770611763,0.7637134194374084,0.16949863731861115,0.7577066421508789,511,412
130,4333,31,0.6003184914588928,0.7744454741477966,-0.027050353586673737,0.9624624848365784,576,418
130,4333,32,0.4949464201927185,0.7351784706115723,0.11088886857032776,0.8432624936103821,475,396
131,4366,0,0.5697087645530701,0.25597649812698364,-0.09384666383266449,0.9964166283607483,546,138
131,4366,1,0.5717600584030151,0.24442033469676971,-0.10812465101480484,0.9964684247970581,548,131
131,4366,2,0.571721076965332,0.24413743615150452,-0.10828077793121338,0.9969102740287781,548,131
131,4366,3,0.5715144276618958,0.244002565741539,-0.10825677961111069,0.9976432919502258,548,131
131,4366,4,0.5726659893989563,0.24411918222904205,-0.08763944357633591,0.9963349103927612,549,131
131,4366,5,0.5738030076026917,0.24358825385570526,-0.08782374858856201,0.9968405365943909,550,131
131,4366,6,0.5744335055351257,0.24298053979873657,-0.08791521191596985,0.997352123260498,551,131
131,4366,7,0.5752939581871033,0.24933432042598724,-0.13747574388980865,0.9989455938339233,552,134
131,4366,8,0.5799532532691956,0.2474096566438675,-0.0451219417154789,0.9953166246414185,556,133
131,4366,9,0.5720686316490173,0.26619961857795715,-0.09862694889307022,0.9967293739318848,549,143
131,4366,10,0.572223961353302,0.26656582951545715,-0.07283774018287659,0.9944135546684265,549,143
131,4366,11,0.5942894220352173,0.3194141685962677,-0.17494234442710876,0.9999549388885498,570,172
131,4366,12,0.5844953656196594,0.31618064641952515,0.05099305883049965,0.997642993927002,561,170
131,4366,13,0.5802887678146362,0.4191889762878418,-0.19139155745506287,0.9836692810058594,557,226
131,4366,14,0.5800430178642273,0.4166557192802429,0.09238918870687485,0.016805164515972137,556,224
131,4366,15,0.5438511967658997,0.4850904047489166,-0.16487115621566772,0.8964083790779114,522,261
131,4366,16,0.572745680809021,0.49663448333740234,0.05549963191151619,0.060512445867061615,549,268
131,4366,17,0.535263180732727,0.5039517283439636,-0.18499936163425446,0.8426833748817444,513,272
131,4366,18,0.569550633430481,0.5151350498199463,0.051595207303762436,0.06770820170640945,546,278
131,4366,19,0.5311911702156067,0.4984951317310333,-0.18054760992527008,0.8405304551124573,509,269
131,4366,20,0.5645149350166321,0.5160865783691406,0.03230111673474312,0.06940263509750366,541,278
131,4366,21,0.5337902903556824,0.4927446246147156,-0.16010764241218567,0.737578809261322,512,266
131,4366,22,0.5660650730133057,0.5082129240036011,0.04521199315786362,0.06917845457792282,543,274
131,4366,23,0.5942016243934631,0.4999462068080902,-0.06724666804075241,0.9999284744262695,570,269
131,4366,24,0.5778201818466187,0.49540749192237854,0.06728173047304153,0.9998320937156677,554,267
131,4366,25,0.603437602519989,0.6216654181480408,-0.030040424317121506,0.9519016742706299,579,335
131,4366,26,0.5553274750709534,0.6117616891860962,0.1087346076965332,0.4359905421733856,533,330
131,4366,27,0.631822407245636,0.7422849535942078,0.03878355026245117,0.9702380895614624,606,400
131,4366,28,0.5279604196548462,0.7339874505996704,0.16405107080936432,0.7865427136421204,506,396
131,4366,29,0.6426836252212524,0.7690525054931641,0.04114556312561035,0.8384485840797424,616,415
131,4366,30,0.5310192704200745,0.7645024657249451,0.16725021600723267,0.7579473257064819,509,412
131,4366,31,0.6003378033638,0.7744051218032837,-0.03977733850479126,0.961678683757782,576,418
131,4366,32,0.49308979511260986,0.7362650036811829,0.10212411731481552,0.8486307263374329,473,397
132,4400,0,0.5600593686103821,0.25676167011260986,-0.11829432845115662,0.9967265725135803,537,138
132,4400,1,0.5633360147476196,0.24532468616962433,-0.1308816373348236,0.9967603087425232,540,132
132,4400,2,0.5639735460281372,0.24497471749782562,-0.13104252517223358,0.9971643686294556,541,132
132,4400,3,0.5643643736839294,0.2447441965341568,-0.131016343832016,0.9978364109992981,541,132
132,4400,4,0.563323438167572,0.2453170269727707,-0.10993166267871857,0.996631920337677,540,132
132,4400,5,0.563822865486145,0.24496056139469147,-0.11012280732393265,0.9970922470092773,541,132
132,4400,6,0.5640766620635986,0.24450576305389404,-0.11021885275840759,0.9975613951683044,541,132
132,4400,7,0.5709377527236938,0.24963060021400452,-0.14826606214046478,0.9990288019180298,548,134
132,4400,8,0.5699297189712524,0.2486615777015686,-0.053123313933610916,0.9956448674201965,547,134
132,4400,9,0.563231348991394,0.26712721586227417,-0.11909496039152145,0.9969667196273804,540,144
132,4400,10,0.5627196431159973,0.2674805521965027,-0.09279882907867432,0.994803786277771,540,144
132,4400,11,0.5867184996604919,0.31945791840553284,-0.18092717230319977,0.9999573230743408,563,172
132,4400,12,0.5787215828895569,0.3161860704421997,0.046031124889850616,0.99776691198349,555,170
132,4400,13,0.5750340223312378,0.41947969794273376,-0.19581380486488342,0.9847531914710999,552,226
132,4400,14,0.5804417729377747,0.4169967770576477,0.08670931309461594,0.015478873625397682,557,225
132,4400,15,0.5382203459739685,0.48511266708374023,-0.1715346872806549,0.90223228931427,516,261
132,4400,16,0.5784168243408203,0.5011667609214783,0.04728144034743309,0.05483980104327202,555,270
132,4400,17,0.530005156993866,0.5041763782501221,-0.1916060447692871,0.8493139147758484,508,272
132,4400,18,0.5756099820137024,0.5211955904960632,0.041759323328733444,0.06157854571938515,552,281
132,4400,19,0.526537299156189,0.49882474541664124,-0.18808124959468842,0.847187876701355,505,269
132,4400,20,0.5710723400115967,0.5220991969108582,0.023194530978798866,0.06314723193645477,548,281
132,4400,21,0.5291880965232849,0.4929680824279785,-0.1677001416683197,0.7449157238006592,508,266
132,4400,22,0.5723423361778259,0.513680636882782,0.03717677295207977,0.0629909560084343,549,277
132,4400,23,0.5877249240875244,0.49997085332870483,-0.06779041886329651,0.9999315142631531,564,269
132,4400,24,0.5732791423797607,0.4954863488674164,0.06782101094722748,0.9998390674591064,550,267
132,4400,25,0.5991491079330444,0.6220086812973022,-0.030018799006938934,0.9540894627571106,575,335
132,4400,26,0.5484917759895325,0.6112866997718811,0.12030386179685593,0.44016969203948975,526,330
132,4400,27,0.6317759156227112,0.7416754364967346,0.03599867969751358,0.9716202020645142,606,400
132,4400,28,0.5255662202835083,0.7354790568351746,0.17678791284561157,0.7988255023956299,504,397
132,4400,29,0.6428846716880798,0.767531156539917,0.03715895861387253,0.8412472009658813,617,414
132,4400,30,0.5301411151885986,0.7647011876106262,0.17889614403247833,0.767746090888977,508,412
132,4400,31,0.6004639863967896,0.7740166187286377,-0.048214077949523926,0.9636403322219849,576,417
132,4400,32,0.4900049865245819,0.7436597943305969,0.11460282653570175,0.8583050966262817,470,401
133,4433,0,0.5610266923904419,0.25802987813949585,-0.10252001136541367,0.9969534277915955,538,139
133,4433,1,0.56368088722229,0.246046781539917,-0.11724493652582169,0.9969342947006226,541,132
133,4433,2,0.5638940930366516,0.2459091693162918,-0.11739744991064072,0.9973165392875671,541,132
133,4433,3,0.5639873743057251,0.24578312039375305,-0.11738999933004379,0.9979547262191772,541,132
133,4433,4,0.5643588900566101,0.24594375491142273,-0.09619375318288803,0.9968158006668091,541,132
133,4433,5,0.5649484992027283,0.2456522285938263,-0.09637816250324249,0.9972515106201172,542,132
133,4433,6,0.56544029712677,0.24522046744823456,-0.09646596014499664,0.9976993799209595,542,132
133,4433,7,0.5684840083122253,0.251135915517807,-0.14421136677265167,0.9990848302841187,545,135
133,4433,8,0.571139395236969,0.24950100481510162,-0.0471828356385231,0.9958660006523132,548,134
133,4433,9,0.5642035007476807,0.26843351125717163,-0.10673370212316513,0.9971544146537781,541,144
133,4433,10,0.563484251499176,0.2687308192253113,-0.08023728430271149,0.9951212406158447,540,145
133,4433,11,0.5854920744895935,0.3194664716720581,-0.17888155579566956,0.9999598860740662,562,172
133,4433,12,0.577820897102356,0.31643134355545044,0.04923848435282707,0.9978959560394287,554,170
133,4433,13,0.5740274786949158,0.4192233979701996,-0.1929832547903061,0.9855710864067078,551,226
133,4433,14,0.576627790927887,0.4170505404472351,0.08981953561306,0.014283036813139915,553,225
133,4433,15,0.5379040241241455,0.48405423760414124,-0.16569380462169647,0.9058929681777954,516,261
133,4433,16,0.5741490721702576,0.5003526210784912,0.053119756281375885,0.049679432064294815,551,270
133,4433,17,0.5297311544418335,0.5020608901977539,-0.18557660281658173,0.8525687456130981,508,271
133,4433,18,0.5719243288040161,0.5203249454498291,0.04909796267747879,0.05598801374435425,549,280
133,4433,19,0.5257040858268738,0.49717259407043457,-0.17969444394111633,0.8502996563911438,504,268
133,4433,20,0.5671894550323486,0.5213668346405029,0.030095385387539864,0.05744565278291702,544,281
133,4433,21,0.5284525752067566,0.49121710658073425,-0.1608940064907074,0.7465839982032776,507,265
133,4433,22,0.5683125853538513,0.5129892826080322,0.04297357052564621,0.05737276375293732,545,277
133,4433,23,0.5877485275268555,0.49991199374198914,-0.0677390992641449,0.9999335408210754,564,269
133,4433,24,0.5728156566619873,0.4956676959991455,0.067768894135952,0.9998438954353333,549,267
133,4433,25,0.5979993939399719,0.622047483921051,-0.035720180720090866,0.9544334411621094,574,335
133,4433,26,0.5486940741539001,0.6109153628349304,0.10307108610868454,0.4365488290786743,526,329
133,4433,27,0.6317710280418396,0.7413671612739563,0.0313042588531971,0.9708379507064819,606,400
133,4433,28,0.5241578817367554,0.7357940077781677,0.14910559356212616,0.8039172291755676,503,397
133,4433,29,0.6430866718292236,0.7672055959701538,0.03282211348414421,0.8340228199958801,617,414
133,4433,30,0.5287283062934875,0.7645986080169678,0.15007957816123962,0.7692018151283264,507,412
133,4433,31,0.6005401015281677,0.7740041613578796,-0.04624328762292862,0.9629941582679749,576,417
133,4433,32,0.4888805150985718,0.7470919489860535,0.08827636390924454,0.8632959723472595,469,403
134,4466,0,0.5523370504379272,0.2586776614189148,-0.10930004715919495,0.9971578121185303,530,139
134,4466,1,0.5551537871360779,0.2469763606786728,-0.12284402549266815,0.9971040487289429,532,133
134,4466,2,0.5556440353393555,0.24672415852546692,-0.12300197780132294,0.9974629282951355,533,133
134,4466,3,0.5558797717094421,0.24651452898979187,-0.1229906901717186,0.9980683326721191,533,133
134,4466,4,0.555479884147644,0.24705375730991364,-0.10266958177089691,0.9969784617424011,533,133
134,4466,5,0.5560095310211182,0.24680063128471375,-0.10286001861095428,0.9973827600479126,533,133
134,4466,6,0.5563490390777588,0.24642714858055115,-0.10295646637678146,0.9978121519088745,534,133
134,4466,7,0.561893880367279,0.25143101811408997,-0.1448219269514084,0.9991326928138733,539,135
134,4466,8,0.5625365972518921,0.25030794739723206,-0.05225555971264839,0.9960108399391174,540,135
134,4466,9,0.5552206039428711,0.2689376473426819,-0.11184026300907135,0.9972920417785645,533,145
134,4466,10,0.5546804666519165,0.26934900879859924,-0.08652599155902863,0.9953361749649048,532,145
134,4466,11,0.5786570906639099,0.319550484418869,-0.17830462753772736,0.9999619722366333,555,172
134,4466,12,0.5707311034202576,0.3163750469684601,0.041219405829906464,0.9980025291442871,547,170
134,4466,13,0.5689374804496765,0.4192033112049103,-0.19111987948417664,0.9863602519035339,546,226
134,4466,14,0.5706300735473633,0.4172043204307556,0.07846818119287491,0.01322094351053238,547,225
134,4466,15,0.5330260992050171,0.4840947985649109,-0.16474072635173798,0.9094870090484619,511,261
134,4466,16,0.5711499452590942,0.5038708448410034,0.04348653927445412,0.04503082484006882,548,272
134,4466,17,0.5246993899345398,0.502118706703186,-0.18354357779026031,0.8558133244514465,503,271
134,4466,18,0.5693417191505432,0.524611234664917,0.039007749408483505,0.050901081413030624,546,283
134,4466,19,0.5212541222572327,0.4973388612270355,-0.17934571206569672,0.8534565567970276,500,268
134,4466,20,0.5647001266479492,0.5263448357582092,0.020429925993084908,0.05225178971886635,542,284
134,4466,21,0.5239388346672058,0.49168479442596436,-0.16066604852676392,0.7488946318626404,502,265
134,4466,22,0.5657058954238892,0.5175286531448364,0.03353229537606239,0.05223974213004112,543,279
134,4466,23,0.5797933340072632,0.4993959665298462,-0.0670224279165268,0.9999370574951172,556,269
134,4466,24,0.5652780532836914,0.4951198995113373,0.06704775243997574,0.9998519420623779,542,267
134,4466,25,0.5915194749832153,0.6224793195724487,-0.037386469542980194,0.9554881453514099,567,336
134,4466,26,0.5420059561729431,0.610748827457428,0.10139726847410202,0.43798643350601196,520,329
134,4466,27,0.6302239298820496,0.7390952706336975,0.029027022421360016,0.970784604549408,605,399
134,4466,28,0.5232968926429749,0.7363657355308533,0.14742647111415863,0.811560869216919,502,397
134,4466,29,0.6425429582595825,0.7603198885917664,0.030641086399555206,0.8286979794502258,616,410
134,4466,30,0.5293490290641785,0.7649685740470886,0.14853449165821075,0.7733775973320007,508,413
134,4466,31,0.6010587215423584,0.773982048034668,-0.04567873105406761,0.9632478356361389,577,417
134,4466,32,0.48737868666648865,0.754943311214447,0.08864381909370422,0.8696066737174988,467,407
135,4500,0,0.554853081703186,0.2587357461452484,-0.09099691361188889,0.9973986148834229,532,139
135,4500,1,0.5576145052909851,0.24695245921611786,-0.10170029103755951,0.9973325729370117,535,133
135,4500,2,0.5580381751060486,0.24671295285224915,-0.1018465980887413,0.997662365436554,535,133
135,4500,3,0.5583804249763489,0.24650949239730835,-0.10183142125606537,0.9982187151908875,536,133
135,4500,4,0.5577219128608704,0.2470376193523407,-0.0823347270488739,0.9972167015075684,535,133
135,4500,5,0.5580682158470154,0.24682554602622986,-0.08251737058162689,0.9975854158401489,535,133
135,4500,6,0.5583528280258179,0.24649646878242493,-0.08259587734937668,0.9979801177978516,536,133
135,4500,7,0.563270628452301,0.25165319442749023,-0.11577899754047394,0.9991980195045471,540,135
135,4500,8,0.5632583498954773,0.2508600056171417,-0.02717491053044796,0.9962844848632812,540,135
135,4500,9,0.5584715008735657,0.2689506709575653,-0.09119847416877747,0.997489869594574,536,145
135,4500,10,0.5573872327804565,0.26934632658958435,-0.06695795804262161,0.9956746101379395,535,145
135,4500,11,0.5775330662727356,0.31943076848983765,-0.1558912843465805,0.9999646544456482,554,172
135,4500,12,0.5681203603744507,0.31655746698379517,0.06804831326007843,0.9981338977813721,545,170
135,4500,13,0.5670490860939026,0.41772547364234924,-0.17233209311962128,0.9871731400489807,544,225
135,4500,14,0.5680379867553711,0.41637280583381653,0.10183235257863998,0.012239024043083191,545,224
135,4500,15,0.533286988735199,0.4836413860321045,-0.15347014367580414,0.913873016834259,511,261
135,4500,16,0.5602025389671326,0.4973205626010895,0.05421805381774902,0.041033804416656494,537,268
135,4500,17,0.5240650773048401,0.5017117261886597,-0.17166823148727417,0.86136794090271,503,270
135,4500,18,0.5538123250007629,0.5171666145324707,0.04981459677219391,0.04674965515732765,531,279
135,4500,19,0.5203401446342468,0.49702194333076477,-0.16865848004817963,0.8590599298477173,499,268
135,4500,20,0.5514994263648987,0.5176713466644287,0.02980334870517254,0.04803535342216492,529,279
135,4500,21,0.5238417387008667,0.4913361668586731,-0.14999380707740784,0.7561432123184204,502,265
135,4500,22,0.5531008243560791,0.5097266435623169,0.04329390451312065,0.04813219606876373,530,275
135,4500,23,0.5792019963264465,0.49768590927124023,-0.06721828132867813,0.9999399185180664,556,268
135,4500,24,0.5620990991592407,0.49456655979156494,0.06724219769239426,0.9998588562011719,539,267
135,4500,25,0.589483916759491,0.6224383115768433,-0.053180959075689316,0.9577516913414001,565,336
135,4500,26,0.5424543023109436,0.6107262372970581,0.07471462339162827,0.4525984525680542,520,329
135,4500,27,0.6288468837738037,0.7380915880203247,0.003260301658883691,0.9715548157691956,603,398
135,4500,28,0.5219113230705261,0.7370298504829407,0.11355749517679214,0.8207582235336304,501,397
135,4500,29,0.6417810320854187,0.7575717568397522,0.004105526953935623,0.8293036222457886,616,409
135,4500,30,0.528918981552124,0.7650595903396606,0.1141638532280922,0.7803910374641418,507,413
135,4500,31,0.6010444164276123,0.7740992903709412,-0.06978844851255417,0.9642614126205444,577,418
135,4500,32,0.4861796498298645,0.7582314014434814,0.05527525022625923,0.8764390349388123,466,409
136,4533,0,0.5464510321617126,0.2587308883666992,-0.0910530537366867,0.9974544644355774,524,139
136,4533,1,0.5484036803245544,0.24689306318759918,-0.10301510989665985,0.9973401427268982,526,133
136,4533,2,0.5484961271286011,0.24665561318397522,-0.1031661257147789,0.9976872205734253,526,133
136,4533,3,0.5484123229980469,0.2464592605829239,-0.10315049439668655,0.9982323050498962,526,133
136,4533,4,0.549309492111206,0.24699656665325165,-0.08344800025224686,0.9971624612808228,527,133
136,4533,5,0.5503177046775818,0.24679088592529297,-0.08363203704357147,0.9975372552871704,528,133
136,4533,6,0.5509980916976929,0.24648445844650269,-0.08371739089488983,0.9979259371757507,528,133
136,4533,7,0.5538977384567261,0.25161394476890564,-0.11983940750360489,0.9992195963859558,531,135
136,4533,8,0.5570117831230164,0.25087106227874756,-0.02910105139017105,0.9961804747581482,534,135
136,4533,9,0.5490649938583374,0.26898902654647827,-0.09267608076334,0.9975103735923767,527,145
136,4533,10,0.5487912893295288,0.269611120223999,-0.06824402511119843,0.9956331849098206,526,145
136,4533,11,0.5699560046195984,0.31944334506988525,-0.16501910984516144,0.999966025352478,547,172
136,4533,12,0.5636646151542664,0.31654608249664307,0.06057286635041237,0.9981653690338135,541,170
136,4533,13,0.5618973970413208,0.419392853975296,-0.18526653945446014,0.9878455400466919,539,226
136,4533,14,0.5626233220100403,0.4189217686653137,0.0896003320813179,0.011289803311228752,540,226
136,4533,15,0.5275875926017761,0.48583346605300903,-0.1650031954050064,0.9173996448516846,506,262
136,4533,16,0.5524556040763855,0.4973224699497223,0.05034893751144409,0.03725270926952362,530,268
136,4533,17,0.5188395380973816,0.5050147771835327,-0.18278831243515015,0.8656571507453918,498,272
136,4533,18,0.5517390966415405,0.5194587707519531,0.04743076488375664,0.04266849160194397,529,280
136,4533,19,0.5158165693283081,0.49931415915489197,-0.17877960205078125,0.8632235527038574,495,269
136,4533,20,0.5467022657394409,0.5207645893096924,0.0275702103972435,0.04387620463967323,524,281
136,4533,21,0.518471896648407,0.4932621717453003,-0.1612185388803482,0.7611539363861084,497,266
136,4533,22,0.5482982993125916,0.5126503109931946,0.039660196751356125,0.04405923932790756,526,276
136,4533,23,0.5670515894889832,0.49797573685646057,-0.0672033503651619,0.9999426007270813,544,268
136,4533,24,0.5537827610969543,0.49535131454467773,0.0672282800078392,0.9998647570610046,531,267
136,4533,25,0.5803168416023254,0.6235242486000061,-0.047083426266908646,0.9594547152519226,557,336
136,4533,26,0.5370675921440125,0.6117323040962219,0.0801876112818718,0.4675721526145935,515,330
136,4533,27,0.6239045858383179,0.7254592180252075,0.03364253789186478,0.9713858366012573,598,391
136,4533,28,0.5209333896636963,0.7370730638504028,0.12585236132144928,0.8313798904418945,500,398
136,4533,29,0.6361332535743713,0.7391273379325867,0.03840901702642441,0.8275401592254639,610,399
136,4533,30,0.5292873382568359,0.7655721306800842,0.12723109126091003,0.7910041213035583,508,413
136,4533,31,0.6010835766792297,0.773716390132904,-0.019103940576314926,0.9639116525650024,577,417
136,4533,32,0.4856937825679779,0.7611677050590515,0.06765022873878479,0.8836352229118347,466,411
137,4566,0,0.5443697571754456,0.2587529122829437,-0.08803334832191467,0.9976212382316589,522,139
137,4566,1,0.5475924611091614,0.2468554526567459,-0.09878676384687424,0.9974920749664307,525,133
137,4566,2,0.5482455492019653,0.2466401904821396,-0.0989428386092186,0.9978240132331848,526,133
137,4566,3,0.5485719442367554,0.24641263484954834,-0.09893377870321274,0.9983328580856323,526,133
137,4566,4,0.547495424747467,0.2469511777162552,-0.07891412824392319,0.9973013997077942,525,133
137,4566,5,0.5479097962379456,0.246750608086586,-0.07909633964300156,0.9976505041122437,525,133
137,4566,6,0.5481144785881042,0.24645116925239563,-0.07918436080217361,0.9980093836784363,526,133
137,4566,7,0.5541898012161255,0.2515842020511627,-0.11285025626420975,0.999265730381012,532,135
137,4566,8,0.5537347197532654,0.25083860754966736,-0.021390728652477264,0.9962615966796875,531,135
137,4566,9,0.5480968356132507,0.2690749764442444,-0.08861377090215683,0.9976058602333069,526,145
137,4566,10,0.5469036102294922,0.26976704597473145,-0.06368262320756912,0.9957495927810669,525,145
137,4566,11,0.5681427717208862,0.3193073570728302,-0.153845876455307,0.9999674558639526,545,172
137,4566,12,0.5608689188957214,0.31699851155281067,0.07392561435699463,0.9982024431228638,538,171
137,4566,13,0.5612183213233948,0.4197176396846771,-0.17193393409252167,0.9881802797317505,538,226
137,4566,14,0.5602580308914185,0.4188266396522522,0.09968255460262299,0.01037877332419157,537,226
137,4566,15,0.5285493731498718,0.4857555329799652,-0.15093903243541718,0.918279767036438,507,262
137,4566,16,0.5448732376098633,0.4861907958984375,0.05004669725894928,0.033890895545482635,523,262
137,4566,17,0.5204563140869141,0.5050409436225891,-0.16780029237270355,0.8668026924133301,499,272
137,4566,18,0.5418084859848022,0.5089970827102661,0.046951521188020706,0.039186809211969376,520,274
137,4566,19,0.5165651440620422,0.4994363784790039,-0.16430753469467163,0.8641650080680847,495,269
137,4566,20,0.5371071100234985,0.506876528263092,0.027097314596176147,0.04032236337661743,515,273
137,4566,21,0.5191242098808289,0.49331361055374146,-0.1473042517900467,0.7614453434944153,498,266
137,4566,22,0.5380882024765015,0.4981946051120758,0.03914007917046547,0.04060304909944534,516,269
137,4566,23,0.5687599182128906,0.4973076581954956,-0.06823590397834778,0.9999446272850037,546,268
137,4566,24,0.5537998080253601,0.49517539143562317,0.06824184209108353,0.9998698234558105,531,267
137,4566,25,0.5790838599205017,0.6245223879814148,-0.06471235305070877,0.9622801542282104,555,337
137,4566,26,0.5381076335906982,0.6116606593132019,0.0832495242357254,0.48955419659614563,516,330
137,4566,27,0.6223866939544678,0.7237201929092407,0.0026732259429991245,0.9727253913879395,597,390
137,4566,28,0.5218966603279114,0.7373073101043701,0.12249056249856949,0.8434008955955505,501,398
137,4566,29,0.6350353360176086,0.7386345267295837,0.0054871090687811375,0.8336635231971741,609,398
137,4566,30,0.5278906226158142,0.7660608887672424,0.12333980947732925,0.804205596446991,506,413
137,4566,31,0.6011955142021179,0.7738228440284729,-0.05279485881328583,0.9654068946838379,577,417
137,4566,32,0.4855128824710846,0.7612339854240417,0.07243748009204865,0.8916293382644653,466,411
138,4600,0,0.5370200276374817,0.2584418058395386,-0.08847489207983017,0.9977535605430603,515,139
138,4600,1,0.5396045446395874,0.24639078974723816,-0.10034529119729996,0.9976100325584412,518,133
138,4600,2,0.5398324131965637,0.24609117209911346,-0.10050186514854431,0.997932493686676,518,132
138,4600,3,0.5398206114768982,0.2457762211561203,-0.10049211978912354,0.9984111785888672,518,132
138,4600,4,0.5404723286628723,0.24661538004875183,-0.08027485013008118,0.9973995685577393,518,133
138,4600,5,0.5412207245826721,0.24643410742282867,-0.08045706152915955,0.9977341890335083,519,133
138,4600,6,0.541795015335083,0.24615447223186493,-0.08054697513580322,0.9980742931365967,520,132
138,4600,7,0.5454051494598389,0.2506929934024811,-0.11640985310077667,0.9993072152137756,523,135
138,4600,8,0.5478686094284058,0.25051358342170715,-0.026273351162672043,0.9963854551315308,525,135
138,4600,9,0.5396782159805298,0.2688339054584503,-0.09025779366493225,0.9977092742919922,518,145
138,4600,10,0.5394995212554932,0.26957184076309204,-0.06524109840393066,0.9959033131599426,517,145
138,4600,11,0.5603417754173279,0.3189545273780823,-0.1616375744342804,0.9999675750732422,537,172
138,4600,12,0.5561372637748718,0.3166426718235016,0.0675782635807991,0.9982446432113647,533,170
138,4600,13,0.5555722117424011,0.4197302758693695,-0.1842716485261917,0.9883334636688232,533,226
138,4600,14,0.5552292466163635,0.4190892279148102,0.09795299172401428,0.009757975116372108,533,226
138,4600,15,0.5255718231201172,0.4866076409816742,-0.16373856365680695,0.916625440120697,504,262
138,4600,16,0.5435183644294739,0.4885125756263733,0.050003282725811005,0.03100208379328251,521,263
138,4600,17,0.5171642303466797,0.5091050863265991,-0.18106982111930847,0.8637287020683289,496,274
138,4600,18,0.5417078733444214,0.5093116164207458,0.047091662883758545,0.03618377074599266,520,275
138,4600,19,0.5131254196166992,0.5045591592788696,-0.17757394909858704,0.8608344793319702,492,272
138,4600,20,0.5368527770042419,0.5105251669883728,0.027333786711096764,0.03728495165705681,515,275
138,4600,21,0.5158990621566772,0.49756622314453125,-0.16026006639003754,0.7559912204742432,495,268
138,4600,22,0.5385690927505493,0.5023536682128906,0.039143484085798264,0.03769834339618683,517,271
138,4600,23,0.5590521693229675,0.4947948753833771,-0.06949783861637115,0.9999441504478455,536,267
138,4600,24,0.547544538974762,0.4937020242214203,0.06948240101337433,0.9998705387115479,525,266
138,4600,25,0.5656307935714722,0.6246383786201477,-0.07690831273794174,0.9644665122032166,543,337
138,4600,26,0.5321068167686462,0.612166166305542,0.09675078839063644,0.5042593479156494,510,330
138,4600,27,0.6169885396957397,0.7175679802894592,0.003925045020878315,0.9725503325462341,592,387
138,4600,28,0.5222631692886353,0.7381716966629028,0.1421632617712021,0.8518348932266235,501,398
138,4600,29,0.6299170851707458,0.7262832522392273,0.008201059885323048,0.8328908085823059,604,392
138,4600,30,0.5290903449058533,0.7669524550437927,0.14403437077999115,0.8128935694694519,507,414
138,4600,31,0.6011709570884705,0.7735893726348877,-0.050629470497369766,0.9649789333343506,577,417
138,4600,32,0.4856235682964325,0.7624538540840149,0.1019292026758194,0.8967768549919128,466,411
139,4633,0,0.5375033617019653,0.2579233944416046,-0.08554582297801971,0.9978981018066406,516,139
139,4633,1,0.5400510430335999,0.24549800157546997,-0.09597453474998474,0.9977450370788574,518,132
139,4633,2,0.5402164459228516,0.24518802762031555,-0.09613042324781418,0.9980541467666626,518,132
139,4633,3,0.5402146577835083,0.24480397999286652,-0.09613212943077087,0.9984998106956482,518,132
139,4633,4,0.5403461456298828,0.24594014883041382,-0.07627509534358978,0.9975243210792542,518,132
139,4633,5,0.5408116579055786,0.24586373567581177,-0.07645857334136963,0.9978379607200623,519,132
139,4633,6,0.5419236421585083,0.24548698961734772,-0.07655029743909836,0.9981523156166077,520,132
139,4633,7,0.5450909733772278,0.2501741349697113,-0.10978107899427414,0.9993467926979065,523,135
139,4633,8,0.5474950671195984,0.25025051832199097,-0.019895369186997414,0.9964835047721863,525,135
139,4633,9,0.5406263470649719,0.2683231234550476,-0.08629702776670456,0.9977993965148926,519,144
139,4633,10,0.5396215319633484,0.2692718207836151,-0.061592940241098404,0.996027946472168,518,145
139,4633,11,0.5601733922958374,0.3189079165458679,-0.15136238932609558,0.999968409538269,537,172
139,4633,12,0.5526044368743896,0.31667762994766235,0.07512499392032623,0.9982917904853821,530,171
139,4633,13,0.5529071688652039,0.4196521043777466,-0.17415016889572144,0.9885484576225281,530,226
139,4633,14,0.5529807209968567,0.4176740348339081,0.10340644419193268,0.009156441316008568,530,225
139,4633,15,0.5268861651420593,0.48648959398269653,-0.1607808768749237,0.9164358973503113,505,262
139,4633,16,0.539402186870575,0.48832347989082336,0.052022989839315414,0.028375981375575066,517,263
139,4633,17,0.5195208787918091,0.5095729827880859,-0.17872673273086548,0.8635329008102417,498,275
139,4633,18,0.5352394580841064,0.5094031691551208,0.04903322085738182,0.03350112587213516,513,275
139,4633,19,0.5153839588165283,0.5051630139350891,-0.17554154992103577,0.8605068922042847,494,272
139,4633,20,0.5305542945861816,0.5087611079216003,0.02921571210026741,0.034548524767160416,509,274
139,4633,21,0.5180615782737732,0.4978026747703552,-0.15771354734897614,0.7550543546676636,497,268
139,4633,22,0.5335535407066345,0.5026625394821167,0.04105757921934128,0.03507160767912865,512,271
139,4633,23,0.5603488087654114,0.49339112639427185,-0.07010600715875626,0.9999459385871887,537,266
139,4633,24,0.5476406216621399,0.4925711750984192,0.07008161395788193,0.999875545501709,525,265
139,4633,25,0.5637006759643555,0.6244930028915405,-0.08726981282234192,0.9670957326889038,541,337
139,4633,26,0.5321462750434875,0.6120823621749878,0.08954937756061554,0.5279182195663452,510,330
139,4633,27,0.6146402359008789,0.715441882610321,-0.019507475197315216,0.9736526608467102,590,386
139,4633,28,0.5211467146873474,0.7384842038154602,0.12678846716880798,0.8620255589485168,500,398
139,4633,29,0.6272995471954346,0.7236714959144592,-0.016398973762989044,0.8384091258049011,602,390
139,4633,30,0.5281241536140442,0.7672798037528992,0.12767228484153748,0.8239988684654236,506,414
139,4633,31,0.6014240384101868,0.7735830545425415,-0.07102943956851959,0.9660945534706116,577,417
139,4633,32,0.4836617410182953,0.7619995474815369,0.08598296344280243,0.9031267166137695,464,411
140,4666,0,0.5276386737823486,0.25536811351776123,-0.07481374591588974,0.9978399872779846,506,137
140,4666,1,0.5304309725761414,0.2433594912290573,-0.08803854882717133,0.997626781463623,509,131
140,4666,2,0.5306872129440308,0.24297477304935455,-0.08820126205682755,0.9979783892631531,509,131
140,4666,3,0.5306532979011536,0.2425699532032013,-0.0882151797413826,0.9984391331672668,509,130
140,4666,4,0.5313993692398071,0.2436893880367279,-0.06748146563768387,0.997296929359436,510,131
140,4666,5,0.5323995351791382,0.24343620240688324,-0.06766011565923691,0.997650682926178,511,131
140,4666,6,0.5332381725311279,0.24301579594612122,-0.06775567680597305,0.9979800581932068,511,131
140,4666,7,0.5363045334815979,0.2472507357597351,-0.11359886825084686,0.9993471503257751,514,133
140,4666,8,0.5399101376533508,0.24743019044399261,-0.020768333226442337,0.9962578415870667,518,133
140,4666,9,0.5300943851470947,0.2657870054244995,-0.0803021490573883,0.9977604150772095,508,143
140,4666,10,0.5301769375801086,0.2667298913002014,-0.0544973686337471,0.9958704710006714,508,144
140,4666,11,0.552455484867096,0.31681719422340393,-0.15476267039775848,0.9999676942825317,530,171
140,4666,12,0.5476366281509399,0.3157728314399719,0.06987590342760086,0.9982472062110901,525,170
140,4666,13,0.5495525002479553,0.4185267686843872,-0.1748180389404297,0.9887790083885193,527,226
140,4666,14,0.5477302074432373,0.4174058139324188,0.10282383859157562,0.008676119148731232,525,225
140,4666,15,0.5243017673492432,0.4874795973300934,-0.15777049958705902,0.9163888692855835,503,263
140,4666,16,0.5360750555992126,0.48861175775527954,0.05251835659146309,0.025967735797166824,514,263
140,4666,17,0.5170901417732239,0.5120402574539185,-0.1745014488697052,0.8632872104644775,496,276
140,4666,18,0.5324958562850952,0.5097665190696716,0.050280846655368805,0.030961481854319572,511,275
140,4666,19,0.5123759508132935,0.5080685019493103,-0.1712612509727478,0.8599423170089722,491,274
140,4666,20,0.5301674008369446,0.5092860460281372,0.031041262671351433,0.0319635234773159,508,275
140,4666,21,0.5148341059684753,0.49973157048225403,-0.1545565128326416,0.7546407580375671,494,269
140,4666,22,0.532142162322998,0.5027565360069275,0.04188408702611923,0.032612599432468414,510,271
140,4666,23,0.5539881587028503,0.4927704334259033,-0.07004409283399582,0.9999473690986633,531,266
140,4666,24,0.5426283478736877,0.4918545186519623,0.07002091407775879,0.9998788833618164,520,265
140,4666,25,0.551472544670105,0.6234133839607239,-0.08007904142141342,0.9689106941223145,529,336
140,4666,26,0.5272743105888367,0.6129875183105469,0.0950140655040741,0.5360713005065918,506,331
140,4666,27,0.6043986082077026,0.7119929194450378,-0.005821627099066973,0.9737113118171692,580,384
140,4666,28,0.5207546949386597,0.7383561134338379,0.13411350548267365,0.8683440685272217,499,398
140,4666,29,0.616064190864563,0.7128380537033081,-0.008834561333060265,0.8406952023506165,591,384
140,4666,30,0.527954638004303,0.7671441435813904,0.13556534051895142,0.8311055898666382,506,414
140,4666,31,0.5960627198219299,0.7740786671638489,-0.04032857343554497,0.9658515453338623,572,418
140,4666,32,0.48462405800819397,0.7615088224411011,0.1013571172952652,0.9066888689994812,465,411
141,4700,0,0.5272497534751892,0.25452083349227905,-0.0682363212108612,0.9978393316268921,506,137
141,4700,1,0.5301344990730286,0.2421552538871765,-0.08040986955165863,0.9975793957710266,508,130
141,4700,2,0.5304244756698608,0.24185745418071747,-0.08056390285491943,0.9979460835456848,509,130
141,4700,3,0.5304974317550659,0.24152660369873047,-0.08057722449302673,0.9984123706817627,509,130
141,4700,4,0.5309728980064392,0.24224358797073364,-0.06052446365356445,0.9972098469734192,509,130
141,4700,5,0.5317723155021667,0.24197223782539368,-0.06070544570684433,0.997577965259552,510,130
141,4700,6,0.5324190855026245,0.24154748022556305,-0.06080242246389389,0.9979172348976135,511,130
141,4700,7,0.5358537435531616,0.24644020199775696,-0.10458049178123474,0.9993501305580139,514,133
141,4700,8,0.5386688709259033,0.24598321318626404,-0.013679306022822857,0.996170163154602,517,132
141,4700,9,0.530559778213501,0.2650579512119293,-0.07282230257987976,0.9977663159370422,509,143
141,4700,10,0.5301502346992493,0.2658325731754303,-0.047831352800130844,0.9958500862121582,508,143
141,4700,11,0.5520761013031006,0.31635111570358276,-0.14722101390361786,0.9999670386314392,529,170
141,4700,12,0.5458193421363831,0.3156779110431671,0.07320903241634369,0.9982486367225647,523,170
141,4700,13,0.5470855832099915,0.41812053322792053,-0.16599959135055542,0.988699734210968,525,225
141,4700,14,0.5467322468757629,0.4164084196090698,0.1013292521238327,0.008277584798634052,524,224
141,4700,15,0.5239242911338806,0.4877774715423584,-0.1466544270515442,0.9143007397651672,502,263
141,4700,16,0.5348396897315979,0.48862576484680176,0.05251290649175644,0.02390560321509838,513,263
141,4700,17,0.5173789262771606,0.5124975442886353,-0.16320309042930603,0.8604950904846191,496,276
141,4700,18,0.5300739407539368,0.5099373459815979,0.049956973642110825,0.028869977220892906,508,275
141,4700,19,0.5125821828842163,0.5086265206336975,-0.16068223118782043,0.8570168614387512,492,274
141,4700,20,0.5279821753501892,0.5087278485298157,0.030829351395368576,0.029845478013157845,506,274
141,4700,21,0.5146385431289673,0.5000714659690857,-0.14371491968631744,0.7505911588668823,494,270
141,4700,22,0.5302528738975525,0.5030481815338135,0.041951458901166916,0.030589541420340538,509,271
141,4700,23,0.5534135699272156,0.4899837374687195,-0.06994795054197311,0.9999473690986633,531,264
141,4700,24,0.5407277345657349,0.4895155727863312,0.06992731243371964,0.9998801350593567,519,264
141,4700,25,0.5481702089309692,0.6219314932823181,-0.08938546478748322,0.9705139994621277,526,335
141,4700,26,0.5243965983390808,0.612941324710846,0.08819897472858429,0.5390080213546753,503,330
141,4700,27,0.602362334728241,0.7111780047416687,-0.011863043531775475,0.9734801650047302,578,384
141,4700,28,0.5202552080154419,0.7382122278213501,0.12450680136680603,0.8716936111450195,499,398
141,4700,29,0.6139470338821411,0.715692400932312,-0.008451629430055618,0.8414346575737,589,386
141,4700,30,0.5275315046310425,0.7669913172721863,0.12548699975013733,0.8345844149589539,506,414
141,4700,31,0.5927689671516418,0.7748952507972717,-0.05142868682742119,0.9652916789054871,569,418
141,4700,32,0.4839600920677185,0.7612297534942627,0.08851926773786545,0.9082112908363342,464,411
142,4733,0,0.519099771976471,0.251044362783432,-0.06129555031657219,0.9978692531585693,498,135
142,4733,1,0.5230822563171387,0.23916292190551758,-0.07447675615549088,0.9975579977035522,502,129
142,4733,2,0.5234043598175049,0.23890957236289978,-0.07462403178215027,0.9979275465011597,502,129
142,4733,3,0.5234706997871399,0.23863711953163147,-0.07463248074054718,0.9983861446380615,502,128
142,4733,4,0.5242637395858765,0.23918163776397705,-0.05489693582057953,0.9971659183502197,503,129
142,4733,5,0.5253502726554871,0.2389489859342575,-0.05508067086338997,0.9975565075874329,504,129
142,4733,6,0.5262316465377808,0.23857539892196655,-0.05517003685235977,0.9979040026664734,505,128
142,4733,7,0.5302109718322754,0.24349111318588257,-0.10344783216714859,0.9993520975112915,509,131
142,4733,8,0.5337604880332947,0.24348364770412445,-0.013618740253150463,0.9962223172187805,512,131
142,4733,9,0.5218808054924011,0.26207542419433594,-0.06751883029937744,0.9976983070373535,501,141
142,4733,10,0.5223630666732788,0.2629239559173584,-0.0428960956633091,0.9957451820373535,501,141
142,4733,11,0.5455710887908936,0.31632304191589355,-0.14206869900226593,0.9999632239341736,523,170
142,4733,12,0.5428560376167297,0.3153299391269684,0.06988080590963364,0.9982370734214783,521,170
142,4733,13,0.5412420034408569,0.41853392124176025,-0.16175881028175354,0.9874430298805237,519,226
142,4733,14,0.5441703200340271,0.4165070354938507,0.08929207921028137,0.0078108892776072025,522,224
142,4733,15,0.5221797227859497,0.49363449215888977,-0.13950006663799286,0.8975215554237366,501,266
142,4733,16,0.5343077182769775,0.4890061020851135,0.0521763451397419,0.021962525323033333,512,264
142,4733,17,0.5172455310821533,0.5198040008544922,-0.15415623784065247,0.8411344885826111,496,280
142,4733,18,0.5324569940567017,0.512715220451355,0.04971319064497948,0.026797160506248474,511,276
142,4733,19,0.5127606391906738,0.5174422860145569,-0.15207712352275848,0.8368457555770874,492,279
142,4733,20,0.5289261341094971,0.5106993913650513,0.03138667345046997,0.027721360325813293,507,275
142,4733,21,0.5146195888519287,0.5082582235336304,-0.13677047193050385,0.7273072600364685,494,274
142,4733,22,0.5294960737228394,0.5048345327377319,0.04184485599398613,0.028502488508820534,508,272
142,4733,23,0.5447356700897217,0.49026456475257874,-0.06593336910009384,0.9999481439590454,522,264
142,4733,24,0.5382778644561768,0.48956581950187683,0.06589402258396149,0.9998838305473328,516,264
142,4733,25,0.5313760042190552,0.6213878989219666,-0.08099553734064102,0.9722205400466919,510,335
142,4733,26,0.5262858867645264,0.6135562658309937,0.09545671194791794,0.5303715467453003,505,331
142,4733,27,0.5903609991073608,0.705447793006897,-0.004584377631545067,0.9737537503242493,566,380
142,4733,28,0.520962119102478,0.7384136915206909,0.13146252930164337,0.8723340034484863,500,398
142,4733,29,0.6049807071685791,0.7025133371353149,-0.0008609998621977866,0.8466017842292786,580,379
142,4733,30,0.5283217430114746,0.7668529152870178,0.13273228704929352,0.8341773748397827,507,414
142,4733,31,0.5867050886154175,0.7727106213569641,-0.03183693811297417,0.9657304286956787,563,417
142,4733,32,0.4840925931930542,0.7609655857086182,0.10967155545949936,0.908051073551178,464,410
143,4766,0,0.5198487043380737,0.25119680166244507,-0.06580262631177902,0.9978206157684326,499,135
143,4766,1,0.5229392647743225,0.2391899675130844,-0.07889369130134583,0.9974200129508972,502,129
143,4766,2,0.5232251882553101,0.23879151046276093,-0.0790449008345604,0.9978185296058655,502,128
143,4766,3,0.5231481194496155,0.23845653235912323,-0.07905410975217819,0.9983020424842834,502,128
143,4766,4,0.5240638256072998,0.23931162059307098,-0.05913759022951126,0.9969505071640015,503,129
143,4766,5,0.5253523588180542,0.23904523253440857,-0.059318657964468,0.9973783493041992,504,129
143,4766,6,0.5261815190315247,0.23866792023181915,-0.05940806493163109,0.9977564215660095,505,128
143,4766,7,0.5288443565368652,0.2435065656900406,-0.10663662105798721,0.9993287324905396,507,131
143,4766,8,0.5330694317817688,0.243465393781662,-0.016065996140241623,0.9959627389907837,511,131
143,4766,9,0.5232659578323364,0.2619621157646179,-0.07140880078077316,0.9975789785385132,502,141
143,4766,10,0.5232717394828796,0.26293304562568665,-0.04652484506368637,0.9954931735992432,502,141
143,4766,11,0.5445384383201599,0.3161196708679199,-0.14641565084457397,0.9999622106552124,522,170
143,4766,12,0.5409051179885864,0.31530165672302246,0.06848988682031631,0.9982456564903259,519,170
143,4766,13,0.540652871131897,0.4182681441307068,-0.16521453857421875,0.9868403673171997,519,225
143,4766,14,0.5417084097862244,0.4154714047908783,0.09150823205709457,0.0073138074949383736,520,224
143,4766,15,0.5218256115913391,0.4937805235385895,-0.1400146633386612,0.8874342441558838,500,266
143,4766,16,0.5335425734519958,0.4891034662723541,0.05552731454372406,0.020154867321252823,512,264
143,4766,17,0.5173386931419373,0.5190793871879578,-0.15462461113929749,0.8277812600135803,496,280
143,4766,18,0.5307728052139282,0.5127295255661011,0.05387090891599655,0.024850109592080116,509,276
143,4766,19,0.5125994086265564,0.5165875554084778,-0.15259072184562683,0.8229774832725525,492,278
143,4766,20,0.5274372100830078,0.5109645128250122,0.03584308177232742,0.025722356513142586,506,275
143,4766,21,0.5143705010414124,0.5077090859413147,-0.13781295716762543,0.7100898027420044,493,274
143,4766,22,0.5274643301963806,0.5047662854194641,0.04564628377556801,0.026528464630246162,506,272
143,4766,23,0.544468343257904,0.4900871515274048,-0.0663626492023468,0.9999495148658752,522,264
143,4766,24,0.5369131565093994,0.48942819237709045,0.06631257385015488,0.9998881220817566,515,264
143,4766,25,0.5310472846031189,0.6210591197013855,-0.08485961705446243,0.9729864001274109,509,335
143,4766,26,0.5271928310394287,0.6133230924606323,0.09889469295740128,0.5086557865142822,506,331
143,4766,27,0.5882043838500977,0.7040916085243225,-0.0059376005083322525,0.972789466381073,564,380
143,4766,28,0.520562469959259,0.7381084561347961,0.13468672335147858,0.8669557571411133,499,398
143,4766,29,0.6021855473518372,0.6994085907936096,-0.0009977837326005101,0.8479062914848328,578,377
143,4766,30,0.5289562940597534,0.7667376399040222,0.13578163087368011,0.8294582366943359,507,414
143,4766,31,0.5860632658004761,0.772141695022583,-0.03421653434634209,0.9643745422363281,562,416
143,4766,32,0.484992116689682,0.7614215612411499,0.1098046600818634,0.9033164381980896,465,411
144,4800,0,0.511923611164093,0.2499450445175171,-0.0646338239312172,0.9978615641593933,491,134
144,4800,1,0.5153955221176147,0.2379927784204483,-0.07811079919338226,0.9974408149719238,494,128
144,4800,2,0.515734076499939,0.2376532405614853,-0.07825838029384613,0.9978406429290771,495,128
144,4800,3,0.5158032178878784,0.2373441904783249,-0.07826884835958481,0.9983192086219788,495,128
144,4800,4,0.5163365602493286,0.2379533052444458,-0.05871947482228279,0.9969201683998108,495,128
144,4800,5,0.5173044800758362,0.23759259283542633,-0.05889662355184555,0.9973417520523071,496,128
144,4800,6,0.5183204412460327,0.23701642453670502,-0.05897769704461098,0.9977136850357056,497,127
144,4800,7,0.5224291682243347,0.24195414781570435,-0.10739684104919434,0.9993457794189453,501,130
144,4800,8,0.5259236097335815,0.24168090522289276,-0.017786480486392975,0.9959396719932556,504,130
144,4800,9,0.5147415399551392,0.260275661945343,-0.07074438780546188,0.9975460767745972,494,140
144,4800,10,0.5149688720703125,0.2610604465007782,-0.04638584330677986,0.9953536987304688,494,140
144,4800,11,0.5375277400016785,0.3138854205608368,-0.14556868374347687,0.9999619126319885,516,169
144,4800,12,0.5373364090919495,0.31315234303474426,0.061641253530979156,0.9981655478477478,515,169
144,4800,13,0.5375705361366272,0.41742753982543945,-0.16560591757297516,0.9864519238471985,516,225
144,4800,14,0.5406599044799805,0.4148477017879486,0.0812285989522934,0.006743064150214195,519,224
144,4800,15,0.519271731376648,0.49346020817756653,-0.14252974092960358,0.8832663297653198,498,266
144,4800,16,0.5317374467849731,0.4889315068721771,0.05022304877638817,0.018341220915317535,510,264
144,4800,17,0.5157551169395447,0.5183770060539246,-0.1573212891817093,0.8223309516906738,495,279
144,4800,18,0.5297448039054871,0.5123423337936401,0.049262113869190216,0.02276630885899067,508,276
144,4800,19,0.5114513039588928,0.5161704421043396,-0.15497928857803345,0.8169348835945129,490,278
144,4800,20,0.5240601301193237,0.5110107064247131,0.0336492620408535,0.023569094017148018,503,275
144,4800,21,0.5123831033706665,0.5074105262756348,-0.1398836076259613,0.7025108933448792,491,274
144,4800,22,0.5265933871269226,0.5048278570175171,0.0414094552397728,0.024361640214920044,505,272
144,4800,23,0.5338476300239563,0.4901994466781616,-0.06431262195110321,0.9999498724937439,512,264
144,4800,24,0.5328277349472046,0.48879703879356384,0.06426890194416046,0.999888002872467,511,263
144,4800,25,0.5224391222000122,0.6205397248268127,-0.0777595192193985,0.972745418548584,501,335
144,4800,26,0.5237338542938232,0.6130995154380798,0.10058840364217758,0.48484987020492554,502,331
144,4800,27,0.5760772228240967,0.7010482549667358,0.013079673983156681,0.9694334268569946,553,378
144,4800,28,0.5195960998535156,0.7377662062644958,0.1411760002374649,0.8528714776039124,498,398
144,4800,29,0.5915060639381409,0.6960607171058655,0.019774669781327248,0.8446803689002991,567,375
144,4800,30,0.5282948613166809,0.7642747759819031,0.14314302802085876,0.8187275528907776,507,412
144,4800,31,0.5716375112533569,0.7659366130828857,-0.005435898434370756,0.960502028465271,548,413
144,4800,32,0.4843107759952545,0.7614457607269287,0.12201182544231415,0.8924993872642517,464,411
145,4833,0,0.5103544592857361,0.2499384880065918,-0.06125329062342644,0.9978059530258179,489,134
145,4833,1,0.5137355327606201,0.23789218068122864,-0.07483024895191193,0.9973105192184448,493,128
145,4833,2,0.5139399170875549,0.23762260377407074,-0.07497633248567581,0.9977253079414368,493,128
145,4833,3,0.5138860940933228,0.23733489215373993,-0.07498390227556229,0.9982262253761292,493,128
145,4833,4,0.5150284767150879,0.2378094494342804,-0.05596591904759407,0.9967443943023682,494,128
145,4833,5,0.5160439014434814,0.23743602633476257,-0.05614548549056053,0.9971985220909119,495,128
145,4833,6,0.5168872475624084,0.23685026168823242,-0.05622836574912071,0.9976065158843994,496,127
145,4833,7,0.5203739404678345,0.24215067923069,-0.10504807531833649,0.9993201494216919,499,130
145,4833,8,0.5251960754394531,0.24142317473888397,-0.01781679503619671,0.9958134889602661,504,130
145,4833,9,0.5137600302696228,0.26024723052978516,-0.06767257302999496,0.9973409175872803,493,140
145,4833,10,0.5141594409942627,0.26104429364204407,-0.04395778477191925,0.9949873685836792,493,140
145,4833,11,0.5362077951431274,0.3134973347187042,-0.14250817894935608,0.9999595284461975,514,169
145,4833,12,0.5357056856155396,0.31214743852615356,0.05812370404601097,0.9981136918067932,514,168
145,4833,13,0.5345840454101562,0.4170854985713959,-0.1612502932548523,0.9844980835914612,513,225
145,4833,14,0.5386981964111328,0.4138320982456207,0.07779724895954132,0.0062285978347063065,517,223
145,4833,15,0.5173022150993347,0.4932488203048706,-0.1349555104970932,0.8606827855110168,496,266
145,4833,16,0.5287231802940369,0.4884538948535919,0.04804277420043945,0.016685720533132553,507,263
145,4833,17,0.5146743059158325,0.5181569457054138,-0.14848549664020538,0.7970576882362366,494,279
145,4833,18,0.5250192880630493,0.5120194554328918,0.04731795936822891,0.02083558775484562,504,276
145,4833,19,0.5103501081466675,0.5158629417419434,-0.14616723358631134,0.791236937046051,489,278
145,4833,20,0.5208585858345032,0.5110784769058228,0.032531093806028366,0.021582739427685738,500,275
145,4833,21,0.5108018517494202,0.5073334574699402,-0.13216641545295715,0.6744058728218079,490,273
145,4833,22,0.5236376523971558,0.5059638023376465,0.039542555809020996,0.022349238395690918,502,273
145,4833,23,0.5347746014595032,0.49078986048698425,-0.06240880489349365,0.9999492764472961,513,265
145,4833,24,0.531164824962616,0.48881158232688904,0.062369417399168015,0.9998877048492432,509,263
145,4833,25,0.5228011608123779,0.621122419834137,-0.07600618898868561,0.9706671237945557,501,335
145,4833,26,0.521698534488678,0.6129546165466309,0.10301581770181656,0.4482235014438629,500,330
145,4833,27,0.5764683485031128,0.7003020644187927,0.012075229547917843,0.9629638195037842,553,378
145,4833,28,0.5187305808067322,0.7369588613510132,0.145707368850708,0.818501353263855,497,397
145,4833,29,0.5907947421073914,0.6950616240501404,0.018381113186478615,0.8375363349914551,567,375
145,4833,30,0.5284880995750427,0.7590042948722839,0.14794299006462097,0.7912801504135132,507,409
145,4833,31,0.5717090368270874,0.7645951509475708,-0.007165504619479179,0.9543904066085815,548,412
145,4833,32,0.48440712690353394,0.7613553404808044,0.12762166559696198,0.867473304271698,465,411
146,4866,0,0.505307674407959,0.24951544404029846,-0.06441564857959747,0.9977459907531738,485,134
146,4866,1,0.5079108476638794,0.23671774566173553,-0.07750322669744492,0.9971696734428406,487,127
146,4866,2,0.5081206560134888,0.23629842698574066,-0.07764860987663269,0.9976022243499756,487,127
146,4866,3,0.508120059967041,0.23591248691082,-0.07765572518110275,0.9981343150138855,487,127
146,4866,4,0.5090527534484863,0.2367025762796402,-0.05867183208465576,0.9965373277664185,488,127
146,4866,5,0.5100089311599731,0.23619602620601654,-0.058852825313806534,0.9969993829727173,489,127
146,4866,6,0.5107125639915466,0.23554681241512299,-0.05893821641802788,0.997439980506897,490,127
146,4866,7,0.5146474242210388,0.23964078724384308,-0.10470294207334518,0.9992862343788147,494,129
146,4866,8,0.519015371799469,0.23911941051483154,-0.018220143392682076,0.9955610632896423,498,129
146,4866,9,0.5081954002380371,0.2594531178474426,-0.06986160576343536,0.9971777200698853,487,140
146,4866,10,0.5083833932876587,0.2602590024471283,-0.0462418831884861,0.994671106338501,488,140
146,4866,11,0.5298169255256653,0.3111249506473541,-0.1401166170835495,0.9999579191207886,508,168
146,4866,12,0.5276979804039001,0.3089262545108795,0.056097425520420074,0.9980671405792236,506,166
146,4866,13,0.52956223487854,0.4152660369873047,-0.15658164024353027,0.9829103350639343,508,224
146,4866,14,0.5293685793876648,0.41000670194625854,0.07499506324529648,0.0058521400205791,508,221
146,4866,15,0.513778567314148,0.49285978078842163,-0.13020505011081696,0.8446460962295532,493,266
146,4866,16,0.5205115079879761,0.4851547181606293,0.04220357909798622,0.015279783867299557,499,261
146,4866,17,0.5126392245292664,0.5178862810134888,-0.14318446815013885,0.7791796922683716,492,279
146,4866,18,0.5182909965515137,0.5086345672607422,0.040409963577985764,0.01924959383904934,497,274
146,4866,19,0.5076732635498047,0.5164705514907837,-0.14178258180618286,0.7730816006660461,487,278
146,4866,20,0.5146059393882751,0.50728839635849,0.026306571438908577,0.0199461467564106,494,273
146,4866,21,0.507763147354126,0.5073884129524231,-0.12766346335411072,0.6547589302062988,487,273
146,4866,22,0.518038809299469,0.5032094717025757,0.03404334932565689,0.020715370774269104,497,271
146,4866,23,0.5249683260917664,0.48996445536613464,-0.06166500598192215,0.9999477863311768,503,264
146,4866,24,0.5227732062339783,0.4862788915634155,0.06162796542048454,0.9998859167098999,501,262
146,4866,25,0.5109173059463501,0.6187978386878967,-0.07234858721494675,0.9683897495269775,490,334
146,4866,26,0.5106320977210999,0.6098159551620483,0.09592940658330917,0.4231422543525696,490,329
146,4866,27,0.5619872212409973,0.6998067498207092,0.010531879030168056,0.9575755596160889,539,377
146,4866,28,0.5178857445716858,0.7345868945121765,0.1326064020395279,0.7934647798538208,497,396
146,4866,29,0.577842116355896,0.6970580220222473,0.017015716060996056,0.8302164673805237,554,376
146,4866,30,0.5277060270309448,0.7556935548782349,0.13445161283016205,0.7707985639572144,506,408
146,4866,31,0.5564616322517395,0.761563241481781,-0.013653376139700413,0.9482512474060059,534,411
146,4866,32,0.4844532907009125,0.761278510093689,0.12412304431200027,0.8466657996177673,465,411
147,4900,0,0.504798948764801,0.24843767285346985,-0.054031312465667725,0.9976786971092224,484,134
147,4900,1,0.507244348526001,0.23589016497135162,-0.06730031222105026,0.9970207214355469,486,127
147,4900,2,0.507179319858551,0.23562230169773102,-0.06743557006120682,0.9974543452262878,486,127
147,4900,3,0.5070124268531799,0.2352943867444992,-0.0674435943365097,0.9980152249336243,486,127
147,4900,4,0.5091271996498108,0.23584692180156708,-0.049359820783138275,0.9963775277137756,488,127
147,4900,5,0.5109447836875916,0.23523542284965515,-0.0495409332215786,0.9968665838241577,490,127
147,4900,6,0.5120617151260376,0.23459437489509583,-0.049622297286987305,0.997352659702301,491,126
147,4900,7,0.5131030678749084,0.2393123209476471,-0.09796035289764404,0.9992424249649048,492,129
147,4900,8,0.5198457837104797,0.23861312866210938,-0.015399917960166931,0.9954977035522461,499,128
147,4900,9,0.5077018141746521,0.25843265652656555,-0.060733068734407425,0.996971070766449,487,139
147,4900,10,0.5086560845375061,0.25916820764541626,-0.03824465349316597,0.9943843483924866,488,139
147,4900,11,0.5272071361541748,0.3092658519744873,-0.13468018174171448,0.9999553561210632,506,167
147,4900,12,0.5292392373085022,0.30751898884773254,0.0562862791121006,0.9980759620666504,508,166
147,4900,13,0.524700939655304,0.41243717074394226,-0.15402626991271973,0.9789671301841736,503,222
147,4900,14,0.5293359756469727,0.4089996814727783,0.07645408064126968,0.00544346310198307,508,220
147,4900,15,0.5118919014930725,0.49277275800704956,-0.1300150752067566,0.8133611679077148,491,266
147,4900,16,0.5199829339981079,0.48549002408981323,0.0442548431456089,0.013959124684333801,499,262
147,4900,17,0.5112438797950745,0.5177558660507202,-0.143035888671875,0.7465265393257141,490,279
147,4900,18,0.5186617374420166,0.5088256001472473,0.044045791029930115,0.01770917698740959,497,274
147,4900,19,0.5068233609199524,0.516739010810852,-0.14147399365901947,0.7399455904960632,486,279
147,4900,20,0.513741672039032,0.5077157616615295,0.03018833138048649,0.01835629716515541,493,274
147,4900,21,0.5069324374198914,0.5078557729721069,-0.12759517133235931,0.6213365793228149,486,274
147,4900,22,0.5160232782363892,0.5027903318405151,0.03685503080487251,0.019104061648249626,495,271
147,4900,23,0.526466965675354,0.48821884393692017,-0.060721080750226974,0.9999467134475708,505,263
147,4900,24,0.5241089463233948,0.48566707968711853,0.060681816190481186,0.9998863339424133,503,262
147,4900,25,0.5085593461990356,0.6186941862106323,-0.07186015695333481,0.9635534286499023,488,334
147,4900,26,0.511250376701355,0.60929274559021,0.0920475572347641,0.39064669609069824,490,329
147,4900,27,0.5593429803848267,0.6995946764945984,0.010471663437783718,0.9455833435058594,536,377
147,4900,28,0.5181280970573425,0.7341107130050659,0.1315695345401764,0.7506327033042908,497,396
147,4900,29,0.5758001804351807,0.6957761645317078,0.016810523346066475,0.8153340220451355,552,375
147,4900,30,0.5279781818389893,0.7555780410766602,0.1336517333984375,0.7352496981620789,506,408
147,4900,31,0.5539676547050476,0.7604712843894958,-0.005706056486815214,0.935990035533905,531,410
147,4900,32,0.4837949872016907,0.7615969181060791,0.11799801886081696,0.8108676671981812,464,411
148,4933,0,0.5003301501274109,0.24814631044864655,-0.05505983904004097,0.9973446726799011,480,133
148,4933,1,0.5026611089706421,0.2355606108903885,-0.06835899502038956,0.9966030716896057,482,127
148,4933,2,0.5025311708450317,0.23535363376140594,-0.06850867718458176,0.9971216320991516,482,127
148,4933,3,0.5021743178367615,0.23484228551387787,-0.06852425634860992,0.9977866411209106,482,126
148,4933,4,0.504963219165802,0.2353566288948059,-0.05045439675450325,0.9956659078598022,484,127
148,4933,5,0.506511926651001,0.2348056584596634,-0.050633810460567474,0.9962154030799866,486,126
148,4933,6,0.5077751874923706,0.2342212200164795,-0.05071403086185455,0.9968003630638123,487,126
148,4933,7,0.5079876184463501,0.23933283984661102,-0.09877509623765945,0.9991770386695862,487,129
148,4933,8,0.5152579545974731,0.2384047657251358,-0.016323832795023918,0.9947016835212708,494,128
148,4933,9,0.5028374791145325,0.25837603211402893,-0.06167561560869217,0.9966008067131042,482,139
148,4933,10,0.5039732456207275,0.2590312063694,-0.039314091205596924,0.9934176206588745,483,139
148,4933,11,0.5221071243286133,0.30957892537117004,-0.13759459555149078,0.9999562501907349,501,167
148,4933,12,0.5218366384506226,0.30754998326301575,0.055685415863990784,0.9980223774909973,500,166
148,4933,13,0.5230817198753357,0.41322705149650574,-0.15516917407512665,0.9775245785713196,502,223
148,4933,14,0.5192698240280151,0.40746545791625977,0.07432829588651657,0.005051188636571169,498,220
148,4933,15,0.5113826990127563,0.49579089879989624,-0.13866043090820312,0.8099207878112793,490,267
148,4933,16,0.5086521506309509,0.4844251871109009,0.04245616868138313,0.012796835042536259,488,261
148,4933,17,0.5103421211242676,0.520387589931488,-0.15168216824531555,0.7421059012413025,489,281
148,4933,18,0.5079348683357239,0.5063662528991699,0.042217765003442764,0.01642497256398201,487,273
148,4933,19,0.5056780576705933,0.522218644618988,-0.14971981942653656,0.7346678972244263,485,281
148,4933,20,0.5034972429275513,0.5062537789344788,0.027730194851756096,0.01702180877327919,483,273
148,4933,21,0.5062701106071472,0.5138230323791504,-0.13645310699939728,0.6156821846961975,486,277
148,4933,22,0.50398850440979,0.5006545782089233,0.03445287048816681,0.017754416912794113,483,270
148,4933,23,0.5203219652175903,0.493941992521286,-0.06055665761232376,0.9999505877494812,499,266
148,4933,24,0.5163546800613403,0.4889848530292511,0.0605151392519474,0.9998940825462341,495,264
148,4933,25,0.4941669702529907,0.6180261969566345,-0.06787648051977158,0.9618332982063293,474,333
148,4933,26,0.503640353679657,0.6070767641067505,0.11010095477104187,0.3643137514591217,483,327
148,4933,27,0.5447606444358826,0.7000827193260193,0.020747127011418343,0.9432229995727539,522,378
148,4933,28,0.5184867978096008,0.722082793712616,0.1569121778011322,0.7222156524658203,497,389
148,4933,29,0.5592209100723267,0.6981247663497925,0.028680812567472458,0.8194953203201294,536,376
148,4933,30,0.5315002799034119,0.7439550161361694,0.16023190319538116,0.7125990986824036,510,401
148,4933,31,0.5405088663101196,0.761232316493988,0.014744247309863567,0.9344600439071655,518,411
148,4933,32,0.49043700098991394,0.7615450620651245,0.14796116948127747,0.7883557677268982,470,411
149,4966,0,0.4986869692802429,0.2482834756374359,-0.058312878012657166,0.9975359439849854,478,134
149,4966,1,0.5011776685714722,0.2357420027256012,-0.07148762792348862,0.9968413710594177,481,127
149,4966,2,0.5013642311096191,0.2355240136384964,-0.07163618505001068,0.9973235726356506,481,127
149,4966,3,0.5011779069900513,0.23503871262073517,-0.07164773344993591,0.9979398250579834,481,126
149,4966,4,0.5028439164161682,0.23547445237636566,-0.05312972515821457,0.9959542155265808,482,127
149,4966,5,0.5039673447608948,0.23497673869132996,-0.0533103421330452,0.9964587092399597,483,126
149,4966,6,0.5055680871009827,0.23425427079200745,-0.05339396372437477,0.9969971179962158,485,126
149,4966,7,0.5076063871383667,0.2394098937511444,-0.10028573125600815,0.999229907989502,487,129
149,4966,8,0.5134834051132202,0.23861965537071228,-0.016902180388569832,0.9950116276741028,492,128
149,4966,9,0.501787006855011,0.25848817825317383,-0.0644030049443245,0.9967753291130066,481,139
149,4966,10,0.5022231936454773,0.25916892290115356,-0.041321806609630585,0.9937175512313843,482,139
149,4966,11,0.5204981565475464,0.3082115650177002,-0.13834336400032043,0.9999583959579468,499,166
149,4966,12,0.5218265056610107,0.30746734142303467,0.053561802953481674,0.9980514645576477,500,166
149,4966,13,0.5224109888076782,0.41201892495155334,-0.16037601232528687,0.9778469800949097,501,222
149,4966,14,0.5183417201042175,0.40638062357902527,0.06843594461679459,0.004769883584231138,497,219
149,4966,15,0.5104607939720154,0.49948301911354065,-0.1526876986026764,0.8181135058403015,490,269
149,4966,16,0.508557915687561,0.48381173610687256,0.038781650364398956,0.011819951236248016,488,261
149,4966,17,0.5090950727462769,0.5261346697807312,-0.16700321435928345,0.7518165707588196,488,284
149,4966,18,0.5080205798149109,0.50602126121521,0.03823298215866089,0.015321421436965466,487,273
149,4966,19,0.5043258666992188,0.5283594727516174,-0.16535186767578125,0.7441806793212891,484,285
149,4966,20,0.5046895742416382,0.5056541562080383,0.024394040927290916,0.015865420922636986,484,273
149,4966,21,0.5044464468955994,0.5192418098449707,-0.1506328284740448,0.6271293759346008,484,280
149,4966,22,0.5043550133705139,0.4998396039009094,0.030912989750504494,0.016594016924500465,484,269
149,4966,23,0.5196128487586975,0.49533811211586,-0.05975129082798958,0.9999533891677856,498,267
149,4966,24,0.5170620679855347,0.4899212419986725,0.059710316359996796,0.9998995065689087,496,264
149,4966,25,0.4918937385082245,0.6155499219894409,-0.0671607106924057,0.960392951965332,472,332
149,4966,26,0.5083984136581421,0.6057798266410828,0.10829253494739532,0.3426641821861267,488,327
149,4966,27,0.5425560474395752,0.6997510194778442,0.010722702369093895,0.9403867721557617,520,377
149,4966,28,0.5186130404472351,0.7214692234992981,0.14342480897903442,0.6958965063095093,497,389
149,4966,29,0.5571432113647461,0.6992316246032715,0.01717403531074524,0.8217458128929138,534,377
149,4966,30,0.5300573706626892,0.7464179396629333,0.14580126106739044,0.6938462853431702,508,403
149,4966,31,0.537833034992218,0.7602113485336304,-0.0002943513391073793,0.9325433969497681,516,410
149,4966,32,0.4886772334575653,0.7615332007408142,0.1324765384197235,0.768231987953186,469,411
150,5000,0,0.4919437766075134,0.24777615070343018,-0.0585784837603569,0.997617781162262,472,133
150,5000,1,0.4948371648788452,0.23550669848918915,-0.07236722856760025,0.9969440698623657,475,127
150,5000,2,0.4951068162918091,0.23530302941799164,-0.07251352816820145,0.9974004626274109,475,127
150,5000,3,0.49507376551628113,0.2348938286304474,-0.07252262532711029,0.9979988932609558,475,126
150,5000,4,0.4960979223251343,0.235185906291008,-0.05242050439119339,0.9960832595825195,476,127
150,5000,5,0.49716681241989136,0.23468376696109772,-0.05260174721479416,0.9965646862983704,477,126
150,5000,6,0.49814271926879883,0.23397304117679596,-0.052680037915706635,0.9970863461494446,478,126
150,5000,7,0.5015200972557068,0.23917914927005768,-0.10173297673463821,0.9992443919181824,481,129
150,5000,8,0.5059739351272583,0.23821549117565155,-0.012960540130734444,0.995086133480072,485,128
150,5000,9,0.4946858286857605,0.25812700390815735,-0.06542269140481949,0.9967789053916931,474,139
150,5000,10,0.49511390924453735,0.2586516737937927,-0.04052400961518288,0.9936884641647339,475,139
150,5000,11,0.515138566493988,0.30834394693374634,-0.1482492834329605,0.9999558925628662,494,166
150,5000,12,0.5178613662719727,0.30679064989089966,0.0670422613620758,0.9980555772781372,497,165
150,5000,13,0.5162662863731384,0.4125259518623352,-0.17611061036586761,0.9718145132064819,495,222
150,5000,14,0.5190582871437073,0.40462908148765564,0.08369047939777374,0.004463265184313059,498,218
150,5000,15,0.5065857172012329,0.49904197454452515,-0.15297473967075348,0.7814370393753052,486,269
150,5000,16,0.5109420418739319,0.4827665090560913,0.04188041388988495,0.010902049951255322,490,260
150,5000,17,0.5035465359687805,0.5258139371871948,-0.1669761836528778,0.7159624099731445,483,283
150,5000,18,0.5093022584915161,0.5023556351661682,0.04160843789577484,0.014379197731614113,488,271
150,5000,19,0.50075763463974,0.5228289365768433,-0.1642591804265976,0.7074926495552063,480,282
150,5000,20,0.5053020119667053,0.5025269985198975,0.027360647916793823,0.01487638894468546,485,271
150,5000,21,0.501433789730072,0.5190736055374146,-0.14999166131019592,0.5914531946182251,481,280
150,5000,22,0.505725622177124,0.4961564242839813,0.03362457826733589,0.015614796429872513,485,267
150,5000,23,0.5117772221565247,0.4976905584335327,-0.06842351704835892,0.9999533295631409,491,268
150,5000,24,0.5147900581359863,0.4914884865283966,0.0683625191450119,0.9999009370803833,494,265
150,5000,25,0.4805966317653656,0.6149136424064636,-0.07182767242193222,0.9569516777992249,461,332
150,5000,26,0.5040183663368225,0.6038822531700134,0.11022745072841644,0.3316185474395752,483,326
150,5000,27,0.525759756565094,0.7003893852233887,0.01477673277258873,0.9346718192100525,504,378
150,5000,28,0.519013524055481,0.7117745280265808,0.160241037607193,0.6865262389183044,498,384
150,5000,29,0.5394093990325928,0.7052705883979797,0.022315649315714836,0.8157915472984314,517,380
150,5000,30,0.5312665700912476,0.7351245284080505,0.16395799815654755,0.6910630464553833,510,396
150,5000,31,0.5110262632369995,0.7540519833564758,0.004395634401589632,0.9243622422218323,490,407
150,5000,32,0.4940604865550995,0.7536845803260803,0.15129823982715607,0.7570163011550903,474,406
151,5033,0,0.49101799726486206,0.24782609939575195,-0.06436595320701599,0.997471034526825,471,133
151,5033,1,0.49355438351631165,0.2356003075838089,-0.07848160713911057,0.9967598915100098,473,127
151,5033,2,0.4936882555484772,0.23539526760578156,-0.07861576974391937,0.9971815347671509,473,127
151,5033,3,0.49366897344589233,0.23499208688735962,-0.07861874252557755,0.9978414177894592,473,126
151,5033,4,0.4950789511203766,0.23521777987480164,-0.057305168360471725,0.9959192276000977,475,127
151,5033,5,0.49615511298179626,0.23465360701084137,-0.057490427047014236,0.996389627456665,476,126
151,5033,6,0.4976104497909546,0.23380538821220398,-0.05758117139339447,0.996974527835846,477,126
151,5033,7,0.4997779428958893,0.2393006533384323,-0.10993420332670212,0.9991456270217896,479,129
151,5033,8,0.5052509903907776,0.237754225730896,-0.015152061358094215,0.9947980642318726,485,128
151,5033,9,0.49398791790008545,0.25807884335517883,-0.07157991826534271,0.9964351058006287,474,139
151,5033,10,0.4946404993534088,0.25836896896362305,-0.045215386897325516,0.9931542873382568,474,139
151,5033,11,0.5124668478965759,0.3082326054573059,-0.1561547815799713,0.9999467134475708,491,166
151,5033,12,0.5182396769523621,0.3055735230445862,0.06542128324508667,0.9979908466339111,497,165
151,5033,13,0.5147691369056702,0.41298386454582214,-0.17880602180957794,0.9625309705734253,494,223
151,5033,14,0.5182591676712036,0.40462955832481384,0.08343856781721115,0.0041745370253920555,497,218
151,5033,15,0.5035867094993591,0.4984598159790039,-0.14837561547756195,0.7358309626579285,483,269
151,5033,16,0.5088511109352112,0.4829854369163513,0.041290756314992905,0.010079430416226387,488,260
151,5033,17,0.4981383979320526,0.5247671008110046,-0.16023024916648865,0.6719362735748291,478,283
151,5033,18,0.5063304305076599,0.5028460025787354,0.040211793035268784,0.013485935516655445,486,271
151,5033,19,0.4961310923099518,0.5224647521972656,-0.15756775438785553,0.6633665561676025,476,282
151,5033,20,0.5026504993438721,0.50275719165802,0.025540543720126152,0.013937010429799557,482,271
151,5033,21,0.49706003069877625,0.5177264213562012,-0.14492641389369965,0.5513778924942017,477,279
151,5033,22,0.5035983324050903,0.49627041816711426,0.032748445868492126,0.014687137678265572,483,267
151,5033,23,0.5117706060409546,0.49839264154434204,-0.07103008776903152,0.9999495148658752,491,269
151,5033,24,0.514493465423584,0.49207180738449097,0.07097183167934418,0.9998977184295654,493,265
151,5033,25,0.48056885600090027,0.6142913103103638,-0.06991880387067795,0.9459717273712158,461,331
151,5033,26,0.49909648299217224,0.5997233390808105,0.11155948042869568,0.3113915026187897,479,323
151,5033,27,0.5232076048851013,0.7029495239257812,0.024287978187203407,0.9205280542373657,502,379
151,5033,28,0.5216125249862671,0.7054486870765686,0.1651175171136856,0.6549825072288513,500,380
151,5033,29,0.536093533039093,0.7133353352546692,0.03236287087202072,0.7970346212387085,514,385
151,5033,30,0.533922553062439,0.7252429723739624,0.16926243901252747,0.6694315671920776,512,391
151,5033,31,0.5008243322372437,0.7548052072525024,0.011617840267717838,0.9052038192749023,480,407
151,5033,32,0.49839845299720764,0.7499929070472717,0.15515783429145813,0.7243184447288513,478,404
152,5066,0,0.4858161211013794,0.24790175259113312,-0.0902705118060112,0.9973655343055725,466,133
152,5066,1,0.48781830072402954,0.23566341400146484,-0.10533483326435089,0.9965494275093079,468,127
152,5066,2,0.48788970708847046,0.23550786077976227,-0.10549549758434296,0.9970076084136963,468,127
152,5066,3,0.4875720739364624,0.23518553376197815,-0.10550836473703384,0.9977355599403381,468,127
152,5066,4,0.4900832176208496,0.23530668020248413,-0.08589587360620499,0.9956039786338806,470,127
152,5066,5,0.4914585053920746,0.2347453385591507,-0.08607273548841476,0.99609375,471,126
152,5066,6,0.49274545907974243,0.23389874398708344,-0.08616305887699127,0.9967420697212219,473,126
152,5066,7,0.49316874146461487,0.2396729588508606,-0.14221103489398956,0.9991053938865662,473,129
152,5066,8,0.5007976293563843,0.23782862722873688,-0.05379825457930565,0.9944032430648804,480,128
152,5066,9,0.4879421889781952,0.2581092417240143,-0.09903787821531296,0.9964669346809387,468,139
152,5066,10,0.48892030119895935,0.2584490180015564,-0.07472259551286697,0.9931429624557495,469,139
152,5066,11,0.5091599225997925,0.30994758009910583,-0.17964328825473785,0.9999490976333618,488,167
152,5066,12,0.5090155005455017,0.30566003918647766,0.02677244320511818,0.9980747699737549,488,165
152,5066,13,0.51251220703125,0.423936128616333,-0.20819665491580963,0.9623215794563293,492,228
152,5066,14,0.5011159181594849,0.40749749541282654,0.051384370774030685,0.0041056410409510136,481,220
152,5066,15,0.5022495985031128,0.5201784372329712,-0.19943642616271973,0.746157705783844,482,280
152,5066,16,0.4819502830505371,0.482660710811615,0.01837952248752117,0.010195251554250717,462,260
152,5066,17,0.4998151361942291,0.5461586117744446,-0.2165430337190628,0.6805522441864014,479,294
152,5066,18,0.4762343466281891,0.5031002759933472,0.01641049049794674,0.014018677175045013,457,271
152,5066,19,0.49329811334609985,0.5478379726409912,-0.21632887423038483,0.6716256737709045,473,295
152,5066,20,0.47240114212036133,0.5031964778900146,-0.0016598938964307308,0.014493833296000957,453,271
152,5066,21,0.49353310465812683,0.5397549271583557,-0.19784848392009735,0.5584254860877991,473,291
152,5066,22,0.4762558937072754,0.49681904911994934,0.008684762753546238,0.015246482565999031,457,268
152,5066,23,0.5033800005912781,0.49826404452323914,-0.06898824125528336,0.9999514222145081,483,269
152,5066,24,0.5042480826377869,0.49208971858024597,0.06892566382884979,0.9999015927314758,484,265
152,5066,25,0.4687146544456482,0.6130272150039673,-0.03939177468419075,0.9300572276115417,449,331
152,5066,26,0.5033075213432312,0.6003493070602417,0.11374662816524506,0.29155033826828003,483,324
152,5066,27,0.5128957629203796,0.7049255967140198,0.048501018434762955,0.9086808562278748,492,380
152,5066,28,0.5153205990791321,0.7076876759529114,0.16202321648597717,0.6287016272544861,494,382
152,5066,29,0.5247425436973572,0.7217844724655151,0.054738424718379974,0.783930242061615,503,389
152,5066,30,0.5273711085319519,0.7350993156433105,0.16507363319396973,0.6498255729675293,506,396
152,5066,31,0.49167075753211975,0.7553542852401733,0.02736794389784336,0.8924421072006226,472,407
152,5066,32,0.4913313686847687,0.7512280941009521,0.14558269083499908,0.7013784050941467,471,405
153,5100,0,0.48469725251197815,0.2485278993844986,-0.09342657774686813,0.9973903298377991,465,134
153,5100,1,0.4863849878311157,0.23654231429100037,-0.10871435701847076,0.996555507183075,466,127
153,5100,2,0.4862988293170929,0.23651434481143951,-0.10886960476636887,0.9970192909240723,466,127
153,5100,3,0.4859354794025421,0.2363569140434265,-0.1088709682226181,0.9977458119392395,466,127
153,5100,4,0.4885216951370239,0.23599329590797424,-0.08879783749580383,0.9956024289131165,468,127
153,5100,5,0.4903057813644409,0.23534056544303894,-0.0889715924859047,0.9960949420928955,470,127
153,5100,6,0.49155810475349426,0.23454798758029938,-0.0890624150633812,0.9967405796051025,471,126
153,5100,7,0.4916641414165497,0.24060578644275665,-0.14648781716823578,0.9991088509559631,471,129
153,5100,8,0.49934569001197815,0.23832668364048004,-0.05552778020501137,0.9944053888320923,479,128
153,5100,9,0.4874795973300934,0.2589109241962433,-0.10233493894338608,0.9965547919273376,467,139
153,5100,10,0.488492488861084,0.25909775495529175,-0.07736241072416306,0.9932721853256226,468,139
153,5100,11,0.507355809211731,0.310676634311676,-0.18538536131381989,0.999950110912323,487,167
153,5100,12,0.5084418058395386,0.3056904971599579,0.027614060789346695,0.9981222748756409,488,165
153,5100,13,0.5091002583503723,0.42671483755111694,-0.21450243890285492,0.9615540504455566,488,230
153,5100,14,0.4990355670452118,0.4080916941165924,0.050538282841444016,0.003916071727871895,479,220
153,5100,15,0.49451255798339844,0.5369649529457092,-0.20220087468624115,0.7504691481590271,474,289
153,5100,16,0.4834533929824829,0.48135286569595337,0.01549769937992096,0.01002325490117073,464,259
153,5100,17,0.4940812289714813,0.5609108805656433,-0.21920345723628998,0.6828592419624329,474,302
153,5100,18,0.47805920243263245,0.49988076090812683,0.013480260968208313,0.014225729741156101,458,269
153,5100,19,0.48727351427078247,0.5560335516929626,-0.2184002548456192,0.6735288500785828,467,300
153,5100,20,0.4739060699939728,0.4998631775379181,-0.0038307318463921547,0.014696949161589146,454,269
153,5100,21,0.4886432886123657,0.5460808873176575,-0.2002357691526413,0.5582827925682068,469,294
153,5100,22,0.4758552312850952,0.49483516812324524,0.006093003787100315,0.015446944162249565,456,267
153,5100,23,0.5024349689483643,0.49897846579551697,-0.06868264079093933,0.9999500513076782,482,269
153,5100,24,0.5051566362380981,0.49208587408065796,0.06862420588731766,0.9998985528945923,484,265
153,5100,25,0.46831175684928894,0.6118767261505127,-0.04565589129924774,0.921432375907898,449,330
153,5100,26,0.5030620098114014,0.6005991101264954,0.12129120528697968,0.272983580827713,482,324
153,5100,27,0.5112589001655579,0.7088016271591187,0.03721955791115761,0.9033985137939453,490,382
153,5100,28,0.5153375864028931,0.7113217115402222,0.18197202682495117,0.6024414300918579,494,384
153,5100,29,0.5244566798210144,0.7314916849136353,0.04309821501374245,0.7787326574325562,503,395
153,5100,30,0.52637779712677,0.7373756170272827,0.18646244704723358,0.6334273815155029,505,398
153,5100,31,0.48778313398361206,0.7557736039161682,0.014548422768712044,0.886463463306427,468,408
153,5100,32,0.4909057319164276,0.7478164434432983,0.1699870526790619,0.6793116927146912,471,403
154,5133,0,0.4786394238471985,0.24856479465961456,-0.08689010143280029,0.9976279139518738,459,134
154,5133,1,0.4809284210205078,0.23657940328121185,-0.10118333250284195,0.9968597292900085,461,127
154,5133,2,0.48105448484420776,0.23654399812221527,-0.10132889449596405,0.9972803592681885,461,127
154,5133,3,0.4810734987258911,0.23638036847114563,-0.10132528841495514,0.9979389309883118,461,127
154,5133,4,0.48238223791122437,0.2360335737466812,-0.08144275099039078,0.9960079193115234,463,127
154,5133,5,0.4834986627101898,0.23538324236869812,-0.08161869645118713,0.9964578151702881,464,127
154,5133,6,0.48503780364990234,0.23460067808628082,-0.08170273154973984,0.9970449805259705,465,126
154,5133,7,0.4877505898475647,0.2404806911945343,-0.13502660393714905,0.9991835951805115,468,129
154,5133,8,0.4930665194988251,0.23838408291339874,-0.04579470306634903,0.9949350357055664,473,128
154,5133,9,0.48104289174079895,0.2589227259159088,-0.09440138936042786,0.9968744516372681,461,139
154,5133,10,0.48191437125205994,0.25911521911621094,-0.06967375427484512,0.9939109683036804,462,139
154,5133,11,0.5046992897987366,0.3109956383705139,-0.17751775681972504,0.9999533295631409,484,167
154,5133,12,0.4998897612094879,0.3067817687988281,0.03603185713291168,0.9982966184616089,479,165
154,5133,13,0.5064800381660461,0.4247746467590332,-0.20476217567920685,0.9636889100074768,486,229
154,5133,14,0.486614853143692,0.4093613922595978,0.05735856294631958,0.009070402942597866,467,221
154,5133,15,0.4982595145702362,0.5346055626869202,-0.21143002808094025,0.7702847719192505,478,288
154,5133,16,0.4659065902233124,0.4780159294605255,0.01986822672188282,0.06248660385608673,447,258
154,5133,17,0.49715936183929443,0.5555618405342102,-0.23111774027347565,0.7070125937461853,477,300
154,5133,18,0.45822668075561523,0.49981871247291565,0.014677048660814762,0.0747470036149025,439,269
154,5133,19,0.49033644795417786,0.5480812191963196,-0.2337256520986557,0.6985142230987549,470,295
154,5133,20,0.4563858211040497,0.4998718798160553,-0.0038349113892763853,0.07703971117734909,438,269
154,5133,21,0.4910966753959656,0.5399986505508423,-0.2115015983581543,0.5900014638900757,471,291
154,5133,22,0.4607892632484436,0.49413543939590454,0.009862207807600498,0.07267394661903381,442,266
154,5133,23,0.4948444664478302,0.49969810247421265,-0.06841222196817398,0.9999503493309021,475,269
154,5133,24,0.49763619899749756,0.49552804231643677,0.06834008544683456,0.9999024868011475,477,267
154,5133,25,0.46035003662109375,0.6120327711105347,-0.04283633455634117,0.9237886071205139,441,330
154,5133,26,0.502690315246582,0.6058741807937622,0.125430628657341,0.2712040841579437,482,327
154,5133,27,0.49228551983833313,0.7274736166000366,0.045454300940036774,0.9074233770370483,472,392
154,5133,28,0.5158522725105286,0.7312374711036682,0.18737314641475677,0.5989192128181458,495,394
154,5133,29,0.5045766234397888,0.7467009425163269,0.051624733954668045,0.788151741027832,484,403
154,5133,30,0.5244246125221252,0.753706693649292,0.19168642163276672,0.6319758892059326,503,407
154,5133,31,0.463430792093277,0.764935314655304,0.018495406955480576,0.8928630948066711,444,413
154,5133,32,0.4917883276939392,0.7594645619392395,0.17052316665649414,0.6846652030944824,472,410
155,5166,0,0.4783436059951782,0.24926865100860596,-0.0860208123922348,0.9977898597717285,459,134
155,5166,1,0.48074567317962646,0.23695151507854462,-0.09918641299009323,0.9970542788505554,461,127
155,5166,2,0.481027752161026,0.2368931621313095,-0.09932677447795868,0.9974424242973328,461,127
155,5166,3,0.48132309317588806,0.23668275773525238,-0.09931569546461105,0.9980530142784119,462,127
155,5166,4,0.48171088099479675,0.2365485578775406,-0.08021952211856842,0.9962910413742065,462,127
155,5166,5,0.4825529456138611,0.23620374500751495,-0.08040332794189453,0.9967153668403625,463,127
155,5166,6,0.48332467675209045,0.23555368185043335,-0.08048764616250992,0.9972640872001648,463,127
155,5166,7,0.4880245625972748,0.24057690799236298,-0.1314358115196228,0.9992245435714722,468,129
155,5166,8,0.49163874983787537,0.2390177994966507,-0.04190707951784134,0.9953245520591736,471,129
155,5166,9,0.4816291034221649,0.2595539689064026,-0.0918392762541771,0.9970844388008118,462,140
155,5166,10,0.481629878282547,0.2597699463367462,-0.0680435374379158,0.994363009929657,462,140
155,5166,11,0.5026292204856873,0.31101271510124207,-0.16108253598213196,0.9999542236328125,482,167
155,5166,12,0.4992530047893524,0.30723685026168823,0.03709942474961281,0.9984191656112671,479,165
155,5166,13,0.505976676940918,0.422000914812088,-0.19596019387245178,0.9637116193771362,485,227
155,5166,14,0.48498570919036865,0.4097105860710144,0.06074487790465355,0.009801657870411873,465,221
155,5166,15,0.49809202551841736,0.5258643627166748,-0.19385287165641785,0.7819088101387024,478,283
155,5166,16,0.46478399634361267,0.47559288144111633,0.022392146289348602,0.07118721306324005,446,256
155,5166,17,0.49639254808425903,0.5480577349662781,-0.21146823465824127,0.7209432721138,476,295
155,5166,18,0.4598509967327118,0.4982486367225647,0.017884785309433937,0.08950476348400116,441,269
155,5166,19,0.48887962102890015,0.5439461469650269,-0.2131010740995407,0.712954580783844,469,293
155,5166,20,0.45734071731567383,0.4987030625343323,9.624662925489247e-05,0.09249094128608704,439,269
155,5166,21,0.4898439049720764,0.5359789729118347,-0.19328241050243378,0.607301652431488,470,289
155,5166,22,0.46042540669441223,0.49243807792663574,0.012778776697814465,0.08641843497753143,442,265
155,5166,23,0.49433085322380066,0.5019067525863647,-0.06359894573688507,0.9999487996101379,474,271
155,5166,24,0.4971667528152466,0.49832677841186523,0.06352676451206207,0.9999018907546997,477,269
155,5166,25,0.46022987365722656,0.611745297908783,-0.038226623088121414,0.9220532774925232,441,330
155,5166,26,0.503122091293335,0.6092251539230347,0.12110306322574615,0.2603912055492401,482,328
155,5166,27,0.4885638356208801,0.7292287349700928,0.04410812631249428,0.9077879786491394,469,393
155,5166,28,0.5160462260246277,0.7330815196037292,0.180056631565094,0.5798428654670715,495,395
155,5166,29,0.5034467577934265,0.7507222294807434,0.04987487569451332,0.7931012511253357,483,405
155,5166,30,0.5244669318199158,0.7535487413406372,0.18424087762832642,0.6159863471984863,503,406
155,5166,31,0.4640456736087799,0.7712597846984863,0.01935967244207859,0.8949282765388489,445,416
155,5166,32,0.4937681555747986,0.7642748355865479,0.1654309779405594,0.6724236607551575,474,412
156,5200,0,0.46971532702445984,0.24914948642253876,-0.08136716485023499,0.9979589581489563,450,134
156,5200,1,0.4729670584201813,0.23676851391792297,-0.0952068492770195,0.9972718954086304,454,127
156,5200,2,0.4733259379863739,0.23665648698806763,-0.09534022957086563,0.9976319670677185,454,127
156,5200,3,0.4734238386154175,0.23640984296798706,-0.0953042209148407,0.9981883764266968,454,127
156,5200,4,0.47416216135025024,0.23644769191741943,-0.07508229464292526,0.9965887069702148,455,127
156,5200,5,0.47526851296424866,0.23610582947731018,-0.0752696618437767,0.9969865679740906,456,127
156,5200,6,0.4760909378528595,0.23547795414924622,-0.0753442719578743,0.9974879026412964,457,127
156,5200,7,0.480741411447525,0.2401549220085144,-0.13018150627613068,0.9992792010307312,461,129
156,5200,8,0.48533445596694946,0.23904888331890106,-0.036002859473228455,0.9957242608070374,465,129
156,5200,9,0.4726240038871765,0.2595425844192505,-0.08840102702379227,0.9973087310791016,453,140
156,5200,10,0.4734553396701813,0.2597859799861908,-0.06319411098957062,0.9948212504386902,454,140
156,5200,11,0.4967016577720642,0.31127461791038513,-0.1587599217891693,0.9999558329582214,476,168
156,5200,12,0.4930742084980011,0.3087170422077179,0.03760585933923721,0.9985336661338806,473,166
156,5200,13,0.5023252367973328,0.4218495786190033,-0.19426989555358887,0.9651087522506714,482,227
156,5200,14,0.4802055060863495,0.4097791612148285,0.06272184103727341,0.010907071642577648,460,221
156,5200,15,0.4973739981651306,0.5211639404296875,-0.19714941084384918,0.7961456179618835,477,281
156,5200,16,0.4581807851791382,0.47107797861099243,0.022713568061590195,0.08202321827411652,439,254
156,5200,17,0.49629801511764526,0.5442845821380615,-0.21464116871356964,0.7387842535972595,476,293
156,5200,18,0.44917282462120056,0.4948771595954895,0.017933158203959465,0.10648979991674423,431,267
156,5200,19,0.4887474477291107,0.5420379638671875,-0.21717935800552368,0.7313574552536011,469,292
156,5200,20,0.4484282433986664,0.49479272961616516,0.00034364970633760095,0.11010146886110306,430,267
156,5200,21,0.4895269274711609,0.533463716506958,-0.19708018004894257,0.6310175061225891,469,288
156,5200,22,0.4529065787792206,0.4856983423233032,0.012975001707673073,0.10270670801401138,434,262
156,5200,23,0.4874715209007263,0.5043553113937378,-0.06365462392568588,0.999950647354126,467,272
156,5200,24,0.493646502494812,0.5007097125053406,0.06358485668897629,0.999906063079834,473,270
156,5200,25,0.4520932137966156,0.609941840171814,-0.028450636193156242,0.926051676273346,434,329
156,5200,26,0.4997444748878479,0.6112474799156189,0.12504273653030396,0.27441197633743286,479,330
156,5200,27,0.467206746339798,0.7338040471076965,0.052869487553834915,0.9142922163009644,448,396
156,5200,28,0.5162872076034546,0.7341522574424744,0.18053632974624634,0.6003887057304382,495,396
156,5200,29,0.47906526923179626,0.7540579438209534,0.05818801373243332,0.807253360748291,459,407
156,5200,30,0.5237894058227539,0.7556004524230957,0.18433429300785065,0.6354002952575684,502,408
156,5200,31,0.4395100474357605,0.779979407787323,0.02548011764883995,0.9025011658668518,421,421
156,5200,32,0.49207597970962524,0.7643356323242188,0.16474226117134094,0.6907989978790283,472,412
157,5233,0,0.46769917011260986,0.24907085299491882,-0.06846258789300919,0.9980651140213013,448,134
157,5233,1,0.4708409011363983,0.23674127459526062,-0.08313649147748947,0.9973835349082947,452,127
157,5233,2,0.47112229466438293,0.2366226762533188,-0.08325710892677307,0.997717022895813,452,127
157,5233,3,0.4711255133152008,0.23637671768665314,-0.08321712911128998,0.998238742351532,452,127
157,5233,4,0.47251665592193604,0.23643355071544647,-0.0631217435002327,0.9968022704124451,453,127
157,5233,5,0.4738839268684387,0.23608741164207458,-0.06331067532300949,0.9971879124641418,454,127
157,5233,6,0.47498461604118347,0.23546424508094788,-0.06339309364557266,0.9976634383201599,455,127
157,5233,7,0.4786337912082672,0.2401823252439499,-0.12085496634244919,0.9992920756340027,459,129
157,5233,8,0.4841834306716919,0.2390582114458084,-0.028261374682188034,0.9960490465164185,464,129
157,5233,9,0.4712299406528473,0.25955405831336975,-0.07716748118400574,0.9974618554115295,452,140
157,5233,10,0.47232145071029663,0.2597956955432892,-0.05208512395620346,0.99518883228302,453,140
157,5233,11,0.4937009811401367,0.3113434612751007,-0.15323954820632935,0.9999550580978394,473,168
157,5233,12,0.492804616689682,0.3098280727863312,0.040725480765104294,0.9986299276351929,473,167
157,5233,13,0.5016056299209595,0.4192429482936859,-0.19303816556930542,0.9638587832450867,481,226
157,5233,14,0.47960203886032104,0.40972504019737244,0.0634268969297409,0.011489816941320896,460,221
157,5233,15,0.4966444969177246,0.5182095170021057,-0.19436517357826233,0.7959826588630676,476,279
157,5233,16,0.45650413632392883,0.4690140187740326,0.02241463027894497,0.08980829268693924,438,253
157,5233,17,0.4967150390148163,0.5423288345336914,-0.21097536385059357,0.7396805286407471,476,292
157,5233,18,0.4482038915157318,0.4914625883102417,0.01725250482559204,0.11890561133623123,430,265
157,5233,19,0.4897024929523468,0.5412663221359253,-0.21350401639938354,0.7321563363075256,470,292
157,5233,20,0.4456236660480499,0.4914664924144745,0.00014710091636516154,0.12274942547082901,427,265
157,5233,21,0.49007532000541687,0.5327098965644836,-0.194232776761055,0.6320719718933105,470,287
157,5233,22,0.4509090483188629,0.4836418330669403,0.012804259546101093,0.11389762163162231,432,261
157,5233,23,0.48623377084732056,0.5040024518966675,-0.06355937570333481,0.9999498724937439,466,272
157,5233,24,0.49297961592674255,0.5013761520385742,0.06349733471870422,0.9999073147773743,473,270
157,5233,25,0.45489802956581116,0.6094518899917603,-0.028638595715165138,0.9254032373428345,436,329
157,5233,26,0.49568456411361694,0.610964298248291,0.11538857966661453,0.2653811275959015,475,329
157,5233,27,0.46693167090415955,0.737054169178009,0.04183413088321686,0.9189472198486328,448,398
157,5233,28,0.5165005922317505,0.7352016568183899,0.15294696390628815,0.5943393707275391,495,397
157,5233,29,0.4769020974636078,0.7570017576217651,0.04237234592437744,0.8173093199729919,457,408
157,5233,30,0.5241661071777344,0.7582476139068604,0.15465816855430603,0.6338857412338257,503,409
157,5233,31,0.43891993165016174,0.7804437875747681,0.00033128418726846576,0.9077697992324829,421,421
157,5233,32,0.49109649658203125,0.7641128897666931,0.13024048507213593,0.6900776624679565,471,412
158,5266,0,0.46386823058128357,0.24904152750968933,-0.06868674606084824,0.9980714321136475,445,134
158,5266,1,0.4663553535938263,0.2367621660232544,-0.08313926309347153,0.997355580329895,447,127
158,5266,2,0.4664110541343689,0.23667234182357788,-0.08326994627714157,0.9976990818977356,447,127
158,5266,3,0.46604543924331665,0.23646533489227295,-0.0832330659031868,0.998201847076416,447,127
158,5266,4,0.46885672211647034,0.2364441603422165,-0.06334036588668823,0.9968972206115723,450,127
158,5266,5,0.47033852338790894,0.23609492182731628,-0.06352584064006805,0.9973020553588867,451,127
158,5266,6,0.4715788662433624,0.23547960817813873,-0.06360824406147003,0.9977575540542603,452,127
158,5266,7,0.4719921946525574,0.24040837585926056,-0.1196175366640091,0.9992749691009521,453,129
158,5266,8,0.4793039560317993,0.23927541077136993,-0.02815978042781353,0.9962604641914368,460,129
158,5266,9,0.4656623899936676,0.2595866620540619,-0.07693640142679214,0.9975696802139282,447,140
158,5266,10,0.46703556180000305,0.2598104774951935,-0.0521232932806015,0.9954820871353149,448,140
158,5266,11,0.4879952371120453,0.31182992458343506,-0.1535947024822235,0.999954104423523,468,168
158,5266,12,0.48314306139945984,0.31059369444847107,0.042872533202171326,0.9987103939056396,463,167
158,5266,13,0.49645230174064636,0.41916459798812866,-0.19478705525398254,0.9652326107025146,476,226
158,5266,14,0.46946683526039124,0.41011878848075867,0.06734605878591537,0.015332990325987339,450,221
158,5266,15,0.4941772222518921,0.5152876377105713,-0.20593887567520142,0.8076003789901733,474,278
158,5266,16,0.4420967698097229,0.4685036540031433,0.023412829264998436,0.12061014771461487,424,252
158,5266,17,0.4940035045146942,0.5364872813224792,-0.22393877804279327,0.7541340589523315,474,289
158,5266,18,0.43270912766456604,0.49121561646461487,0.018095724284648895,0.15453973412513733,415,265
158,5266,19,0.4878961145877838,0.5372635722160339,-0.2275456339120865,0.7470554709434509,468,290
158,5266,20,0.43165668845176697,0.4910314381122589,-0.0004015454323962331,0.15953095257282257,414,265
158,5266,21,0.48673325777053833,0.5297224521636963,-0.20644493401050568,0.6513177156448364,467,286
158,5266,22,0.43688929080963135,0.48239943385124207,0.01337510347366333,0.14850540459156036,419,260
158,5266,23,0.47966861724853516,0.5030981302261353,-0.06368553638458252,0.9999501705169678,460,271
158,5266,24,0.48497703671455383,0.5011451840400696,0.0636240616440773,0.9999096989631653,465,270
158,5266,25,0.4478655159473419,0.609077513217926,-0.013316922821104527,0.9301336407661438,429,328
158,5266,26,0.4939913749694824,0.6108220219612122,0.10965599119663239,0.29643747210502625,474,329
158,5266,27,0.44621989130973816,0.7442508339881897,0.04638320952653885,0.9262845516204834,428,401
158,5266,28,0.5166508555412292,0.7347880601882935,0.15299156308174133,0.6251775622367859,495,396
158,5266,29,0.45378535985946655,0.7672086954116821,0.047522787004709244,0.8326226472854614,435,414
158,5266,30,0.524303674697876,0.7594097852706909,0.1551951766014099,0.66140216588974,503,410
158,5266,31,0.4128706157207489,0.7787919044494629,-0.001287716208025813,0.915753960609436,396,420
158,5266,32,0.4878523051738739,0.7640990614891052,0.12388282269239426,0.7135521173477173,468,412
159,5300,0,0.46184682846069336,0.24930424988269806,-0.06876896321773529,0.9979664087295532,443,134
159,5300,1,0.46478062868118286,0.2372494786977768,-0.08365543186664581,0.9971656799316406,446,128
159,5300,2,0.4647009074687958,0.23726524412631989,-0.08378099650144577,0.9975007772445679,446,128
159,5300,3,0.46435704827308655,0.23711514472961426,-0.0837276503443718,0.9980181455612183,445,128
159,5300,4,0.46701285243034363,0.23685242235660553,-0.0637606754899025,0.9969012141227722,448,127
159,5300,5,0.46823450922966003,0.2365669459104538,-0.06395161896944046,0.9973435401916504,449,127
159,5300,6,0.4699198603630066,0.23604679107666016,-0.06404780596494675,0.9978118538856506,451,127
159,5300,7,0.470753937959671,0.2412215620279312,-0.12127570807933807,0.9991874694824219,451,130
159,5300,8,0.47739502787590027,0.24046625196933746,-0.030333900824189186,0.996425986289978,458,129
159,5300,9,0.4647248685359955,0.2604600191116333,-0.07800541073083878,0.9976050853729248,446,140
159,5300,10,0.46598580479621887,0.26070064306259155,-0.05307377502322197,0.9957008361816406,447,140
159,5300,11,0.4869735836982727,0.31246811151504517,-0.15633229911327362,0.9999479651451111,467,168
159,5300,12,0.4821223020553589,0.3130406439304352,0.04168963059782982,0.998780369758606,462,169
159,5300,13,0.4937687814235687,0.4191221296787262,-0.19749793410301208,0.964959442615509,474,226
159,5300,14,0.46974706649780273,0.41209128499031067,0.06717368215322495,0.017532290890812874,450,222
159,5300,15,0.48783111572265625,0.5164328813552856,-0.20645977556705475,0.8090201020240784,468,278
159,5300,16,0.4428688883781433,0.4692414700984955,0.023964183405041695,0.1483096182346344,425,253
159,5300,17,0.48589059710502625,0.5400536060333252,-0.22415731847286224,0.7563533782958984,466,291
159,5300,18,0.43498289585113525,0.49165841937065125,0.018589647486805916,0.1870269775390625,417,265
159,5300,19,0.4824625849723816,0.5443246960639954,-0.22770455479621887,0.7494395971298218,463,293
159,5300,20,0.43373310565948486,0.49170875549316406,5.2165050874464214e-05,0.1930863857269287,416,265
159,5300,21,0.4820000231266022,0.5369725823402405,-0.2068382352590561,0.6549097895622253,462,289
159,5300,22,0.43745332956314087,0.48365867137908936,0.013943218626081944,0.1792667806148529,419,261
159,5300,23,0.4811517000198364,0.5029786825180054,-0.06371685117483139,0.999944806098938,461,271
159,5300,24,0.48356929421424866,0.500899076461792,0.06365615874528885,0.9999068975448608,464,270
159,5300,25,0.44894349575042725,0.6092117428779602,-0.013124016113579273,0.9281857013702393,430,328
159,5300,26,0.49386298656463623,0.6115502119064331,0.09494263678789139,0.2970268130302429,474,330
159,5300,27,0.4460398852825165,0.7453286647796631,0.046822525560855865,0.9302919507026672,428,402
159,5300,28,0.516757607460022,0.7351994514465332,0.1412162482738495,0.6262068748474121,496,397
159,5300,29,0.45281314849853516,0.7706335186958313,0.04867205396294594,0.8411175608634949,434,416
159,5300,30,0.5255497694015503,0.7600997686386108,0.14387772977352142,0.6683244109153748,504,410
159,5300,31,0.4096367061138153,0.7775698900222778,-0.0002743743534665555,0.9188583493232727,393,419
159,5300,32,0.4871591329574585,0.7639204859733582,0.11360086500644684,0.7132452130317688,467,412
160,5333,0,0.45772501826286316,0.2496752142906189,-0.06955000758171082,0.9980832934379578,439,134
160,5333,1,0.46031901240348816,0.23745916783809662,-0.08415819704532623,0.9973223209381104,441,128
160,5333,2,0.4600644111633301,0.23748107254505157,-0.08428897708654404,0.9976460933685303,441,128
160,5333,3,0.45954200625419617,0.2373538762331009,-0.08424241840839386,0.9981191754341125,441,128
160,5333,4,0.4625711739063263,0.23692859709262848,-0.06441241502761841,0.9971244931221008,444,127
160,5333,5,0.4637223780155182,0.23659256100654602,-0.06460115313529968,0.9975472688674927,445,127
160,5333,6,0.4647679924964905,0.23605021834373474,-0.06469637155532837,0.9979739189147949,446,127
160,5333,7,0.46468979120254517,0.24134467542171478,-0.11568787693977356,0.9992272257804871,446,130
160,5333,8,0.4714871048927307,0.24047015607357025,-0.029894325882196426,0.9967037439346313,452,129
160,5333,9,0.45969340205192566,0.2606850266456604,-0.07774975150823593,0.9977642297744751,441,140
160,5333,10,0.46076488494873047,0.26083382964134216,-0.05349193513393402,0.9960340261459351,442,140
160,5333,11,0.4810959994792938,0.3129316568374634,-0.1503319889307022,0.9999489188194275,461,168
160,5333,12,0.47608503699302673,0.3130359649658203,0.04856820032000542,0.9988616108894348,457,169
160,5333,13,0.48863643407821655,0.41848888993263245,-0.1835992932319641,0.9669297337532043,469,225
160,5333,14,0.4618053734302521,0.41125109791755676,0.07424409687519073,0.020919980481266975,443,222
160,5333,15,0.4880548417568207,0.5126560926437378,-0.19329789280891418,0.8217743635177612,468,276
160,5333,16,0.4333554804325104,0.4644506573677063,0.02516266703605652,0.18090662360191345,416,250
160,5333,17,0.4880543053150177,0.5377140045166016,-0.20978911221027374,0.7725434303283691,468,290
160,5333,18,0.42426925897598267,0.48694750666618347,0.018856707960367203,0.2243771106004715,407,262
160,5333,19,0.4822760820388794,0.5416314005851746,-0.21698051691055298,0.7662703990936279,462,292
160,5333,20,0.4232542812824249,0.48713773488998413,0.0010059552732855082,0.23146875202655792,406,263
160,5333,21,0.4815405011177063,0.5324206948280334,-0.19514432549476624,0.677670419216156,462,287
160,5333,22,0.4273700714111328,0.4792156517505646,0.014201879501342773,0.21640531718730927,410,258
160,5333,23,0.4726645052433014,0.5013188719749451,-0.06461245566606522,0.9999468922615051,453,270
160,5333,24,0.47950735688209534,0.4985741376876831,0.06455478072166443,0.9999114871025085,460,269
160,5333,25,0.44588205218315125,0.6136295199394226,0.008246072567999363,0.9339357614517212,428,331
160,5333,26,0.4925936162471771,0.6114371418952942,0.09746617823839188,0.3487040400505066,472,330
160,5333,27,0.4277079999446869,0.7444934844970703,0.06530801206827164,0.9368467330932617,410,402
160,5333,28,0.5166844129562378,0.7348301410675049,0.14662256836891174,0.6604181528091431,496,396
160,5333,29,0.43275898694992065,0.770761251449585,0.06664891541004181,0.8554879426956177,415,416
160,5333,30,0.5257877707481384,0.7602514028549194,0.14946530759334564,0.6987558603286743,504,410
160,5333,31,0.3862118124961853,0.7695474624633789,0.015589357353746891,0.9262056946754456,370,415
160,5333,32,0.4861065745353699,0.7622326612472534,0.1212712824344635,0.7390561103820801,466,411
161,5366,0,0.4559403359889984,0.2503727972507477,-0.06942956149578094,0.998099148273468,437,135
161,5366,1,0.45809081196784973,0.2382746934890747,-0.08373048901557922,0.9973481893539429,439,128
161,5366,2,0.4578571021556854,0.23829127848148346,-0.0838651955127716,0.997679591178894,439,128
161,5366,3,0.4574815034866333,0.2381526231765747,-0.08382178097963333,0.9981314539909363,439,128
161,5366,4,0.460336297750473,0.2377433478832245,-0.06424086540937424,0.997234582901001,441,128
161,5366,5,0.4621168375015259,0.23727348446846008,-0.06442630290985107,0.9976618885993958,443,128
161,5366,6,0.4632878303527832,0.23669956624507904,-0.06451381742954254,0.9980579614639282,444,127
161,5366,7,0.46298786997795105,0.24231761693954468,-0.11535456776618958,0.9992355704307556,444,130
161,5366,8,0.47002866864204407,0.24132193624973297,-0.028902338817715645,0.9968770146369934,451,130
161,5366,9,0.45822182297706604,0.2614630460739136,-0.07690344005823135,0.9978625178337097,439,141
161,5366,10,0.4593886435031891,0.2616693079471588,-0.05274534970521927,0.9962630271911621,441,141
161,5366,11,0.4782928228378296,0.31305161118507385,-0.15028086304664612,0.9999489784240723,459,169
161,5366,12,0.47487449645996094,0.31459295749664307,0.050459373742341995,0.9989126920700073,455,169
161,5366,13,0.4870152175426483,0.41788941621780396,-0.1845204085111618,0.968998908996582,467,225
161,5366,14,0.46310800313949585,0.4116951525211334,0.0746709555387497,0.02189372479915619,444,222
161,5366,15,0.4862183928489685,0.5104094743728638,-0.19810770452022552,0.834226667881012,466,275
161,5366,16,0.43542253971099854,0.4646104574203491,0.025048591196537018,0.1956261545419693,418,250
161,5366,17,0.4875204861164093,0.5372589230537415,-0.21620908379554749,0.7878590226173401,468,290
161,5366,18,0.4278821349143982,0.48459795117378235,0.01863887906074524,0.24414798617362976,410,261
161,5366,19,0.48088008165359497,0.5410484671592712,-0.22128146886825562,0.782124400138855,461,292
161,5366,20,0.42300647497177124,0.4869432747364044,-0.0003270789748057723,0.252231627702713,406,262
161,5366,21,0.4800318479537964,0.532285749912262,-0.19933263957500458,0.6986677050590515,460,287
161,5366,22,0.4287152886390686,0.4781600534915924,0.014099041000008583,0.23630620539188385,411,258
161,5366,23,0.471441388130188,0.5006392002105713,-0.06498055160045624,0.9999475479125977,452,270
161,5366,24,0.4763689339160919,0.49663791060447693,0.0649242252111435,0.9999132752418518,457,268
161,5366,25,0.4464972913265228,0.6159584522247314,0.0060433861799538136,0.9378923177719116,428,332
161,5366,26,0.49258720874786377,0.6110024452209473,0.09600400924682617,0.38460323214530945,472,329
161,5366,27,0.4261936843395233,0.7452258467674255,0.0619003102183342,0.9424387216567993,409,402
161,5366,28,0.5160635113716125,0.7345691919326782,0.1485840529203415,0.68793785572052,495,396
161,5366,29,0.43181073665618896,0.7707786560058594,0.06321355700492859,0.867384672164917,414,416
161,5366,30,0.5257159471511841,0.7600412964820862,0.1517024040222168,0.7239381670951843,504,410
161,5366,31,0.3876733183860779,0.7661867737770081,0.013705004006624222,0.9322082996368408,372,413
161,5366,32,0.4834703207015991,0.7614226341247559,0.12226046621799469,0.7594751715660095,464,411
162,5400,0,0.45164158940315247,0.25051748752593994,-0.06557384878396988,0.9980339407920837,433,135
162,5400,1,0.4529832601547241,0.23850637674331665,-0.07929639518260956,0.9972049593925476,434,128
162,5400,2,0.45236292481422424,0.23853138089179993,-0.07943136245012283,0.9975742101669312,434,128
162,5400,3,0.45152902603149414,0.23842330276966095,-0.07938996702432632,0.9979763031005859,433,128
162,5400,4,0.456219345331192,0.23797011375427246,-0.06102795898914337,0.997309148311615,437,128
162,5400,5,0.457864910364151,0.23750777542591095,-0.061211343854665756,0.9977717399597168,439,128
162,5400,6,0.45927292108535767,0.2369178831577301,-0.061290301382541656,0.998145341873169,440,127
162,5400,7,0.4549483060836792,0.24301503598690033,-0.11146753281354904,0.9991859197616577,436,131
162,5400,8,0.46603885293006897,0.24173298478126526,-0.028291570022702217,0.9970771670341492,447,130
162,5400,9,0.4525927007198334,0.261862188577652,-0.07277750968933105,0.9978922605514526,434,141
162,5400,10,0.4548942744731903,0.261996865272522,-0.04987445846199989,0.9964768886566162,436,141
162,5400,11,0.47014227509498596,0.31613805890083313,-0.14638762176036835,0.9999427795410156,451,170
162,5400,12,0.46986809372901917,0.31584763526916504,0.05037933588027954,0.9989951252937317,451,170
162,5400,13,0.4808724522590637,0.42086368799209595,-0.1842622011899948,0.9645441770553589,461,227
162,5400,14,0.4540840685367584,0.41472551226615906,0.07186860591173172,0.02823476493358612,435,223
162,5400,15,0.4843682050704956,0.5082051753997803,-0.19689327478408813,0.8140143752098083,464,274
162,5400,16,0.4237881302833557,0.4649690091609955,0.014410817064344883,0.24815979599952698,406,251
162,5400,17,0.4862014353275299,0.5298775434494019,-0.21441768109798431,0.7730048298835754,466,286
162,5400,18,0.4154461622238159,0.485197514295578,0.006451271008700132,0.2972215414047241,398,262
162,5400,19,0.48062431812286377,0.5323971509933472,-0.21887971460819244,0.7682390809059143,461,287
162,5400,20,0.4127078354358673,0.48702478408813477,-0.013316978700459003,0.3058452010154724,396,262
162,5400,21,0.4800039529800415,0.5259965658187866,-0.1979905515909195,0.6861358284950256,460,284
162,5400,22,0.41753512620925903,0.47899389266967773,0.0032771972473710775,0.2882336974143982,400,258
162,5400,23,0.4672633409500122,0.5006015300750732,-0.06604090332984924,0.9999489188194275,448,270
162,5400,24,0.4727209806442261,0.49771130084991455,0.0659632533788681,0.9999185800552368,453,268
162,5400,25,0.44380855560302734,0.6217741966247559,0.009937570430338383,0.9424080848693848,426,335
162,5400,26,0.4909757971763611,0.6106988787651062,0.10964914411306381,0.4259982705116272,471,329
162,5400,27,0.41383641958236694,0.745137631893158,0.06214969605207443,0.9478058218955994,397,402
162,5400,28,0.5157836675643921,0.7345185875892639,0.16929687559604645,0.7166883945465088,495,396
162,5400,29,0.41719019412994385,0.7732592821121216,0.06311722844839096,0.8792827725410461,400,417
162,5400,30,0.5256629586219788,0.7597180008888245,0.17350029945373535,0.7498461008071899,504,410
162,5400,31,0.3752240836620331,0.7582141160964966,0.012360837310552597,0.9381787776947021,360,409
162,5400,32,0.4839385747909546,0.7613966464996338,0.14349927008152008,0.7809650301933289,464,411
163,5433,0,0.44772064685821533,0.2509228587150574,-0.06659223139286041,0.9981716275215149,429,135
163,5433,1,0.4500216841697693,0.23875364661216736,-0.08022841066122055,0.9973980188369751,432,128
163,5433,2,0.4498020112514496,0.23871977627277374,-0.08036135137081146,0.9977397322654724,431,128
163,5433,3,0.44941675662994385,0.23856587707996368,-0.0803198292851448,0.9981004595756531,431,128
163,5433,4,0.45234960317611694,0.23831214010715485,-0.06147344782948494,0.9975350499153137,434,128
163,5433,5,0.4536389410495758,0.23782043159008026,-0.061659786850214005,0.9979666471481323,435,128
163,5433,6,0.45471686124801636,0.23717202246189117,-0.061738546937704086,0.9983067512512207,436,128
163,5433,7,0.45412126183509827,0.24330390989780426,-0.11162719130516052,0.9992345571517944,435,131
163,5433,8,0.4612332284450531,0.24191436171531677,-0.02515362948179245,0.997341513633728,442,130
163,5433,9,0.4499407708644867,0.26209184527397156,-0.0735742524266243,0.9980500340461731,431,141
163,5433,10,0.4508325159549713,0.2625826597213745,-0.05001085624098778,0.9967808127403259,432,141
163,5433,11,0.46949413418769836,0.31686800718307495,-0.14498136937618256,0.9999406337738037,450,171
163,5433,12,0.4655969738960266,0.31738731265068054,0.05172402411699295,0.9990794062614441,446,171
163,5433,13,0.4813372492790222,0.42081597447395325,-0.182438462972641,0.9640623331069946,462,227
163,5433,14,0.4540902078151703,0.4147607684135437,0.07269218564033508,0.03486603870987892,435,223
163,5433,15,0.484432578086853,0.5078557729721069,-0.19436801970005035,0.8054632544517517,465,274
163,5433,16,0.42587292194366455,0.4657512903213501,0.016118252649903297,0.29230672121047974,408,251
163,5433,17,0.4851733148097992,0.5300933122634888,-0.21084044873714447,0.7669036388397217,465,286
163,5433,18,0.4150707423686981,0.4861350655555725,0.008421791717410088,0.34181487560272217,398,262
163,5433,19,0.4804874062538147,0.5304579734802246,-0.21729901432991028,0.7625274062156677,461,286
163,5433,20,0.4130387306213379,0.48784178495407104,-0.011007738299667835,0.3506750166416168,396,263
163,5433,21,0.4798077642917633,0.5246431231498718,-0.19635413587093353,0.6823270916938782,460,283
163,5433,22,0.418476939201355,0.4799250364303589,0.00522293196991086,0.33183780312538147,401,259
163,5433,23,0.46679773926734924,0.5005145072937012,-0.06639166921377182,0.9999513626098633,448,270
163,5433,24,0.4715418517589569,0.49766895174980164,0.06631425023078918,0.9999244213104248,452,268
163,5433,25,0.44267165660858154,0.622856080532074,0.007942154072225094,0.94706791639328,424,336
163,5433,26,0.48942798376083374,0.6099044680595398,0.10239041596651077,0.47262758016586304,469,329
163,5433,27,0.4130142033100128,0.7454735636711121,0.05917814001441002,0.9527422189712524,396,402
163,5433,28,0.5156294107437134,0.7342329025268555,0.15809647738933563,0.7433294653892517,495,396
163,5433,29,0.416360467672348,0.7745709419250488,0.060237202793359756,0.8902682662010193,399,418
163,5433,30,0.5255656242370605,0.759575605392456,0.1619415432214737,0.7735005617141724,504,410
163,5433,31,0.374548077583313,0.7553632855415344,0.008634110912680626,0.9437820911407471,359,407
163,5433,32,0.48400768637657166,0.7611932158470154,0.1290574073791504,0.8011689186096191,464,411
164,5466,0,0.44254082441329956,0.2518688142299652,-0.07918380200862885,0.9981915354728699,424,136
164,5466,1,0.4449605941772461,0.23984186351299286,-0.09301287680864334,0.9974504113197327,427,129
164,5466,2,0.4446057081222534,0.23986147344112396,-0.09315809607505798,0.9977908730506897,426,129
164,5466,3,0.4440514147281647,0.23978333175182343,-0.09312065690755844,0.9981291890144348,426,129
164,5466,4,0.4474147856235504,0.23930370807647705,-0.0745549350976944,0.9976557493209839,429,129
164,5466,5,0.44862574338912964,0.23885074257850647,-0.07473292946815491,0.9980838894844055,430,128
164,5466,6,0.4496171772480011,0.23821993172168732,-0.07481161504983902,0.9984022378921509,431,128
164,5466,7,0.44890743494033813,0.24483944475650787,-0.12611058354377747,0.9992497563362122,430,132
164,5466,8,0.4569503962993622,0.2433990240097046,-0.04193486273288727,0.9975134134292603,438,131
164,5466,9,0.4442681670188904,0.2634134292602539,-0.0865931287407875,0.9981392025947571,426,142
164,5466,10,0.44564497470855713,0.2637951374053955,-0.06348736584186554,0.9969872832298279,427,142
164,5466,11,0.4633013606071472,0.320269912481308,-0.1601548045873642,0.9999386072158813,444,172
164,5466,12,0.46127381920814514,0.3188092112541199,0.03634496033191681,0.9991358518600464,442,172
164,5466,13,0.47444090247154236,0.42611363530158997,-0.18970662355422974,0.9647125601768494,455,230
164,5466,14,0.4480089247226715,0.4162977337837219,0.06065913662314415,0.03648603335022926,430,224
164,5466,15,0.4754895865917206,0.5181613564491272,-0.1940479576587677,0.8070887923240662,456,279
164,5466,16,0.4195176661014557,0.46603071689605713,0.010556534864008427,0.31752753257751465,402,251
164,5466,17,0.47545576095581055,0.544127345085144,-0.21056076884269714,0.7698430418968201,456,293
164,5466,18,0.41045650839805603,0.48684144020080566,0.0032500815577805042,0.36996614933013916,394,262
164,5466,19,0.4707369804382324,0.5410793423652649,-0.21613261103630066,0.7657219767570496,451,292
164,5466,20,0.4076690673828125,0.4871778190135956,-0.01654984802007675,0.3796670138835907,391,263
164,5466,21,0.46984317898750305,0.5357783436775208,-0.19554908573627472,0.6880208849906921,451,289
164,5466,22,0.4133947789669037,0.47966325283050537,-0.00038758915616199374,0.3597400486469269,396,259
164,5466,23,0.46000373363494873,0.5014569163322449,-0.06635598838329315,0.999954104423523,441,270
164,5466,24,0.4667704999446869,0.4984673857688904,0.06627745181322098,0.999929666519165,448,269
164,5466,25,0.4370008111000061,0.6237568259239197,0.03459777683019638,0.9506673216819763,419,336
164,5466,26,0.4833211898803711,0.6104331016540527,0.11425308138132095,0.5123819708824158,463,329
164,5466,27,0.40966734290122986,0.7447807192802429,0.09853770583868027,0.9571220278739929,393,402
164,5466,28,0.5151107311248779,0.731447696685791,0.17434653639793396,0.7673278450965881,494,394
164,5466,29,0.41460761427879333,0.7729158401489258,0.10069870203733444,0.9001055359840393,398,417
164,5466,30,0.5255788564682007,0.7558519244194031,0.17891092598438263,0.7949047088623047,504,408
164,5466,31,0.3685329258441925,0.7560325860977173,0.04983927309513092,0.9486379027366638,353,408
164,5466,32,0.48413288593292236,0.7610562443733215,0.14894698560237885,0.8191432356834412,464,410
165,5500,0,0.4372054934501648,0.2518734037876129,-0.07787615805864334,0.9983015060424805,419,136
165,5500,1,0.44114992022514343,0.23986876010894775,-0.09187091141939163,0.9976102709770203,423,129
165,5500,2,0.44125697016716003,0.2398734986782074,-0.09201836585998535,0.9979307651519775,423,129
165,5500,3,0.4412302076816559,0.23978328704833984,-0.0919872373342514,0.9982350468635559,423,129
165,5500,4,0.4426959156990051,0.23933365941047668,-0.07420091331005096,0.9978369474411011,424,129
165,5500,5,0.4437314569950104,0.23887470364570618,-0.07438244670629501,0.9982406497001648,425,128
165,5500,6,0.44506722688674927,0.23821806907653809,-0.0744563415646553,0.9985310435295105,427,128
165,5500,7,0.4474009573459625,0.24483442306518555,-0.12411019206047058,0.9992907643318176,429,132
165,5500,8,0.4524049460887909,0.24337714910507202,-0.030605293810367584,0.9977217316627502,434,131
165,5500,9,0.4402589797973633,0.2634609043598175,-0.08536210656166077,0.9982689619064331,422,142
165,5500,10,0.4410723149776459,0.2639503479003906,-0.06239398941397667,0.9972320795059204,423,142
165,5500,11,0.46145567297935486,0.3201057016849518,-0.155659481883049,0.9999381899833679,442,172
165,5500,12,0.4577573835849762,0.3196166157722473,0.04779236018657684,0.9992043375968933,439,172
165,5500,13,0.47255939245224,0.42452579736709595,-0.18968482315540314,0.9662911295890808,453,229
165,5500,14,0.44814613461494446,0.41658079624176025,0.06692492961883545,0.04146919399499893,430,224
165,5500,15,0.4765276610851288,0.5155382752418518,-0.2014158070087433,0.8112527132034302,457,278
165,5500,16,0.4207081198692322,0.4663790464401245,0.007979066111147404,0.3548872172832489,403,251
165,5500,17,0.47674453258514404,0.5433232188224792,-0.21932415664196014,0.7754954099655151,457,293
165,5500,18,0.41054895520210266,0.4868803918361664,-0.0013922295765951276,0.407894492149353,394,262
165,5500,19,0.47194772958755493,0.5404773950576782,-0.22533196210861206,0.7716519832611084,453,291
165,5500,20,0.4080424904823303,0.4868893623352051,-0.021567489951848984,0.41782206296920776,391,262
165,5500,21,0.47139617800712585,0.5327380299568176,-0.2030811309814453,0.6966565847396851,452,287
165,5500,22,0.4132102131843567,0.47984403371810913,-0.0034382634330540895,0.397269070148468,396,259
165,5500,23,0.4586656391620636,0.4999551773071289,-0.06668319553136826,0.9999566674232483,440,269
165,5500,24,0.4639166593551636,0.4970535933971405,0.06660537421703339,0.999934732913971,445,268
165,5500,25,0.43630412220954895,0.6235613822937012,0.015704968944191933,0.9546636939048767,418,336
165,5500,26,0.48243239521980286,0.6092565059661865,0.0836603119969368,0.5548543930053711,463,328
165,5500,27,0.4095253348350525,0.7445798516273499,0.06879711151123047,0.9611567258834839,393,402
165,5500,28,0.5148943662643433,0.7297189831733704,0.12736709415912628,0.7893977165222168,494,394
165,5500,29,0.41341984272003174,0.7726436853408813,0.06629552692174911,0.9090393781661987,396,417
165,5500,30,0.5258949398994446,0.7551486492156982,0.12999363243579865,0.8144552111625671,504,407
165,5500,31,0.36909693479537964,0.7571200132369995,0.004371941089630127,0.9532504677772522,354,408
165,5500,32,0.48431316018104553,0.7613046765327454,0.096403568983078,0.8360031843185425,464,411
166,5533,0,0.436538964509964,0.2533912658691406,-0.07608720660209656,0.9981922507286072,419,136
166,5533,1,0.4378056228160858,0.24119290709495544,-0.0902298167347908,0.9974613785743713,420,130
166,5533,2,0.4371170103549957,0.24126160144805908,-0.09037761390209198,0.997837245464325,419,130
166,5533,3,0.4362000823020935,0.24123795330524445,-0.09034889191389084,0.9981228113174438,418,130
166,5533,4,0.44063541293144226,0.2403622418642044,-0.07399328052997589,0.9978111982345581,423,129
166,5533,5,0.44240954518318176,0.23971498012542725,-0.07415645569562912,0.9982590675354004,424,129
166,5533,6,0.44376352429389954,0.23899541795253754,-0.07421857863664627,0.9985320568084717,426,129
166,5533,7,0.4397248923778534,0.24636191129684448,-0.12404485791921616,0.9992613792419434,422,133
166,5533,8,0.4496156573295593,0.24438738822937012,-0.034147921949625015,0.9977778196334839,431,131
166,5533,9,0.43748775124549866,0.26546433568000793,-0.0837671309709549,0.998269259929657,419,143
166,5533,10,0.4391562342643738,0.2653701603412628,-0.06182374805212021,0.9973176121711731,421,143
166,5533,11,0.45430025458335876,0.3218424618244171,-0.15540648996829987,0.9999373555183411,436,173
166,5533,12,0.4539317786693573,0.31955066323280334,0.043104588985443115,0.9992414116859436,435,172
166,5533,13,0.4670361876487732,0.42624735832214355,-0.18780392408370972,0.9679753184318542,448,230
166,5533,14,0.4397250711917877,0.416622519493103,0.06286738812923431,0.04522266238927841,422,224
166,5533,15,0.4695456922054291,0.5150794386863708,-0.19642215967178345,0.8213390111923218,450,278
166,5533,16,0.4121403992176056,0.46661844849586487,0.0077856602147221565,0.38296744227409363,395,251
166,5533,17,0.4709189534187317,0.542056143283844,-0.21283891797065735,0.7873410582542419,452,292
166,5533,18,0.40223461389541626,0.48717743158340454,-0.00011930474283872172,0.43647608160972595,386,263
166,5533,19,0.4663047194480896,0.5407652854919434,-0.21934683620929718,0.7838401794433594,447,292
166,5533,20,0.3995231091976166,0.4872175455093384,-0.02018091455101967,0.4471816122531891,383,263
166,5533,21,0.46424156427383423,0.5323665142059326,-0.19816716015338898,0.7125930786132812,445,287
166,5533,22,0.4055814743041992,0.48077917098999023,-0.003427955787628889,0.42626243829727173,389,259
166,5533,23,0.4509375989437103,0.5002212524414062,-0.06614720076322556,0.9999588131904602,432,270
166,5533,24,0.4573637843132019,0.4977147877216339,0.06606713682413101,0.999938428401947,439,268
166,5533,25,0.42793071269989014,0.6231088042259216,0.014592928811907768,0.9584087133407593,410,336
166,5533,26,0.4719153046607971,0.6092442274093628,0.09028689563274384,0.5927413105964661,453,328
166,5533,27,0.40530845522880554,0.7459969520568848,0.06623963266611099,0.9648699760437012,389,402
166,5533,28,0.512879490852356,0.7238785028457642,0.1352849304676056,0.8094255924224854,492,390
166,5533,29,0.41043418645858765,0.7745004296302795,0.06560004502534866,0.917344331741333,394,418
166,5533,30,0.5254480242729187,0.747635006904602,0.1356848180294037,0.832190215587616,504,403
166,5533,31,0.3666418492794037,0.7618882060050964,0.0054227570071816444,0.9575194120407104,351,411
166,5533,32,0.48422273993492126,0.7586118578910828,0.10356684774160385,0.8511977195739746,464,409
167,5566,0,0.43437454104423523,0.2536471486091614,-0.06831951439380646,0.9982297420501709,416,136
167,5566,1,0.4366365671157837,0.24122458696365356,-0.08078424632549286,0.9975183606147766,419,130
167,5566,2,0.43617144227027893,0.24126991629600525,-0.08092247694730759,0.997907817363739,418,130
167,5566,3,0.4355151057243347,0.24122944474220276,-0.08089563995599747,0.9981676936149597,418,130
167,5566,4,0.4389064908027649,0.24051785469055176,-0.06348202377557755,0.9979014992713928,421,129
167,5566,5,0.4400359094142914,0.23989678919315338,-0.06365232914686203,0.9983495473861694,422,129
167,5566,6,0.4409785866737366,0.23918338119983673,-0.0637156218290329,0.9985942244529724,423,129
167,5566,7,0.4389614164829254,0.24641267955303192,-0.10929698497056961,0.9992859959602356,421,133
167,5566,8,0.44771891832351685,0.24455071985721588,-0.025360573083162308,0.9978983402252197,429,132
167,5566,9,0.43578630685806274,0.26539111137390137,-0.07438386231660843,0.9983497858047485,418,143
167,5566,10,0.4374699294567108,0.26539456844329834,-0.052210044115781784,0.9974761009216309,419,143
167,5566,11,0.4537310302257538,0.3215360641479492,-0.14314062893390656,0.9999392628669739,435,173
167,5566,12,0.44946011900901794,0.32043910026550293,0.05103876069188118,0.9992818236351013,431,173
167,5566,13,0.46386244893074036,0.42336195707321167,-0.17909862101078033,0.9704177379608154,445,228
167,5566,14,0.4392114281654358,0.417004257440567,0.06899197399616241,0.048114292323589325,421,225
167,5566,15,0.4686996340751648,0.5108675360679626,-0.1962258666753769,0.8356346487998962,449,275
167,5566,16,0.41212600469589233,0.46714353561401367,0.009147737175226212,0.39995262026786804,395,252
167,5566,17,0.47106024622917175,0.5375107526779175,-0.21255506575107574,0.8039568066596985,452,290
167,5566,18,0.4037114083766937,0.48741838335990906,2.819890869432129e-05,0.4546360373497009,387,263
167,5566,19,0.46607840061187744,0.5380728244781494,-0.21853938698768616,0.8008147478103638,447,290
167,5566,20,0.4002983272075653,0.4874548017978668,-0.018236888572573662,0.46619582176208496,384,263
167,5566,21,0.4644201993942261,0.5290434956550598,-0.1975037008523941,0.7346991300582886,445,285
167,5566,22,0.40516552329063416,0.4815596342086792,-0.0031572049483656883,0.4456610679626465,388,260
167,5566,23,0.4494624733924866,0.49912235140800476,-0.06578093767166138,0.9999610781669617,431,269
167,5566,24,0.4559623599052429,0.4970187246799469,0.06570010632276535,0.999941885471344,437,268
167,5566,25,0.4273962378501892,0.6229207515716553,0.0004591413016896695,0.9619801640510559,410,336
167,5566,26,0.47301536798477173,0.6095045804977417,0.06388838589191437,0.6289941072463989,454,329
167,5566,27,0.4047997295856476,0.7469068765640259,0.036223746836185455,0.9681978225708008,388,403
167,5566,28,0.5124036073684692,0.7231727838516235,0.1065303310751915,0.8275945782661438,491,390
167,5566,29,0.40968120098114014,0.7748597264289856,0.034934110939502716,0.924744188785553,393,418
167,5566,30,0.5253554582595825,0.7463865280151367,0.10894761979579926,0.8482212424278259,504,403
167,5566,31,0.3672336935997009,0.7630105018615723,-0.023174596950411797,0.9613751769065857,352,412
167,5566,32,0.48424074053764343,0.7586477994918823,0.07677485048770905,0.8651201128959656,464,409
168,5600,0,0.427695631980896,0.25382736325263977,-0.06870957463979721,0.9978861808776855,410,137
168,5600,1,0.4296509325504303,0.24132433533668518,-0.08137251436710358,0.9971591830253601,412,130
168,5600,2,0.4289220869541168,0.2413705289363861,-0.08150865882635117,0.9976523518562317,411,130
168,5600,3,0.42792806029319763,0.2413494884967804,-0.08147914707660675,0.9979037046432495,410,130
168,5600,4,0.4325839877128601,0.2405811995267868,-0.06389191001653671,0.9976907968521118,415,129
168,5600,5,0.4337638020515442,0.23997727036476135,-0.0640636757016182,0.9982318878173828,416,129
168,5600,6,0.4355493485927582,0.23924359679222107,-0.06413169950246811,0.998462975025177,418,129
168,5600,7,0.43130379915237427,0.24654382467269897,-0.11052364856004715,0.9992186427116394,414,133
168,5600,8,0.4417123794555664,0.24470242857933044,-0.032141607254743576,0.997819185256958,424,132
168,5600,9,0.42889338731765747,0.26547980308532715,-0.07493256777524948,0.9981896877288818,411,143
168,5600,10,0.43071210384368896,0.2655175030231476,-0.052839916199445724,0.9973432421684265,413,143
168,5600,11,0.44723665714263916,0.32252147793769836,-0.1448875367641449,0.9999361634254456,429,174
168,5600,12,0.4447914659976959,0.3202974796295166,0.04141434654593468,0.9992678761482239,426,172
168,5600,13,0.45746469497680664,0.42622071504592896,-0.17904219031333923,0.9707851409912109,439,230
168,5600,14,0.4344126582145691,0.41917988657951355,0.06047563627362251,0.04585091397166252,417,226
168,5600,15,0.4611714780330658,0.5120839476585388,-0.18970981240272522,0.8406803607940674,442,276
168,5600,16,0.40985870361328125,0.4673939049243927,0.010079601779580116,0.38702788949012756,393,252
168,5600,17,0.4625341296195984,0.5382853746414185,-0.20501627027988434,0.8112992644309998,444,290
168,5600,18,0.4032735824584961,0.48889783024787903,0.0010433512507006526,0.44557052850723267,387,264
168,5600,19,0.45575955510139465,0.5391334295272827,-0.20993448793888092,0.8084602952003479,437,291
168,5600,20,0.3987785279750824,0.4898392856121063,-0.015415279194712639,0.4576827585697174,382,264
168,5600,21,0.45506080985069275,0.5292770862579346,-0.19071483612060547,0.7449548244476318,436,285
168,5600,22,0.4040435254573822,0.4849114418029785,-0.002875442849472165,0.4375120997428894,387,261
168,5600,23,0.44236135482788086,0.4998711049556732,-0.06373079121112823,0.9999634027481079,424,269
168,5600,24,0.44828173518180847,0.4974091053009033,0.06365850567817688,0.9999452829360962,430,268
168,5600,25,0.4203319549560547,0.6228857040405273,0.023627668619155884,0.9650492668151855,403,336
168,5600,26,0.4644531011581421,0.6094975471496582,0.08223020285367966,0.6602754592895508,445,329
168,5600,27,0.4029879570007324,0.7464281916618347,0.07683106511831284,0.9712172150611877,386,403
168,5600,28,0.5087953209877014,0.7176640629768372,0.11724425852298737,0.8440864086151123,488,387
168,5600,29,0.40953582525253296,0.7738682627677917,0.07801583409309387,0.9315723180770874,393,417
168,5600,30,0.523186981678009,0.7362234592437744,0.1206122487783432,0.862725555896759,502,397
168,5600,31,0.3666260838508606,0.7679508328437805,0.028156578540802002,0.9648498296737671,351,414
168,5600,32,0.484331876039505,0.7584103345870972,0.09670141339302063,0.8776628971099854,464,409
169,5633,0,0.4264916181564331,0.25379660725593567,-0.06635931134223938,0.9979755282402039,409,137
169,5633,1,0.42824453115463257,0.24130743741989136,-0.07911498099565506,0.9972897171974182,411,130
169,5633,2,0.4276732802391052,0.2413473278284073,-0.07924890518188477,0.9977735877037048,410,130
169,5633,3,0.4269099235534668,0.24132393300533295,-0.07922082394361496,0.9980042576789856,409,130
169,5633,4,0.43081679940223694,0.24057473242282867,-0.06126168742775917,0.9978146553039551,413,129
169,5633,5,0.431892454624176,0.2399728000164032,-0.06142709031701088,0.9983360171318054,414,129
169,5633,6,0.43295803666114807,0.23924356698989868,-0.06149503216147423,0.9985436201095581,415,129
169,5633,7,0.430135041475296,0.24651460349559784,-0.10920646041631699,0.9992613792419434,412,133
169,5633,8,0.4392962157726288,0.24468253552913666,-0.028574837371706963,0.9979556202888489,421,132
169,5633,9,0.42831286787986755,0.2651910185813904,-0.07292995601892471,0.9983040690422058,411,143
169,5633,10,0.42958271503448486,0.2655078172683716,-0.05052429065108299,0.9975244402885437,412,143
169,5633,11,0.44527480006217957,0.32207098603248596,-0.14564234018325806,0.9999396800994873,427,173
169,5633,12,0.4414350390434265,0.3205545246601105,0.04606855660676956,0.9993004202842712,423,173
169,5633,13,0.456478089094162,0.42531225085258484,-0.17991818487644196,0.9732945561408997,438,229
169,5633,14,0.4323369562625885,0.41909605264663696,0.06148529425263405,0.048341892659664154,415,226
169,5633,15,0.45899057388305664,0.5132758021354675,-0.1898205578327179,0.8553659915924072,440,277
169,5633,16,0.40824154019355774,0.4674486517906189,0.010474600829184055,0.40881776809692383,391,252
169,5633,17,0.46185168623924255,0.5394483804702759,-0.20531895756721497,0.8283841609954834,443,291
169,5633,18,0.3992479145526886,0.48944786190986633,0.0023234819527715445,0.4680494964122772,383,264
169,5633,19,0.4551326036453247,0.5420429110527039,-0.2109735757112503,0.8258090615272522,436,292
169,5633,20,0.3956933617591858,0.4901185631752014,-0.015795966610312462,0.48065054416656494,379,264
169,5633,21,0.45234575867652893,0.5333347320556641,-0.19079025089740753,0.7676671147346497,434,288
169,5633,22,0.4020847678184509,0.4846888780593872,-0.001331108738668263,0.46049654483795166,386,261
169,5633,23,0.44212988018989563,0.4983299672603607,-0.06380926817655563,0.9999653100967407,424,269
169,5633,24,0.446871280670166,0.49586567282676697,0.06374029070138931,0.999947726726532,428,267
169,5633,25,0.4195325970649719,0.6227707862854004,0.0025084414519369602,0.9680699706077576,402,336
169,5633,26,0.4629899859428406,0.6085914969444275,0.06501152366399765,0.6894676685333252,444,328
169,5633,27,0.40391525626182556,0.7461947798728943,0.037022821605205536,0.9739697575569153,387,402
169,5633,28,0.5075652599334717,0.7162160873413086,0.1042223870754242,0.8587904572486877,487,386
169,5633,29,0.4107353389263153,0.7734352946281433,0.03615885227918625,0.9377369284629822,394,417
169,5633,30,0.5213969945907593,0.7338752746582031,0.10695623606443405,0.8757230043411255,500,396
169,5633,31,0.3664591908454895,0.7695482969284058,-0.01909024827182293,0.9681158065795898,351,415
169,5633,32,0.484049916267395,0.7584531903266907,0.07862759381532669,0.8890520334243774,464,409
170,5666,0,0.41942059993743896,0.25308743119239807,-0.08379758894443512,0.997623085975647,402,136
170,5666,1,0.4220375418663025,0.23974183201789856,-0.09496210515499115,0.9970014691352844,405,129
170,5666,2,0.42177537083625793,0.23958073556423187,-0.09510937333106995,0.9975661039352417,404,129
170,5666,3,0.42125213146209717,0.23947134613990784,-0.09508676826953888,0.9978110194206238,404,129
170,5666,4,0.4236166179180145,0.2392740249633789,-0.07687762379646301,0.9975659251213074,406,129
170,5666,5,0.4243541657924652,0.23873302340507507,-0.0770530179142952,0.9981610178947449,407,128
170,5666,6,0.42492035031318665,0.238069549202919,-0.07714172452688217,0.9983593225479126,407,128
170,5666,7,0.4261796176433563,0.24446187913417816,-0.11668161302804947,0.9991990327835083,409,132
170,5666,8,0.4311811029911041,0.24324315786361694,-0.035364214330911636,0.9977500438690186,413,131
170,5666,9,0.4217962622642517,0.26392480731010437,-0.08754463493824005,0.9981589317321777,404,142
170,5666,10,0.4222979247570038,0.264581561088562,-0.06504867970943451,0.9973375201225281,405,142
170,5666,11,0.44002968072891235,0.3219514489173889,-0.15266276895999908,0.9999370574951172,422,173
170,5666,12,0.43450844287872314,0.3185877799987793,0.044051192700862885,0.9992428421974182,417,172
170,5666,13,0.4472845792770386,0.42542845010757446,-0.18740667402744293,0.9747622609138489,429,229
170,5666,14,0.4270171821117401,0.41895243525505066,0.062459658831357956,0.04640869423747063,409,226
170,5666,15,0.44915053248405457,0.5133131742477417,-0.1976572871208191,0.8642051219940186,431,277
170,5666,16,0.4069587290287018,0.468409925699234,0.012161602266132832,0.39562153816223145,390,252
170,5666,17,0.45009323954582214,0.5392681360244751,-0.2143760323524475,0.8384804725646973,432,291
170,5666,18,0.39934226870536804,0.4911618232727051,0.005760301370173693,0.45842403173446655,383,265
170,5666,19,0.44501808285713196,0.5419558882713318,-0.21879872679710388,0.8360671997070312,427,292
170,5666,20,0.3962039649486542,0.49221593141555786,-0.013381794095039368,0.47148677706718445,380,265
170,5666,21,0.44443032145500183,0.533008337020874,-0.19819773733615875,0.7806549072265625,426,287
170,5666,22,0.4015740156173706,0.48588481545448303,0.0005368788843043149,0.45255357027053833,385,262
170,5666,23,0.4351322054862976,0.4971558749675751,-0.06377323716878891,0.9999672174453735,417,268
170,5666,24,0.4358868896961212,0.4917362332344055,0.06370723992586136,0.9999502301216125,418,265
170,5666,25,0.4133216440677643,0.6221705675125122,-0.0049707964062690735,0.9708507657051086,396,335
170,5666,26,0.4500197470188141,0.6090716123580933,0.06840046495199203,0.7169126868247986,432,328
170,5666,27,0.40332576632499695,0.7462401390075684,0.041511423885822296,0.9764788746833801,387,402
170,5666,28,0.4996035695075989,0.7100247144699097,0.11015120893716812,0.8722347021102905,479,383
170,5666,29,0.4110936224460602,0.7732442617416382,0.04217531159520149,0.9434008002281189,394,417
170,5666,30,0.5151031017303467,0.721053421497345,0.11320699751377106,0.8873690962791443,494,389
170,5666,31,0.36762866377830505,0.7718956470489502,-0.012310364283621311,0.9710873961448669,352,416
170,5666,32,0.48381927609443665,0.7601942420005798,0.08145508170127869,0.8993459343910217,464,410
171,5700,0,0.41677913069725037,0.2530451714992523,-0.09043633937835693,0.9976933598518372,400,136
171,5700,1,0.4197792708873749,0.2397080361843109,-0.10114338248968124,0.9971417188644409,402,129
171,5700,2,0.42007747292518616,0.23953108489513397,-0.10129044204950333,0.9976798892021179,403,129
171,5700,3,0.42016106843948364,0.23938685655593872,-0.10126180946826935,0.9979133605957031,403,129
171,5700,4,0.42021119594573975,0.2392870932817459,-0.0827738344669342,0.9976807236671448,403,129
171,5700,5,0.4207398593425751,0.23877328634262085,-0.08295409381389618,0.9982460141181946,403,128
171,5700,6,0.4211190938949585,0.23814603686332703,-0.08304546028375626,0.9984284043312073,404,128
171,5700,7,0.42522087693214417,0.2443774789571762,-0.11982575803995132,0.999230682849884,408,131
171,5700,8,0.42726171016693115,0.24324293434619904,-0.037078987807035446,0.9978399872779846,410,131
171,5700,9,0.42057177424430847,0.26375606656074524,-0.09308334439992905,0.9982234239578247,403,142
171,5700,10,0.41952279210090637,0.2644219994544983,-0.07022020220756531,0.9974396824836731,402,142
171,5700,11,0.4387282133102417,0.31999462842941284,-0.1532377153635025,0.9999381899833679,421,172
171,5700,12,0.4316389262676239,0.3180786967277527,0.04311985895037651,0.9992300868034363,414,171
171,5700,13,0.4477027356624603,0.4238949418067932,-0.18733634054660797,0.9764962792396545,429,228
171,5700,14,0.42635461688041687,0.4187682271003723,0.06300587207078934,0.04463576525449753,409,226
171,5700,15,0.44775474071502686,0.5135462284088135,-0.19924643635749817,0.8743306398391724,429,277
171,5700,16,0.4067724347114563,0.47154924273490906,0.015358850359916687,0.3829667568206787,390,254
171,5700,17,0.44946709275245667,0.5396073460578918,-0.21639983355998993,0.8499711155891418,431,291
171,5700,18,0.399753212928772,0.49435967206954956,0.009436270222067833,0.4489070177078247,383,266
171,5700,19,0.44235163927078247,0.5432760119438171,-0.2215694636106491,0.8477890491485596,424,293
171,5700,20,0.3978002667427063,0.49517184495925903,-0.010075687430799007,0.46229851245880127,381,267
171,5700,21,0.4414084851741791,0.5361176133155823,-0.2001294195652008,0.7957510352134705,423,289
171,5700,22,0.4032430946826935,0.4890786111354828,0.004212535452097654,0.4442214071750641,387,264
171,5700,23,0.43456965684890747,0.49604660272598267,-0.06366576999425888,0.9999682903289795,417,267
171,5700,24,0.4336080849170685,0.49080222845077515,0.0636054202914238,0.9999513626098633,416,265
171,5700,25,0.41333261132240295,0.6207770705223083,-0.010272123850882053,0.9730570316314697,396,335
171,5700,26,0.4466690421104431,0.6098807454109192,0.06621751189231873,0.7372844219207764,428,329
171,5700,27,0.40402618050575256,0.7461090683937073,0.03472454473376274,0.9786512851715088,387,402
171,5700,28,0.4979487955570221,0.7086058855056763,0.10367972403764725,0.8831851482391357,478,382
171,5700,29,0.4107741117477417,0.7730150818824768,0.035259705036878586,0.9482218623161316,394,417
171,5700,30,0.5128893852233887,0.7200683355331421,0.10604730993509293,0.8969577550888062,492,388
171,5700,31,0.3661865293979645,0.7726383209228516,-0.02191097103059292,0.9736168384552002,351,417
171,5700,32,0.4824274182319641,0.7611280083656311,0.07242576032876968,0.9076212644577026,463,411
172,5733,0,0.4089493751525879,0.2525955140590668,-0.07668942958116531,0.9963470697402954,392,136
172,5733,1,0.4110923707485199,0.23927931487560272,-0.09207441657781601,0.9962732791900635,394,129
172,5733,2,0.4107283353805542,0.23911496996879578,-0.09223143756389618,0.9970296025276184,394,129
172,5733,3,0.41009488701820374,0.23897814750671387,-0.09222272038459778,0.9974094033241272,393,129
172,5733,4,0.4136757254600525,0.23860420286655426,-0.07417655736207962,0.99661785364151,397,128
172,5733,5,0.4150190055370331,0.23794978857040405,-0.07436482608318329,0.9973860383033752,398,128
172,5733,6,0.4161375164985657,0.23719768226146698,-0.07447385787963867,0.9975274801254272,399,128
172,5733,7,0.41442960500717163,0.24388939142227173,-0.12003013491630554,0.9990880489349365,397,131
172,5733,8,0.4233361482620239,0.24222463369369507,-0.03781430795788765,0.9968081116676331,406,130
172,5733,9,0.41106948256492615,0.2634785771369934,-0.0843486487865448,0.997597873210907,394,142
172,5733,10,0.41222718358039856,0.26391923427581787,-0.062222160398960114,0.9962327480316162,395,142
172,5733,11,0.428897500038147,0.31956958770751953,-0.15557266771793365,0.9999361038208008,411,172
172,5733,12,0.42998799681663513,0.3150694668292999,0.037053756415843964,0.9987518787384033,412,170
172,5733,13,0.4368995726108551,0.4240328371524811,-0.1871984899044037,0.9775813221931458,419,228
172,5733,14,0.43063971400260925,0.4186384081840515,0.05911872908473015,0.040640801191329956,413,226
172,5733,15,0.4385240972042084,0.5137047171592712,-0.18781588971614838,0.8765313029289246,420,277
172,5733,16,0.4220304489135742,0.4884064197540283,0.027948401868343353,0.34537309408187866,405,263
172,5733,17,0.4392407238483429,0.5395712852478027,-0.2025514394044876,0.8507928252220154,421,291
172,5733,18,0.42189013957977295,0.5103810429573059,0.025576995685696602,0.40527576208114624,405,275
172,5733,19,0.4329240918159485,0.5429428219795227,-0.20430971682071686,0.848292350769043,415,293
172,5733,20,0.4208207130432129,0.5126506090164185,0.00975537858903408,0.4173412024974823,403,276
172,5733,21,0.4327891767024994,0.535762369632721,-0.1869790405035019,0.7955417633056641,415,289
172,5733,22,0.42111027240753174,0.5047167539596558,0.01929926685988903,0.40126949548721313,404,272
172,5733,23,0.4235273003578186,0.49609941244125366,-0.06187949702143669,0.9999704360961914,406,267
172,5733,24,0.42820101976394653,0.49107393622398376,0.061841268092393875,0.9999535083770752,411,265
172,5733,25,0.40904560685157776,0.6207692623138428,0.003869102569296956,0.9752652645111084,392,335
172,5733,26,0.43355339765548706,0.6101186871528625,0.08367425948381424,0.757809579372406,416,329
172,5733,27,0.40312209725379944,0.746239185333252,0.05336105823516846,0.980694055557251,386,402
172,5733,28,0.4882717728614807,0.70557701587677,0.10955478996038437,0.893825352191925,468,381
172,5733,29,0.40993306040763855,0.7737278938293457,0.05530279129743576,0.9527870416641235,393,417
172,5733,30,0.5032065510749817,0.710838258266449,0.1136736124753952,0.9060235023498535,483,383
172,5733,31,0.36545878648757935,0.7741299271583557,-0.0013190387981012464,0.9759358763694763,350,418
172,5733,32,0.48094138503074646,0.7627851366996765,0.08467458933591843,0.9152665138244629,461,411
173,5766,0,0.4071292579174042,0.25113436579704285,-0.07548996806144714,0.995472252368927,390,135
173,5766,1,0.40942227840423584,0.23819975554943085,-0.09138312935829163,0.9955716729164124,393,128
173,5766,2,0.4093834459781647,0.23799505829811096,-0.09154865145683289,0.9965161085128784,393,128
173,5766,3,0.4089079201221466,0.2378009706735611,-0.09154961258172989,0.9970202445983887,392,128
173,5766,4,0.41198214888572693,0.2376488894224167,-0.07335183769464493,0.9958084225654602,395,128
173,5766,5,0.41324907541275024,0.2371339350938797,-0.07354334741830826,0.9967333078384399,396,128
173,5766,6,0.4143258035182953,0.23660115897655487,-0.07366669178009033,0.9968733787536621,397,127
173,5766,7,0.41379544138908386,0.24287430942058563,-0.1202976405620575,0.9989603161811829,397,131
173,5766,8,0.4211634695529938,0.2416863888502121,-0.03740495443344116,0.9959219098091125,404,130
173,5766,9,0.4097222089767456,0.2623789310455322,-0.08364667743444443,0.9970946907997131,393,141
173,5766,10,0.4105077385902405,0.2628747820854187,-0.06138378381729126,0.995305061340332,394,141
173,5766,11,0.42812711000442505,0.3174748420715332,-0.15673795342445374,0.9999368786811829,411,171
173,5766,12,0.42753610014915466,0.31416991353034973,0.03715901076793671,0.9983776211738586,410,169
173,5766,13,0.43787235021591187,0.4232565760612488,-0.18714118003845215,0.978849470615387,420,228
173,5766,14,0.42691680788993835,0.4185419976711273,0.05746229365468025,0.03691134229302406,409,226
173,5766,15,0.4371938705444336,0.5146727561950684,-0.18570050597190857,0.8821589946746826,419,277
173,5766,16,0.42201101779937744,0.5019593238830566,0.026513587683439255,0.31122973561286926,405,271
173,5766,17,0.4394322335720062,0.5396504402160645,-0.2010999470949173,0.8558889031410217,421,291
173,5766,18,0.42028629779815674,0.515998899936676,0.023072708398103714,0.3654293417930603,403,278
173,5766,19,0.4323686361312866,0.5431350469589233,-0.20321844518184662,0.8532924652099609,415,293
173,5766,20,0.41869717836380005,0.5185379981994629,0.0069438740611076355,0.37630459666252136,401,280
173,5766,21,0.43159472942352295,0.5358033776283264,-0.18502654135227203,0.8008362054824829,414,289
173,5766,22,0.419976145029068,0.5128955245018005,0.017616000026464462,0.361963152885437,403,276
173,5766,23,0.4234514832496643,0.4961546063423157,-0.06175001338124275,0.9999723434448242,406,267
173,5766,24,0.4248587191104889,0.49124258756637573,0.061721909791231155,0.9999550580978394,407,265
173,5766,25,0.40927618741989136,0.6208767890930176,0.003749893745407462,0.9763739705085754,392,335
173,5766,26,0.43207523226737976,0.6104338765144348,0.0879664421081543,0.7628642320632935,414,329
173,5766,27,0.4025161862373352,0.7461501359939575,0.054564476013183594,0.9822887182235718,386,402
173,5766,28,0.4872809946537018,0.7044277787208557,0.11874040961265564,0.9010339975357056,467,380
173,5766,29,0.4112703204154968,0.7744476795196533,0.05659831687808037,0.9557883739471436,394,418
173,5766,30,0.5016127228736877,0.7081922888755798,0.12175910174846649,0.912353515625,481,382
173,5766,31,0.36502838134765625,0.7756884694099426,-0.0007534570759162307,0.977536678314209,350,418
173,5766,32,0.4800368547439575,0.7641453146934509,0.08628233522176743,0.9199365973472595,460,412
174,5800,0,0.40021222829818726,0.2494223713874817,-0.06404660642147064,0.9951305389404297,384,134
174,5800,1,0.4027955234050751,0.23578009009361267,-0.0796012431383133,0.9954225420951843,386,127
174,5800,2,0.40245136618614197,0.23562146723270416,-0.07974535971879959,0.9963898062705994,386,127
174,5800,3,0.40183985233306885,0.23498444259166718,-0.07972557842731476,0.9969061017036438,385,126
174,5800,4,0.4058578610420227,0.2346986085176468,-0.06206139177083969,0.9956308007240295,389,126
174,5800,5,0.40744251012802124,0.2338615208864212,-0.062253233045339584,0.996599018573761,391,126
174,5800,6,0.4086925685405731,0.2330504208803177,-0.06235526129603386,0.9967248439788818,392,125
174,5800,7,0.4064202606678009,0.24041104316711426,-0.114875927567482,0.9989391565322876,390,129
174,5800,8,0.4164676070213318,0.23798909783363342,-0.035392142832279205,0.995826780796051,399,128
174,5800,9,0.40243959426879883,0.26018771529197693,-0.07250180840492249,0.9968168139457703,386,140
174,5800,10,0.4043731689453125,0.2602507174015045,-0.0509115606546402,0.9948704242706299,388,140
174,5800,11,0.420896977186203,0.3157404363155365,-0.15365244448184967,0.9999358057975769,404,170
174,5800,12,0.42591145634651184,0.3115122616291046,0.03771413862705231,0.9981037974357605,408,168
174,5800,13,0.42831552028656006,0.42308661341667175,-0.17112714052200317,0.9795178174972534,411,228
174,5800,14,0.42825692892074585,0.41718789935112,0.05860785394906998,0.03363849222660065,411,225
174,5800,15,0.4272231459617615,0.512540340423584,-0.14659851789474487,0.8778952360153198,410,276
174,5800,16,0.42370960116386414,0.4960446357727051,0.03740507364273071,0.2806527614593506,406,267
174,5800,17,0.42889583110809326,0.5361299514770508,-0.15727433562278748,0.8501754999160767,411,289
174,5800,18,0.4246460497379303,0.516605019569397,0.0360591784119606,0.32989341020584106,407,278
174,5800,19,0.4229379892349243,0.5394513010978699,-0.15818904340267181,0.8473203778266907,406,291
174,5800,20,0.4220322072505951,0.5188850164413452,0.02246083877980709,0.33967798948287964,405,280
174,5800,21,0.42223718762397766,0.5323287844657898,-0.14492757618427277,0.7944105267524719,405,287
174,5800,22,0.4218735992908478,0.5104344487190247,0.029905354604125023,0.32694098353385925,404,275
174,5800,23,0.418364554643631,0.4961884021759033,-0.06133919209241867,0.9999741315841675,401,267
174,5800,24,0.4241800606250763,0.49129781126976013,0.06131775304675102,0.9999571442604065,407,265
174,5800,25,0.4058307409286499,0.6209014058113098,0.009859973564743996,0.9782000184059143,389,335
174,5800,26,0.4166315495967865,0.6089820861816406,0.10522454231977463,0.777825653553009,399,328
174,5800,27,0.40126171708106995,0.7462243437767029,0.07008090615272522,0.9839179515838623,385,402
174,5800,28,0.4754506051540375,0.697016179561615,0.13760103285312653,0.909491240978241,456,376
174,5800,29,0.411678671836853,0.7751001715660095,0.07382641732692719,0.9594228863716125,395,418
174,5800,30,0.49107927083969116,0.6959580183029175,0.14044484496116638,0.9195438027381897,471,375
174,5800,31,0.3617919683456421,0.7763970494270325,0.026894424110651016,0.979360044002533,347,419
174,5800,32,0.47673970460891724,0.7608084082603455,0.11231109499931335,0.9259392619132996,457,410
175,5833,0,0.3998982310295105,0.24873338639736176,-0.06474815309047699,0.9944125413894653,383,134
175,5833,1,0.40191665291786194,0.23542150855064392,-0.08122815191745758,0.9949902892112732,385,127
175,5833,2,0.4015830457210541,0.2353416085243225,-0.08138301223516464,0.9960366487503052,385,127
175,5833,3,0.40104925632476807,0.23488546907901764,-0.0813613086938858,0.9966422915458679,385,126
175,5833,4,0.40464070439338684,0.23429104685783386,-0.06257559359073639,0.9951021075248718,388,126
175,5833,5,0.40605661273002625,0.23350875079631805,-0.06276678293943405,0.9961557984352112,389,126
175,5833,6,0.40730226039886475,0.23268188536167145,-0.06287635117769241,0.9962760210037231,391,125
175,5833,7,0.40549981594085693,0.24005767703056335,-0.11936267465353012,0.998833179473877,389,129
175,5833,8,0.41516193747520447,0.23737405240535736,-0.03570634126663208,0.995158851146698,398,128
175,5833,9,0.4027782678604126,0.2594730854034424,-0.07372776418924332,0.9963158369064331,386,140
175,5833,10,0.4047025442123413,0.2594451308250427,-0.050998952239751816,0.9939522743225098,388,140
175,5833,11,0.4197215735912323,0.31497445702552795,-0.16126330196857452,0.9999334812164307,402,170
175,5833,12,0.4230082333087921,0.31095197796821594,0.03790941461920738,0.9976840019226074,406,167
175,5833,13,0.429263710975647,0.4207097589969635,-0.1795935332775116,0.9800530076026917,412,227
175,5833,14,0.4272838830947876,0.4153013527393341,0.06049007549881935,0.030584173277020454,410,224
175,5833,15,0.4267916679382324,0.5098937153816223,-0.16356199979782104,0.8748529553413391,409,275
175,5833,16,0.42601868510246277,0.4936021566390991,0.035464830696582794,0.2529783546924591,408,266
175,5833,17,0.4285844564437866,0.5327655076980591,-0.17717155814170837,0.8445415496826172,411,287
175,5833,18,0.42832866311073303,0.5173527598381042,0.03297199681401253,0.29763898253440857,411,279
175,5833,19,0.42368510365486145,0.53490149974823,-0.1787085384130478,0.8411633372306824,406,288
175,5833,20,0.4230198860168457,0.5190821290016174,0.017947904765605927,0.3064481019973755,406,280
175,5833,21,0.42305153608322144,0.5278657078742981,-0.16249021887779236,0.7861131429672241,406,285
175,5833,22,0.4252621531486511,0.5128068327903748,0.027180787175893784,0.295108824968338,408,276
175,5833,23,0.4179839491844177,0.4963158965110779,-0.062371835112571716,0.9999755024909973,401,268
175,5833,24,0.42232730984687805,0.49136850237846375,0.06236046552658081,0.9999581575393677,405,265
175,5833,25,0.40510791540145874,0.6207422018051147,0.008393351919949055,0.9793923497200012,388,335
175,5833,26,0.41385218501091003,0.6081113219261169,0.1084938570857048,0.7850549221038818,397,328
175,5833,27,0.4010660946369171,0.7462047338485718,0.07141944020986557,0.9853057861328125,385,402
175,5833,28,0.47317495942115784,0.693781316280365,0.1509675681591034,0.915616512298584,454,374
175,5833,29,0.41131022572517395,0.7752315402030945,0.0752161294221878,0.9622015357017517,394,418
175,5833,30,0.4889034628868103,0.6921379566192627,0.15436936914920807,0.9246225357055664,469,373
175,5833,31,0.3621533215045929,0.7764205932617188,0.024607092142105103,0.980743408203125,347,419
175,5833,32,0.47412970662117004,0.7579353451728821,0.12394455820322037,0.9294862151145935,455,409
176,5866,0,0.39098072052001953,0.24525514245033264,-0.05454712361097336,0.9930679798126221,375,132
176,5866,1,0.39358726143836975,0.23208600282669067,-0.06823189556598663,0.9931803345680237,377,125
176,5866,2,0.3933785855770111,0.23208440840244293,-0.06835959106683731,0.9940970540046692,377,125
176,5866,3,0.39290380477905273,0.2319827824831009,-0.06835624575614929,0.995357871055603,377,125
176,5866,4,0.3961823582649231,0.23070403933525085,-0.050240982323884964,0.9931836128234863,380,124
176,5866,5,0.3976696729660034,0.2301071584224701,-0.050433915108442307,0.9943349957466125,381,124
176,5866,6,0.3988799750804901,0.22929781675338745,-0.05052945390343666,0.9950600862503052,382,123
176,5866,7,0.39818087220191956,0.2376975119113922,-0.10029271990060806,0.998275101184845,382,128
176,5866,8,0.4070958197116852,0.23496831953525543,-0.019140491262078285,0.9932947158813477,390,126
176,5866,9,0.3931531310081482,0.25671082735061646,-0.06169361621141434,0.994907796382904,377,138
176,5866,10,0.3949662148952484,0.2573169767856598,-0.03951017186045647,0.9918285608291626,379,138
176,5866,11,0.412575900554657,0.3142421245574951,-0.1349143087863922,0.9999181628227234,396,169
176,5866,12,0.4203668236732483,0.30721601843833923,0.048020001500844955,0.9974201917648315,403,165
176,5866,13,0.41969072818756104,0.4209299087524414,-0.1479414403438568,0.9672338962554932,402,227
176,5866,14,0.4234946370124817,0.41499707102775574,0.06607142835855484,0.027691828086972237,406,224
176,5866,15,0.4124038517475128,0.5054670572280884,-0.11959228664636612,0.8145668506622314,395,272
176,5866,16,0.4223777949810028,0.4930800199508667,0.036723870784044266,0.22787195444107056,405,266
176,5866,17,0.4127727150917053,0.5308939814567566,-0.1311286836862564,0.7831145524978638,396,286
176,5866,18,0.4234786331653595,0.5168773531913757,0.033533819019794464,0.2682328522205353,406,279
176,5866,19,0.41086986660957336,0.5329158306121826,-0.1319330483675003,0.778886079788208,394,287
176,5866,20,0.4208553731441498,0.518337607383728,0.019049959257245064,0.2761576771736145,404,279
176,5866,21,0.410675972700119,0.5239083766937256,-0.11798181384801865,0.7232442498207092,394,282
176,5866,22,0.42038747668266296,0.5110628008842468,0.028590070083737373,0.2659958004951477,403,275
176,5866,23,0.41266265511512756,0.49114909768104553,-0.05866454541683197,0.9999715685844421,396,265
176,5866,24,0.42006078362464905,0.488582581281662,0.05863957852125168,0.9999507069587708,403,263
176,5866,25,0.4020666778087616,0.6203097701072693,-0.040513794869184494,0.9746013283729553,385,334
176,5866,26,0.4054836630821228,0.60840904712677,0.08569372445344925,0.7300345301628113,389,328
176,5866,27,0.40229082107543945,0.7475065588951111,0.04770902544260025,0.9797354936599731,386,403
176,5866,28,0.43782806396484375,0.7167885303497314,0.1444977968931198,0.876999020576477,420,387
176,5866,29,0.4270363748073578,0.7608427405357361,0.055004000663757324,0.9426685571670532,409,410
176,5866,30,0.447298139333725,0.7337797284126282,0.14941975474357605,0.8820133805274963,429,396
176,5866,31,0.3959173262119293,0.7733998894691467,0.019412342458963394,0.9700319766998291,380,417
176,5866,32,0.42174670100212097,0.7579321265220642,0.11950211226940155,0.8912803530693054,404,409
177,5900,0,0.3900560438632965,0.24546684324741364,-0.056389518082141876,0.9932161569595337,374,132
177,5900,1,0.3919338583946228,0.23244473338127136,-0.06981842964887619,0.9931490421295166,376,125
177,5900,2,0.3918185234069824,0.23242932558059692,-0.06994936615228653,0.9940005540847778,376,125
177,5900,3,0.3912920653820038,0.23230770230293274,-0.06995181739330292,0.9953401684761047,375,125
177,5900,4,0.394927054643631,0.2311588078737259,-0.05147651955485344,0.9930769801139832,379,124
177,5900,5,0.39644989371299744,0.23056797683238983,-0.051660556346178055,0.9941818714141846,380,124
177,5900,6,0.397768497467041,0.22977474331855774,-0.05174490436911583,0.9950095415115356,381,124
177,5900,7,0.3964358866214752,0.23784029483795166,-0.10093286633491516,0.9982450604438782,380,128
177,5900,8,0.40519294142723083,0.23530428111553192,-0.01759549230337143,0.9930576086044312,388,127
177,5900,9,0.3928191065788269,0.25666072964668274,-0.0631231814622879,0.9948721528053284,377,138
177,5900,10,0.39458706974983215,0.25729256868362427,-0.04035130515694618,0.991701602935791,378,138
177,5900,11,0.4109676778316498,0.31420260667800903,-0.13671459257602692,0.9999189972877502,394,169
177,5900,12,0.41799527406692505,0.3075743317604065,0.054312583059072495,0.9974458813667297,401,166
177,5900,13,0.4209965467453003,0.42009180784225464,-0.15285810828208923,0.9650517106056213,404,226
177,5900,14,0.42342203855514526,0.41468730568885803,0.07373886555433273,0.025219682604074478,406,223
177,5900,15,0.41167575120925903,0.5016991496086121,-0.1293042153120041,0.7902164459228516,395,270
177,5900,16,0.4214860498905182,0.4931212365627289,0.042229536920785904,0.20544250309467316,404,266
177,5900,17,0.41213446855545044,0.5297096967697144,-0.14257189631462097,0.7521007657051086,395,286
177,5900,18,0.4226610064506531,0.5160382390022278,0.03928469121456146,0.2420298159122467,405,278
177,5900,19,0.4094882011413574,0.5315175652503967,-0.1429423689842224,0.745653510093689,393,287
177,5900,20,0.4199947416782379,0.5179404020309448,0.02432900480926037,0.24914544820785522,403,279
177,5900,21,0.4092820882797241,0.5218629240989685,-0.12755246460437775,0.6843374371528625,392,281
177,5900,22,0.41924184560775757,0.5116164088249207,0.033854786306619644,0.240078866481781,402,276
177,5900,23,0.4119388461112976,0.49104931950569153,-0.058970142155885696,0.9999721646308899,395,265
177,5900,24,0.41756927967071533,0.4877847135066986,0.05893828347325325,0.9999513626098633,400,263
177,5900,25,0.4014785885810852,0.6203053593635559,-0.06098064035177231,0.9750180840492249,385,334
177,5900,26,0.40350285172462463,0.6101317405700684,0.0822577029466629,0.711843729019165,387,329
177,5900,27,0.42339736223220825,0.730055034160614,0.04557174816727638,0.9781694412231445,406,394
177,5900,28,0.4230829179286957,0.7338355183601379,0.14284467697143555,0.8734589219093323,406,396
177,5900,29,0.43713071942329407,0.7415231466293335,0.05407276004552841,0.9337648153305054,419,400
177,5900,30,0.43236929178237915,0.756187915802002,0.14793893694877625,0.8706594705581665,415,408
177,5900,31,0.40887606143951416,0.7628026604652405,0.022275185212492943,0.9663932919502258,392,411
177,5900,32,0.4002286493778229,0.7665994167327881,0.11727486550807953,0.8849889039993286,384,413
178,5933,0,0.3845290243625641,0.24428606033325195,-0.05702592805027962,0.985999345779419,369,131
178,5933,1,0.3866559863090515,0.23170813918113708,-0.07106324285268784,0.9865453839302063,371,125
178,5933,2,0.38633960485458374,0.23174330592155457,-0.07120222598314285,0.9879489541053772,370,125
178,5933,3,0.38573533296585083,0.23171260952949524,-0.07118713855743408,0.990958571434021,370,125
178,5933,4,0.3896186053752899,0.23042717576026917,-0.05344032496213913,0.9869514107704163,374,124
178,5933,5,0.3912223279476166,0.22972778975963593,-0.05363242328166962,0.9890716671943665,375,124
178,5933,6,0.3925572335720062,0.22889117896556854,-0.05373633652925491,0.9911560416221619,376,123
178,5933,7,0.3909265398979187,0.23749279975891113,-0.10396870970726013,0.9964331984519958,375,128
178,5933,8,0.40043121576309204,0.23442013561725616,-0.020232027396559715,0.9882799386978149,384,126
178,5933,9,0.3871029317378998,0.2556476593017578,-0.06452767550945282,0.9910034537315369,371,138
178,5933,10,0.38924646377563477,0.2559679448604584,-0.04262290149927139,0.9862141013145447,373,138
178,5933,11,0.4071383476257324,0.3140237629413605,-0.14014171063899994,0.9998949766159058,390,169
178,5933,12,0.41175922751426697,0.3060239255428314,0.04552273824810982,0.9966181516647339,395,165
178,5933,13,0.4092896282672882,0.4229406714439392,-0.15789037942886353,0.9573342204093933,392,228
178,5933,14,0.41627249121665955,0.4143870174884796,0.06791979819536209,0.02290872484445572,399,223
178,5933,15,0.3932807743549347,0.5018933415412903,-0.13377751410007477,0.7536734938621521,377,271
178,5933,16,0.4058135747909546,0.49221286177635193,0.04126831144094467,0.18516239523887634,389,265
178,5933,17,0.39075568318367004,0.5283616781234741,-0.1456463634967804,0.7146770358085632,375,285
178,5933,18,0.4036490023136139,0.5149880051612854,0.03800733759999275,0.21831932663917542,387,278
178,5933,19,0.38800764083862305,0.5296074151992798,-0.1457800716161728,0.707911491394043,372,285
178,5933,20,0.4016503393650055,0.5169301629066467,0.022012930363416672,0.2247302085161209,385,279
178,5933,21,0.3885435461997986,0.5190522074699402,-0.13182802498340607,0.6436089873313904,373,280
178,5933,22,0.4017292857170105,0.5110611319541931,0.03362858667969704,0.21661600470542908,385,275
178,5933,23,0.40975436568260193,0.488271027803421,-0.058656979352235794,0.9999690651893616,393,263
178,5933,24,0.4130474030971527,0.48458075523376465,0.05864347517490387,0.9999433159828186,396,261
178,5933,25,0.39786389470100403,0.6160237193107605,-0.054862748831510544,0.9710100293159485,381,332
178,5933,26,0.39750999212265015,0.6027881503105164,0.08489412814378738,0.6633250713348389,381,325
178,5933,27,0.41026780009269714,0.7351502180099487,0.031870052218437195,0.9789777398109436,393,396
178,5933,28,0.4427705407142639,0.7006964087486267,0.14093017578125,0.8478826880455017,425,378
178,5933,29,0.4197483956813812,0.7614860534667969,0.03426070883870125,0.9335793852806091,402,411
178,5933,30,0.4574761986732483,0.6996378898620605,0.1451883763074875,0.8476710319519043,439,377
178,5933,31,0.3748505413532257,0.773414671421051,-0.019797150045633316,0.9665187001228333,359,417
178,5933,32,0.43240535259246826,0.7569106817245483,0.11717439442873001,0.8606186509132385,415,408
179,5966,0,0.380016028881073,0.24367904663085938,-0.05879717320203781,0.9788981080055237,364,131
179,5966,1,0.3829149007797241,0.23135906457901,-0.07256421446800232,0.9801274538040161,367,124
179,5966,2,0.38293731212615967,0.23140957951545715,-0.07269956916570663,0.9817851781845093,367,124
179,5966,3,0.3827108144760132,0.23139677941799164,-0.07268554717302322,0.9865648150444031,367,124
179,5966,4,0.3849540650844574,0.23010507225990295,-0.054950833320617676,0.9809386730194092,369,124
179,5966,5,0.3862646222114563,0.22942344844341278,-0.05513465031981468,0.9839662313461304,370,123
179,5966,6,0.38726624846458435,0.2286064475774765,-0.055224139243364334,0.9874523282051086,371,123
179,5966,7,0.3891608417034149,0.23677732050418854,-0.10431278496980667,0.994432270526886,373,127
179,5966,8,0.3963557183742523,0.23351863026618958,-0.021993160247802734,0.983046293258667,380,126
179,5966,9,0.3843928575515747,0.25522202253341675,-0.06598877161741257,0.9863405227661133,369,137
179,5966,10,0.3856070637702942,0.2555786669254303,-0.04404544457793236,0.9795753359794617,370,138
179,5966,11,0.40707269310951233,0.3128170073032379,-0.1402389109134674,0.9998619556427002,390,168
179,5966,12,0.40751075744628906,0.3046622574329376,0.04526098445057869,0.9959278702735901,391,164
179,5966,13,0.4079723060131073,0.42293983697891235,-0.16135969758033752,0.9480624794960022,391,228
179,5966,14,0.4123802185058594,0.41312891244888306,0.06792259216308594,0.02082274854183197,395,223
179,5966,15,0.39367637038230896,0.5018036961555481,-0.13675332069396973,0.7114834785461426,377,270
179,5966,16,0.40242332220077515,0.49182552099227905,0.03815292567014694,0.16695575416088104,386,265
179,5966,17,0.3915071189403534,0.5275523066520691,-0.1484622061252594,0.6718289852142334,375,284
179,5966,18,0.40044745802879333,0.5148116946220398,0.03456788882613182,0.197061225771904,384,277
179,5966,19,0.38836994767189026,0.5272752642631531,-0.1487060934305191,0.6648229360580444,372,284
179,5966,20,0.397194504737854,0.5160439014434814,0.01848578080534935,0.20284007489681244,381,278
179,5966,21,0.3889888525009155,0.5189827084541321,-0.13477984070777893,0.5997844338417053,373,280
179,5966,22,0.39753490686416626,0.5099044442176819,0.029982902109622955,0.19558954238891602,381,275
179,5966,23,0.4095039367675781,0.4878372848033905,-0.05888831987977028,0.9999659061431885,393,263
179,5966,24,0.4097222089767456,0.48387178778648376,0.05887364596128464,0.999936580657959,393,261
179,5966,25,0.39727798104286194,0.615374743938446,-0.036093514412641525,0.9656718373298645,381,332
179,5966,26,0.3963034451007843,0.6022749543190002,0.08913777023553848,0.6164008378982544,380,325
179,5966,27,0.4054570496082306,0.7389886975288391,0.033071644604206085,0.979093611240387,389,399
179,5966,28,0.44591301679611206,0.6931841969490051,0.1426701694726944,0.8169732689857483,428,374
179,5966,29,0.4133092761039734,0.767775297164917,0.035555075854063034,0.9320197105407715,396,414
179,5966,30,0.46248435974121094,0.6915651559829712,0.14639469981193542,0.820248007774353,443,373
179,5966,31,0.36750540137290955,0.7772871255874634,-0.018450956791639328,0.965370237827301,352,419
179,5966,32,0.4402461051940918,0.7542125582695007,0.1151195541024208,0.8313903212547302,422,407
180,6000,0,0.3773557245731354,0.24375921487808228,-0.05859363079071045,0.9794752597808838,362,131
180,6000,1,0.37968969345092773,0.23154045641422272,-0.07138776034116745,0.9808954000473022,364,125
180,6000,2,0.3796776831150055,0.23158414661884308,-0.07152263820171356,0.9825292229652405,364,125
180,6000,3,0.37939178943634033,0.23149943351745605,-0.07149721682071686,0.9870125651359558,364,125
180,6000,4,0.38129982352256775,0.23026728630065918,-0.05496567115187645,0.9817224740982056,366,124
180,6000,5,0.38227319717407227,0.22957733273506165,-0.05515949800610542,0.984662652015686,366,123
180,6000,6,0.38299956917762756,0.22873443365097046,-0.05526037886738777,0.9879373908042908,367,123
180,6000,7,0.38522598147392273,0.2366476207971573,-0.09793010354042053,0.9946658611297607,369,127
180,6000,8,0.3904048204421997,0.23372513055801392,-0.023297986015677452,0.9838535189628601,374,126
180,6000,9,0.38103821873664856,0.25536566972732544,-0.0640266090631485,0.9863553643226624,365,137
180,6000,10,0.3815801441669464,0.25572121143341064,-0.043860916048288345,0.9796287417411804,366,138
180,6000,11,0.4018278121948242,0.30892759561538696,-0.1316796839237213,0.999858021736145,385,166
180,6000,12,0.4016759693622589,0.30467042326927185,0.04514224827289581,0.9954271912574768,385,164
180,6000,13,0.4005557894706726,0.4194903075695038,-0.14754395186901093,0.9486212730407715,384,226
180,6000,14,0.406007319688797,0.4107159674167633,0.06778534501791,0.019088471308350563,389,221
180,6000,15,0.38375023007392883,0.4964123070240021,-0.12400653213262558,0.7151070833206177,368,268
180,6000,16,0.394231379032135,0.4888605773448944,0.0385625921189785,0.15083453059196472,378,263
180,6000,17,0.38126668334007263,0.5174271464347839,-0.13394495844841003,0.6753621697425842,366,279
180,6000,18,0.39276838302612305,0.5090506076812744,0.036078453063964844,0.17839545011520386,377,274
180,6000,19,0.3778870701789856,0.5187734961509705,-0.13376888632774353,0.6681725978851318,362,280
180,6000,20,0.3890518546104431,0.5095798373222351,0.021019747480750084,0.18360193073749542,373,275
180,6000,21,0.3795934021472931,0.512482762336731,-0.12187505513429642,0.6001611351966858,364,276
180,6000,22,0.38942059874534607,0.5055024027824402,0.030504127964377403,0.17715896666049957,373,272
180,6000,23,0.40739163756370544,0.48650020360946655,-0.056991346180438995,0.9999658465385437,391,262
180,6000,24,0.4041646122932434,0.4828396141529083,0.05699830502271652,0.9999343156814575,387,260
180,6000,25,0.39117690920829773,0.6097304224967957,-0.02794259786605835,0.9678305387496948,375,329
180,6000,26,0.3912530243396759,0.590182900428772,0.08903171122074127,0.6029039621353149,375,318
180,6000,27,0.40149936079978943,0.7406107187271118,0.024685123935341835,0.9808829426765442,385,399
180,6000,28,0.4288470149040222,0.6885716319084167,0.1324830949306488,0.8209777474403381,411,371
180,6000,29,0.41093626618385315,0.7687644958496094,0.02670089341700077,0.937293291091919,394,415
180,6000,30,0.44458791613578796,0.6866278052330017,0.13510991632938385,0.8230523467063904,426,370
180,6000,31,0.36350682377815247,0.777484655380249,-0.0229647196829319,0.9682101607322693,348,419
180,6000,32,0.42544323205947876,0.7489128708839417,0.10449139773845673,0.8361054062843323,408,404
181,6033,0,0.3770390450954437,0.2442869395017624,-0.05669926851987839,0.9793431162834167,361,131
181,6033,1,0.3785744905471802,0.2318248301744461,-0.06993350386619568,0.9808471202850342,363,125
181,6033,2,0.3786529302597046,0.231784388422966,-0.07006482034921646,0.9825696349143982,363,125
181,6033,3,0.3783382475376129,0.23171240091323853,-0.0700380727648735,0.9869013428688049,363,125
181,6033,4,0.3807321786880493,0.23049293458461761,-0.05355467647314072,0.981803834438324,365,124
181,6033,5,0.3818487524986267,0.22976304590702057,-0.05375291407108307,0.9848212599754333,366,124
181,6033,6,0.38277605175971985,0.2288944125175476,-0.05386408418416977,0.9880237579345703,367,123
181,6033,7,0.3836428225040436,0.2367590367794037,-0.09868519753217697,0.9947000741958618,368,127
181,6033,8,0.389708548784256,0.23388557136058807,-0.023690275847911835,0.984195351600647,374,126
181,6033,9,0.3809121549129486,0.25539034605026245,-0.06252995878458023,0.9860270619392395,365,137
181,6033,10,0.38161107897758484,0.2557804584503174,-0.04235193505883217,0.9792121648788452,366,138
181,6033,11,0.4011257290840149,0.3083236813545227,-0.13362130522727966,0.9998528957366943,385,166
181,6033,12,0.4003428816795349,0.30498549342155457,0.045095544308423996,0.9950515031814575,384,164
181,6033,13,0.39838650822639465,0.4169672429561615,-0.15066342055797577,0.9485644698143005,382,225
181,6033,14,0.4023556411266327,0.41023194789886475,0.06788816303014755,0.01747700199484825,386,221
181,6033,15,0.38310474157333374,0.4922708570957184,-0.12913958728313446,0.7107652425765991,367,265
181,6033,16,0.39239436388015747,0.48583289980888367,0.03876082971692085,0.13623982667922974,376,262
181,6033,17,0.3797496557235718,0.513892650604248,-0.1397092491388321,0.6695055961608887,364,277
181,6033,18,0.3889649212360382,0.5056805610656738,0.03654847294092178,0.1614546924829483,373,273
181,6033,19,0.37693721055984497,0.515983521938324,-0.1398461014032364,0.6621676087379456,361,278
181,6033,20,0.3868878185749054,0.5061804056167603,0.021480049937963486,0.16615550220012665,371,273
181,6033,21,0.3786710202693939,0.5093227028846741,-0.12717489898204803,0.5908122062683105,363,275
181,6033,22,0.38763198256492615,0.5021640062332153,0.030643943697214127,0.16041703522205353,372,271
181,6033,23,0.40537315607070923,0.48560264706611633,-0.057092394679784775,0.9999628663063049,389,262
181,6033,24,0.4016391932964325,0.4826540946960449,0.05710120126605034,0.9999257922172546,385,260
181,6033,25,0.3902702331542969,0.6077324151992798,-0.03559045121073723,0.9684942364692688,374,328
181,6033,26,0.3877097964286804,0.5918041467666626,0.08906243741512299,0.5707225799560547,372,319
181,6033,27,0.40076878666877747,0.7413902878761292,0.0014063118724152446,0.9819295406341553,384,400
181,6033,28,0.4293294847011566,0.6891195178031921,0.1240663081407547,0.8060253858566284,412,372
181,6033,29,0.4110269248485565,0.7689389586448669,0.0026262865867465734,0.9401490092277527,394,415
181,6033,30,0.44640862941741943,0.6902627348899841,0.12574316561222076,0.8115285634994507,428,372
181,6033,31,0.364509254693985,0.777380645275116,-0.046909675002098083,0.9697450399398804,349,419
181,6033,32,0.42130497097969055,0.745790421962738,0.09538805484771729,0.8255176544189453,404,402
182,6066,0,0.3697059452533722,0.24394729733467102,-0.05929498374462128,0.9797734022140503,354,131
182,6066,1,0.371820330619812,0.23169945180416107,-0.07260383665561676,0.9813842177391052,356,125
182,6066,2,0.3720371425151825,0.23160482943058014,-0.07272789627313614,0.9830235242843628,357,125
182,6066,3,0.37185758352279663,0.23133446276187897,-0.07269168645143509,0.9872556328773499,356,124
182,6066,4,0.373403400182724,0.2305474430322647,-0.05537033453583717,0.9822239279747009,358,124
182,6066,5,0.37486732006073,0.22981686890125275,-0.05556269735097885,0.9850504398345947,359,124
182,6066,6,0.3758547008037567,0.22898416221141815,-0.05568576231598854,0.9882063269615173,360,123
182,6066,7,0.3781082034111023,0.23598968982696533,-0.1008344367146492,0.9947978258132935,362,127
182,6066,8,0.3835913836956024,0.23357243835926056,-0.02408711239695549,0.9844675660133362,368,126
182,6066,9,0.37281760573387146,0.2546476423740387,-0.06494707614183426,0.9859251379966736,357,137
182,6066,10,0.37364304065704346,0.255021333694458,-0.04375889152288437,0.9788394570350647,358,137
182,6066,11,0.39423510432243347,0.30381646752357483,-0.14123348891735077,0.9998464584350586,378,164
182,6066,12,0.39556774497032166,0.30290308594703674,0.0452386699616909,0.9941710829734802,379,163
182,6066,13,0.3921830356121063,0.41198626160621643,-0.16790734231472015,0.9494353532791138,376,222
182,6066,14,0.3953143358230591,0.4077121615409851,0.06812465935945511,0.015915358439087868,379,220
182,6066,15,0.3743041157722473,0.4890914261341095,-0.15299861133098602,0.7199147343635559,359,264
182,6066,16,0.3844252824783325,0.48467695713043213,0.038241054862737656,0.12294938415288925,369,261
182,6066,17,0.37017443776130676,0.5129616260528564,-0.16586428880691528,0.6766112446784973,355,276
182,6066,18,0.3794725835323334,0.5043289065361023,0.03579529747366905,0.145904079079628,364,272
182,6066,19,0.36588531732559204,0.5147991180419922,-0.16494785249233246,0.6693059802055359,351,277
182,6066,20,0.3763674199581146,0.5061092376708984,0.020396705716848373,0.15014952421188354,361,273
182,6066,21,0.36709126830101013,0.5076387524604797,-0.1506270319223404,0.5937167406082153,352,274
182,6066,22,0.37820908427238464,0.5005655884742737,0.029874857515096664,0.1450599879026413,363,270
182,6066,23,0.40006983280181885,0.4812178313732147,-0.05890651419758797,0.999950110912323,384,259
182,6066,24,0.39480113983154297,0.48096713423728943,0.058930058032274246,0.9998868703842163,379,259
182,6066,25,0.3882193863391876,0.6068239808082581,-0.04201050475239754,0.9590206742286682,372,327
182,6066,26,0.3707639276981354,0.5904516577720642,0.08108227699995041,0.5199633836746216,355,318
182,6066,27,0.400020569562912,0.7415884733200073,-0.01464018039405346,0.9798401594161987,384,400
182,6066,28,0.41558581590652466,0.6903282403945923,0.12629398703575134,0.7404994964599609,398,372
182,6066,29,0.4105239510536194,0.7691580653190613,-0.014676309190690517,0.9333318471908569,394,415
182,6066,30,0.4286099970340729,0.6932511329650879,0.12820349633693695,0.7598882913589478,411,374
182,6066,31,0.3631642162799835,0.7772254943847656,-0.07120803743600845,0.9662179350852966,348,419
182,6066,32,0.39791297912597656,0.7374148964881897,0.09935402125120163,0.7676849365234375,381,398
183,6100,0,0.37170782685279846,0.2438691258430481,-0.05592821165919304,0.9809696078300476,356,131
183,6100,1,0.37375345826148987,0.23127985000610352,-0.06840237975120544,0.9824484586715698,358,124
183,6100,2,0.3737392723560333,0.231043741106987,-0.06852447241544724,0.9839272499084473,358,124
183,6100,3,0.373512864112854,0.23068904876708984,-0.06848683953285217,0.9879226088523865,358,124
183,6100,4,0.37526705861091614,0.23048794269561768,-0.051469430327415466,0.9833120107650757,360,124
183,6100,5,0.3762504458427429,0.22981339693069458,-0.05166027322411537,0.9859269857406616,361,124
183,6100,6,0.37703102827072144,0.22902293503284454,-0.05176527798175812,0.9889168739318848,361,123
183,6100,7,0.37799274921417236,0.2355857938528061,-0.09482968598604202,0.9950206875801086,362,127
183,6100,8,0.3837487995624542,0.23348304629325867,-0.01838609017431736,0.9853177666664124,368,126
183,6100,9,0.37546178698539734,0.25412148237228394,-0.060824040323495865,0.9862983822822571,360,137
183,6100,10,0.3759969472885132,0.25459882616996765,-0.039954084903001785,0.9795388579368591,360,137
183,6100,11,0.3927893340587616,0.304097980260849,-0.13568584620952606,0.9998391270637512,377,164
183,6100,12,0.3946005702018738,0.3030354678630829,0.05719419941306114,0.9939227104187012,378,163
183,6100,13,0.3898564875125885,0.41143903136253357,-0.16166487336158752,0.9428648352622986,374,222
183,6100,14,0.3943466544151306,0.4034508764743805,0.0806179791688919,0.014443114399909973,378,217
183,6100,15,0.37313732504844666,0.4871041178703308,-0.15000581741333008,0.699912428855896,358,263
183,6100,16,0.3802013397216797,0.47540706396102905,0.04356829449534416,0.1109309047460556,364,256
183,6100,17,0.3692941963672638,0.512417733669281,-0.16402274370193481,0.6545959711074829,354,276
183,6100,18,0.3771224617958069,0.498607337474823,0.04044169560074806,0.13186685740947723,362,269
183,6100,19,0.3661685287952423,0.5119836330413818,-0.16307950019836426,0.6476934552192688,351,276
183,6100,20,0.3736562728881836,0.4986494183540344,0.024212373420596123,0.1357085108757019,358,269
183,6100,21,0.3673081696033478,0.5058252811431885,-0.1478898674249649,0.5681692361831665,352,273
183,6100,22,0.3747430145740509,0.49092423915863037,0.03466133400797844,0.13114772737026215,359,265
183,6100,23,0.3978181481361389,0.48123955726623535,-0.06195002794265747,0.9999171495437622,381,259
183,6100,24,0.3950727581977844,0.48023721575737,0.06197373941540718,0.9998117685317993,379,259
183,6100,25,0.388344943523407,0.6075654625892639,-0.0423031784594059,0.9415419101715088,372,328
183,6100,26,0.38120269775390625,0.5918383598327637,0.08536972105503082,0.47052398324012756,365,319
183,6100,27,0.40059930086135864,0.7425929307937622,-0.013825352303683758,0.9725116491317749,384,401
183,6100,28,0.4137760400772095,0.6915777921676636,0.13705521821975708,0.6757357716560364,397,373
183,6100,29,0.41125306487083435,0.7707789540290833,-0.014187286607921124,0.9173139929771423,394,416
183,6100,30,0.42805716395378113,0.7041550874710083,0.13989020884037018,0.7034306526184082,410,380
183,6100,31,0.36306536197662354,0.7774083018302917,-0.07279453426599503,0.9559541940689087,348,419
183,6100,32,0.39047613739967346,0.7319477796554565,0.1094120666384697,0.7081062197685242,374,395
184,6133,0,0.3636194169521332,0.2437603771686554,-0.05391289293766022,0.9821516871452332,349,131
184,6133,1,0.36546656489372253,0.23113906383514404,-0.06718993186950684,0.98341304063797,350,124
184,6133,2,0.3653939366340637,0.23093611001968384,-0.06731558591127396,0.9847343564033508,350,124
184,6133,3,0.3650861978530884,0.23063749074935913,-0.06728652864694595,0.9886013269424438,350,124
184,6133,4,0.3675133287906647,0.23029087483882904,-0.04964210093021393,0.9842130541801453,352,124
184,6133,5,0.3688088059425354,0.2296077013015747,-0.04982832446694374,0.9865845441818237,354,123
184,6133,6,0.3698883652687073,0.2288156896829605,-0.04992242529988289,0.9894852638244629,355,123
184,6133,7,0.3704661428928375,0.23526841402053833,-0.09698275476694107,0.9952260255813599,355,127
184,6133,8,0.37743139266967773,0.2331126183271408,-0.017992163076996803,0.9858295321464539,362,125
184,6133,9,0.3665994703769684,0.2540385127067566,-0.06009066477417946,0.9868061542510986,351,137
184,6133,10,0.3678601086139679,0.2545635402202606,-0.038440629839897156,0.9802226424217224,353,137
184,6133,11,0.38656291365623474,0.3019474744796753,-0.13691332936286926,0.9998452663421631,371,163
184,6133,12,0.39043083786964417,0.30055341124534607,0.05670858547091484,0.9939818382263184,374,162
184,6133,13,0.3813723623752594,0.40740546584129333,-0.16164368391036987,0.941940188407898,366,219
184,6133,14,0.3905978202819824,0.4033714532852173,0.08147681504487991,0.013091971166431904,374,217
184,6133,15,0.3596097528934479,0.48738759756088257,-0.14665468037128448,0.7034523487091064,345,263
184,6133,16,0.3766237497329712,0.4760909974575043,0.0491877980530262,0.10001344978809357,361,257
184,6133,17,0.3550477921962738,0.5127138495445251,-0.16146861016750336,0.6531209349632263,340,276
184,6133,18,0.37348124384880066,0.49908000230789185,0.04623415321111679,0.1189943328499794,358,269
184,6133,19,0.3500920832157135,0.5119156837463379,-0.1598329246044159,0.6466085910797119,336,276
184,6133,20,0.3691958785057068,0.5004727244377136,0.029009191319346428,0.12246968597173691,354,270
184,6133,21,0.35175779461860657,0.5047218799591064,-0.14417769014835358,0.5602471828460693,337,272
184,6133,22,0.37091583013534546,0.4929105341434479,0.03983991965651512,0.1183784008026123,356,266
184,6133,23,0.3907289206981659,0.4801497757434845,-0.062374379485845566,0.9998971223831177,375,259
184,6133,24,0.39100608229637146,0.47868794202804565,0.06239757686853409,0.9997621774673462,375,258
184,6133,25,0.3833412230014801,0.607524037361145,-0.039259009063243866,0.885627806186676,368,328
184,6133,26,0.37961360812187195,0.5988391637802124,0.07752708345651627,0.42418423295021057,364,323
184,6133,27,0.39983662962913513,0.7426481246948242,-0.004870125558227301,0.9330729246139526,383,401
184,6133,28,0.39990562200546265,0.7228755950927734,0.11449142545461655,0.6112469434738159,383,390
184,6133,29,0.4104542136192322,0.7707533240318298,-0.004911940079182386,0.8681516051292419,394,416
184,6133,30,0.4107927978038788,0.7489716410636902,0.11556755751371384,0.6413571238517761,394,404
184,6133,31,0.3642466366291046,0.7773903012275696,-0.06021065637469292,0.916292667388916,349,419
184,6133,32,0.3739652931690216,0.7462095022201538,0.08021486550569534,0.6447508931159973,359,402
185,6166,0,0.3631537854671478,0.24411679804325104,-0.054405663162469864,0.9824081063270569,348,131
185,6166,1,0.3643602728843689,0.23127320408821106,-0.06702873855829239,0.9834554195404053,349,124
185,6166,2,0.36427244544029236,0.23102320730686188,-0.06714875251054764,0.98457270860672,349,124
185,6166,3,0.3639671206474304,0.23065806925296783,-0.06711765378713608,0.9885289072990417,349,124
185,6166,4,0.3660868704319,0.23056311905384064,-0.04989130049943924,0.9844138026237488,351,124
185,6166,5,0.36708131432533264,0.22994491457939148,-0.0500820092856884,0.9866399168968201,352,124
185,6166,6,0.36873966455459595,0.22900915145874023,-0.050182271748781204,0.9896450042724609,353,123
185,6166,7,0.36997684836387634,0.23532554507255554,-0.09242694824934006,0.9950230121612549,355,127
185,6166,8,0.3762895464897156,0.23313502967357635,-0.015767524018883705,0.9858745336532593,361,125
185,6166,9,0.36672723293304443,0.25405627489089966,-0.05925624817609787,0.9862775802612305,352,137
185,6166,10,0.36735835671424866,0.2546791434288025,-0.03822215273976326,0.9797347784042358,352,137
185,6166,11,0.3859645128250122,0.3018200397491455,-0.12947921454906464,0.99983149766922,370,162
185,6166,12,0.38747724890708923,0.2996376156806946,0.05821533873677254,0.9937692284584045,371,161
185,6166,13,0.37991586327552795,0.4054328501224518,-0.15483109652996063,0.9341520667076111,364,218
185,6166,14,0.3863297998905182,0.40150174498558044,0.08165376633405685,0.011891345493495464,370,216
185,6166,15,0.3600812256336212,0.4844481348991394,-0.14477579295635223,0.6834093332290649,345,261
185,6166,16,0.37067994475364685,0.477032870054245,0.04741138964891434,0.09022071212530136,355,257
185,6166,17,0.3545739948749542,0.509731113910675,-0.15965352952480316,0.6318985819816589,340,275
185,6166,18,0.3667280972003937,0.49941733479499817,0.04397081583738327,0.1074790507555008,352,269
185,6166,19,0.35080915689468384,0.5091697573661804,-0.1586976796388626,0.6264887452125549,336,274
185,6166,20,0.36230844259262085,0.5009512305259705,0.027089368551969528,0.11063449084758759,347,270
185,6166,21,0.35222142934799194,0.5017845630645752,-0.14273151755332947,0.5360678434371948,338,270
185,6166,22,0.36437857151031494,0.4934607744216919,0.038220204412937164,0.1069612130522728,349,266
185,6166,23,0.39021068811416626,0.47981199622154236,-0.0622684508562088,0.9998429417610168,374,259
185,6166,24,0.3862007260322571,0.47725531458854675,0.06229279935359955,0.999660849571228,370,257
185,6166,25,0.38131555914878845,0.6055989265441895,-0.045053910464048386,0.8436593413352966,366,327
185,6166,26,0.3638896048069,0.5944544076919556,0.06408030539751053,0.3830157220363617,349,321
185,6166,27,0.39927297830581665,0.7421094179153442,-0.013421624898910522,0.9045604467391968,383,400
185,6166,28,0.39731162786483765,0.7241668701171875,0.09843695908784866,0.5541039705276489,381,391
185,6166,29,0.4102550745010376,0.7705345153808594,-0.013637302443385124,0.8280244469642639,393,416
185,6166,30,0.4077662229537964,0.7527356147766113,0.09969602525234222,0.5868915915489197,391,406
185,6166,31,0.36406409740448,0.7773593068122864,-0.07120711356401443,0.8863194584846497,349,419
185,6166,32,0.37099429965019226,0.7507645487785339,0.06285914033651352,0.5889618992805481,356,405
186,6200,0,0.3581632375717163,0.24434718489646912,-0.05513560026884079,0.9815302491188049,343,131
186,6200,1,0.3587974011898041,0.23130711913108826,-0.06779074668884277,0.9820293188095093,344,124
186,6200,2,0.3581950068473816,0.23104849457740784,-0.06791006028652191,0.9830365180969238,343,124
186,6200,3,0.3573784828186035,0.2307366132736206,-0.067875437438488,0.9876253604888916,343,124
186,6200,4,0.36218753457069397,0.23062007129192352,-0.050595685839653015,0.9830837249755859,347,124
186,6200,5,0.3637722432613373,0.22999510169029236,-0.05078988894820213,0.9852707982063293,349,124
186,6200,6,0.3652883470058441,0.22907188534736633,-0.05089236795902252,0.9887900352478027,350,123
186,6200,7,0.36135393381118774,0.23541301488876343,-0.09798155725002289,0.9944373369216919,346,127
186,6200,8,0.3726657032966614,0.2331918627023697,-0.02006606198847294,0.9842300415039062,357,125
186,6200,9,0.36016368865966797,0.25425463914871216,-0.05968259274959564,0.9854152202606201,345,137
186,6200,10,0.3620503544807434,0.2547087073326111,-0.038625918328762054,0.9784649014472961,347,137
186,6200,11,0.378383994102478,0.3021998405456543,-0.1426965594291687,0.9998300671577454,363,163
186,6200,12,0.38173437118530273,0.2997831702232361,0.05288691818714142,0.9937990307807922,366,161
186,6200,13,0.3680149018764496,0.40650105476379395,-0.16939233243465424,0.9287117123603821,353,219
186,6200,14,0.37475112080574036,0.40172773599624634,0.079365573823452,0.010833562351763248,359,216
186,6200,15,0.3393150269985199,0.48591312766075134,-0.15566717088222504,0.6818153858184814,325,262
186,6200,16,0.35459262132644653,0.4775729775428772,0.047075025737285614,0.08156304061412811,340,257
186,6200,17,0.3357810080051422,0.511060893535614,-0.17129042744636536,0.6271029114723206,322,275
186,6200,18,0.34817376732826233,0.4982873499393463,0.04304661601781845,0.09738046675920486,334,269
186,6200,19,0.33269748091697693,0.5096185803413391,-0.16983751952648163,0.6222721934318542,319,275
186,6200,20,0.344232976436615,0.5007677674293518,0.025214536115527153,0.10028749704360962,330,270
186,6200,21,0.3332548141479492,0.5012957453727722,-0.15335920453071594,0.5258557200431824,319,270
186,6200,22,0.34705257415771484,0.4939379096031189,0.03718625381588936,0.09697717428207397,333,266
186,6200,23,0.37970227003097534,0.4801623821258545,-0.06220990791916847,0.9998106956481934,364,259
186,6200,24,0.3779101073741913,0.4776734411716461,0.06223087012767792,0.9995989799499512,362,257
186,6200,25,0.37175771594047546,0.6060720682144165,-0.04831762984395027,0.7770467400550842,356,327
186,6200,26,0.35516849160194397,0.5948003530502319,0.06981161236763,0.34512314200401306,340,321
186,6200,27,0.3844979703426361,0.7309944033622742,-0.004874659236520529,0.8418335914611816,369,394
186,6200,28,0.3804556429386139,0.7199923396110535,0.10740076750516891,0.5000615119934082,365,388
186,6200,29,0.39982932806015015,0.7552445530891418,-0.00375333777628839,0.768235981464386,383,407
186,6200,30,0.3923644423484802,0.7420157194137573,0.10922468453645706,0.5322399735450745,376,400
186,6200,31,0.3529800474643707,0.7656682729721069,-0.057784490287303925,0.8252934217453003,338,413
186,6200,32,0.3553068935871124,0.7505226135253906,0.07548163086175919,0.5331587791442871,341,405
187,6233,0,0.35838496685028076,0.24473682045936584,-0.05482401326298714,0.981907308101654,344,132
187,6233,1,0.3585263788700104,0.2314508855342865,-0.06781332939863205,0.982114315032959,344,124
187,6233,2,0.3576200604438782,0.23119722306728363,-0.06793937087059021,0.9830682277679443,343,124
187,6233,3,0.3565925061702728,0.23081165552139282,-0.06790932267904282,0.9876836538314819,342,124
187,6233,4,0.36245810985565186,0.2307874709367752,-0.050447866320610046,0.9830831289291382,347,124
187,6233,5,0.3640514016151428,0.2302093803882599,-0.050631266087293625,0.985226035118103,349,124
187,6233,6,0.3654477894306183,0.22940094769001007,-0.05072914808988571,0.9888050556182861,350,123
187,6233,7,0.36033761501312256,0.23553045094013214,-0.09844508022069931,0.9943716526031494,345,127
187,6233,8,0.37196967005729675,0.23357684910297394,-0.02043900266289711,0.9839038252830505,357,126
187,6233,9,0.36032769083976746,0.2545201778411865,-0.06053296849131584,0.9853499531745911,345,137
187,6233,10,0.36295610666275024,0.2548222541809082,-0.03926477208733559,0.9783006310462952,348,137
187,6233,11,0.37675219774246216,0.30251362919807434,-0.14558954536914825,0.9998302459716797,361,163
187,6233,12,0.3832504451274872,0.30004703998565674,0.05293649062514305,0.9938388466835022,367,162
187,6233,13,0.3661869466304779,0.4071316719055176,-0.17367787659168243,0.9266839623451233,351,219
187,6233,14,0.37551742792129517,0.4022675156593323,0.07897603511810303,0.00988147035241127,360,217
187,6233,15,0.3383907079696655,0.4863254129886627,-0.16113673150539398,0.68808913230896,324,262
187,6233,16,0.35337144136428833,0.47739720344543457,0.039846424013376236,0.07382832467556,339,257
187,6233,17,0.33477783203125,0.5118399262428284,-0.17761793732643127,0.6311770081520081,321,276
187,6233,18,0.3470057249069214,0.49475064873695374,0.03624587506055832,0.08841834962368011,333,267
187,6233,19,0.33118170499801636,0.510634183883667,-0.17571407556533813,0.6265334486961365,317,275
187,6233,20,0.34241345524787903,0.49766799807548523,0.017990898340940475,0.091090127825737,328,268
187,6233,21,0.33267632126808167,0.5022985339164734,-0.15875598788261414,0.5248692631721497,319,271
187,6233,22,0.34497860074043274,0.4920014441013336,0.029782257974147797,0.08810150623321533,331,265
187,6233,23,0.3753185272216797,0.4804516136646271,-0.06266633421182632,0.9997828006744385,360,259
187,6233,24,0.38030946254730225,0.4774610102176666,0.06267712265253067,0.9995406270027161,365,257
187,6233,25,0.35807573795318604,0.6037461757659912,-0.04868723079562187,0.7330186367034912,343,326
187,6233,26,0.3628508746623993,0.5944345593452454,0.08046713471412659,0.3115018308162689,348,320
187,6233,27,0.3759459853172302,0.7152661681175232,0.0066146207973361015,0.800079882144928,360,386
187,6233,28,0.3813950717449188,0.714439332485199,0.13293591141700745,0.45296213030815125,366,385
187,6233,29,0.3895855247974396,0.7399253845214844,0.01085853110998869,0.7262135148048401,374,399
187,6233,30,0.3911670446395874,0.7406312823295593,0.13642679154872894,0.4869469106197357,375,399
187,6233,31,0.34677428007125854,0.7566927671432495,-0.032951124012470245,0.7827907800674438,332,408
187,6233,32,0.3576070964336395,0.7386968731880188,0.10743135958909988,0.4856911897659302,343,398
188,6266,0,0.35276666283607483,0.24550916254520416,-0.056941527873277664,0.9833288192749023,338,132
188,6266,1,0.35260096192359924,0.23265382647514343,-0.07209670543670654,0.9834983348846436,338,125
188,6266,2,0.35174620151519775,0.23259489238262177,-0.07224176079034805,0.9844191074371338,337,125
188,6266,3,0.35075199604034424,0.23244993388652802,-0.07221277058124542,0.9886592030525208,336,125
188,6266,4,0.35654082894325256,0.2315724790096283,-0.053590331226587296,0.9843458533287048,342,125
188,6266,5,0.3583686947822571,0.2308245450258255,-0.0537642277777195,0.9863274097442627,344,124
188,6266,6,0.36007386445999146,0.22989842295646667,-0.05385298281908035,0.989614725112915,345,124
188,6266,7,0.3534965217113495,0.23718202114105225,-0.10843852162361145,0.9948350787162781,339,128
188,6266,8,0.36641067266464233,0.2341718226671219,-0.024284368380904198,0.9850814938545227,351,126
188,6266,9,0.35425809025764465,0.2555238902568817,-0.06456764042377472,0.9865049123764038,340,137
188,6266,10,0.356882780790329,0.2554008662700653,-0.04164595901966095,0.9799619317054749,342,137
188,6266,11,0.37173348665237427,0.3031437397003174,-0.157516747713089,0.9998438358306885,356,163
188,6266,12,0.3759017884731293,0.3001621663570404,0.052666936069726944,0.9941517114639282,360,162
188,6266,13,0.3556815981864929,0.4073568284511566,-0.17608556151390076,0.9330623149871826,341,219
188,6266,14,0.3739318251609802,0.40236392617225647,0.0805136114358902,0.009141817688941956,358,217
188,6266,15,0.3280746340751648,0.48623040318489075,-0.15839461982250214,0.715289831161499,314,262
188,6266,16,0.3605683445930481,0.47841677069664,0.050115276128053665,0.06674572080373764,346,258
188,6266,17,0.32232266664505005,0.5113298296928406,-0.177459254860878,0.6611787676811218,309,276
188,6266,18,0.35722029209136963,0.4978174865245819,0.04730220139026642,0.08014659583568573,342,268
188,6266,19,0.3175615072250366,0.5070489048957825,-0.17377468943595886,0.6567000150680542,304,273
188,6266,20,0.352794349193573,0.5009225010871887,0.02882305160164833,0.0825868770480156,338,270
188,6266,21,0.3207494914531708,0.499521940946579,-0.1547825187444687,0.5581293106079102,307,269
188,6266,22,0.3546966016292572,0.4939037263393402,0.04020214453339577,0.07997719943523407,340,266
188,6266,23,0.3744714558124542,0.48370909690856934,-0.0630975142121315,0.999798595905304,359,261
188,6266,24,0.3646112084388733,0.4790920615196228,0.06312579661607742,0.9995697736740112,350,258
188,6266,25,0.3658125102519989,0.6068111658096313,-0.027431821450591087,0.7562076449394226,351,327
188,6266,26,0.34310922026634216,0.5936258435249329,0.08374710381031036,0.30878880620002747,329,320
188,6266,27,0.39214926958084106,0.727870762348175,0.03557534143328667,0.8184290528297424,376,393
188,6266,28,0.3572565019130707,0.7180006504058838,0.1323251575231552,0.47898486256599426,342,387
188,6266,29,0.40008604526519775,0.7500256896018982,0.037987448275089264,0.7427718043327332,384,405
188,6266,30,0.3665924370288849,0.7413374781608582,0.1349611133337021,0.509320855140686,351,400
188,6266,31,0.3591529130935669,0.7628770470619202,-0.022650783881545067,0.8020314574241638,344,411
188,6266,32,0.326092928647995,0.7495822906494141,0.09793993085622787,0.5188982486724854,313,404
189,6300,0,0.3500587046146393,0.24553872644901276,-0.07484295964241028,0.9846911430358887,336,132
189,6300,1,0.35063448548316956,0.23288892209529877,-0.09019524604082108,0.9848084449768066,336,125
189,6300,2,0.35003504157066345,0.2328672856092453,-0.09034248441457748,0.9856749773025513,336,125
189,6300,3,0.3492913246154785,0.23275931179523468,-0.09031106531620026,0.9895651340484619,335,125
189,6300,4,0.353672057390213,0.23180390894412994,-0.070522740483284,0.9855809807777405,339,125
189,6300,5,0.35500138998031616,0.231122225522995,-0.07069529592990875,0.9874060153961182,340,124
189,6300,6,0.3569510281085968,0.2301381379365921,-0.07079015672206879,0.9904289245605469,342,124
189,6300,7,0.3533138036727905,0.2375633865594864,-0.1240348294377327,0.9952510595321655,339,128
189,6300,8,0.36355727910995483,0.23449884355068207,-0.034565918147563934,0.9862202405929565,349,126
189,6300,9,0.3519103229045868,0.2556766867637634,-0.08201723545789719,0.9875664710998535,337,138
189,6300,10,0.3539562225341797,0.2556288540363312,-0.05742986127734184,0.9815279245376587,339,138
189,6300,11,0.37113484740257263,0.30382272601127625,-0.16816410422325134,0.9998533725738525,356,164
189,6300,12,0.3719559609889984,0.300546795129776,0.050521574914455414,0.9944074749946594,357,162
189,6300,13,0.356285035610199,0.40775319933891296,-0.18410876393318176,0.9378897547721863,342,220
189,6300,14,0.36425450444221497,0.40336307883262634,0.07997767627239227,0.008501354604959488,349,217
189,6300,15,0.32842448353767395,0.4838903844356537,-0.15949679911136627,0.734940230846405,315,261
189,6300,16,0.34567880630493164,0.4774722158908844,0.0397995188832283,0.06048218160867691,331,257
189,6300,17,0.32241684198379517,0.509312093257904,-0.17631761729717255,0.6813844442367554,309,275
189,6300,18,0.3401105999946594,0.4956496059894562,0.03609674423933029,0.07290376722812653,326,267
189,6300,19,0.31721749901771545,0.5039536356925964,-0.17498216032981873,0.6769155859947205,304,272
189,6300,20,0.3352832794189453,0.4988081157207489,0.01607249118387699,0.0751560851931572,321,269
189,6300,21,0.3197081983089447,0.4960286021232605,-0.15668794512748718,0.577003002166748,306,267
189,6300,22,0.3380359709262848,0.4923213720321655,0.028880761936306953,0.07289069145917892,324,265
189,6300,23,0.3757660686969757,0.4837944805622101,-0.06514748930931091,0.9998071193695068,360,261
189,6300,24,0.36434319615364075,0.4793718159198761,0.06517913937568665,0.9995845556259155,349,258
189,6300,25,0.37145838141441345,0.6065400838851929,-0.04275628179311752,0.7762827277183533,356,327
189,6300,26,0.34110593795776367,0.5925843119621277,0.08416518568992615,0.29823631048202515,327,319
189,6300,27,0.3929019272327423,0.729289174079895,0.018376348540186882,0.8345847725868225,377,393
189,6300,28,0.3558826148509979,0.7177466750144958,0.1324385702610016,0.495593398809433,341,387
189,6300,29,0.40088802576065063,0.7545274496078491,0.01991480030119419,0.7582460045814514,384,407
189,6300,30,0.36793842911720276,0.7397640943527222,0.13479730486869812,0.5268768668174744,353,399
189,6300,31,0.3605598509311676,0.7656942009925842,-0.050313565880060196,0.8190521597862244,346,413
189,6300,32,0.32643041014671326,0.7532452344894409,0.09363040328025818,0.543830394744873,313,406
190,6333,0,0.3423497974872589,0.2460457980632782,-0.07114046066999435,0.9857960343360901,328,132
190,6333,1,0.34366941452026367,0.23375879228115082,-0.0854819044470787,0.9858295917510986,329,126
190,6333,2,0.34350475668907166,0.2335769087076187,-0.08562349528074265,0.9866771697998047,329,126
190,6333,3,0.3431607186794281,0.2333722710609436,-0.08559475094079971,0.9902868270874023,329,126
190,6333,4,0.34584105014801025,0.2330256849527359,-0.0669185221195221,0.9864959120750427,332,125
190,6333,5,0.3472595512866974,0.2322949916124344,-0.06709279865026474,0.9882112741470337,333,125
190,6333,6,0.34861117601394653,0.2313518524169922,-0.06719180196523666,0.9910221099853516,334,124
190,6333,7,0.3478213846683502,0.23784026503562927,-0.11874838918447495,0.9955888390541077,333,128
190,6333,8,0.35566312074661255,0.23512133955955505,-0.03408012539148331,0.9870043992996216,341,126
190,6333,9,0.34444648027420044,0.2564304769039154,-0.07789735496044159,0.9883289337158203,330,138
190,6333,10,0.3456701636314392,0.2564604878425598,-0.055221810936927795,0.9826064109802246,331,138
190,6333,11,0.36282163858413696,0.30395129323005676,-0.1619643270969391,0.9998627305030823,348,164
190,6333,12,0.36777210235595703,0.30065661668777466,0.05197808891534805,0.9945959448814392,353,162
190,6333,13,0.3459802567958832,0.40764498710632324,-0.17999817430973053,0.942812979221344,332,220
190,6333,14,0.3712932765483856,0.40406736731529236,0.08392076194286346,0.007825343869626522,356,218
190,6333,15,0.3171347677707672,0.48069682717323303,-0.15544380247592926,0.7537686228752136,304,259
190,6333,16,0.35609808564186096,0.47799569368362427,0.053475990891456604,0.05461154505610466,341,258
190,6333,17,0.3095855116844177,0.5040169954299927,-0.17400002479553223,0.7004275918006897,297,272
190,6333,18,0.35115042328834534,0.4958314001560211,0.050662554800510406,0.06594791263341904,337,267
190,6333,19,0.3052573502063751,0.5000340342521667,-0.16997520625591278,0.6958522796630859,293,270
190,6333,20,0.34699591994285583,0.4988897740840912,0.03271722048521042,0.06799226999282837,333,269
190,6333,21,0.30816641449928284,0.4928218126296997,-0.15163160860538483,0.59430992603302,295,266
190,6333,22,0.3493344485759735,0.4926726222038269,0.04380083829164505,0.06599605083465576,335,266
190,6333,23,0.37032371759414673,0.4853447675704956,-0.06491309404373169,0.999819278717041,355,262
190,6333,24,0.3608231544494629,0.480434775352478,0.0649406835436821,0.9996059536933899,346,259
190,6333,25,0.3736242949962616,0.6124008297920227,-0.033457737416028976,0.7944257259368896,358,330
190,6333,26,0.3355831801891327,0.5927127599716187,0.09595057368278503,0.29032886028289795,322,320
190,6333,27,0.3938583731651306,0.7339944243431091,0.022607378661632538,0.8489352464675903,378,396
190,6333,28,0.33469393849372864,0.7288494110107422,0.1424184888601303,0.5170290470123291,321,393
190,6333,29,0.4030948579311371,0.7609105706214905,0.023485662415623665,0.7683001756668091,386,410
190,6333,30,0.34284335374832153,0.7545586228370667,0.14403970539569855,0.5411479473114014,329,407
190,6333,31,0.36072009801864624,0.7730020880699158,-0.0474235862493515,0.8340218663215637,346,417
190,6333,32,0.3002226948738098,0.7552685141563416,0.09518151730298996,0.5706778168678284,288,407
191,6366,0,0.3410172760486603,0.2460431158542633,-0.0811908021569252,0.9869817495346069,327,132
191,6366,1,0.34224584698677063,0.23376135528087616,-0.09664521366357803,0.9869564175605774,328,126
191,6366,2,0.3419782817363739,0.23358742892742157,-0.09679694473743439,0.9877564907073975,328,126
191,6366,3,0.34158486127853394,0.23339924216270447,-0.0967610776424408,0.9910666346549988,327,126
191,6366,4,0.3448120355606079,0.23301027715206146,-0.07703650742769241,0.9875521659851074,331,125
191,6366,5,0.3465975821018219,0.23224490880966187,-0.0772162526845932,0.9891381859779358,332,125
191,6366,6,0.34796780347824097,0.23129619657993317,-0.07731007039546967,0.9917186498641968,334,124
191,6366,7,0.34639057517051697,0.23787081241607666,-0.1303437203168869,0.9959402680397034,332,128
191,6366,8,0.3548195958137512,0.2350425124168396,-0.040913864970207214,0.9879511594772339,340,126
191,6366,9,0.3433324992656708,0.25645121932029724,-0.08812689036130905,0.9892362952232361,329,138
191,6366,10,0.344979852437973,0.2564762234687805,-0.06367722153663635,0.9839326739311218,331,138
191,6366,11,0.3625063896179199,0.3040165305137634,-0.1718779057264328,0.9998718500137329,348,164
191,6366,12,0.36587080359458923,0.3009369671344757,0.04634417966008186,0.9948398470878601,351,162
191,6366,13,0.34627214074134827,0.40592169761657715,-0.1897524893283844,0.9474081993103027,332,219
191,6366,14,0.36274993419647217,0.40426105260849,0.08361852169036865,0.00731763755902648,348,218
191,6366,15,0.31484925746917725,0.4799829423427582,-0.16645513474941254,0.7723128795623779,302,259
191,6366,16,0.3503246307373047,0.4791852533817291,0.051541801542043686,0.04943392053246498,336,258
191,6366,17,0.30765384435653687,0.5029792189598083,-0.18501104414463043,0.7198633551597595,295,271
191,6366,18,0.34614241123199463,0.49626296758651733,0.048747994005680084,0.059844400733709335,332,267
191,6366,19,0.30386263132095337,0.49841931462287903,-0.18224117159843445,0.7153350114822388,291,269
191,6366,20,0.3413490355014801,0.4993825852870941,0.03188050165772438,0.06171610951423645,327,269
191,6366,21,0.3066774308681488,0.49127084016799927,-0.16313166916370392,0.6132594347000122,294,265
191,6366,22,0.3431825637817383,0.4928290545940399,0.042633362114429474,0.05997910350561142,329,266
191,6366,23,0.3702421188354492,0.4853605031967163,-0.06483343988656998,0.9998293519020081,355,262
191,6366,24,0.36070767045021057,0.4804208278656006,0.06486014276742935,0.999623715877533,346,259
191,6366,25,0.3746473491191864,0.6127622127532959,-0.026608120650053024,0.8113011121749878,359,330
191,6366,26,0.3351512551307678,0.5923985838890076,0.10428918153047562,0.2893236577510834,321,319
191,6366,27,0.3945632576942444,0.7352104187011719,0.030716547742486,0.8625198006629944,378,397
191,6366,28,0.3345620036125183,0.7285473942756653,0.1583920270204544,0.5435452461242676,321,393
191,6366,29,0.40624484419822693,0.7640531659126282,0.031429972499608994,0.780525267124176,389,412
191,6366,30,0.3407585024833679,0.7546570897102356,0.16052959859371185,0.5609947443008423,327,407
191,6366,31,0.36093151569366455,0.7737046480178833,-0.0473288893699646,0.8484140634536743,346,417
191,6366,32,0.29909032583236694,0.7552614808082581,0.10658085346221924,0.5995025038719177,287,407
192,6400,0,0.3396928906440735,0.24530158936977386,-0.06661566346883774,0.9879295825958252,326,132
192,6400,1,0.33964329957962036,0.23363399505615234,-0.0840601921081543,0.9877474308013916,326,126
192,6400,2,0.33872559666633606,0.23354360461235046,-0.08423016965389252,0.9885647892951965,325,126
192,6400,3,0.3377116620540619,0.2333977371454239,-0.0842319205403328,0.9916660189628601,324,126
192,6400,4,0.34353384375572205,0.23246392607688904,-0.06471589207649231,0.988243818283081,329,125
192,6400,5,0.34556207060813904,0.23151592910289764,-0.06489013135433197,0.9897588491439819,331,125
192,6400,6,0.3471905291080475,0.23048469424247742,-0.06496430933475494,0.9921627044677734,333,124
192,6400,7,0.34041014313697815,0.2380599081516266,-0.12686625123023987,0.9962394833564758,326,128
192,6400,8,0.35291942954063416,0.2346154749393463,-0.04007836803793907,0.9885289669036865,338,126
192,6400,9,0.34082889556884766,0.255999356508255,-0.0769563838839531,0.9900559782981873,327,138
192,6400,10,0.3433935046195984,0.2556125223636627,-0.0526396743953228,0.9850959181785583,329,138
192,6400,11,0.3560895621776581,0.30405980348587036,-0.16704221069812775,0.9998830556869507,341,164
192,6400,12,0.36036819219589233,0.3009850084781647,0.04950207099318504,0.9952030777931213,345,162
192,6400,13,0.33894163370132446,0.4054296910762787,-0.18484531342983246,0.9519466161727905,325,218
192,6400,14,0.3657415807247162,0.4053262174129486,0.08668860048055649,0.006897598039358854,351,218
192,6400,15,0.3050929307937622,0.4779268503189087,-0.16028214991092682,0.7913914918899536,292,258
192,6400,16,0.35568755865097046,0.4837075173854828,0.058761872351169586,0.044767115265131,341,261
192,6400,17,0.2981053292751312,0.5005292296409607,-0.18258541822433472,0.7407237887382507,286,270
192,6400,18,0.34998607635498047,0.5035109519958496,0.05637413263320923,0.05434160307049751,335,271
192,6400,19,0.2927336096763611,0.49566197395324707,-0.17429272830486298,0.7362462282180786,281,267
192,6400,20,0.34493082761764526,0.5054202079772949,0.03861461579799652,0.056050706654787064,331,272
192,6400,21,0.2956443130970001,0.48938289284706116,-0.15508970618247986,0.635857343673706,283,264
192,6400,22,0.3484911620616913,0.49698248505592346,0.04944310709834099,0.05453785881400108,334,268
192,6400,23,0.36562973260879517,0.4848255217075348,-0.0651702806353569,0.9998413324356079,351,261
192,6400,24,0.355752170085907,0.4801235496997833,0.06519872695207596,0.9996463060379028,341,259
192,6400,25,0.3729550540447235,0.6128787398338318,-0.037429969757795334,0.8252037167549133,358,330
192,6400,26,0.33090537786483765,0.5935682058334351,0.0994110181927681,0.281951367855072,317,320
192,6400,27,0.39677029848098755,0.7355844974517822,0.018452132120728493,0.8719277381896973,380,397
192,6400,28,0.31504011154174805,0.7304658889770508,0.15478827059268951,0.5579907298088074,302,394
192,6400,29,0.4079965651035309,0.7632612586021423,0.018885251134634018,0.7781540751457214,391,412
192,6400,30,0.32080796360969543,0.7601571679115295,0.1575556844472885,0.5686929225921631,307,410
192,6400,31,0.36417725682258606,0.7729538083076477,-0.054439350962638855,0.8576560616493225,349,417
192,6400,32,0.279551237821579,0.7526969313621521,0.09169905632734299,0.6184679269790649,268,406
193,6433,0,0.33982789516448975,0.24442791938781738,-0.07476986944675446,0.9889603853225708,326,131
193,6433,1,0.33909717202186584,0.23316159844398499,-0.09123056381940842,0.9887236952781677,325,125
193,6433,2,0.3381519615650177,0.23317871987819672,-0.09138981252908707,0.9894943237304688,324,125
193,6433,3,0.33712613582611084,0.23316513001918793,-0.09137827903032303,0.9923370480537415,323,125
193,6433,4,0.3428010046482086,0.2318490743637085,-0.07111609727144241,0.9891742467880249,329,125
193,6433,5,0.34487298130989075,0.23092114925384521,-0.07129499316215515,0.9905806183815002,331,124
193,6433,6,0.34647300839424133,0.2299821376800537,-0.07137525081634521,0.99278324842453,332,124
193,6433,7,0.33941590785980225,0.23806409537792206,-0.12876012921333313,0.996545135974884,325,128
193,6433,8,0.35195159912109375,0.23436343669891357,-0.038409240543842316,0.9893810749053955,337,126
193,6433,9,0.34090346097946167,0.2548847496509552,-0.08323190361261368,0.9908703565597534,327,137
193,6433,10,0.34396758675575256,0.2544909715652466,-0.05797529220581055,0.9863005876541138,330,137
193,6433,11,0.3553437888622284,0.3040395677089691,-0.17433302104473114,0.9998922944068909,341,164
193,6433,12,0.35874563455581665,0.30101683735847473,0.049518704414367676,0.9955443739891052,344,162
193,6433,13,0.33813488483428955,0.4046476483345032,-0.18891024589538574,0.9560490846633911,324,218
193,6433,14,0.3614446818828583,0.40396395325660706,0.08646801859140396,0.00663292221724987,346,218
193,6433,15,0.3043791651725769,0.4763597846031189,-0.15994572639465332,0.8076808452606201,292,257
193,6433,16,0.3569336235523224,0.4865534007549286,0.056260839104652405,0.0407104566693306,342,262
193,6433,17,0.2962414622306824,0.4989166855812073,-0.17992164194583893,0.75789475440979,284,269
193,6433,18,0.3532974123954773,0.5075329542160034,0.05355355516076088,0.04960395023226738,339,274
193,6433,19,0.29210159182548523,0.4938386082649231,-0.1745752990245819,0.7534546256065369,280,266
193,6433,20,0.3486229479312897,0.5096979141235352,0.03508085012435913,0.05119025707244873,334,275
193,6433,21,0.29571831226348877,0.48687997460365295,-0.15547065436840057,0.6537390947341919,283,262
193,6433,22,0.35074910521507263,0.5005890130996704,0.046495575457811356,0.049900494515895844,336,270
193,6433,23,0.3656380772590637,0.4849098026752472,-0.06667882949113846,0.9998499751091003,351,261
193,6433,24,0.35525354743003845,0.4801972508430481,0.06671662628650665,0.9996640086174011,341,259
193,6433,25,0.37169137597084045,0.6128466129302979,-0.042680446058511734,0.8390908241271973,356,330
193,6433,26,0.33071663975715637,0.5945223569869995,0.10230296105146408,0.28387677669525146,317,321
193,6433,27,0.3982166051864624,0.7357748746871948,0.016692865639925003,0.8814281821250916,382,397
193,6433,28,0.31301453709602356,0.7315976619720459,0.1519484668970108,0.5792666673660278,300,395
193,6433,29,0.40992680191993713,0.7631643414497375,0.017418021336197853,0.7801744937896729,393,412
193,6433,30,0.31794118881225586,0.7624245882034302,0.15369950234889984,0.5822860598564148,305,411
193,6433,31,0.3664356768131256,0.772132933139801,-0.05660576745867729,0.8672954440116882,351,416
193,6433,32,0.27803152799606323,0.750257670879364,0.09350688010454178,0.6411604881286621,266,405
194,6466,0,0.3324584364891052,0.24497897922992706,-0.07288408279418945,0.9898888468742371,319,132
194,6466,1,0.33218538761138916,0.23358826339244843,-0.08865828067064285,0.9896109104156494,318,126
194,6466,2,0.33115634322166443,0.23362994194030762,-0.08881189674139023,0.9903389811515808,317,126
194,6466,3,0.3300016224384308,0.23364165425300598,-0.08879578113555908,0.9929477572441101,316,126
194,6466,4,0.33619508147239685,0.2323734313249588,-0.0693357065320015,0.9900038838386536,322,125
194,6466,5,0.33791595697402954,0.23157945275306702,-0.06951378285884857,0.9913085103034973,324,125
194,6466,6,0.33936160802841187,0.23082028329372406,-0.06960180401802063,0.9933278560638428,325,124
194,6466,7,0.33200329542160034,0.23912060260772705,-0.1249985545873642,0.9968278408050537,318,129
194,6466,8,0.345755934715271,0.23596744239330292,-0.03567661717534065,0.9901241660118103,331,127
194,6466,9,0.33326300978660583,0.2556678354740143,-0.08087785542011261,0.991586446762085,319,138
194,6466,10,0.33597642183303833,0.25522860884666443,-0.05721203610301018,0.9873365759849548,322,137
194,6466,11,0.34772202372550964,0.30794575810432434,-0.1713741570711136,0.9999011158943176,333,166
194,6466,12,0.35177233815193176,0.30119308829307556,0.05493400618433952,0.9958663582801819,337,162
194,6466,13,0.3296726644039154,0.40775981545448303,-0.18747469782829285,0.9596498608589172,316,220
194,6466,14,0.3631076216697693,0.40598487854003906,0.08992836624383926,0.006283522583544254,348,219
194,6466,15,0.29723501205444336,0.47687259316444397,-0.14221151173114777,0.820936918258667,285,257
194,6466,16,0.3578624129295349,0.48698142170906067,0.05678112432360649,0.0369529165327549,343,262
194,6466,17,0.2902818024158478,0.4986805021762848,-0.15954263508319855,0.7710937261581421,278,269
194,6466,18,0.35493433475494385,0.5080215334892273,0.0536019429564476,0.04520590975880623,340,274
194,6466,19,0.2851247191429138,0.49396181106567383,-0.1545553207397461,0.766372799873352,273,266
194,6466,20,0.3504052460193634,0.5099760293960571,0.03576258197426796,0.04665609076619148,336,275
194,6466,21,0.28854498267173767,0.48736220598220825,-0.1374705582857132,0.6657061576843262,277,263
194,6466,22,0.3521576225757599,0.5009069442749023,0.0471220426261425,0.04555732011795044,338,270
194,6466,23,0.35880354046821594,0.4866182208061218,-0.06852171570062637,0.9998610019683838,344,262
194,6466,24,0.3499116599559784,0.48117002844810486,0.06856442987918854,0.9996874332427979,335,259
194,6466,25,0.36958256363868713,0.6157334446907043,-0.04155849292874336,0.8532504439353943,354,332
194,6466,26,0.3267053961753845,0.5992001891136169,0.10952170193195343,0.2965424656867981,313,323
194,6466,27,0.3982197940349579,0.7363595962524414,0.016177566722035408,0.8916510343551636,382,397
194,6466,28,0.3011157214641571,0.7311227917671204,0.16097614169120789,0.6073646545410156,289,394
194,6466,29,0.41036638617515564,0.7643047571182251,0.016762016341090202,0.7880061268806458,393,412
194,6466,30,0.3045331537723541,0.7613708972930908,0.16286997497081757,0.6040278077125549,292,411
194,6466,31,0.3662986159324646,0.7737080454826355,-0.05737718567252159,0.8780820965766907,351,417
194,6466,32,0.26310059428215027,0.7393676042556763,0.10810811817646027,0.6678488850593567,252,399
195,6500,0,0.3308878242969513,0.2494511604309082,-0.07171878963708878,0.9907659292221069,317,134
195,6500,1,0.3309710919857025,0.23706187307834625,-0.08727999031543732,0.9904643893241882,317,128
195,6500,2,0.3303411602973938,0.23668205738067627,-0.08743143826723099,0.9911393523216248,317,127
195,6500,3,0.3295608460903168,0.23617374897003174,-0.08741362392902374,0.9935237169265747,316,127
195,6500,4,0.33351755142211914,0.23663100600242615,-0.06810861080884933,0.9908179044723511,320,127
195,6500,5,0.3345661163330078,0.23600943386554718,-0.0682859718799591,0.99201899766922,321,127
195,6500,6,0.3362528383731842,0.23494867980480194,-0.06837545335292816,0.993864893913269,322,126
195,6500,7,0.33244264125823975,0.24158698320388794,-0.12229511141777039,0.9970872402191162,319,130
195,6500,8,0.3422604501247406,0.23956216871738434,-0.03008865937590599,0.9908618330955505,328,129
195,6500,9,0.3327358663082123,0.259091854095459,-0.0798848420381546,0.9922373294830322,319,139
195,6500,10,0.33388277888298035,0.2594448924064636,-0.057026300579309464,0.9883080124855042,320,140
195,6500,11,0.34784168004989624,0.3094843626022339,-0.1702820360660553,0.9999086856842041,333,167
195,6500,12,0.3502904772758484,0.30355358123779297,0.05980759486556053,0.9961647987365723,336,163
195,6500,13,0.32868295907974243,0.40881210565567017,-0.18206806480884552,0.9628891944885254,315,220
195,6500,14,0.3617458939552307,0.4084072709083557,0.09462448954582214,0.006087687332183123,347,220
195,6500,15,0.2965962588787079,0.4769972562789917,-0.14140014350414276,0.833919882774353,284,257
195,6500,16,0.3562355637550354,0.49008652567863464,0.059356771409511566,0.03376876562833786,341,264
195,6500,17,0.28836682438850403,0.4991376996040344,-0.15894055366516113,0.7847773432731628,276,269
195,6500,18,0.3545856773853302,0.5116655230522156,0.05574560537934303,0.04153139889240265,340,276
195,6500,19,0.28362756967544556,0.49437153339385986,-0.15484373271465302,0.7801406383514404,272,266
195,6500,20,0.3496943712234497,0.5113818049430847,0.03756934404373169,0.042884260416030884,335,276
195,6500,21,0.2872683107852936,0.48782166838645935,-0.13721081614494324,0.6801889538764954,275,263
195,6500,22,0.3500610589981079,0.5025763511657715,0.049521781504154205,0.04196630418300629,336,271
195,6500,23,0.35821083188056946,0.48746156692504883,-0.06825947016477585,0.9998693466186523,343,263
195,6500,24,0.3483228385448456,0.48229241371154785,0.06829681247472763,0.9997045397758484,334,260
195,6500,25,0.36833709478378296,0.6163319945335388,-0.04415510222315788,0.8650714755058289,353,332
195,6500,26,0.32681772112846375,0.6041643619537354,0.10577476769685745,0.30358386039733887,313,326
195,6500,27,0.39856621623039246,0.7372142672538757,0.0061721219681203365,0.9000183343887329,382,398
195,6500,28,0.3004501163959503,0.7308103442192078,0.15665388107299805,0.6267911791801453,288,394
195,6500,29,0.41074928641319275,0.7645195722579956,0.0061502414755523205,0.7918267846107483,394,412
195,6500,30,0.3041989505290985,0.7608907222747803,0.1585538536310196,0.6175232529640198,292,410
195,6500,31,0.36739203333854675,0.7736995816230774,-0.07055715471506119,0.8867903351783752,352,417
195,6500,32,0.2636335790157318,0.7360242605209351,0.10549680143594742,0.6877821683883667,253,397
196,6533,0,0.32357555627822876,0.2499459981918335,-0.06971005350351334,0.9915865659713745,310,134
196,6533,1,0.324173241853714,0.23764485120773315,-0.08664975315332413,0.9912663698196411,311,128
196,6533,2,0.3234233260154724,0.23737448453903198,-0.08679834008216858,0.9918885827064514,310,128
196,6533,3,0.3225027322769165,0.23700417578220367,-0.08678077161312103,0.9940695762634277,309,127
196,6533,4,0.3275533616542816,0.23716165125370026,-0.06583189219236374,0.9915848970413208,314,128
196,6533,5,0.32897618412971497,0.23663152754306793,-0.06600867211818695,0.992685079574585,315,127
196,6533,6,0.3309016823768616,0.23565030097961426,-0.06608309596776962,0.99437415599823,317,127
196,6533,7,0.3251399099826813,0.24262164533138275,-0.12178861349821091,0.9973281621932983,312,131
196,6533,8,0.3369434177875519,0.24089699983596802,-0.028449444100260735,0.9915546774864197,323,130
196,6533,9,0.3250308930873871,0.26005738973617554,-0.07941697537899017,0.9928738474845886,312,140
196,6533,10,0.32721173763275146,0.2600107192993164,-0.05383770912885666,0.9892544746398926,314,140
196,6533,11,0.33961406350135803,0.310223788022995,-0.1705131232738495,0.9999163150787354,326,167
196,6533,12,0.34615767002105713,0.3045274317264557,0.05980784073472023,0.9964575171470642,332,164
196,6533,13,0.32174867391586304,0.4095109701156616,-0.1843957006931305,0.9657341837882996,308,221
196,6533,14,0.3569853603839874,0.4119400978088379,0.09216117858886719,0.005709480028599501,342,222
196,6533,15,0.28818100690841675,0.47684189677238464,-0.14181146025657654,0.844247043132782,276,257
196,6533,16,0.3502788543701172,0.4916379451751709,0.05666975677013397,0.030627543106675148,336,265
196,6533,17,0.27970075607299805,0.4986119568347931,-0.16032171249389648,0.7947787046432495,268,269
196,6533,18,0.349333256483078,0.5125278234481812,0.05174833536148071,0.03779103234410286,335,276
196,6533,19,0.27501440048217773,0.4941675364971161,-0.15643644332885742,0.7898444533348083,264,266
196,6533,20,0.3447776734828949,0.5133631825447083,0.03408876433968544,0.039027221500873566,330,277
196,6533,21,0.27852386236190796,0.48749062418937683,-0.139020174741745,0.6876342296600342,267,263
196,6533,22,0.3448077142238617,0.5046301484107971,0.04664015769958496,0.038238514214754105,331,272
196,6533,23,0.3496403694152832,0.4879346489906311,-0.06901326775550842,0.999878466129303,335,263
196,6533,24,0.34211334586143494,0.4825240969657898,0.06905386596918106,0.9997240304946899,328,260
196,6533,25,0.3624752461910248,0.6161820888519287,-0.04454959183931351,0.8747242093086243,347,332
196,6533,26,0.31876811385154724,0.6035998463630676,0.10454355180263519,0.2983858287334442,306,325
196,6533,27,0.3979767858982086,0.7374966740608215,-0.001199923688545823,0.9068727493286133,382,398
196,6533,28,0.2932124435901642,0.731225311756134,0.15356577932834625,0.6384605169296265,281,394
196,6533,29,0.4107198119163513,0.7646641731262207,-0.002017250983044505,0.7916470170021057,394,412
196,6533,30,0.2963376045227051,0.7615314722061157,0.15526799857616425,0.6254699230194092,284,411
196,6533,31,0.3673604726791382,0.773772120475769,-0.07935957610607147,0.8939478397369385,352,417
196,6533,32,0.2558635473251343,0.734005331993103,0.10415151715278625,0.7029211521148682,245,396
197,6566,0,0.3219124674797058,0.25133785605430603,-0.07321467250585556,0.9923292398452759,309,135
197,6566,1,0.32286161184310913,0.23891736567020416,-0.08961169421672821,0.9919953346252441,309,129
197,6566,2,0.32236525416374207,0.2385985553264618,-0.08976074308156967,0.9925682544708252,309,128
197,6566,3,0.32171201705932617,0.23819774389266968,-0.08974690735340118,0.9945642352104187,308,128
197,6566,4,0.3255234360694885,0.23853327333927155,-0.068513423204422,0.9922841191291809,312,128
197,6566,5,0.3267904222011566,0.2380387783050537,-0.0686902180314064,0.9932924509048462,313,128
197,6566,6,0.328063428401947,0.237204909324646,-0.06876761466264725,0.9948405027389526,314,128
197,6566,7,0.324860155582428,0.24384497106075287,-0.12478841096162796,0.9975477457046509,311,131
197,6566,8,0.3350178599357605,0.24234138429164886,-0.02919369749724865,0.9921900033950806,321,130
197,6566,9,0.3242008090019226,0.2616240978240967,-0.08151470124721527,0.9934365153312683,311,141
197,6566,10,0.325751394033432,0.26180440187454224,-0.05528304725885391,0.9900959134101868,312,141
197,6566,11,0.339394211769104,0.3112301528453827,-0.17328108847141266,0.9999229311943054,325,168
197,6566,12,0.34368136525154114,0.306094229221344,0.0590243898332119,0.9967225193977356,329,165
197,6566,13,0.3205113708972931,0.4097592234611511,-0.18888603150844574,0.9683442711830139,307,221
197,6566,14,0.3556172549724579,0.41318660974502563,0.09236051887273788,0.0054419091902673244,341,223
197,6566,15,0.2859112322330475,0.47687122225761414,-0.14895948767662048,0.8543086051940918,274,257
197,6566,16,0.3489408791065216,0.4940340518951416,0.056058939546346664,0.02792029269039631,334,266
197,6566,17,0.2776551842689514,0.498696506023407,-0.16826653480529785,0.8045963048934937,266,269
197,6566,18,0.34789398312568665,0.5152051448822021,0.05172540619969368,0.03460710868239403,333,278
197,6566,19,0.2733278274536133,0.49409472942352295,-0.16297410428524017,0.7995963096618652,262,266
197,6566,20,0.34286364912986755,0.5137935876846313,0.03367649018764496,0.03575589135289192,329,277
197,6566,21,0.27655699849128723,0.4874248504638672,-0.1447805017232895,0.6960684061050415,265,263
197,6566,22,0.34372586011886597,0.5083134174346924,0.0460333377122879,0.03509576618671417,329,274
197,6566,23,0.349337637424469,0.48857155442237854,-0.06979150325059891,0.9998858571052551,335,263
197,6566,24,0.3405100107192993,0.4839331805706024,0.06982258707284927,0.9997397661209106,326,261
197,6566,25,0.3599189519882202,0.615414023399353,-0.048990488052368164,0.8813006281852722,345,332
197,6566,26,0.3190082609653473,0.6039831042289734,0.11224714666604996,0.28540441393852234,306,326
197,6566,27,0.39768096804618835,0.7376724481582642,-0.002103765495121479,0.9111346006393433,381,398
197,6566,28,0.2912130355834961,0.7316888570785522,0.1643444150686264,0.6413663029670715,279,395
197,6566,29,0.40997618436813354,0.7646650671958923,-0.002371612237766385,0.7860204577445984,393,412
197,6566,30,0.2952896058559418,0.7625510096549988,0.1660805195569992,0.626650333404541,283,411
197,6566,31,0.3667866289615631,0.7737721800804138,-0.07889678329229355,0.8986784219741821,352,417
197,6566,32,0.2555607557296753,0.7349310517311096,0.11116642504930496,0.7120451331138611,245,396
198,6600,0,0.3161121904850006,0.25249582529067993,-0.0649244487285614,0.9928206205368042,303,136
198,6600,1,0.31681615114212036,0.24025458097457886,-0.08156432211399078,0.9923948049545288,304,129
198,6600,2,0.31610146164894104,0.23994070291519165,-0.08171507716178894,0.9929453730583191,303,129
198,6600,3,0.3152191936969757,0.23956957459449768,-0.08170604705810547,0.994835615158081,302,129
198,6600,4,0.3202344477176666,0.2400083690881729,-0.06074085459113121,0.9926621913909912,307,129
198,6600,5,0.32177501916885376,0.23955558240413666,-0.06092175096273422,0.9936227202415466,308,129
198,6600,6,0.3236738443374634,0.23867346346378326,-0.0610029511153698,0.9950991868972778,310,128
198,6600,7,0.31782594323158264,0.24491623044013977,-0.11997096240520477,0.997674286365509,305,132
198,6600,8,0.3297950029373169,0.24378761649131775,-0.024866929277777672,0.9925156235694885,316,131
198,6600,9,0.3173736035823822,0.2629624605178833,-0.07390360534191132,0.9937824606895447,304,141
198,6600,10,0.3196040093898773,0.2630407214164734,-0.04780060052871704,0.9906135201454163,306,142
198,6600,11,0.3320389986038208,0.3126409947872162,-0.17047791182994843,0.9999281167984009,318,168
198,6600,12,0.33882200717926025,0.30906879901885986,0.0595942847430706,0.9969406723976135,325,166
198,6600,13,0.31370434165000916,0.41311049461364746,-0.184331476688385,0.97014981508255,301,223
198,6600,14,0.35082003474235535,0.4195351302623749,0.09248463064432144,0.00515833729878068,336,226
198,6600,15,0.278936505317688,0.4769797921180725,-0.14368681609630585,0.8593689203262329,267,257
198,6600,16,0.3442295491695404,0.4997732639312744,0.05840437859296799,0.025433002039790154,330,269
198,6600,17,0.27175167202949524,0.4988321363925934,-0.16141705214977264,0.8078639507293701,260,269
198,6600,18,0.34333330392837524,0.5210613012313843,0.05437957122921944,0.03167026862502098,329,281
198,6600,19,0.26740899682044983,0.49426308274269104,-0.15623228251934052,0.8024093508720398,256,266
198,6600,20,0.3390449285507202,0.5222952365875244,0.036864880472421646,0.03272998332977295,325,282
198,6600,21,0.2700725793838501,0.4878658056259155,-0.13920515775680542,0.69441157579422,259,263
198,6600,22,0.33933812379837036,0.5142902731895447,0.04874792322516441,0.03217998892068863,325,277
198,6600,23,0.34184569120407104,0.4950885474681854,-0.0695466622710228,0.9998937845230103,328,267
198,6600,24,0.33456388115882874,0.4915042519569397,0.06957724690437317,0.9997578859329224,321,265
198,6600,25,0.3576201796531677,0.6212624907493591,-0.04150415584445,0.8882010579109192,343,335
198,6600,26,0.3114701509475708,0.6088475584983826,0.11180032789707184,0.28072112798690796,299,328
198,6600,27,0.39683598279953003,0.7377586960792542,0.015290288254618645,0.9161704778671265,380,398
198,6600,28,0.2890963554382324,0.7356774210929871,0.16445861756801605,0.6523509621620178,277,397
198,6600,29,0.4096217453479767,0.7642237544059753,0.016254546120762825,0.7819136381149292,393,412
198,6600,30,0.2937663793563843,0.7663237452507019,0.1664905846118927,0.6338408589363098,282,413
198,6600,31,0.3655921220779419,0.7735269069671631,-0.0560523122549057,0.9035897254943848,350,417
198,6600,32,0.2527887523174286,0.7408567070960999,0.11422727257013321,0.7250506281852722,242,400
199,6633,0,0.31436967849731445,0.25357866287231445,-0.07171390950679779,0.9934275150299072,301,136
199,6633,1,0.3153100311756134,0.2415432333946228,-0.08768277615308762,0.992996335029602,302,130
199,6633,2,0.31474146246910095,0.24136920273303986,-0.08783341199159622,0.9935049414634705,302,130
199,6633,3,0.31402769684791565,0.24113351106643677,-0.08782351016998291,0.9952425956726074,301,130
199,6633,4,0.3181469142436981,0.2410736083984375,-0.06627862900495529,0.9932375550270081,305,130
199,6633,5,0.3194839656352997,0.24063466489315033,-0.0664612427353859,0.9941229820251465,306,129
199,6633,6,0.32083752751350403,0.23988398909568787,-0.06654687225818634,0.9954850673675537,308,129
199,6633,7,0.31674274802207947,0.24644924700260162,-0.12346211820840836,0.9978504180908203,304,133
199,6633,8,0.3277762234210968,0.24458032846450806,-0.025825509801506996,0.9930304884910583,314,132
199,6633,9,0.31614717841148376,0.26383140683174133,-0.07961306720972061,0.9942223429679871,303,142
199,6633,10,0.31820717453956604,0.2638787627220154,-0.0526794008910656,0.9912838339805603,305,142
199,6633,11,0.33215901255607605,0.3137599527835846,-0.17097023129463196,0.9999327063560486,318,169
199,6633,12,0.3374512493610382,0.3109300434589386,0.05925308167934418,0.9971495866775513,323,167
199,6633,13,0.3126949965953827,0.4146929085254669,-0.18411199748516083,0.9719337821006775,300,223
199,6633,14,0.349099725484848,0.4212433099746704,0.09169749915599823,0.0049385870806872845,335,227
199,6633,15,0.2771938443183899,0.4771508574485779,-0.1440439522266388,0.8662692308425903,266,257
199,6633,16,0.34156325459480286,0.5009434223175049,0.053093258291482925,0.023247631266713142,327,270
199,6633,17,0.2699947953224182,0.4992241859436035,-0.1617588847875595,0.8145377039909363,259,269
199,6633,18,0.3401806950569153,0.5217007398605347,0.048540133982896805,0.02912105992436409,326,281
199,6633,19,0.26573365926742554,0.4946596026420593,-0.15706466138362885,0.8089933395385742,255,267
199,6633,20,0.3354364335536957,0.5227569937705994,0.030400754883885384,0.03010815754532814,322,282
199,6633,21,0.26871436834335327,0.48808300495147705,-0.13969853520393372,0.6992006897926331,257,263
199,6633,22,0.33654269576072693,0.5154298543930054,0.04304233565926552,0.02967229299247265,323,278
199,6633,23,0.34184950590133667,0.49496862292289734,-0.07007244974374771,0.9999008774757385,328,267
199,6633,24,0.3344622552394867,0.491720587015152,0.07009391486644745,0.9997740387916565,321,265
199,6633,25,0.35410186648368835,0.6206381916999817,-0.05842183157801628,0.8939640522003174,339,335
199,6633,26,0.3138764798641205,0.6079919934272766,0.11356556415557861,0.27193325757980347,301,328
199,6633,27,0.39656585454940796,0.7377572655677795,-0.005182894412428141,0.9197611212730408,380,398
199,6633,28,0.2893371880054474,0.7357641458511353,0.1664101928472519,0.6600391864776611,277,397
199,6633,29,0.4096201956272125,0.7641088366508484,-0.004611141048371792,0.7782968878746033,393,412
199,6633,30,0.2935613989830017,0.7660821080207825,0.16835981607437134,0.6403185725212097,281,413
199,6633,31,0.3655458688735962,0.7727015018463135,-0.07667745649814606,0.9075122475624084,350,417
199,6633,32,0.2524672746658325,0.7409259676933289,0.1166531965136528,0.7354816794395447,242,400
200,6666,0,0.30790621042251587,0.25405725836753845,-0.05070636421442032,0.9936822056770325,295,137
200,6666,1,0.3088475167751312,0.24209371209144592,-0.06760527938604355,0.9931535124778748,296,130
200,6666,2,0.308193176984787,0.24190862476825714,-0.06775380671024323,0.9936559796333313,295,130
200,6666,3,0.30734574794769287,0.2416587620973587,-0.06774630397558212,0.9953650236129761,295,130
200,6666,4,0.3121796250343323,0.2417583018541336,-0.0464368611574173,0.9933344721794128,299,130
200,6666,5,0.31375133991241455,0.2413206547498703,-0.0466228611767292,0.9941968321800232,301,130
200,6666,6,0.315458744764328,0.2405744194984436,-0.046706508845090866,0.9955560564994812,302,129
200,6666,7,0.31014934182167053,0.24705861508846283,-0.10870800912380219,0.9979152679443359,297,133
200,6666,8,0.3220365643501282,0.24520722031593323,-0.012091518379747868,0.9930439591407776,309,132
200,6666,9,0.30917662382125854,0.2643539607524872,-0.06045318394899368,0.9944354891777039,296,142
200,6666,10,0.3114902675151825,0.26442965865135193,-0.03383500128984451,0.9915618300437927,299,142
200,6666,11,0.32240286469459534,0.3136657178401947,-0.15907147526741028,0.9999372363090515,309,169
200,6666,12,0.3337650001049042,0.3110348582267761,0.06923291087150574,0.9973351359367371,320,167
200,6666,13,0.30702295899391174,0.4158456325531006,-0.1742405891418457,0.9731088280677795,294,224
200,6666,14,0.34513911604881287,0.4220903515815735,0.10222601145505905,0.004649972077459097,331,227
200,6666,15,0.2730623185634613,0.4776298701763153,-0.1376674473285675,0.8694729208946228,262,257
200,6666,16,0.3370104432106018,0.49979981780052185,0.06617123633623123,0.021188165992498398,323,269
200,6666,17,0.26539620757102966,0.49933820962905884,-0.15460409224033356,0.8160013556480408,254,269
200,6666,18,0.3358258306980133,0.5203734636306763,0.06236732378602028,0.026686159893870354,322,281
200,6666,19,0.260857492685318,0.4949057102203369,-0.1494123488664627,0.8098652958869934,250,267
200,6666,20,0.33100616931915283,0.5214881896972656,0.04474826157093048,0.02759692817926407,317,281
200,6666,21,0.2639743685722351,0.4882286787033081,-0.1330326497554779,0.695106029510498,253,263
200,6666,22,0.3314160108566284,0.5141263604164124,0.05636229366064072,0.0272517167031765,318,277
200,6666,23,0.33259671926498413,0.49455317854881287,-0.06990189850330353,0.9999080300331116,319,267
200,6666,24,0.32360368967056274,0.49179816246032715,0.06992346793413162,0.999790370464325,310,265
200,6666,25,0.35041916370391846,0.6232782006263733,-0.056572820991277695,0.8983825445175171,336,336
200,6666,26,0.30545035004615784,0.609466016292572,0.10094950348138809,0.27152568101882935,293,329
200,6666,27,0.3936525583267212,0.7371075749397278,0.00680668605491519,0.9228137135505676,377,398
200,6666,28,0.28621044754981995,0.7363325357437134,0.15537434816360474,0.666903555393219,274,397
200,6666,29,0.4078972041606903,0.7600709795951843,0.008221645839512348,0.7685850262641907,391,410
200,6666,30,0.29238617420196533,0.7657972574234009,0.15778528153896332,0.6436537504196167,280,413
200,6666,31,0.36528727412223816,0.7721353769302368,-0.06372100859880447,0.9097275137901306,350,416
200,6666,32,0.25050461292266846,0.7544574737548828,0.10433662682771683,0.7439128160476685,240,407
201,6700,0,0.30744850635528564,0.2541499435901642,-0.05301268398761749,0.9940783977508545,295,137
201,6700,1,0.3073691725730896,0.24237710237503052,-0.0695870891213417,0.9935086965560913,295,130
201,6700,2,0.30639174580574036,0.242232546210289,-0.0697379782795906,0.9940094947814941,294,130
201,6700,3,0.30532941222190857,0.2420099675655365,-0.06972438842058182,0.9956180453300476,293,130
201,6700,4,0.31142762303352356,0.24192224442958832,-0.049091946333646774,0.9936352968215942,298,130
201,6700,5,0.31316953897476196,0.24148760735988617,-0.04927220568060875,0.9944636821746826,300,130
201,6700,6,0.31482377648353577,0.2408088743686676,-0.0493544302880764,0.9957457184791565,302,130
201,6700,7,0.30795732140541077,0.2473749816417694,-0.10963619500398636,0.998033881187439,295,133
201,6700,8,0.3219452202320099,0.24554531276226044,-0.015613498166203499,0.9932836294174194,309,132
201,6700,9,0.30847498774528503,0.2644093930721283,-0.06236906722187996,0.9947335720062256,296,142
201,6700,10,0.3114127218723297,0.26457518339157104,-0.036626193672418594,0.991979718208313,298,142
201,6700,11,0.32235369086265564,0.3135812282562256,-0.15984192490577698,0.9999419450759888,309,169
201,6700,12,0.33102676272392273,0.3111985921859741,0.06666784733533859,0.9974795579910278,317,168
201,6700,13,0.3074408769607544,0.41470491886138916,-0.18084083497524261,0.9750806093215942,295,223
201,6700,14,0.3398596942424774,0.42122119665145874,0.09914007037878036,0.00438101589679718,326,227
201,6700,15,0.2725122570991516,0.47775477170944214,-0.15756626427173615,0.879121720790863,261,257
201,6700,16,0.3316190540790558,0.49928200244903564,0.06565836817026138,0.019290002062916756,318,269
201,6700,17,0.26457473635673523,0.4999302625656128,-0.17688366770744324,0.8279948830604553,253,269
201,6700,18,0.3303793966770172,0.5197722315788269,0.06266745924949646,0.024421563372015953,317,280
201,6700,19,0.2601737678050995,0.4952905774116516,-0.17118963599205017,0.8220381736755371,249,267
201,6700,20,0.3256548345088959,0.5213300585746765,0.04468414559960365,0.02526458352804184,312,281
201,6700,21,0.26330143213272095,0.48864293098449707,-0.15308837592601776,0.7101007103919983,252,263
201,6700,22,0.32590773701667786,0.5135324001312256,0.05586825683712959,0.025005042552947998,312,277
201,6700,23,0.3323139548301697,0.49425387382507324,-0.06958936899900436,0.9999136924743652,319,266
201,6700,24,0.3235844671726227,0.49137166142463684,0.06961372494697571,0.9998019337654114,310,265
201,6700,25,0.34666797518730164,0.6227423548698425,-0.04431353881955147,0.9025794863700867,332,336
201,6700,26,0.3056125044822693,0.6088773608207703,0.09490413963794708,0.26949024200439453,293,328
201,6700,27,0.39265739917755127,0.7366251349449158,0.014925319701433182,0.9260057806968689,376,397
201,6700,28,0.28484147787094116,0.7362691164016724,0.1376686543226242,0.6760752201080322,273,397
201,6700,29,0.4072808623313904,0.759354829788208,0.015941418707370758,0.7660576105117798,390,410
201,6700,30,0.29160037636756897,0.7656873464584351,0.1386428028345108,0.651503324508667,279,413
201,6700,31,0.3652564287185669,0.7719239592552185,-0.05469556897878647,0.9130821228027344,350,416
201,6700,32,0.24803942441940308,0.7577918767929077,0.08448509871959686,0.7546973824501038,238,409
202,6733,0,0.30017295479774475,0.2537895739078522,-0.06636226177215576,0.9944785237312317,288,137
202,6733,1,0.30118879675865173,0.24224787950515747,-0.08325617015361786,0.9939003586769104,289,130
202,6733,2,0.30046379566192627,0.2421523481607437,-0.08341508358716965,0.9943872690200806,288,130
202,6733,3,0.29955190420150757,0.24198362231254578,-0.08341706544160843,0.9958925843238831,287,130
202,6733,4,0.304755836725235,0.2417854517698288,-0.06186717376112938,0.9939630627632141,292,130
202,6733,5,0.3063961863517761,0.24141331017017365,-0.062044646590948105,0.9947469830513,294,130
202,6733,6,0.30827796459198,0.24077804386615753,-0.062125273048877716,0.9959569573402405,295,130
202,6733,7,0.30256810784339905,0.2472696155309677,-0.12329631298780441,0.9981635212898254,290,133
202,6733,8,0.31479066610336304,0.2453429102897644,-0.025434721261262894,0.9935518503189087,302,132
202,6733,9,0.3011707663536072,0.26430103182792664,-0.07574384659528732,0.9950704574584961,289,142
202,6733,10,0.3039967119693756,0.26450833678245544,-0.048756398260593414,0.9924411773681641,291,142
202,6733,11,0.3145274817943573,0.31351780891418457,-0.16965006291866302,0.999945878982544,301,169
202,6733,12,0.32428961992263794,0.3113635182380676,0.06045643612742424,0.9976412057876587,311,168
202,6733,13,0.2995842695236206,0.4152486324310303,-0.18481703102588654,0.9764667749404907,287,224
202,6733,14,0.33418843150138855,0.4222404360771179,0.09626979380846024,0.004257579799741507,320,228
202,6733,15,0.2677602767944336,0.47904831171035767,-0.1557413637638092,0.8835161924362183,257,258
202,6733,16,0.32594162225723267,0.5000675320625305,0.06545070558786392,0.017681481316685677,312,270
202,6733,17,0.2606135904788971,0.5012680888175964,-0.17416003346443176,0.8315306901931763,250,270
202,6733,18,0.3249439299106598,0.5202876329421997,0.06155993416905403,0.022539274767041206,311,280
202,6733,19,0.2561132311820984,0.4970571994781494,-0.16913212835788727,0.8251597285270691,245,268
202,6733,20,0.3200123608112335,0.5220667123794556,0.0440882109105587,0.02332465909421444,307,281
202,6733,21,0.2597110867500305,0.490477055311203,-0.15137748420238495,0.7107434272766113,249,264
202,6733,22,0.32022830843925476,0.5138424634933472,0.05550968647003174,0.023162852972745895,307,277
202,6733,23,0.32449206709861755,0.49415022134780884,-0.06968092173337936,0.9999202489852905,311,266
202,6733,24,0.3165644705295563,0.4910816252231598,0.06969882547855377,0.9998170733451843,303,265
202,6733,25,0.3363986015319824,0.6253442168235779,-0.05197758972644806,0.9100375771522522,322,337
202,6733,26,0.29708611965179443,0.6092876195907593,0.10843253135681152,0.29083287715911865,285,329
202,6733,27,0.38771942257881165,0.7341882586479187,0.017498254776000977,0.9307690262794495,372,396
202,6733,28,0.2818313241004944,0.7369046211242676,0.15968778729438782,0.6983083486557007,270,397
202,6733,29,0.40351101756095886,0.7503134608268738,0.02028028294444084,0.7686434388160706,387,405
202,6733,30,0.2904202342033386,0.7659895420074463,0.1617366522550583,0.6695737838745117,278,413
202,6733,31,0.3652428686618805,0.7739134430885315,-0.04457699507474899,0.9179369807243347,350,417
202,6733,32,0.2455706000328064,0.7624666690826416,0.11157320439815521,0.771928608417511,235,411
203,6766,0,0.29777804017066956,0.2536918818950653,-0.06585484743118286,0.9949190616607666,285,136
203,6766,1,0.2990265190601349,0.24215711653232574,-0.08228055387735367,0.9943507313728333,287,130
203,6766,2,0.29847851395606995,0.24205203354358673,-0.08243375271558762,0.9948111772537231,286,130
203,6766,3,0.29780328273773193,0.24188026785850525,-0.08243497461080551,0.9961932301521301,285,130
203,6766,4,0.30222219228744507,0.24173550307750702,-0.060851119458675385,0.9943949580192566,290,130
203,6766,5,0.3037528097629547,0.2413628250360489,-0.06102807819843292,0.9951251149177551,291,130
203,6766,6,0.305181622505188,0.2407129406929016,-0.06110995262861252,0.996243417263031,292,129
203,6766,7,0.3013944923877716,0.2471478283405304,-0.12020187824964523,0.9982995986938477,289,133
203,6766,8,0.31224843859672546,0.2452012300491333,-0.02257833071053028,0.993984043598175,299,132
203,6766,9,0.29959407448768616,0.2641870379447937,-0.07483600080013275,0.995410680770874,287,142
203,6766,10,0.3022845387458801,0.2643827199935913,-0.04778767004609108,0.9929574131965637,290,142
203,6766,11,0.3133186399936676,0.3135281801223755,-0.16772601008415222,0.9999490976333618,300,169
203,6766,12,0.32271167635917664,0.3117866814136505,0.06315828114748001,0.9977835416793823,309,168
203,6766,13,0.3003911077976227,0.4150483012199402,-0.1839814931154251,0.9778013229370117,288,224
203,6766,14,0.3182753920555115,0.4194994866847992,0.0962696224451065,0.004178083036094904,305,226
203,6766,15,0.26874884963035583,0.47922590374946594,-0.15356022119522095,0.8878369927406311,257,258
203,6766,16,0.3136010468006134,0.49968504905700684,0.06357013434171677,0.01627294346690178,301,269
203,6766,17,0.26060348749160767,0.5016310811042786,-0.17110712826251984,0.8359633088111877,250,270
203,6766,18,0.3109283745288849,0.5198896527290344,0.059810884296894073,0.020915262401103973,298,280
203,6766,19,0.2570532262325287,0.497088223695755,-0.1667121797800064,0.8295522928237915,246,268
203,6766,20,0.3065296411514282,0.5219555497169495,0.04213803634047508,0.021658409386873245,294,281
203,6766,21,0.2605697214603424,0.4905267357826233,-0.14940378069877625,0.7147407531738281,250,264
203,6766,22,0.30754077434539795,0.5136781334877014,0.05375251919031143,0.021616140380501747,295,277
203,6766,23,0.3239116370677948,0.4940403699874878,-0.069788858294487,0.9999250769615173,310,266
203,6766,24,0.3160541355609894,0.4909087121486664,0.06980329006910324,0.9998285174369812,303,265
203,6766,25,0.3331722021102905,0.6245810985565186,-0.060887258499860764,0.9166296720504761,319,337
203,6766,26,0.29664191603660583,0.6100927591323853,0.10616116970777512,0.3045833706855774,284,329
203,6766,27,0.38594910502433777,0.7332891821861267,0.0030756087508052588,0.9349380731582642,370,395
203,6766,28,0.28354498744010925,0.7379151582717896,0.15215305984020233,0.7149344682693481,272,398
203,6766,29,0.4022965133190155,0.7484086155891418,0.005563286133110523,0.7730925679206848,386,404
203,6766,30,0.2910727858543396,0.7670772671699524,0.15385206043720245,0.6841984987258911,279,414
203,6766,31,0.3643154501914978,0.7740578651428223,-0.053817976266145706,0.9224805235862732,349,417
203,6766,32,0.24544286727905273,0.7647885084152222,0.10890059918165207,0.7857028245925903,235,412
204,6800,0,0.2915158271789551,0.25331786274909973,-0.06585314869880676,0.9952034950256348,279,136
204,6800,1,0.2928546667098999,0.24173188209533691,-0.08215129375457764,0.9946266412734985,281,130
204,6800,2,0.2922426164150238,0.24156740307807922,-0.0823054313659668,0.9950992465019226,280,130
204,6800,3,0.29146167635917664,0.24136610329151154,-0.08230744302272797,0.9963968992233276,279,130
204,6800,4,0.29625457525253296,0.24131622910499573,-0.0610591284930706,0.9945568442344666,284,130
204,6800,5,0.2979204058647156,0.2408943474292755,-0.06123518943786621,0.9952613711357117,286,130
204,6800,6,0.2997399866580963,0.24020199477672577,-0.06131787970662117,0.9963043928146362,287,129
204,6800,7,0.29470953345298767,0.2464822232723236,-0.11994902044534683,0.9984143972396851,282,133
204,6800,8,0.3064727783203125,0.24488146603107452,-0.02444998361170292,0.994106650352478,294,132
204,6800,9,0.2926734387874603,0.26392242312431335,-0.07470402121543884,0.9956594109535217,280,142
204,6800,10,0.2950034439563751,0.26411452889442444,-0.04819511994719505,0.9932308197021484,283,142
204,6800,11,0.30621537566185,0.3125700056552887,-0.16811630129814148,0.9999520182609558,293,168
204,6800,12,0.31664812564849854,0.31149980425834656,0.06199004501104355,0.997826099395752,303,168
204,6800,13,0.2951511740684509,0.41492006182670593,-0.18916228413581848,0.979267954826355,283,224
204,6800,14,0.3145747482776642,0.4168524146080017,0.09251362830400467,0.004058429971337318,301,225
204,6800,15,0.2656998038291931,0.48116081953048706,-0.16510356962680817,0.8947358727455139,255,259
204,6800,16,0.3107079267501831,0.4988003671169281,0.06259527802467346,0.014935217797756195,298,269
204,6800,17,0.25807926058769226,0.5041005611419678,-0.18328003585338593,0.8445529341697693,247,272
204,6800,18,0.30887895822525024,0.5186389684677124,0.05894952639937401,0.01936795562505722,296,280
204,6800,19,0.25363966822624207,0.5001372694969177,-0.17797154188156128,0.8382206559181213,243,270
204,6800,20,0.30414503812789917,0.5207215547561646,0.041070520877838135,0.02006334252655506,291,281
204,6800,21,0.25661996006965637,0.49305295944213867,-0.16079869866371155,0.7263180017471313,246,266
204,6800,22,0.3046779930591583,0.5123143792152405,0.05316194146871567,0.02013089880347252,292,276
204,6800,23,0.3156591057777405,0.49323272705078125,-0.06978288292884827,0.9999288320541382,303,266
204,6800,24,0.31207913160324097,0.4905887246131897,0.06979383528232574,0.9998362064361572,299,264
204,6800,25,0.3240525424480438,0.6271184682846069,-0.0633440688252449,0.9228954911231995,311,338
204,6800,26,0.29059916734695435,0.6110197901725769,0.10437224805355072,0.3249315321445465,278,329
204,6800,27,0.37997815012931824,0.7263118624687195,0.0055135623551905155,0.938139021396637,364,392
204,6800,28,0.28205597400665283,0.7382466197013855,0.1462969034910202,0.731611967086792,270,398
204,6800,29,0.39634135365486145,0.7338510751724243,0.010680713690817356,0.7772244811058044,380,396
204,6800,30,0.29061996936798096,0.7677392959594727,0.14791914820671082,0.7002680897712708,278,414
204,6800,31,0.3634994626045227,0.7761147618293762,-0.039102956652641296,0.925208568572998,348,419
204,6800,32,0.24486854672431946,0.7652944922447205,0.10806302726268768,0.7977963089942932,235,413
205,6833,0,0.2896532118320465,0.2532937824726105,-0.06577423214912415,0.9955499172210693,278,136
205,6833,1,0.290677547454834,0.2415621131658554,-0.08207125961780548,0.9949955344200134,279,130
205,6833,2,0.2900720238685608,0.24142780900001526,-0.08222395926713943,0.995452344417572,278,130
205,6833,3,0.28932520747184753,0.24125006794929504,-0.0822237953543663,0.996646523475647,277,130
205,6833,4,0.2940417528152466,0.2408701330423355,-0.061032842844724655,0.9948832988739014,282,130
205,6833,5,0.2955688238143921,0.24031154811382294,-0.06120937690138817,0.9955468773841858,283,129
205,6833,6,0.2969440817832947,0.23957228660583496,-0.061292242258787155,0.9965075850486755,285,129
205,6833,7,0.2932337522506714,0.24638411402702332,-0.1192963644862175,0.9985356330871582,281,133
205,6833,8,0.3038778603076935,0.24430474638938904,-0.024653512984514236,0.9944312572479248,291,131
205,6833,9,0.29170116782188416,0.26388558745384216,-0.07458028942346573,0.9959455132484436,280,142
205,6833,10,0.2942062020301819,0.26398754119873047,-0.048228733241558075,0.9936272501945496,282,142
205,6833,11,0.3055269122123718,0.31221529841423035,-0.16790002584457397,0.9999545812606812,293,168
205,6833,12,0.31374529004096985,0.3114073872566223,0.06178981065750122,0.9979013800621033,301,168
205,6833,13,0.2946203351020813,0.4148390591144562,-0.18895937502384186,0.9805372953414917,282,224
205,6833,14,0.3083663284778595,0.41464975476264954,0.09203248471021652,0.003979330882430077,296,223
205,6833,15,0.26527103781700134,0.4822137951850891,-0.16147544980049133,0.9002624154090881,254,260
205,6833,16,0.29776808619499207,0.49369484186172485,0.060522936284542084,0.013819302432239056,285,266
205,6833,17,0.257257878780365,0.5052485466003418,-0.1796543151140213,0.8514975905418396,246,272
205,6833,18,0.2943224310874939,0.5119450688362122,0.05883525684475899,0.01815103366971016,282,276
205,6833,19,0.2539641261100769,0.501099169254303,-0.17465129494667053,0.8452547192573547,243,270
205,6833,20,0.28942233324050903,0.5146611928939819,0.04037720710039139,0.01882036402821541,277,277
205,6833,21,0.2565303444862366,0.49393874406814575,-0.15719638764858246,0.7358786463737488,246,266
205,6833,22,0.29063180088996887,0.5068742036819458,0.0507325641810894,0.019022321328520775,279,273
205,6833,23,0.3137512803077698,0.49317023158073425,-0.06974867731332779,0.9999327063560486,301,266
205,6833,24,0.3086114227771759,0.49046236276626587,0.06976213306188583,0.9998447895050049,296,264
205,6833,25,0.3216480314731598,0.627733588218689,-0.06250105053186417,0.9291585683822632,308,338
205,6833,26,0.28676164150238037,0.6107355356216431,0.10502821952104568,0.3516908586025238,275,329
205,6833,27,0.37678951025009155,0.7230626344680786,0.011655050329864025,0.9420226812362671,361,390
205,6833,28,0.28187263011932373,0.7380036115646362,0.14915063977241516,0.7496777176856995,270,398
205,6833,29,0.3936794698238373,0.7308002710342407,0.0174449123442173,0.785108208656311,377,394
205,6833,30,0.29004746675491333,0.7674072980880737,0.15138572454452515,0.7174586057662964,278,414
205,6833,31,0.36294275522232056,0.7763368487358093,-0.029911501333117485,0.929253876209259,348,419
205,6833,32,0.24546624720096588,0.7656801342964172,0.1155279353260994,0.8111443519592285,235,413
206,6866,0,0.2816626727581024,0.2519291937351227,-0.034858930855989456,0.995785653591156,270,136
206,6866,1,0.28316256403923035,0.24036148190498352,-0.050910696387290955,0.9952275156974792,271,129
206,6866,2,0.28262120485305786,0.24026265740394592,-0.0510563962161541,0.995673418045044,271,129
206,6866,3,0.28191202878952026,0.24014149606227875,-0.05106828361749649,0.9968080520629883,270,129
206,6866,4,0.286629855632782,0.23950797319412231,-0.030209217220544815,0.9950304627418518,275,129
206,6866,5,0.2883705496788025,0.2388864904642105,-0.03038867935538292,0.9956586360931396,276,128
206,6866,6,0.28993460536003113,0.23817163705825806,-0.030465953052043915,0.9965693354606628,278,128
206,6866,7,0.2857925593852997,0.2450942099094391,-0.09235015511512756,0.9986269474029541,274,132
206,6866,8,0.2969438433647156,0.24315409362316132,0.0019652105402201414,0.9945534467697144,285,131
206,6866,9,0.2829199433326721,0.26286885142326355,-0.04521121084690094,0.9961501359939575,271,141
206,6866,10,0.2855217158794403,0.262805700302124,-0.019222525879740715,0.993863046169281,274,141
206,6866,11,0.29688718914985657,0.3121331036090851,-0.14726299047470093,0.999955952167511,285,168
206,6866,12,0.3099328875541687,0.3106178939342499,0.08389950543642044,0.9979444146156311,297,167
206,6866,13,0.28784915804862976,0.416421115398407,-0.16666856408119202,0.9807919263839722,276,224
206,6866,14,0.30769962072372437,0.4119786322116852,0.10713838040828705,0.003913633059710264,295,222
206,6866,15,0.26250067353248596,0.4845895767211914,-0.13025003671646118,0.8988950848579407,252,261
206,6866,16,0.2957124710083008,0.4848804473876953,0.06867174804210663,0.012874147854745388,283,261
206,6866,17,0.25462430715560913,0.5080881714820862,-0.14491181075572968,0.8492098450660706,244,274
206,6866,18,0.29235878586769104,0.5018819570541382,0.06813739240169525,0.01718202978372574,280,271
206,6866,19,0.25199592113494873,0.5039423704147339,-0.13971199095249176,0.8423715233802795,241,272
206,6866,20,0.28825291991233826,0.5044726729393005,0.05106807127594948,0.017807794734835625,276,272
206,6866,21,0.25418350100517273,0.49668070673942566,-0.12568295001983643,0.7314280867576599,244,268
206,6866,22,0.2892652153968811,0.49724212288856506,0.05910250172019005,0.018166258931159973,277,268
206,6866,23,0.30659690499305725,0.48949092626571655,-0.07093874365091324,0.9999351501464844,294,264
206,6866,24,0.30781859159469604,0.4870348274707794,0.07091929763555527,0.9998517632484436,295,262
206,6866,25,0.30689626932144165,0.6275952458381653,-0.08567814528942108,0.93466717004776,294,338
206,6866,26,0.28550025820732117,0.6105330586433411,0.09195268899202347,0.3689475655555725,274,329
206,6866,27,0.36731305718421936,0.7171487808227539,-0.024784361943602562,0.9450073838233948,352,387
206,6866,28,0.28155407309532166,0.737858235836029,0.12419852614402771,0.7627062201499939,270,398
206,6866,29,0.38231122493743896,0.7181195020675659,-0.02099400945007801,0.7904677391052246,367,387
206,6866,30,0.28937405347824097,0.7671387791633606,0.12539322674274445,0.7303510904312134,277,414
206,6866,31,0.35714882612228394,0.7767600417137146,-0.05795315280556679,0.9315287470817566,342,419
206,6866,32,0.2451598197221756,0.7651733756065369,0.09814032167196274,0.8193177580833435,235,413
207,6900,0,0.28129661083221436,0.25164011120796204,-0.037623658776283264,0.9961512088775635,270,135
207,6900,1,0.28287190198898315,0.23984026908874512,-0.05156206339597702,0.9956390857696533,271,129
207,6900,2,0.2824966609477997,0.2396753877401352,-0.05169668421149254,0.9960440397262573,271,129
207,6900,3,0.2820419669151306,0.23947711288928986,-0.0516950860619545,0.9970759749412537,270,129
207,6900,4,0.285330206155777,0.23908038437366486,-0.03141586482524872,0.9954460263252258,273,129
207,6900,5,0.2864739000797272,0.2384747862815857,-0.03160195052623749,0.9960169196128845,275,128
207,6900,6,0.28794506192207336,0.23766764998435974,-0.03167671710252762,0.9968459606170654,276,128
207,6900,7,0.286138117313385,0.24441073834896088,-0.08375333994626999,0.9987421631813049,274,131
207,6900,8,0.29396677017211914,0.2426978200674057,0.0076019358821213245,0.9949725270271301,282,131
207,6900,9,0.2832331359386444,0.262489378452301,-0.04490138590335846,0.9964165091514587,271,141
207,6900,10,0.2849459648132324,0.26232054829597473,-0.01976066455245018,0.9942702054977417,273,141
207,6900,11,0.29458609223365784,0.3115544021129608,-0.1351824402809143,0.9999565482139587,282,168
207,6900,12,0.3099811375141144,0.3092386722564697,0.08925192803144455,0.9980095028877258,297,166
207,6900,13,0.287375271320343,0.416515588760376,-0.15449458360671997,0.9813191294670105,275,224
207,6900,14,0.31338903307914734,0.40514492988586426,0.11176303774118423,0.003965479321777821,300,218
207,6900,15,0.2625800371170044,0.4845651686191559,-0.11903036385774612,0.8989949226379395,252,261
207,6900,16,0.303440123796463,0.47466373443603516,0.07212883979082108,0.012189392931759357,291,256
207,6900,17,0.25440922379493713,0.5087912082672119,-0.13295282423496246,0.849382221698761,244,274
207,6900,18,0.3016599714756012,0.4957185983657837,0.07117774337530136,0.016611963510513306,289,267
207,6900,19,0.25102564692497253,0.504448413848877,-0.1286342293024063,0.842171847820282,240,272
207,6900,20,0.2971453070640564,0.4990461468696594,0.05472121760249138,0.01718764752149582,285,269
207,6900,21,0.25359663367271423,0.49684938788414,-0.11481466889381409,0.7320790886878967,243,268
207,6900,22,0.2978675961494446,0.4917980134487152,0.06277475506067276,0.0177236869931221,285,265
207,6900,23,0.3042006492614746,0.48809731006622314,-0.07084561139345169,0.9999382495880127,292,263
207,6900,24,0.3063544034957886,0.48504549264907837,0.07082797586917877,0.9998598098754883,294,261
207,6900,25,0.3052119314670563,0.6272664666175842,-0.08828791230916977,0.9404946565628052,293,338
207,6900,26,0.28592297434806824,0.6110599637031555,0.08716301620006561,0.4024391174316406,274,329
207,6900,27,0.3653263747692108,0.7147498726844788,-0.0316617414355278,0.9490838050842285,350,385
207,6900,28,0.28176137804985046,0.7377339601516724,0.11880373954772949,0.7793734669685364,270,398
207,6900,29,0.38060006499290466,0.7159108519554138,-0.028531182557344437,0.802251398563385,365,386
207,6900,30,0.28937169909477234,0.7669333219528198,0.11983827501535416,0.7464072704315186,277,414
207,6900,31,0.3565845787525177,0.7776297330856323,-0.06791310012340546,0.9358230233192444,342,419
207,6900,32,0.2451832890510559,0.7646086812019348,0.09071078896522522,0.8306456208229065,235,412
208,6933,0,0.2727399468421936,0.24917176365852356,-0.030102664604783058,0.9964378476142883,261,134
208,6933,1,0.27484971284866333,0.23697403073310852,-0.04467777535319328,0.9959362149238586,263,127
208,6933,2,0.27459821105003357,0.23681186139583588,-0.04480012133717537,0.9963055849075317,263,127
208,6933,3,0.27411821484565735,0.23663868010044098,-0.044800568372011185,0.997266411781311,263,127
208,6933,4,0.2776278555393219,0.23605480790138245,-0.024039648473262787,0.9957349896430969,266,127
208,6933,5,0.2791516184806824,0.23531441390514374,-0.0242194514721632,0.9962575435638428,267,127
208,6933,6,0.2804877460002899,0.2344387173652649,-0.024288058280944824,0.9970383048057556,269,126
208,6933,7,0.27887848019599915,0.24154625833034515,-0.080893374979496,0.9988208413124084,267,130
208,6933,8,0.287946879863739,0.23972532153129578,0.013117154128849506,0.9952581524848938,276,129
208,6933,9,0.27499720454216003,0.25996071100234985,-0.03858323395252228,0.9965552091598511,263,140
208,6933,10,0.2769560217857361,0.26024577021598816,-0.012756976298987865,0.9944671988487244,265,140
208,6933,11,0.2891813814640045,0.31055012345314026,-0.13364113867282867,0.9999538064002991,277,167
208,6933,12,0.30177438259124756,0.3062838017940521,0.09249935299158096,0.998022198677063,289,165
208,6933,13,0.2821423411369324,0.4172039031982422,-0.15675975382328033,0.9788761138916016,270,225
208,6933,14,0.3043862283229828,0.4054257273674011,0.11427424103021622,0.0038140476681292057,292,218
208,6933,15,0.2609322965145111,0.4870224595069885,-0.12020425498485565,0.8734084963798523,250,262
208,6933,16,0.2959807813167572,0.47672024369239807,0.07717599719762802,0.011254621669650078,284,257
208,6933,17,0.25368353724479675,0.5117763876914978,-0.13404984772205353,0.8204113245010376,243,276
208,6933,18,0.29257214069366455,0.4958612620830536,0.07677760720252991,0.01547966618090868,280,267
208,6933,19,0.2502894103527069,0.5083281993865967,-0.12936095893383026,0.8125274181365967,240,274
208,6933,20,0.28855329751968384,0.4998762905597687,0.0608256570994854,0.016022052615880966,277,269
208,6933,21,0.25239670276641846,0.50049889087677,-0.11592570692300797,0.6985108256340027,242,270
208,6933,22,0.28962650895118713,0.4926816523075104,0.0680229440331459,0.016604112461209297,278,266
208,6933,23,0.29686129093170166,0.4860662519931793,-0.07129732519388199,0.9999327063560486,284,262
208,6933,24,0.3023717701435089,0.4806331992149353,0.0712629109621048,0.9998546242713928,290,259
208,6933,25,0.28936630487442017,0.6269067525863647,-0.09983015805482864,0.9417641758918762,277,338
208,6933,26,0.2840063273906708,0.610575258731842,0.07849381864070892,0.384867399930954,272,329
208,6933,27,0.35260868072509766,0.7101651430130005,-0.036547549068927765,0.9445062279701233,338,383
208,6933,28,0.28138577938079834,0.7386658191680908,0.11695750057697296,0.7653427720069885,270,398
208,6933,29,0.3682802617549896,0.7068182229995728,-0.03241483494639397,0.7919557094573975,353,381
208,6933,30,0.2891927659511566,0.7668832540512085,0.11881732195615768,0.7366109490394592,277,414
208,6933,31,0.34894999861717224,0.7756685018539429,-0.06645889580249786,0.9302470684051514,334,418
208,6933,32,0.24339593946933746,0.7652886509895325,0.09303677082061768,0.8193275332450867,233,413
209,6966,0,0.2731775939464569,0.2489965409040451,-0.031282756477594376,0.9967576265335083,262,134
209,6966,1,0.27532726526260376,0.2365405261516571,-0.04463597759604454,0.9962953925132751,264,127
209,6966,2,0.2749692499637604,0.23629577457904816,-0.044750817120075226,0.996625542640686,263,127
209,6966,3,0.2744220793247223,0.23603829741477966,-0.044741470366716385,0.9974988102912903,263,127
209,6966,4,0.27786025404930115,0.2357785999774933,-0.02619355544447899,0.996108889579773,266,127
209,6966,5,0.2790924608707428,0.2350734919309616,-0.026380054652690887,0.9965815544128418,267,126
209,6966,6,0.2800835371017456,0.2342115044593811,-0.02644375152885914,0.9972936511039734,268,126
209,6966,7,0.2787359952926636,0.24119921028614044,-0.07575671374797821,0.9989184141159058,267,130
209,6966,8,0.28709492087364197,0.2395336925983429,0.00784626416862011,0.9956536293029785,275,129
209,6966,9,0.2756930887699127,0.259744793176651,-0.038075510412454605,0.996778666973114,264,140
209,6966,10,0.277739018201828,0.26002275943756104,-0.015167834237217903,0.9948313236236572,266,140
209,6966,11,0.2868586778640747,0.31061044335365295,-0.12253473699092865,0.9999540448188782,275,167
209,6966,12,0.30280181765556335,0.30615234375,0.08539245277643204,0.9981204867362976,290,165
209,6966,13,0.28140440583229065,0.418110191822052,-0.13525041937828064,0.9762775301933289,270,225
209,6966,14,0.3078479468822479,0.40411123633384705,0.11144480109214783,0.003639345755800605,295,218
209,6966,15,0.26014870405197144,0.48826679587364197,-0.08972582966089249,0.8459036946296692,249,263
209,6966,16,0.29985931515693665,0.46635234355926514,0.07484646141529083,0.010485437698662281,287,251
209,6966,17,0.25384652614593506,0.5137820243835449,-0.09910950809717178,0.7916529178619385,243,277
209,6966,18,0.29720887541770935,0.48837897181510925,0.07475809752941132,0.014659618958830833,285,263
209,6966,19,0.2497897893190384,0.5095746517181396,-0.09553011506795883,0.7828275561332703,239,275
209,6966,20,0.2928510904312134,0.4916701018810272,0.06036369875073433,0.015144587494432926,281,265
209,6966,21,0.25223827362060547,0.5019720792770386,-0.08558271825313568,0.6679334044456482,242,271
209,6966,22,0.293411523103714,0.4851783514022827,0.06645476073026657,0.01576220616698265,281,261
209,6966,23,0.2944539785385132,0.4863084554672241,-0.06752420961856842,0.9999358654022217,282,262
209,6966,24,0.30241161584854126,0.48101598024368286,0.06748037040233612,0.9998631477355957,290,259
209,6966,25,0.28874167799949646,0.6267490386962891,-0.08710963279008865,0.9458199143409729,277,338
209,6966,26,0.28102409839630127,0.610653281211853,0.07496991753578186,0.38561326265335083,269,329
209,6966,27,0.35177794098854065,0.7092653512954712,-0.03145268186926842,0.9463992714881897,337,383
209,6966,28,0.28068220615386963,0.7397284507751465,0.09702415764331818,0.7672979831695557,269,399
209,6966,29,0.36717039346694946,0.706179678440094,-0.02794002927839756,0.799098551273346,352,381
209,6966,30,0.28920218348503113,0.7670931816101074,0.0974888801574707,0.7382795810699463,277,414
209,6966,31,0.34647735953330994,0.7749267220497131,-0.0579223670065403,0.9318448305130005,332,418
209,6966,32,0.24360623955726624,0.7652143239974976,0.07883324474096298,0.819496214389801,233,413
210,7000,0,0.2644546926021576,0.2457537055015564,-0.036544207483530045,0.996971607208252,253,132
210,7000,1,0.2674730122089386,0.23360075056552887,-0.050895627588033676,0.9965038895606995,256,126
210,7000,2,0.2674587666988373,0.23344187438488007,-0.05102219432592392,0.9968039989471436,256,126
210,7000,3,0.2671545147895813,0.23329801857471466,-0.05101539194583893,0.9976269006729126,256,125
210,7000,4,0.2697087526321411,0.2330216020345688,-0.031185558065772057,0.9963204860687256,258,125
210,7000,5,0.27113860845565796,0.2324928492307663,-0.031367506831884384,0.9967620968818665,260,125
210,7000,6,0.27232491970062256,0.2318582683801651,-0.03143560513854027,0.9974412322044373,261,125
210,7000,7,0.2729109525680542,0.23877978324890137,-0.07876456528902054,0.9989663362503052,261,128
210,7000,8,0.28023913502693176,0.23729366064071655,0.004737994633615017,0.9958482384681702,269,128
210,7000,9,0.26713311672210693,0.2572869658470154,-0.04410075768828392,0.9968643188476562,256,138
210,7000,10,0.26866093277931213,0.2576519548892975,-0.01972918026149273,0.9949696660041809,257,139
210,7000,11,0.28228265047073364,0.30887871980667114,-0.12284467369318008,0.999947190284729,270,166
210,7000,12,0.2972509562969208,0.30543482303619385,0.08441226184368134,0.9981382489204407,285,164
210,7000,13,0.2791038453578949,0.41801318526268005,-0.1517244130373001,0.9658930897712708,267,225
210,7000,14,0.2981668710708618,0.4040294289588928,0.10860083252191544,0.0034646072890609503,286,218
210,7000,15,0.25950732827186584,0.4908108115196228,-0.09442314505577087,0.7915359735488892,249,265
210,7000,16,0.28842318058013916,0.4692818522453308,0.07111946493387222,0.00968005508184433,276,253
210,7000,17,0.2546651065349579,0.5146594047546387,-0.11231614649295807,0.7386671304702759,244,277
210,7000,18,0.2833447754383087,0.49155449867248535,0.07092007994651794,0.013697423972189426,272,265
210,7000,19,0.25101104378700256,0.5122007727622986,-0.10644999146461487,0.7301146388053894,240,276
210,7000,20,0.28171637654304504,0.49377959966659546,0.05617748945951462,0.014165308326482773,270,266
210,7000,21,0.2521989643573761,0.5040831565856934,-0.0890120193362236,0.6180841326713562,242,272
210,7000,22,0.28181275725364685,0.4877966344356537,0.062201205641031265,0.014802603051066399,270,263
210,7000,23,0.28739312291145325,0.4864058792591095,-0.07090305536985397,0.9999183416366577,275,262
210,7000,24,0.2971104085445404,0.48121383786201477,0.07082827389240265,0.9998434782028198,285,259
210,7000,25,0.2748916447162628,0.6254922151565552,-0.09207706153392792,0.939580500125885,263,337
210,7000,26,0.2784738540649414,0.6087428331375122,0.10032247751951218,0.3592439293861389,267,328
210,7000,27,0.3356633484363556,0.702703058719635,-0.029817301779985428,0.9347125887870789,322,379
210,7000,28,0.2815985083580017,0.7397404313087463,0.13922268152236938,0.7419785261154175,270,399
210,7000,29,0.3506271243095398,0.7008275389671326,-0.0261075496673584,0.7800482511520386,336,378
210,7000,30,0.29000160098075867,0.7669885754585266,0.14098697900772095,0.719272255897522,278,414
210,7000,31,0.3281030058860779,0.7656480073928833,-0.061592184007167816,0.9194033145904541,314,413
210,7000,32,0.24363522231578827,0.7651374340057373,0.11647332459688187,0.7986469268798828,233,413
211,7033,0,0.26353567838668823,0.24578510224819183,-0.037922076880931854,0.9971718788146973,252,132
211,7033,1,0.265765517950058,0.23362693190574646,-0.053393587470054626,0.9967169165611267,255,126
211,7033,2,0.2655371129512787,0.23351311683654785,-0.05350814014673233,0.9969965219497681,254,126
211,7033,3,0.26509684324264526,0.2333952784538269,-0.05351172387599945,0.99776691198349,254,126
211,7033,4,0.268522173166275,0.23288382589817047,-0.032645996659994125,0.9965182542800903,257,125
211,7033,5,0.2700389325618744,0.23230905830860138,-0.032814547419548035,0.9969272613525391,259,125
211,7033,6,0.271331787109375,0.2316301017999649,-0.03287268802523613,0.9975669980049133,260,125
211,7033,7,0.2702675461769104,0.23883506655693054,-0.08893932402133942,0.999030590057373,259,128
211,7033,8,0.2788692116737366,0.23663410544395447,0.002196449786424637,0.9960392117500305,267,127
211,7033,9,0.26624271273612976,0.2572910189628601,-0.04717208072543144,0.9970040321350098,255,138
211,7033,10,0.26800569891929626,0.25754398107528687,-0.021372774615883827,0.9951564073562622,257,139
211,7033,11,0.2813357710838318,0.30769458413124084,-0.13674631714820862,0.9999480247497559,270,166
211,7033,12,0.29565325379371643,0.3052544593811035,0.0841781422495842,0.9981690645217896,283,164
211,7033,13,0.2777045965194702,0.4171600639820099,-0.1653730422258377,0.9663957357406616,266,225
211,7033,14,0.2956870496273041,0.4039023816585541,0.10612598061561584,0.0033070712815970182,283,218
211,7033,15,0.25905898213386536,0.4908329248428345,-0.12144982069730759,0.7845834493637085,248,265
211,7033,16,0.28671249747276306,0.4706466495990753,0.06857673078775406,0.008971177972853184,275,254
211,7033,17,0.2549208402633667,0.5151827335357666,-0.13637080788612366,0.7273364663124084,244,278
211,7033,18,0.2832425832748413,0.4931229054927826,0.06904996931552887,0.012833086773753166,271,266
211,7033,19,0.25132134556770325,0.5136152505874634,-0.1316944658756256,0.717968225479126,241,277
211,7033,20,0.27937325835227966,0.4946061968803406,0.054093364626169205,0.013264833949506283,268,267
211,7033,21,0.252468079328537,0.5050020217895508,-0.11705520004034042,0.6022284626960754,242,272
211,7033,22,0.28019285202026367,0.48866555094718933,0.05959437042474747,0.013926954939961433,268,263
211,7033,23,0.2869302034378052,0.4854899048805237,-0.07119163870811462,0.9999207854270935,275,262
211,7033,24,0.2936892807483673,0.4806794226169586,0.07112416625022888,0.9998488426208496,281,259
211,7033,25,0.2746759355068207,0.6240580081939697,-0.08688332885503769,0.9423016905784607,263,336
211,7033,26,0.27509942650794983,0.6081860065460205,0.100100077688694,0.3493940532207489,264,328
211,7033,27,0.3343619108200073,0.701183557510376,-0.020167700946331024,0.9355565309524536,320,378
211,7033,28,0.27932220697402954,0.7398945689201355,0.1376427561044693,0.7400312423706055,268,399
211,7033,29,0.35007721185684204,0.6996074318885803,-0.014040137641131878,0.78253573179245,336,377
211,7033,30,0.289517343044281,0.7666792869567871,0.1392679512500763,0.718755841255188,277,414
211,7033,31,0.32773664593696594,0.764319896697998,-0.04186445102095604,0.9195274114608765,314,412
211,7033,32,0.24400292336940765,0.7655289769172668,0.11285578459501266,0.7964937090873718,234,413
212,7066,0,0.2570537328720093,0.24493408203125,-0.03856753557920456,0.9974221587181091,246,132
212,7066,1,0.2594841420650482,0.2329569011926651,-0.05468609184026718,0.9970024228096008,249,125
212,7066,2,0.259355753660202,0.23290959000587463,-0.05480620637536049,0.9972572326660156,248,125
212,7066,3,0.2589576542377472,0.23286724090576172,-0.054808638989925385,0.9979592561721802,248,125
212,7066,4,0.26211273670196533,0.2322131246328354,-0.03338216617703438,0.9968093633651733,251,125
212,7066,5,0.2637135088443756,0.2316877692937851,-0.03355639800429344,0.9971820116043091,253,125
212,7066,6,0.26508986949920654,0.23108293116092682,-0.03361564502120018,0.9977656602859497,254,124
212,7066,7,0.26434871554374695,0.2382148802280426,-0.09341725707054138,0.9991158246994019,253,128
212,7066,8,0.2735818028450012,0.23613768815994263,0.0009250877774320543,0.9963586926460266,262,127
212,7066,9,0.2594667673110962,0.25642430782318115,-0.04856669902801514,0.9972293376922607,249,138
212,7066,10,0.26159143447875977,0.2567348778247833,-0.022051198408007622,0.9954880475997925,251,138
212,7066,11,0.27513256669044495,0.30710187554359436,-0.1438927799463272,0.9999500513076782,264,165
212,7066,12,0.2942824959754944,0.30526697635650635,0.08230112493038177,0.9982702732086182,282,164
212,7066,13,0.2756918966770172,0.41747230291366577,-0.1703541874885559,0.9668488502502441,264,225
212,7066,14,0.29648011922836304,0.4044966995716095,0.10532999038696289,0.0032194640953093767,284,218
212,7066,15,0.2557028532028198,0.49384182691574097,-0.1234951913356781,0.7740546464920044,245,266
212,7066,16,0.2856840491294861,0.474258154630661,0.07116307318210602,0.008469210006296635,274,256
212,7066,17,0.2508128881454468,0.5179350972175598,-0.13704922795295715,0.7144263386726379,240,279
212,7066,18,0.28397247195243835,0.49488207697868347,0.07236766815185547,0.01237900834530592,272,267
212,7066,19,0.24848102033138275,0.5160837173461914,-0.1315988302230835,0.7045502066612244,238,278
212,7066,20,0.2796221971511841,0.4960378110408783,0.05754423514008522,0.012777631171047688,268,267
212,7066,21,0.249515101313591,0.5087301731109619,-0.11894369125366211,0.5874528884887695,239,274
212,7066,22,0.28028878569602966,0.4900631904602051,0.06254858523607254,0.013516898266971111,269,264
212,7066,23,0.2800910174846649,0.48779064416885376,-0.07190737873315811,0.9999244809150696,268,263
212,7066,24,0.2916635274887085,0.4850044548511505,0.07184242457151413,0.9998570680618286,279,261
212,7066,25,0.25666889548301697,0.6223239302635193,-0.0847720354795456,0.9460434913635254,246,336
212,7066,26,0.2750570476055145,0.6063888669013977,0.10907706618309021,0.3498450517654419,264,327
212,7066,27,0.3174263536930084,0.6992157101631165,-0.009826389141380787,0.938466489315033,304,377
212,7066,28,0.2798694372177124,0.7391557097434998,0.14976651966571808,0.7456172108650208,268,399
212,7066,29,0.3324294686317444,0.6947030425071716,-0.002650210401043296,0.7942183017730713,319,375
212,7066,30,0.28981539607048035,0.7652133703231812,0.15211009979248047,0.7263432145118713,278,413
212,7066,31,0.31177645921707153,0.761473536491394,-0.01781606301665306,0.9230548143386841,299,411
212,7066,32,0.24398453533649445,0.7664807438850403,0.13787826895713806,0.800967276096344,234,413
213,7100,0,0.254052072763443,0.24360865354537964,-0.04166490212082863,0.9976378679275513,243,131
213,7100,1,0.2573086619377136,0.23127122223377228,-0.05818447098135948,0.9972421526908875,247,124
213,7100,2,0.2575805187225342,0.23115508258342743,-0.058299098163843155,0.9974732995033264,247,124
213,7100,3,0.25758546590805054,0.231014683842659,-0.0582953542470932,0.9981176853179932,247,124
213,7100,4,0.2591381072998047,0.2306818664073944,-0.03479405492544174,0.9970490336418152,248,124
213,7100,5,0.2605828046798706,0.23016218841075897,-0.03496653959155083,0.9973889589309692,250,124
213,7100,6,0.2620493173599243,0.22945033013820648,-0.03501695394515991,0.9979274868965149,251,123
213,7100,7,0.26425546407699585,0.23639489710330963,-0.09987588971853256,0.9991822242736816,253,127
213,7100,8,0.2704526484012604,0.23435108363628387,0.00011300943151582032,0.9965896010398865,259,126
213,7100,9,0.2572385370731354,0.2550828158855438,-0.052530739456415176,0.9973777532577515,246,137
213,7100,10,0.25869616866111755,0.25546959042549133,-0.02332392707467079,0.9956854581832886,248,137
213,7100,11,0.27515077590942383,0.3064901828765869,-0.1488107293844223,0.9999502897262573,264,165
213,7100,12,0.29092222452163696,0.30479317903518677,0.08155765384435654,0.9983315467834473,279,164
213,7100,13,0.2758367359638214,0.4165315628051758,-0.17745810747146606,0.964377760887146,264,224
213,7100,14,0.29304561018943787,0.4047357738018036,0.10502143949270248,0.003060841467231512,281,218
213,7100,15,0.25677645206451416,0.49386608600616455,-0.13509182631969452,0.7442012429237366,246,266
213,7100,16,0.2828610837459564,0.4765557050704956,0.06987860053777695,0.007851965725421906,271,257
213,7100,17,0.25215640664100647,0.5180507302284241,-0.14805525541305542,0.6828663945198059,242,279
213,7100,18,0.27987363934516907,0.4956999719142914,0.07169508188962936,0.011613585986196995,268,267
213,7100,19,0.24955147504806519,0.5168010592460632,-0.14225652813911438,0.6722233891487122,239,279
213,7100,20,0.27609220147132874,0.49630996584892273,0.05661093443632126,0.011973791755735874,265,268
213,7100,21,0.2508154809474945,0.5090174674987793,-0.13030894100666046,0.5555088520050049,240,274
213,7100,22,0.2767491340637207,0.49053266644477844,0.061499856412410736,0.01271912083029747,265,264
213,7100,23,0.2763441801071167,0.4886603355407715,-0.07273422926664352,0.9999271035194397,265,263
213,7100,24,0.28920719027519226,0.4866653382778168,0.07265869528055191,0.9998629689216614,277,262
213,7100,25,0.25458893179893494,0.6198732256889343,-0.08707964420318604,0.9475786685943604,244,334
213,7100,26,0.27421408891677856,0.6054307222366333,0.12321880459785461,0.33433690667152405,263,326
213,7100,27,0.31537744402885437,0.698561429977417,-0.0171609278768301,0.939206063747406,302,377
213,7100,28,0.2791723608970642,0.7369030117988586,0.16917628049850464,0.7381352186203003,268,397
213,7100,29,0.33064427971839905,0.6949111223220825,-0.011241097934544086,0.7998156547546387,317,375
213,7100,30,0.2878130078315735,0.7626261115074158,0.1717655062675476,0.7226961851119995,276,411
213,7100,31,0.31216365098953247,0.7624142169952393,-0.029796091839671135,0.9237335920333862,299,411
213,7100,32,0.24370448291301727,0.766295850276947,0.15466022491455078,0.7943671345710754,233,413
214,7133,0,0.2492305338382721,0.24363714456558228,-0.04212755709886551,0.9976014494895935,239,131
214,7133,1,0.25202351808547974,0.23111483454704285,-0.057942941784858704,0.9971649050712585,241,124
214,7133,2,0.2521699368953705,0.23092548549175262,-0.05805867537856102,0.9973716139793396,242,124
214,7133,3,0.2520846426486969,0.23072905838489532,-0.05806225538253784,0.9980459213256836,242,124
214,7133,4,0.2539336383342743,0.2305096834897995,-0.035460371524095535,0.9968801736831665,243,124
214,7133,5,0.2555510401725769,0.22985360026359558,-0.03562850132584572,0.997201144695282,245,124
214,7133,6,0.25690966844558716,0.229028582572937,-0.035675209015607834,0.9977876543998718,246,123
214,7133,7,0.2586979269981384,0.2353963553905487,-0.09725458920001984,0.9991565942764282,248,127
214,7133,8,0.2657513916492462,0.2332470715045929,-0.004640772007405758,0.9964045882225037,255,125
214,7133,9,0.2521628439426422,0.2546471953392029,-0.05252121761441231,0.9970687627792358,242,137
214,7133,10,0.25345584750175476,0.2549656331539154,-0.024425411596894264,0.9950140118598938,243,137
214,7133,11,0.2693015933036804,0.3044460117816925,-0.13518305122852325,0.999945878982544,258,164
214,7133,12,0.2871827781200409,0.3039696216583252,0.06069193780422211,0.9982777833938599,275,164
214,7133,13,0.2727479338645935,0.41652730107307434,-0.16002292931079865,0.9563643932342529,261,224
214,7133,14,0.2865738570690155,0.40956515073776245,0.07584062963724136,0.0028937573079019785,275,221
214,7133,15,0.2541567385196686,0.5021429657936096,-0.12797515094280243,0.7110108137130737,243,271
214,7133,16,0.27531203627586365,0.48509588837623596,0.05201862379908562,0.007261558901518583,264,261
214,7133,17,0.24995557963848114,0.5248769521713257,-0.1383322775363922,0.6496497988700867,239,283
214,7133,18,0.27120205760002136,0.5070109963417053,0.05313185229897499,0.010811827145516872,260,273
214,7133,19,0.24800178408622742,0.5283896327018738,-0.13468000292778015,0.6384099125862122,238,285
214,7133,20,0.2676761746406555,0.5085102915763855,0.039922844618558884,0.01113214809447527,256,274
214,7133,21,0.24898235499858856,0.5225875377655029,-0.12441445142030716,0.5238758325576782,239,282
214,7133,22,0.26781323552131653,0.5024939179420471,0.04465298727154732,0.0118594691157341,257,271
214,7133,23,0.2704712152481079,0.4860469102859497,-0.06335031241178513,0.9999295473098755,259,262
214,7133,24,0.28526464104652405,0.4858805239200592,0.06327785551548004,0.9998679757118225,273,262
214,7133,25,0.24342241883277893,0.6188977360725403,-0.07480736076831818,0.9421343803405762,233,334
214,7133,26,0.2720071077346802,0.604918360710144,0.08901270478963852,0.3138529360294342,261,326
214,7133,27,0.29662078619003296,0.7004520297050476,-0.01562053058296442,0.9319760799407959,284,378
214,7133,28,0.2793097496032715,0.7346079349517822,0.12122727930545807,0.7050215601921082,268,396
214,7133,29,0.3113790452480316,0.6988149285316467,-0.010316992178559303,0.7925998568534851,298,377
214,7133,30,0.2878134846687317,0.7587264180183411,0.12308473885059357,0.6948396563529968,276,409
214,7133,31,0.2876191735267639,0.7589488625526428,-0.027228139340877533,0.9148879051208496,276,409
214,7133,32,0.2479996532201767,0.7625522613525391,0.11552093923091888,0.7636234760284424,238,411
215,7166,0,0.24902896583080292,0.24360772967338562,-0.049811311066150665,0.9977728724479675,239,131
215,7166,1,0.2514820992946625,0.23119382560253143,-0.06496627628803253,0.9973568916320801,241,124
215,7166,2,0.25127121806144714,0.23101404309272766,-0.0650850385427475,0.9975433945655823,241,124
215,7166,3,0.25080689787864685,0.23082850873470306,-0.06509269028902054,0.998171329498291,240,124
215,7166,4,0.2540360987186432,0.2305394560098648,-0.04484931379556656,0.9970772862434387,243,124
215,7166,5,0.25548115372657776,0.22988112270832062,-0.04502672702074051,0.9973718523979187,245,124
215,7166,6,0.25729528069496155,0.2290026694536209,-0.04509119316935539,0.9979209899902344,247,123
215,7166,7,0.25630566477775574,0.2354540079832077,-0.10474513471126556,0.9992119073867798,246,127
215,7166,8,0.2652570307254791,0.23320692777633667,-0.016463439911603928,0.9966216087341309,254,125
215,7166,9,0.251752644777298,0.25443607568740845,-0.05987655743956566,0.9972096681594849,241,137
215,7166,10,0.25369909405708313,0.2547109127044678,-0.034843046218156815,0.9952231645584106,243,137
215,7166,11,0.26844003796577454,0.30451685190200806,-0.14267727732658386,0.9999461770057678,257,164
215,7166,12,0.28602319955825806,0.30400753021240234,0.05474337562918663,0.9983494877815247,274,164
215,7166,13,0.26788362860679626,0.42014339566230774,-0.16107429563999176,0.9525465965270996,257,226
215,7166,14,0.28452441096305847,0.4115544557571411,0.07131502777338028,0.0027771543245762587,273,222
215,7166,15,0.25161951780319214,0.5110375285148621,-0.12582017481327057,0.6885422468185425,241,275
215,7166,16,0.2726081311702728,0.492738276720047,0.045936524868011475,0.0067986068315804005,261,266
215,7166,17,0.24840788543224335,0.5350684523582458,-0.13608694076538086,0.6264281272888184,238,288
215,7166,18,0.2688996195793152,0.5146211385726929,0.04659795016050339,0.010245447978377342,258,277
215,7166,19,0.24763350188732147,0.5375168919563293,-0.13268499076366425,0.6146007180213928,237,290
215,7166,20,0.26547524333000183,0.5163947939872742,0.032828379422426224,0.010528014041483402,254,278
215,7166,21,0.24847058951854706,0.5325859189033508,-0.12224389612674713,0.5009593963623047,238,287
215,7166,22,0.26631689071655273,0.5102258920669556,0.03820860758423805,0.011259416118264198,255,275
215,7166,23,0.26941484212875366,0.48708540201187134,-0.06416232883930206,0.9999324083328247,258,263
215,7166,24,0.28501251339912415,0.48700645565986633,0.06409715116024017,0.9998748898506165,273,262
215,7166,25,0.24306043982505798,0.6187282204627991,-0.06366707384586334,0.9417380690574646,233,334
215,7166,26,0.27179113030433655,0.6051859259605408,0.09311410784721375,0.3049519658088684,260,326
215,7166,27,0.29533281922340393,0.7006419897079468,0.019357135519385338,0.92800372838974,283,378
215,7166,28,0.2796154320240021,0.734539806842804,0.13155968487262726,0.6942245960235596,268,396
215,7166,29,0.3095787763595581,0.6989214420318604,0.026541123166680336,0.7925127148628235,297,377
215,7166,30,0.2881523072719574,0.7595536112785339,0.13471798598766327,0.6887421011924744,276,410
215,7166,31,0.2855919599533081,0.7535036206245422,0.016789225861430168,0.9096007347106934,274,406
215,7166,32,0.2495279759168625,0.7613363862037659,0.1307540088891983,0.7519993782043457,239,411
216,7200,0,0.24296556413173676,0.24356313049793243,-0.04941492900252342,0.9978054165840149,233,131
216,7200,1,0.24529069662094116,0.23113656044006348,-0.06465364992618561,0.9973639249801636,235,124
216,7200,2,0.24553538858890533,0.23092123866081238,-0.06476617604494095,0.9975457787513733,235,124
216,7200,3,0.24543526768684387,0.23072856664657593,-0.06478184461593628,0.9981615543365479,235,124
216,7200,4,0.24695484340190887,0.23053696751594543,-0.044320058077573776,0.9970433115959167,237,124
216,7200,5,0.24845275282859802,0.22986507415771484,-0.04449787363409996,0.997334897518158,238,124
216,7200,6,0.24970895051956177,0.22900055348873138,-0.04456338658928871,0.9978805780410767,239,123
216,7200,7,0.2518235146999359,0.23509320616722107,-0.1004905179142952,0.999218225479126,241,126
216,7200,8,0.2584002614021301,0.23277078568935394,-0.013975712470710278,0.9965877532958984,248,125
216,7200,9,0.24596045911312103,0.2543027997016907,-0.05924900621175766,0.9970093965530396,236,137
216,7200,10,0.24714449048042297,0.25465503334999084,-0.03400261327624321,0.994740903377533,237,137
216,7200,11,0.2625795304775238,0.3029674291610718,-0.13666988909244537,0.9999382495880127,252,163
216,7200,12,0.27870693802833557,0.30264827609062195,0.058007728308439255,0.9981722831726074,267,163
216,7200,13,0.2643813490867615,0.4129461348056793,-0.16060760617256165,0.9454306960105896,253,222
216,7200,14,0.2775045931339264,0.4103274345397949,0.07400614768266678,0.0026005024556070566,266,221
216,7200,15,0.24948160350322723,0.50595623254776,-0.12657810747623444,0.6581526398658752,239,273
216,7200,16,0.26644718647003174,0.49208396673202515,0.047695476561784744,0.006240392569452524,255,265
216,7200,17,0.24662958085536957,0.5348770618438721,-0.13650216162204742,0.5983254909515381,236,288
216,7200,18,0.2611881494522095,0.5130944848060608,0.04838883504271507,0.009488310664892197,250,277
216,7200,19,0.24466219544410706,0.5330163240432739,-0.13291649520397186,0.5867276191711426,234,287
216,7200,20,0.25842899084091187,0.5149861574172974,0.034742653369903564,0.009745954535901546,248,278
216,7200,21,0.2453363686800003,0.5320789813995361,-0.12338752299547195,0.4756663143634796,235,287
216,7200,22,0.26007816195487976,0.5086817741394043,0.04009324312210083,0.010453084483742714,249,274
216,7200,23,0.2636987864971161,0.49150165915489197,-0.06269524991512299,0.999925971031189,253,265
216,7200,24,0.2771165072917938,0.4896300733089447,0.06262918561697006,0.9998636841773987,266,264
216,7200,25,0.2290768027305603,0.6168702840805054,-0.06628996133804321,0.9364001154899597,219,333
216,7200,26,0.26717135310173035,0.6011135578155518,0.09980927407741547,0.28671950101852417,256,324
216,7200,27,0.2812267541885376,0.7009602189064026,0.009016876108944416,0.9167145490646362,269,378
216,7200,28,0.27877411246299744,0.7189158797264099,0.13351048529148102,0.6635056138038635,267,388
216,7200,29,0.29526177048683167,0.7013311386108398,0.015128806233406067,0.7870563864707947,283,378
216,7200,30,0.2883588373661041,0.7392529845237732,0.13660134375095367,0.6674188375473022,276,399
216,7200,31,0.2597673833370209,0.7487956285476685,0.0023278482258319855,0.8981305956840515,249,404
216,7200,32,0.25044646859169006,0.757021963596344,0.13278456032276154,0.7227891087532043,240,408
217,7233,0,0.24097201228141785,0.2436075508594513,-0.05079956725239754,0.9979466199874878,231,131
217,7233,1,0.24359771609306335,0.2312067747116089,-0.06521052867174149,0.9975137114524841,233,124
217,7233,2,0.24399890005588531,0.23099422454833984,-0.06532181054353714,0.9976809620857239,234,124
217,7233,3,0.24417132139205933,0.23080283403396606,-0.06532905250787735,0.9982531666755676,234,124
217,7233,4,0.24489036202430725,0.2305988222360611,-0.04518558830022812,0.997209370136261,235,124
217,7233,5,0.246141254901886,0.22992943227291107,-0.045364800840616226,0.9974812865257263,236,124
217,7233,6,0.24714666604995728,0.2290688306093216,-0.04543742910027504,0.9979952573776245,237,123
217,7233,7,0.2512563169002533,0.2351432591676712,-0.10023313015699387,0.9992513060569763,241,126
217,7233,8,0.2559877932071686,0.23271869122982025,-0.012964594177901745,0.9967594146728516,245,125
217,7233,9,0.24512222409248352,0.2543553113937378,-0.059189073741436005,0.9970359802246094,235,137
217,7233,10,0.24587289988994598,0.2546623647212982,-0.03425170108675957,0.9947643876075745,236,137
217,7233,11,0.26219502091407776,0.30172261595726013,-0.1379041224718094,0.9999332427978516,251,162
217,7233,12,0.2766905426979065,0.3015665113925934,0.0609084852039814,0.9980910420417786,265,162
217,7233,13,0.2645387351512909,0.41048407554626465,-0.16268964111804962,0.9413068294525146,253,221
217,7233,14,0.2754973769187927,0.40937164425849915,0.07747992128133774,0.002470512641593814,264,221
217,7233,15,0.2496040016412735,0.5038740038871765,-0.13384565711021423,0.6343682408332825,239,272
217,7233,16,0.2636258006095886,0.49129801988601685,0.04681757837533951,0.005789649207144976,253,265
217,7233,17,0.2461516559123993,0.5335483551025391,-0.1445329636335373,0.5759939551353455,236,288
217,7233,18,0.25905388593673706,0.5123952627182007,0.0466916449368,0.008895699866116047,248,276
217,7233,19,0.24387581646442413,0.5303604006767273,-0.14152032136917114,0.56449294090271,234,286
217,7233,20,0.25539907813072205,0.5141550302505493,0.03333669155836105,0.00912864413112402,245,277
217,7233,21,0.24492473900318146,0.5288614630699158,-0.13068906962871552,0.4552142024040222,235,285
217,7233,22,0.2573530972003937,0.5084840059280396,0.039142899215221405,0.009824777953326702,247,274
217,7233,23,0.26356902718544006,0.492708683013916,-0.06342481076717377,0.9999170899391174,253,266
217,7233,24,0.275235652923584,0.49083393812179565,0.06336382776498795,0.9998487830162048,264,265
217,7233,25,0.2256222665309906,0.6150615811347961,-0.06792441010475159,0.9322488307952881,216,332
217,7233,26,0.25892144441604614,0.5996553897857666,0.10749591141939163,0.2687045633792877,248,323
217,7233,27,0.2805159389972687,0.7014838457107544,0.007521035615354776,0.9078434109687805,269,378
217,7233,28,0.2789667546749115,0.7134156823158264,0.14947238564491272,0.628596305847168,267,385
217,7233,29,0.2957988679409027,0.707758903503418,0.012652486562728882,0.7831665873527527,283,382
217,7233,30,0.28842422366142273,0.7359836101531982,0.15260595083236694,0.6441290974617004,276,397
217,7233,31,0.25594592094421387,0.7507472038269043,-0.009723992086946964,0.8898286819458008,245,405
217,7233,32,0.25064903497695923,0.7565674781799316,0.14694949984550476,0.6903104186058044,240,408
218,7266,0,0.23602965474128723,0.2436513602733612,-0.04382546618580818,0.9978611469268799,226,131
218,7266,1,0.23873524367809296,0.23124758899211884,-0.05812472477555275,0.9973825216293335,229,124
218,7266,2,0.2391500622034073,0.23102617263793945,-0.05823557451367378,0.9975513219833374,229,124
218,7266,3,0.23930804431438446,0.23082472383975983,-0.05825042724609375,0.9981579780578613,229,124
218,7266,4,0.23981823027133942,0.23063911497592926,-0.039940860122442245,0.9969963431358337,230,124
218,7266,5,0.24097256362438202,0.22996382415294647,-0.0401281863451004,0.9972731471061707,231,124
218,7266,6,0.24213378131389618,0.22909320890903473,-0.040201690047979355,0.9978094100952148,232,123
218,7266,7,0.2459999918937683,0.2346852421760559,-0.09375599026679993,0.9992290139198303,236,126
218,7266,8,0.2511323392391205,0.2324649840593338,-0.012613152153789997,0.9964852333068848,241,125
218,7266,9,0.23965975642204285,0.25438806414604187,-0.052129115909338,0.9967172741889954,230,137
218,7266,10,0.24038992822170258,0.25466781854629517,-0.02963552251458168,0.9939829111099243,230,137
218,7266,11,0.25757190585136414,0.3011864125728607,-0.1256195604801178,0.9999321103096008,247,162
218,7266,12,0.2726146876811981,0.3009940981864929,0.056735195219516754,0.9979190230369568,261,162
218,7266,13,0.26380226016044617,0.40802091360092163,-0.1464925855398178,0.939251184463501,253,220
218,7266,14,0.2777249217033386,0.41154542565345764,0.06612037122249603,0.002313685603439808,266,222
218,7266,15,0.24831166863441467,0.5029085874557495,-0.11697279661893845,0.6230469942092896,238,271
218,7266,16,0.26451531052589417,0.48714420199394226,0.036070507019758224,0.0053451210260391235,253,263
218,7266,17,0.24515679478645325,0.5329998731613159,-0.12592342495918274,0.5636926293373108,235,287
218,7266,18,0.26057010889053345,0.5087355375289917,0.03527545556426048,0.008298675529658794,250,274
218,7266,19,0.2425483912229538,0.5290964245796204,-0.12373031675815582,0.5516337752342224,232,285
218,7266,20,0.2570703327655792,0.5086186528205872,0.023111242800951004,0.008502327837049961,246,274
218,7266,21,0.24339790642261505,0.5279333591461182,-0.11403883248567581,0.44289064407348633,233,285
218,7266,22,0.25826773047447205,0.5041206479072571,0.02893000654876232,0.00916059035807848,247,272
218,7266,23,0.2569868564605713,0.4931459128856659,-0.05755680799484253,0.9999191761016846,246,266
218,7266,24,0.27357152104377747,0.4911993443965912,0.0575011782348156,0.9998496174812317,262,265
218,7266,25,0.21830762922763824,0.6101340651512146,-0.05934058129787445,0.9315879940986633,209,329
218,7266,26,0.2639085054397583,0.6014403700828552,0.09415877610445023,0.2546115815639496,253,324
218,7266,27,0.2666715383529663,0.7069512009620667,0.004082776606082916,0.9084311127662659,256,381
218,7266,28,0.27906283736228943,0.7194257378578186,0.11656320840120316,0.610663652420044,267,388
218,7266,29,0.27813705801963806,0.7182334661483765,0.010351710952818394,0.7897599339485168,267,387
218,7266,30,0.2876715362071991,0.7368730306625366,0.11719239503145218,0.6287527680397034,276,397
218,7266,31,0.24537411332130432,0.7573102712631226,-0.013839670456945896,0.8904362916946411,235,408
218,7266,32,0.2519807517528534,0.7567507028579712,0.1064692810177803,0.6741090416908264,241,408
219,7300,0,0.2345910519361496,0.24367721378803253,-0.039624620229005814,0.9977378249168396,225,131
219,7300,1,0.23689183592796326,0.23126132786273956,-0.05317346006631851,0.9971640110015869,227,124
219,7300,2,0.23716473579406738,0.23105616867542267,-0.0532815121114254,0.9973223209381104,227,124
219,7300,3,0.23718829452991486,0.230855330824852,-0.053298067301511765,0.9979680180549622,227,124
219,7300,4,0.23864997923374176,0.23066113889217377,-0.03673297539353371,0.9967513680458069,229,124
219,7300,5,0.2401028424501419,0.2299758344888687,-0.036934491246938705,0.9970604777336121,230,124
219,7300,6,0.24137669801712036,0.2291201949119568,-0.037014201283454895,0.997643768787384,231,123
219,7300,7,0.24403434991836548,0.2347285896539688,-0.08517538756132126,0.9991466403007507,234,126
219,7300,8,0.25068753957748413,0.23251202702522278,-0.012284470722079277,0.9961596131324768,240,125
219,7300,9,0.238446444272995,0.25441640615463257,-0.04669415205717087,0.9961162805557251,228,137
219,7300,10,0.23973475396633148,0.25469067692756653,-0.026532316580414772,0.9928898811340332,230,137
219,7300,11,0.25611814856529236,0.30036598443984985,-0.11300098150968552,0.9999303817749023,245,162
219,7300,12,0.2711131274700165,0.30057936906814575,0.05095740407705307,0.9979021549224854,260,162
219,7300,13,0.2628224194049835,0.4065227806568146,-0.13485701382160187,0.9278600811958313,252,219
219,7300,14,0.2746565639972687,0.41142144799232483,0.05838997662067413,0.0021717536728829145,263,222
219,7300,15,0.2484731376171112,0.49418672919273376,-0.10874206572771072,0.5855298042297363,238,266
219,7300,16,0.26222431659698486,0.47915056347846985,0.027486639097332954,0.004944588057696819,251,258
219,7300,17,0.24529008567333221,0.5204987525939941,-0.11684436351060867,0.5299460291862488,235,281
219,7300,18,0.259983628988266,0.5022038221359253,0.02625466324388981,0.007751840632408857,249,271
219,7300,19,0.24262037873268127,0.5206369757652283,-0.11496640741825104,0.5182638168334961,232,281
219,7300,20,0.2544580101966858,0.5039318799972534,0.014146531000733376,0.007933023385703564,244,272
219,7300,21,0.24362023174762726,0.516955554485321,-0.10605860501527786,0.4149042069911957,233,279
219,7300,22,0.2561347186565399,0.49763235449790955,0.020414123311638832,0.008538909256458282,245,268
219,7300,23,0.25551289319992065,0.4940747320652008,-0.05052776634693146,0.9999213814735413,245,266
219,7300,24,0.2722242474555969,0.4918859899044037,0.05048137530684471,0.9998544454574585,261,265
219,7300,25,0.21802112460136414,0.607955276966095,-0.057376570999622345,0.9189372062683105,209,328
219,7300,26,0.2654443085193634,0.6015388369560242,0.07121329754590988,0.23567943274974823,254,324
219,7300,27,0.2635084092617035,0.7065842151641846,-0.02177656628191471,0.8946499228477478,252,381
219,7300,28,0.2758707106113434,0.7228530049324036,0.06165719032287598,0.5735071301460266,264,390
219,7300,29,0.2766590714454651,0.7175567746162415,-0.020029794424772263,0.7842975854873657,265,387
219,7300,30,0.28579244017601013,0.7430557012557983,0.0589437410235405,0.5935555100440979,274,401
219,7300,31,0.24818021059036255,0.7596088647842407,-0.032719291746616364,0.8786054253578186,238,410
219,7300,32,0.25178262591362,0.760613203048706,0.042863428592681885,0.6381196975708008,241,410
220,7333,0,0.23060712218284607,0.2436348795890808,-0.03785482421517372,0.9979240298271179,221,131
220,7333,1,0.233091339468956,0.23128631711006165,-0.052404437214136124,0.9974002242088318,223,124
220,7333,2,0.2332281470298767,0.23103706538677216,-0.052511297166347504,0.9975476264953613,223,124
220,7333,3,0.2331026941537857,0.2308177500963211,-0.05250062420964241,0.9981337785720825,223,124
220,7333,4,0.2350139617919922,0.2306780219078064,-0.03548435866832733,0.9970237612724304,225,124
220,7333,5,0.23662643134593964,0.2299770563840866,-0.03568001836538315,0.9973111152648926,227,124
220,7333,6,0.23799146711826324,0.22911329567432404,-0.03575970232486725,0.9978370070457458,228,123
220,7333,7,0.23906101286411285,0.23472368717193604,-0.08767743408679962,0.999219536781311,229,126
220,7333,8,0.24636754393577576,0.23246747255325317,-0.011911654844880104,0.9964901804924011,236,125
220,7333,9,0.23347711563110352,0.2544165551662445,-0.04597263038158417,0.9964280128479004,224,137
220,7333,10,0.23481371998786926,0.2546745240688324,-0.025275064632296562,0.9934576153755188,225,137
220,7333,11,0.25080567598342896,0.30094897747039795,-0.1214832216501236,0.9999344944953918,240,162
220,7333,12,0.26831886172294617,0.3006760776042938,0.04854285717010498,0.9979689121246338,257,162
220,7333,13,0.25770121812820435,0.4070662260055542,-0.1406562328338623,0.9341339468955994,247,219
220,7333,14,0.27835413813591003,0.4140320420265198,0.05580670014023781,0.004190059844404459,267,223
220,7333,15,0.24438974261283875,0.497207373380661,-0.11232531070709229,0.610877275466919,234,268
220,7333,16,0.26277223229408264,0.48335304856300354,0.0306317787617445,0.004620121791958809,252,261
220,7333,17,0.24162498116493225,0.5241690278053284,-0.12113989144563675,0.5533710718154907,231,283
220,7333,18,0.2589961588382721,0.5045367479324341,0.0297528225928545,0.007219184655696154,248,272
220,7333,19,0.23711518943309784,0.5240947604179382,-0.11961354315280914,0.5413668751716614,227,283
220,7333,20,0.254541277885437,0.5044936537742615,0.018081944435834885,0.007368180435150862,244,272
220,7333,21,0.2385619580745697,0.5184826850891113,-0.10951821506023407,0.4376062750816345,229,279
220,7333,22,0.25605830550193787,0.49794629216194153,0.023894142359495163,0.007945871911942959,245,268
220,7333,23,0.24843983352184296,0.4967407286167145,-0.05340646207332611,0.9999246597290039,238,268
220,7333,24,0.26855719089508057,0.4927613437175751,0.053367991000413895,0.999855637550354,257,266
220,7333,25,0.21169917285442352,0.6054388880729675,-0.03322659805417061,0.9257813096046448,203,326
220,7333,26,0.2653871476650238,0.6029927134513855,0.08936002105474472,0.2517116963863373,254,325
220,7333,27,0.2519533038139343,0.7264496088027954,0.015327137894928455,0.9041645526885986,241,392
220,7333,28,0.275274395942688,0.7288744449615479,0.10490167886018753,0.5921385288238525,264,393
220,7333,29,0.26401790976524353,0.7433432340621948,0.018086636438965797,0.8035187721252441,253,401
220,7333,30,0.28316470980644226,0.7489219307899475,0.10400216281414032,0.6147857308387756,271,404
220,7333,31,0.22325918078422546,0.764890730381012,-0.005869181361049414,0.8891199231147766,214,413
220,7333,32,0.25279319286346436,0.7602407336235046,0.08850129693746567,0.6547126770019531,242,410
221,7366,0,0.23348461091518402,0.2440398931503296,-0.036779534071683884,0.9980800747871399,224,131
221,7366,1,0.233954519033432,0.23168449103832245,-0.05158212408423424,0.9975886344909668,224,125
221,7366,2,0.23327650129795074,0.23156042397022247,-0.05168710649013519,0.9977288842201233,223,125
221,7366,3,0.23242156207561493,0.23144365847110748,-0.0516667477786541,0.9982617497444153,223,124
221,7366,4,0.23760484158992767,0.23084163665771484,-0.035823460668325424,0.9972541928291321,228,124
221,7366,5,0.2393328696489334,0.23010021448135376,-0.03601546585559845,0.9975280165672302,229,124
221,7366,6,0.24089080095291138,0.2292100340127945,-0.036094579845666885,0.9980043768882751,231,123
221,7366,7,0.23627443611621857,0.2358039766550064,-0.08856382220983505,0.9992777705192566,226,127
221,7366,8,0.2479458749294281,0.23267437517642975,-0.02125650830566883,0.9967849254608154,238,125
221,7366,9,0.23519136011600494,0.2549894452095032,-0.04527265951037407,0.9966921210289001,225,137
221,7366,10,0.23755501210689545,0.2549554705619812,-0.025553787127137184,0.9939648509025574,228,137
221,7366,11,0.2489965409040451,0.3018696904182434,-0.12332024425268173,0.9999381303787231,239,163
221,7366,12,0.2656210958957672,0.30076920986175537,0.031899645924568176,0.9980485439300537,254,162
221,7366,13,0.2563305199146271,0.4074508547782898,-0.14233249425888062,0.9387079477310181,246,220
221,7366,14,0.2756999731063843,0.4148730933666229,0.036227766424417496,0.005739670712500811,264,224
221,7366,15,0.24282461404800415,0.49706992506980896,-0.11385975033044815,0.6191524863243103,233,268
221,7366,16,0.25640252232551575,0.48477908968925476,0.017959166318178177,0.004300402477383614,246,261
221,7366,17,0.23989428579807281,0.523863673210144,-0.12365496903657913,0.5593307018280029,230,282
221,7366,18,0.25133195519447327,0.5048211216926575,0.017658254131674767,0.006700728554278612,241,272
221,7366,19,0.23539601266384125,0.5242027640342712,-0.12198211997747421,0.5470585823059082,225,283
221,7366,20,0.2479332983493805,0.5045459866523743,0.007261935155838728,0.00682472949847579,238,272
221,7366,21,0.2364087998867035,0.5177474021911621,-0.11297913640737534,0.4422478675842285,226,279
221,7366,22,0.24944712221622467,0.49800291657447815,0.012176415883004665,0.00736447935923934,239,268
221,7366,23,0.2477400302886963,0.49810752272605896,-0.0514516606926918,0.9999262094497681,237,268
221,7366,24,0.26797494292259216,0.4937615990638733,0.051423508673906326,0.9998542070388794,257,266
221,7366,25,0.20975886285305023,0.6053453087806702,-0.03410714864730835,0.930966854095459,201,326
221,7366,26,0.2641383409500122,0.6030264496803284,0.08987517654895782,0.2473054975271225,253,325
221,7366,27,0.24967680871486664,0.7318599224090576,0.008414637297391891,0.9120116829872131,239,395
221,7366,28,0.27501198649406433,0.7317313551902771,0.11024868488311768,0.5909597277641296,264,395
221,7366,29,0.2604461908340454,0.7473268508911133,0.012086919508874416,0.8201944231987,250,403
221,7366,30,0.28136295080184937,0.7519093751907349,0.10990528762340546,0.6203354001045227,270,406
221,7366,31,0.21937768161296844,0.7681147456169128,-0.009556654840707779,0.8978280425071716,210,414
221,7366,32,0.2526136040687561,0.7597827911376953,0.09333181381225586,0.6558253765106201,242,410
222,7400,0,0.2247644066810608,0.2439335584640503,-0.048464592546224594,0.998015284538269,215,131
222,7400,1,0.2264776974916458,0.23153293132781982,-0.06266845762729645,0.9975298643112183,217,125
222,7400,2,0.22628767788410187,0.23138906061649323,-0.06279108673334122,0.9977033138275146,217,124
222,7400,3,0.22582842409610748,0.23123516142368317,-0.0627719983458519,0.9982298016548157,216,124
222,7400,4,0.2288132756948471,0.23076313734054565,-0.04633721336722374,0.9972039461135864,219,124
222,7400,5,0.23060892522335052,0.23000618815422058,-0.04652533307671547,0.9975107312202454,221,124
222,7400,6,0.23200802505016327,0.22912119328975677,-0.04662338271737099,0.9979441165924072,222,123
222,7400,7,0.2310621738433838,0.2353028655052185,-0.0967087596654892,0.9992866516113281,221,127
222,7400,8,0.239860400557518,0.23259007930755615,-0.023678066208958626,0.9968116283416748,230,125
222,7400,9,0.2267983853816986,0.2547057569026947,-0.05560580641031265,0.9967325329780579,217,137
222,7400,10,0.22821807861328125,0.2547857463359833,-0.03550787270069122,0.9940224885940552,219,137
222,7400,11,0.244590625166893,0.30222299695014954,-0.13180384039878845,0.9999375343322754,234,163
222,7400,12,0.25634294748306274,0.30095869302749634,0.037307269871234894,0.9978060126304626,246,162
222,7400,13,0.2512461841106415,0.4074978530406952,-0.1613374799489975,0.9441420435905457,241,220
222,7400,14,0.26788824796676636,0.41639548540115356,0.04804220050573349,0.008669915609061718,257,224
222,7400,15,0.2387949675321579,0.49955257773399353,-0.1543264091014862,0.6494293808937073,229,269
222,7400,16,0.2502901554107666,0.4919540286064148,0.026175418868660927,0.004171354696154594,240,265
222,7400,17,0.236630380153656,0.5271958112716675,-0.16720715165138245,0.5908664464950562,227,284
222,7400,18,0.24695204198360443,0.5106052756309509,0.025510532781481743,0.006414024159312248,237,275
222,7400,19,0.22968639433383942,0.5258041024208069,-0.16646336019039154,0.5790624022483826,220,283
222,7400,20,0.24046741425991058,0.509899914264679,0.013230114243924618,0.006510588340461254,230,275
222,7400,21,0.23163513839244843,0.5190439224243164,-0.15249592065811157,0.47673654556274414,222,280
222,7400,22,0.24473825097084045,0.5039002895355225,0.019428087398409843,0.0070495218969881535,234,272
222,7400,23,0.24299997091293335,0.4984126389026642,-0.05305562913417816,0.9999257922172546,233,269
222,7400,24,0.2584579288959503,0.4940575063228607,0.05300895497202873,0.999844491481781,248,266
222,7400,25,0.20692269504070282,0.604220986366272,-0.02255064621567726,0.9361295104026794,198,326
222,7400,26,0.2595152258872986,0.6087979078292847,0.09092008322477341,0.25860291719436646,249,328
222,7400,27,0.22004185616970062,0.7352279424667358,0.021666355431079865,0.9201974868774414,211,397
222,7400,28,0.27478983998298645,0.731731653213501,0.12367303669452667,0.606589674949646,263,395
222,7400,29,0.2312460094690323,0.7589006423950195,0.023579569533467293,0.8367235660552979,221,409
222,7400,30,0.28288060426712036,0.7543568015098572,0.12481331825256348,0.6416181921958923,271,407
222,7400,31,0.18986494839191437,0.7755245566368103,-0.010994034819304943,0.9068684577941895,182,418
222,7400,32,0.24777303636074066,0.7618337869644165,0.10109737515449524,0.6686254143714905,237,411
223,7433,0,0.22423769533634186,0.2441404014825821,-0.05174265801906586,0.9978753328323364,215,131
223,7433,1,0.2252514511346817,0.23155033588409424,-0.06599801033735275,0.9973489046096802,216,125
223,7433,2,0.22477464377880096,0.2314203381538391,-0.06612055748701096,0.9975438714027405,215,124
223,7433,3,0.22397272288799286,0.2312661111354828,-0.0660935640335083,0.9980703592300415,215,124
223,7433,4,0.2286624163389206,0.23078083992004395,-0.049842022359371185,0.9970995783805847,219,124
223,7433,5,0.23028573393821716,0.23001733422279358,-0.050035372376441956,0.9974642992019653,221,124
223,7433,6,0.23169198632240295,0.22912916541099548,-0.050139907747507095,0.9978833794593811,222,123
223,7433,7,0.22830940783023834,0.2356005758047104,-0.0998329296708107,0.9992465972900391,219,127
223,7433,8,0.23891066014766693,0.23277971148490906,-0.027071744203567505,0.9968531727790833,229,125
223,7433,9,0.22596558928489685,0.2548089623451233,-0.05881064757704735,0.9966620802879333,216,137
223,7433,10,0.22771643102169037,0.25492262840270996,-0.039060961455106735,0.9940352439880371,218,137
223,7433,11,0.2432999610900879,0.3054097294807434,-0.13355772197246552,0.9999324679374695,233,164
223,7433,12,0.2537611126899719,0.30168667435646057,0.033068493008613586,0.9976848363876343,243,162
223,7433,13,0.24854978919029236,0.4125409722328186,-0.16081993281841278,0.947724461555481,238,222
223,7433,14,0.2591189742088318,0.4128710925579071,0.04538559541106224,0.010809078812599182,248,222
223,7433,15,0.2355084866285324,0.5067644119262695,-0.14757069945335388,0.6590853929519653,226,273
223,7433,16,0.24616272747516632,0.4935053586959839,0.02577003464102745,0.004012704361230135,236,266
223,7433,17,0.2329520583152771,0.5333413481712341,-0.15909594297409058,0.5989187359809875,223,288
223,7433,18,0.24042990803718567,0.5182135105133057,0.02449030429124832,0.006101089529693127,230,279
223,7433,19,0.22499504685401917,0.5326992273330688,-0.15859417617321014,0.5869991779327393,215,287
223,7433,20,0.23690997064113617,0.517699658870697,0.011612225323915482,0.0061817108653485775,227,279
223,7433,21,0.22641783952713013,0.5237642526626587,-0.1455218344926834,0.48259785771369934,217,282
223,7433,22,0.23968413472175598,0.5114508867263794,0.018817149102687836,0.00670778239145875,230,276
223,7433,23,0.24042955040931702,0.5002304911613464,-0.05340968817472458,0.9999217987060547,230,270
223,7433,24,0.2557218372821808,0.49602818489074707,0.053387388586997986,0.9998339414596558,245,267
223,7433,25,0.21053571999073029,0.6044042706489563,-0.007123485207557678,0.939210057258606,202,326
223,7433,26,0.2529812455177307,0.618182897567749,0.08674920350313187,0.2653583884239197,242,333
223,7433,27,0.22077025473117828,0.7372569441795349,0.03934543952345848,0.9270948171615601,211,398
223,7433,28,0.2697175145149231,0.7317724823951721,0.11874859035015106,0.6168511509895325,258,395
223,7433,29,0.24327556788921356,0.7721803188323975,0.04106737673282623,0.8505979180335999,233,416
223,7433,30,0.28329068422317505,0.755635678768158,0.11949753016233444,0.6558092832565308,271,408
223,7433,31,0.19243060052394867,0.7749317288398743,0.000924710591789335,0.9142329692840576,184,418
223,7433,32,0.240876242518425,0.7647654414176941,0.09025104343891144,0.6769704222679138,231,412
224,7466,0,0.21696725487709045,0.24482597410678864,-0.046068985015153885,0.9980496168136597,208,132
224,7466,1,0.2186342030763626,0.2320394515991211,-0.06164059787988663,0.9975810050964355,209,125
224,7466,2,0.2183348685503006,0.23192313313484192,-0.061771150678396225,0.9977604746818542,209,125
224,7466,3,0.21774549782276154,0.23176169395446777,-0.0617155060172081,0.9982389211654663,209,125
224,7466,4,0.22167836129665375,0.23130840063095093,-0.04460284486413002,0.9973568916320801,212,124
224,7466,5,0.22341012954711914,0.2306012660264969,-0.04480614513158798,0.9976910352706909,214,124
224,7466,6,0.22495028376579285,0.22977228462696075,-0.04490271583199501,0.9980670213699341,215,124
224,7466,7,0.22268515825271606,0.2361353486776352,-0.09877057373523712,0.9993141293525696,213,127
224,7466,8,0.23320184648036957,0.23385630548000336,-0.02423086017370224,0.9971351623535156,223,126
224,7466,9,0.21894805133342743,0.25563740730285645,-0.05392291769385338,0.996954083442688,210,138
224,7466,10,0.22079846262931824,0.2557453215122223,-0.03308568149805069,0.9945564270019531,211,138
224,7466,11,0.2359127551317215,0.3080439567565918,-0.13343092799186707,0.9999362230300903,226,166
224,7466,12,0.25254717469215393,0.303605854511261,0.03823970630764961,0.9977790117263794,242,163
224,7466,13,0.24221616983413696,0.4178922772407532,-0.15217715501785278,0.9524245262145996,232,225
224,7466,14,0.2577302157878876,0.41285261511802673,0.05706871300935745,0.015264161862432957,247,222
224,7466,15,0.2309499830007553,0.5057691931724548,-0.12723548710346222,0.6846750378608704,221,273
224,7466,16,0.24823154509067535,0.4924757182598114,0.04224155470728874,0.004077020566910505,238,265
224,7466,17,0.22930805385112762,0.5319284796714783,-0.13738927245140076,0.6260294914245605,220,287
224,7466,18,0.24365045130252838,0.5172358751296997,0.040264833718538284,0.006110754795372486,233,279
224,7466,19,0.22311177849769592,0.5318001508712769,-0.13723115622997284,0.6145403981208801,214,287
224,7466,20,0.2415662705898285,0.5167273879051208,0.028469836339354515,0.006151482462882996,231,279
224,7466,21,0.22387035191059113,0.5226753354072571,-0.12488377839326859,0.5139163136482239,214,282
224,7466,22,0.24314215779304504,0.5106796026229858,0.035659026354551315,0.006720038130879402,233,275
224,7466,23,0.23196645081043243,0.5024974942207336,-0.054792582988739014,0.9999268054962158,222,271
224,7466,24,0.2519304156303406,0.49846580624580383,0.05479554459452629,0.9998437762260437,241,269
224,7466,25,0.20092591643333435,0.6057256460189819,0.028653062880039215,0.9447774887084961,192,327
224,7466,26,0.2557682991027832,0.6169825196266174,0.1020280122756958,0.32426539063453674,245,333
224,7466,27,0.19858293235301971,0.7436336874961853,0.08971528708934784,0.9342448711395264,190,401
224,7466,28,0.27420729398727417,0.7324581742286682,0.1485985815525055,0.6522569060325623,263,395
224,7466,29,0.20841391384601593,0.7747467756271362,0.09290266782045364,0.8650858998298645,200,418
224,7466,30,0.2874404489994049,0.7601699829101562,0.15122142434120178,0.6879405379295349,275,410
224,7466,31,0.16227562725543976,0.7740543484687805,0.053590837866067886,0.9224227666854858,155,417
224,7466,32,0.24234126508235931,0.7647832632064819,0.12436912953853607,0.7059556245803833,232,412
225,7500,0,0.21769049763679504,0.24514499306678772,-0.04717036336660385,0.9979479312896729,208,132
225,7500,1,0.21890269219875336,0.2324429452419281,-0.06217353418469429,0.9975326657295227,210,125
225,7500,2,0.21831640601158142,0.23240017890930176,-0.062309421598911285,0.9977099895477295,209,125
225,7500,3,0.21759316325187683,0.23227755725383759,-0.06225940212607384,0.9982081651687622,208,125
225,7500,4,0.22256939113140106,0.23159125447273254,-0.045568451285362244,0.9973400235176086,213,125
225,7500,5,0.2241750806570053,0.23093204200267792,-0.04577362909913063,0.9976809620857239,215,124
225,7500,6,0.22555583715438843,0.2302856147289276,-0.04587128013372421,0.9980443120002747,216,124
225,7500,7,0.22224387526512146,0.23680944740772247,-0.09866811335086823,0.9993007779121399,213,127
225,7500,8,0.23296667635440826,0.2348642349243164,-0.024356627836823463,0.9971352815628052,223,126
225,7500,9,0.21936580538749695,0.2561657130718231,-0.054757751524448395,0.9969298243522644,210,138
225,7500,10,0.22140273451805115,0.256274551153183,-0.034513358026742935,0.9945592880249023,212,138
225,7500,11,0.23573079705238342,0.3092474937438965,-0.13306497037410736,0.9999306201934814,226,166
225,7500,12,0.24998143315315247,0.3045167028903961,0.03996799886226654,0.997601330280304,239,164
225,7500,13,0.24094650149345398,0.4238015413284302,-0.15191520750522614,0.9528791308403015,231,228
225,7500,14,0.25590047240257263,0.4194699823856354,0.05808192119002342,0.014544768258929253,245,226
225,7500,15,0.2298116385936737,0.5099629163742065,-0.13055522739887238,0.6884732842445374,220,275
225,7500,16,0.24548101425170898,0.49653223156929016,0.04255542904138565,0.004201044794172049,235,268
225,7500,17,0.22483327984809875,0.5355768203735352,-0.14222508668899536,0.6293255686759949,215,289
225,7500,18,0.24326005578041077,0.5185316801071167,0.04044962674379349,0.0063724210485816,233,280
225,7500,19,0.2213495671749115,0.5367051959037781,-0.14245425164699554,0.617790699005127,212,289
225,7500,20,0.2407999038696289,0.5193535685539246,0.028124341741204262,0.0063848840072751045,231,280
225,7500,21,0.2225666344165802,0.5262813568115234,-0.1286955326795578,0.5165084600448608,213,284
225,7500,22,0.2410665899515152,0.5138756632804871,0.035771600902080536,0.006952672731131315,231,277
225,7500,23,0.23035581409931183,0.502299427986145,-0.05524739250540733,0.9999246597290039,221,271
225,7500,24,0.24831059575080872,0.4988071024417877,0.05524461716413498,0.9998393654823303,238,269
225,7500,25,0.20077191293239594,0.6084177494049072,0.02143455669283867,0.9454700946807861,192,328
225,7500,26,0.2566433846950531,0.615576982498169,0.10084394365549088,0.3250466287136078,246,332
225,7500,27,0.1976572722196579,0.7458561062812805,0.08073857426643372,0.9392370581626892,189,402
225,7500,28,0.27641618251800537,0.7325865030288696,0.15230517089366913,0.6537607312202454,265,395
225,7500,29,0.20492564141750336,0.7744159698486328,0.08359456062316895,0.8747496604919434,196,418
225,7500,30,0.28793230652809143,0.7603104114532471,0.1559298038482666,0.696235179901123,276,410
225,7500,31,0.16222354769706726,0.7736186385154724,0.04460149258375168,0.9260761141777039,155,417
225,7500,32,0.24317814409732819,0.7646762132644653,0.13367469608783722,0.7021190524101257,233,412
226,7533,0,0.2117239534854889,0.24531371891498566,-0.04897066205739975,0.9981321692466736,203,132
226,7533,1,0.21250830590724945,0.2328053116798401,-0.06503452360630035,0.9977625608444214,204,125
226,7533,2,0.21191555261611938,0.23279336094856262,-0.0651765912771225,0.9979244470596313,203,125
226,7533,3,0.21111097931861877,0.23269392549991608,-0.06512323021888733,0.9983760118484497,202,125
226,7533,4,0.21609917283058167,0.23221400380134583,-0.04843873158097267,0.9975892901420593,207,125
226,7533,5,0.21800324320793152,0.23162958025932312,-0.04861971363425255,0.9978985786437988,209,125
226,7533,6,0.21980157494544983,0.23100456595420837,-0.048697397112846375,0.9982247948646545,211,124
226,7533,7,0.21470753848552704,0.23792664706707,-0.10877625644207001,0.9993669390678406,206,128
226,7533,8,0.22709843516349792,0.2357284426689148,-0.03401188552379608,0.9974027276039124,218,127
226,7533,9,0.21310241520404816,0.2564159333705902,-0.058781251311302185,0.9972225427627563,204,138
226,7533,10,0.21601326763629913,0.25656428933143616,-0.038540203124284744,0.9950773119926453,207,138
226,7533,11,0.22557605803012848,0.3121674358844757,-0.151823028922081,0.9999359846115112,216,168
226,7533,12,0.24519023299217224,0.30521634221076965,0.03084646910429001,0.9977426528930664,235,164
226,7533,13,0.22868871688842773,0.428268164396286,-0.170826256275177,0.9574116468429565,219,231
226,7533,14,0.24840690195560455,0.41898655891418457,0.05157143995165825,0.0236304122954607,238,226
226,7533,15,0.2189175933599472,0.5142419934272766,-0.15156058967113495,0.7177162170410156,210,277
226,7533,16,0.23897314071655273,0.5057727694511414,0.042417142540216446,0.004928876645863056,229,273
226,7533,17,0.21488870680332184,0.5427414774894714,-0.16520918905735016,0.6628615260124207,206,293
226,7533,18,0.23613391816616058,0.5225224494934082,0.040365830063819885,0.007125031668692827,226,282
226,7533,19,0.21048592031002045,0.5437743067741394,-0.1645229607820511,0.652224063873291,202,293
226,7533,20,0.23280738294124603,0.5260973572731018,0.02718447893857956,0.007075882516801357,223,284
226,7533,21,0.21141022443771362,0.5322508215904236,-0.14925549924373627,0.5583418607711792,202,287
226,7533,22,0.23393911123275757,0.5187585353851318,0.035516757518053055,0.007803929038345814,224,280
226,7533,23,0.22442251443862915,0.5058755874633789,-0.05543728545308113,0.9999296069145203,215,273
226,7533,24,0.2452879101037979,0.4998968541622162,0.05543481186032295,0.9998490214347839,235,269
226,7533,25,0.19746969640254974,0.617777943611145,0.06724915653467178,0.9504516124725342,189,333
226,7533,26,0.2549094259738922,0.6147733330726624,0.12406973540782928,0.382043719291687,244,331
226,7533,27,0.179672971367836,0.7446315884590149,0.15539699792861938,0.9452203512191772,172,402
226,7533,28,0.27719545364379883,0.7332334518432617,0.1957099884748459,0.6865094304084778,266,395
226,7533,29,0.18426071107387543,0.7732793688774109,0.1612314134836197,0.8869778513908386,176,417
226,7533,30,0.28888842463493347,0.7618528008460999,0.20111370086669922,0.725159764289856,277,411
226,7533,31,0.14027880132198334,0.7658891677856445,0.1221647560596466,0.9331543445587158,134,413
226,7533,32,0.24352236092090607,0.7637816071510315,0.17724686861038208,0.7293888926506042,233,412
227,7566,0,0.20692482590675354,0.24675488471984863,-0.06591103225946426,0.9982784986495972,198,133
227,7566,1,0.20940600335597992,0.23415517807006836,-0.08224822580814362,0.9979549646377563,201,126
227,7566,2,0.20926299691200256,0.23407889902591705,-0.08239755779504776,0.9981038570404053,200,126
227,7566,3,0.20886924862861633,0.2339344024658203,-0.08235365897417068,0.9985182881355286,200,126
227,7566,4,0.21179933845996857,0.23347558081150055,-0.062498364597558975,0.9977958798408508,203,126
227,7566,5,0.21321623027324677,0.2328117936849594,-0.06267982721328735,0.9980762600898743,204,125
227,7566,6,0.21520985662937164,0.23188410699367523,-0.06275070458650589,0.9983704090118408,206,125
227,7566,7,0.21463997662067413,0.23865124583244324,-0.1234511211514473,0.9994224905967712,206,128
227,7566,8,0.22308464348316193,0.23627923429012299,-0.03513813391327858,0.9976089596748352,214,127
227,7566,9,0.20999671518802643,0.257351279258728,-0.07510828226804733,0.9974648952484131,201,138
227,7566,10,0.21169644594192505,0.2573760747909546,-0.05062997341156006,0.995493471622467,203,138
227,7566,11,0.226074680685997,0.3122894763946533,-0.16280969977378845,0.9999394416809082,217,168
227,7566,12,0.24165211617946625,0.3057515025138855,0.03344099596142769,0.9977819323539734,231,165
227,7566,13,0.22968538105487823,0.427137553691864,-0.1844480186700821,0.9607914686203003,220,230
227,7566,14,0.24041110277175903,0.4165792167186737,0.06528780609369278,0.021845214068889618,230,224
227,7566,15,0.21819916367530823,0.5165361166000366,-0.16306358575820923,0.7408475279808044,209,278
227,7566,16,0.23379912972450256,0.5038713812828064,0.04394959285855293,0.005332687869668007,224,272
227,7566,17,0.21422600746154785,0.5450302958488464,-0.17912040650844574,0.6883105039596558,205,294
227,7566,18,0.2304144650697708,0.521304190158844,0.04090398922562599,0.007976795546710491,221,281
227,7566,19,0.2090037763118744,0.5444867014884949,-0.1776852160692215,0.6782159209251404,200,294
227,7566,20,0.2282831370830536,0.524197518825531,0.0270544346421957,0.00790748093277216,219,283
227,7566,21,0.2103499472141266,0.5343770980834961,-0.16046424210071564,0.5885558724403381,201,288
227,7566,22,0.2285858690738678,0.5171129703521729,0.03590099513530731,0.008738241158425808,219,279
227,7566,23,0.22325722873210907,0.5055667161941528,-0.06023726612329483,0.9999340176582336,214,273
227,7566,24,0.2445322871208191,0.5001202821731567,0.060215674340724945,0.999858558177948,234,270
227,7566,25,0.19733744859695435,0.6196019649505615,0.0496843084692955,0.9537789225578308,189,334
227,7566,26,0.2545880973339081,0.6143881678581238,0.12773297727108002,0.4226266145706177,244,331
227,7566,27,0.17835897207260132,0.744860053062439,0.134410560131073,0.9502978920936584,171,402
227,7566,28,0.2775615155696869,0.7337654232978821,0.20093755424022675,0.7134950757026672,266,396
227,7566,29,0.18219026923179626,0.7746514678001404,0.13927491009235382,0.8969550132751465,174,418
227,7566,30,0.288923442363739,0.762273371219635,0.20649453997612,0.7491406798362732,277,411
227,7566,31,0.13796742260456085,0.7626082897186279,0.09347465634346008,0.9386627078056335,132,411
227,7566,32,0.24392765760421753,0.7638104557991028,0.17877764999866486,0.7510356307029724,234,412
228,7600,0,0.20086772739887238,0.2468511164188385,-0.06043599545955658,0.998442530632019,192,133
228,7600,1,0.20325352251529694,0.2344089150428772,-0.07632160931825638,0.9981540441513062,195,126
228,7600,2,0.2032182812690735,0.2343083918094635,-0.07646479457616806,0.9982894659042358,195,126
228,7600,3,0.20299966633319855,0.23413634300231934,-0.07642848044633865,0.998663067817688,194,126
228,7600,4,0.20551961660385132,0.23382647335529327,-0.05744152143597603,0.9980101585388184,197,126
228,7600,5,0.20695172250270844,0.23321618139743805,-0.05762648209929466,0.9982634782791138,198,125
228,7600,6,0.2083347737789154,0.23234839737415314,-0.057704173028469086,0.9985267519950867,200,125
228,7600,7,0.2083165943622589,0.23877806961536407,-0.11744014918804169,0.9994792938232422,199,128
228,7600,8,0.21652168035507202,0.23669293522834778,-0.03178325667977333,0.9978384375572205,207,127
228,7600,9,0.2032521814107895,0.2575380802154541,-0.06941069662570953,0.9977107048034668,195,139
228,7600,10,0.20471806824207306,0.2576671838760376,-0.04616156592965126,0.9959264993667603,196,139
228,7600,11,0.2209663987159729,0.31251803040504456,-0.1568857878446579,0.9999448657035828,212,168
228,7600,12,0.2353106290102005,0.30673226714134216,0.045640960335731506,0.997930109500885,225,165
228,7600,13,0.22891558706760406,0.42618852853775024,-0.17563289403915405,0.9644190669059753,219,230
228,7600,14,0.23332640528678894,0.4148738384246826,0.07025205343961716,0.02053559571504593,223,224
228,7600,15,0.2227201759815216,0.5154821276664734,-0.15409645438194275,0.765580415725708,213,278
228,7600,16,0.23186451196670532,0.5006527304649353,0.04387616366147995,0.006063177715986967,222,270
228,7600,17,0.2193199247121811,0.5437374711036682,-0.16731612384319305,0.7176724672317505,210,293
228,7600,18,0.2307169884443283,0.5158633589744568,0.040710724890232086,0.009382534772157669,221,278
228,7600,19,0.214539036154747,0.5426204800605774,-0.16579881310462952,0.7085030674934387,205,293
228,7600,20,0.22783397138118744,0.5163254141807556,0.02702106349170208,0.00929595623165369,218,278
228,7600,21,0.2156355232000351,0.5333170294761658,-0.1511877477169037,0.6267091631889343,207,287
228,7600,22,0.227417454123497,0.5102936029434204,0.03566060960292816,0.010296564549207687,218,275
228,7600,23,0.2184060513973236,0.5072142481803894,-0.06329233944416046,0.9999399781227112,209,273
228,7600,24,0.24066783487796783,0.5005344152450562,0.06326146423816681,0.999871015548706,231,270
228,7600,25,0.19288991391658783,0.6228051781654358,0.05622205510735512,0.95818030834198,185,336
228,7600,26,0.25392383337020874,0.6137809157371521,0.1395374834537506,0.4781312346458435,243,331
228,7600,27,0.16698704659938812,0.7428935170173645,0.14112503826618195,0.9551795125007629,160,401
228,7600,28,0.27805742621421814,0.7336087822914124,0.19975097477436066,0.7419248819351196,266,396
228,7600,29,0.17037756741046906,0.7703089714050293,0.14594273269176483,0.9069045782089233,163,415
228,7600,30,0.2897224724292755,0.7614530920982361,0.20436623692512512,0.7739971280097961,278,411
228,7600,31,0.12388518452644348,0.7509993314743042,0.10490179806947708,0.944547176361084,118,405
228,7600,32,0.24648062884807587,0.7623506188392639,0.1794453263282776,0.7755993008613586,236,411
229,7633,0,0.2013462483882904,0.2474791407585144,-0.057999592274427414,0.998577892780304,193,133
229,7633,1,0.202604740858078,0.23525632917881012,-0.07375483214855194,0.9983233213424683,194,127
229,7633,2,0.20216171443462372,0.23525100946426392,-0.0738968551158905,0.9984485507011414,194,127
229,7633,3,0.20161642134189606,0.2351352721452713,-0.07386208325624466,0.9987867474555969,193,126
229,7633,4,0.20597845315933228,0.2343364953994751,-0.05523252487182617,0.9981939196586609,197,126
229,7633,5,0.20755639672279358,0.23368485271930695,-0.0554189495742321,0.9984245896339417,199,126
229,7633,6,0.20902058482170105,0.23279012739658356,-0.05549941584467888,0.9986596703529358,200,125
229,7633,7,0.20642730593681335,0.23983925580978394,-0.11434532701969147,0.9995278716087341,198,129
229,7633,8,0.21644894778728485,0.23720683157444,-0.029203085228800774,0.9980322122573853,207,128
229,7633,9,0.20322227478027344,0.25807708501815796,-0.06694459170103073,0.997919499874115,195,139
229,7633,10,0.20511934161186218,0.2581833600997925,-0.04424872249364853,0.9962948560714722,196,139
229,7633,11,0.22051022946834564,0.3124586343765259,-0.15484550595283508,0.9999489784240723,211,168
229,7633,12,0.23370690643787384,0.30682745575904846,0.052821677178144455,0.9980509877204895,224,165
229,7633,13,0.2304162085056305,0.41965100169181824,-0.1779254823923111,0.9671993255615234,221,226
229,7633,14,0.22808429598808289,0.413274884223938,0.07338346540927887,0.019590387120842934,218,223
229,7633,15,0.22473378479480743,0.5126465559005737,-0.16178612411022186,0.7849282026290894,215,276
229,7633,16,0.2294205278158188,0.49372661113739014,0.04360008239746094,0.007122558541595936,220,266
229,7633,17,0.22143274545669556,0.5404973030090332,-0.17701740562915802,0.7400405406951904,212,291
229,7633,18,0.2261810004711151,0.5130426287651062,0.038962673395872116,0.011172031983733177,217,277
229,7633,19,0.21696892380714417,0.5420525670051575,-0.1765718311071396,0.7314307689666748,208,292
229,7633,20,0.22564856708049774,0.5144789218902588,0.02438279427587986,0.011059838347136974,216,277
229,7633,21,0.21805517375469208,0.5323401689529419,-0.15968231856822968,0.6545261740684509,209,287
229,7633,22,0.22516433894634247,0.5085355043411255,0.03483590856194496,0.012138903141021729,216,274
229,7633,23,0.21725815534591675,0.5067349672317505,-0.06524339318275452,0.9999450445175171,208,273
229,7633,24,0.23837684094905853,0.5003573894500732,0.06521046161651611,0.9998818039894104,228,270
229,7633,25,0.19327403604984283,0.6234126091003418,0.043270036578178406,0.9619278311729431,185,336
229,7633,26,0.252378910779953,0.6119218468666077,0.13095733523368835,0.5249125361442566,242,330
229,7633,27,0.16465671360492706,0.7416930794715881,0.1187201514840126,0.9595244526863098,158,400
229,7633,28,0.27804842591285706,0.7328083515167236,0.18664926290512085,0.7671404480934143,266,395
229,7633,29,0.16895692050457,0.7685133814811707,0.12254589051008224,0.9156821370124817,162,414
229,7633,30,0.28969863057136536,0.7595811486244202,0.19064997136592865,0.796043336391449,278,410
229,7633,31,0.12390588968992233,0.7472900152206421,0.07892980426549911,0.949708878993988,118,403
229,7633,32,0.24651207029819489,0.760960578918457,0.16426710784435272,0.797225832939148,236,410
230,7666,0,0.19564323127269745,0.24811062216758728,-0.03741252049803734,0.9986660480499268,187,133
230,7666,1,0.19609589874744415,0.23598992824554443,-0.0544210821390152,0.9984206557273865,188,127
230,7666,2,0.19528047740459442,0.23603618144989014,-0.05453795567154884,0.9985322952270508,187,127
230,7666,3,0.19427490234375,0.23600995540618896,-0.05448848754167557,0.9988505840301514,186,127
230,7666,4,0.2003486305475235,0.23493222892284393,-0.03716422989964485,0.9983155727386475,192,126
230,7666,5,0.20244084298610687,0.23422713577747345,-0.03735099360346794,0.9985328316688538,194,126
230,7666,6,0.20438610017299652,0.2333403080701828,-0.0374087430536747,0.998750627040863,196,126
230,7666,7,0.19724011421203613,0.2410004734992981,-0.09840941429138184,0.9995560646057129,189,130
230,7666,8,0.2117319256067276,0.2381344586610794,-0.020323868840932846,0.9981794953346252,203,128
230,7666,9,0.19676624238491058,0.25898000597953796,-0.04772983118891716,0.9980745911598206,188,139
230,7666,10,0.20018614828586578,0.25894203782081604,-0.026552261784672737,0.9965885281562805,192,139
230,7666,11,0.2100382298231125,0.3171902596950531,-0.13906939327716827,0.9999521374702454,201,171
230,7666,12,0.22958873212337494,0.30926641821861267,0.05219144746661186,0.9981616139411926,220,167
230,7666,13,0.2229020744562149,0.4221961200237274,-0.14713576436042786,0.9694306254386902,213,227
230,7666,14,0.23429560661315918,0.4163494408130646,0.07174592465162277,0.019555075094103813,224,224
230,7666,15,0.21964754164218903,0.5121753215789795,-0.11347337812185287,0.7924324870109558,210,276
230,7666,16,0.2282419055700302,0.49725228548049927,0.048729073256254196,0.006922424305230379,219,268
230,7666,17,0.2185487151145935,0.5398774147033691,-0.12372139096260071,0.7452247142791748,209,291
230,7666,18,0.22557732462882996,0.520210862159729,0.04568849876523018,0.01079197134822607,216,280
230,7666,19,0.21349461376667023,0.5410872101783752,-0.1250864416360855,0.7357447147369385,204,292
230,7666,20,0.22393698990345,0.5215638875961304,0.031905610114336014,0.010650421492755413,214,281
230,7666,21,0.21379782259464264,0.5317307114601135,-0.11164139211177826,0.6563065648078918,205,287
230,7666,22,0.2235751748085022,0.5121455192565918,0.04089159518480301,0.011708310805261135,214,276
230,7666,23,0.2140531837940216,0.5078323483467102,-0.05997324734926224,0.9999443888664246,205,274
230,7666,24,0.23141203820705414,0.5036540031433105,0.059970270842313766,0.9998793601989746,222,271
230,7666,25,0.1958048790693283,0.6235338449478149,0.0376998670399189,0.9644672870635986,187,336
230,7666,26,0.2044094055891037,0.6177164316177368,0.11308679729700089,0.5339391231536865,196,333
230,7666,27,0.19692154228687286,0.7527112364768982,0.11085746437311172,0.9630385041236877,189,406
230,7666,28,0.21033158898353577,0.7514612674713135,0.17589053511619568,0.7786576151847839,201,405
230,7666,29,0.20460227131843567,0.7800956964492798,0.11464392393827438,0.9213844537734985,196,421
230,7666,30,0.21690204739570618,0.7804791331291199,0.17958897352218628,0.8036826848983765,208,421
230,7666,31,0.16150739789009094,0.7492721080780029,0.069505974650383,0.9535048604011536,155,404
230,7666,32,0.18099819123744965,0.7644585371017456,0.1406201869249344,0.8068966269493103,173,412
231,7700,0,0.192961186170578,0.2490852326154709,-0.04014597833156586,0.9987915754318237,185,134
231,7700,1,0.19382613897323608,0.23652517795562744,-0.05662023648619652,0.9985727071762085,186,127
231,7700,2,0.1931413859128952,0.23656217753887177,-0.05674835294485092,0.9986740350723267,185,127
231,7700,3,0.1923523247241974,0.23639735579490662,-0.0567036010324955,0.9989612698554993,184,127
231,7700,4,0.1977686583995819,0.23524649441242218,-0.0392238087952137,0.998478889465332,189,127
231,7700,5,0.19950996339321136,0.23446723818778992,-0.03941047564148903,0.9986752867698669,191,126
231,7700,6,0.20107774436473846,0.23354026675224304,-0.03946857154369354,0.998870849609375,193,126
231,7700,7,0.19653049111366272,0.24162504076957703,-0.09949573129415512,0.999599039554596,188,130
231,7700,8,0.20856527984142303,0.23842066526412964,-0.021430140361189842,0.9983550310134888,200,128
231,7700,9,0.194492906332016,0.25986436009407043,-0.0500166080892086,0.9982583522796631,186,140
231,7700,10,0.19714981317520142,0.2598598897457123,-0.02856111153960228,0.9969146847724915,189,140
231,7700,11,0.20941342413425446,0.3165987730026245,-0.1362949162721634,0.999955952167511,201,170
231,7700,12,0.22797277569770813,0.30936673283576965,0.04558359831571579,0.9983079433441162,218,167
231,7700,13,0.22149907052516937,0.4228396415710449,-0.13940677046775818,0.9712734222412109,212,228
231,7700,14,0.23328998684883118,0.42361903190612793,0.06260223686695099,0.01921289972960949,223,228
231,7700,15,0.21658235788345337,0.5121213793754578,-0.1016400158405304,0.806740403175354,207,276
231,7700,16,0.22861938178539276,0.4975813627243042,0.04333395138382912,0.008357557468116283,219,268
231,7700,17,0.21617108583450317,0.53969407081604,-0.1110202893614769,0.7625586986541748,207,291
231,7700,18,0.22681984305381775,0.5212908983230591,0.039131566882133484,0.012971104122698307,217,281
231,7700,19,0.2124360054731369,0.5403347015380859,-0.11270686984062195,0.7537544369697571,203,291
231,7700,20,0.22393736243247986,0.5224132537841797,0.026106679812073708,0.012774462811648846,214,282
231,7700,21,0.2122289538383484,0.5313478708267212,-0.09994661062955856,0.6789257526397705,203,286
231,7700,22,0.22345466911792755,0.514362096786499,0.035955268889665604,0.013851613737642765,214,277
231,7700,23,0.2096235603094101,0.5097644925117493,-0.05895155295729637,0.9999492764472961,201,275
231,7700,24,0.23195306956768036,0.5041462182998657,0.05892714112997055,0.9998900890350342,222,272
231,7700,25,0.18703995645046234,0.6266269683837891,0.05443507060408592,0.9675540924072266,179,338
231,7700,26,0.21400737762451172,0.6171095371246338,0.12044140696525574,0.5755577683448792,205,333
231,7700,27,0.16388250887393951,0.749684751033783,0.131059467792511,0.9665105938911438,157,404
231,7700,28,0.25489115715026855,0.7485103011131287,0.1781194657087326,0.800092875957489,244,404
231,7700,29,0.1683533638715744,0.7762850522994995,0.1355099380016327,0.9285662770271301,161,419
231,7700,30,0.2662230432033539,0.774462878704071,0.18242578208446503,0.8227123618125916,255,418
231,7700,31,0.1235184371471405,0.7482930421829224,0.10227211564779282,0.9575521945953369,118,404
231,7700,32,0.2260073721408844,0.7643770575523376,0.16076329350471497,0.8252190351486206,216,412
232,7733,0,0.18669883906841278,0.24967335164546967,-0.040498632937669754,0.9989044666290283,179,134
232,7733,1,0.18755044043064117,0.2371571809053421,-0.05685560405254364,0.9987088441848755,180,128
232,7733,2,0.18703922629356384,0.23714280128479004,-0.0569949634373188,0.998802125453949,179,128
232,7733,3,0.18630437552928925,0.23701967298984528,-0.05695342645049095,0.999061107635498,178,127
232,7733,4,0.19103650748729706,0.23595257103443146,-0.038994088768959045,0.9986238479614258,183,127
232,7733,5,0.19291387498378754,0.2350945919752121,-0.03916821628808975,0.998802125453949,185,126
232,7733,6,0.19465166330337524,0.23410655558109283,-0.03921372443437576,0.9989765882492065,186,126
232,7733,7,0.18986545503139496,0.24185915291309357,-0.1001625582575798,0.999638020992279,182,130
232,7733,8,0.20226073265075684,0.23850807547569275,-0.02080763503909111,0.9985097646713257,194,128
232,7733,9,0.18817274272441864,0.2603893280029297,-0.05087609589099884,0.9984264969825745,180,140
232,7733,10,0.19086681306362152,0.26032695174217224,-0.02891303412616253,0.9972107410430908,183,140
232,7733,11,0.2010546326637268,0.3162933886051178,-0.14122337102890015,0.9999598860740662,193,170
232,7733,12,0.21960265934467316,0.31028851866722107,0.05156351998448372,0.9984250068664551,210,167
232,7733,13,0.21031782031059265,0.4226979911327362,-0.16232353448867798,0.973906397819519,201,228
232,7733,14,0.21119938790798187,0.41184499859809875,0.0656658187508583,0.018541796132922173,202,222
232,7733,15,0.21135620772838593,0.5117172002792358,-0.15782548487186432,0.8256881237030029,202,276
232,7733,16,0.19866953790187836,0.47084760665893555,0.034307148307561874,0.012709136120975018,190,254
232,7733,17,0.2122085690498352,0.539046585559845,-0.1739056557416916,0.7857465744018555,203,291
232,7733,18,0.19057799875736237,0.4832075834274292,0.029186761006712914,0.020670320838689804,182,260
232,7733,19,0.20709940791130066,0.5395927429199219,-0.17659439146518707,0.7778058052062988,198,291
232,7733,20,0.18944403529167175,0.481460839509964,0.013933807611465454,0.020578211173415184,181,259
232,7733,21,0.20664730668067932,0.5308187007904053,-0.15734849870204926,0.7100737690925598,198,286
232,7733,22,0.19088439643383026,0.4748941957950592,0.025291314348578453,0.021969448775053024,183,256
232,7733,23,0.20527687668800354,0.5095001459121704,-0.0595872662961483,0.99995356798172,197,275
232,7733,24,0.22817260026931763,0.5038309693336487,0.0595625564455986,0.9998989105224609,219,272
232,7733,25,0.18012060225009918,0.626109778881073,0.06188241019845009,0.970500648021698,172,338
232,7733,26,0.22975115478038788,0.6154962778091431,0.11285781115293503,0.6160624623298645,220,332
232,7733,27,0.1590089052915573,0.7481027841567993,0.12770114839076996,0.9697604179382324,152,403
232,7733,28,0.2658076584339142,0.738109827041626,0.14092053472995758,0.8198025822639465,255,398
232,7733,29,0.16424347460269928,0.7748544812202454,0.1304132044315338,0.9352741241455078,157,418
232,7733,30,0.2779753804206848,0.7629660367965698,0.14250248670578003,0.8401366472244263,266,412
232,7733,31,0.11687671393156052,0.7496276497840881,0.09004910290241241,0.9615764021873474,112,404
232,7733,32,0.24006254971027374,0.7623826861381531,0.11773452162742615,0.8423702120780945,230,411
233,7766,0,0.18439039587974548,0.2508678734302521,-0.04020098224282265,0.9990056157112122,177,135
233,7766,1,0.1856301873922348,0.23828475177288055,-0.05660242214798927,0.9988307356834412,178,128
233,7766,2,0.1851712316274643,0.23824647068977356,-0.056744806468486786,0.9989164471626282,177,128
233,7766,3,0.18457815051078796,0.23814657330513,-0.056707713752985,0.9991505742073059,177,128
233,7766,4,0.18882818520069122,0.2370639592409134,-0.03741227462887764,0.9987538456916809,181,128
233,7766,5,0.19037437438964844,0.23619893193244934,-0.03757885843515396,0.9989154934883118,182,127
233,7766,6,0.1917581707239151,0.23520401120185852,-0.037616804242134094,0.9990713596343994,184,127
233,7766,7,0.18887381255626678,0.24257729947566986,-0.09976757317781448,0.9996728301048279,181,130
233,7766,8,0.1987474411725998,0.23912334442138672,-0.012347602285444736,0.9986473917961121,190,129
233,7766,9,0.18617112934589386,0.2610643208026886,-0.05057746544480324,0.9985769987106323,178,140
233,7766,10,0.18875694274902344,0.2611418664455414,-0.02679353393614292,0.9974749088287354,181,141
233,7766,11,0.2013772428035736,0.3149590790271759,-0.1425192803144455,0.9999632239341736,193,170
233,7766,12,0.21548724174499512,0.31024596095085144,0.06518557667732239,0.9985196590423584,206,167
233,7766,13,0.20877820253372192,0.4153147339820862,-0.1712949275970459,0.9763383865356445,200,224
233,7766,14,0.2078687846660614,0.4019017815589905,0.07920534163713455,0.01819569058716297,199,217
233,7766,15,0.21119362115859985,0.5077822804450989,-0.16929346323013306,0.8428060412406921,202,274
233,7766,16,0.19257155060768127,0.4634997844696045,0.034639082849025726,0.018210817128419876,184,250
233,7766,17,0.21248586475849152,0.5350998044013977,-0.18689925968647003,0.8066458702087402,203,288
233,7766,18,0.1874959021806717,0.47646892070770264,0.029233889654278755,0.029783179983496666,179,257
233,7766,19,0.20696043968200684,0.5366540551185608,-0.1888716220855713,0.7994741201400757,198,289
233,7766,20,0.18450720608234406,0.47519880533218384,0.012324478477239609,0.029971357434988022,177,256
233,7766,21,0.20650461316108704,0.5265365242958069,-0.1685708910226822,0.7380879521369934,198,284
233,7766,22,0.18841522932052612,0.472390741109848,0.024939626455307007,0.031601764261722565,180,255
233,7766,23,0.20682145655155182,0.5093578100204468,-0.06115581467747688,0.9999566078186035,198,275
233,7766,24,0.22496847808361053,0.5037890076637268,0.06113221496343613,0.9999047517776489,215,272
233,7766,25,0.17859391868114471,0.6279914379119873,0.05083531141281128,0.9728380441665649,171,339
233,7766,26,0.23503580689430237,0.6165238618850708,0.10013056546449661,0.648389458656311,225,332
233,7766,27,0.15926532447338104,0.7475489974021912,0.10504722595214844,0.9725422859191895,152,403
233,7766,28,0.2693505883216858,0.7350819706916809,0.13766638934612274,0.8361474275588989,258,396
233,7766,29,0.16505379974842072,0.7745481133460999,0.10532589256763458,0.9409553408622742,158,418
233,7766,30,0.2824207544326782,0.7601041197776794,0.13998523354530334,0.8548185229301453,271,410
233,7766,31,0.11790171265602112,0.7530391216278076,0.05825688689947128,0.9649458527565002,113,406
233,7766,32,0.2419939637184143,0.7629905343055725,0.1141914501786232,0.8564990758895874,232,412
234,7800,0,0.18279136717319489,0.2503535747528076,-0.029982762411236763,0.9987702965736389,175,135
234,7800,1,0.18219614028930664,0.23781459033489227,-0.046940095722675323,0.9985616207122803,174,128
234,7800,2,0.18086682260036469,0.2379036843776703,-0.047070689499378204,0.9986425042152405,173,128
234,7800,3,0.17934343218803406,0.2379632443189621,-0.04703717306256294,0.9989458322525024,172,128
234,7800,4,0.18704287707805634,0.23622387647628784,-0.030535131692886353,0.9985291361808777,179,127
234,7800,5,0.18890613317489624,0.23531971871852875,-0.030715622007846832,0.9987234473228455,181,127
234,7800,6,0.1906425803899765,0.23433826863765717,-0.03076457977294922,0.9989156723022461,183,126
234,7800,7,0.18027517199516296,0.24259516596794128,-0.09306037425994873,0.9995936155319214,173,131
234,7800,8,0.19672824442386627,0.23890282213687897,-0.013628828339278698,0.998487651348114,188,129
234,7800,9,0.1824066936969757,0.26097571849823,-0.041308097541332245,0.998467743396759,175,140
234,7800,10,0.1861722618341446,0.2610108256340027,-0.02110983058810234,0.9973763823509216,178,140
234,7800,11,0.18769973516464233,0.3155933618545532,-0.13356883823871613,0.9999614953994751,180,170
234,7800,12,0.21344001591205597,0.31107982993125916,0.05304918438196182,0.9985105991363525,204,167
234,7800,13,0.19853094220161438,0.4178624749183655,-0.1523253619670868,0.9723612666130066,190,225
234,7800,14,0.2182127982378006,0.42207059264183044,0.07752024382352829,0.017022443935275078,209,227
234,7800,15,0.20468339323997498,0.5086595416069031,-0.13892953097820282,0.8340562582015991,196,274
234,7800,16,0.2077043056488037,0.4941162168979645,0.04233616963028908,0.017925649881362915,199,266
234,7800,17,0.2084360122680664,0.5350490212440491,-0.15236854553222656,0.7961289286613464,200,288
234,7800,18,0.20142008364200592,0.5157996416091919,0.03832481801509857,0.029361745342612267,193,278
234,7800,19,0.20272840559482574,0.5371303558349609,-0.1561082899570465,0.7877795100212097,194,290
234,7800,20,0.20066037774085999,0.5191289186477661,0.021965885534882545,0.029459169134497643,192,280
234,7800,21,0.20130163431167603,0.5285779237747192,-0.13877563178539276,0.7204023003578186,193,285
234,7800,22,0.20276722311973572,0.5146077275276184,0.03359325975179672,0.03089061751961708,194,277
234,7800,23,0.1964186728000641,0.509347677230835,-0.05605899915099144,0.9999539256095886,188,275
234,7800,24,0.21523705124855042,0.5052655935287476,0.05604100599884987,0.9999005794525146,206,272
234,7800,25,0.18044285476207733,0.6278430223464966,0.04642177373170853,0.9730469584465027,173,339
234,7800,26,0.20965154469013214,0.6229082942008972,0.09666918218135834,0.6462883353233337,201,336
234,7800,27,0.1860659420490265,0.7569605112075806,0.10470633953809738,0.9745913743972778,178,408
234,7800,28,0.2218581736087799,0.7532328963279724,0.14542536437511444,0.8409246802330017,212,406
234,7800,29,0.19447284936904907,0.7841315269470215,0.10534392297267914,0.9424538016319275,186,423
234,7800,30,0.23019804060459137,0.7787195444107056,0.14821845293045044,0.8547516465187073,220,420
234,7800,31,0.15551868081092834,0.7559924125671387,0.05384719371795654,0.966425895690918,149,408
234,7800,32,0.19884125888347626,0.7697535753250122,0.11606478691101074,0.8581056594848633,190,415
235,7833,0,0.18091225624084473,0.25033941864967346,-0.03337699547410011,0.9988161325454712,173,135
235,7833,1,0.17990340292453766,0.2377816140651703,-0.050080396234989166,0.998646080493927,172,128
235,7833,2,0.1786828637123108,0.23786720633506775,-0.05021343752741814,0.9987219572067261,171,128
235,7833,3,0.17734770476818085,0.23792585730552673,-0.05018119141459465,0.9990054965019226,170,128
235,7833,4,0.18453067541122437,0.23621466755867004,-0.03189240023493767,0.9986271858215332,177,127
235,7833,5,0.18698717653751373,0.23531055450439453,-0.03206202760338783,0.9988105297088623,179,127
235,7833,6,0.18901874125003815,0.23433521389961243,-0.03210773691534996,0.9989863038063049,181,126
235,7833,7,0.1789560765028,0.2427511215209961,-0.0947636291384697,0.9996168613433838,171,131
235,7833,8,0.195127934217453,0.23892171680927277,-0.02155986800789833,0.9985890984535217,187,129
235,7833,9,0.18121396005153656,0.26094213128089905,-0.0442330576479435,0.9985467791557312,173,140
235,7833,10,0.18502935767173767,0.2609883248806,-0.021534595638513565,0.9975371360778809,177,140
235,7833,11,0.18753503262996674,0.3153332471847534,-0.13122154772281647,0.9999607801437378,180,170
235,7833,12,0.21366459131240845,0.31098780035972595,0.0389268733561039,0.998562753200531,205,167
235,7833,13,0.19951705634593964,0.4255598187446594,-0.14229540526866913,0.9706457257270813,191,229
235,7833,14,0.2191707044839859,0.4258120656013489,0.060260411351919174,0.01648608222603798,210,229
235,7833,15,0.20178712904453278,0.5115322470664978,-0.11735685169696808,0.8242284059524536,193,276
235,7833,16,0.2121494561433792,0.5019226670265198,0.0415685810148716,0.01830928772687912,203,271
235,7833,17,0.20346426963806152,0.5376036763191223,-0.12732896208763123,0.7866594195365906,195,290
235,7833,18,0.20834745466709137,0.5251034498214722,0.037862952798604965,0.0299522802233696,200,283
235,7833,19,0.1985883265733719,0.5399512052536011,-0.12946532666683197,0.7777314186096191,190,291
235,7833,20,0.2065274864435196,0.5283042192459106,0.021973395720124245,0.02991933375597,198,285
235,7833,21,0.19923846423625946,0.5305269360542297,-0.11618806421756744,0.7086012959480286,191,286
235,7833,22,0.2073306292295456,0.5196399688720703,0.03349314630031586,0.031175676733255386,199,280
235,7833,23,0.19156497716903687,0.5091652870178223,-0.053509797900915146,0.9999572038650513,183,274
235,7833,24,0.21612855792045593,0.5050483345985413,0.053467560559511185,0.9999080896377563,207,272
235,7833,25,0.17140349745750427,0.6279217004776001,0.05872366577386856,0.9749788641929626,164,339
235,7833,26,0.22236543893814087,0.6192566752433777,0.09680647403001785,0.6724748611450195,213,334
235,7833,27,0.1587788462638855,0.7546024918556213,0.13252930343151093,0.9769119620323181,152,407
235,7833,28,0.2529997229576111,0.7314967513084412,0.15607209503650665,0.855087161064148,242,395
235,7833,29,0.1655339151620865,0.7814450860023499,0.13666792213916779,0.947408139705658,158,421
235,7833,30,0.26846691966056824,0.7519301176071167,0.16070206463336945,0.8676964640617371,257,406
235,7833,31,0.12091909348964691,0.7651547789573669,0.09864073246717453,0.9690027832984924,116,413
235,7833,32,0.23153123259544373,0.7626177072525024,0.1385376900434494,0.8696262240409851,222,411
236,7866,0,0.17055180668830872,0.2503921687602997,-0.035241805016994476,0.9988505840301514,163,135
236,7866,1,0.1712334007024765,0.23790211975574493,-0.05152105912566185,0.9987181425094604,164,128
236,7866,2,0.17049886286258698,0.23795239627361298,-0.051657967269420624,0.9988022446632385,163,128
236,7866,3,0.1694951206445694,0.2379852831363678,-0.051626671105623245,0.999065101146698,162,128
236,7866,4,0.17472270131111145,0.23648127913475037,-0.033621691167354584,0.9986960887908936,167,127
236,7866,5,0.17650502920150757,0.23560906946659088,-0.033799123018980026,0.9988754987716675,169,127
236,7866,6,0.1781015694141388,0.2346642166376114,-0.03385021910071373,0.9990277290344238,170,126
236,7866,7,0.1722211092710495,0.24273574352264404,-0.0937168225646019,0.9996430277824402,165,131
236,7866,8,0.18518130481243134,0.23917007446289062,-0.016999466344714165,0.9986448287963867,177,129
236,7866,9,0.1716269850730896,0.26098477840423584,-0.045451514422893524,0.9986247420310974,164,140
236,7866,10,0.17440539598464966,0.2609853744506836,-0.023280629888176918,0.9976568818092346,167,140
236,7866,11,0.1826082319021225,0.31520211696624756,-0.13266131281852722,0.9999622702598572,175,170
236,7866,12,0.20286771655082703,0.31091320514678955,0.05233929306268692,0.9985595941543579,194,167
236,7866,13,0.1923658400774002,0.4196522533893585,-0.15011045336723328,0.9728531837463379,184,226
236,7866,14,0.20137621462345123,0.4122270941734314,0.07416839897632599,0.01586942747235298,193,222
236,7866,15,0.18365666270256042,0.49527502059936523,-0.14612242579460144,0.8390532732009888,176,267
236,7866,16,0.195357084274292,0.4767211377620697,0.04412747547030449,0.018565136939287186,187,257
236,7866,17,0.1830754578113556,0.5239896774291992,-0.16063067317008972,0.8044462203979492,175,282
236,7866,18,0.19759538769721985,0.5022397041320801,0.04017449542880058,0.030857929959893227,189,271
236,7866,19,0.18017029762268066,0.5165923237800598,-0.15957698225975037,0.7962191700935364,172,278
236,7866,20,0.19422647356987,0.500678300857544,0.024691889062523842,0.030786722898483276,186,270
236,7866,21,0.1808367669582367,0.5055947303771973,-0.1439291089773178,0.7315693497657776,173,273
236,7866,22,0.19354376196861267,0.49480879306793213,0.0357772558927536,0.03204144164919853,185,267
236,7866,23,0.18521767854690552,0.5083065629005432,-0.05416726693511009,0.9999603629112244,177,274
236,7866,24,0.20555917918682098,0.5041284561157227,0.05414865165948868,0.9999144673347473,197,272
236,7866,25,0.16243983805179596,0.6277961134910583,0.04475529491901398,0.9770370721817017,155,339
236,7866,26,0.21913859248161316,0.6159371137619019,0.06581997871398926,0.7027173638343811,210,332
236,7866,27,0.15315182507038116,0.7536538243293762,0.09553574025630951,0.9790864586830139,147,406
236,7866,28,0.25596094131469727,0.7195977568626404,0.09184696525335312,0.8689218163490295,245,388
236,7866,29,0.15983173251152039,0.7798586487770081,0.09719261527061462,0.9521093964576721,153,421
236,7866,30,0.27477607131004333,0.736663818359375,0.09336573630571365,0.8803096413612366,263,397
236,7866,31,0.11555317044258118,0.7711040377616882,0.053966786712408066,0.9717098474502563,110,416
236,7866,32,0.23980498313903809,0.761405885219574,0.06638330966234207,0.8817004561424255,230,411
237,7900,0,0.16869919002056122,0.2512863576412201,-0.036302030086517334,0.9989421963691711,161,135
237,7900,1,0.16980291903018951,0.23869428038597107,-0.05248742178082466,0.9988309144973755,163,128
237,7900,2,0.16928693652153015,0.23872044682502747,-0.052624013274908066,0.9989086389541626,162,128
237,7900,3,0.1685783863067627,0.23871208727359772,-0.05259065330028534,0.9991472959518433,161,128
237,7900,4,0.1726628690958023,0.23767711222171783,-0.0347161665558815,0.9988101720809937,165,128
237,7900,5,0.174042209982872,0.23693399131298065,-0.03489615395665169,0.9989739656448364,167,127
237,7900,6,0.1753179281949997,0.23608313500881195,-0.0349494069814682,0.9991099834442139,168,127
237,7900,7,0.17204532027244568,0.24410513043403625,-0.09342121332883835,0.9996746182441711,165,131
237,7900,8,0.1822076290845871,0.2404869645833969,-0.01593361794948578,0.9987581372261047,174,129
237,7900,9,0.17050538957118988,0.2615748941898346,-0.04623616114258766,0.9987332820892334,163,141
237,7900,10,0.17257782816886902,0.26160675287246704,-0.02433212660253048,0.9978374242782593,165,141
237,7900,11,0.18163953721523285,0.314929336309433,-0.1301213949918747,0.9999634027481079,174,170
237,7900,12,0.20153580605983734,0.3108753263950348,0.052036020904779434,0.9985790848731995,193,167
237,7900,13,0.18986204266548157,0.4153084456920624,-0.14805340766906738,0.9746091961860657,182,224
237,7900,14,0.20476099848747253,0.40470749139785767,0.07177664339542389,0.015446921810507774,196,218
237,7900,15,0.1838371902704239,0.49500077962875366,-0.13768234848976135,0.8503334522247314,176,267
237,7900,16,0.19705526530742645,0.4711172580718994,0.040332164615392685,0.018356366083025932,189,254
237,7900,17,0.18268416821956635,0.5186737179756165,-0.1497907191514969,0.8178009986877441,175,280
237,7900,18,0.19674596190452576,0.49553120136260986,0.036526791751384735,0.030803173780441284,188,267
237,7900,19,0.18057750165462494,0.5172538161277771,-0.15019838511943817,0.8099969029426575,173,279
237,7900,20,0.19505392014980316,0.4949294924736023,0.022244570776820183,0.030608687549829483,187,267
237,7900,21,0.18110457062721252,0.5087345838546753,-0.1358642280101776,0.7480782866477966,173,274
237,7900,22,0.1934588998556137,0.4852798879146576,0.03240162506699562,0.03192201256752014,185,262
237,7900,23,0.18348819017410278,0.5070334076881409,-0.054426632821559906,0.9999632239341736,176,273
237,7900,24,0.2035095989704132,0.5023491382598877,0.054412636905908585,0.9999203085899353,195,271
237,7900,25,0.1623324453830719,0.6276273727416992,0.03935583308339119,0.9790596961975098,155,338
237,7900,26,0.21962377429008484,0.6142706274986267,0.06486101448535919,0.7304232716560364,210,331
237,7900,27,0.15332919359207153,0.7529405951499939,0.08859886229038239,0.981089174747467,147,406
237,7900,28,0.25970304012298584,0.7190626263618469,0.09989292174577713,0.8812993168830872,249,388
237,7900,29,0.1613299399614334,0.7789439558982849,0.09014089405536652,0.9564816951751709,154,420
237,7900,30,0.27603352069854736,0.7350094318389893,0.10233358293771744,0.8915565609931946,264,396
237,7900,31,0.11585409194231033,0.7712265849113464,0.04673658683896065,0.9742326140403748,111,416
237,7900,32,0.2423587292432785,0.761269748210907,0.07755201309919357,0.8923981189727783,232,411
238,7933,0,0.1636497974395752,0.250921368598938,-0.012936513870954514,0.9989734888076782,157,135
238,7933,1,0.16344015300273895,0.23851844668388367,-0.030525216832756996,0.998894214630127,156,128
238,7933,2,0.1623142510652542,0.23856297135353088,-0.03065265156328678,0.9989741444587708,155,128
238,7933,3,0.16099438071250916,0.23858052492141724,-0.030629534274339676,0.9991955757141113,154,128
238,7933,4,0.1679210662841797,0.23737959563732147,-0.0157668124884367,0.998875081539154,161,128
238,7933,5,0.17012667655944824,0.2365744262933731,-0.0159477349370718,0.9990342855453491,163,127
238,7933,6,0.17219458520412445,0.23572120070457458,-0.016016310080885887,0.9991539716720581,165,127
238,7933,7,0.1626625508069992,0.243890181183815,-0.08181169629096985,0.9996970295906067,156,131
238,7933,8,0.17811232805252075,0.24039430916309357,-0.014497814700007439,0.9988358616828918,170,129
238,7933,9,0.16379506886005402,0.2614089548587799,-0.02642025612294674,0.9988213181495667,157,141
238,7933,10,0.167569100856781,0.2612781822681427,-0.008498406037688255,0.997988760471344,160,141
238,7933,11,0.17222629487514496,0.31490299105644226,-0.12674860656261444,0.9999651908874512,165,170
238,7933,12,0.19661679863929749,0.31085699796676636,0.03865542635321617,0.9986448884010315,188,167
238,7933,13,0.17697882652282715,0.4155520796775818,-0.14629970490932465,0.9767258763313293,169,224
238,7933,14,0.19933827221393585,0.40263721346855164,0.05002778396010399,0.02759978547692299,191,217
238,7933,15,0.1741412729024887,0.49415045976638794,-0.13620485365390778,0.860756516456604,167,266
238,7933,16,0.18757231533527374,0.46737492084503174,0.03331616893410683,0.017703216522932053,180,252
238,7933,17,0.17245043814182281,0.5165745615959167,-0.14590469002723694,0.8300341963768005,165,278
238,7933,18,0.1861857771873474,0.4952605068683624,0.03256085142493248,0.029296597465872765,178,267
238,7933,19,0.17069578170776367,0.517230212688446,-0.1468493491411209,0.8226638436317444,163,279
238,7933,20,0.18458682298660278,0.4927992522716522,0.02034389227628708,0.02901848405599594,177,266
238,7933,21,0.17080682516098022,0.5078850388526917,-0.13450054824352264,0.7632002234458923,163,274
238,7933,22,0.1846093088388443,0.4847871661186218,0.026918035000562668,0.030409911647439003,177,261
238,7933,23,0.1772969663143158,0.5067560076713562,-0.05168953165411949,0.9999660849571228,170,273
238,7933,24,0.19867806136608124,0.5014788508415222,0.05166689306497574,0.9999263286590576,190,270
238,7933,25,0.15701907873153687,0.627521276473999,0.04757614806294441,0.9809498190879822,150,338
238,7933,26,0.20612238347530365,0.6141744256019592,0.06674208492040634,0.7561578750610352,197,331
238,7933,27,0.15373675525188446,0.7524529099464417,0.0924188643693924,0.9829443097114563,147,406
238,7933,28,0.25778868794441223,0.7089054584503174,0.08062458783388138,0.8928297162055969,247,382
238,7933,29,0.16179580986499786,0.7783437371253967,0.09445096552371979,0.9606867432594299,155,420
238,7933,30,0.27400684356689453,0.7220561504364014,0.08125194907188416,0.9020798206329346,263,389
238,7933,31,0.11442127823829651,0.7764245867729187,0.047947388142347336,0.9766650199890137,109,419
238,7933,32,0.24361342191696167,0.7612789869308472,0.0610663928091526,0.9024902582168579,233,411
239,7966,0,0.15929394960403442,0.2500033676624298,-0.026824194937944412,0.9989056587219238,152,135
239,7966,1,0.1609600931406021,0.23771162331104279,-0.04146885499358177,0.9988151788711548,154,128
239,7966,2,0.16053037345409393,0.2376806139945984,-0.04158457741141319,0.9989039301872253,154,128
239,7966,3,0.1598873734474182,0.2376389056444168,-0.0415787436068058,0.9991456866264343,153,128
239,7966,4,0.1637151688337326,0.23676232993602753,-0.024042101576924324,0.9987671971321106,157,127
239,7966,5,0.16516439616680145,0.23603607714176178,-0.024228041991591454,0.9989305734634399,158,127
239,7966,6,0.1664988249540329,0.23521116375923157,-0.02430116944015026,0.9990625977516174,159,127
239,7966,7,0.16338451206684113,0.24305224418640137,-0.08537758886814117,0.999674379825592,156,131
239,7966,8,0.17401789128780365,0.2398671805858612,-0.01244070939719677,0.9986699819564819,167,129
239,7966,9,0.16140833497047424,0.2602739930152893,-0.03483416140079498,0.9987028241157532,154,140
239,7966,10,0.16358430683612823,0.26028603315353394,-0.013514561578631401,0.9977638721466064,157,140
239,7966,11,0.17357021570205688,0.313020795583725,-0.12781040370464325,0.9999637603759766,166,169
239,7966,12,0.19268852472305298,0.30974820256233215,0.05387061834335327,0.9984682202339172,184,167
239,7966,13,0.17572109401226044,0.41374117136001587,-0.1470739096403122,0.9765815734863281,168,223
239,7966,14,0.19551417231559753,0.40139397978782654,0.073541559278965,0.025101158767938614,187,216
239,7966,15,0.1739770621061325,0.4953644275665283,-0.14004698395729065,0.8635962605476379,167,267
239,7966,16,0.18385477364063263,0.4704018533229828,0.043785035610198975,0.016382303088903427,176,254
239,7966,17,0.17434199154376984,0.5180274844169617,-0.15363524854183197,0.8315048217773438,167,279
239,7966,18,0.182320699095726,0.49602627754211426,0.04145180433988571,0.02724262699484825,175,267
239,7966,19,0.1708633154630661,0.5177444815635681,-0.15410712361335754,0.8235051035881042,164,279
239,7966,20,0.18122224509716034,0.49462437629699707,0.026870815083384514,0.026970744132995605,173,267
239,7966,21,0.17101135849952698,0.5092688202857971,-0.1384904533624649,0.7602266669273376,164,275
239,7966,22,0.18064378201961517,0.4863746464252472,0.03577130287885666,0.02828005701303482,173,262
239,7966,23,0.1777070015668869,0.5031383633613586,-0.052369534969329834,0.9999644160270691,170,271
239,7966,24,0.19480974972248077,0.49960169196128845,0.05234178155660629,0.999920129776001,187,269
239,7966,25,0.16242146492004395,0.6270080208778381,0.0017086684238165617,0.9798028469085693,155,338
239,7966,26,0.19626732170581818,0.6167680621147156,0.07215913385152817,0.7235275506973267,188,333
239,7966,27,0.1728070080280304,0.752133309841156,0.05598372220993042,0.9832851886749268,165,406
239,7966,28,0.21444059908390045,0.7384848594665527,0.1051969900727272,0.8774869441986084,205,398
239,7966,29,0.18296918272972107,0.7778394222259521,0.057966843247413635,0.959173858165741,175,420
239,7966,30,0.22330999374389648,0.7603673934936523,0.10708959400653839,0.8859452605247498,214,410
239,7966,31,0.14974737167358398,0.7749781608581543,0.014823706820607185,0.9761986136436462,143,418
239,7966,32,0.19311846792697906,0.7667471170425415,0.08384696394205093,0.8892885446548462,185,414
240,8000,0,0.15325354039669037,0.2498462200164795,-0.019755568355321884,0.9986036419868469,147,134
240,8000,1,0.15380577743053436,0.23752763867378235,-0.035699762403964996,0.9986283183097839,147,128
240,8000,2,0.1530129462480545,0.23749226331710815,-0.03582744300365448,0.9987266659736633,146,128
240,8000,3,0.1519848257303238,0.23745399713516235,-0.03581232205033302,0.999010443687439,145,128
240,8000,4,0.15749841928482056,0.2363993525505066,-0.01920170709490776,0.9985920190811157,151,127
240,8000,5,0.15940581262111664,0.2354981154203415,-0.019406981766223907,0.9987839460372925,153,127
240,8000,6,0.16123642027378082,0.23448476195335388,-0.019493311643600464,0.9989361763000488,154,126
240,8000,7,0.15491868555545807,0.2428222894668579,-0.07996837049722672,0.9996243119239807,148,131
240,8000,8,0.16793881356716156,0.2391113042831421,-0.00722173135727644,0.9984902739524841,161,129
240,8000,9,0.15490208566188812,0.2601765990257263,-0.03005310148000717,0.998508632183075,148,140
240,8000,10,0.1573687046766281,0.2600746750831604,-0.009870621375739574,0.9974350333213806,151,140
240,8000,11,0.1646445393562317,0.3121400475502014,-0.1193811222910881,0.9999566078186035,158,168
240,8000,12,0.18937009572982788,0.30977845191955566,0.053871963173151016,0.998386025428772,181,167
240,8000,13,0.16726702451705933,0.41396817564964294,-0.1285049021244049,0.9710369110107422,160,223
240,8000,14,0.1895185112953186,0.40253522992134094,0.07225988060235977,0.023204540833830833,181,217
240,8000,15,0.15599076449871063,0.48702409863471985,-0.09773390740156174,0.8328404426574707,149,262
240,8000,16,0.17594929039478302,0.469856321811676,0.043328721076250076,0.015617297030985355,168,253
240,8000,17,0.1510666012763977,0.507303774356842,-0.1052812710404396,0.8024885654449463,145,273
240,8000,18,0.1740005761384964,0.4873487055301666,0.04086928814649582,0.02620338276028633,167,263
240,8000,19,0.15120431780815125,0.5066827535629272,-0.10530603677034378,0.7937232851982117,145,273
240,8000,20,0.1695440262556076,0.4856344759464264,0.026392821222543716,0.02590096741914749,162,262
240,8000,21,0.15397082269191742,0.5014109015464783,-0.09529215842485428,0.7272728681564331,147,270
240,8000,22,0.16960379481315613,0.47985342144966125,0.03534067049622536,0.027169978246092796,162,259
240,8000,23,0.1711658537387848,0.49898234009742737,-0.05173518881201744,0.9999663233757019,164,269
240,8000,24,0.1915813535451889,0.49561581015586853,0.05171477794647217,0.9999253153800964,183,267
240,8000,25,0.154079869389534,0.6234298944473267,0.015352359972894192,0.9801459312438965,147,336
240,8000,26,0.18820463120937347,0.6160407066345215,0.03601526841521263,0.7446305155754089,180,332
240,8000,27,0.1562996655702591,0.7481791973114014,0.06776995956897736,0.9842857718467712,150,404
240,8000,28,0.2335042506456375,0.7106502056121826,0.05278492346405983,0.8861488103866577,224,383
240,8000,29,0.16492503881454468,0.7727924585342407,0.07006780058145523,0.9608508944511414,158,417
240,8000,30,0.2403315156698227,0.7182571291923523,0.05394517257809639,0.8938958644866943,230,387
240,8000,31,0.1269104927778244,0.7739878296852112,0.03404701501131058,0.9761841297149658,121,417
240,8000,32,0.2187892347574234,0.7641142010688782,0.03438764065504074,0.89410001039505,210,412
241,8033,0,0.15106333792209625,0.24984249472618103,-0.022701529785990715,0.998532235622406,145,134
241,8033,1,0.15120138227939606,0.23764275014400482,-0.03808632120490074,0.9986248016357422,145,128
241,8033,2,0.15042288601398468,0.23766875267028809,-0.03821100294589996,0.9987169504165649,144,128
241,8033,3,0.14949451386928558,0.23770491778850555,-0.03818848356604576,0.9989991784095764,143,128
241,8033,4,0.15496887266635895,0.2364111840724945,-0.021698929369449615,0.9985983371734619,148,127
241,8033,5,0.15669652819633484,0.2355058193206787,-0.021906079724431038,0.9987882375717163,150,127
241,8033,6,0.15831950306892395,0.23449096083641052,-0.02199239283800125,0.9989385604858398,151,126
241,8033,7,0.15318208932876587,0.24304312467575073,-0.07835309952497482,0.9996178150177002,147,131
241,8033,8,0.16569757461547852,0.23910346627235413,-0.00576092628762126,0.998492956161499,159,129
241,8033,9,0.15302054584026337,0.2601833641529083,-0.032200757414102554,0.9984181523323059,146,140
241,8033,10,0.15578816831111908,0.2600787580013275,-0.012178723700344563,0.9973008632659912,149,140
241,8033,11,0.1633038967847824,0.31028637290000916,-0.11506099253892899,0.9999485611915588,156,167
241,8033,12,0.185843363404274,0.3086860179901123,0.053988512605428696,0.998291015625,178,166
241,8033,13,0.16701120138168335,0.4140099287033081,-0.1252998411655426,0.9671100974082947,160,223
241,8033,14,0.1900048553943634,0.40279996395111084,0.07248353213071823,0.02152279205620289,182,217
241,8033,15,0.15270201861858368,0.4843751788139343,-0.09262248128652573,0.8055042624473572,146,261
241,8033,16,0.17905445396900177,0.47129783034324646,0.04895782470703125,0.014839612878859043,171,254
241,8033,17,0.14910270273685455,0.5062423944473267,-0.09927403181791306,0.7764635682106018,143,273
241,8033,18,0.1776854693889618,0.4894978702068329,0.047732528299093246,0.025073030963540077,170,264
241,8033,19,0.14930231869220734,0.5066226720809937,-0.09872966259717941,0.7668382525444031,143,273
241,8033,20,0.17292599380016327,0.48854076862335205,0.034114398062229156,0.02472798526287079,166,263
241,8033,21,0.15082137286663055,0.49904772639274597,-0.08987460285425186,0.6979437470436096,144,269
241,8033,22,0.17287546396255493,0.48257434368133545,0.04150950908660889,0.02598481811583042,165,260
241,8033,23,0.1692536175251007,0.4954049587249756,-0.051114942878484726,0.9999679923057556,162,267
241,8033,24,0.19032424688339233,0.49134352803230286,0.05109916627407074,0.9999299645423889,182,265
241,8033,25,0.1513969600200653,0.6217473149299622,0.019152415916323662,0.9813318252563477,145,335
241,8033,26,0.1898389458656311,0.6124647855758667,0.034783247858285904,0.7658804655075073,182,330
241,8033,27,0.15249228477478027,0.7464713454246521,0.06273510307073593,0.9856049418449402,146,403
241,8033,28,0.23934902250766754,0.7044334411621094,0.04456818476319313,0.8956301808357239,229,380
241,8033,29,0.1602809578180313,0.7700648307800293,0.06435581296682358,0.9637367725372314,153,415
241,8033,30,0.24961641430854797,0.7098132371902466,0.044919706881046295,0.9023998379707336,239,383
241,8033,31,0.12061257660388947,0.7735198736190796,0.03129211813211441,0.9776082038879395,115,417
241,8033,32,0.23016931116580963,0.7635113596916199,0.02369772456586361,0.9012621641159058,220,412
242,8066,0,0.14455659687519073,0.24916687607765198,-0.0020274522248655558,0.9984534978866577,138,134
242,8066,1,0.144925057888031,0.23710934817790985,-0.0183042511343956,0.998620867729187,139,128
242,8066,2,0.14417825639247894,0.2370893955230713,-0.018414653837680817,0.998694896697998,138,128
242,8066,3,0.14320406317710876,0.23710991442203522,-0.018387192860245705,0.9989883303642273,137,128
242,8066,4,0.14852622151374817,0.23584136366844177,-0.0023315632715821266,0.9986058473587036,142,127
242,8066,5,0.15025587379932404,0.23487147688865662,-0.002539815613999963,0.9987872838973999,144,126
242,8066,6,0.1522047370672226,0.2337193340063095,-0.002621680498123169,0.9989495277404785,146,126
242,8066,7,0.14638982713222504,0.24212151765823364,-0.06312316656112671,0.9996055960655212,140,130
242,8066,8,0.1593010425567627,0.23806259036064148,0.008060448803007603,0.9985009431838989,152,128
242,8066,9,0.14613710343837738,0.2591676115989685,-0.013262812048196793,0.9983716607093811,140,139
242,8066,10,0.14895004034042358,0.2593494653701782,0.006116312462836504,0.9972469210624695,142,140
242,8066,11,0.15397779643535614,0.30959784984588623,-0.10223917663097382,0.9999435544013977,147,167
242,8066,12,0.1833195984363556,0.30860090255737305,0.060659099370241165,0.9982565641403198,175,166
242,8066,13,0.15635530650615692,0.41393548250198364,-0.1031351089477539,0.9602904319763184,150,223
242,8066,14,0.18787316977977753,0.40127044916152954,0.0812947005033493,0.02025260031223297,180,216
242,8066,15,0.14372879266738892,0.48156970739364624,-0.05714539438486099,0.7662051916122437,137,260
242,8066,16,0.17623239755630493,0.4603692591190338,0.061945512890815735,0.014363584108650684,169,248
242,8066,17,0.14001943171024323,0.5013836622238159,-0.06072399765253067,0.7391670346260071,134,270
242,8066,18,0.17621684074401855,0.4810643494129181,0.06088148429989815,0.024357521906495094,169,259
242,8066,19,0.1409323811531067,0.49698013067245483,-0.06045307591557503,0.7285507917404175,135,268
242,8066,20,0.1716221123933792,0.4804743528366089,0.048510193824768066,0.023958198726177216,164,259
242,8066,21,0.14207802712917328,0.4920284152030945,-0.05405275896191597,0.6589025855064392,136,265
242,8066,22,0.17129230499267578,0.4751078188419342,0.05498088151216507,0.025171130895614624,164,256
242,8066,23,0.16295213997364044,0.490153044462204,-0.04979058355093002,0.9999698400497437,156,264
242,8066,24,0.18467149138450623,0.4880247414112091,0.04976484552025795,0.999934732913971,177,263
242,8066,25,0.14946655929088593,0.6187041997909546,0.006969243288040161,0.9822964072227478,143,334
242,8066,26,0.17358103394508362,0.6087184548377991,0.03143130987882614,0.7830622792243958,166,328
242,8066,27,0.15166215598583221,0.7462033033370972,0.043659284710884094,0.986702561378479,145,402
242,8066,28,0.23181703686714172,0.6932092905044556,0.04612446948885918,0.9024351239204407,222,374
242,8066,29,0.15990713238716125,0.769474983215332,0.04557244852185249,0.9658073782920837,153,415
242,8066,30,0.24637100100517273,0.6952003836631775,0.04747731611132622,0.9082412719726562,236,375
242,8066,31,0.11928796023130417,0.7731746435165405,0.014147019013762474,0.9785864949226379,114,417
242,8066,32,0.2307102233171463,0.7585031986236572,0.028359027579426765,0.9049031138420105,221,409
243,8100,0,0.14334170520305634,0.24809688329696655,-0.00250649219378829,0.998142421245575,137,133
243,8100,1,0.14331550896167755,0.23663358390331268,-0.01776912249624729,0.9980197548866272,137,127
243,8100,2,0.14242121577262878,0.23673200607299805,-0.017873261123895645,0.9979795813560486,136,127
243,8100,3,0.1413809359073639,0.23686616122722626,-0.017871174961328506,0.9984199404716492,135,127
243,8100,4,0.1472228467464447,0.2350732982158661,-0.0011509029427543283,0.9980913400650024,141,126
243,8100,5,0.14887861907482147,0.23410317301750183,-0.0013482047943398356,0.9983410239219666,142,126
243,8100,6,0.1504555195569992,0.2329910844564438,-0.0014188498025760055,0.9986701011657715,144,125
243,8100,7,0.14457367360591888,0.2418975830078125,-0.0588005930185318,0.9993361234664917,138,130
243,8100,8,0.1579136848449707,0.23707719147205353,0.016696954146027565,0.9980197548866272,151,128
243,8100,9,0.14496609568595886,0.25804683566093445,-0.012749899178743362,0.9974851012229919,139,139
243,8100,10,0.1485690176486969,0.25798720121383667,0.007794716861099005,0.9961142539978027,142,139
243,8100,11,0.15361981093883514,0.30636516213417053,-0.09935951232910156,0.9999330639839172,147,165
243,8100,12,0.17906978726387024,0.30709102749824524,0.07214077562093735,0.9982630014419556,171,165
243,8100,13,0.15927620232105255,0.4096612334251404,-0.11591710895299911,0.9294498562812805,152,221
243,8100,14,0.1861380785703659,0.39742499589920044,0.08397471159696579,0.018320171162486076,178,214
243,8100,15,0.14547643065452576,0.4781408905982971,-0.08221489936113358,0.6968427300453186,139,258
243,8100,16,0.17364320158958435,0.4601103663444519,0.05791061371564865,0.013130041770637035,166,248
243,8100,17,0.140647754073143,0.49579229950904846,-0.089729905128479,0.6727486252784729,135,267
243,8100,18,0.17089274525642395,0.47912201285362244,0.056678686290979385,0.022341743111610413,164,258
243,8100,19,0.1409643441438675,0.4982789158821106,-0.087644562125206,0.6625688672065735,135,269
243,8100,20,0.16336917877197266,0.47940927743911743,0.04411613196134567,0.02197643369436264,156,258
243,8100,21,0.1427019238471985,0.48964330554008484,-0.0790388360619545,0.5976766347885132,136,264
243,8100,22,0.16629940271377563,0.4749907851219177,0.05064644291996956,0.02308381348848343,159,256
243,8100,23,0.16313600540161133,0.4879898726940155,-0.0509309321641922,0.9999673366546631,156,263
243,8100,24,0.18187786638736725,0.48635801672935486,0.05086783692240715,0.9999340176582336,174,262
243,8100,25,0.15321923792362213,0.6171780824661255,-0.07166852056980133,0.9768805503845215,147,333
243,8100,26,0.1642421931028366,0.6082857847213745,0.04607044532895088,0.7185888886451721,157,328
243,8100,27,0.2233620136976242,0.699442446231842,-0.0513068251311779,0.978525698184967,214,377
243,8100,28,0.16647538542747498,0.7334687113761902,0.047491904348134995,0.8619418144226074,159,396
243,8100,29,0.23685255646705627,0.7021462321281433,-0.05138765275478363,0.9472225308418274,227,379
243,8100,30,0.16434890031814575,0.7547541856765747,0.04510790482163429,0.8677999973297119,157,407
243,8100,31,0.2091464400291443,0.7594686150550842,-0.0787029042840004,0.9672194123268127,200,410
243,8100,32,0.12594635784626007,0.7625510096549988,0.020248781889677048,0.8689430952072144,120,411
244,8133,0,0.13753630220890045,0.24669136106967926,-0.008549666032195091,0.9980810284614563,132,133
244,8133,1,0.13737644255161285,0.23510533571243286,-0.02419106476008892,0.9978033900260925,131,126
244,8133,2,0.13646872341632843,0.23521126806735992,-0.024302471429109573,0.9977294206619263,131,127
244,8133,3,0.13536204397678375,0.2353920340538025,-0.024296339601278305,0.9982167482376099,129,127
244,8133,4,0.14140135049819946,0.23371046781539917,-0.007584802340716124,0.9979032874107361,135,126
244,8133,5,0.14350703358650208,0.23272715508937836,-0.007778757251799107,0.9981803894042969,137,125
244,8133,6,0.14536142349243164,0.23168297111988068,-0.007846144028007984,0.9985706210136414,139,125
244,8133,7,0.13858343660831451,0.24092206358909607,-0.06586357951164246,0.9992306232452393,133,130
244,8133,8,0.15234346687793732,0.23609356582164764,0.009558916091918945,0.9978536367416382,146,127
244,8133,9,0.13877956569194794,0.2568497955799103,-0.018761228770017624,0.9971174597740173,133,138
244,8133,10,0.14207576215267181,0.2571057677268982,0.0017629691865295172,0.9956673383712769,136,138
244,8133,11,0.14649304747581482,0.3059470057487488,-0.10647662729024887,0.9999261498451233,140,165
244,8133,12,0.1755141168832779,0.3055282235145569,0.06795582175254822,0.9982932209968567,168,164
244,8133,13,0.14847198128700256,0.40998074412345886,-0.12232696264982224,0.9023597240447998,142,221
244,8133,14,0.18310020864009857,0.39642080664634705,0.08108817040920258,0.016586344689130783,175,214
244,8133,15,0.13661812245845795,0.4814359247684479,-0.08561524003744125,0.6359090805053711,131,259
244,8133,16,0.16860957443714142,0.46115389466285706,0.0560983344912529,0.012025256641209126,161,249
244,8133,17,0.13324102759361267,0.49988657236099243,-0.09302938729524612,0.6145046353340149,127,269
244,8133,18,0.16698405146598816,0.48042845726013184,0.055664513260126114,0.02055390179157257,160,259
244,8133,19,0.1322009563446045,0.5011098384857178,-0.09064047038555145,0.6048257350921631,126,270
244,8133,20,0.16179291903972626,0.4817027449607849,0.04345801845192909,0.02022411674261093,155,260
244,8133,21,0.13392604887485504,0.4899710714817047,-0.0822313204407692,0.543753981590271,128,264
244,8133,22,0.16269199550151825,0.4767056405544281,0.04900326207280159,0.021249767392873764,156,257
244,8133,23,0.15932534635066986,0.48888373374938965,-0.054174378514289856,0.9999622106552124,152,263
244,8133,24,0.17570509016513824,0.48647162318229675,0.05408143252134323,0.9999299645423889,168,262
244,8133,25,0.1502274125814438,0.6163180470466614,-0.07982398569583893,0.9705398082733154,144,332
244,8133,26,0.15759707987308502,0.6061098575592041,0.06356225162744522,0.6567810773849487,151,327
244,8133,27,0.2198343127965927,0.6880373358726501,-0.051425281912088394,0.9671356678009033,211,371
244,8133,28,0.15419121086597443,0.7378798723220825,0.06485121697187424,0.8203378915786743,148,398
244,8133,29,0.2346663475036621,0.6876073479652405,-0.05029706284403801,0.9254173040390015,225,371
244,8133,30,0.1612243503332138,0.7625299692153931,0.06412757188081741,0.8290855884552002,154,411
244,8133,31,0.2109888345003128,0.7474262118339539,-0.07179531455039978,0.9545813202857971,202,403
244,8133,32,0.12216264754533768,0.7645217180252075,0.04055776819586754,0.8347957134246826,117,412
245,8166,0,0.1351774036884308,0.24638168513774872,-0.011957064270973206,0.9982208013534546,129,133
245,8166,1,0.1362953931093216,0.23463700711727142,-0.02460394613444805,0.9979512095451355,130,126
245,8166,2,0.13590040802955627,0.2346784919500351,-0.024687521159648895,0.9978806972503662,130,126
245,8166,3,0.13528701663017273,0.2347867637872696,-0.0247044675052166,0.998332679271698,129,126
245,8166,4,0.13881227374076843,0.23336972296237946,-0.010581902228295803,0.998035728931427,133,126
245,8166,5,0.14006997644901276,0.23242881894111633,-0.010778806172311306,0.9982921481132507,134,125
245,8166,6,0.14113964140415192,0.2314009666442871,-0.010850467719137669,0.9986593723297119,135,124
245,8166,7,0.13936281204223633,0.24045468866825104,-0.06907684355974197,0.9992771148681641,133,129
245,8166,8,0.14850810170173645,0.23543861508369446,0.014558120630681515,0.9979682564735413,142,127
245,8166,9,0.13771295547485352,0.2565552592277527,-0.01934162713587284,0.9972447752952576,132,138
245,8166,10,0.1398533433675766,0.2566263675689697,-0.0014478135854005814,0.9958506226539612,134,138
245,8166,11,0.1474892497062683,0.30545079708099365,-0.10769086331129074,0.9999263286590576,141,164
245,8166,12,0.17185942828655243,0.3040851354598999,0.0830245316028595,0.9983507990837097,164,164
245,8166,13,0.150443896651268,0.4096803367137909,-0.12582296133041382,0.9040660858154297,144,221
245,8166,14,0.1805223971605301,0.3971121609210968,0.09921596944332123,0.015120850875973701,173,214
245,8166,15,0.13711939752101898,0.4826362431049347,-0.08976088464260101,0.6029568910598755,131,260
245,8166,16,0.16906529664993286,0.46159741282463074,0.06673289090394974,0.011132760904729366,162,249
245,8166,17,0.13490448892116547,0.5008190870285034,-0.09815963357686996,0.5803566575050354,129,270
245,8166,18,0.16840264201164246,0.47963324189186096,0.06642946600914001,0.019137181341648102,161,259
245,8166,19,0.13465550541877747,0.5017542243003845,-0.09541217237710953,0.5701912641525269,129,270
245,8166,20,0.16395165026187897,0.481648713350296,0.053586628288030624,0.018841231241822243,157,260
245,8166,21,0.1352560818195343,0.49093055725097656,-0.08605660498142242,0.5076035857200623,129,265
245,8166,22,0.1642991155385971,0.4759880304336548,0.05909452587366104,0.019853994250297546,157,257
245,8166,23,0.15955403447151184,0.48662593960762024,-0.06168750301003456,0.9999604821205139,153,262
245,8166,24,0.17144271731376648,0.48453453183174133,0.06161382049322128,0.9999293088912964,164,261
245,8166,25,0.15107081830501556,0.6150217056274414,-0.09183721989393234,0.9714040160179138,145,332
245,8166,26,0.15204383432865143,0.6046819090843201,0.06226864829659462,0.6229763031005859,145,326
245,8166,27,0.21915502846240997,0.6886382699012756,-0.05041401460766792,0.9659565687179565,210,371
245,8166,28,0.15286065638065338,0.7381982803344727,0.07031503319740295,0.809965193271637,146,398
245,8166,29,0.23516733944416046,0.6848750710487366,-0.0478372648358345,0.9187884330749512,225,369
245,8166,30,0.16281132400035858,0.7618069648742676,0.07000597566366196,0.8172398209571838,156,411
245,8166,31,0.21594572067260742,0.7476694583892822,-0.06970908492803574,0.9528926610946655,207,403
245,8166,32,0.12187770009040833,0.7660473585128784,0.047748539596796036,0.8283712863922119,117,413
246,8200,0,0.13249163329601288,0.2420576810836792,-0.010859494097530842,0.9939585328102112,127,130
246,8200,1,0.13158997893333435,0.23055700957775116,-0.02660040743649006,0.9943015575408936,126,124
246,8200,2,0.1303793489933014,0.23080168664455414,-0.02670842595398426,0.9938812851905823,125,124
246,8200,3,0.12897302210330963,0.23108713328838348,-0.02670181356370449,0.9956149458885193,123,124
246,8200,4,0.1363021582365036,0.22866277396678925,-0.01177220419049263,0.9947690963745117,130,123
246,8200,5,0.13835802674293518,0.22760887444019318,-0.011968860402703285,0.9953041672706604,132,122
246,8200,6,0.1403854489326477,0.22649133205413818,-0.012047399766743183,0.9966011047363281,134,122
246,8200,7,0.13060910999774933,0.23787997663021088,-0.07056314498186111,0.9980066418647766,125,128
246,8200,8,0.1467260718345642,0.23142291605472565,-0.002123128157109022,0.9952464699745178,140,124
246,8200,9,0.1329723298549652,0.2535555362701416,-0.021551329642534256,0.994767963886261,127,136
246,8200,10,0.13680849969387054,0.25367218255996704,-0.0029837132897228003,0.9925228953361511,131,136
246,8200,11,0.13634464144706726,0.3054928183555603,-0.11452782899141312,0.9998935461044312,130,164
246,8200,12,0.16907747089862823,0.304055780172348,0.055941756814718246,0.997841477394104,162,164
246,8200,13,0.13676825165748596,0.4111223816871643,-0.12505628168582916,0.8770722150802612,131,222
246,8200,14,0.1748170256614685,0.397688090801239,0.08241603523492813,0.013802052475512028,167,214
246,8200,15,0.12637287378311157,0.4828168451786041,-0.08080972731113434,0.5496357679367065,121,260
246,8200,16,0.16130302846431732,0.4622419476509094,0.06195962056517601,0.010280847549438477,154,249
246,8200,17,0.12241389602422714,0.5014791488647461,-0.08668196946382523,0.5292234420776367,117,270
246,8200,18,0.15921039879322052,0.47985386848449707,0.06115342304110527,0.01776096597313881,152,259
246,8200,19,0.12392733246088028,0.5023365020751953,-0.086176298558712,0.5197150707244873,118,271
246,8200,20,0.15468266606330872,0.48067185282707214,0.048204608261585236,0.017479363828897476,148,259
246,8200,21,0.12433341145515442,0.49267062544822693,-0.07792531698942184,0.4617576003074646,119,266
246,8200,22,0.15601420402526855,0.4769567847251892,0.05446334183216095,0.01841186173260212,149,257
246,8200,23,0.1468484103679657,0.48769813776016235,-0.0591554120182991,0.9999563694000244,140,263
246,8200,24,0.167796790599823,0.48517975211143494,0.059085454791784286,0.9999239444732666,161,261
246,8200,25,0.1390540450811386,0.6152653694152832,-0.029487093910574913,0.9675133228302002,133,332
246,8200,26,0.14963200688362122,0.5986441373825073,0.07437370717525482,0.5975435376167297,143,323
246,8200,27,0.16100063920021057,0.7371730208396912,0.027365276589989662,0.9666396975517273,154,398
246,8200,28,0.18238630890846252,0.6970109939575195,0.09986069053411484,0.7964165210723877,175,376
246,8200,29,0.17230725288391113,0.7577270269393921,0.03148369491100311,0.9164592623710632,165,409
246,8200,30,0.1854589581489563,0.6991417407989502,0.10170378535985947,0.8047715425491333,178,377
246,8200,31,0.1237407773733139,0.7696272134780884,-0.008107738569378853,0.9480500221252441,118,415
246,8200,32,0.17473363876342773,0.7482706308364868,0.07687951624393463,0.8035430908203125,167,404
247,8233,0,0.1293109655380249,0.24119776487350464,-0.02028670907020569,0.9942600131034851,124,130
247,8233,1,0.12878063321113586,0.22958901524543762,-0.035857267677783966,0.9946510791778564,123,123
247,8233,2,0.12765894830226898,0.22965309023857117,-0.03596177324652672,0.994263231754303,122,124
247,8233,3,0.12642666697502136,0.2299671769142151,-0.035912346094846725,0.9958572387695312,121,124
247,8233,4,0.133147194981575,0.22764401137828827,-0.02200046367943287,0.9950957894325256,127,122
247,8233,5,0.135378897190094,0.22656585276126862,-0.02220534346997738,0.9956145286560059,129,122
247,8233,6,0.13731235265731812,0.2254766821861267,-0.022309720516204834,0.9968079328536987,131,121
247,8233,7,0.1288684755563736,0.2370280772447586,-0.07687388360500336,0.9981156587600708,123,127
247,8233,8,0.14366886019706726,0.23010285198688507,-0.013687768951058388,0.9955646991729736,137,124
247,8233,9,0.1309518814086914,0.2524024546146393,-0.029900962486863136,0.9949766993522644,125,136
247,8233,10,0.13501927256584167,0.25260353088378906,-0.013179945759475231,0.9928544163703918,129,136
247,8233,11,0.13594898581504822,0.30473190546035767,-0.11691724509000778,0.9998876452445984,130,164
247,8233,12,0.16730897128582,0.3033577501773834,0.038006674498319626,0.9977822303771973,160,163
247,8233,13,0.1354168951511383,0.4114074110984802,-0.12521322071552277,0.8844017386436462,130,222
247,8233,14,0.17279015481472015,0.3980588912963867,0.06132208928465843,0.018213193863630295,165,214
247,8233,15,0.12334521859884262,0.48842859268188477,-0.08637984097003937,0.5292343497276306,118,263
247,8233,16,0.15962538123130798,0.4629437327384949,0.058178070932626724,0.009500070475041866,153,249
247,8233,17,0.12084081023931503,0.5140832662582397,-0.09227000176906586,0.5063902735710144,116,277
247,8233,18,0.15637224912643433,0.48019227385520935,0.06046941131353378,0.01630098558962345,150,259
247,8233,19,0.12199907749891281,0.5117943286895752,-0.09202006459236145,0.49651631712913513,117,276
247,8233,20,0.15302619338035583,0.48164990544319153,0.04598581790924072,0.016029056161642075,146,260
247,8233,21,0.12160488218069077,0.5043225884437561,-0.08363529294729233,0.43739810585975647,116,272
247,8233,22,0.15429167449474335,0.4770811200141907,0.05295442417263985,0.016906460747122765,148,257
247,8233,23,0.14537543058395386,0.48710983991622925,-0.05423867702484131,0.999956488609314,139,263
247,8233,24,0.16622693836688995,0.48489075899124146,0.05420058220624924,0.9999234080314636,159,261
247,8233,25,0.13669276237487793,0.6126063466072083,-0.001368893077597022,0.9685053825378418,131,330
247,8233,26,0.14884251356124878,0.5983663201332092,0.07503722608089447,0.602726936340332,142,323
247,8233,27,0.1510290801525116,0.7423014044761658,0.0443117693066597,0.9693275094032288,144,400
247,8233,28,0.1919989138841629,0.6907167434692383,0.10173738747835159,0.7993792295455933,184,372
247,8233,29,0.16157416999340057,0.7640433311462402,0.04793098196387291,0.9231529235839844,155,412
247,8233,30,0.19771543145179749,0.6895781755447388,0.1037544459104538,0.8102518916130066,189,372
247,8233,31,0.11478479206562042,0.7721988558769226,0.01733066700398922,0.9513363242149353,110,416
247,8233,32,0.19124093651771545,0.7450163960456848,0.08380433171987534,0.8008846044540405,183,402
248,8266,0,0.12598742544651031,0.2406301498413086,-0.017507582902908325,0.9942290186882019,120,129
248,8266,1,0.12444423139095306,0.2293563336133957,-0.03384776413440704,0.9947179555892944,119,123
248,8266,2,0.12292178720235825,0.22957922518253326,-0.033962149173021317,0.994455873966217,118,123
248,8266,3,0.1213829293847084,0.22996777296066284,-0.033910974860191345,0.9959540963172913,116,124
248,8266,4,0.13006241619586945,0.22712545096874237,-0.02139591984450817,0.995104968547821,124,122
248,8266,5,0.13232706487178802,0.22600480914115906,-0.021589716896414757,0.9956879019737244,127,122
248,8266,6,0.13495990633964539,0.22480951249599457,-0.02169906720519066,0.996768593788147,129,121
248,8266,7,0.12291144579648972,0.23691920936107635,-0.07832277566194534,0.9982007741928101,117,127
248,8266,8,0.14070849120616913,0.22955696284770966,-0.020169565454125404,0.9956781268119812,135,123
248,8266,9,0.12583348155021667,0.25179341435432434,-0.029201151803135872,0.9951940178871155,120,135
248,8266,10,0.13120897114276886,0.2517857551574707,-0.012809072621166706,0.9931159019470215,125,135
248,8266,11,0.13014526665210724,0.30474966764450073,-0.12635694444179535,0.9998944997787476,124,164
248,8266,12,0.16347095370292664,0.30318140983581543,0.027445895597338676,0.9976649880409241,156,163
248,8266,13,0.12291844189167023,0.41690152883529663,-0.13668017089366913,0.8953443765640259,118,225
248,8266,14,0.1694639027118683,0.39832696318626404,0.04702876880764961,0.022476496174931526,162,215
248,8266,15,0.10837800800800323,0.502371609210968,-0.10914742946624756,0.5675362944602966,104,271
248,8266,16,0.15794554352760315,0.461943119764328,0.049645863473415375,0.008840685710310936,151,249
248,8266,17,0.10616197437047958,0.5314279198646545,-0.1159161627292633,0.5425611138343811,101,286
248,8266,18,0.15424548089504242,0.48098623752593994,0.05455583706498146,0.015046821907162666,148,259
248,8266,19,0.10531959682703018,0.53082275390625,-0.11512768268585205,0.5329393744468689,101,286
248,8266,20,0.15127375721931458,0.4810381829738617,0.04276089370250702,0.014781595207750797,145,259
248,8266,21,0.10648299753665924,0.5219678282737732,-0.10625366866588593,0.47117742896080017,102,281
248,8266,22,0.15219631791114807,0.4753510653972626,0.04507100582122803,0.015600781887769699,146,256
248,8266,23,0.1415528506040573,0.48759788274765015,-0.052166640758514404,0.9999561905860901,135,263
248,8266,24,0.16324257850646973,0.4841848313808441,0.0521417073905468,0.9999157786369324,156,261
248,8266,25,0.13310326635837555,0.611018717288971,-0.00361217581667006,0.9707294702529907,127,329
248,8266,26,0.13886909186840057,0.5910047292709351,0.07926077395677567,0.5979641675949097,133,319
248,8266,27,0.1488310545682907,0.7452313899993896,0.008086767978966236,0.9722473621368408,142,402
248,8266,28,0.1838042289018631,0.6909210085868835,0.08995864540338516,0.8060282468795776,176,373
248,8266,29,0.16108101606369019,0.7735270261764526,0.00712566077709198,0.9304000735282898,154,417
248,8266,30,0.19706158339977264,0.6898648142814636,0.08848650753498077,0.818409264087677,189,372
248,8266,31,0.11283756047487259,0.7816168665885925,-0.035288743674755096,0.9558320641517639,108,422
248,8266,32,0.1842772513628006,0.7476186156272888,0.06151154264807701,0.8075863718986511,176,403
249,8300,0,0.1235034391283989,0.24044203758239746,-0.025570927187800407,0.9945924282073975,118,129
249,8300,1,0.12191534787416458,0.22940601408481598,-0.04168826714158058,0.9950749278068542,117,123
249,8300,2,0.12055502086877823,0.22966480255126953,-0.041808079928159714,0.9948655366897583,115,124
249,8300,3,0.1191796213388443,0.23004432022571564,-0.04174339398741722,0.9962328672409058,114,124
249,8300,4,0.12711459398269653,0.22716903686523438,-0.027651464566588402,0.9954206347465515,122,122
249,8300,5,0.12977269291877747,0.2259427309036255,-0.027839522808790207,0.9959859251976013,124,122
249,8300,6,0.13197118043899536,0.22469082474708557,-0.02793744020164013,0.9969621300697327,126,121
249,8300,7,0.1217278465628624,0.2366686314344406,-0.0846448764204979,0.9983325600624084,116,127
249,8300,8,0.13822929561138153,0.22908338904380798,-0.020902130752801895,0.9959735870361328,132,123
249,8300,9,0.12382626533508301,0.25160256028175354,-0.03620358183979988,0.9954965114593506,118,135
249,8300,10,0.12888044118881226,0.2513563930988312,-0.018969284370541573,0.9935325384140015,123,135
249,8300,11,0.13012664020061493,0.30453503131866455,-0.13224655389785767,0.999900221824646,124,164
249,8300,12,0.16099853813648224,0.3022216856479645,0.03368677198886871,0.9975409507751465,154,163
249,8300,13,0.12359964102506638,0.4172024726867676,-0.1449962556362152,0.9053834676742554,118,225
249,8300,14,0.16636167466640472,0.39827704429626465,0.05435211956501007,0.025630494579672813,159,215
249,8300,15,0.10817543417215347,0.5040714144706726,-0.11971892416477203,0.6045608520507812,103,272
249,8300,16,0.15393419563770294,0.4621143639087677,0.05043422430753708,0.00820226315408945,147,249
249,8300,17,0.10691916197538376,0.5331277251243591,-0.12850835919380188,0.5783718228340149,102,287
249,8300,18,0.14969249069690704,0.4812493324279785,0.054782502353191376,0.01385337021201849,143,259
249,8300,19,0.10504063963890076,0.5337114334106445,-0.12705355882644653,0.5689900517463684,100,288
249,8300,20,0.14693567156791687,0.481522798538208,0.04289479926228523,0.013599502854049206,141,260
249,8300,21,0.10527167469263077,0.5241503715515137,-0.1166122779250145,0.5062994956970215,101,283
249,8300,22,0.14821723103523254,0.475820928812027,0.04561590775847435,0.014379124157130718,142,256
249,8300,23,0.14237038791179657,0.48724427819252014,-0.05225773900747299,0.9999570846557617,136,263
249,8300,24,0.16153141856193542,0.4835290312767029,0.05223816633224487,0.999912440776825,155,261
249,8300,25,0.13164152204990387,0.6101805567741394,-0.004149456508457661,0.9729009866714478,126,329
249,8300,26,0.13451510667800903,0.5877036452293396,0.08151139318943024,0.5959027409553528,129,317
249,8300,27,0.14891935884952545,0.7467051148414612,0.012921188957989216,0.9748736619949341,142,403
249,8300,28,0.18124456703662872,0.6905585527420044,0.10387083142995834,0.8111015558242798,173,372
249,8300,29,0.16051998734474182,0.776009202003479,0.011604533530771732,0.9368690848350525,154,419
249,8300,30,0.1965654343366623,0.6901437640190125,0.10447002202272415,0.8245425224304199,188,372
249,8300,31,0.11277089267969131,0.7834092974662781,-0.023647475987672806,0.9599000215530396,108,423
249,8300,32,0.1782958060503006,0.7480888366699219,0.07735400646924973,0.8137160539627075,171,403
250,8333,0,0.11843016743659973,0.239813432097435,-0.020076071843504906,0.9948406219482422,113,129
250,8333,1,0.11689236760139465,0.22900284826755524,-0.0373905748128891,0.9952744245529175,112,123
250,8333,2,0.11546333879232407,0.22933419048786163,-0.037520598620176315,0.9951014518737793,110,123
250,8333,3,0.11401329189538956,0.2297569066286087,-0.037447843700647354,0.99639892578125,109,124
250,8333,4,0.12264838814735413,0.22653886675834656,-0.02422802895307541,0.9956035614013672,117,122
250,8333,5,0.12508131563663483,0.22530487179756165,-0.024403687566518784,0.9961453080177307,120,121
250,8333,6,0.12733422219753265,0.2240954488515854,-0.02447221800684929,0.9970716238021851,122,121
250,8333,7,0.11590611189603806,0.236549511551857,-0.08389098197221756,0.9983988404273987,111,127
250,8333,8,0.13366439938545227,0.22880050539970398,-0.019007734954357147,0.996113657951355,128,123
250,8333,9,0.11825235933065414,0.2511550784111023,-0.03252801671624184,0.995684802532196,113,135
250,8333,10,0.12361589074134827,0.2509719729423523,-0.01654108613729477,0.9938007593154907,118,135
250,8333,11,0.12308698147535324,0.3046155273914337,-0.1310434639453888,0.9999053478240967,118,164
250,8333,12,0.15465636551380157,0.30227914452552795,0.03778451308608055,0.9975382685661316,148,163
250,8333,13,0.11269273608922958,0.4183143377304077,-0.142354354262352,0.9076836109161377,108,225
250,8333,14,0.1571454107761383,0.3983703553676605,0.06242835149168968,0.02326199784874916,150,215
250,8333,15,0.09349759668111801,0.49864935874938965,-0.10448958724737167,0.6174857020378113,89,269
250,8333,16,0.14175695180892944,0.4614751935005188,0.057689592242240906,0.007863108068704605,136,249
250,8333,17,0.08955275267362595,0.5255723595619202,-0.1155681237578392,0.5888183116912842,85,283
250,8333,18,0.14273878931999207,0.4781913459300995,0.058849792927503586,0.013454865664243698,137,258
250,8333,19,0.08778715133666992,0.524793267250061,-0.11530690640211105,0.5792471766471863,84,283
250,8333,20,0.13735628128051758,0.479450523853302,0.045981865376234055,0.013197080232203007,131,258
250,8333,21,0.08997409045696259,0.5179750919342041,-0.10186318308115005,0.5094289779663086,86,279
250,8333,22,0.13726156949996948,0.4746205508708954,0.0514126755297184,0.013857664540410042,131,256
250,8333,23,0.1372951865196228,0.487300843000412,-0.05523091182112694,0.9999545812606812,131,263
250,8333,24,0.15551236271858215,0.48379597067832947,0.05521240085363388,0.9999021291732788,149,261
250,8333,25,0.12935447692871094,0.6105512380599976,-0.005371482111513615,0.9707125425338745,124,329
250,8333,26,0.13267986476421356,0.5885687470436096,0.12009632587432861,0.5488809943199158,127,317
250,8333,27,0.15028436481952667,0.7456792593002319,0.030211491510272026,0.9754989743232727,144,402
250,8333,28,0.1662922352552414,0.6939176321029663,0.18793655931949615,0.7725577354431152,159,374
250,8333,29,0.16330203413963318,0.7765801548957825,0.031511809676885605,0.9347211718559265,156,419
250,8333,30,0.17805008590221405,0.6979820132255554,0.19347615540027618,0.7922530770301819,170,376
250,8333,31,0.11403491348028183,0.7809740900993347,-0.015715287998318672,0.9593438506126404,109,421
250,8333,32,0.1457272619009018,0.7275208234786987,0.1757701188325882,0.7807223200798035,139,392
251,8366,0,0.11478132754564285,0.23983046412467957,-0.023244285956025124,0.9951558113098145,110,129
251,8366,1,0.11441467702388763,0.22892917692661285,-0.040741756558418274,0.9955698251724243,109,123
251,8366,2,0.11330153793096542,0.22927848994731903,-0.04087598994374275,0.9954304099082947,108,123
251,8366,3,0.1121484562754631,0.2297002077102661,-0.04080979526042938,0.9966326355934143,107,124
251,8366,4,0.11920391768217087,0.2265392392873764,-0.026038790121674538,0.9958517551422119,114,122
251,8366,5,0.12159933894872665,0.2253108024597168,-0.02621840313076973,0.9963637590408325,116,121
251,8366,6,0.12362466007471085,0.22411410510540009,-0.026281993836164474,0.9972177147865295,118,121
251,8366,7,0.11477714031934738,0.23651038110256195,-0.08921082317829132,0.9985034465789795,110,127
251,8366,8,0.12995396554470062,0.22857210040092468,-0.020154226571321487,0.9963011741638184,124,123
251,8366,9,0.11604513972997665,0.2510961890220642,-0.035757049918174744,0.9958963394165039,111,135
251,8366,10,0.12082996964454651,0.2509970963001251,-0.017824405804276466,0.9940610527992249,115,135
251,8366,11,0.12241440266370773,0.3046587407588959,-0.1361125111579895,0.9999102354049683,117,164
251,8366,12,0.15325695276260376,0.3021831810474396,0.04006407409906387,0.9974661469459534,147,163
251,8366,13,0.11143241077661514,0.41905272006988525,-0.14430484175682068,0.9131565093994141,106,226
251,8366,14,0.15561503171920776,0.39846017956733704,0.06769224256277084,0.021101294085383415,149,215
251,8366,15,0.09173406660556793,0.4984329342842102,-0.10658959299325943,0.6402606964111328,88,269
251,8366,16,0.14431872963905334,0.45782211422920227,0.06140373274683952,0.007412482053041458,138,247
251,8366,17,0.0872599184513092,0.5249544978141785,-0.11770328134298325,0.6093547940254211,83,283
251,8366,18,0.1446928083896637,0.4761156439781189,0.06191347911953926,0.012826954014599323,138,257
251,8366,19,0.08467384427785873,0.5246472954750061,-0.11671566218137741,0.5996400117874146,81,283
251,8366,20,0.13923348486423492,0.47740381956100464,0.04888045787811279,0.012571793049573898,133,257
251,8366,21,0.08738119155168533,0.5175867676734924,-0.10369658470153809,0.5252419710159302,83,279
251,8366,22,0.13863395154476166,0.47283509373664856,0.05473785847425461,0.013159684836864471,133,255
251,8366,23,0.13528189063072205,0.4872407019138336,-0.056853923946619034,0.9999536871910095,129,263
251,8366,24,0.15369495749473572,0.4832518398761749,0.05684756860136986,0.9998949766159058,147,260
251,8366,25,0.12839607894420624,0.6107950806617737,-0.004976410884410143,0.9694744348526001,123,329
251,8366,26,0.13285493850708008,0.5891422033309937,0.1203291118144989,0.5101312398910522,127,318
251,8366,27,0.14766378700733185,0.7444257736206055,0.037357352674007416,0.9765116572380066,141,401
251,8366,28,0.16167566180229187,0.6959575414657593,0.17583410441875458,0.7469193339347839,155,375
251,8366,29,0.16111217439174652,0.7735752463340759,0.03890295326709747,0.9357461333274841,154,417
251,8366,30,0.17442719638347626,0.7017399668693542,0.1799183189868927,0.7726882100105286,167,378
251,8366,31,0.11315083503723145,0.7796639800071716,-0.00772628141567111,0.9601274728775024,108,421
251,8366,32,0.142578125,0.7253913879394531,0.16041986644268036,0.7612478733062744,136,391
252,8400,0,0.10978502780199051,0.23987655341625214,0.009472368285059929,0.9955801367759705,105,129
252,8400,1,0.10863758623600006,0.22896717488765717,-0.00974476058036089,0.9959554672241211,104,123
252,8400,2,0.10740316659212112,0.22930507361888885,-0.009853322058916092,0.9958316087722778,103,123
252,8400,3,0.10605339705944061,0.22970880568027496,-0.009801555424928665,0.9969286918640137,101,124
252,8400,4,0.11388399451971054,0.22661583125591278,0.005742591340094805,0.9962085485458374,109,122
252,8400,5,0.11623641848564148,0.2253994196653366,0.005579059477895498,0.9966738820075989,111,121
252,8400,6,0.11850675195455551,0.22421996295452118,0.005536705255508423,0.9974504113197327,113,121
252,8400,7,0.10821755975484848,0.23652076721191406,-0.069861501455307,0.9986348152160645,103,127
252,8400,8,0.12502673268318176,0.22869634628295898,0.0002524343435652554,0.9966102242469788,120,123
252,8400,9,0.1098921000957489,0.2511795461177826,-0.00666251452639699,0.99625563621521,105,135
252,8400,10,0.11488442122936249,0.2510627210140228,0.012201662175357342,0.9945725798606873,110,135
252,8400,11,0.11229678243398666,0.3047122359275818,-0.13209204375743866,0.9999178647994995,107,164
252,8400,12,0.15026380121707916,0.30245205760002136,0.05277194082736969,0.9976521134376526,144,163
252,8400,13,0.10173087567090988,0.41898244619369507,-0.13569948077201843,0.9212446212768555,97,226
252,8400,14,0.1566823124885559,0.39783531427383423,0.08590039610862732,0.02208208106458187,150,214
252,8400,15,0.075935497879982,0.49105304479599,-0.09494554251432419,0.6711788773536682,72,265
252,8400,16,0.14459076523780823,0.44637420773506165,0.09335505962371826,0.007035449147224426,138,241
252,8400,17,0.07255582511425018,0.5161879658699036,-0.10478651523590088,0.639714777469635,69,278
252,8400,18,0.1445665955543518,0.4649653434753418,0.09653587639331818,0.012043016031384468,138,251
252,8400,19,0.07068821787834167,0.5158535838127136,-0.10230324417352676,0.6305747032165527,67,278
252,8400,20,0.1404769867658615,0.46276718378067017,0.08560917526483536,0.011784018017351627,134,249
252,8400,21,0.0727320984005928,0.5062331557273865,-0.09115395694971085,0.5559970736503601,69,273
252,8400,22,0.14030036330223083,0.4574446380138397,0.08792290091514587,0.012332582846283913,134,247
252,8400,23,0.12801454961299896,0.487247496843338,-0.05998598039150238,0.9999499917030334,122,263
252,8400,24,0.1503850817680359,0.4821094572544098,0.05997459217905998,0.9998770952224731,144,260
252,8400,25,0.12421238422393799,0.6123162508010864,-0.013220471329987049,0.9644603133201599,119,330
252,8400,26,0.12767282128334045,0.5929459929466248,0.11419989168643951,0.46792072057724,122,320
252,8400,27,0.14706793427467346,0.7467231750488281,0.025761110708117485,0.9752689003944397,141,403
252,8400,28,0.1553260236978531,0.7017790675163269,0.1719195544719696,0.6968376636505127,149,378
252,8400,29,0.160228431224823,0.7743209004402161,0.027345972135663033,0.9339897036552429,153,418
252,8400,30,0.16457690298557281,0.7147077918052673,0.17658986151218414,0.7407885789871216,157,385
252,8400,31,0.11364149302244186,0.7791934609413147,-0.014495509676635265,0.9568907618522644,109,420
252,8400,32,0.1298474669456482,0.7286355495452881,0.1628585159778595,0.7173285484313965,124,393
253,8433,0,0.11027753353118896,0.24021649360656738,0.013603737577795982,0.9959400296211243,105,129
253,8433,1,0.10845053941011429,0.22923129796981812,-0.00529759144410491,0.9962834119796753,104,123
253,8433,2,0.10691393911838531,0.2295641452074051,-0.00541224330663681,0.9961779713630676,102,123
253,8433,3,0.10532411187887192,0.22995293140411377,-0.00535763381049037,0.9971809387207031,101,124
253,8433,4,0.11417818814516068,0.22691765427589417,0.008853727020323277,0.9965071678161621,109,122
253,8433,5,0.11645323783159256,0.22575238347053528,0.008688085712492466,0.9969363212585449,111,121
253,8433,6,0.11866369098424911,0.22458727657794952,0.008635635487735271,0.9976416230201721,113,121
253,8433,7,0.10697951167821884,0.2367016077041626,-0.06531569361686707,0.9987479448318481,102,127
253,8433,8,0.12531106173992157,0.22909660637378693,-0.00050454429583624,0.9968680143356323,120,123
253,8433,9,0.11004360020160675,0.251468688249588,-0.002406896324828267,0.9965567588806152,105,135
253,8433,10,0.1151123121380806,0.2514205276966095,0.014776508323848248,0.9949967265129089,110,135
253,8433,11,0.1120944693684578,0.30473804473876953,-0.1273675113916397,0.9999244213104248,107,164
253,8433,12,0.14938367903232574,0.302480548620224,0.050366971641778946,0.9977737069129944,143,163
253,8433,13,0.10130488872528076,0.41847363114356995,-0.1316796988248825,0.9287799000740051,97,225
253,8433,14,0.16090811789035797,0.39789268374443054,0.08161463588476181,0.026182694360613823,154,214
253,8433,15,0.07485514134168625,0.4891025722026825,-0.09562334418296814,0.7012678384780884,71,264
253,8433,16,0.14480285346508026,0.44603902101516724,0.08991464972496033,0.006878939922899008,139,240
253,8433,17,0.07253260165452957,0.5141227841377258,-0.1050795465707779,0.6706292033195496,69,277
253,8433,18,0.1450612097978592,0.4630347788333893,0.09391919523477554,0.011510496959090233,139,250
253,8433,19,0.07024408876895905,0.5137289762496948,-0.10258416086435318,0.6621195077896118,67,277
253,8433,20,0.1385723501443863,0.45643648505210876,0.08414608985185623,0.011226946488022804,133,246
253,8433,21,0.07246895134449005,0.5034102201461792,-0.09194105118513107,0.5901395082473755,69,271
253,8433,22,0.14104895293712616,0.4545189440250397,0.08522453904151917,0.011752807535231113,135,245
253,8433,23,0.12613573670387268,0.48721715807914734,-0.05948358774185181,0.999945878982544,121,263
253,8433,24,0.14895275235176086,0.4811963737010956,0.05946928262710571,0.9998500943183899,142,259
253,8433,25,0.12478683143854141,0.6135875582695007,-0.019532296806573868,0.9647310376167297,119,331
253,8433,26,0.13025076687335968,0.5885523557662964,0.13210250437259674,0.4333718717098236,125,317
253,8433,27,0.14805999398231506,0.7484871745109558,0.01029424648731947,0.9761641621589661,142,404
253,8433,28,0.1519826352596283,0.691172182559967,0.20309224724769592,0.6566398739814758,145,373
253,8433,29,0.16153764724731445,0.7772154808044434,0.011471019126474857,0.9365555644035339,155,419
253,8433,30,0.16237829625606537,0.7086601257324219,0.20937474071979523,0.7172507047653198,155,382
253,8433,31,0.11331691592931747,0.7804836630821228,-0.028140000998973846,0.957181990146637,108,421
253,8433,32,0.13515391945838928,0.7144882082939148,0.20163440704345703,0.6785897016525269,129,385
254,8466,0,0.10090003907680511,0.23849371075630188,-0.008877712301909924,0.9962965846061707,96,128
254,8466,1,0.10070719569921494,0.227397158741951,-0.027437817305326462,0.9966172575950623,96,122
254,8466,2,0.09974278509616852,0.22764307260513306,-0.02757844887673855,0.9965257048606873,95,122
254,8466,3,0.09866026043891907,0.22791297733783722,-0.0275209229439497,0.997437059879303,94,123
254,8466,4,0.1053636223077774,0.22575274109840393,-0.010561046190559864,0.9968124032020569,101,121
254,8466,5,0.10784541815519333,0.22477427124977112,-0.01074488740414381,0.9972012042999268,103,121
254,8466,6,0.11012788116931915,0.22374925017356873,-0.010779616422951221,0.9978414177894592,105,120
254,8466,7,0.10179942101240158,0.23469911515712738,-0.07929506152868271,0.9988611936569214,97,126
254,8466,8,0.11751580983400345,0.2289065718650818,-0.004815555643290281,0.9971238970756531,112,123
254,8466,9,0.10182155668735504,0.24980172514915466,-0.021926462650299072,0.9968438148498535,97,134
254,8466,10,0.10601791739463806,0.25058239698410034,-0.0012838650727644563,0.9953953623771667,101,135
254,8466,11,0.10769908875226974,0.3043626546859741,-0.1325092911720276,0.999930739402771,103,164
254,8466,12,0.1396525353193283,0.30017751455307007,0.05504477769136429,0.9978774189949036,134,162
254,8466,13,0.09209631383419037,0.4141255021095276,-0.12976515293121338,0.9340590238571167,88,223
254,8466,14,0.14881901443004608,0.3943641483783722,0.09016995877027512,0.023722458630800247,142,212
254,8466,15,0.06567217409610748,0.4811665415763855,-0.08065642416477203,0.7271862626075745,63,259
254,8466,16,0.1383732259273529,0.4453080892562866,0.0818423479795456,0.0067164115607738495,132,240
254,8466,17,0.061761535704135895,0.5088791251182556,-0.09048669040203094,0.6977522969245911,59,274
254,8466,18,0.1381806582212448,0.4603586494922638,0.08326385915279388,0.011547183617949486,132,248
254,8466,19,0.05862671136856079,0.5059881210327148,-0.08956778049468994,0.6898353099822998,56,273
254,8466,20,0.13272544741630554,0.45807379484176636,0.07196826487779617,0.011278834193944931,127,247
254,8466,21,0.06058609113097191,0.4971664547920227,-0.07720925658941269,0.619726836681366,58,268
254,8466,22,0.1320560723543167,0.4543611407279968,0.07561147958040237,0.01173106487840414,126,245
254,8466,23,0.12433949112892151,0.48631754517555237,-0.06040606275200844,0.9999469518661499,119,262
254,8466,24,0.13726897537708282,0.4794619381427765,0.060408469289541245,0.9998493790626526,131,258
254,8466,25,0.12718278169631958,0.6138050556182861,-0.014837917871773243,0.9603236317634583,122,331
254,8466,26,0.11510239541530609,0.5893832445144653,0.11693620681762695,0.4007123112678528,110,318
254,8466,27,0.14841732382774353,0.7476532459259033,0.03315974771976471,0.9742414355278015,142,403
254,8466,28,0.13075372576713562,0.6927077174186707,0.18045315146446228,0.6159229278564453,125,374
254,8466,29,0.16116558015346527,0.7753798365592957,0.035348061472177505,0.9271773099899292,154,418
254,8466,30,0.14087775349617004,0.7114592790603638,0.1863267719745636,0.6809056997299194,135,384
254,8466,31,0.11219542473554611,0.7799868583679199,-0.009197537787258625,0.9547038078308105,107,421
254,8466,32,0.10889657586812973,0.7185817360877991,0.17150339484214783,0.651148796081543,104,388
255,8500,0,0.10091686993837357,0.23792153596878052,-0.012835774570703506,0.9966395497322083,96,128
255,8500,1,0.10018042474985123,0.22688661515712738,-0.030705848708748817,0.9969330430030823,96,122
255,8500,2,0.09907626360654831,0.22711367905139923,-0.03083469532430172,0.9968521595001221,95,122
255,8500,3,0.09792326390743256,0.2273559868335724,-0.030773146077990532,0.9976758360862732,94,122
255,8500,4,0.10515101253986359,0.2253558188676834,-0.014018327929079533,0.9971091151237488,100,121
255,8500,5,0.10737781971693039,0.2244511842727661,-0.014201577752828598,0.9974624514579773,103,121
255,8500,6,0.1094425618648529,0.2234535813331604,-0.014239894226193428,0.9980397820472717,105,120
255,8500,7,0.10074441879987717,0.23421408236026764,-0.07960618287324905,0.9989678263664246,96,126
255,8500,8,0.11628015339374542,0.22854351997375488,-0.004961288068443537,0.9973891377449036,111,123
255,8500,9,0.101274773478508,0.24924084544181824,-0.024603931233286858,0.9971275925636292,97,134
255,8500,10,0.10577012598514557,0.25001978874206543,-0.004173853900283575,0.9958089590072632,101,135
255,8500,11,0.1068354919552803,0.3040310740470886,-0.13205651938915253,0.999936580657959,102,164
255,8500,12,0.137871652841568,0.2992382347583771,0.05418609455227852,0.9980226159095764,132,161
255,8500,13,0.09029827266931534,0.4110599756240845,-0.1301354467868805,0.9403695464134216,86,221
255,8500,14,0.1540173590183258,0.393341988325119,0.0870993360877037,0.024721670895814896,147,212
255,8500,15,0.06329545378684998,0.4780205190181732,-0.08606036752462387,0.7526511549949646,60,258
255,8500,16,0.14077061414718628,0.4470122456550598,0.08273682743310928,0.006542520597577095,135,241
255,8500,17,0.06012101471424103,0.5051769018173218,-0.09543052315711975,0.72471022605896,57,272
255,8500,18,0.13849587738513947,0.4630899429321289,0.08414960652589798,0.011089510284364223,132,250
255,8500,19,0.05626461282372475,0.5024346709251404,-0.09437353909015656,0.7174030542373657,54,271
255,8500,20,0.13457265496253967,0.4611485004425049,0.07154873013496399,0.01082588080316782,129,249
255,8500,21,0.057469096034765244,0.49433332681655884,-0.08276721835136414,0.6507681012153625,55,266
255,8500,22,0.1345260739326477,0.45650073885917664,0.0762486681342125,0.0112572917714715,129,246
255,8500,23,0.12397528439760208,0.4858618378639221,-0.060140885412693024,0.9999477863311768,119,262
255,8500,24,0.1373143047094345,0.4796544909477234,0.06014768406748772,0.9998485445976257,131,259
255,8500,25,0.12794969975948334,0.6149182319641113,-0.012655811384320259,0.9602799415588379,122,332
255,8500,26,0.1146043986082077,0.5954989790916443,0.09673391282558441,0.38072746992111206,110,321
255,8500,27,0.14778630435466766,0.7439860105514526,0.037747882306575775,0.9747574329376221,141,401
255,8500,28,0.1276843249797821,0.6994497776031494,0.15823303163051605,0.5970284938812256,122,377
255,8500,29,0.16013821959495544,0.7726351022720337,0.0403142124414444,0.9292941093444824,153,417
255,8500,30,0.1371159851551056,0.7207421660423279,0.16338391602039337,0.6717779040336609,131,389
255,8500,31,0.11217417567968369,0.7791274785995483,0.0003079444286413491,0.955929160118103,107,420
255,8500,32,0.10239243507385254,0.7367223501205444,0.14262668788433075,0.6434755325317383,98,397
256,8533,0,0.09700687229633331,0.23762080073356628,-0.018564173951745033,0.9969244599342346,93,128
256,8533,1,0.09598159044981003,0.22658991813659668,-0.0364580862224102,0.9971904754638672,92,122
256,8533,2,0.09463873505592346,0.22684380412101746,-0.03659367188811302,0.9971216320991516,90,122
256,8533,3,0.09324470907449722,0.22709287703037262,-0.03654012829065323,0.997874915599823,89,122
256,8533,4,0.10141126066446304,0.2249804437160492,-0.020538698881864548,0.9973465204238892,97,121
256,8533,5,0.1035599485039711,0.22412148118019104,-0.020724531263113022,0.9976682662963867,99,121
256,8533,6,0.10551918298006058,0.22317877411842346,-0.02076447755098343,0.9981951713562012,101,120
256,8533,7,0.09492215514183044,0.23389464616775513,-0.08454921841621399,0.9990561604499817,91,126
256,8533,8,0.11191453784704208,0.22850582003593445,-0.012581083923578262,0.9975882172584534,107,123
256,8533,9,0.09665761888027191,0.2489776611328125,-0.030068250373005867,0.9973620772361755,92,134
256,8533,10,0.10131445527076721,0.2497120350599289,-0.010502388700842857,0.9961438775062561,97,134
256,8533,11,0.10225481539964676,0.30360206961631775,-0.13391880691051483,0.999941885471344,98,163
256,8533,12,0.13104501366615295,0.2989847958087921,0.0536460280418396,0.9981365203857422,125,161
256,8533,13,0.08021624386310577,0.4113228917121887,-0.1304635852575302,0.944240391254425,77,222
256,8533,14,0.13865569233894348,0.3935132622718811,0.08513819426298141,0.02244522236287594,133,212
256,8533,15,0.0491381511092186,0.4781530201435089,-0.08518455922603607,0.7717355489730835,47,258
256,8533,16,0.12358496338129044,0.44785284996032715,0.08210316300392151,0.006392311304807663,118,241
256,8533,17,0.0436004139482975,0.5038923621177673,-0.09540636837482452,0.7441264986991882,41,272
256,8533,18,0.1215650662779808,0.4643355906009674,0.08059465140104294,0.01106318086385727,116,250
256,8533,19,0.04138447716832161,0.5012123584747314,-0.09413309395313263,0.7370815277099609,39,270
256,8533,20,0.11613605171442032,0.4627843499183655,0.06523089855909348,0.010794669389724731,111,249
256,8533,21,0.04379497095942497,0.4930613338947296,-0.08169098198413849,0.6694214344024658,42,266
256,8533,22,0.11558523029088974,0.45798981189727783,0.07352442294359207,0.01120037492364645,110,247
256,8533,23,0.11954836547374725,0.4853047728538513,-0.06002027168869972,0.9999504089355469,114,262
256,8533,24,0.12991462647914886,0.4785580635070801,0.060024164617061615,0.9998553991317749,124,258
256,8533,25,0.12708786129951477,0.6149277687072754,-0.012663754634559155,0.9619259834289551,122,332
256,8533,26,0.10317105799913406,0.595885694026947,0.09854459762573242,0.3778095543384552,99,321
256,8533,27,0.1482355147600174,0.7439117431640625,0.03607938066124916,0.9762234687805176,142,401
256,8533,28,0.11438116431236267,0.7115412950515747,0.159745454788208,0.6081251502037048,109,384
256,8533,29,0.15951089560985565,0.7718759179115295,0.039986055344343185,0.9288281202316284,153,416
256,8533,30,0.12097006291151047,0.7362226247787476,0.1642601042985916,0.6722044944763184,116,397
256,8533,31,0.1135592982172966,0.7798573970794678,-0.017270436510443687,0.9582753777503967,109,421
256,8533,32,0.08266982436180115,0.7457596659660339,0.1399805098772049,0.6580684185028076,79,402
257,8566,0,0.09764695912599564,0.23749056458473206,-0.010434343479573727,0.9972097873687744,93,128
257,8566,1,0.09652168303728104,0.22646190226078033,-0.028476053848862648,0.9974504113197327,92,122
257,8566,2,0.09488492459058762,0.22674520313739777,-0.02859969064593315,0.99739009141922,91,122
257,8566,3,0.09340717643499374,0.22700077295303345,-0.02853788621723652,0.9980717897415161,89,122
257,8566,4,0.10199909657239914,0.22488632798194885,-0.013727518729865551,0.9975918531417847,97,121
257,8566,5,0.10405509918928146,0.22405049204826355,-0.013905433937907219,0.9978840351104736,99,120
257,8566,6,0.10647303611040115,0.2230711132287979,-0.013944403268396854,0.9983596205711365,102,120
257,8566,7,0.09458828717470169,0.233881875872612,-0.07909788936376572,0.9991438984870911,90,126
257,8566,8,0.1125195249915123,0.22831448912620544,-0.011442938819527626,0.9978091716766357,108,123
257,8566,9,0.09679917991161346,0.24881204962730408,-0.022857937961816788,0.9976030588150024,92,134
257,8566,10,0.10219104588031769,0.24931931495666504,-0.004759647883474827,0.9964960813522339,98,134
257,8566,11,0.10038798302412033,0.3033261299133301,-0.13293233513832092,0.9999469518661499,96,163
257,8566,12,0.13092583417892456,0.2987753748893738,0.05224422737956047,0.9982762932777405,125,161
257,8566,13,0.07803397625684738,0.41194581985473633,-0.12988261878490448,0.9494597315788269,74,222
257,8566,14,0.14528852701187134,0.393742173910141,0.08314879238605499,0.02402586117386818,139,212
257,8566,15,0.046522580087184906,0.479133278131485,-0.08666538447141647,0.7920533418655396,44,258
257,8566,16,0.1285230666399002,0.4491293728351593,0.07941225171089172,0.006269420962780714,123,242
257,8566,17,0.04166238009929657,0.5039747953414917,-0.09640990942716599,0.7653404474258423,39,272
257,8566,18,0.12535694241523743,0.46569809317588806,0.07933812588453293,0.01068588625639677,120,251
257,8566,19,0.03974754363298416,0.5009113550186157,-0.09510590881109238,0.7587133646011353,38,270
257,8566,20,0.12091007083654404,0.46434855461120605,0.0657205805182457,0.01039665937423706,116,250
257,8566,21,0.04169340804219246,0.4930475354194641,-0.08315024524927139,0.6930860877037048,40,266
257,8566,22,0.12097509950399399,0.4580796957015991,0.07205125689506531,0.010825768113136292,116,247
257,8566,23,0.118353471159935,0.4853387773036957,-0.05927835777401924,0.9999527931213379,113,262
257,8566,24,0.12817135453224182,0.4786960780620575,0.05928744748234749,0.9998608827590942,123,258
257,8566,25,0.1261966973543167,0.6152926683425903,-0.010138889774680138,0.9650310277938843,121,332
257,8566,26,0.10220170021057129,0.5958947539329529,0.0970543846487999,0.4053821861743927,98,321
257,8566,27,0.14837662875652313,0.7440708875656128,0.0357353650033474,0.9782887697219849,142,401
257,8566,28,0.1124945878982544,0.7139776349067688,0.15786412358283997,0.6342544555664062,107,385
257,8566,29,0.15936784446239471,0.7723589539527893,0.03816826269030571,0.9338457584381104,152,417
257,8566,30,0.11971152573823929,0.7369304895401001,0.16206561028957367,0.6911684274673462,114,397
257,8566,31,0.11158903688192368,0.7797757387161255,-0.016212962567806244,0.9616915583610535,107,421
257,8566,32,0.08089017122983932,0.7487435340881348,0.13563969731330872,0.681657612323761,77,404
258,8600,0,0.09188985824584961,0.2370663732290268,0.0012567766243591905,0.997469425201416,88,128
258,8600,1,0.09059825539588928,0.22613422572612762,-0.015084958635270596,0.9976860284805298,86,122
258,8600,2,0.08905148506164551,0.2263818085193634,-0.015194032341241837,0.9976319670677185,85,122
258,8600,3,0.08752740919589996,0.22660697996616364,-0.015137463808059692,0.9982496500015259,84,122
258,8600,4,0.09644584357738495,0.2247341424226761,-0.0015602114144712687,0.9978151321411133,92,121
258,8600,5,0.09866051375865936,0.22399863600730896,-0.0017421699594706297,0.9980799555778503,94,120
258,8600,6,0.10073722153902054,0.2230985015630722,-0.0017711272230371833,0.9985100626945496,96,120
258,8600,7,0.08872462064027786,0.23350512981414795,-0.060689397156238556,0.9992228746414185,85,126
258,8600,8,0.10677255690097809,0.22865603864192963,0.0005670403479598463,0.9980089664459229,102,123
258,8600,9,0.09090664237737656,0.24829047918319702,-0.00970504991710186,0.9978165030479431,87,134
258,8600,10,0.09611275792121887,0.249153733253479,0.006724529899656773,0.9968082308769226,92,134
258,8600,11,0.09479959309101105,0.3028786778450012,-0.10735361278057098,0.9999513030052185,91,163
258,8600,12,0.12681348621845245,0.29886436462402344,0.05628295987844467,0.9983829259872437,121,161
258,8600,13,0.07208596169948578,0.40770143270492554,-0.11167106032371521,0.9527302384376526,69,220
258,8600,14,0.14078082144260406,0.3924260437488556,0.08253996074199677,0.022018618881702423,135,211
258,8600,15,0.040858637541532516,0.47104668617248535,-0.07768534868955612,0.8061066269874573,39,254
258,8600,16,0.1301788091659546,0.44957900047302246,0.07782641798257828,0.00595403416082263,124,242
258,8600,17,0.03343246877193451,0.49739769101142883,-0.08818919956684113,0.7794475555419922,32,268
258,8600,18,0.1299188882112503,0.4673280715942383,0.07847792655229568,0.010211537592113018,124,252
258,8600,19,0.029840227216482162,0.49336495995521545,-0.08608639985322952,0.7729984521865845,28,266
258,8600,20,0.12482345849275589,0.46780654788017273,0.06479545682668686,0.00992497242987156,119,252
258,8600,21,0.033180125057697296,0.4854498505592346,-0.07410187274217606,0.7052708268165588,31,262
258,8600,22,0.12409950792789459,0.46120259165763855,0.07082021236419678,0.010302005335688591,119,249
258,8600,23,0.11329261213541031,0.4836715757846832,-0.05410120263695717,0.9999534487724304,108,261
258,8600,24,0.12572374939918518,0.4774342179298401,0.05410512164235115,0.9998613595962524,120,257
258,8600,25,0.12226565927267075,0.6153597831726074,-0.026118913665413857,0.9664589762687683,117,332
258,8600,26,0.09971828013658524,0.6006467342376709,0.07878907769918442,0.39164119958877563,95,324
258,8600,27,0.14773395657539368,0.7441666722297668,-0.008860412053763866,0.9790220260620117,141,401
258,8600,28,0.09200377017259598,0.7291134595870972,0.11754259467124939,0.6269545555114746,88,393
258,8600,29,0.15980765223503113,0.7719864249229431,-0.010715888813138008,0.9330207705497742,153,416
258,8600,30,0.09635209292173386,0.7560549974441528,0.11916108429431915,0.6763817667961121,92,408
258,8600,31,0.11171963810920715,0.7816195487976074,-0.06875216960906982,0.9631183743476868,107,422
258,8600,32,0.05703017860651016,0.7481730580329895,0.08596992492675781,0.6817288994789124,54,404
259,8633,0,0.09163334965705872,0.2370474934577942,0.0024392944760620594,0.9977051019668579,87,128
259,8633,1,0.09044089168310165,0.22616122663021088,-0.013824880123138428,0.9978984594345093,86,122
259,8633,2,0.08879198879003525,0.226373091340065,-0.01393184158951044,0.9978504776954651,85,122
259,8633,3,0.08728043735027313,0.226543128490448,-0.01387687399983406,0.9984097480773926,83,122
259,8633,4,0.09608257561922073,0.22474874556064606,-5.713763675885275e-05,0.9980171918869019,92,121
259,8633,5,0.09816543757915497,0.2240571826696396,-0.00023751311528030783,0.9982578754425049,94,120
259,8633,6,0.10008760541677475,0.22321011126041412,-0.0002733348519541323,0.9986463189125061,96,120
259,8633,7,0.0887679010629654,0.23331090807914734,-0.05939450114965439,0.999293863773346,85,125
259,8633,8,0.10590438544750214,0.22868560254573822,0.00302390125580132,0.9981902241706848,101,123
259,8633,9,0.09074868261814117,0.24812200665473938,-0.008485176600515842,0.9980098605155945,87,133
259,8633,10,0.09603851288557053,0.24908602237701416,0.008265267126262188,0.9970934987068176,92,134
259,8633,11,0.09366914629936218,0.30267539620399475,-0.10889783501625061,0.9999552369117737,89,163
259,8633,12,0.12513189017772675,0.29879918694496155,0.05791451409459114,0.9984949231147766,120,161
259,8633,13,0.06960055232048035,0.40809008479118347,-0.11238350719213486,0.9567099809646606,66,220
259,8633,14,0.13895179331302643,0.38890019059181213,0.0822090208530426,0.021938780322670937,133,210
259,8633,15,0.039369866251945496,0.4711579978466034,-0.07572491466999054,0.8195960521697998,37,254
259,8633,16,0.1280350536108017,0.44990625977516174,0.07721289247274399,0.005638837348669767,122,242
259,8633,17,0.03289373219013214,0.4959917962551117,-0.0857391357421875,0.7921804785728455,31,267
259,8633,18,0.12708799540996552,0.4689905643463135,0.07773410528898239,0.009603823535144329,122,253
259,8633,19,0.029035743325948715,0.4920685291290283,-0.08371765166521072,0.7858334183692932,27,265
259,8633,20,0.12250044196844101,0.46937018632888794,0.06490848958492279,0.009319683536887169,117,253
259,8633,21,0.03170017525553703,0.4838598668575287,-0.0720907524228096,0.7162354588508606,30,261
259,8633,22,0.12194869667291641,0.46205660700798035,0.07059071958065033,0.009685063734650612,117,249
259,8633,23,0.11253924667835236,0.48230698704719543,-0.054122406989336014,0.999954104423523,108,260
259,8633,24,0.12346336990594864,0.4765128791332245,0.054122988134622574,0.9998624324798584,118,257
259,8633,25,0.12138883769512177,0.6153672337532043,-0.03085768222808838,0.9686840176582336,116,332
259,8633,26,0.09667372703552246,0.6005679965019226,0.08161153644323349,0.3977110981941223,92,324
259,8633,27,0.14674799144268036,0.7440812587738037,-0.011786183342337608,0.9803240299224854,140,401
259,8633,28,0.09215078502893448,0.7328986525535583,0.11993029713630676,0.6403793692588806,88,395
259,8633,29,0.15957719087600708,0.7717075347900391,-0.013312820345163345,0.9353953003883362,153,416
259,8633,30,0.09636065363883972,0.7608470916748047,0.1215052530169487,0.6835171580314636,92,410
259,8633,31,0.11155915260314941,0.7813870906829834,-0.06885628402233124,0.9651909470558167,107,421
259,8633,32,0.05598507076501846,0.7480255365371704,0.08979438990354538,0.6946283578872681,53,403
260,8666,0,0.08375299721956253,0.23810309171676636,0.014677978120744228,0.9979056119918823,80,128
260,8666,1,0.08281043916940689,0.22690503299236298,-0.0030387109145522118,0.9980767965316772,79,122
260,8666,2,0.08134578913450241,0.22684985399246216,-0.0031424558255821466,0.9980340600013733,78,122
260,8666,3,0.07987899333238602,0.2268035113811493,-0.003091999562457204,0.9985427856445312,76,122
260,8666,4,0.08875516057014465,0.22592301666736603,0.012310554273426533,0.9981867671012878,85,121
260,8666,5,0.09109944850206375,0.22523659467697144,0.012132108211517334,0.9984080195426941,87,121
260,8666,6,0.09318925440311432,0.224432110786438,0.012090055271983147,0.9987602829933167,89,121
260,8666,7,0.08210483938455582,0.23333431780338287,-0.05473381280899048,0.9993532299995422,78,126
260,8666,8,0.09929143637418747,0.22961771488189697,0.014595749787986279,0.9983412623405457,95,123
260,8666,9,0.08365137130022049,0.24861456453800201,0.0016056615859270096,0.998163104057312,80,134
260,8666,10,0.08836383372545242,0.2497829794883728,0.020410949364304543,0.9973186254501343,84,134
260,8666,11,0.0876026526093483,0.30345776677131653,-0.1090412586927414,0.9999577403068542,84,163
260,8666,12,0.12155652046203613,0.29944002628326416,0.06544975191354752,0.9985833168029785,116,161
260,8666,13,0.06489081680774689,0.4073218107223511,-0.11308161169290543,0.9602929353713989,62,219
260,8666,14,0.1380026489496231,0.38832271099090576,0.09407765418291092,0.023348672315478325,132,209
260,8666,15,0.03190391883254051,0.4649006724357605,-0.06954888254404068,0.8279849290847778,30,251
260,8666,16,0.12737098336219788,0.44915613532066345,0.09675468504428864,0.00532547477632761,122,242
260,8666,17,0.024164382368326187,0.48953428864479065,-0.0783640593290329,0.7983046174049377,23,264
260,8666,18,0.12739300727844238,0.46908873319625854,0.09908856451511383,0.009003551676869392,122,253
260,8666,19,0.020290888845920563,0.484212189912796,-0.07422201335430145,0.7919802069664001,19,261
260,8666,20,0.12254024296998978,0.4689217209815979,0.0880189761519432,0.00873128417879343,117,253
260,8666,21,0.023995276540517807,0.4756298065185547,-0.064866803586483,0.7178238034248352,23,256
260,8666,22,0.12200064957141876,0.4615931808948517,0.09108152985572815,0.009102881886065006,117,249
260,8666,23,0.10750928521156311,0.4824658930301666,-0.05485249683260918,0.9999460577964783,103,260
260,8666,24,0.11806873977184296,0.47654813528060913,0.05484211817383766,0.9998409152030945,113,257
260,8666,25,0.1202482208609581,0.6159036755561829,-0.03603740036487579,0.9698527455329895,115,332
260,8666,26,0.0894496962428093,0.6003967523574829,0.08667708933353424,0.4021994471549988,85,324
260,8666,27,0.14717163145542145,0.7434173226356506,-0.01502486877143383,0.9805869460105896,141,401
260,8666,28,0.07471176236867905,0.7310603260993958,0.12671665847301483,0.6512615084648132,71,394
260,8666,29,0.15997099876403809,0.7712876200675964,-0.016058238223195076,0.9350243806838989,153,416
260,8666,30,0.07787317782640457,0.7608782052993774,0.1286884844303131,0.6913205981254578,74,410
260,8666,31,0.11004140973091125,0.7812025547027588,-0.0716346725821495,0.9651104211807251,105,421
260,8666,32,0.040307581424713135,0.7476733326911926,0.0969398096203804,0.7024058699607849,38,403
261,8700,0,0.0850272998213768,0.23804756999015808,0.010995226912200451,0.9981004595756531,81,128
261,8700,1,0.08339406549930573,0.2269226610660553,-0.0059145851992070675,0.9982523918151855,80,122
261,8700,2,0.08172610402107239,0.22687526047229767,-0.00601599458605051,0.9982139468193054,78,122
261,8700,3,0.08004998415708542,0.22683781385421753,-0.00595929566770792,0.9986746311187744,76,122
261,8700,4,0.08920252323150635,0.22592990100383759,0.00866191741079092,0.9983533620834351,85,122
261,8700,5,0.09134843945503235,0.22525762021541595,0.008482146076858044,0.9985546469688416,87,121
261,8700,6,0.09337189048528671,0.22445140779018402,0.008442860096693039,0.9988731145858765,89,121
261,8700,7,0.081245057284832,0.2333671599626541,-0.0539194792509079,0.9994114637374878,77,126
261,8700,8,0.09941522032022476,0.22963376343250275,0.011801532469689846,0.9984911680221558,95,124
261,8700,9,0.08433154225349426,0.24849902093410492,-0.0007695041713304818,0.9983199238777161,80,134
261,8700,10,0.08914177864789963,0.24962760508060455,0.016989227384328842,0.9975495934486389,85,134
261,8700,11,0.08766308426856995,0.3043431043624878,-0.10460952669382095,0.9999606609344482,84,164
261,8700,12,0.11931305378675461,0.2993606925010681,0.06333009898662567,0.9986745715141296,114,161
261,8700,13,0.062841035425663,0.40723809599876404,-0.1068853810429573,0.9635211229324341,60,219
261,8700,14,0.13688494265079498,0.3871842622756958,0.09361743927001953,0.023745616897940636,131,209
261,8700,15,0.029573608189821243,0.46450579166412354,-0.06596987694501877,0.8375496864318848,28,250
261,8700,16,0.12666000425815582,0.44635143876075745,0.10131751000881195,0.005005336366593838,121,241
261,8700,17,0.021324433386325836,0.4888368248939514,-0.07516051083803177,0.8068012595176697,20,263
261,8700,18,0.1280750334262848,0.46830812096595764,0.10368768870830536,0.008410017006099224,122,252
261,8700,19,0.018099527806043625,0.4824293851852417,-0.07141676545143127,0.8005869388580322,17,260
261,8700,20,0.12329740822315216,0.4676997661590576,0.09284969419240952,0.008149776607751846,118,252
261,8700,21,0.021927637979388237,0.47377830743789673,-0.06151965633034706,0.7237902879714966,21,255
261,8700,22,0.12267084419727325,0.4604293406009674,0.09597861021757126,0.008514213375747204,117,248
261,8700,23,0.10641301423311234,0.4821578562259674,-0.05414022505283356,0.9999420642852783,102,260
261,8700,24,0.11572721600532532,0.47668418288230896,0.05412660539150238,0.9998273253440857,111,257
261,8700,25,0.118658147752285,0.6166234016418457,-0.03560201823711395,0.9704700708389282,113,332
261,8700,26,0.08763490617275238,0.5996801853179932,0.08772879093885422,0.3926464915275574,84,323
261,8700,27,0.14733344316482544,0.7434223294258118,-0.01677308790385723,0.9805471897125244,141,401
261,8700,28,0.07374470680952072,0.7301539182662964,0.12970979511737823,0.6469655632972717,70,394
261,8700,29,0.1601891815662384,0.7712715864181519,-0.01804976724088192,0.9336152076721191,153,416
261,8700,30,0.0775918960571289,0.7591716647148132,0.13198880851268768,0.6844225525856018,74,409
261,8700,31,0.10951412469148636,0.7818990349769592,-0.07347690314054489,0.9650635719299316,105,422
261,8700,32,0.039738841354846954,0.7470216155052185,0.10136035829782486,0.700251042842865,38,403
262,8733,0,0.07945907860994339,0.23805533349514008,0.05390000343322754,0.9981302618980408,76,128
262,8733,1,0.07768993824720383,0.22695980966091156,0.03377431631088257,0.9982024431228638,74,122
262,8733,2,0.07585601508617401,0.2268846333026886,0.03366217762231827,0.9981792569160461,72,122
262,8733,3,0.0740138441324234,0.22686177492141724,0.033693134784698486,0.9986410140991211,71,122
262,8733,4,0.08441592007875443,0.2260395884513855,0.048744674772024155,0.9983099699020386,81,122
262,8733,5,0.08697615563869476,0.2254207581281662,0.04858219996094704,0.9985249638557434,83,121
262,8733,6,0.08966884016990662,0.224708691239357,0.04853718727827072,0.9988442659378052,86,121
262,8733,7,0.07452387362718582,0.23338720202445984,-0.0345698744058609,0.9993981122970581,71,126
262,8733,8,0.09473392367362976,0.23064909875392914,0.03367549553513527,0.9984301924705505,90,124
262,8733,9,0.07806091755628586,0.24851003289222717,0.03465290367603302,0.9982960224151611,74,134
262,8733,10,0.08440665900707245,0.2495736926794052,0.05315409228205681,0.9975165128707886,81,134
262,8733,11,0.08087191730737686,0.30708906054496765,-0.10127721726894379,0.999961793422699,77,165
262,8733,12,0.1160254254937172,0.3009076416492462,0.07310532033443451,0.9987454414367676,111,162
262,8733,13,0.055906906723976135,0.407311350107193,-0.1007535457611084,0.9659633636474609,53,219
262,8733,14,0.13291053473949432,0.38729777932167053,0.11610030382871628,0.02441352605819702,127,209
262,8733,15,0.02034623548388481,0.465951532125473,-0.04242808744311333,0.8303696513175964,19,251
262,8733,16,0.12175428122282028,0.44725388288497925,0.14471080899238586,0.0047094132751226425,116,241
262,8733,17,0.012375532649457455,0.48867571353912354,-0.048328790813684464,0.7924701571464539,11,263
262,8733,18,0.12125710397958755,0.4684247672557831,0.15205411612987518,0.007846107706427574,116,252
262,8733,19,0.009059919975697994,0.48223090171813965,-0.042560383677482605,0.7858008742332458,8,260
262,8733,20,0.1146298199892044,0.46783357858657837,0.1418892741203308,0.0075945425778627396,110,252
262,8733,21,0.012548388913273811,0.47430282831192017,-0.036652665585279465,0.7007980942726135,12,256
262,8733,22,0.11524050682783127,0.4607536792755127,0.14015178382396698,0.007976178079843521,110,248
262,8733,23,0.10049404948949814,0.48717668652534485,-0.05465269461274147,0.9999260306358337,96,263
262,8733,24,0.11159946769475937,0.4806315004825592,0.05461207404732704,0.9997912645339966,107,259
262,8733,25,0.11669041961431503,0.6189061999320984,-0.03293631225824356,0.9689537286758423,112,334
262,8733,26,0.08339338004589081,0.6007845401763916,0.12010788172483444,0.3922543227672577,80,324
262,8733,27,0.14757277071475983,0.743701159954071,-0.007642185781151056,0.9776919484138489,141,401
262,8733,28,0.06033724918961525,0.7309945821762085,0.16035018861293793,0.653313398361206,57,394
262,8733,29,0.16023188829421997,0.7711436152458191,-0.008159945718944073,0.9239770770072937,153,416
262,8733,30,0.06126006692647934,0.7617740035057068,0.16259163618087769,0.6868122220039368,58,411
262,8733,31,0.11018650233745575,0.7827783226966858,-0.060524847358465195,0.9553901553153992,105,422
262,8733,32,0.03129119798541069,0.7393299341201782,0.1276082992553711,0.6931197643280029,30,399
263,8766,0,0.07851292192935944,0.23965488374233246,0.04044584557414055,0.9982549548149109,75,129
263,8766,1,0.0769655704498291,0.2289372682571411,0.021433915942907333,0.9983048439025879,73,123
263,8766,2,0.07527950406074524,0.22865553200244904,0.021326111629605293,0.9982830286026001,72,123
263,8766,3,0.0736001655459404,0.2283906489610672,0.02137293852865696,0.9987140893936157,70,123
263,8766,4,0.08304716646671295,0.22831584513187408,0.03724857047200203,0.9984061121940613,79,123
263,8766,5,0.08537786453962326,0.22771763801574707,0.0370752215385437,0.9986090660095215,81,122
263,8766,6,0.08768395334482193,0.22698016464710236,0.03702908754348755,0.9989065527915955,84,122
263,8766,7,0.0748836025595665,0.23459947109222412,-0.03895813226699829,0.9994274973869324,71,126
263,8766,8,0.09351836144924164,0.2321535348892212,0.03289005905389786,0.9985014200210571,89,125
263,8766,9,0.0776054784655571,0.24951092898845673,0.024385694414377213,0.9983525276184082,74,134
263,8766,10,0.08258835226297379,0.25088590383529663,0.04384252801537514,0.9976065158843994,79,135
263,8766,11,0.08036830276250839,0.30708619952201843,-0.10170786082744598,0.9999629259109497,77,165
263,8766,12,0.11361180990934372,0.301321417093277,0.07784159481525421,0.9988211989402771,109,162
263,8766,13,0.056940365582704544,0.4075091779232025,-0.10001382976770401,0.9681251049041748,54,220
263,8766,14,0.13078418374061584,0.38689371943473816,0.11977136135101318,0.025756025686860085,125,208
263,8766,15,0.018557598814368248,0.46580371260643005,-0.038247641175985336,0.8268294930458069,17,251
263,8766,16,0.1211494505405426,0.44768086075782776,0.1410982310771942,0.004450400825589895,116,241
263,8766,17,0.011197509244084358,0.4877091646194458,-0.04399643465876579,0.7840561866760254,10,263
263,8766,18,0.12266656756401062,0.468482106924057,0.1469866931438446,0.007350414991378784,117,252
263,8766,19,0.007877047173678875,0.47942617535591125,-0.03858654201030731,0.7770226001739502,7,258
263,8766,20,0.11694084107875824,0.4679716229438782,0.13658279180526733,0.007106537465006113,112,252
263,8766,21,0.011347710154950619,0.4716172218322754,-0.0324590690433979,0.684951901435852,10,254
263,8766,22,0.11673519015312195,0.4609878957271576,0.13615678250789642,0.007502324879169464,112,248
263,8766,23,0.09957856684923172,0.48711854219436646,-0.05551812797784805,0.9999175667762756,95,263
263,8766,24,0.10793448984622955,0.4808045029640198,0.055465422570705414,0.9997746348381042,103,259
263,8766,25,0.11551394313573837,0.6188610792160034,-0.030009666457772255,0.9675992727279663,110,334
263,8766,26,0.08199911564588547,0.6007542610168457,0.11258422583341599,0.3980071544647217,78,324
263,8766,27,0.1475549340248108,0.7435509562492371,-0.003822434926405549,0.976163923740387,141,401
263,8766,28,0.061136405915021896,0.7305251955986023,0.15372085571289062,0.6632556915283203,58,394
263,8766,29,0.16041454672813416,0.7706215381622314,-0.004134008195251226,0.9173702597618103,153,416
263,8766,30,0.06115054339170456,0.7618533372879028,0.1562197357416153,0.6926904320716858,58,411
263,8766,31,0.11063205450773239,0.7831530570983887,-0.056564390659332275,0.9506628513336182,106,422
263,8766,32,0.030780505388975143,0.7328248620033264,0.12508688867092133,0.6955012083053589,29,395
264,8800,0,0.07432835549116135,0.2395859658718109,0.05100641027092934,0.9983574748039246,71,129
264,8800,1,0.07266459614038467,0.2289312183856964,0.0319986492395401,0.9983669519424438,69,123
264,8800,2,0.07069087773561478,0.2286556512117386,0.031889405101537704,0.9983340501785278,67,123
264,8800,3,0.06880202144384384,0.22839444875717163,0.031918659806251526,0.9987428784370422,66,123
264,8800,4,0.07888774573802948,0.22829487919807434,0.04558569937944412,0.9984925389289856,75,123
264,8800,5,0.08130117505788803,0.22769534587860107,0.04541156440973282,0.9986881613731384,78,122
264,8800,6,0.0835878923535347,0.22696948051452637,0.0453682467341423,0.9989744424819946,80,122
264,8800,7,0.06862751394510269,0.23458801209926605,-0.03266970440745354,0.9994297623634338,65,126
264,8800,8,0.08857186883687973,0.2328077256679535,0.03026379831135273,0.9985840320587158,85,125
264,8800,9,0.07247761636972427,0.24950368702411652,0.0330541655421257,0.9983997344970703,69,134
264,8800,10,0.07816832512617111,0.2508297264575958,0.04981154948472977,0.9977322816848755,75,135
264,8800,11,0.07229909300804138,0.30944710969924927,-0.09173036366701126,0.9999627470970154,69,167
264,8800,12,0.10925675183534622,0.30389171838760376,0.0770077258348465,0.9989201426506042,104,164
264,8800,13,0.050355326384305954,0.4090600609779358,-0.0830342248082161,0.9654749035835266,48,220
264,8800,14,0.12475475668907166,0.39638853073120117,0.1065158024430275,0.026236196979880333,119,214
264,8800,15,0.015062635764479637,0.4633697271347046,-0.018281986936926842,0.8012194633483887,14,250
264,8800,16,0.12070558965206146,0.4720824956893921,0.11027882993221283,0.007972524501383305,115,254
264,8800,17,0.008757402189075947,0.4792689085006714,-0.02337219938635826,0.7559316754341125,8,258
264,8800,18,0.12188125401735306,0.4963819682598114,0.10866499692201614,0.01200700644403696,117,268
264,8800,19,0.005517565179616213,0.46942436695098877,-0.019652508199214935,0.7485325932502747,5,253
264,8800,20,0.11692564934492111,0.4971090853214264,0.09995365887880325,0.01153386291116476,112,268
264,8800,21,0.009380669333040714,0.4641801118850708,-0.013408261351287365,0.6518269777297974,9,250
264,8800,22,0.11625894159078598,0.48925894498825073,0.10598152130842209,0.01152854785323143,111,264
264,8800,23,0.09166593849658966,0.4904138147830963,-0.053270015865564346,0.9999157190322876,87,264
264,8800,24,0.10378765314817429,0.48443520069122314,0.05320174619555473,0.999783456325531,99,261
264,8800,25,0.11202502250671387,0.622469425201416,-0.019088534638285637,0.9676458835601807,107,336
264,8800,26,0.07784055918455124,0.605958878993988,0.12052569538354874,0.41456902027130127,74,327
264,8800,27,0.1470295935869217,0.743798017501831,0.02021186426281929,0.9737521409988403,141,401
264,8800,28,0.05409565195441246,0.7329772114753723,0.1726871281862259,0.6780002117156982,51,395
264,8800,29,0.16051968932151794,0.7709874510765076,0.020865630358457565,0.9034045338630676,154,416
264,8800,30,0.05455205217003822,0.7643241286277771,0.17624233663082123,0.6987953186035156,52,412
264,8800,31,0.11093885451555252,0.7833853960037231,-0.0355144701898098,0.9398113489151001,106,423
264,8800,32,0.024361390620470047,0.7338134050369263,0.1416586935520172,0.696630597114563,23,396
265,8833,0,0.07302502542734146,0.24080705642700195,0.008295354433357716,0.9984903335571289,70,130
265,8833,1,0.07204659283161163,0.2299880087375641,-0.007595534902065992,0.9984937906265259,69,124
265,8833,2,0.07048322260379791,0.2296905517578125,-0.007706627249717712,0.9984580874443054,67,124
265,8833,3,0.0689600482583046,0.22936780750751495,-0.007662779185920954,0.9988343119621277,66,123
265,8833,4,0.07680420577526093,0.22956125438213348,0.009292476810514927,0.998614490032196,73,123
265,8833,5,0.0785147100687027,0.22904779016971588,0.0090928440913558,0.9987927675247192,75,123
265,8833,6,0.08025854080915451,0.2283075898885727,0.009039810858666897,0.9990577697753906,77,123
265,8833,7,0.06915105134248734,0.2356472611427307,-0.05302872508764267,0.9994649887084961,66,127
265,8833,8,0.08551543205976486,0.23404774069786072,0.025836599990725517,0.9986876249313354,82,126
265,8833,9,0.07181961834430695,0.25055381655693054,-0.0028712202329188585,0.9984810948371887,68,135
265,8833,10,0.07602338492870331,0.25207510590553284,0.017996221780776978,0.9978734254837036,72,136
265,8833,11,0.07228177040815353,0.30970972776412964,-0.09886018186807632,0.9999617338180542,69,167
265,8833,12,0.10660544782876968,0.3049558103084564,0.07351140677928925,0.9989919066429138,102,164
265,8833,13,0.04819744452834129,0.40997642278671265,-0.09283994883298874,0.9635730981826782,46,221
265,8833,14,0.12274651229381561,0.39819541573524475,0.11112406104803085,0.024539131671190262,117,215
265,8833,15,0.011871459893882275,0.4642579257488251,-0.027189146727323532,0.7852026224136353,11,250
265,8833,16,0.11751816421747208,0.4725836515426636,0.1087862104177475,0.008719976991415024,112,255
265,8833,17,0.004529079422354698,0.48089978098869324,-0.033630914986133575,0.7373676300048828,4,259
265,8833,18,0.12305686622858047,0.4988611340522766,0.10801471769809723,0.013331402093172073,118,269
265,8833,19,0.0007408684468828142,0.4726890027523041,-0.030128542333841324,0.7296847701072693,0,255
265,8833,20,0.11767101287841797,0.500550389289856,0.09800422191619873,0.01287812739610672,112,270
265,8833,21,0.005477776750922203,0.4657381772994995,-0.02218158356845379,0.6279367208480835,5,251
265,8833,22,0.116432324051857,0.4933255910873413,0.10312601178884506,0.012873106636106968,111,266
265,8833,23,0.090704046189785,0.4901823401451111,-0.05458606779575348,0.9999100565910339,87,264
265,8833,24,0.10000976920127869,0.4844528138637543,0.054522428661584854,0.9997848868370056,96,261
265,8833,25,0.11020026355981827,0.6222693920135498,-0.019190693274140358,0.9655508399009705,105,336
265,8833,26,0.07539550960063934,0.6073377132415771,0.10743946582078934,0.42085227370262146,72,327
265,8833,27,0.1467687487602234,0.7437229752540588,0.022837858647108078,0.9700427651405334,140,401
265,8833,28,0.054621271789073944,0.7334501147270203,0.16440053284168243,0.6845207810401917,52,396
265,8833,29,0.1603563129901886,0.7706429958343506,0.023617427796125412,0.882980227470398,153,416
265,8833,30,0.05596330389380455,0.7652340531349182,0.16687268018722534,0.6957407593727112,53,413
265,8833,31,0.1110171377658844,0.7798223495483398,-0.03452882543206215,0.931473433971405,106,421
265,8833,32,0.023655235767364502,0.734038770198822,0.13370785117149353,0.6991985440254211,22,396
266,8866,0,0.06706977635622025,0.24183377623558044,0.021946845576167107,0.9986018538475037,64,130
266,8866,1,0.06623897701501846,0.2307809442281723,0.004805481992661953,0.9985877871513367,63,124
266,8866,2,0.06478258222341537,0.2305297553539276,0.004703119862824678,0.9985417127609253,62,124
266,8866,3,0.06326553225517273,0.2302912324666977,0.004720201250165701,0.9988930821418762,60,124
266,8866,4,0.07111266255378723,0.23046784102916718,0.02148142270743847,0.998716413974762,68,124
266,8866,5,0.07296214997768402,0.2300414741039276,0.02128673531115055,0.998880922794342,70,124
266,8866,6,0.0747397318482399,0.22943778336048126,0.02123318426311016,0.9991309642791748,71,123
266,8866,7,0.06357801705598831,0.23696674406528473,-0.047557175159454346,0.9994815587997437,61,127
266,8866,8,0.08038979023694992,0.23619422316551208,0.02769368514418602,0.9987810850143433,77,127
266,8866,9,0.0659819170832634,0.251587837934494,0.008005163632333279,0.9985417723655701,63,135
266,8866,10,0.06988663226366043,0.2534143924713135,0.028656404465436935,0.9980039000511169,67,136
266,8866,11,0.06415040045976639,0.31069624423980713,-0.09975244849920273,0.999961793422699,61,167
266,8866,12,0.10127715021371841,0.3064351975917816,0.07499804347753525,0.9990798830986023,97,165
266,8866,13,0.045489829033613205,0.40999963879585266,-0.09367700666189194,0.9595301747322083,43,221
266,8866,14,0.11851944774389267,0.4020204544067383,0.10787590593099594,0.024258127436041832,113,217
266,8866,15,0.014436562545597553,0.4594244658946991,-0.023890666663646698,0.7539191842079163,13,248
266,8866,16,0.11666778475046158,0.47966110706329346,0.10141456127166748,0.011508428491652012,112,259
266,8866,17,0.007344894111156464,0.4731636941432953,-0.02913467399775982,0.7037637233734131,7,255
266,8866,18,0.12101270258426666,0.5055134892463684,0.09923481941223145,0.017003150656819344,116,272
266,8866,19,0.00466858921572566,0.4634628891944885,-0.025573931634426117,0.6948187947273254,4,250
266,8866,20,0.1155039444565773,0.5076918005943298,0.08829661458730698,0.016309695318341255,110,274
266,8866,21,0.009091689251363277,0.4578571319580078,-0.01891520246863365,0.5910673141479492,8,247
266,8866,22,0.11689574271440506,0.5012943148612976,0.09523031115531921,0.01600736379623413,112,270
266,8866,23,0.08509466052055359,0.4912582337856293,-0.056218672543764114,0.9999143481254578,81,265
266,8866,24,0.09708300977945328,0.4869254231452942,0.05615469068288803,0.9998014569282532,93,262
266,8866,25,0.10556019097566605,0.6248654127120972,-0.026201898232102394,0.9651070237159729,101,337
266,8866,26,0.06925509870052338,0.608465313911438,0.1024923101067543,0.4324723184108734,66,328
266,8866,27,0.14615266025066376,0.7433720827102661,0.018761737272143364,0.9661134481430054,140,401
266,8866,28,0.048930417746305466,0.7372236847877502,0.14717550575733185,0.69576495885849,46,398
266,8866,29,0.16024674475193024,0.7696412801742554,0.020168935880064964,0.8651199340820312,153,415
266,8866,30,0.053267836570739746,0.7690947651863098,0.14905346930027008,0.7010916471481323,51,415
266,8866,31,0.11113396286964417,0.7788944840431213,-0.03543609753251076,0.9211233854293823,106,420
266,8866,32,0.014449724927544594,0.7435898184776306,0.1144910529255867,0.7031842470169067,13,401
267,8900,0,0.06612549722194672,0.2429460883140564,0.014148489572107792,0.9986646771430969,63,131
267,8900,1,0.06529270112514496,0.23171094059944153,-0.0032059280201792717,0.9986209273338318,62,125
267,8900,2,0.06378274410963058,0.23147882521152496,-0.00331290066242218,0.9985558390617371,61,124
267,8900,3,0.06226571649312973,0.231252521276474,-0.003286824095994234,0.9988946914672852,59,124
267,8900,4,0.06988165527582169,0.2316749393939972,0.014569487422704697,0.9987737536430359,67,125
267,8900,5,0.07159057259559631,0.23140116035938263,0.014375375583767891,0.9989317655563354,68,124
267,8900,6,0.07333111763000488,0.23092477023601532,0.014317336492240429,0.9991776347160339,70,124
267,8900,7,0.0622185654938221,0.23812100291252136,-0.05457534268498421,0.9994665384292603,59,128
267,8900,8,0.07889200747013092,0.23749883472919464,0.025074124336242676,0.9988346099853516,75,128
267,8900,9,0.06495234370231628,0.2529603838920593,0.0006982210325077176,0.9985291361808777,62,136
267,8900,10,0.06898704171180725,0.2547623813152313,0.022795289754867554,0.998059868812561,66,137
267,8900,11,0.06559772789478302,0.3106076419353485,-0.10827001184225082,0.9999602437019348,62,167
267,8900,12,0.09929857403039932,0.3073471486568451,0.0743420347571373,0.9991485476493835,95,165
267,8900,13,0.04562236741185188,0.4088112413883209,-0.11306120455265045,0.9578152894973755,43,220
267,8900,14,0.11907509714365005,0.4050666093826294,0.10858514904975891,0.02350602112710476,114,218
267,8900,15,0.01109089981764555,0.46002405881881714,-0.05531098693609238,0.7438522577285767,10,248
267,8900,16,0.11668661236763,0.48429518938064575,0.09878488630056381,0.014443136751651764,112,261
267,8900,17,0.004144677426666021,0.4743031859397888,-0.0651269480586052,0.6920505166053772,3,256
267,8900,18,0.11976722627878189,0.5088462233543396,0.09582731127738953,0.021201590076088905,114,274
267,8900,19,0.0007784042973071337,0.4646473526954651,-0.06017301604151726,0.6822695136070251,0,250
267,8900,20,0.1149105653166771,0.510929524898529,0.08273255079984665,0.02045406773686409,110,275
267,8900,21,0.004980453755706549,0.4596516788005829,-0.05011414363980293,0.5723627805709839,4,248
267,8900,22,0.11488614231348038,0.5035197138786316,0.09170733392238617,0.019644644111394882,110,271
267,8900,23,0.08457111567258835,0.49160173535346985,-0.058001793920993805,0.9999142289161682,81,265
267,8900,24,0.09473589807748795,0.48836979269981384,0.05795961245894432,0.9998106956481934,90,263
267,8900,25,0.10443710535764694,0.625015914440155,-0.025824127718806267,0.9629336595535278,100,337
267,8900,26,0.06753434240818024,0.6108033657073975,0.10059615969657898,0.4321973919868469,64,329
267,8900,27,0.14585630595684052,0.7433487176895142,0.021014846861362457,0.9627295136451721,140,401
267,8900,28,0.048310525715351105,0.738642692565918,0.15197062492370605,0.6983795762062073,46,398
267,8900,29,0.16013698279857635,0.7693068385124207,0.022010523825883865,0.8496871590614319,153,415
267,8900,30,0.052227605134248734,0.7702476978302002,0.15500876307487488,0.6996369361877441,50,415
267,8900,31,0.1112835630774498,0.7781821489334106,-0.036137476563453674,0.9138211011886597,106,420
267,8900,32,0.014022083953022957,0.7451412081718445,0.11461443454027176,0.7026238441467285,13,402
268,8933,0,0.05973854288458824,0.24332690238952637,0.06674639135599136,0.9986307621002197,57,131
268,8933,1,0.05841968581080437,0.23229120671749115,0.04759499058127403,0.9985105991363525,56,125
268,8933,2,0.0567568801343441,0.2322203367948532,0.047491125762462616,0.9984551072120667,54,125
268,8933,3,0.05506255850195885,0.23217317461967468,0.04750681295990944,0.9988131523132324,52,125
268,8933,4,0.06426450610160828,0.23213502764701843,0.06122691556811333,0.9986838102340698,61,125
268,8933,5,0.0665125697851181,0.23198965191841125,0.06106366589665413,0.9988569021224976,63,125
268,8933,6,0.06912904232740402,0.23176099359989166,0.06101227551698685,0.9991207718849182,66,125
268,8933,7,0.05546842887997627,0.23948870599269867,-0.01877087727189064,0.9994440078735352,53,129
268,8933,8,0.07407453656196594,0.2394603043794632,0.04407688230276108,0.9987765550613403,71,129
268,8933,9,0.057748500257730484,0.2539571523666382,0.048089247196912766,0.9984796047210693,55,137
268,8933,10,0.06366568058729172,0.2554837465286255,0.06491853296756744,0.997998058795929,61,137
268,8933,11,0.05498143285512924,0.31051260232925415,-0.08203596621751785,0.9999608993530273,52,167
268,8933,12,0.0953163281083107,0.3098231554031372,0.07953761518001556,0.9991876482963562,91,167
268,8933,13,0.037067219614982605,0.4120534658432007,-0.06703480333089828,0.9578077793121338,35,222
268,8933,14,0.11058906465768814,0.4047292172908783,0.11784934252500534,0.023113802075386047,106,218
268,8933,15,0.0022930556442588568,0.46035057306289673,0.010304318740963936,0.7180046439170837,2,248
268,8933,16,0.09849318116903305,0.47635695338249207,0.14269079267978668,0.013144923374056816,94,257
268,8933,17,-0.006117193028330803,0.47564318776130676,0.00926150567829609,0.6626283526420593,-5,256
268,8933,18,0.09745842963457108,0.4964088797569275,0.14946705102920532,0.019289856776595116,93,268
268,8933,19,-0.00902742613106966,0.4659879505634308,0.013938193209469318,0.6527616381645203,-8,251
268,8933,20,0.09161483496427536,0.4934339225292206,0.14109884202480316,0.018602248281240463,87,266
268,8933,21,-0.004327666480094194,0.4614041745662689,0.01597820222377777,0.5409999489784241,-4,249
268,8933,22,0.09100951254367828,0.4867554306983948,0.13872776925563812,0.017912523820996284,87,262
268,8933,23,0.07897058129310608,0.49153000116348267,-0.056032102555036545,0.999903678894043,75,265
268,8933,24,0.09161850064992905,0.4881521165370941,0.05596822127699852,0.9997929930686951,87,263
268,8933,25,0.09883354604244232,0.6247271299362183,-0.0256344024091959,0.9599809050559998,94,337
268,8933,26,0.06337109953165054,0.6106884479522705,0.10683301091194153,0.4260864555835724,60,329
268,8933,27,0.14496567845344543,0.741409420967102,0.01567922718822956,0.9580201506614685,139,400
268,8933,28,0.0454685315489769,0.7393858432769775,0.15168480575084686,0.697537362575531,43,399
268,8933,29,0.15940286219120026,0.7661423087120056,0.017205558717250824,0.8378871083259583,153,413
268,8933,30,0.050952788442373276,0.7717831134796143,0.15467296540737152,0.6987149715423584,48,416
268,8933,31,0.11195839196443558,0.7778315544128418,-0.03544636070728302,0.9006994366645813,107,420
268,8933,32,0.008323303423821926,0.7527013421058655,0.12179982662200928,0.6913005113601685,7,406
269,8966,0,0.05925213173031807,0.2442760020494461,0.05692696571350098,0.9986801147460938,56,131
269,8966,1,0.05874355882406235,0.23338577151298523,0.042010482400655746,0.9985460042953491,56,126
269,8966,2,0.057123780250549316,0.23338583111763,0.041967008262872696,0.9984903931617737,54,126
269,8966,3,0.05548639968037605,0.2334108203649521,0.04198156297206879,0.9988307952880859,53,126
269,8966,4,0.06371112167835236,0.2332090437412262,0.047721073031425476,0.9987254738807678,61,125
269,8966,5,0.06578280031681061,0.2330186665058136,0.047538403421640396,0.9988963603973389,63,125
269,8966,6,0.06780170649290085,0.23271076381206512,0.04746051877737045,0.9991501569747925,65,125
269,8966,7,0.055489879101514816,0.24078914523124695,-0.02464071288704872,0.9994571805000305,53,130
269,8966,8,0.07275018095970154,0.2400890737771988,0.027762627229094505,0.9988269209861755,69,129
269,8966,9,0.05768490210175514,0.25506237149238586,0.042785320430994034,0.9985042810440063,55,137
269,8966,10,0.06310168653726578,0.25603747367858887,0.05047183483839035,0.9980557560920715,60,138
269,8966,11,0.05505702272057533,0.31204429268836975,-0.08984442800283432,0.9999586343765259,52,168
269,8966,12,0.09480906277894974,0.3111540973186493,0.06637728959321976,0.9992204308509827,91,168
269,8966,13,0.03694065287709236,0.41524407267570496,-0.07944049686193466,0.9583250284194946,35,224
269,8966,14,0.1091977059841156,0.40407228469848633,0.11496536433696747,0.024347353726625443,104,218
269,8966,15,0.0019124652026221156,0.4611304998397827,-0.01071833074092865,0.6969031691551208,1,249
269,8966,16,0.09816286712884903,0.46999281644821167,0.13022007048130035,0.012073990888893604,94,253
269,8966,17,-0.006112178787589073,0.476707398891449,-0.013761850073933601,0.6401301622390747,-5,257
269,8966,18,0.09755458682775497,0.4863356351852417,0.13560850918293,0.01770061068236828,93,262
269,8966,19,-0.00919313170015812,0.4673095941543579,-0.00979677401483059,0.6303501725196838,-8,252
269,8966,20,0.0920567736029625,0.4854935109615326,0.12560774385929108,0.017066815868020058,88,262
269,8966,21,-0.004602027125656605,0.4626457393169403,-0.0055359299294650555,0.5167781114578247,-4,249
269,8966,22,0.09267798066139221,0.4804686903953552,0.12562040984630585,0.016500426456332207,88,259
269,8966,23,0.07862261682748795,0.4919057786464691,-0.05476913973689079,0.9998918175697327,75,265
269,8966,24,0.0879044234752655,0.48883718252182007,0.054704777896404266,0.9997771382331848,84,263
269,8966,25,0.09896612912416458,0.6246463656425476,-0.01981068029999733,0.9594789147377014,95,337
269,8966,26,0.0603410005569458,0.6116770505905151,0.10096066445112228,0.4382929503917694,57,330
269,8966,27,0.14401587843894958,0.7393785715103149,0.022844433784484863,0.9577853679656982,138,399
269,8966,28,0.04592897742986679,0.7397582530975342,0.13702897727489471,0.7109465003013611,44,399
269,8966,29,0.15825778245925903,0.7623199820518494,0.024646876379847527,0.8361071944236755,151,411
269,8966,30,0.05149690434336662,0.7716682553291321,0.13924045860767365,0.7084709405899048,49,416
269,8966,31,0.11263296008110046,0.7778610587120056,-0.02127447910606861,0.8993589282035828,108,420
269,8966,32,0.009021583013236523,0.7558547854423523,0.10887309908866882,0.7002262473106384,8,408
270,9000,0,0.054618123918771744,0.2442055344581604,0.04960028454661369,0.9986578226089478,52,131
270,9000,1,0.052844006568193436,0.23336541652679443,0.032218895852565765,0.9984777569770813,50,126
270,9000,2,0.0508800707757473,0.23339220881462097,0.03213055059313774,0.9983983039855957,48,126
270,9000,3,0.04896125942468643,0.2334410399198532,0.0321517251431942,0.9987232089042664,47,126
270,9000,4,0.05856432020664215,0.2331387996673584,0.043077122420072556,0.998721182346344,56,125
270,9000,5,0.061068080365657806,0.23293691873550415,0.04289122298359871,0.9989079833030701,58,125
270,9000,6,0.06338199973106384,0.23263755440711975,0.042818523943424225,0.9991658329963684,60,125
270,9000,7,0.048881955444812775,0.24082328379154205,-0.028468066826462746,0.9994239211082458,46,130
270,9000,8,0.06833193451166153,0.2400655895471573,0.026460599154233932,0.9988755583763123,65,129
270,9000,9,0.052325401455163956,0.2550280690193176,0.0339219830930233,0.9984732866287231,50,137
270,9000,10,0.058331798762083054,0.2561852037906647,0.04707955941557884,0.9981055855751038,55,138
270,9000,11,0.04698153957724571,0.3119142949581146,-0.0862322747707367,0.9999523758888245,45,168
270,9000,12,0.08960946649312973,0.31281813979148865,0.05650103837251663,0.9992765188217163,86,168
270,9000,13,0.02936258167028427,0.4164622128009796,-0.07643953710794449,0.9559265375137329,28,224
270,9000,14,0.10475599765777588,0.4075876772403717,0.08403822779655457,0.041340623050928116,100,220
270,9000,15,-0.0002696520241443068,0.4613480567932129,-0.010776790790259838,0.6536682844161987,0,249
270,9000,16,0.09962113946676254,0.4834485650062561,0.09389564394950867,0.012706343084573746,95,261
270,9000,17,-0.008202987723052502,0.4772961735725403,-0.012780758552253246,0.5990885496139526,-7,257
270,9000,18,0.10009985417127609,0.5055022239685059,0.0962151288986206,0.0178738571703434,96,272
270,9000,19,-0.010139013640582561,0.46728217601776123,-0.009173459373414516,0.5897010564804077,-9,252
270,9000,20,0.09555291384458542,0.5060045719146729,0.08841853588819504,0.01720331609249115,91,273
270,9000,21,-0.0035455571487545967,0.46223074197769165,-0.005917382426559925,0.47987300157546997,-3,249
270,9000,22,0.09519590437412262,0.4990098774433136,0.09030979126691818,0.01667528785765171,91,269
270,9000,23,0.07074777036905289,0.49320510029792786,-0.0522933155298233,0.9998856782913208,67,266
270,9000,24,0.08520804345607758,0.48972073197364807,0.05220876261591911,0.999782383441925,81,264
270,9000,25,0.09200741350650787,0.626733124256134,-0.007951094768941402,0.9611624479293823,88,338
270,9000,26,0.05363273620605469,0.6129812002182007,0.10100899636745453,0.47145164012908936,51,331
270,9000,27,0.1398419886827469,0.7360306978225708,0.05156688764691353,0.9586505889892578,134,397
270,9000,28,0.04273656755685806,0.7405672669410706,0.13874755799770355,0.7322098612785339,41,399
270,9000,29,0.15479040145874023,0.7519136667251587,0.05555563420057297,0.8390927314758301,148,406
270,9000,30,0.04996359720826149,0.7707350254058838,0.14112332463264465,0.7269319891929626,47,416
270,9000,31,0.11265068501234055,0.7779117822647095,0.017142780125141144,0.8983079791069031,108,420
270,9000,32,0.008051697164773941,0.7617624998092651,0.11083704978227615,0.7156838774681091,7,411
271,9033,0,0.053805503994226456,0.24250727891921997,0.023183999583125114,0.9986843466758728,51,130
271,9033,1,0.05271599441766739,0.2317320853471756,0.008000212721526623,0.9984865784645081,50,125
271,9033,2,0.05118753761053085,0.23185499012470245,0.007904653437435627,0.998403012752533,49,125
271,9033,3,0.04959728941321373,0.23213990032672882,0.0079329339787364,0.9987022876739502,47,125
271,9033,4,0.057186227291822433,0.23172909021377563,0.02100040763616562,0.9987527132034302,54,125
271,9033,5,0.05893219634890556,0.23175325989723206,0.020808465778827667,0.9989439249038696,56,125
271,9033,6,0.06072418391704559,0.23163849115371704,0.020730502903461456,0.9991921782493591,58,125
271,9033,7,0.04892425984144211,0.24042586982250214,-0.038738131523132324,0.9994252920150757,46,129
271,9033,8,0.0656764879822731,0.23996268212795258,0.01914554089307785,0.9989306330680847,63,129
271,9033,9,0.05158376693725586,0.2540721893310547,0.01124224066734314,0.998476505279541,49,137
271,9033,10,0.0566030815243721,0.25522032380104065,0.026852043345570564,0.9981686472892761,54,137
271,9033,11,0.04631388559937477,0.31181877851486206,-0.09416243433952332,0.9999457597732544,44,168
271,9033,12,0.08719521015882492,0.31244683265686035,0.05838826671242714,0.9993090629577637,83,168
271,9033,13,0.030352838337421417,0.4166501760482788,-0.08761722594499588,0.957822322845459,29,224
271,9033,14,0.10368296504020691,0.4078690707683563,0.08880064636468887,0.052759453654289246,99,220
271,9033,15,-0.0014873772161081433,0.462832510471344,-0.02281198464334011,0.6488182544708252,-1,249
271,9033,16,0.10056480020284653,0.48345643281936646,0.09716705977916718,0.013244453817605972,96,261
271,9033,17,-0.00893508829176426,0.477777898311615,-0.025906989350914955,0.5936931371688843,-8,258
271,9033,18,0.10168091952800751,0.5039488673210144,0.09934105724096298,0.018224943429231644,97,272
271,9033,19,-0.011587842367589474,0.46765467524528503,-0.019734589383006096,0.5842273235321045,-11,252
271,9033,20,0.09686875343322754,0.5050271153450012,0.0909065455198288,0.017558498308062553,92,272
271,9033,21,-0.006158745381981134,0.46283629536628723,-0.017037643119692802,0.4715871214866638,-5,249
271,9033,22,0.0965808629989624,0.5003401637077332,0.09299361705780029,0.017221707850694656,92,270
271,9033,23,0.0696161761879921,0.4930935204029083,-0.052678752690553665,0.9998723864555359,66,266
271,9033,24,0.08267256617546082,0.4900513291358948,0.05259327217936516,0.999772846698761,79,264
271,9033,25,0.08945795893669128,0.626754641532898,-0.0065830363892018795,0.9635728001594543,85,338
271,9033,26,0.053588103502988815,0.6133813261985779,0.09986845403909683,0.5060816407203674,51,331
271,9033,27,0.13938984274864197,0.7343058586120605,0.049982864409685135,0.9614432454109192,133,396
271,9033,28,0.04289449751377106,0.7405891418457031,0.14105385541915894,0.7538442611694336,41,399
271,9033,29,0.15486328303813934,0.7501773834228516,0.05322347953915596,0.8478268384933472,148,405
271,9033,30,0.04970279708504677,0.7699841260910034,0.14423322677612305,0.7462174892425537,47,415
271,9033,31,0.1127471923828125,0.7783282995223999,0.007385395001620054,0.9044244885444641,108,420
271,9033,32,0.008325816132128239,0.7641521692276001,0.1110435277223587,0.7359676957130432,7,412
272,9066,0,0.04479387030005455,0.2441117763519287,0.052854109555482864,0.9984472990036011,43,131
272,9066,1,0.043489281088113785,0.23307564854621887,0.03497885540127754,0.9981001615524292,41,125
272,9066,2,0.04173294082283974,0.23315761983394623,0.03487897291779518,0.9979622960090637,40,125
272,9066,3,0.04011111333966255,0.23329097032546997,0.03487803786993027,0.9982669353485107,38,125
272,9066,4,0.04933770000934601,0.23284250497817993,0.04767195135354996,0.998543381690979,47,125
272,9066,5,0.05203349143266678,0.23266246914863586,0.047486212104558945,0.9988080263137817,49,125
272,9066,6,0.05449941009283066,0.2324037402868271,0.04739987477660179,0.9991039037704468,52,125
272,9066,7,0.040791165083646774,0.24084167182445526,-0.026621442288160324,0.9992769360542297,39,130
272,9066,8,0.05982363969087601,0.24060937762260437,0.030637718737125397,0.9988759756088257,57,129
272,9066,9,0.04321002960205078,0.25554177165031433,0.03541724011301994,0.9982233047485352,41,137
272,9066,10,0.0486774668097496,0.25696223974227905,0.050790369510650635,0.9980299472808838,46,138
272,9066,11,0.036588095128536224,0.31215402483940125,-0.08647594600915909,0.999923050403595,35,168
272,9066,12,0.08187837898731232,0.3136577308177948,0.05920145660638809,0.9993398189544678,78,169
272,9066,13,0.0248700138181448,0.4198050796985626,-0.07579068839550018,0.9526860117912292,23,226
272,9066,14,0.09600090235471725,0.4103463590145111,0.08751635998487473,0.0726364329457283,92,221
272,9066,15,-0.0038542747497558594,0.4698006808757782,-0.001077491557225585,0.604228138923645,-3,253
272,9066,16,0.09588950127363205,0.48712947964668274,0.09111084789037704,0.017273476347327232,92,263
272,9066,17,-0.012113363482058048,0.4848661720752716,-0.0012055753031745553,0.5525714159011841,-11,261
272,9066,18,0.09703020751476288,0.5096302628517151,0.09341976791620255,0.022178255021572113,93,275
272,9066,19,-0.012192212976515293,0.47648316621780396,0.0036700728815048933,0.5438663363456726,-11,257
272,9066,20,0.09267619997262955,0.5111408233642578,0.08577022701501846,0.021449968218803406,88,276
272,9066,21,-0.00576796242967248,0.47153425216674805,0.004533343017101288,0.4367550015449524,-5,254
272,9066,22,0.09158602356910706,0.5047821402549744,0.0874369665980339,0.020951978862285614,87,272
272,9066,23,0.05993954837322235,0.4929933249950409,-0.053379714488983154,0.999798059463501,57,266
272,9066,24,0.07911241054534912,0.48988398909568787,0.05325568467378616,0.9997221827507019,75,264
272,9066,25,0.07614455372095108,0.6266430616378784,-0.02489263005554676,0.9637906551361084,73,338
272,9066,26,0.05019303411245346,0.6126585602760315,0.11086556315422058,0.5199198126792908,48,330
272,9066,27,0.13285182416439056,0.7305207252502441,0.021290751174092293,0.9588753581047058,127,394
272,9066,28,0.0415254570543766,0.7404542565345764,0.14108535647392273,0.7660107612609863,39,399
272,9066,29,0.149160698056221,0.7424281239509583,0.025002598762512207,0.8451833724975586,143,400
272,9066,30,0.049504395574331284,0.7696340680122375,0.14336827397346497,0.7580769062042236,47,415
272,9066,31,0.11089518666267395,0.7783064246177673,-0.0011019754456356168,0.8934913873672485,106,420
272,9066,32,0.006870586890727282,0.7644821405410767,0.11453686654567719,0.7375535368919373,6,412
273,9100,0,0.044850047677755356,0.24399806559085846,0.06074018403887749,0.9981908798217773,43,131
273,9100,1,0.04381772130727768,0.2329566776752472,0.04259727895259857,0.9977329969406128,42,125
273,9100,2,0.04221880063414574,0.23301704227924347,0.04249214753508568,0.9975738525390625,40,125
273,9100,3,0.04059414938092232,0.23314328491687775,0.042485807090997696,0.9978958368301392,38,125
273,9100,4,0.048957739025354385,0.23279963433742523,0.05616903305053711,0.9982886910438538,46,125
273,9100,5,0.05101102590560913,0.23262052237987518,0.0559891052544117,0.9986239671707153,48,125
273,9100,6,0.05307135358452797,0.23239344358444214,0.05591142177581787,0.9989655017852783,50,125
273,9100,7,0.040356360375881195,0.24077565968036652,-0.0202640350908041,0.9991728067398071,38,130
273,9100,8,0.058165837079286575,0.24046501517295837,0.040882956236600876,0.9987770318984985,55,129
273,9100,9,0.04275554046034813,0.2554857134819031,0.04289417713880539,0.9979513883590698,41,137
273,9100,10,0.04815547540783882,0.25694194436073303,0.059410929679870605,0.997821569442749,46,138
273,9100,11,0.035132091492414474,0.31209537386894226,-0.08655676990747452,0.9999060034751892,33,168
273,9100,12,0.07993166893720627,0.3135036826133728,0.07329443097114563,0.9993412494659424,76,169
273,9100,13,0.022778233513236046,0.42386382818222046,-0.07785514742136002,0.9519188404083252,21,228
273,9100,14,0.09404600411653519,0.41002926230430603,0.10090642422437668,0.08382301777601242,90,221
273,9100,15,-0.005931721068918705,0.4716375768184662,-0.002710257424041629,0.5726272463798523,-5,254
273,9100,16,0.08959142118692398,0.48601317405700684,0.10829649120569229,0.017095966264605522,86,262
273,9100,17,-0.011699927039444447,0.4857971668243408,-0.003310312982648611,0.5219975709915161,-11,262
273,9100,18,0.09064402431249619,0.5071290135383606,0.11417685449123383,0.02178920805454254,87,273
273,9100,19,-0.011212318204343319,0.4791088104248047,0.0019008241361007094,0.5138788223266602,-10,258
273,9100,20,0.08636598289012909,0.5083176493644714,0.10564624518156052,0.021101586520671844,82,274
273,9100,21,-0.008082415908575058,0.47134968638420105,0.003005262929946184,0.41024845838546753,-7,254
273,9100,22,0.08581946790218353,0.5038168430328369,0.10450101643800735,0.020835060626268387,82,272
273,9100,23,0.05988866463303566,0.49330586194992065,-0.05675904452800751,0.9997138381004333,57,266
273,9100,24,0.07821539789438248,0.4901653826236725,0.05661512911319733,0.9996410608291626,75,264
273,9100,25,0.07664821296930313,0.6281081438064575,-0.03219691663980484,0.9639932513237,73,339
273,9100,26,0.04763781651854515,0.610257089138031,0.1160745695233345,0.5308648943901062,45,329
273,9100,27,0.13218550384044647,0.7284182906150818,0.013138452544808388,0.9567405581474304,126,393
273,9100,28,0.04217027872800827,0.7407397031784058,0.14160990715026855,0.7767373323440552,40,399
273,9100,29,0.149535670876503,0.7400378584861755,0.016877518966794014,0.8443304300308228,143,399
273,9100,30,0.04985123872756958,0.7693051099777222,0.1436917930841446,0.7691245079040527,47,415
273,9100,31,0.11090399324893951,0.7784620523452759,-0.007763304281979799,0.8852375745773315,106,420
273,9100,32,0.006797646172344685,0.764972448348999,0.11979990452528,0.7395647168159485,6,413
274,9133,0,0.03460429236292839,0.24540187418460846,0.1059957891702652,0.997652530670166,33,132
274,9133,1,0.03417173773050308,0.2337261587381363,0.08726915717124939,0.9969798922538757,32,126
274,9133,2,0.03284309804439545,0.23361536860466003,0.08716605603694916,0.9967668652534485,31,126
274,9133,3,0.031561072915792465,0.23354271054267883,0.08714358508586884,0.9972490668296814,30,126
274,9133,4,0.039176952093839645,0.233886256814003,0.10146580636501312,0.9976332783699036,37,126
274,9133,5,0.041582126170396805,0.23371927440166473,0.10129837691783905,0.9980716109275818,39,126
274,9133,6,0.04380318894982338,0.23346558213233948,0.10123375803232193,0.9985499978065491,42,126
274,9133,7,0.03376658260822296,0.24092672765254974,0.017886418849229813,0.998953640460968,32,130
274,9133,8,0.05007239431142807,0.241158127784729,0.08246131986379623,0.9982942938804626,48,130
274,9133,9,0.03440914303064346,0.2566707730293274,0.08566424995660782,0.9972133636474609,33,138
274,9133,10,0.03899317607283592,0.258463978767395,0.1030896008014679,0.9969417452812195,37,139
274,9133,11,0.02718404121696949,0.3113803267478943,-0.05853404104709625,0.9998877048492432,26,168
274,9133,12,0.07410331070423126,0.31330278515815735,0.10660803318023682,0.9992960095405579,71,169
274,9133,13,0.016918791458010674,0.4232093393802643,-0.05180204659700394,0.9405861496925354,16,228
274,9133,14,0.0875779539346695,0.40950191020965576,0.12668688595294952,0.08330332487821579,84,221
274,9133,15,-0.011298193596303463,0.4723200500011444,0.032746750861406326,0.5247018337249756,-10,255
274,9133,16,0.07789692282676697,0.48196548223495483,0.14034031331539154,0.015673154965043068,74,260
274,9133,17,-0.017684107646346092,0.49292269349098206,0.036242201924324036,0.47833189368247986,-16,266
274,9133,18,0.07571978867053986,0.5038564205169678,0.14975132048130035,0.01998119242489338,72,272
274,9133,19,-0.016427651047706604,0.48249003291130066,0.043232787400484085,0.4710562825202942,-15,260
274,9133,20,0.07279025763273239,0.5005562901496887,0.14263993501663208,0.019359316676855087,69,270
274,9133,21,-0.010869004763662815,0.4758356809616089,0.03958139941096306,0.3752375543117523,-10,256
274,9133,22,0.07261457294225693,0.49420493841171265,0.13699084520339966,0.019199345260858536,69,266
274,9133,23,0.051975104957818985,0.49299198389053345,-0.058416903018951416,0.9995262026786804,49,266
274,9133,24,0.0727638453245163,0.48967522382736206,0.0582282617688179,0.9994264841079712,69,264
274,9133,25,0.05919574946165085,0.6282239556312561,-0.06526138633489609,0.9551680088043213,56,339
274,9133,26,0.04646584764122963,0.6134812235832214,0.1139775812625885,0.5062649250030518,44,331
274,9133,27,0.12198591977357864,0.7234257459640503,-0.03978423774242401,0.9347621202468872,117,390
274,9133,28,0.03926067426800728,0.742671012878418,0.10679856687784195,0.7596629858016968,37,401
274,9133,29,0.1398218274116516,0.7271111607551575,-0.037262365221977234,0.8237472176551819,134,392
274,9133,30,0.04743235185742378,0.7694200277328491,0.10571224987506866,0.7612735629081726,45,415
274,9133,31,0.10773207247257233,0.7784062027931213,-0.05278754606842995,0.8454769849777222,103,420
274,9133,32,0.006038506980985403,0.7674822807312012,0.09408195316791534,0.7076127529144287,5,414
275,9166,0,0.03203417733311653,0.24486090242862701,0.08605919778347015,0.9974473714828491,30,132
275,9166,1,0.03289703652262688,0.23329590260982513,0.06841301918029785,0.9967725276947021,31,125
275,9166,2,0.03203053027391434,0.23313966393470764,0.06831108778715134,0.996526300907135,30,125
275,9166,3,0.03108108788728714,0.2330295741558075,0.06829867511987686,0.9970646500587463,29,125
275,9166,4,0.036589015275239944,0.2336626797914505,0.08429001271724701,0.9974314570426941,35,126
275,9166,5,0.03848074749112129,0.23359443247318268,0.08411090821027756,0.9978824853897095,36,126
275,9166,6,0.04020748287439346,0.2334245890378952,0.08404174447059631,0.9984116554260254,38,126
275,9166,7,0.03360559418797493,0.24057772755622864,0.0055729844607412815,0.9988846778869629,32,129
275,9166,8,0.04618427902460098,0.24090443551540375,0.07763968408107758,0.9981264472007751,44,130
275,9166,9,0.03174205124378204,0.25612688064575195,0.06789921969175339,0.9968599081039429,30,138
275,9166,10,0.03552650660276413,0.25812962651252747,0.08732905983924866,0.996561586856842,34,139
275,9166,11,0.026835311204195023,0.3105311989784241,-0.0673597902059555,0.999866247177124,25,167
275,9166,12,0.07070596516132355,0.31250712275505066,0.11305944621562958,0.999232828617096,67,168
275,9166,13,0.01630798727273941,0.42394712567329407,-0.05617017298936844,0.9344907999038696,15,228
275,9166,14,0.08566296100616455,0.4062993824481964,0.14247386157512665,0.08237393200397491,82,219
275,9166,15,-0.011223716661334038,0.47333550453186035,0.037391506135463715,0.486102819442749,-10,255
275,9166,16,0.07584948092699051,0.47275760769844055,0.15700015425682068,0.014359159395098686,72,255
275,9166,17,-0.016840172931551933,0.4921990931034088,0.04106864705681801,0.4427631199359894,-16,265
275,9166,18,0.07446406781673431,0.48876190185546875,0.1665949672460556,0.018302032724022865,71,263
275,9166,19,-0.016127150505781174,0.4831717014312744,0.04797093942761421,0.43590047955513,-15,260
275,9166,20,0.0700192078948021,0.4870721995830536,0.1585496962070465,0.017739644274115562,67,263
275,9166,21,-0.010513393208384514,0.47704461216926575,0.04448682814836502,0.3459136486053467,-10,257
275,9166,22,0.07067357003688812,0.4842751920223236,0.15307952463626862,0.01767650619149208,67,261
275,9166,23,0.05095820501446724,0.49047422409057617,-0.062586210668087,0.9993857741355896,48,264
275,9166,24,0.06846528500318527,0.48796024918556213,0.062401942908763885,0.9992541074752808,65,263
275,9166,25,0.05745323374867439,0.628099799156189,-0.07695414125919342,0.9476674795150757,55,339
275,9166,26,0.039555247873067856,0.6097062826156616,0.10171260684728622,0.48046162724494934,37,329
275,9166,27,0.12224994599819183,0.7202698588371277,-0.04263891652226448,0.9166206121444702,117,388
275,9166,28,0.03980640694499016,0.7424106597900391,0.10789589583873749,0.7389975190162659,38,400
275,9166,29,0.13911300897598267,0.7232164740562439,-0.039308223873376846,0.8032821416854858,133,390
275,9166,30,0.047209084033966064,0.7682126760482788,0.10824031382799149,0.7490329146385193,45,414
275,9166,31,0.10787396132946014,0.7783993482589722,-0.058792926371097565,0.8160648941993713,103,420
275,9166,32,0.006564392242580652,0.7684552073478699,0.09505558758974075,0.6791422367095947,6,414
276,9200,0,0.029024560004472733,0.2450861930847168,0.08666213601827621,0.9968106746673584,27,132
276,9200,1,0.027629859745502472,0.23335278034210205,0.06845995783805847,0.9958238005638123,26,126
276,9200,2,0.025966249406337738,0.23316186666488647,0.0683608278632164,0.995589017868042,24,125
276,9200,3,0.02424064837396145,0.23302456736564636,0.06834311038255692,0.9962511658668518,23,125
276,9200,4,0.03330282121896744,0.2336399406194687,0.0819864571094513,0.9966529011726379,31,126
276,9200,5,0.03544265404343605,0.2335386872291565,0.08181537687778473,0.9972935914993286,34,126
276,9200,6,0.03764829784631729,0.2333647906780243,0.08175615966320038,0.997950553894043,36,126
276,9200,7,0.025496413931250572,0.2405175417661667,0.004774824250489473,0.998672604560852,24,129
276,9200,8,0.04317362606525421,0.24087518453598022,0.06704375147819519,0.9977128505706787,41,130
276,9200,9,0.027764400467276573,0.2560808062553406,0.06842751055955887,0.9962745308876038,26,138
276,9200,10,0.03284066542983055,0.25800690054893494,0.08498021215200424,0.9958728551864624,31,139
276,9200,11,0.02092566341161728,0.31033840775489807,-0.06589556485414505,0.9998521208763123,20,167
276,9200,12,0.06767616420984268,0.3124186396598816,0.10058891773223877,0.9991529583930969,64,168
276,9200,13,0.016581490635871887,0.4235106408596039,-0.06165957450866699,0.9221234917640686,15,228
276,9200,14,0.07860545814037323,0.4062362015247345,0.1298380196094513,0.07951858639717102,75,219
276,9200,15,-0.008487134240567684,0.47786468267440796,0.016840262338519096,0.44451695680618286,-8,258
276,9200,16,0.06824663281440735,0.46743592619895935,0.1418856978416443,0.013119732961058617,65,252
276,9200,17,-0.01542926486581564,0.5002180337905884,0.016648724675178528,0.40557384490966797,-14,270
276,9200,18,0.06396101415157318,0.4816271662712097,0.14588218927383423,0.016757555305957794,61,260
276,9200,19,-0.014940831810235977,0.4923393428325653,0.022362148389220238,0.39929622411727905,-14,265
276,9200,20,0.06080283969640732,0.480653315782547,0.136583611369133,0.016251077875494957,58,259
276,9200,21,-0.009938868694007397,0.48587843775749207,0.023226015269756317,0.31628963351249695,-9,262
276,9200,22,0.060202717781066895,0.47320356965065,0.13675393164157867,0.01624252274632454,57,255
276,9200,23,0.04022395610809326,0.490638792514801,-0.061993557959795,0.9992191791534424,38,264
276,9200,24,0.06353260576725006,0.4883551597595215,0.06184430792927742,0.9990377426147461,60,263
276,9200,25,0.0417708158493042,0.6279888153076172,-0.07926049083471298,0.9455615282058716,40,339
276,9200,26,0.0383414626121521,0.6105893850326538,0.09742183238267899,0.45593780279159546,36,329
276,9200,27,0.10895641148090363,0.7147443294525146,-0.05464058741927147,0.908598005771637,104,385
276,9200,28,0.03922242671251297,0.7431533336639404,0.09049958735704422,0.7258594036102295,37,401
276,9200,29,0.12429480999708176,0.7137335538864136,-0.05209742486476898,0.7966952323913574,119,385
276,9200,30,0.04732315242290497,0.7683031558990479,0.08905021101236343,0.7393685579299927,45,414
276,9200,31,0.0999421775341034,0.7746327519416809,-0.06462028622627258,0.8032170534133911,95,418
276,9200,32,0.005180451087653637,0.7693445086479187,0.07953668385744095,0.6593900322914124,4,415
277,9233,0,0.027517544105648994,0.2435641586780548,0.07919692993164062,0.9932352900505066,26,131
277,9233,1,0.026906834915280342,0.232169508934021,0.061223722994327545,0.9910787343978882,25,125
277,9233,2,0.02562258206307888,0.23208732903003693,0.06112394109368324,0.9907878637313843,24,125
277,9233,3,0.024223467335104942,0.23206470906734467,0.06110789626836777,0.9922128319740295,23,125
277,9233,4,0.031619466841220856,0.2324187457561493,0.07589073479175568,0.9921436309814453,30,125
277,9233,5,0.033552054315805435,0.2324005365371704,0.07571776956319809,0.9937047362327576,32,125
277,9233,6,0.035480797290802,0.2322811633348465,0.07564930617809296,0.9952306151390076,34,125
277,9233,7,0.02524029277265072,0.2397448718547821,-0.0013460133923217654,0.9974130392074585,24,129
277,9233,8,0.04092170298099518,0.23990020155906677,0.0656099021434784,0.9949975609779358,39,129
277,9233,9,0.02616010420024395,0.25484874844551086,0.06118037551641464,0.9924536347389221,25,137
277,9233,10,0.03125736489892006,0.2562211751937866,0.07913808524608612,0.99128657579422,30,138
277,9233,11,0.020267304033041,0.310101181268692,-0.07106515765190125,0.9997954368591309,19,167
277,9233,12,0.06408098340034485,0.3121703863143921,0.10084985941648483,0.9987765550613403,61,168
277,9233,13,0.015173102729022503,0.4234458804130554,-0.08599831908941269,0.908726155757904,14,228
277,9233,14,0.07560234516859055,0.4062013030052185,0.12429321557283401,0.07477404177188873,72,219
277,9233,15,-0.006816154811531305,0.48193132877349854,-0.03023993782699108,0.405452162027359,-6,260
277,9233,16,0.06570813804864883,0.46555355191230774,0.1346612423658371,0.011891924776136875,63,251
277,9233,17,-0.012466494925320148,0.5084294676780701,-0.03212573006749153,0.3702853322029114,-11,274
277,9233,18,0.06510426104068756,0.48098596930503845,0.14181002974510193,0.015200149267911911,62,259
277,9233,19,-0.011604143306612968,0.5021745562553406,-0.02485368773341179,0.36446741223335266,-11,271
277,9233,20,0.0615445114672184,0.47936204075813293,0.13293246924877167,0.014745001681149006,59,258
277,9233,21,-0.008052115328609943,0.4952804446220398,-0.024125127121806145,0.28821471333503723,-7,267
277,9233,22,0.06123309209942818,0.471894234418869,0.13009531795978546,0.014765636995434761,58,254
277,9233,23,0.03801349923014641,0.49005359411239624,-0.061786752194166183,0.9989818930625916,36,264
277,9233,24,0.05914250388741493,0.48834431171417236,0.06163870915770531,0.9987198710441589,56,263
277,9233,25,0.03999888151884079,0.62773597240448,-0.088478222489357,0.9370901584625244,38,338
277,9233,26,0.036137502640485764,0.6112712621688843,0.08849390596151352,0.42207881808280945,34,330
277,9233,27,0.10796352475881577,0.713028609752655,-0.06608284264802933,0.8947767615318298,103,385
277,9233,28,0.03847236558794975,0.7434253096580505,0.08891335129737854,0.6916511654853821,36,401
277,9233,29,0.12423024326562881,0.709979236125946,-0.06357171386480331,0.7833914756774902,119,383
277,9233,30,0.046668052673339844,0.7675207257270813,0.08823830634355545,0.7101574540138245,44,414
277,9233,31,0.10189879685640335,0.7747203707695007,-0.07863117009401321,0.7837080955505371,97,418
277,9233,32,0.006761624477803707,0.7712507247924805,0.07606952637434006,0.6223258376121521,6,416
278,9266,0,0.02142190933227539,0.24458836019039154,0.030855391174554825,0.9927036762237549,20,132
278,9266,1,0.01998220756649971,0.2328302413225174,0.012377732433378696,0.9901775121688843,19,125
278,9266,2,0.018625058233737946,0.23262421786785126,0.01228080689907074,0.9901760816574097,17,125
278,9266,3,0.017134765163064003,0.23249505460262299,0.012271991930902004,0.991360604763031,16,125
278,9266,4,0.025310490280389786,0.23283651471138,0.027948226779699326,0.9913813471794128,24,125
278,9266,5,0.027217816561460495,0.23267687857151031,0.027774227783083916,0.9933565855026245,26,125
278,9266,6,0.029709484428167343,0.23241138458251953,0.02771613374352455,0.9948092699050903,28,125
278,9266,7,0.017829276621341705,0.23975920677185059,-0.04203381389379501,0.9973481893539429,17,129
278,9266,8,0.035220563411712646,0.23985375463962555,0.029210465028882027,0.9949465990066528,33,129
278,9266,9,0.021002430468797684,0.2558416724205017,0.016652751713991165,0.9919177889823914,20,138
278,9266,10,0.0245179645717144,0.25676998496055603,0.03583025932312012,0.9906678795814514,23,138
278,9266,11,0.012084182351827621,0.30804339051246643,-0.0997498482465744,0.9997369647026062,11,166
278,9266,12,0.05879676342010498,0.31210726499557495,0.07848112285137177,0.9984447956085205,56,168
278,9266,13,0.014320841990411282,0.4208047389984131,-0.13782665133476257,0.9055230021476746,13,227
278,9266,14,0.07670652121305466,0.4129987359046936,0.09722349047660828,0.07178493589162827,73,223
278,9266,15,0.006625352893024683,0.48089197278022766,-0.11977017670869827,0.3721865117549896,6,259
278,9266,16,0.05757226049900055,0.4644598066806793,0.09983385354280472,0.010865027084946632,55,250
278,9266,17,0.010605869814753532,0.505336582660675,-0.128513902425766,0.3422859311103821,10,272
278,9266,18,0.05603645741939545,0.47875073552131653,0.10639891773462296,0.013972966931760311,53,258
278,9266,19,0.011050916276872158,0.4980139136314392,-0.12355804443359375,0.3372798264026642,10,268
278,9266,20,0.05216448754072189,0.47596147656440735,0.09589023888111115,0.013588346540927887,50,257
278,9266,21,0.012920382432639599,0.49151384830474854,-0.1159888505935669,0.2663075625896454,12,265
278,9266,22,0.05255601555109024,0.46914610266685486,0.09469375759363174,0.013664957135915756,50,253
278,9266,23,0.028240596875548363,0.4955321252346039,-0.06211734190583229,0.9982442259788513,27,267
278,9266,24,0.05438597500324249,0.4925290644168854,0.06197412684559822,0.9977602362632751,52,265
278,9266,25,0.020044075325131416,0.6280950307846069,-0.09170138835906982,0.9411179423332214,19,339
278,9266,26,0.03487090766429901,0.6139060258865356,0.08932735025882721,0.409270703792572,33,331
278,9266,27,0.09209936112165451,0.7080011963844299,-0.05049978941679001,0.900481641292572,88,382
278,9266,28,0.03894994407892227,0.745018720626831,0.10194949805736542,0.6947854161262512,37,402
278,9266,29,0.10565831512212753,0.7038710713386536,-0.04649605602025986,0.79741370677948,101,380
278,9266,30,0.04721708595752716,0.7688702344894409,0.10239791870117188,0.7144704461097717,45,415
278,9266,31,0.09068294614553452,0.7695652842521667,-0.06267309933900833,0.7978655695915222,87,415
278,9266,32,0.007197765167802572,0.7703189253807068,0.07724449038505554,0.6297122240066528,6,415
279,9300,0,0.02357969619333744,0.24464261531829834,0.03854205459356308,0.99049973487854,22,132
279,9300,1,0.021793516352772713,0.23286981880664825,0.019641123712062836,0.9865242838859558,20,125
279,9300,2,0.019945794716477394,0.23274023830890656,0.019535237923264503,0.9873338937759399,19,125
279,9300,3,0.01796736940741539,0.23269638419151306,0.019522467628121376,0.9884015917778015,17,125
279,9300,4,0.027458375319838524,0.23282821476459503,0.03319605067372322,0.9878737330436707,26,125
279,9300,5,0.0295252688229084,0.23266616463661194,0.03303064405918121,0.9912484884262085,28,125
279,9300,6,0.03195374831557274,0.23239611089229584,0.03297336399555206,0.9927785396575928,30,125
279,9300,7,0.01661580242216587,0.23985467851161957,-0.03980596363544464,0.996961236000061,15,129
279,9300,8,0.03698878362774849,0.23981529474258423,0.021394040435552597,0.9940129518508911,35,129
279,9300,9,0.021908290684223175,0.2561632990837097,0.022531483322381973,0.9904195070266724,21,138
279,9300,10,0.02665391005575657,0.2567666172981262,0.03919006511569023,0.9887599945068359,25,138
279,9300,11,0.009657644666731358,0.30791446566581726,-0.10341858118772507,0.9996896386146545,9,166
279,9300,12,0.05717749893665314,0.31209027767181396,0.06746841222047806,0.9980787038803101,54,168
279,9300,13,0.01467912457883358,0.419493168592453,-0.1471482813358307,0.9040547609329224,14,226
279,9300,14,0.06397001445293427,0.4123964011669159,0.09059092402458191,0.0683160051703453,61,222
279,9300,15,0.008719099685549736,0.4802369773387909,-0.13896602392196655,0.3449697196483612,8,259
279,9300,16,0.04940401017665863,0.464165598154068,0.10420792549848557,0.00994996726512909,47,250
279,9300,17,0.00925865862518549,0.5046354532241821,-0.14928457140922546,0.31951966881752014,8,272
279,9300,18,0.049525242298841476,0.4786929786205292,0.1120038703083992,0.012878594920039177,47,258
279,9300,19,0.008683799766004086,0.49668657779693604,-0.14171384274959564,0.31532108783721924,8,268
279,9300,20,0.042652130126953125,0.47592693567276,0.1020907312631607,0.01255231723189354,40,257
279,9300,21,0.011345084756612778,0.48966917395591736,-0.13449297845363617,0.24830619990825653,10,264
279,9300,22,0.04278000444173813,0.46868497133255005,0.0997089371085167,0.012670929543673992,41,253
279,9300,23,0.0261712446808815,0.4989455044269562,-0.0619567446410656,0.9978008270263672,25,269
279,9300,24,0.053150780498981476,0.4967029094696045,0.06181410700082779,0.9971568584442139,51,268
279,9300,25,0.01918160170316696,0.6280104517936707,-0.07948300242424011,0.9428197145462036,18,339
279,9300,26,0.032821450382471085,0.6151732206344604,0.10637227445840836,0.38532429933547974,31,332
279,9300,27,0.08728170394897461,0.7044521570205688,-0.03856725990772247,0.9039866328239441,83,380
279,9300,28,0.03799057379364967,0.7450387477874756,0.10770659148693085,0.6899518370628357,36,402
279,9300,29,0.10159824043512344,0.700650691986084,-0.03534581884741783,0.8096425533294678,97,378
279,9300,30,0.04681650921702385,0.7694551348686218,0.10592643171548843,0.714465856552124,44,415
279,9300,31,0.09013087302446365,0.7681927680969238,-0.033635981380939484,0.8074118494987488,86,414
279,9300,32,0.006934524048119783,0.7718417644500732,0.10582275688648224,0.6254786849021912,6,416
280,9333,0,0.019231479614973068,0.243741974234581,0.07878642529249191,0.9744380712509155,18,131
280,9333,1,0.016512718051671982,0.23234136402606964,0.05945418030023575,0.9633194208145142,15,125
280,9333,2,0.014186530373990536,0.23211845755577087,0.05934670940041542,0.9656208753585815,13,125
280,9333,3,0.011987990699708462,0.2319118231534958,0.05929956212639809,0.9703449606895447,11,125
280,9333,4,0.022891027852892876,0.23235240578651428,0.06743204593658447,0.9674791097640991,21,125
280,9333,5,0.025063607841730118,0.23217110335826874,0.06727541983127594,0.9753240942955017,24,125
280,9333,6,0.027374260127544403,0.2318626344203949,0.06721457093954086,0.9798997640609741,26,125
280,9333,7,0.010243605822324753,0.23924756050109863,-0.011591737158596516,0.9916380643844604,9,129
280,9333,8,0.03180438280105591,0.23888801038265228,0.028686106204986572,0.9838108420372009,30,128
280,9333,9,0.016733530908823013,0.25558650493621826,0.05827672779560089,0.9794610142707825,16,138
280,9333,10,0.021745523437857628,0.255779504776001,0.06771830469369888,0.9754055142402649,20,138
280,9333,11,-0.0015017323894426227,0.3082580268383026,-0.07732825726270676,0.9995430707931519,-1,166
280,9333,12,0.054055266082286835,0.3117476999759674,0.05469987913966179,0.9975370764732361,51,168
280,9333,13,0.0035325409844517708,0.41943541169166565,-0.13887999951839447,0.8438184261322021,3,226
280,9333,14,0.054339129477739334,0.41203930974006653,0.07421448081731796,0.06389718502759933,52,222
280,9333,15,-0.006001174449920654,0.4795467257499695,-0.08696064352989197,0.31202051043510437,-5,258
280,9333,16,0.0412868969142437,0.4635660946369171,0.10153983533382416,0.009127824567258358,39,250
280,9333,17,-0.007940026931464672,0.49929186701774597,-0.09194328635931015,0.2897527515888214,-7,269
280,9333,18,0.03985977917909622,0.47779372334480286,0.1113460510969162,0.011862256564199924,38,258
280,9333,19,-0.007055566646158695,0.4911256432533264,-0.0860530212521553,0.28607600927352905,-6,265
280,9333,20,0.03540244325995445,0.474508672952652,0.10178516805171967,0.011582783423364162,33,256
280,9333,21,-0.0037040363531559706,0.48598524928092957,-0.08263810724020004,0.225150927901268,-3,262
280,9333,22,0.03524574264883995,0.4684116244316101,0.09779424220323563,0.01170705258846283,33,252
280,9333,23,0.0173980500549078,0.49853482842445374,-0.05150574818253517,0.9963553547859192,16,269
280,9333,24,0.04737081751227379,0.4962579905986786,0.05130003020167351,0.9954912066459656,45,267
280,9333,25,0.010729786939918995,0.6353164315223694,-0.06479872763156891,0.8782609105110168,10,343
280,9333,26,0.029384462162852287,0.6168564558029175,0.0959625169634819,0.3491475284099579,28,333
280,9333,27,0.057210344821214676,0.7073780298233032,-0.05713411048054695,0.8508933186531067,54,381
280,9333,28,0.03634089231491089,0.7419359683990479,0.07647871971130371,0.6325927972793579,34,400
280,9333,29,0.07524962723255157,0.7074460387229919,-0.057277925312519073,0.7764288783073425,72,382
280,9333,30,0.043181583285331726,0.7644151449203491,0.07418505847454071,0.6658763885498047,41,412
280,9333,31,0.048656631261110306,0.7587099075317383,-0.06094770506024361,0.749972403049469,46,409
280,9333,32,0.007211252115666866,0.7672308087348938,0.07262648642063141,0.5703191757202148,6,414
281,9366,0,0.016162412241101265,0.2425772249698639,0.0785231739282608,0.9554553627967834,15,130
281,9366,1,0.014065983705222607,0.23157121241092682,0.05837221443653107,0.9408441781997681,13,125
281,9366,2,0.012252109125256538,0.23144982755184174,0.05829412117600441,0.9433504939079285,11,124
281,9366,3,0.01037609949707985,0.23133713006973267,0.05836806073784828,0.9525609016418457,9,124
281,9366,4,0.019952766597270966,0.23156988620758057,0.06242913752794266,0.9469392895698547,19,125
281,9366,5,0.022282356396317482,0.23143714666366577,0.06226597726345062,0.958548903465271,21,124
281,9366,6,0.02458064816892147,0.2311924248933792,0.06219800189137459,0.9666053652763367,23,124
281,9366,7,0.009053777903318405,0.23860855400562286,-0.013799934647977352,0.9863423109054565,8,128
281,9366,8,0.029034113511443138,0.23836548626422882,0.027229858562350273,0.9720322489738464,27,128
281,9366,9,0.013960267417132854,0.25436994433403015,0.05603080242872238,0.9672236442565918,13,137
281,9366,10,0.018807079643011093,0.2541901171207428,0.06166735664010048,0.9607875943183899,18,137
281,9366,11,-0.003081269096583128,0.30857834219932556,-0.07926888018846512,0.9992815852165222,-2,166
281,9366,12,0.05398373305797577,0.31176647543907166,0.05488231033086777,0.9966624975204468,51,168
281,9366,13,0.0006322424160316586,0.4217569828033447,-0.1196284145116806,0.789040744304657,0,227
281,9366,14,0.05298151448369026,0.41324570775032043,0.08030690252780914,0.059319715946912766,50,223
281,9366,15,-0.012324484996497631,0.4790250360965729,-0.08738292008638382,0.2821810245513916,-11,258
281,9366,16,0.04395493492484093,0.4646241366863251,0.10258908569812775,0.008418329060077667,42,250
281,9366,17,-0.015769457444548607,0.4951799809932709,-0.09301566332578659,0.26276376843452454,-15,267
281,9366,18,0.04154052957892418,0.4786597490310669,0.1119157150387764,0.011027964763343334,39,258
281,9366,19,-0.014351805672049522,0.4850824475288391,-0.08635110408067703,0.25953367352485657,-13,261
281,9366,20,0.037669625133275986,0.47563567757606506,0.10128232091665268,0.010803277604281902,36,256
281,9366,21,-0.010561401024460793,0.48148807883262634,-0.08291444182395935,0.2041929066181183,-10,260
281,9366,22,0.03713807836174965,0.46953487396240234,0.0983397513628006,0.010938713327050209,35,253
281,9366,23,0.015919074416160583,0.5004112124443054,-0.04991751164197922,0.994780421257019,15,270
281,9366,24,0.04515870288014412,0.49624741077423096,0.04971471056342125,0.9937962889671326,43,267
281,9366,25,0.010150129906833172,0.6444433927536011,-0.0646638497710228,0.8362271785736084,9,347
281,9366,26,0.026828249916434288,0.6173770427703857,0.09171959012746811,0.3166164755821228,25,333
281,9366,27,0.05147469416260719,0.7180348634719849,-0.060678720474243164,0.8159640431404114,49,387
281,9366,28,0.03724775090813637,0.7412431240081787,0.07795095443725586,0.5807257294654846,35,400
281,9366,29,0.0629672184586525,0.7193791270256042,-0.060031190514564514,0.7591769695281982,60,388
281,9366,30,0.042671237140893936,0.7584171295166016,0.076271191239357,0.6206214427947998,40,409
281,9366,31,0.0480436310172081,0.7611057758331299,-0.06695374846458435,0.7068088054656982,46,410
281,9366,32,0.017934920266270638,0.7644203901290894,0.06987986713647842,0.520630419254303,17,412
282,9400,0,-0.0066372486762702465,0.2507338523864746,-0.003655750537291169,0.92974853515625,-6,135
282,9400,1,-0.0038248493801802397,0.2359122633934021,-0.020875388756394386,0.9162870049476624,-3,127
282,9400,2,-0.0033643199130892754,0.23575755953788757,-0.020992474630475044,0.9167044162750244,-3,127
282,9400,3,-0.0029889349825680256,0.23573841154575348,-0.021018074825406075,0.9296972155570984,-2,127
282,9400,4,-0.0022335329558700323,0.23515279591083527,-0.000924366875551641,0.9236454367637634,-2,126
282,9400,5,-0.0007580785895697773,0.23456840217113495,-0.0011483706766739488,0.9378563761711121,0,126
282,9400,6,0.0020970606710761786,0.2336917668581009,-0.00128686532843858,0.9518153667449951,2,126
282,9400,7,0.0020240156445652246,0.2401975840330124,-0.06956791132688522,0.9734975695610046,1,129
282,9400,8,0.009885071776807308,0.23889882862567902,0.020036572590470314,0.9537474513053894,9,129
282,9400,9,-0.0022114168386906385,0.2618052065372467,-0.016667159274220467,0.9285345077514648,-2,141
282,9400,10,-0.0010212227934971452,0.2616736590862274,0.008240193128585815,0.9170930981636047,0,141
282,9400,11,0.0011092857457697392,0.3054884076118469,-0.11670903116464615,0.9975511431694031,1,164
282,9400,12,0.038943640887737274,0.30639171600341797,0.0669301375746727,0.9937495589256287,37,165
282,9400,13,-0.0006563531351275742,0.41783425211906433,-0.15647703409194946,0.7199094891548157,0,225
282,9400,14,0.0447138287127018,0.40711578726768494,0.080875463783741,0.05351073294878006,42,219
282,9400,15,-0.013023625127971172,0.4738796651363373,-0.11539618670940399,0.2548394203186035,-12,255
282,9400,16,0.029190896078944206,0.46106481552124023,0.06781145930290222,0.008050723932683468,28,248
282,9400,17,-0.015604091808199883,0.4852184057235718,-0.12190089374780655,0.2378561645746231,-14,262
282,9400,18,0.025749679654836655,0.4730147421360016,0.07024341076612473,0.010991311632096767,24,255
282,9400,19,-0.013650359585881233,0.4786571264266968,-0.11659716814756393,0.2350369095802307,-13,258
282,9400,20,0.021124426275491714,0.4738864302635193,0.054986048489809036,0.010902591049671173,20,255
282,9400,21,-0.010414734482765198,0.47617945075035095,-0.11115022748708725,0.1849175989627838,-9,257
282,9400,22,0.022098664194345474,0.4687998592853546,0.05945587158203125,0.011110351420938969,21,253
282,9400,23,0.01737382262945175,0.4951525032520294,-0.06350211054086685,0.9939843416213989,16,267
282,9400,24,0.04114022105932236,0.49262863397598267,0.06335796415805817,0.9935683608055115,39,266
282,9400,25,-0.005626282189041376,0.6151785254478455,-0.06900468468666077,0.781030535697937,-5,332
282,9400,26,0.022345399484038353,0.611632764339447,0.08019772917032242,0.2873086929321289,21,330
282,9400,27,0.04345754534006119,0.7076655030250549,-0.09884937107563019,0.7969361543655396,41,382
282,9400,28,0.03735020384192467,0.71993088722229,0.05260997265577316,0.5364738702774048,35,388
282,9400,29,0.05824480205774307,0.7140282988548279,-0.10362598299980164,0.7447071075439453,55,385
282,9400,30,0.045466430485248566,0.7338044047355652,0.048691291362047195,0.5846314430236816,43,396
282,9400,31,0.03034302592277527,0.7543029189109802,-0.13903287053108215,0.6918554306030273,29,407
282,9400,32,0.026543717831373215,0.7645717263221741,0.02387176640331745,0.48442861437797546,25,412
283,9433,0,-0.00846959464251995,0.2530179023742676,-0.034096527844667435,0.9165910482406616,-8,136
283,9433,1,-0.006655137520283461,0.23755989968776703,-0.05285792425274849,0.9038187265396118,-6,128
283,9433,2,-0.006257742643356323,0.23716506361961365,-0.052979305386543274,0.9031792879104614,-6,128
283,9433,3,-0.005871844012290239,0.23705540597438812,-0.053001780062913895,0.9171063303947449,-5,128
283,9433,4,-0.004086941946297884,0.23693625628948212,-0.03256364166736603,0.9132717251777649,-3,127
283,9433,5,-0.0027207161765545607,0.2362074851989746,-0.03279038891196251,0.9298676252365112,-2,127
283,9433,6,-0.001244047423824668,0.23539459705352783,-0.03294290974736214,0.9458266496658325,-1,127
283,9433,7,-0.0008330073906108737,0.24086368083953857,-0.10617626458406448,0.9683358073234558,0,130
283,9433,8,0.007453695870935917,0.2394573986530304,-0.014194169081747532,0.9483433365821838,7,129
283,9433,9,-0.005679003428667784,0.26276347041130066,-0.048303019255399704,0.9157063961029053,-5,141
283,9433,10,-0.004592702724039555,0.2636282742023468,-0.023096857592463493,0.9030182957649231,-4,142
283,9433,11,-0.002002658089622855,0.30505722761154175,-0.1562134325504303,0.996777355670929,-1,164
283,9433,12,0.036492329090833664,0.30453988909721375,0.04497332498431206,0.9933458566665649,35,164
283,9433,13,-0.004461970645934343,0.4213966429233551,-0.1735401749610901,0.6934587359428406,-4,227
283,9433,14,0.05073757469654083,0.40504559874534607,0.072758749127388,0.053751640021800995,48,218
283,9433,15,-0.01801428385078907,0.4746916592121124,-0.10712997615337372,0.23127080500125885,-17,256
283,9433,16,0.02787196822464466,0.46146854758262634,0.06340482085943222,0.007941087707877159,26,249
283,9433,17,-0.02044575847685337,0.48580995202064514,-0.10975321382284164,0.2163393497467041,-19,262
283,9433,18,0.021291350945830345,0.47480395436286926,0.0695846751332283,0.010773450136184692,20,256
283,9433,19,-0.01911226660013199,0.4788385331630707,-0.10471085458993912,0.2138410061597824,-18,258
283,9433,20,0.01850903034210205,0.4766872227191925,0.054659247398376465,0.010716261342167854,17,257
283,9433,21,-0.01616537757217884,0.47599154710769653,-0.1021653488278389,0.16830824315547943,-15,257
283,9433,22,0.02101820707321167,0.4706604480743408,0.05587988719344139,0.011080055497586727,20,254
283,9433,23,0.01892482303082943,0.4952497184276581,-0.06805585324764252,0.9939440488815308,18,267
283,9433,24,0.039900295436382294,0.49160411953926086,0.06791463494300842,0.9937835335731506,38,265
283,9433,25,-0.007253793068230152,0.6176167726516724,-0.06786166876554489,0.7756373286247253,-6,333
283,9433,26,0.01872379146516323,0.6092421412467957,0.10445705056190491,0.274718701839447,17,328
283,9433,27,0.04030150547623634,0.7089769840240479,-0.0941123217344284,0.8030334115028381,38,382
283,9433,28,0.03683360666036606,0.7059841752052307,0.09085383266210556,0.5325164794921875,35,381
283,9433,29,0.05450725182890892,0.7146625518798828,-0.09377523511648178,0.7545302510261536,52,385
283,9433,30,0.045551884919404984,0.7201821208000183,0.08851971477270126,0.5892983675003052,43,388
283,9433,31,0.02891422249376774,0.7554793357849121,-0.12240317463874817,0.6965919137001038,27,407
283,9433,32,0.028731873258948326,0.7586237788200378,0.06927263736724854,0.4752299189567566,27,409
284,9466,0,-0.011707804165780544,0.25115469098091125,-0.0319012850522995,0.9096181988716125,-11,135
284,9466,1,-0.009445151314139366,0.23634280264377594,-0.0500873439013958,0.8980676531791687,-9,127
284,9466,2,-0.008993057534098625,0.23596937954425812,-0.05021556094288826,0.8970218896865845,-8,127
284,9466,3,-0.008537529036402702,0.23636804521083832,-0.05018787831068039,0.9105781316757202,-8,127
284,9466,4,-0.006871697027236223,0.23559851944446564,-0.03287274390459061,0.9100428819656372,-6,127
284,9466,5,-0.005492834839969873,0.23490183055400848,-0.033110398799180984,0.9285727739334106,-5,126
284,9466,6,-0.00415174663066864,0.2341964840888977,-0.0332367829978466,0.9448121190071106,-3,126
284,9466,7,-0.003836341667920351,0.23913489282131195,-0.09828923642635345,0.9647534489631653,-3,129
284,9466,8,0.001968340016901493,0.23841533064842224,-0.020657552406191826,0.9464679956436157,1,128
284,9466,9,-0.009921553544700146,0.2609935700893402,-0.043904758989810944,0.9050266742706299,-9,140
284,9466,10,-0.008668321184813976,0.2615785002708435,-0.0228396188467741,0.8951776027679443,-8,141
284,9466,11,-0.005700844340026379,0.30520549416542053,-0.13523714244365692,0.9960519075393677,-5,164
284,9466,12,0.030254138633608818,0.2971734404563904,0.03258136659860611,0.992909848690033,29,160
284,9466,13,-0.0012879580026492476,0.416826993227005,-0.15319347381591797,0.6389729380607605,-1,225
284,9466,14,0.047933176159858704,0.3915993571281433,0.07123402506113052,0.05164933577179909,46,211
284,9466,15,-0.011500071734189987,0.4503398537635803,-0.08500324189662933,0.20890690386295319,-11,243
284,9466,16,0.031725846230983734,0.43679964542388916,0.07096298038959503,0.007666159421205521,30,235
284,9466,17,-0.010624238289892673,0.4567655324935913,-0.08313692361116409,0.19608671963214874,-10,246
284,9466,18,0.029370896518230438,0.44803664088249207,0.07540994137525558,0.010547238402068615,28,241
284,9466,19,-0.009207003749907017,0.44672003388404846,-0.08596078306436539,0.1939081996679306,-8,241
284,9466,20,0.02671094611287117,0.4468366503715515,0.06220997869968414,0.010584859177470207,25,241
284,9466,21,-0.007224565371870995,0.4444066882133484,-0.08326775580644608,0.15266160666942596,-6,239
284,9466,22,0.02743697352707386,0.44174692034721375,0.06452755630016327,0.010984975844621658,26,238
284,9466,23,0.01657225750386715,0.48625126481056213,-0.06423428654670715,0.9935523867607117,15,262
284,9466,24,0.03262696787714958,0.4771499037742615,0.064122274518013,0.993614137172699,31,257
284,9466,25,0.006995695643126965,0.6000993847846985,-0.0056030587293207645,0.7511563897132874,6,324
284,9466,26,0.01942768134176731,0.5923409461975098,0.07150675356388092,0.2703920900821686,18,319
284,9466,27,0.03490211442112923,0.7007271647453308,0.029056597501039505,0.8106486797332764,33,378
284,9466,28,0.028703730553388596,0.694445788860321,0.08770180493593216,0.5462372899055481,27,375
284,9466,29,0.04687262699007988,0.7146362066268921,0.031154124066233635,0.7582432627677917,44,385
284,9466,30,0.03524188697338104,0.7100825905799866,0.08819999545812607,0.6038789749145508,33,383
284,9466,31,0.015504714101552963,0.7527327537536621,-0.00295391702093184,0.7019104957580566,14,406
284,9466,32,0.013333553448319435,0.7348744869232178,0.06653250008821487,0.4869599938392639,12,396
285,9500,0,-0.012482714839279652,0.25063979625701904,-0.046150755137205124,0.896777868270874,-11,135
285,9500,1,-0.008722665719687939,0.2356279343366623,-0.06355519592761993,0.8860514760017395,-8,127
285,9500,2,-0.008167064748704433,0.23516565561294556,-0.06367658823728561,0.8838669061660767,-7,126
285,9500,3,-0.007632151246070862,0.235402911901474,-0.06364686787128448,0.8984221816062927,-7,127
285,9500,4,-0.007794872857630253,0.23522719740867615,-0.04468484967947006,0.9021804332733154,-7,127
285,9500,5,-0.005480624735355377,0.2344091534614563,-0.044906653463840485,0.9232250452041626,-5,126
285,9500,6,-0.004410475492477417,0.2338114231824875,-0.04502702131867409,0.9410468339920044,-4,126
285,9500,7,-0.0030289452988654375,0.23795340955257416,-0.10748837143182755,0.9585555195808411,-2,128
285,9500,8,0.001503113191574812,0.2374756634235382,-0.02266334742307663,0.9419371485710144,1,128
285,9500,9,-0.008441826328635216,0.25880494713783264,-0.05673250928521156,0.8918676972389221,-8,139
285,9500,10,-0.00784410908818245,0.25923290848731995,-0.033391427248716354,0.8851588368415833,-7,139
285,9500,11,-0.0036616974975913763,0.3046155571937561,-0.13853974640369415,0.9951625466346741,-3,164
285,9500,12,0.029605107381939888,0.29428020119667053,0.03547530248761177,0.9923406839370728,28,158
285,9500,13,0.0007004009676165879,0.407468318939209,-0.1499454528093338,0.6049469113349915,0,220
285,9500,14,0.04869193583726883,0.38536152243614197,0.07144109904766083,0.05034445971250534,46,208
285,9500,15,-0.006143392529338598,0.43862035870552063,-0.09871802479028702,0.18993060290813446,-5,236
285,9500,16,0.03383967652916908,0.43054795265197754,0.07559375464916229,0.007964149117469788,32,232
285,9500,17,-0.004907777067273855,0.4450812041759491,-0.10253705084323883,0.179351806640625,-4,240
285,9500,18,0.03086053393781185,0.44295191764831543,0.08371041715145111,0.011081607080996037,29,239
285,9500,19,-0.003843233920633793,0.4356382489204407,-0.101786769926548,0.17746400833129883,-3,235
285,9500,20,0.028543826192617416,0.4421284794807434,0.07121577858924866,0.0112772760912776,27,238
285,9500,21,-0.0022856497671455145,0.4332956373691559,-0.09577643126249313,0.13965663313865662,-2,233
285,9500,22,0.029323356226086617,0.4367467761039734,0.07158681005239487,0.011835996061563492,28,235
285,9500,23,0.01569717563688755,0.47631293535232544,-0.06150569021701813,0.9932953119277954,15,257
285,9500,24,0.03100973181426525,0.4698357880115509,0.06144843250513077,0.9935916066169739,29,253
285,9500,25,0.012246208265423775,0.5918716192245483,0.011855133809149265,0.7323217988014221,11,319
285,9500,26,0.02032509073615074,0.5847613215446472,0.06442143768072128,0.27227476239204407,19,315
285,9500,27,0.03370407968759537,0.6988659501075745,0.06349378079175949,0.822299063205719,32,377
285,9500,28,0.02922768145799637,0.6939778923988342,0.09482207894325256,0.5639123320579529,28,374
285,9500,29,0.042229533195495605,0.7152553200721741,0.06622236222028732,0.765771210193634,40,386
285,9500,30,0.03716292604804039,0.7099772095680237,0.09845172613859177,0.6188777089118958,35,383
285,9500,31,0.018007155507802963,0.7402069568634033,0.0225607231259346,0.7145792245864868,17,399
285,9500,32,0.013229524716734886,0.7321207523345947,0.06967324763536453,0.5041437745094299,12,395
286,9533,0,-0.01519765891134739,0.24870829284191132,-0.04923027753829956,0.9025290012359619,-14,134
286,9533,1,-0.010955721139907837,0.23496729135513306,-0.06542078405618668,0.8929118514060974,-10,126
286,9533,2,-0.010350601747632027,0.2344699651002884,-0.06553095579147339,0.8909465670585632,-9,126
286,9533,3,-0.009750917553901672,0.23467573523521423,-0.06549650430679321,0.9044916033744812,-9,126
286,9533,4,-0.01019481010735035,0.23467093706130981,-0.0462263748049736,0.9087352156639099,-9,126
286,9533,5,-0.007546617183834314,0.23375669121742249,-0.04643835127353668,0.9286380410194397,-7,126
286,9533,6,-0.006257528904825449,0.23321659862995148,-0.04655223712325096,0.9452222585678101,-6,125
286,9533,7,-0.005012476351112127,0.23723536729812622,-0.10544786602258682,0.9613372087478638,-4,128
286,9533,8,-0.00019155190966557711,0.2367585152387619,-0.018987055867910385,0.9460951685905457,0,127
286,9533,9,-0.011114079505205154,0.257498174905777,-0.05834830552339554,0.8981524109840393,-10,139
286,9533,10,-0.010667551308870316,0.25769108533859253,-0.03455614671111107,0.8922945261001587,-10,139
286,9533,11,-0.0021660940255969763,0.2980606257915497,-0.14177805185317993,0.9951378107070923,-2,160
286,9533,12,0.023408835753798485,0.29381856322288513,0.04290095344185829,0.9921242594718933,22,158
286,9533,13,0.001643694587983191,0.406739205121994,-0.15718401968479156,0.6269251108169556,1,219
286,9533,14,0.04099366441369057,0.3864715099334717,0.08538336306810379,0.05015552416443825,39,208
286,9533,15,-0.012037516571581364,0.4439736604690552,-0.1206493005156517,0.1805628538131714,-11,239
286,9533,16,0.023748056963086128,0.4269266128540039,0.07943198829889297,0.008380879648029804,22,230
286,9533,17,-0.014905953779816628,0.4534398913383484,-0.12933164834976196,0.17222553491592407,-14,244
286,9533,18,0.023050520569086075,0.44231393933296204,0.08227192610502243,0.012000614777207375,22,238
286,9533,19,-0.014554353430867195,0.44275394082069397,-0.1266990751028061,0.17087186872959137,-13,239
286,9533,20,0.020194880664348602,0.4398755133152008,0.06831657886505127,0.012383352033793926,19,237
286,9533,21,-0.011452495120465755,0.43934547901153564,-0.11726132035255432,0.13396134972572327,-10,237
286,9533,22,0.020931433886289597,0.4345613121986389,0.07339761406183243,0.013049514964222908,20,234
286,9533,23,0.015853142365813255,0.47861215472221375,-0.06312336027622223,0.9927734136581421,15,258
286,9533,24,0.024014124646782875,0.47239261865615845,0.06310001760721207,0.9930705428123474,23,255
286,9533,25,0.014190143905580044,0.5983273386955261,-0.0037541287019848824,0.7433898448944092,13,323
286,9533,26,0.02107476443052292,0.5893661379814148,0.07148579508066177,0.27293863892555237,20,318
286,9533,27,0.033689092844724655,0.7199058532714844,0.05050932988524437,0.8358162641525269,32,388
286,9533,28,0.03061041422188282,0.6992372274398804,0.1293240636587143,0.5752445459365845,29,377
286,9533,29,0.04199766367673874,0.7453392744064331,0.05325552076101303,0.7785835266113281,40,402
286,9533,30,0.03785982355475426,0.7191975712776184,0.13301636278629303,0.6319394707679749,36,388
286,9533,31,0.01056886650621891,0.7469361424446106,0.004965455736964941,0.7332929372787476,10,403
286,9533,32,0.012481709942221642,0.7350046038627625,0.09802206605672836,0.5210069417953491,11,396
287,9566,0,-0.015361824072897434,0.2480306327342987,-0.05786173418164253,0.9098121523857117,-14,133
287,9566,1,-0.012706099078059196,0.23421819508075714,-0.0738123208284378,0.9012416005134583,-12,126
287,9566,2,-0.012100201100111008,0.23379789292812347,-0.07392719388008118,0.8995278477668762,-11,126
287,9566,3,-0.010498058050870895,0.23389996588230133,-0.07388988882303238,0.9120256900787354,-10,126
287,9566,4,-0.0102902352809906,0.23377913236618042,-0.05424727126955986,0.9161659479141235,-9,126
287,9566,5,-0.008709204383194447,0.23300690948963165,-0.05445494502782822,0.9345855116844177,-8,125
287,9566,6,-0.007364023011177778,0.2325482964515686,-0.05456893518567085,0.9497808814048767,-7,125
287,9566,7,-0.0057746306993067265,0.2366136759519577,-0.11232859641313553,0.9645585417747498,-5,127
287,9566,8,-0.0013092049630358815,0.23599058389663696,-0.023903215304017067,0.9505907297134399,-1,127
287,9566,9,-0.013065523467957973,0.25609129667282104,-0.06645567715167999,0.9062957167625427,-12,138
287,9566,10,-0.0123608922585845,0.25737056136131287,-0.0422409325838089,0.901015043258667,-11,138
287,9566,11,-0.0005386455450206995,0.29576727747917175,-0.1494315266609192,0.9953194856643677,0,159
287,9566,12,0.021401014178991318,0.29422926902770996,0.044523272663354874,0.9920895099639893,20,158
287,9566,13,0.0023829168640077114,0.4065176248550415,-0.16731271147727966,0.6531016230583191,2,219
287,9566,14,0.03714026138186455,0.3885291814804077,0.08571373671293259,0.05006841570138931,35,209
287,9566,15,-0.014552908949553967,0.44755735993385315,-0.1371174156665802,0.18160051107406616,-13,241
287,9566,16,0.022073429077863693,0.4333798289299011,0.06636806577444077,0.008702503517270088,21,234
287,9566,17,-0.019450141116976738,0.45835670828819275,-0.14796580374240875,0.17471031844615936,-18,247
287,9566,18,0.019508391618728638,0.4481056332588196,0.06449895352125168,0.012744947336614132,18,241
287,9566,19,-0.02002149634063244,0.44844749569892883,-0.14485114812850952,0.1742544025182724,-19,242
287,9566,20,0.016430774703621864,0.4457458257675171,0.049679096788167953,0.013322587125003338,15,240
287,9566,21,-0.01615421287715435,0.4447833299636841,-0.1335809975862503,0.13509692251682281,-15,240
287,9566,22,0.017336031422019005,0.44025692343711853,0.05867644026875496,0.014036132022738457,16,237
287,9566,23,0.016814740374684334,0.47947829961776733,-0.0648055151104927,0.9922280311584473,16,258
287,9566,24,0.021773669868707657,0.473743736743927,0.06480547785758972,0.9924074411392212,20,255
287,9566,25,0.01501688826829195,0.600713312625885,-0.007506793364882469,0.7510116100311279,14,324
287,9566,26,0.020780455321073532,0.591668963432312,0.07635991275310516,0.2685615122318268,19,319
287,9566,27,0.03413551673293114,0.7273533344268799,0.047444555908441544,0.8477339744567871,32,392
287,9566,28,0.031194346025586128,0.7103075385093689,0.13152441382408142,0.5832309126853943,29,383
287,9566,29,0.04451427981257439,0.755203127861023,0.049716684967279434,0.7899122834205627,42,407
287,9566,30,0.04021169990301132,0.7370248436927795,0.13443994522094727,0.6437504291534424,38,397
287,9566,31,0.008463348262012005,0.7516108155250549,-0.006043465342372656,0.7514879107475281,8,405
287,9566,32,0.011723705567419529,0.735666036605835,0.09507225453853607,0.5385830402374268,11,397
288,9600,0,-0.014878143556416035,0.24790586531162262,-0.06633563339710236,0.9064816236495972,-14,133
288,9600,1,-0.012209460139274597,0.23418980836868286,-0.08039061725139618,0.8993954658508301,-11,126
288,9600,2,-0.012077028863132,0.23379476368427277,-0.0805472657084465,0.8986979722976685,-11,126
288,9600,3,-0.009259838610887527,0.2338697463274002,-0.0805334746837616,0.9121227264404297,-8,126
288,9600,4,-0.009049043990671635,0.2337655872106552,-0.06502629816532135,0.9156304597854614,-8,126
288,9600,5,-0.007782988715916872,0.23314370214939117,-0.06523364037275314,0.9346449971199036,-7,125
288,9600,6,-0.0066552129574120045,0.2328261137008667,-0.06534619629383087,0.949826180934906,-6,125
288,9600,7,-0.0037959744222462177,0.2372376024723053,-0.11242986470460892,0.9654698967933655,-3,128
288,9600,8,-0.0011451636673882604,0.23610930144786835,-0.0421464666724205,0.9507015347480774,-1,127
288,9600,9,-0.01412916835397482,0.2563304603099823,-0.07261811941862106,0.9076126217842102,-13,138
288,9600,10,-0.010879925452172756,0.2573697865009308,-0.05374716967344284,0.9023276567459106,-10,138
288,9600,11,0.0004070364229846746,0.3040310740470886,-0.14088168740272522,0.9953281283378601,0,164
288,9600,12,0.012742151506245136,0.2945750057697296,0.023379193618893623,0.9912829995155334,12,159
288,9600,13,0.0025773465167731047,0.4067753255367279,-0.1334679126739502,0.6270240545272827,2,219
288,9600,14,0.02380986697971821,0.3959451913833618,0.06305739283561707,0.04575231671333313,22,213
288,9600,15,-0.016045471653342247,0.442729651927948,-0.0756596177816391,0.17187057435512543,-15,239
288,9600,16,0.011734405532479286,0.43524137139320374,0.044341035187244415,0.010775954462587833,11,235
288,9600,17,-0.022101949900388718,0.45152950286865234,-0.08118846267461777,0.16882020235061646,-21,243
288,9600,18,0.009554770775139332,0.4461907148361206,0.04099739342927933,0.018475189805030823,9,240
288,9600,19,-0.02226398140192032,0.43890300393104553,-0.0820242166519165,0.169324591755867,-21,237
288,9600,20,0.006039880216121674,0.44468095898628235,0.025984877720475197,0.020284030586481094,5,240
288,9600,21,-0.018189409747719765,0.4362730383872986,-0.07322680205106735,0.13130418956279755,-17,235
288,9600,22,0.006703004706650972,0.44038310647010803,0.03646034374833107,0.020681025460362434,6,237
288,9600,23,0.013161050155758858,0.4817344844341278,-0.057609688490629196,0.9918664693832397,12,260
288,9600,24,0.017072761431336403,0.477909117937088,0.057608865201473236,0.9918977618217468,16,258
288,9600,25,0.016251010820269585,0.602522075176239,-0.0062746573239564896,0.7350063920021057,15,325
288,9600,26,0.01826273463666439,0.592848539352417,0.0707501694560051,0.25636839866638184,17,320
288,9600,27,0.029203617945313454,0.7282348871231079,0.06273776292800903,0.8510725498199463,28,393
288,9600,28,0.02786766178905964,0.7115445733070374,0.12442117184400558,0.5871296525001526,26,384
288,9600,29,0.03969579562544823,0.7494685649871826,0.06635592132806778,0.7796310782432556,38,404
288,9600,30,0.03823093697428703,0.736146867275238,0.12763532996177673,0.6438154578208923,36,397
288,9600,31,0.006421075668185949,0.7542230486869812,0.011471166275441647,0.7570487260818481,6,407
288,9600,32,0.010128936730325222,0.7384247183799744,0.09327840805053711,0.5526347160339355,9,398
289,9633,0,-0.016413746401667595,0.24840110540390015,-0.05372542887926102,0.910876989364624,-15,134
289,9633,1,-0.013602813705801964,0.23556195199489594,-0.06984780728816986,0.9036557078361511,-13,127
289,9633,2,-0.01361310388892889,0.23525798320770264,-0.06996963173151016,0.9030483961105347,-13,127
289,9633,3,-0.012895921245217323,0.23542526364326477,-0.06995680183172226,0.9157971143722534,-12,127
289,9633,4,-0.01126089971512556,0.23545822501182556,-0.05419173091650009,0.9201115965843201,-10,127
289,9633,5,-0.009835404343903065,0.23530644178390503,-0.05439983308315277,0.9383651614189148,-9,127
289,9633,6,-0.008491337299346924,0.23525995016098022,-0.05450853332877159,0.9526264071464539,-8,127
289,9633,7,-0.007369739003479481,0.2395210862159729,-0.1095847636461258,0.9674527049064636,-7,129
289,9633,8,-0.0012201558565720916,0.23883876204490662,-0.03871573135256767,0.9535988569259644,-1,128
289,9633,9,-0.018847202882170677,0.2580242156982422,-0.062494490295648575,0.9130875468254089,-18,139
289,9633,10,-0.01305924728512764,0.2582416534423828,-0.04328042268753052,0.9085103273391724,-12,139
289,9633,11,-0.009908369742333889,0.3063794672489166,-0.13929608464241028,0.9955401420593262,-9,165
289,9633,12,0.018846401944756508,0.295840859413147,0.021723033860325813,0.9916391968727112,18,159
289,9633,13,-0.001140741864219308,0.4072413146495819,-0.1319771707057953,0.6457518339157104,-1,219
289,9633,14,0.031305957585573196,0.39725834131240845,0.05850813910365105,0.05258752033114433,30,214
289,9633,15,-0.01909703202545643,0.4429798126220703,-0.0721791610121727,0.1651601642370224,-18,239
289,9633,16,0.015922246500849724,0.43607309460639954,0.04657681658864021,0.013145050033926964,15,235
289,9633,17,-0.024779994040727615,0.45229318737983704,-0.07527071982622147,0.16348615288734436,-23,244
289,9633,18,0.012557977810502052,0.44800540804862976,0.045533519238233566,0.021657532081007957,12,241
289,9633,19,-0.02438744343817234,0.43922159075737,-0.07494204491376877,0.16411258280277252,-23,237
289,9633,20,0.009751650504767895,0.447159081697464,0.03227922320365906,0.023622402921319008,9,241
289,9633,21,-0.020197154954075813,0.43637698888778687,-0.06898512691259384,0.12732166051864624,-19,235
289,9633,22,0.010718809440732002,0.44260233640670776,0.03975236043334007,0.024164805188775063,10,239
289,9633,23,0.0043313815258443356,0.48219653964042664,-0.05643204227089882,0.9917912483215332,4,260
289,9633,24,0.01969146355986595,0.47819027304649353,0.05639181286096573,0.9918544888496399,18,258
289,9633,25,0.011650845408439636,0.6027376651763916,-0.008770999498665333,0.7520474791526794,11,325
289,9633,26,0.019530007615685463,0.5933350920677185,0.07180839031934738,0.27612555027008057,18,320
289,9633,27,0.028732741251587868,0.7327014803886414,0.04532354697585106,0.8627128005027771,27,395
289,9633,28,0.029015669599175453,0.7219832539558411,0.11855712532997131,0.6127554774284363,27,389
289,9633,29,0.03964943811297417,0.7544220089912415,0.04793756455183029,0.7922521233558655,38,407
289,9633,30,0.03888993337750435,0.7459250092506409,0.12189947813749313,0.6651275753974915,37,402
289,9633,31,0.005614840891212225,0.7582160830497742,0.004333495162427425,0.7721537351608276,5,409
289,9633,32,0.010056295432150364,0.7430142760276794,0.08632180839776993,0.5765402317047119,9,401
290,9666,0,nan,nan,nan,0.0,-1,-1
291,9700,0,nan,nan,nan,0.0,-1,-1
292,9733,0,nan,nan,nan,0.0,-1,-1
293,9766,0,nan,nan,nan,0.0,-1,-1
294,9800,0,nan,nan,nan,0.0,-1,-1
295,9833,0,nan,nan,nan,0.0,-1,-1
296,9866,0,nan,nan,nan,0.0,-1,-1
297,9900,0,nan,nan,nan,0.0,-1,-1
298,9933,0,nan,nan,nan,0.0,-1,-1
299,9966,0,nan,nan,nan,0.0,-1,-1
300,10000,0,nan,nan,nan,0.0,-1,-1
301,10033,0,nan,nan,nan,0.0,-1,-1
302,10066,0,nan,nan,nan,0.0,-1,-1
303,10100,0,nan,nan,nan,0.0,-1,-1
304,10133,0,nan,nan,nan,0.0,-1,-1
305,10166,0,nan,nan,nan,0.0,-1,-1
306,10200,0,nan,nan,nan,0.0,-1,-1
307,10233,0,nan,nan,nan,0.0,-1,-1
