frame,timestamp_ms,landmark_id,x_norm,y_norm,z_norm,visibility,x_px,y_px
0,0,0,nan,nan,nan,0.0,-1,-1
1,33,0,nan,nan,nan,0.0,-1,-1
2,66,0,nan,nan,nan,0.0,-1,-1
3,100,0,nan,nan,nan,0.0,-1,-1
4,133,0,nan,nan,nan,0.0,-1,-1
5,166,0,nan,nan,nan,0.0,-1,-1
6,200,0,nan,nan,nan,0.0,-1,-1
7,233,0,nan,nan,nan,0.0,-1,-1
8,266,0,nan,nan,nan,0.0,-1,-1
9,300,0,nan,nan,nan,0.0,-1,-1
10,333,0,nan,nan,nan,0.0,-1,-1
11,366,0,nan,nan,nan,0.0,-1,-1
12,400,0,nan,nan,nan,0.0,-1,-1
13,433,0,nan,nan,nan,0.0,-1,-1
14,466,0,nan,nan,nan,0.0,-1,-1
15,500,0,nan,nan,nan,0.0,-1,-1
16,533,0,nan,nan,nan,0.0,-1,-1
17,566,0,nan,nan,nan,0.0,-1,-1
18,600,0,nan,nan,nan,0.0,-1,-1
19,633,0,nan,nan,nan,0.0,-1,-1
20,666,0,nan,nan,nan,0.0,-1,-1
21,700,0,nan,nan,nan,0.0,-1,-1
22,733,0,nan,nan,nan,0.0,-1,-1
23,766,0,nan,nan,nan,0.0,-1,-1
24,800,0,nan,nan,nan,0.0,-1,-1
25,833,0,nan,nan,nan,0.0,-1,-1
26,866,0,nan,nan,nan,0.0,-1,-1
27,900,0,nan,nan,nan,0.0,-1,-1
28,933,0,nan,nan,nan,0.0,-1,-1
29,966,0,nan,nan,nan,0.0,-1,-1
30,1000,0,0.036087580025196075,0.3873129189014435,0.12918630242347717,0.009138706140220165,34,209
30,1000,1,0.0370602160692215,0.3885892927646637,0.12566471099853516,0.013507924973964691,35,209
30,1000,2,0.03750587999820709,0.38713857531547546,0.12542317807674408,0.015004772692918777,36,209
30,1000,3,0.03763372451066971,0.38543665409088135,0.12538738548755646,0.02317800745368004,36,208
30,1000,4,0.03690478950738907,0.3931935727596283,0.12779539823532104,0.014918447472155094,35,212
30,1000,5,0.036579445004463196,0.3953038454055786,0.12753790616989136,0.017917320132255554,35,213
30,1000,6,0.03649915009737015,0.39750513434410095,0.12731201946735382,0.031237130984663963,35,214
30,1000,7,0.04123739153146744,0.3879789710044861,0.11833752691745758,0.05131346732378006,39,209
30,1000,8,0.03945592790842056,0.4051109552383423,0.12559816241264343,0.019874507561326027,37,218
30,1000,9,0.03890495002269745,0.3874717056751251,0.13104522228240967,0.042692556977272034,37,209
30,1000,10,0.03789805620908737,0.39369192719459534,0.13149535655975342,0.03711719810962677,36,212
30,1000,11,0.03649451583623886,0.408485472202301,0.11427473276853561,0.9791883826255798,35,220
30,1000,12,0.048261113464832306,0.3962482213973999,0.10971561819314957,0.9702123999595642,46,213
30,1000,13,0.04056619107723236,0.4037089943885803,0.15529409050941467,0.0021876581013202667,38,218
30,1000,14,0.04311491549015045,0.4356498718261719,0.10322525352239609,0.0006684280233457685,41,235
30,1000,15,0.03894096612930298,0.43063274025917053,0.1705409735441208,0.0013011328410357237,37,232
30,1000,16,0.06368575245141983,0.4899679124355316,0.09061634540557861,0.0018711480079218745,61,264
30,1000,17,0.038516104221343994,0.4323309659957886,0.1694176346063614,0.002619281178340316,36,233
30,1000,18,0.06718970090150833,0.5053863525390625,0.07504859566688538,0.0038103596307337284,64,272
30,1000,19,0.0355689600110054,0.43764257431030273,0.15647761523723602,0.0026569762267172337,34,236
30,1000,20,0.07134921103715897,0.49913114309310913,0.07383809238672256,0.0038762560579925776,68,269
30,1000,21,0.0371674969792366,0.4384312629699707,0.16648732125759125,0.0029879268258810043,35,236
30,1000,22,0.07115986943244934,0.49521422386169434,0.08761971443891525,0.004258495755493641,68,267
30,1000,23,-0.002888571470975876,0.35191601514816284,0.011850163340568542,0.9692296385765076,-2,190
30,1000,24,0.0029784590005874634,0.3388793170452118,-0.01227675098925829,0.9784556031227112,2,182
30,1000,25,0.024625681340694427,0.45023113489151,0.04011281207203865,0.013773972168564796,23,243
30,1000,26,0.023512031883001328,0.4682958424091339,-0.11772465705871582,0.08465266227722168,22,252
30,1000,27,0.054767098277807236,0.559222936630249,0.10632828623056412,0.004299480002373457,52,301
30,1000,28,0.029734032228589058,0.5600363612174988,-0.10941007733345032,0.014951741322875023,28,302
30,1000,29,0.052476607263088226,0.5743358731269836,0.11509191244840622,0.009085806086659431,50,310
30,1000,30,0.03093821555376053,0.5594369769096375,-0.10411573201417923,0.022581685334444046,29,302
30,1000,31,0.07628655433654785,0.5923510789871216,0.09607002139091492,0.003613083390519023,73,319
30,1000,32,0.026684563606977463,0.6243400573730469,-0.13596992194652557,0.010173378512263298,25,337
31,1033,0,0.028748851269483566,0.3971940279006958,0.15456333756446838,0.008408448658883572,27,214
31,1033,1,0.02717278152704239,0.3977794349193573,0.14872530102729797,0.0124054541811347,26,214
31,1033,2,0.026793772354722023,0.3949648141860962,0.14843438565731049,0.01379743404686451,25,213
31,1033,3,0.026090295985341072,0.3919277489185333,0.148383229970932,0.02132016234099865,25,211
31,1033,4,0.02949121594429016,0.40555572509765625,0.14765797555446625,0.013694334775209427,28,219
31,1033,5,0.030087482184171677,0.40846502780914307,0.1473972350358963,0.0164632648229599,28,220
31,1033,6,0.03090832568705082,0.4115186333656311,0.14718087017536163,0.028698157519102097,29,222
31,1033,7,0.03077417053282261,0.3894971013069153,0.13225173950195312,0.04754539206624031,29,210
31,1033,8,0.03687182813882828,0.4145950973033905,0.1265842616558075,0.018300218507647514,35,223
31,1033,9,0.032838016748428345,0.3909456133842468,0.1532711684703827,0.039886415004730225,31,211
31,1033,10,0.03443147614598274,0.4004640281200409,0.14932094514369965,0.034765489399433136,33,216
31,1033,11,0.03613996505737305,0.4003791809082031,0.12675388157367706,0.9799127578735352,34,216
31,1033,12,0.0516107901930809,0.3964546024799347,0.10381219536066055,0.9715820550918579,49,214
31,1033,13,0.044038109481334686,0.404115229845047,0.1687115877866745,0.0022595026530325413,42,218
31,1033,14,0.04957789182662964,0.4258284866809845,0.0915696918964386,0.0007171308971010149,47,229
31,1033,15,0.040028832852840424,0.4433515667915344,0.17954546213150024,0.0014856233028694987,38,239
31,1033,16,0.06346505135297775,0.4887867569923401,0.08974910527467728,0.001953227212652564,60,263
31,1033,17,0.03868316113948822,0.44787880778312683,0.17591799795627594,0.0029280129820108414,37,241
31,1033,18,0.06542140990495682,0.5052148699760437,0.07496464997529984,0.003971810918301344,62,272
31,1033,19,0.0360666960477829,0.45119306445121765,0.16557401418685913,0.0029335240833461285,34,243
31,1033,20,0.06923869252204895,0.49999552965164185,0.07464133948087692,0.004027657676488161,66,269
31,1033,21,0.03818117827177048,0.4501025974750519,0.17568334937095642,0.003300377167761326,36,243
31,1033,22,0.07001370936632156,0.49549487233161926,0.08751676231622696,0.004412102047353983,67,267
31,1033,23,0.007356231566518545,0.3483615815639496,0.021036798134446144,0.9718212485313416,7,188
31,1033,24,0.0137031776830554,0.3388090431690216,-0.02158294804394245,0.9801362752914429,13,182
31,1033,25,0.03005569986999035,0.4725649654865265,0.08115184307098389,0.015011338517069817,28,255
31,1033,26,0.023507846519351006,0.47510144114494324,-0.0017967085586860776,0.09111029654741287,22,256
31,1033,27,0.054766036570072174,0.585672914981842,0.10368524491786957,0.007346095982939005,52,316
31,1033,28,0.030587954446673393,0.5566043853759766,0.02068628929555416,0.0204950999468565,29,300
31,1033,29,0.053120486438274384,0.5945298671722412,0.10746272653341293,0.014854050241410732,50,321
31,1033,30,0.035648901015520096,0.5542855262756348,0.027070216834545135,0.02733846753835678,34,299
31,1033,31,0.06496529281139374,0.6345381140708923,0.08013512194156647,0.005737788043916225,62,342
31,1033,32,0.01783156394958496,0.6170535087585449,-0.004174361005425453,0.012606242671608925,17,333
32,1066,0,0.034254107624292374,0.3275229036808014,0.19826309382915497,0.011682193726301193,32,176
32,1066,1,0.03168269619345665,0.3290810286998749,0.1988447606563568,0.017575569450855255,30,177
32,1066,2,0.03088364191353321,0.3281029164791107,0.19855232536792755,0.019539467990398407,29,177
32,1066,3,0.0297160055488348,0.3267376720905304,0.19851557910442352,0.02993699535727501,28,176
32,1066,4,0.0353289432823658,0.332762748003006,0.19717079401016235,0.01889145001769066,33,179
32,1066,5,0.036418501287698746,0.3344091773033142,0.19690737128257751,0.022207111120224,34,180
32,1066,6,0.0377250574529171,0.3362983465194702,0.19668088853359222,0.037624508142471313,36,181
32,1066,7,0.035019390285015106,0.3297584056854248,0.20037658512592316,0.062804214656353,33,178
32,1066,8,0.045906152576208115,0.3415873944759369,0.19075576961040497,0.023503217846155167,44,184
32,1066,9,0.03803524747490883,0.3259887397289276,0.2024705410003662,0.047931428998708725,36,176
32,1066,10,0.040674690157175064,0.33128470182418823,0.1980104148387909,0.040807224810123444,39,178
32,1066,11,0.039616215974092484,0.34922778606414795,0.18209142982959747,0.9813626408576965,38,188
32,1066,12,0.06648935377597809,0.33812934160232544,0.15112285315990448,0.973543643951416,63,182
32,1066,13,0.04282021522521973,0.3433806896209717,0.22179420292377472,0.002657525474205613,41,185
32,1066,14,0.05701729282736778,0.3903296887874603,0.11516983062028885,0.0008951069903559983,54,210
32,1066,15,0.03648843616247177,0.3618639409542084,0.2339584231376648,0.001747963367961347,35,195
32,1066,16,0.053654905408620834,0.4774338901042938,0.11480099707841873,0.0020221418235450983,51,257
32,1066,17,0.034361083060503006,0.35637471079826355,0.23164436221122742,0.0033881787676364183,32,192
32,1066,18,0.048099927604198456,0.4984849691390991,0.09752709418535233,0.003990285098552704,46,269
32,1066,19,0.03372443839907646,0.3625853955745697,0.22311130166053772,0.0033628405071794987,32,195
32,1066,20,0.05129382386803627,0.49719560146331787,0.10654064267873764,0.004015913233160973,49,268
32,1066,21,0.036291200667619705,0.3656904697418213,0.23130343854427338,0.0037756823003292084,34,197
32,1066,22,0.05462409555912018,0.4919196665287018,0.11612331867218018,0.004417989403009415,52,265
32,1066,23,0.011554558761417866,0.2906695604324341,0.019514305517077446,0.9744824767112732,11,156
32,1066,24,0.02229085937142372,0.2758902609348297,-0.020215775817632675,0.982003390789032,21,148
32,1066,25,0.051176972687244415,0.46940863132476807,0.06839154660701752,0.02775500901043415,49,253
32,1066,26,0.032326359301805496,0.47205978631973267,-0.013955657370388508,0.11847767233848572,31,254
32,1066,27,0.07330846786499023,0.5950482487678528,0.06731016933917999,0.015071671456098557,70,321
32,1066,28,0.028472905978560448,0.5367704033851624,0.011451099999248981,0.034428730607032776,27,289
32,1066,29,0.07108072936534882,0.6084378361701965,0.0692683681845665,0.02377217635512352,68,328
32,1066,30,0.028850000351667404,0.5355610251426697,0.01876720041036606,0.042762890458106995,27,289
32,1066,31,0.08618699014186859,0.6354844570159912,0.042471904307603836,0.010834410786628723,82,343
32,1066,32,0.013782549649477005,0.5684701800346375,-0.00648247916251421,0.02057197503745556,13,306
33,1100,0,0.04260336980223656,0.28324732184410095,0.21257592737674713,0.01729411818087101,40,152
33,1100,1,0.040434226393699646,0.28386828303337097,0.21278055012226105,0.023653779178857803,38,153
33,1100,2,0.03996879234910011,0.2830599546432495,0.21250900626182556,0.026171507313847542,38,152
33,1100,3,0.03916221857070923,0.2818441092967987,0.21250078082084656,0.0395716167986393,37,152
33,1100,4,0.04338208958506584,0.2866899371147156,0.21095657348632812,0.024986110627651215,41,154
33,1100,5,0.04416113346815109,0.28807532787323,0.2107008993625641,0.029310503974556923,42,155
33,1100,6,0.04518485814332962,0.2897210419178009,0.21051792800426483,0.047950807958841324,43,156
33,1100,7,0.04341184347867966,0.2866109609603882,0.20867620408535004,0.07633477449417114,41,154
33,1100,8,0.0527782179415226,0.2959313988685608,0.1994248777627945,0.02750067040324211,50,159
33,1100,9,0.04575945436954498,0.28375643491744995,0.21495652198791504,0.05656417831778526,43,153
33,1100,10,0.04727065935730934,0.288520485162735,0.21050667762756348,0.047533199191093445,45,155
33,1100,11,0.045992590487003326,0.3136061728000641,0.18920376896858215,0.9828323721885681,44,169
33,1100,12,0.07297344505786896,0.3068980872631073,0.1483222097158432,0.9755545854568481,70,165
33,1100,13,0.039729807525873184,0.34284892678260803,0.2055799812078476,0.0026790276169776917,38,185
33,1100,14,0.07343922555446625,0.3839091360569,0.09320823103189468,0.0010851281695067883,70,207
33,1100,15,0.03217469900846481,0.3687898516654968,0.21653132140636444,0.0019339299760758877,30,199
33,1100,16,0.07166881859302521,0.48091328144073486,0.09017281979322433,0.002452308777719736,68,259
33,1100,17,0.02970990352332592,0.3667665123939514,0.22108489274978638,0.003674253588542342,28,198
33,1100,18,0.06918361037969589,0.5082197189331055,0.06885197758674622,0.004485391080379486,66,274
33,1100,19,0.03185189142823219,0.36968371272087097,0.20078040659427643,0.0036227540113031864,30,199
33,1100,20,0.07059108465909958,0.5101026892662048,0.09189976751804352,0.004433555528521538,67,275
33,1100,21,0.034208741039037704,0.3720216155052185,0.21134750545024872,0.004051459487527609,32,200
33,1100,22,0.07284501940011978,0.5022845268249512,0.09573101997375488,0.004782889503985643,69,271
33,1100,23,0.0170978382229805,0.2615777254104614,0.01886633411049843,0.9768872857093811,16,141
33,1100,24,0.031153284013271332,0.25195392966270447,-0.01953255385160446,0.9836755394935608,29,136
33,1100,25,0.06367161870002747,0.46514391899108887,0.05917447432875633,0.02928856573998928,61,251
33,1100,26,0.04780680313706398,0.47145161032676697,0.03728906810283661,0.115312360227108,45,254
33,1100,27,0.06990581005811691,0.607239842414856,0.06964438408613205,0.017062734812498093,67,327
33,1100,28,0.05195457860827446,0.5384482741355896,0.04389818385243416,0.040498778223991394,49,290
33,1100,29,0.06809181720018387,0.624790370464325,0.07351770251989365,0.02754543349146843,65,337
33,1100,30,0.05164610967040062,0.538544237613678,0.047998975962400436,0.04955119639635086,49,290
33,1100,31,0.08260609954595566,0.6422984004020691,0.0446169413626194,0.01268534455448389,79,346
33,1100,32,0.04954177513718605,0.582598865032196,0.015368192456662655,0.02492457441985607,47,314
34,1133,0,0.0424686074256897,0.3537898063659668,0.20434802770614624,0.07610850036144257,40,191
34,1133,1,0.041147854179143906,0.3596341609954834,0.22003798186779022,0.08545002341270447,39,194
34,1133,2,0.0402798093855381,0.3593653738498688,0.21978455781936646,0.09187192469835281,38,194
34,1133,3,0.03921115770936012,0.3585505783557892,0.21981778740882874,0.10723578184843063,37,193
34,1133,4,0.04584769904613495,0.3579787015914917,0.21008434891700745,0.09039751440286636,44,193
34,1133,5,0.04763086512684822,0.35633787512779236,0.2098880112171173,0.09949985891580582,45,192
34,1133,6,0.049729276448488235,0.35491085052490234,0.20974381268024445,0.12124381959438324,47,191
34,1133,7,0.0434061661362648,0.3434164822101593,0.2683410942554474,0.14936845004558563,41,185
34,1133,8,0.05901837721467018,0.32392385601997375,0.21809370815753937,0.08718716353178024,56,174
34,1133,9,0.045146070420742035,0.33664464950561523,0.2213594764471054,0.11879420280456543,43,181
34,1133,10,0.04787352308630943,0.3322082757949829,0.20582738518714905,0.11018777638673782,45,179
34,1133,11,0.04468557983636856,0.3381422460079193,0.24479633569717407,0.9844475388526917,42,182
34,1133,12,0.0785883218050003,0.31895172595977783,0.17382614314556122,0.9778717160224915,75,172
34,1133,13,0.02447120100259781,0.3261813223361969,0.2575303614139557,0.002637917175889015,23,176
34,1133,14,0.07199430465698242,0.3032448887825012,0.14360864460468292,0.001255510258488357,69,163
34,1133,15,0.029540549963712692,0.3043666183948517,0.23952646553516388,0.0019523019436746836,28,164
34,1133,16,0.06132478639483452,0.3305237293243408,0.1952357292175293,0.002448383253067732,58,178
34,1133,17,0.02861078642308712,0.2879776358604431,0.23861970007419586,0.003730681026354432,27,155
34,1133,18,0.056653328239917755,0.33521565794944763,0.18979020416736603,0.0044065481051802635,54,181
34,1133,19,0.031903233379125595,0.29212257266044617,0.23692382872104645,0.003665042342618108,30,157
34,1133,20,0.05616481229662895,0.3369107246398926,0.1999509036540985,0.004347508307546377,53,181
34,1133,21,0.034274663776159286,0.29917386174201965,0.2395142912864685,0.004043394699692726,32,161
34,1133,22,0.05913567915558815,0.33608925342559814,0.1992206573486328,0.0046730139292776585,56,181
34,1133,23,0.019265485927462578,0.2747102677822113,0.031070102006196976,0.9787610769271851,18,148
34,1133,24,0.04109016805887222,0.2538739740848541,-0.031751733273267746,0.9848753809928894,39,137
34,1133,25,0.06964537501335144,0.4630034863948822,0.06523904949426651,0.028869448229670525,66,250
34,1133,26,0.06826340407133102,0.45087993144989014,-0.004413658287376165,0.12097977101802826,65,243
34,1133,27,0.07243489474058151,0.5998232960700989,0.11877606809139252,0.018310587853193283,69,323
34,1133,28,0.06788257509469986,0.553673267364502,0.006419503130018711,0.05667750909924507,65,298
34,1133,29,0.06995589286088943,0.6164946556091309,0.12663093209266663,0.03482777252793312,67,332
34,1133,30,0.06865327060222626,0.5543821454048157,0.006940165534615517,0.07468245923519135,65,299
34,1133,31,0.08509533852338791,0.6392220258712769,0.09267091006040573,0.01359405368566513,81,345
34,1133,32,0.0666116327047348,0.6204220652580261,-0.07462411373853683,0.035300858318805695,63,335
35,1166,0,0.05716751515865326,0.39111942052841187,0.13195276260375977,0.14648984372615814,54,211
35,1166,1,0.05553252249956131,0.3971003592014313,0.14803750813007355,0.1589275300502777,53,214
35,1166,2,0.05401608720421791,0.3968552052974701,0.147764652967453,0.16603504121303558,51,214
35,1166,3,0.05225294455885887,0.3961414694786072,0.14779561758041382,0.1834629774093628,50,213
35,1166,4,0.0613623782992363,0.3966931700706482,0.1419493854045868,0.1641436219215393,58,214
35,1166,5,0.06338530033826828,0.39609986543655396,0.14176715910434723,0.17490752041339874,60,213
35,1166,6,0.06563982367515564,0.3956824839115143,0.141609326004982,0.19824855029582977,63,213
35,1166,7,0.05471121147274971,0.38843536376953125,0.24469392001628876,0.22709937393665314,52,209
35,1166,8,0.0735543817281723,0.38089191913604736,0.18403410911560059,0.15203379094600677,70,205
35,1166,9,0.05677749589085579,0.3791356682777405,0.1528429090976715,0.19279219210147858,54,204
35,1166,10,0.06259540468454361,0.3774063289165497,0.142002671957016,0.18284495174884796,60,203
35,1166,11,0.0445946641266346,0.36542919278144836,0.21344010531902313,0.9858806729316711,42,197
35,1166,12,0.09557071328163147,0.3314138948917389,0.15775570273399353,0.9798848032951355,91,178
35,1166,13,0.0206147413700819,0.3408987522125244,0.2032310962677002,0.0031586673576384783,19,184
35,1166,14,0.08045367896556854,0.29837602376937866,0.09247653186321259,0.0015714340843260288,77,161
35,1166,15,0.023503612726926804,0.2989443838596344,0.15211346745491028,0.0022269985638558865,22,161
35,1166,16,0.060033414512872696,0.2965492308139801,0.020966989919543266,0.0025132710579782724,57,160
35,1166,17,0.022085556760430336,0.2746971547603607,0.14311568439006805,0.004236470442265272,21,148
35,1166,18,0.05418273061513901,0.2945711314678192,0.0010870022233575583,0.004619614686816931,52,159
35,1166,19,0.028533853590488434,0.28063294291496277,0.1389174908399582,0.004204663913697004,27,151
35,1166,20,0.05491122975945473,0.29757633805274963,0.0012573122512549162,0.004618471022695303,52,160
35,1166,21,0.030588725581765175,0.2899211645126343,0.15067936480045319,0.004547972232103348,29,156
35,1166,22,0.05715259537100792,0.2989881634712219,0.01849367283284664,0.004938661586493254,54,161
35,1166,23,0.022642599418759346,0.2838321626186371,0.028582733124494553,0.979931652545929,21,153
35,1166,24,0.05046771466732025,0.26020723581314087,-0.02918250299990177,0.9851932525634766,48,140
35,1166,25,0.06128564849495888,0.46298402547836304,0.05188463628292084,0.034633662551641464,58,250
35,1166,26,0.06587080657482147,0.4526471495628357,-0.06866230815649033,0.13999082148075104,63,244
35,1166,27,0.0323324128985405,0.5267091989517212,0.09118827432394028,0.020608380436897278,31,284
35,1166,28,0.058185648173093796,0.5525074005126953,-0.11408727616071701,0.07728183269500732,55,298
35,1166,29,0.024480294436216354,0.5220167636871338,0.09545374661684036,0.041370291262865067,23,281
35,1166,30,0.0472230464220047,0.5477011799812317,-0.11627897620201111,0.09762466698884964,45,295
35,1166,31,0.02891414240002632,0.5671061873435974,0.06446029990911484,0.01656760461628437,27,306
35,1166,32,0.05566621571779251,0.6459758281707764,-0.1665760576725006,0.05600045993924141,53,348
36,1200,0,0.09292491525411606,0.4103854298591614,0.1271706521511078,0.228972390294075,89,221
36,1200,1,0.09183160960674286,0.41516387462615967,0.1376953423023224,0.23734045028686523,88,224
36,1200,2,0.09105686843395233,0.41544967889785767,0.13745400309562683,0.24476100504398346,87,224
36,1200,3,0.0900580883026123,0.4153406322002411,0.13743697106838226,0.2611348032951355,86,224
36,1200,4,0.09456412494182587,0.41350194811820984,0.1381402164697647,0.2446502149105072,90,223
36,1200,5,0.09539945423603058,0.41253960132598877,0.13794170320034027,0.2549811899662018,91,222
36,1200,6,0.09641817957162857,0.41179975867271423,0.13778574764728546,0.27621594071388245,92,222
36,1200,7,0.0885278657078743,0.41308045387268066,0.18014048039913177,0.3021976053714752,84,223
36,1200,8,0.09866350144147873,0.40545374155044556,0.17866268754005432,0.23248453438282013,94,218
36,1200,9,0.09045355767011642,0.40465986728668213,0.1367698609828949,0.2719216048717499,86,218
36,1200,10,0.093195840716362,0.40243443846702576,0.1358930915594101,0.26256483793258667,89,217
36,1200,11,0.06721461564302444,0.42355045676231384,0.14195682108402252,0.9872810244560242,64,228
36,1200,12,0.10649178177118301,0.35131072998046875,0.1510615199804306,0.9818751215934753,102,189
36,1200,13,0.03486771881580353,0.5061710476875305,0.11710528284311295,0.016890164464712143,33,273
36,1200,14,0.08395593613386154,0.3189021050930023,0.07677057385444641,0.0016877860762178898,80,172
36,1200,15,0.028371814638376236,0.5867565870285034,0.08158013224601746,0.013577358797192574,27,316
36,1200,16,0.07916915416717529,0.3263448476791382,-0.010853786021471024,0.003065838711336255,76,176
36,1200,17,0.025814229622483253,0.608286440372467,0.07658711075782776,0.02044554613530636,24,328
36,1200,18,0.07812165468931198,0.3268868923187256,-0.0278933085501194,0.006174135487526655,74,176
36,1200,19,0.03392118588089943,0.6090536713600159,0.06967516243457794,0.021362747997045517,32,328
36,1200,20,0.08059804886579514,0.33051666617393494,-0.03505225107073784,0.006078878417611122,77,178
36,1200,21,0.034585416316986084,0.5992875695228577,0.07817209511995316,0.023230113089084625,33,323
36,1200,22,0.0788927748799324,0.332650363445282,-0.01809467002749443,0.006460894364863634,75,179
36,1200,23,0.049990903586149216,0.33138951659202576,0.0037257515359669924,0.9818559288978577,47,178
36,1200,24,0.0772966518998146,0.2941558361053467,-0.004300778266042471,0.9866174459457397,74,158
36,1200,25,0.06047460064291954,0.5197027921676636,0.014766061678528786,0.07138783484697342,58,280
36,1200,26,0.09497097134590149,0.3692854940891266,-0.11533543467521667,0.21610458195209503,91,199
36,1200,27,0.02908332832157612,0.6074811220169067,-0.08961641043424606,0.06271316111087799,27,328
36,1200,28,0.06831753253936768,0.22056910395622253,-0.2563166916370392,0.15313386917114258,65,119
36,1200,29,0.022413188591599464,0.5994061231613159,-0.10247746855020523,0.1019972711801529,21,323
36,1200,30,0.05511108785867691,0.19362422823905945,-0.2693318724632263,0.17466673254966736,52,104
36,1200,31,0.03932870551943779,0.6462497115135193,-0.1457509994506836,0.05493800714612007,37,348
36,1200,32,0.07292830944061279,0.17433848977088928,-0.3213430345058441,0.12740930914878845,70,94
37,1233,0,0.08463139086961746,0.40605413913726807,0.12546958029270172,0.3055723011493683,81,219
37,1233,1,0.08419634401798248,0.4125538468360901,0.13506747782230377,0.31267017126083374,80,222
37,1233,2,0.08324117213487625,0.4131389856338501,0.13484713435173035,0.31957101821899414,79,223
37,1233,3,0.08207547664642334,0.41332748532295227,0.134815514087677,0.334351509809494,78,223
37,1233,4,0.08774496614933014,0.4108823239803314,0.13417720794677734,0.319694846868515,84,221
37,1233,5,0.08909013122320175,0.4100741446018219,0.13399501144886017,0.32908859848976135,85,221
37,1233,6,0.09060695022344589,0.40952959656715393,0.13387076556682587,0.34819015860557556,86,221
37,1233,7,0.08273021876811981,0.41353684663772583,0.17100712656974792,0.3716110587120056,79,223
37,1233,8,0.0958988219499588,0.406398743391037,0.17018333077430725,0.3084968030452728,92,219
37,1233,9,0.08323221653699875,0.40130671858787537,0.13651739060878754,0.34412750601768494,79,216
37,1233,10,0.08685869723558426,0.39967668056488037,0.13377118110656738,0.33554017543792725,83,215
37,1233,11,0.06852597743272781,0.432491272687912,0.1424059420824051,0.9885464906692505,65,233
37,1233,12,0.10852404683828354,0.3527025580406189,0.14662910997867584,0.9836663603782654,104,190
37,1233,13,0.038517437875270844,0.5182730555534363,0.1143423542380333,0.02594205178320408,36,279
37,1233,14,0.08158651739358902,0.3165171444416046,0.0703963115811348,0.0016620839014649391,78,170
37,1233,15,0.02857218310236931,0.6053518652915955,0.07096326351165771,0.026597730815410614,27,326
37,1233,16,0.07896371930837631,0.32897302508354187,0.013925394974648952,0.002987196668982506,75,177
37,1233,17,0.02650190331041813,0.630950927734375,0.06576893478631973,0.041772257536649704,25,340
37,1233,18,0.07316862046718597,0.330349326133728,0.0005331087158992887,0.00620954018086195,70,178
37,1233,19,0.03391828015446663,0.6298400163650513,0.061551112681627274,0.04323683679103851,32,340
37,1233,20,0.07481085509061813,0.33671990036964417,-0.002935521537438035,0.006082235835492611,71,181
37,1233,21,0.0346292182803154,0.6172958016395569,0.06835775822401047,0.04605923220515251,33,333
37,1233,22,0.07286250591278076,0.3390057384967804,0.009225220419466496,0.0065022618509829044,69,183
37,1233,23,0.05356268584728241,0.338031530380249,0.006338311359286308,0.9835667610168457,51,182
37,1233,24,0.08015438914299011,0.29670408368110657,-0.0068780481815338135,0.9878849983215332,76,160
37,1233,25,0.058664556592702866,0.5269153118133545,0.025870542973279953,0.09839657694101334,56,284
37,1233,26,0.09977131336927414,0.3486018180847168,-0.14435046911239624,0.2905581593513489,95,188
37,1233,27,0.025858288630843163,0.630912184715271,-0.07478337734937668,0.08640535175800323,24,340
37,1233,28,0.06922616809606552,0.1847362220287323,-0.31974947452545166,0.22872619330883026,66,99
37,1233,29,0.017526136711239815,0.6367641687393188,-0.08756043016910553,0.1475687175989151,16,343
37,1233,30,0.06164061278104782,0.14990098774433136,-0.33599358797073364,0.25029537081718445,59,80
37,1233,31,0.046432897448539734,0.6694337725639343,-0.12262164801359177,0.07954499870538712,44,361
37,1233,32,0.0803895816206932,0.15554572641849518,-0.38963842391967773,0.20177750289440155,77,83
38,1266,0,0.0898267850279808,0.4043089747428894,0.07760605961084366,0.37177354097366333,86,218
38,1266,1,0.09031129628419876,0.4113597869873047,0.08776559680700302,0.3775562644004822,86,222
38,1266,2,0.08920878916978836,0.41212645173072815,0.08754409104585648,0.3845742344856262,85,222
38,1266,3,0.0879027470946312,0.4124627709388733,0.08754485100507736,0.39850056171417236,84,222
38,1266,4,0.09479055553674698,0.4092474579811096,0.08503132313489914,0.3840041756629944,90,220
38,1266,5,0.0965227335691452,0.4083102345466614,0.08485546708106995,0.3925795257091522,92,220
38,1266,6,0.09839022904634476,0.4076625108718872,0.08470404148101807,0.4101976156234741,94,220
38,1266,7,0.08983853459358215,0.4123116135597229,0.12955524027347565,0.4329676330089569,86,222
38,1266,8,0.10524057596921921,0.40462979674339294,0.11763739585876465,0.3727349638938904,101,218
38,1266,9,0.08856813609600067,0.3995371162891388,0.09358736127614975,0.40623942017555237,85,215
38,1266,10,0.09338999539613724,0.39744752645492554,0.08831892907619476,0.3956131041049957,89,214
38,1266,11,0.0706048235297203,0.4217709004878998,0.11322976648807526,0.9896582365036011,67,227
38,1266,12,0.12489881366491318,0.35334956645965576,0.11542163789272308,0.9852097034454346,119,190
38,1266,13,0.04781385138630867,0.36275792121887207,0.1054845079779625,0.02379172295331955,45,195
38,1266,14,0.13267108798027039,0.3285335898399353,0.06605761498212814,0.0017316397279500961,127,177
38,1266,15,0.04815894737839699,0.3057177662849426,0.0768585354089737,0.02404576539993286,46,165
38,1266,16,0.15839427709579468,0.3457878530025482,0.037411559373140335,0.0027593146078288555,152,186
38,1266,17,0.04707582667469978,0.2883857786655426,0.07284041494131088,0.037844400852918625,45,155
38,1266,18,0.1660613715648651,0.33470505475997925,0.024064958095550537,0.0057633561082184315,159,180
38,1266,19,0.05296359956264496,0.29198500514030457,0.06796546280384064,0.03916769102215767,50,157
38,1266,20,0.16800349950790405,0.35220375657081604,0.023637207224965096,0.005645842291414738,161,190
38,1266,21,0.054520051926374435,0.29753372073173523,0.07515265792608261,0.041708823293447495,52,160
38,1266,22,0.16430838406085968,0.3482801020145416,0.03457149490714073,0.006078775506466627,157,188
38,1266,23,0.056538525968790054,0.3069048523902893,0.006027174647897482,0.984453558921814,54,165
38,1266,24,0.08948986977338791,0.2719356417655945,-0.006482670549303293,0.9888058304786682,85,146
38,1266,25,0.06748140603303909,0.5086168050765991,0.02738022245466709,0.1052340492606163,64,274
38,1266,26,0.10462616384029388,0.34648430347442627,-0.11931909620761871,0.3502785265445709,100,187
38,1266,27,0.028724705800414085,0.6151240468025208,-0.08798710256814957,0.10042110085487366,27,332
38,1266,28,0.07727348804473877,0.17291171848773956,-0.23317252099514008,0.2903319001197815,74,93
38,1266,29,0.02286437153816223,0.6322914361953735,-0.10061439871788025,0.17554031312465668,21,341
38,1266,30,0.06956183910369873,0.145669624209404,-0.24239349365234375,0.3081929087638855,66,78
38,1266,31,0.049315501004457474,0.6679725050926208,-0.13965611159801483,0.10775524377822876,47,360
38,1266,32,0.07653699815273285,0.15191031992435455,-0.29477038979530334,0.2619829475879669,73,82
39,1300,0,0.10484607517719269,0.44001826643943787,0.05637393146753311,0.4344280958175659,100,237
39,1300,1,0.10851588100194931,0.4474353790283203,0.06903602927923203,0.43962082266807556,104,241
39,1300,2,0.10329465568065643,0.4477803707122803,0.06881831586360931,0.4459748864173889,99,241
39,1300,3,0.1016690731048584,0.44804057478904724,0.06883084774017334,0.45852142572402954,97,241
39,1300,4,0.1111801490187645,0.4441068768501282,0.06465430557727814,0.4454597234725952,106,239
39,1300,5,0.11218560487031937,0.44336503744125366,0.06447649002075195,0.453206866979599,107,239
39,1300,6,0.11615953594446182,0.4405825734138489,0.06430838257074356,0.4690723121166229,111,237
39,1300,7,0.10146474838256836,0.4435509145259857,0.11609472334384918,0.4895806610584259,97,239
39,1300,8,0.11843069642782211,0.4345249533653259,0.09599616378545761,0.4352901875972748,113,234
39,1300,9,0.10500747710466385,0.43637439608573914,0.07386113703250885,0.4653761386871338,100,235
39,1300,10,0.10774080455303192,0.433248370885849,0.0663064643740654,0.45567458868026733,103,233
39,1300,11,0.08532806485891342,0.41731980443000793,0.11222998797893524,0.990669310092926,81,225
39,1300,12,0.13175494968891144,0.3791404068470001,0.07443069666624069,0.986672043800354,126,204
39,1300,13,0.05443122610449791,0.3588648736476898,0.10150303691625595,0.02279949001967907,52,193
39,1300,14,0.11693356931209564,0.3721466660499573,0.0014510159380733967,0.006981188431382179,112,200
39,1300,15,0.050968825817108154,0.2930504083633423,0.05713237449526787,0.02210632897913456,48,158
39,1300,16,0.11714214831590652,0.4310726821422577,-0.05586221069097519,0.004885646048933268,112,232
39,1300,17,0.04845597967505455,0.27238330245018005,0.051374468952417374,0.035066474229097366,46,147
39,1300,18,0.11832664161920547,0.4415542185306549,-0.07809294015169144,0.010426342487335205,113,238
39,1300,19,0.05245839059352875,0.27704983949661255,0.04261836037039757,0.03629673644900322,50,149
39,1300,20,0.12056411057710648,0.4565489590167999,-0.07015848159790039,0.010136530734598637,115,246
39,1300,21,0.054752692580223083,0.28343120217323303,0.053572043776512146,0.038591500371694565,52,153
39,1300,22,0.11972617357969284,0.4517330527305603,-0.0558919757604599,0.010284547694027424,114,243
39,1300,23,0.06003855913877487,0.30773383378982544,0.006430572830140591,0.9859151244163513,57,166
39,1300,24,0.0922074168920517,0.27588608860969543,-0.007018761243671179,0.9898988008499146,88,148
39,1300,25,0.0708203986287117,0.5007997155189514,0.024702684953808784,0.15068967640399933,67,270
39,1300,26,0.0999462679028511,0.32448554039001465,-0.13478738069534302,0.41448360681533813,95,175
39,1300,27,0.03185911849141121,0.6304974555969238,-0.07342399656772614,0.14932505786418915,30,340
39,1300,28,0.0784301832318306,0.17173995077610016,-0.2734185457229614,0.3599804937839508,75,92
39,1300,29,0.02191559411585331,0.6396945118904114,-0.08354369550943375,0.23802819848060608,21,345
39,1300,30,0.07030604034662247,0.13637010753154755,-0.2848603427410126,0.3746911883354187,67,73
39,1300,31,0.05197273939847946,0.6882422566413879,-0.10832122713327408,0.17623326182365417,49,371
39,1300,32,0.07474067062139511,0.14664775133132935,-0.33602654933929443,0.33408668637275696,71,79
40,1333,0,0.09082825481891632,0.4307395815849304,0.06176332011818886,0.46265098452568054,87,232
40,1333,1,0.09208323806524277,0.43496614694595337,0.06393571943044662,0.4644896686077118,88,234
40,1333,2,0.08985645323991776,0.43432438373565674,0.06370168179273605,0.47349637746810913,86,234
40,1333,3,0.08917699754238129,0.4333808124065399,0.06366879492998123,0.4884706437587738,85,234
40,1333,4,0.09488876163959503,0.4356667399406433,0.057078566402196884,0.4744635820388794,91,235
40,1333,5,0.09593018889427185,0.4358757436275482,0.05691419914364815,0.4870883822441101,92,235
40,1333,6,0.09869962185621262,0.43571653962135315,0.05676095560193062,0.5055166482925415,94,235
40,1333,7,0.09516631066799164,0.4304354786872864,0.07077989727258682,0.5260095000267029,91,232
40,1333,8,0.10352861136198044,0.4333820044994354,0.03775874897837639,0.46713730692863464,99,234
40,1333,9,0.09472032636404037,0.4251839816570282,0.06785063445568085,0.4896802604198456,90,229
40,1333,10,0.09597182273864746,0.42719629406929016,0.057012248784303665,0.48340117931365967,92,230
40,1333,11,0.1022387221455574,0.4128133952617645,0.07116332650184631,0.9915029406547546,98,222
40,1333,12,0.12641413509845734,0.39746755361557007,0.013728095218539238,0.9878637790679932,121,214
40,1333,13,0.08107101917266846,0.35908445715904236,0.08606842905282974,0.02073539048433304,77,193
40,1333,14,0.11806438118219376,0.3725121021270752,-0.05514829233288765,0.01381764654070139,113,201
40,1333,15,0.06793977320194244,0.28975731134414673,0.0876031145453453,0.020011980086565018,65,156
40,1333,16,0.10801434516906738,0.4231839179992676,-0.08413481712341309,0.012583078816533089,103,228
40,1333,17,0.06399406492710114,0.27234795689582825,0.08688310533761978,0.03176509961485863,61,147
40,1333,18,0.10812802612781525,0.43275463581085205,-0.10028805583715439,0.018579620867967606,103,233
40,1333,19,0.06571689993143082,0.27229589223861694,0.07878053933382034,0.03285235911607742,63,147
40,1333,20,0.10821536928415298,0.4403369724750519,-0.09059823304414749,0.018024170771241188,103,237
40,1333,21,0.06815261393785477,0.27923300862312317,0.08483834564685822,0.03492921590805054,65,150
40,1333,22,0.10802013427019119,0.4372296929359436,-0.08206430822610855,0.017021043226122856,103,236
40,1333,23,0.08242432773113251,0.2995149493217468,0.01446243654936552,0.9867941737174988,79,161
40,1333,24,0.0929456427693367,0.276773601770401,-0.014878420159220695,0.9904273748397827,89,149
40,1333,25,0.09043847024440765,0.4899764955043793,0.017919160425662994,0.15452028810977936,86,264
40,1333,26,0.1001719981431961,0.4426964223384857,-0.011420407332479954,0.3937685191631317,96,239
40,1333,27,0.07215779274702072,0.6200632452964783,-0.11362817883491516,0.16401618719100952,69,334
40,1333,28,0.14938023686408997,0.6021296381950378,-0.10352971404790878,0.3663387596607208,143,325
40,1333,29,0.06199800595641136,0.6306713223457336,-0.12576694786548615,0.2645178437232971,59,340
40,1333,30,0.1375073492527008,0.5744377970695496,-0.11030472069978714,0.3837760090827942,132,310
40,1333,31,0.09850647300481796,0.678180456161499,-0.14710377156734467,0.2031729817390442,94,366
40,1333,32,0.14682312309741974,0.6387454271316528,-0.12525521218776703,0.35483869910240173,140,344
41,1366,0,0.09685798734426498,0.4310170114040375,0.03648430481553078,0.49685174226760864,92,232
41,1366,1,0.09710461646318436,0.4398345351219177,0.04326162859797478,0.49579349160194397,93,237
41,1366,2,0.0960734561085701,0.43907976150512695,0.04301701858639717,0.5072188377380371,92,237
41,1366,3,0.09521310776472092,0.4378720223903656,0.04298152029514313,0.5222795605659485,91,236
41,1366,4,0.1008395105600357,0.4421476423740387,0.03666570410132408,0.5073055028915405,96,238
41,1366,5,0.1024346798658371,0.44297710061073303,0.036486703902482986,0.5234739184379578,98,239
41,1366,6,0.1044829934835434,0.4439590573310852,0.03629661723971367,0.5420701503753662,100,239
41,1366,7,0.10045589506626129,0.43581879138946533,0.07029988616704941,0.5616487264633179,96,235
41,1366,8,0.11292382329702377,0.44313105940818787,0.038729701191186905,0.49927541613578796,108,239
41,1366,9,0.09911778569221497,0.42203107476234436,0.04872969537973404,0.5103238821029663,95,227
41,1366,10,0.10257693380117416,0.4252181947231293,0.03788050636649132,0.5051456689834595,98,229
41,1366,11,0.09304296225309372,0.41071730852127075,0.0723535344004631,0.992201566696167,89,221
41,1366,12,0.13629382848739624,0.39296257495880127,0.018854765221476555,0.9888933300971985,130,212
41,1366,13,0.07371016591787338,0.3575143814086914,0.0867130383849144,0.019123338162899017,70,193
41,1366,14,0.12485991418361664,0.3713420033454895,-0.041705332696437836,0.019642377272248268,119,200
41,1366,15,0.06589356064796448,0.2713380455970764,0.08856190741062164,0.018189681693911552,63,146
41,1366,16,0.11648093909025192,0.3902229368686676,-0.07025031745433807,0.01755543239414692,111,210
41,1366,17,0.06285229325294495,0.24942146241664886,0.09147152304649353,0.028893155977129936,60,134
41,1366,18,0.11893903464078903,0.396759957075119,-0.08639948070049286,0.025577645748853683,114,214
41,1366,19,0.06536826491355896,0.24910275638103485,0.08038675040006638,0.029857724905014038,62,134
41,1366,20,0.11702904105186462,0.40500137209892273,-0.07972875982522964,0.02487362176179886,112,218
41,1366,21,0.0674867257475853,0.25629445910453796,0.08500297367572784,0.03176715224981308,64,138
41,1366,22,0.11535953730344772,0.4027329087257385,-0.06950632482767105,0.023163553327322006,110,217
41,1366,23,0.07559286803007126,0.2616959810256958,0.01725328527390957,0.9877504110336304,72,141
41,1366,24,0.0985826924443245,0.25726035237312317,-0.017623791471123695,0.9910733699798584,94,138
41,1366,25,0.08256492763757706,0.456355482339859,0.017840664833784103,0.1620854288339615,79,246
41,1366,26,0.12045770138502121,0.4327698349952698,-0.04048561304807663,0.4116216003894806,115,233
41,1366,27,0.06489112228155136,0.6163172125816345,-0.08474719524383545,0.18574851751327515,62,332
41,1366,28,0.1481591761112213,0.5442330241203308,-0.12384238094091415,0.405620276927948,142,293
41,1366,29,0.052687499672174454,0.6285187602043152,-0.09360014647245407,0.29855331778526306,50,339
41,1366,30,0.14805857837200165,0.542931079864502,-0.11953304708003998,0.42133188247680664,142,293
41,1366,31,0.09951221197843552,0.6747305989265442,-0.11781690269708633,0.2427247017621994,95,364
41,1366,32,0.15969687700271606,0.6024160385131836,-0.16804510354995728,0.40161651372909546,153,325
42,1400,0,0.12436805665493011,0.43276500701904297,0.02020268887281418,0.5441516041755676,119,233
42,1400,1,0.124274343252182,0.4409032166004181,0.030221348628401756,0.5422513484954834,119,238
42,1400,2,0.12298628687858582,0.4410693049430847,0.030002182349562645,0.5519064664840698,118,238
42,1400,3,0.12156219780445099,0.4407320022583008,0.029969312250614166,0.5663571953773499,116,237
42,1400,4,0.12888222932815552,0.43840810656547546,0.024029862135648727,0.5535268783569336,123,236
42,1400,5,0.13019302487373352,0.4373568892478943,0.023822728544473648,0.5684153437614441,124,236
42,1400,6,0.13170887529850006,0.4368435740470886,0.023640479892492294,0.5859569907188416,126,235
42,1400,7,0.12221779674291611,0.43703413009643555,0.070624940097332,0.6018292307853699,117,235
42,1400,8,0.13402515649795532,0.4343808889389038,0.0421910360455513,0.543049693107605,128,234
42,1400,9,0.12018755078315735,0.42652350664138794,0.03696786239743233,0.5491406321525574,115,230
42,1400,10,0.12472489476203918,0.4238700568675995,0.02697262354195118,0.5445129871368408,119,228
42,1400,11,0.10290553420782089,0.4095742404460907,0.07768303900957108,0.9926694631576538,98,221
42,1400,12,0.14128874242305756,0.3910177946090698,0.01997206173837185,0.9896008372306824,135,211
42,1400,13,0.08404813706874847,0.3623999357223511,0.07969273626804352,0.018370406702160835,80,195
42,1400,14,0.13481931388378143,0.3773897588253021,-0.06045913323760033,0.022589929401874542,129,203
42,1400,15,0.08577804267406464,0.34730133414268494,0.05022061988711357,0.016701852902770042,82,187
42,1400,16,0.12679423391819,0.45771661400794983,-0.09869679063558578,0.01854102313518524,121,247
42,1400,17,0.08728628605604172,0.3406614661216736,0.04664342850446701,0.026538502424955368,83,183
42,1400,18,0.12618769705295563,0.47981229424476624,-0.12030910700559616,0.026559602469205856,121,259
42,1400,19,0.09116946905851364,0.34906381368637085,0.03778927028179169,0.027396349236369133,87,188
42,1400,20,0.12743543088436127,0.4867468476295471,-0.10792619735002518,0.02550669014453888,122,262
42,1400,21,0.09145356714725494,0.35471102595329285,0.046202968806028366,0.029195353388786316,87,191
42,1400,22,0.12696866691112518,0.4814547002315521,-0.0963699147105217,0.023714086040854454,121,259
42,1400,23,0.07898543030023575,0.25642043352127075,0.017204705625772476,0.9888021945953369,75,138
42,1400,24,0.109622523188591,0.24738551676273346,-0.017600031569600105,0.9918144345283508,105,133
42,1400,25,0.09593430906534195,0.46039924025535583,0.0176747664809227,0.17394916713237762,92,248
42,1400,26,0.1290767341852188,0.4345831274986267,0.0015127494698390365,0.39916175603866577,123,234
42,1400,27,0.06212468445301056,0.6147828102111816,0.028478361666202545,0.1865798830986023,59,331
42,1400,28,0.16096626222133636,0.6162087321281433,-0.05528894439339638,0.4165302515029907,154,332
42,1400,29,0.050934433937072754,0.6250770092010498,0.032179199159145355,0.29048025608062744,48,337
42,1400,30,0.15823963284492493,0.6279228329658508,-0.059137556701898575,0.42142319679260254,151,339
42,1400,31,0.06502494215965271,0.6756940484046936,0.011864041909575462,0.24096153676509857,62,364
42,1400,32,0.18971043825149536,0.6509407162666321,-0.09710106998682022,0.40923455357551575,182,351
43,1433,0,0.12447351962327957,0.43860161304473877,-0.04301465302705765,0.5890519022941589,119,236
43,1433,1,0.1230342835187912,0.44672390818595886,-0.03272322937846184,0.5874026417732239,118,241
43,1433,2,0.12142260372638702,0.44765350222587585,-0.03295006603002548,0.595893919467926,116,241
43,1433,3,0.12019849568605423,0.4482266306877136,-0.03297198936343193,0.6091734170913696,115,242
43,1433,4,0.12961404025554657,0.44262567162513733,-0.03778510540723801,0.5976658463478088,124,239
43,1433,5,0.1313195675611496,0.44079944491386414,-0.03801228106021881,0.6110298037528992,126,238
43,1433,6,0.1330857127904892,0.4395941495895386,-0.03820907697081566,0.6270147562026978,127,237
43,1433,7,0.11932466924190521,0.4444692134857178,0.018599815666675568,0.6409239172935486,114,240
43,1433,8,0.1351710706949234,0.43566614389419556,-0.004652310628443956,0.5873308777809143,129,235
43,1433,9,0.1201837882399559,0.4322836399078369,-0.021729229018092155,0.5913038849830627,115,233
43,1433,10,0.12613089382648468,0.42883458733558655,-0.03029351495206356,0.5869070887565613,121,231
43,1433,11,0.10107569396495819,0.4089805781841278,0.04075122997164726,0.9928719401359558,97,220
43,1433,12,0.1408403515815735,0.39226776361465454,-0.011689642444252968,0.9901096224784851,135,211
43,1433,13,0.08304630219936371,0.364246129989624,0.07088033854961395,0.018180275335907936,79,196
43,1433,14,0.13962334394454956,0.44860270619392395,-0.08574054390192032,0.02734464779496193,134,242
43,1433,15,0.08543644100427628,0.40421801805496216,0.06495163589715958,0.01560184545814991,82,218
43,1433,16,0.15238943696022034,0.5834768414497375,-0.1209038645029068,0.02093227207660675,146,315
43,1433,17,0.08734948933124542,0.4063085615634918,0.063848115503788,0.024768801406025887,83,219
43,1433,18,0.15813153982162476,0.6205930709838867,-0.144815132021904,0.029328694567084312,151,335
43,1433,19,0.09065333753824234,0.41171565651893616,0.0502767451107502,0.025569705292582512,87,222
43,1433,20,0.1597701460123062,0.621880292892456,-0.13463681936264038,0.027879919856786728,153,335
43,1433,21,0.09130793064832687,0.41393640637397766,0.05939386785030365,0.027382373809814453,87,223
43,1433,22,0.1563863754272461,0.6117583513259888,-0.1206645593047142,0.026293333619832993,150,330
43,1433,23,0.07978159934282303,0.255063533782959,0.014444696716964245,0.9896627068519592,76,137
43,1433,24,0.11252172291278839,0.24190455675125122,-0.014789245091378689,0.9924760460853577,108,130
43,1433,25,0.08734514564275742,0.4634290635585785,0.012875137850642204,0.1871672123670578,83,250
43,1433,26,0.13616065680980682,0.43421176075935364,0.008327994495630264,0.4042748510837555,130,234
43,1433,27,0.05910007283091545,0.6135566830635071,0.012572932057082653,0.19804047048091888,56,331
43,1433,28,0.14848680794239044,0.5321072936058044,-0.07939175516366959,0.44482845067977905,142,287
43,1433,29,0.04843016341328621,0.6234222650527954,0.012780501507222652,0.29800689220428467,46,336
43,1433,30,0.14390815794467926,0.5241639018058777,-0.087337926030159,0.44242972135543823,138,283
43,1433,31,0.06458820402622223,0.6737762689590454,-0.014280938543379307,0.26207435131073,62,363
43,1433,32,0.16344642639160156,0.5546053051948547,-0.1427699774503708,0.4398675262928009,156,299
44,1466,0,0.1305183619260788,0.45032572746276855,0.011512056924402714,0.6233120560646057,125,243
44,1466,1,0.12652155756950378,0.45852792263031006,0.019174963235855103,0.6180327534675598,121,247
44,1466,2,0.1254616230726242,0.458970308303833,0.018951987847685814,0.6237015128135681,120,247
44,1466,3,0.12470987439155579,0.45959487557411194,0.018916642293334007,0.6391059160232544,119,248
44,1466,4,0.13256578147411346,0.45287618041038513,0.019064413383603096,0.629969596862793,127,244
44,1466,5,0.13372847437858582,0.4512745141983032,0.01886649616062641,0.6425072550773621,128,243
44,1466,6,0.1351063847541809,0.4504002034664154,0.0187241118401289,0.659136176109314,129,243
44,1466,7,0.12219326943159103,0.4491825997829437,0.048276353627443314,0.665677011013031,117,242
44,1466,8,0.134634867310524,0.44575002789497375,0.04582250118255615,0.6114369630813599,129,240
44,1466,9,0.12680362164974213,0.4400850236415863,0.023507611826062202,0.6168003678321838,121,237
44,1466,10,0.13068410754203796,0.4429091215133667,0.02161499857902527,0.6136065721511841,125,239
44,1466,11,0.1136750876903534,0.41080719232559204,0.044819071888923645,0.9918467998504639,109,221
44,1466,12,0.14608095586299896,0.4039042890071869,0.03049721010029316,0.989473283290863,140,218
44,1466,13,0.10834728926420212,0.5087749361991882,0.05541914328932762,0.0378410778939724,104,274
44,1466,14,0.1605437695980072,0.48473912477493286,-0.03405110165476799,0.05747772008180618,154,261
44,1466,15,0.07905106246471405,0.587722659111023,0.05220407247543335,0.030949324369430542,75,317
44,1466,16,0.16092126071453094,0.6181036829948425,-0.07550545781850815,0.0770685002207756,154,333
44,1466,17,0.07627667486667633,0.5893602967262268,0.04781756550073624,0.03976159170269966,73,318
44,1466,18,0.1702928990125656,0.6413354277610779,-0.09758011251688004,0.08458389341831207,163,346
44,1466,19,0.07924698293209076,0.5882725119590759,0.03783399239182472,0.03934932127594948,76,317
44,1466,20,0.16857871413230896,0.6431087851524353,-0.09224902838468552,0.08034404367208481,161,347
44,1466,21,0.08129770308732986,0.593824565410614,0.0478067621588707,0.04100796580314636,78,320
44,1466,22,0.16369614005088806,0.6399447321891785,-0.07752956449985504,0.0736146941781044,157,345
44,1466,23,0.09176521003246307,0.2409716546535492,0.0037634915206581354,0.9884555339813232,88,130
44,1466,24,0.11820525676012039,0.2395995855331421,-0.004141443409025669,0.9913786053657532,113,129
44,1466,25,0.09073961526155472,0.4305838346481323,0.016181733459234238,0.18876437842845917,87,232
44,1466,26,0.13428416848182678,0.43212276697158813,0.04001472145318985,0.3772399425506592,128,233
44,1466,27,0.0651874914765358,0.6089875102043152,0.03510982543230057,0.20855288207530975,62,328
44,1466,28,0.1575917750597,0.6014549136161804,0.018384374678134918,0.4512042701244354,151,324
44,1466,29,0.05799294263124466,0.6145372986793518,0.036169830709695816,0.3097229301929474,55,331
44,1466,30,0.1499575972557068,0.6264664530754089,0.01463125180453062,0.4490742087364197,143,338
44,1466,31,0.07002304494380951,0.6715177893638611,-0.008485844358801842,0.2680850625038147,67,362
44,1466,32,0.17873463034629822,0.6406720876693726,-0.041652362793684006,0.43799901008605957,171,345
45,1500,0,0.13007470965385437,0.4521418511867523,0.011064448393881321,0.6554677486419678,124,244
45,1500,1,0.12701991200447083,0.4613179862499237,0.019036350771784782,0.6489992141723633,121,249
45,1500,2,0.1258683204650879,0.4616612493991852,0.018836313858628273,0.6527162790298462,120,249
45,1500,3,0.125067338347435,0.46209877729415894,0.018816988915205002,0.6681098341941833,120,249
45,1500,4,0.13127519190311432,0.4595867395401001,0.02071899175643921,0.662336528301239,126,248
45,1500,5,0.13373008370399475,0.4570135474205017,0.02050848677754402,0.6743312478065491,128,246
45,1500,6,0.1350691318511963,0.45611897110939026,0.02035181038081646,0.6906726956367493,129,246
45,1500,7,0.12240329384803772,0.45408838987350464,0.047685571014881134,0.6892870664596558,117,245
45,1500,8,0.13361160457134247,0.44681110978126526,0.05398091301321983,0.6422760486602783,128,241
45,1500,9,0.1274600476026535,0.4445604681968689,0.022526470944285393,0.6385812163352966,122,240
45,1500,10,0.13237109780311584,0.4428192377090454,0.022866249084472656,0.6396142840385437,127,239
45,1500,11,0.11202109605073929,0.41015270352363586,0.037641216069459915,0.9890689849853516,107,221
45,1500,12,0.1471162587404251,0.4027251601219177,0.04106082394719124,0.9893885850906372,141,217
45,1500,13,0.123617984354496,0.5055765509605408,0.03678929805755615,0.03885956108570099,118,273
45,1500,14,0.1658352017402649,0.4826542139053345,-0.019153732806444168,0.07209079712629318,159,260
45,1500,15,0.13040979206562042,0.544109582901001,0.024281656369566917,0.029645001515746117,125,293
45,1500,16,0.16835740208625793,0.6103171110153198,-0.05696666240692139,0.09871775656938553,161,329
45,1500,17,0.1331229954957962,0.5560743808746338,0.014605721458792686,0.03881095349788666,127,300
45,1500,18,0.17033371329307556,0.6386151313781738,-0.07718481868505478,0.11074228584766388,163,344
45,1500,19,0.1354188621044159,0.557965099811554,0.008675777353346348,0.03824494406580925,130,301
45,1500,20,0.1720854640007019,0.6422568559646606,-0.07242821902036667,0.1045147255063057,165,346
45,1500,21,0.1356891542673111,0.5581902265548706,0.021207723766565323,0.03989162668585777,130,301
45,1500,22,0.1667587161064148,0.6353012919425964,-0.05851715803146362,0.09648233652114868,160,343
45,1500,23,0.09309018403291702,0.2431357502937317,-0.0020177389960736036,0.9884173274040222,89,131
45,1500,24,0.12537328898906708,0.24356356263160706,0.001639041816815734,0.9916241765022278,120,131
45,1500,25,0.09019109606742859,0.42615601420402527,-0.010254492051899433,0.21124142408370972,86,230
45,1500,26,0.14224641025066376,0.43493691086769104,0.02618098445236683,0.3669654130935669,136,234
45,1500,27,0.06705519556999207,0.6052270531654358,-0.006432136055082083,0.24028533697128296,64,326
45,1500,28,0.15548007190227509,0.5820735692977905,-0.02941254898905754,0.4785528779029846,149,314
45,1500,29,0.06187770515680313,0.6062568426132202,-0.005382120609283447,0.34157323837280273,59,327
45,1500,30,0.15476326644420624,0.5922348499298096,-0.035487450659275055,0.4723290503025055,148,319
45,1500,31,0.0705353170633316,0.6691176891326904,-0.06071879714727402,0.2998996376991272,67,361
45,1500,32,0.1619444191455841,0.6362980008125305,-0.09515712410211563,0.4626837372779846,155,343
46,1533,0,0.125749871134758,0.44743794202804565,-0.0036558485589921474,0.6839937567710876,120,241
46,1533,1,0.12463028728961945,0.45432743430137634,-0.0025729420594871044,0.6753984689712524,119,245
46,1533,2,0.124428391456604,0.45488277077674866,-0.002799602458253503,0.6766607761383057,119,245
46,1533,3,0.12423814833164215,0.4558493196964264,-0.002837512409314513,0.694605827331543,119,246
46,1533,4,0.12680943310260773,0.4521079659461975,-0.004797135479748249,0.690573513507843,121,244
46,1533,5,0.12787078320980072,0.4505360722541809,-0.005029069259762764,0.7012040615081787,122,243
46,1533,6,0.12871712446212769,0.4503462016582489,-0.005177701357752085,0.7180197834968567,123,243
46,1533,7,0.1265346258878708,0.44758251309394836,0.018238332122564316,0.7127550840377808,121,241
46,1533,8,0.13176482915878296,0.44723740220069885,0.00720392819494009,0.6685449481010437,126,241
46,1533,9,0.12739244103431702,0.44082051515579224,0.008184746839106083,0.6644091010093689,122,238
46,1533,10,0.12874752283096313,0.43746185302734375,0.0033467039465904236,0.6657080054283142,123,236
46,1533,11,0.12024625390768051,0.41372373700141907,0.03365698084235191,0.9896380305290222,115,223
46,1533,12,0.14827147126197815,0.4197278320789337,0.006701072212308645,0.9901676774024963,142,226
46,1533,13,0.1062738448381424,0.5106897354125977,0.05535708740353584,0.04941548407077789,102,275
46,1533,14,0.15700678527355194,0.5176385045051575,-0.04954212158918381,0.09045914560556412,150,279
46,1533,15,0.10274972766637802,0.600104570388794,0.04984525218605995,0.045178040862083435,98,324
46,1533,16,0.16332432627677917,0.6364713311195374,-0.10535069555044174,0.15483668446540833,156,343
46,1533,17,0.10345572978258133,0.6150935888290405,0.04475205019116402,0.05480125546455383,99,332
46,1533,18,0.17265447974205017,0.6563071608543396,-0.13041004538536072,0.1663465052843094,165,354
46,1533,19,0.10667061060667038,0.6168478727340698,0.03259823098778725,0.05472875013947487,102,333
46,1533,20,0.17513592541217804,0.655791699886322,-0.13340254127979279,0.15909555554389954,168,354
46,1533,21,0.10994968563318253,0.6070947647094727,0.04456626996397972,0.0546584390103817,105,327
46,1533,22,0.17022809386253357,0.6529238224029541,-0.11134185642004013,0.14599420130252838,163,352
46,1533,23,0.10504377633333206,0.23455002903938293,0.00025146824191324413,0.9883695840835571,100,126
46,1533,24,0.12532804906368256,0.24102644622325897,-0.0006247856072150171,0.9919024109840393,120,130
46,1533,25,0.10839115083217621,0.4254814684391022,0.047164186835289,0.19489285349845886,104,229
46,1533,26,0.1452467292547226,0.40486863255500793,-0.055998872965574265,0.3652912974357605,139,218
46,1533,27,0.09417841583490372,0.5200071930885315,0.010162528604269028,0.22357751429080963,90,280
46,1533,28,0.14570264518260956,0.28801873326301575,-0.15922342240810394,0.45761168003082275,139,155
46,1533,29,0.08890197426080704,0.5123643279075623,0.004821175709366798,0.32923775911331177,85,276
46,1533,30,0.14047633111476898,0.26089149713516235,-0.17036288976669312,0.4658154547214508,134,140
46,1533,31,0.09661133587360382,0.589861273765564,-0.033478811383247375,0.2852341830730438,92,318
46,1533,32,0.1584593802690506,0.27689623832702637,-0.22405123710632324,0.4451148211956024,152,149
47,1566,0,0.13498075306415558,0.4709271490573883,0.01490818616002798,0.712976336479187,129,254
47,1566,1,0.1344311237335205,0.4787367582321167,0.021210182458162308,0.7049700617790222,129,258
47,1566,2,0.13455405831336975,0.4786762297153473,0.02098354510962963,0.7052059173583984,129,258
47,1566,3,0.13454869389533997,0.4781608283519745,0.0209526214748621,0.7227087616920471,129,258
47,1566,4,0.1347178816795349,0.4792706072330475,0.01854259893298149,0.7194236516952515,129,258
47,1566,5,0.13463744521141052,0.4789969027042389,0.01833632029592991,0.7290970683097839,129,258
47,1566,6,0.13461549580097198,0.4792955815792084,0.01816936768591404,0.7449606657028198,129,258
47,1566,7,0.1351102888584137,0.4737209677696228,0.04159300774335861,0.7396044135093689,129,255
47,1566,8,0.13544829189777374,0.4766099750995636,0.03463384881615639,0.6984432935714722,130,257
47,1566,9,0.1360606998205185,0.4627944529056549,0.028969552367925644,0.6942572593688965,130,249
47,1566,10,0.13567203283309937,0.4627368152141571,0.02367289550602436,0.6950687170028687,130,249
47,1566,11,0.12704209983348846,0.4341525435447693,0.04940744489431381,0.9901590943336487,121,234
47,1566,12,0.1449384093284607,0.4474724531173706,0.02480558678507805,0.9906983971595764,139,241
47,1566,13,0.1217324435710907,0.5235974192619324,0.0639188289642334,0.060677193105220795,116,282
47,1566,14,0.1531170904636383,0.515259325504303,-0.03484902158379555,0.12204575538635254,146,278
47,1566,15,0.0960080623626709,0.5963649153709412,0.05737888440489769,0.0830194354057312,92,322
47,1566,16,0.1635715514421463,0.6201763153076172,-0.08738438040018082,0.22466574609279633,157,334
47,1566,17,0.09403181821107864,0.6149824261665344,0.05385288968682289,0.09676423668861389,90,332
47,1566,18,0.1701299548149109,0.6564086675643921,-0.10879887640476227,0.23695334792137146,163,354
47,1566,19,0.09582508355379105,0.6190264225006104,0.038434289395809174,0.09668213129043579,91,334
47,1566,20,0.1736176460981369,0.6570279598236084,-0.10909446328878403,0.2291744500398636,166,354
47,1566,21,0.0977594405412674,0.6114659309387207,0.050747696310281754,0.09446659684181213,93,330
47,1566,22,0.16801346838474274,0.6532061696052551,-0.09188363701105118,0.21484002470970154,161,352
47,1566,23,0.11627009510993958,0.24380086362361908,0.0034202849492430687,0.9887169003486633,111,131
47,1566,24,0.12470506131649017,0.24876946210861206,-0.003789658658206463,0.9919540882110596,119,134
47,1566,25,0.12087740749120712,0.36161696910858154,0.04095697030425072,0.20655101537704468,116,195
47,1566,26,0.13842755556106567,0.41100865602493286,-0.04901379346847534,0.3887653350830078,132,221
47,1566,27,0.12102840840816498,0.3198927938938141,-0.014425989240407944,0.2305125594139099,116,172
47,1566,28,0.14229369163513184,0.38483643531799316,-0.24765583872795105,0.4923604130744934,136,207
47,1566,29,0.12124611437320709,0.30444449186325073,-0.023705335333943367,0.3477858901023865,116,164
47,1566,30,0.13916654884815216,0.3680001497268677,-0.2694850265979767,0.5074027180671692,133,198
47,1566,31,0.12700314819812775,0.32984527945518494,-0.05613308027386665,0.29700374603271484,121,178
47,1566,32,0.15501157939434052,0.4041109085083008,-0.318406879901886,0.48417747020721436,148,218
48,1600,0,0.14074039459228516,0.4621203541755676,0.040162015706300735,0.7324904799461365,135,249
48,1600,1,0.13766337931156158,0.475265771150589,0.036115434020757675,0.7277859449386597,132,256
48,1600,2,0.13722705841064453,0.4748672544956207,0.03587782382965088,0.7275431156158447,131,256
48,1600,3,0.13667787611484528,0.4733125567436218,0.03583430126309395,0.7460236549377441,131,255
48,1600,4,0.13861173391342163,0.4767208993434906,0.046248242259025574,0.7410251498222351,133,257
48,1600,5,0.1383695900440216,0.4743681848049164,0.04601885378360748,0.7495886087417603,132,256
48,1600,6,0.1382184773683548,0.47303035855293274,0.04585474729537964,0.7657012939453125,132,255
48,1600,7,0.13466578722000122,0.4724450707435608,0.05221261829137802,0.7616222500801086,129,255
48,1600,8,0.13747549057006836,0.4666953682899475,0.07590755820274353,0.7185451984405518,131,252
48,1600,9,0.1414966732263565,0.4511203169822693,0.04324021190404892,0.715690016746521,135,243
48,1600,10,0.1415012925863266,0.4539572298526764,0.05338994041085243,0.7110707759857178,135,245
48,1600,11,0.12655943632125854,0.4214181900024414,0.040241483598947525,0.9907881617546082,121,227
48,1600,12,0.1506458967924118,0.4322585165500641,0.0811559185385704,0.991098165512085,144,233
48,1600,13,0.11988022178411484,0.4152620732784271,0.04260576516389847,0.06440246850252151,115,224
48,1600,14,0.1499600112438202,0.4856748878955841,0.04827427491545677,0.11333378404378891,143,262
48,1600,15,0.10955926775932312,0.40865805745124817,0.045091450214385986,0.08269891887903214,105,220
48,1600,16,0.1271548569202423,0.5812607407569885,0.015214030630886555,0.20758207142353058,122,313
48,1600,17,0.10793663561344147,0.4087543487548828,0.04139401763677597,0.09811554849147797,103,220
48,1600,18,0.11951731890439987,0.6148920059204102,5.937624518992379e-05,0.22192612290382385,114,332
48,1600,19,0.106429822742939,0.41026076674461365,0.0323873870074749,0.09748782217502594,102,221
48,1600,20,0.11882153153419495,0.6146029233932495,-0.002502647927030921,0.2140885889530182,114,331
48,1600,21,0.1084991842508316,0.4104978144168854,0.04249916598200798,0.09395153075456619,104,221
48,1600,22,0.12107888609170914,0.611078143119812,0.010414255782961845,0.20078524947166443,116,329
48,1600,23,0.11637059599161148,0.23933641612529755,-0.01237755361944437,0.9896092414855957,111,129
48,1600,24,0.13785773515701294,0.23823699355125427,0.011964330449700356,0.9926531314849854,132,128
48,1600,25,0.13674122095108032,0.3860571086406708,-0.03118547610938549,0.25266122817993164,131,208
48,1600,26,0.15619707107543945,0.3512020409107208,-0.09589221328496933,0.43989235162734985,149,189
48,1600,27,0.1361282467842102,0.4983964264392853,-0.09368506819009781,0.2774026393890381,130,269
48,1600,28,0.14461301267147064,0.239192932844162,-0.19036787748336792,0.5235691666603088,138,129
48,1600,29,0.135464146733284,0.49618518352508545,-0.10065148025751114,0.3878363072872162,130,267
48,1600,30,0.14058350026607513,0.22319407761096954,-0.19956351816654205,0.5369587540626526,134,120
48,1600,31,0.1379362791776657,0.61159747838974,-0.1391928642988205,0.3479178845882416,132,330
48,1600,32,0.15325425565242767,0.1971820443868637,-0.25107935070991516,0.514160692691803,147,106
49,1633,0,0.1329851597547531,0.45099443197250366,0.06195114925503731,0.7401307225227356,127,243
49,1633,1,0.13077935576438904,0.46386924386024475,0.06305353343486786,0.7355293035507202,125,250
49,1633,2,0.13024894893169403,0.46357667446136475,0.06283003091812134,0.7327638864517212,125,250
49,1633,3,0.12967491149902344,0.4618479907512665,0.0627814307808876,0.7581573128700256,124,249
49,1633,4,0.13257771730422974,0.4672777056694031,0.06605592370033264,0.7522186040878296,127,252
49,1633,5,0.13283826410770416,0.46657392382621765,0.06581629812717438,0.7583813667297363,127,251
49,1633,6,0.13317573070526123,0.46661603450775146,0.06564011424779892,0.7785775661468506,127,251
49,1633,7,0.129288449883461,0.4666324555873871,0.08325939625501633,0.7718434929847717,124,251
49,1633,8,0.13458995521068573,0.4650774896144867,0.0904720351099968,0.7248148322105408,129,251
49,1633,9,0.133696049451828,0.44293710589408875,0.07091964036226273,0.727731466293335,128,239
49,1633,10,0.1347506046295166,0.4461725652217865,0.07223990559577942,0.7191746234893799,129,240
49,1633,11,0.11969581246376038,0.421331524848938,0.06537546217441559,0.9911919832229614,114,227
49,1633,12,0.15537208318710327,0.4256301522254944,0.08807896822690964,0.9914126992225647,149,229
49,1633,13,0.11362939327955246,0.49882766604423523,0.07561876624822617,0.08495544642210007,109,269
49,1633,14,0.16132670640945435,0.5103381872177124,0.047440674155950546,0.10722435265779495,154,275
49,1633,15,0.10784543305635452,0.6027136445045471,0.08079887181520462,0.10067471116781235,103,325
49,1633,16,0.15874029695987701,0.6200830936431885,0.010311435908079147,0.19480566680431366,152,334
49,1633,17,0.10828816145658493,0.6162415742874146,0.07651912420988083,0.11976923793554306,103,332
49,1633,18,0.1508081704378128,0.6243810653686523,-0.006177104078233242,0.21167317032814026,144,337
49,1633,19,0.10852234065532684,0.6159710884094238,0.06899562478065491,0.11978982388973236,104,332
49,1633,20,0.14791138470172882,0.6259046196937561,-0.010507474653422832,0.20384100079536438,141,337
49,1633,21,0.10870833694934845,0.613498866558075,0.07825910300016403,0.1132061779499054,104,331
49,1633,22,0.14815972745418549,0.6207394003868103,0.004624166525900364,0.19195324182510376,142,335
49,1633,23,0.11364381015300751,0.2414962202310562,-0.007564191706478596,0.9901190996170044,109,130
49,1633,24,0.1419103443622589,0.24047498404979706,0.007137279026210308,0.9931649565696716,136,129
49,1633,25,0.13655512034893036,0.4003537893295288,-0.0001495945471106097,0.2473045140504837,131,216
49,1633,26,0.15346524119377136,0.3389764130115509,-0.15072669088840485,0.480720579624176,147,183
49,1633,27,0.1355751007795334,0.5283938646316528,-0.03956206142902374,0.2712934613227844,130,285
49,1633,28,0.14428970217704773,0.18602700531482697,-0.23081260919570923,0.531351625919342,138,100
49,1633,29,0.13285216689109802,0.5186196565628052,-0.04471566528081894,0.3924570083618164,127,280
49,1633,30,0.13931293785572052,0.1603533923625946,-0.23755526542663574,0.5528260469436646,133,86
49,1633,31,0.13716262578964233,0.644803524017334,-0.07419302314519882,0.35345402359962463,131,348
49,1633,32,0.14837054908275604,0.13753631711006165,-0.29493099451065063,0.5214576125144958,142,74
50,1666,0,0.17248503863811493,0.49159693717956543,0.0077013722620904446,0.7650895118713379,165,265
50,1666,1,0.17099310457706451,0.5030571222305298,0.007805736735463142,0.7610929608345032,164,271
50,1666,2,0.1702672690153122,0.5034478902816772,0.007594181224703789,0.7584007382392883,163,271
50,1666,3,0.1694639027118683,0.5030248165130615,0.007577590178698301,0.7816633582115173,162,271
50,1666,4,0.17257176339626312,0.5026950240135193,0.0072257728315889835,0.7762016654014587,165,271
50,1666,5,0.1725422888994217,0.5018380880355835,0.006997113116085529,0.781683623790741,165,270
50,1666,6,0.1725933998823166,0.5014039874076843,0.006897906307131052,0.8000860810279846,165,270
50,1666,7,0.1649903953075409,0.49942028522491455,0.024705426767468452,0.7941263914108276,158,269
50,1666,8,0.1695704609155655,0.49620339274406433,0.02234743721783161,0.7505319714546204,162,267
50,1666,9,0.1695142686367035,0.48232150077819824,0.018793700262904167,0.7517549991607666,162,260
50,1666,10,0.17030811309814453,0.4812397062778473,0.016385463997721672,0.7424566149711609,163,259
50,1666,11,0.1564178764820099,0.46873944997787476,0.0508098267018795,0.9913762807846069,150,253
50,1666,12,0.16132447123527527,0.4578403830528259,0.006029308773577213,0.9908239841461182,154,247
50,1666,13,0.1447591930627823,0.5459158420562744,0.05897008255124092,0.08855804800987244,138,294
50,1666,14,0.15492720901966095,0.5307303667068481,-0.04515809938311577,0.10878820717334747,148,286
50,1666,15,0.1458272486925125,0.6356115341186523,0.03920716419816017,0.11121378093957901,139,343
50,1666,16,0.15242190659046173,0.6240814924240112,-0.06208266317844391,0.191691592335701,146,337
50,1666,17,0.14889952540397644,0.6351430416107178,0.03149548918008804,0.13490338623523712,142,342
50,1666,18,0.14838770031929016,0.6434502005577087,-0.08267273008823395,0.21114380657672882,142,347
50,1666,19,0.15154697000980377,0.637373685836792,0.019674722105264664,0.13432815670967102,145,344
50,1666,20,0.147516667842865,0.6453290581703186,-0.07997722178697586,0.2020762413740158,141,348
50,1666,21,0.15054582059383392,0.6337280869483948,0.033846501260995865,0.12451110780239105,144,342
50,1666,22,0.14776946604251862,0.6389592289924622,-0.06442751735448837,0.19016796350479126,141,345
50,1666,23,0.14333033561706543,0.2433859407901764,0.013954419642686844,0.9904506206512451,137,131
50,1666,24,0.14703723788261414,0.25046035647392273,-0.014314507134258747,0.9931954741477966,141,135
50,1666,25,0.14858534932136536,0.36553069949150085,0.02375546656548977,0.23924662172794342,142,197
50,1666,26,0.14658431708812714,0.35853463411331177,-0.08013860881328583,0.4867560565471649,140,193
50,1666,27,0.14512108266353607,0.42172372341156006,0.054490141570568085,0.25410282611846924,139,227
50,1666,28,0.14693893492221832,0.2463134229183197,-0.18707041442394257,0.521465539932251,141,133
50,1666,29,0.145155668258667,0.41819530725479126,0.05596445873379707,0.3748510777950287,139,225
50,1666,30,0.1454249769449234,0.2371692806482315,-0.19770723581314087,0.553145170211792,139,128
50,1666,31,0.1459592878818512,0.46583884954452515,0.05216463655233383,0.33297407627105713,140,251
50,1666,32,0.15589697659015656,0.267985463142395,-0.19605502486228943,0.5113069415092468,149,144
51,1700,0,0.18661253154277802,0.5114626884460449,0.008833757601678371,0.7866583466529846,179,276
51,1700,1,0.18533632159233093,0.5240666270256042,0.009130686521530151,0.7835671901702881,177,282
51,1700,2,0.18448200821876526,0.5249655246734619,0.008911799639463425,0.7807260155677795,177,283
51,1700,3,0.18351002037525177,0.5251728296279907,0.008922380395233631,0.8023780584335327,176,283
51,1700,4,0.18651129305362701,0.5218203067779541,0.008161756210029125,0.7973045110702515,179,281
51,1700,5,0.18625211715698242,0.5204885005950928,0.007892920635640621,0.8021488189697266,178,281
51,1700,6,0.18609455227851868,0.519508957862854,0.0077543980441987514,0.8190886378288269,178,280
51,1700,7,0.17712873220443726,0.520057201385498,0.022678963840007782,0.8138957023620605,170,280
51,1700,8,0.1807696521282196,0.512646496295929,0.018280385062098503,0.7729628682136536,173,276
51,1700,9,0.18188312649726868,0.5019971132278442,0.018478360027074814,0.7716156244277954,174,271
51,1700,10,0.18279580771923065,0.4986341595649719,0.015435287728905678,0.7604349255561829,175,269
51,1700,11,0.16336554288864136,0.48447006940841675,0.05033396556973457,0.9917609095573425,156,261
51,1700,12,0.16422060132026672,0.4651636481285095,-0.00659424951300025,0.9894671440124512,157,251
51,1700,13,0.14428210258483887,0.5599135160446167,0.045860655605793,0.09354197978973389,138,302
51,1700,14,0.15820802748203278,0.5287150144577026,-0.054708320647478104,0.10312177240848541,151,285
51,1700,15,0.15286530554294586,0.6511039733886719,0.003210345981642604,0.12801581621170044,146,351
51,1700,16,0.16156865656375885,0.638910710811615,-0.07648491114377975,0.18207034468650818,155,345
51,1700,17,0.15962497889995575,0.6576836109161377,-0.004600881598889828,0.15948618948459625,153,355
51,1700,18,0.16529837250709534,0.6369291543960571,-0.09719730913639069,0.2041032910346985,158,343
51,1700,19,0.16622760891914368,0.6578083634376526,-0.01620841585099697,0.1594306230545044,159,355
51,1700,20,0.16770966351032257,0.6398299336433411,-0.09406659007072449,0.19506248831748962,161,345
51,1700,21,0.1638306975364685,0.6550244092941284,-0.0024679622147232294,0.14508147537708282,157,353
51,1700,22,0.16977326571941376,0.6480734944343567,-0.07876752316951752,0.18386803567409515,162,349
51,1700,23,0.1395251750946045,0.24124577641487122,0.022963138297200203,0.990924060344696,133,130
51,1700,24,0.13960756361484528,0.2434920072555542,-0.023260215297341347,0.9931817054748535,134,131
51,1700,25,0.1437520533800125,0.2852693200111389,0.08167430013418198,0.21936851739883423,138,154
51,1700,26,0.1441882699728012,0.33059370517730713,-0.07446585595607758,0.45410001277923584,138,178
51,1700,27,0.1499912589788437,0.22315889596939087,0.06717506796121597,0.23503340780735016,143,120
51,1700,28,0.14590667188167572,0.2802755534648895,-0.17741720378398895,0.47896072268486023,140,151
51,1700,29,0.1488795131444931,0.21033857762813568,0.06376224011182785,0.35686206817626953,142,113
51,1700,30,0.1457781344652176,0.26872506737709045,-0.18869611620903015,0.5244746208190918,139,145
51,1700,31,0.1599062979221344,0.21559475362300873,0.041940394788980484,0.3090585768222809,153,116
51,1700,32,0.15167924761772156,0.2875530421733856,-0.18791702389717102,0.47329971194267273,145,155
52,1733,0,0.16653703153133392,0.4956628978252411,-0.016165966168045998,0.8073408603668213,159,267
52,1733,1,0.16560889780521393,0.5072758793830872,-0.011837508529424667,0.804725170135498,158,273
52,1733,2,0.16508622467517853,0.507673978805542,-0.012089337222278118,0.8021681904792786,158,274
52,1733,3,0.16449210047721863,0.5074124336242676,-0.012120324186980724,0.8217729330062866,157,274
52,1733,4,0.1673009693622589,0.5063654184341431,-0.01486111804842949,0.8170000910758972,160,273
52,1733,5,0.16755512356758118,0.5056706666946411,-0.015100865624845028,0.8214322328567505,160,273
52,1733,6,0.1679086983203888,0.5053421258926392,-0.015263190492987633,0.8367327451705933,161,272
52,1733,7,0.16303734481334686,0.5020266175270081,0.011277098208665848,0.8322075605392456,156,271
52,1733,8,0.16752299666404724,0.49976444244384766,-0.002571004442870617,0.7942907810211182,160,269
52,1733,9,0.1648363471031189,0.4854508638381958,-0.0039772894233465195,0.7927749156951904,158,262
52,1733,10,0.16622896492481232,0.4840267598628998,-0.009920422919094563,0.7815155982971191,159,261
52,1733,11,0.15669120848178864,0.4570021629333496,0.025412987917661667,0.9924503564834595,150,246
52,1733,12,0.1625404953956604,0.45207732915878296,-0.019958607852458954,0.9901844263076782,156,244
52,1733,13,0.15345725417137146,0.33752524852752686,0.02737821824848652,0.08795289695262909,147,182
52,1733,14,0.15448099374771118,0.5054397583007812,-0.10311733931303024,0.10559312999248505,148,272
52,1733,15,0.1461203694343567,0.22703902423381805,-0.0017700860043987632,0.11805670708417892,140,122
52,1733,16,0.16008825600147247,0.615039587020874,-0.15030552446842194,0.1774604320526123,153,332
52,1733,17,0.14514663815498352,0.2008492797613144,-0.004451969172805548,0.14729653298854828,139,108
52,1733,18,0.16339878737926483,0.6230884790420532,-0.17663154006004333,0.20146003365516663,156,336
52,1733,19,0.14456132054328918,0.19897069036960602,-0.0250435471534729,0.1470722109079361,138,107
52,1733,20,0.16377906501293182,0.6230310797691345,-0.168426975607872,0.1911369264125824,157,336
52,1733,21,0.14581163227558136,0.20812726020812988,-0.00964860338717699,0.13396720588207245,139,112
52,1733,22,0.1636933833360672,0.6342365145683289,-0.1512756198644638,0.17940577864646912,157,342
52,1733,23,0.1363675892353058,0.23242366313934326,0.020158398896455765,0.9917106032371521,130,125
52,1733,24,0.14565066993236542,0.23510192334651947,-0.020456669852137566,0.9937847256660461,139,126
52,1733,25,0.15048711001873016,0.3426550328731537,-0.0107733691111207,0.2641550302505493,144,185
52,1733,26,0.15032467246055603,0.3394198715686798,-0.10096605867147446,0.49611058831214905,144,183
52,1733,27,0.15280555188655853,0.26965805888175964,-0.04203140363097191,0.254474937915802,146,145
52,1733,28,0.15657228231430054,0.34530720114707947,-0.26941654086112976,0.5190813541412354,150,186
52,1733,29,0.14676250517368317,0.24208106100559235,-0.04551517218351364,0.38797271251678467,140,130
52,1733,30,0.15746651589870453,0.32077938318252563,-0.28629451990127563,0.5583742260932922,151,173
52,1733,31,0.16664528846740723,0.37842226028442383,-0.06517766416072845,0.33905234932899475,159,204
52,1733,32,0.16049368679523468,0.4076680541038513,-0.33858320116996765,0.5146423578262329,154,220
53,1766,0,0.16950495541095734,0.49566367268562317,-0.009076197631657124,0.8253680467605591,162,267
53,1766,1,0.1653180569410324,0.507108747959137,-0.01005102600902319,0.8232129812240601,158,273
53,1766,2,0.16443109512329102,0.5074026584625244,-0.010304355062544346,0.8209061622619629,157,273
53,1766,3,0.16343992948532104,0.5070177316665649,-0.010351690463721752,0.8388293385505676,156,273
53,1766,4,0.1668388843536377,0.5070024728775024,-0.003626726334914565,0.834288477897644,160,273
53,1766,5,0.16654805839061737,0.5067449808120728,-0.0038724993355572224,0.8384494185447693,159,273
53,1766,6,0.16638454794883728,0.5068607330322266,-0.004023474641144276,0.8524303436279297,159,273
53,1766,7,0.15817150473594666,0.5024607181549072,-0.00869694072753191,0.8484920859336853,151,271
53,1766,8,0.16629114747047424,0.49597907066345215,0.018516669049859047,0.813665509223938,159,267
53,1766,9,0.16786880791187286,0.48465919494628906,-0.004342519212514162,0.8113204836845398,161,261
53,1766,10,0.16849766671657562,0.4843710958957672,0.0022234106436371803,0.8004979491233826,161,261
53,1766,11,0.15077351033687592,0.45137444138526917,-0.02510051615536213,0.992952823638916,144,243
53,1766,12,0.1636320948600769,0.45712047815322876,0.005684879142791033,0.9909499883651733,157,246
53,1766,13,0.16010959446430206,0.3750848174095154,-0.03020947054028511,0.08461873978376389,153,202
53,1766,14,0.15778222680091858,0.4992145597934723,-0.0319332629442215,0.1126217469573021,151,269
53,1766,15,0.16055716574192047,0.3217879831790924,-0.025276238098740578,0.10953254997730255,154,173
53,1766,16,0.15948757529258728,0.6159624457359314,-0.05403636768460274,0.18576785922050476,153,332
53,1766,17,0.15873834490776062,0.3080311119556427,-0.026208974421024323,0.13782408833503723,152,166
53,1766,18,0.16625763475894928,0.6436606645584106,-0.06564425677061081,0.21711431443691254,159,347
53,1766,19,0.15737248957157135,0.30775853991508484,-0.039422981441020966,0.13719195127487183,151,166
53,1766,20,0.16484428942203522,0.6443193554878235,-0.06578094512224197,0.2051185518503189,158,347
53,1766,21,0.1595698744058609,0.31335967779159546,-0.0288151316344738,0.1253238320350647,153,169
53,1766,22,0.1633862853050232,0.6449052095413208,-0.05766867846250534,0.1927829086780548,156,348
53,1766,23,0.14249640703201294,0.2396344542503357,-0.008192027918994427,0.9924298524856567,136,129
53,1766,24,0.14870785176753998,0.23726162314414978,0.007951338775455952,0.9943534731864929,142,128
53,1766,25,0.1572616994380951,0.3190169334411621,-0.10044124722480774,0.323736310005188,150,172
53,1766,26,0.1511320173740387,0.26952165365219116,-0.09062034636735916,0.5345733165740967,145,145
53,1766,27,0.1541430950164795,0.37116771936416626,-0.08808596432209015,0.2686382830142975,147,200
53,1766,28,0.16580834984779358,0.29986146092414856,-0.25345632433891296,0.5477456450462341,159,161
53,1766,29,0.15120793879032135,0.33562207221984863,-0.08570437133312225,0.4065167009830475,145,181
53,1766,30,0.16705094277858734,0.28516221046447754,-0.2686541974544525,0.5849593281745911,160,153
53,1766,31,0.1596875786781311,0.43144485354423523,-0.06838785111904144,0.36270567774772644,153,232
53,1766,32,0.17230139672756195,0.35370656847953796,-0.29005974531173706,0.5459733009338379,165,191
54,1800,0,0.1717527061700821,0.48486632108688354,0.0012285031843930483,0.8015791773796082,164,261
54,1800,1,0.17321446537971497,0.49860408902168274,0.002193666994571686,0.8113793134689331,166,269
54,1800,2,0.17312034964561462,0.49787625670433044,0.0019506261451169848,0.8112132549285889,166,268
54,1800,3,0.173280268907547,0.4981426000595093,0.0019151333253830671,0.8355424404144287,166,268
54,1800,4,0.16986329853534698,0.49801623821258545,0.004558189306408167,0.8158865571022034,163,268
54,1800,5,0.16932515799999237,0.4984052777290344,0.004299446474760771,0.8202704787254333,162,269
54,1800,6,0.16889475286006927,0.49914640188217163,0.004101532511413097,0.8398089408874512,162,269
54,1800,7,0.16872268915176392,0.47652626037597656,0.011947418563067913,0.84721839427948,161,257
54,1800,8,0.16875483095645905,0.48441070318222046,0.012977343052625656,0.7901061773300171,162,261
54,1800,9,0.17133216559886932,0.47247228026390076,0.008472238667309284,0.7889795899391174,164,255
54,1800,10,0.17126069962978363,0.4712059795856476,0.010237562470138073,0.7605676651000977,164,254
54,1800,11,0.16394300758838654,0.41051557660102844,-0.004010422620922327,0.992097020149231,157,221
54,1800,12,0.1628146469593048,0.4278881251811981,-0.006594374310225248,0.9897229075431824,156,231
54,1800,13,0.16842295229434967,0.30056092143058777,0.023134982213377953,0.07656849175691605,161,162
54,1800,14,0.13897228240966797,0.45414912700653076,-0.05014030262827873,0.10206110775470734,133,245
54,1800,15,0.16830658912658691,0.23523740470409393,0.004310426767915487,0.09879027307033539,161,127
54,1800,16,0.10149308294057846,0.525272786617279,-0.06223738566040993,0.16746263206005096,97,283
54,1800,17,0.17142519354820251,0.21920587122440338,0.003821024438366294,0.1244918629527092,164,118
54,1800,18,0.08913900703191757,0.5457673072814941,-0.08193043619394302,0.195890873670578,85,294
54,1800,19,0.16544334590435028,0.22440744936466217,-0.013376436196267605,0.1239108219742775,158,121
54,1800,20,0.09179095923900604,0.5544658899307251,-0.07339265197515488,0.18502852320671082,88,299
54,1800,21,0.16487891972064972,0.2318757176399231,-0.0007163496920838952,0.11318203806877136,158,125
54,1800,22,0.09812290966510773,0.5498843789100647,-0.06227744743227959,0.17393510043621063,94,296
54,1800,23,0.14607025682926178,0.22877684235572815,0.00040142436046153307,0.992357611656189,140,123
54,1800,24,0.1523994356393814,0.22171126306056976,-0.0006930243107490242,0.9946570992469788,146,119
54,1800,25,0.16411949694156647,0.4168753921985626,0.034280743449926376,0.30230963230133057,157,225
54,1800,26,0.16006092727184296,0.28849929571151733,-0.08732881397008896,0.546707272529602,153,155
54,1800,27,0.16116498410701752,0.6078177690505981,-0.06551177054643631,0.2685655951499939,154,328
54,1800,28,0.16487911343574524,0.15120317041873932,-0.135171577334404,0.5419776439666748,158,81
54,1800,29,0.15379735827445984,0.6270431280136108,-0.05569114908576012,0.40450894832611084,147,338
54,1800,30,0.1664838343858719,0.1287546157836914,-0.13557477295398712,0.5724455714225769,159,69
54,1800,31,0.18784192204475403,0.6598140001296997,-0.07303079217672348,0.3686407208442688,180,356
54,1800,32,0.16536740958690643,0.12321987748146057,-0.1823146790266037,0.5328701138496399,158,66
55,1833,0,0.17739321291446686,0.47355103492736816,0.003871774533763528,0.8136183023452759,170,255
55,1833,1,0.17482513189315796,0.48472896218299866,0.006907224655151367,0.8249040842056274,167,261
55,1833,2,0.17454728484153748,0.4841246008872986,0.006667700130492449,0.8241899609565735,167,261
55,1833,3,0.17456559836864471,0.4850188195705414,0.006642742548137903,0.8481730222702026,167,261
55,1833,4,0.17409081757068634,0.484651118516922,0.013599849306046963,0.8281865119934082,167,261
55,1833,5,0.17375415563583374,0.4851553440093994,0.013328558765351772,0.8322497606277466,166,261
55,1833,6,0.17357157170772552,0.4863899052143097,0.013130857609212399,0.8516567349433899,166,262
55,1833,7,0.1681739240884781,0.46619778871536255,-0.00232720747590065,0.8591295480728149,161,251
55,1833,8,0.16842404007911682,0.4779159426689148,0.048017218708992004,0.8022650480270386,161,258
55,1833,9,0.1748490333557129,0.46286794543266296,0.013288754038512707,0.7978385090827942,167,249
55,1833,10,0.17502202093601227,0.4624219536781311,0.022963693365454674,0.7653020620346069,168,249
55,1833,11,0.163187637925148,0.4060916304588318,-0.024572445079684258,0.991759717464447,156,219
55,1833,12,0.16320659220218658,0.42067772150039673,0.06829021126031876,0.989140510559082,156,227
55,1833,13,0.1614270955324173,0.32028061151504517,-0.012194235809147358,0.07128898054361343,154,172
55,1833,14,0.13835221529006958,0.4568749666213989,0.05142168328166008,0.09280923008918762,132,246
55,1833,15,0.1551060527563095,0.22861839830875397,0.014864558354020119,0.08929085731506348,148,123
55,1833,16,0.09405343979597092,0.5241687297821045,0.0269034244120121,0.1511615365743637,90,283
55,1833,17,0.15569117665290833,0.20611068606376648,0.012648780830204487,0.1125660240650177,149,111
55,1833,18,0.07833828032016754,0.5405349135398865,0.01069098711013794,0.17701083421707153,75,291
55,1833,19,0.15215596556663513,0.19976834952831268,-0.004957924596965313,0.11200414597988129,146,107
55,1833,20,0.07813186943531036,0.545793354511261,0.013857942074537277,0.1671658605337143,75,294
55,1833,21,0.15222378075122833,0.20879779756069183,0.008437138982117176,0.10231247544288635,146,112
55,1833,22,0.08540531992912292,0.5424084067344666,0.024693898856639862,0.15722700953483582,81,292
55,1833,23,0.14648489654064178,0.228965625166893,-0.028650682419538498,0.9920287728309631,140,123
55,1833,24,0.15454761683940887,0.21721112728118896,0.028241893276572227,0.9948341250419617,148,117
55,1833,25,0.16270849108695984,0.42329150438308716,0.025412699207663536,0.29057255387306213,156,228
55,1833,26,0.17425259947776794,0.31043341755867004,0.04067710414528847,0.521155834197998,167,167
55,1833,27,0.16751962900161743,0.6164848208427429,0.016002733260393143,0.26702994108200073,160,332
55,1833,28,0.17000117897987366,0.1990043669939041,0.03893094137310982,0.5229506492614746,163,107
55,1833,29,0.16637533903121948,0.6327798366546631,0.018665695562958717,0.391830176115036,159,341
55,1833,30,0.17135757207870483,0.18345464766025543,0.0399317629635334,0.5428919792175293,164,99
55,1833,31,0.18883612751960754,0.6630581021308899,-0.017876213416457176,0.3605738878250122,181,358
55,1833,32,0.1624186933040619,0.1610010266304016,-0.01069383043795824,0.5039203763008118,155,86
56,1866,0,0.19707097113132477,0.44922611117362976,-0.03887801244854927,0.7914896011352539,189,242
56,1866,1,0.191968634724617,0.46271976828575134,-0.04966892674565315,0.8114746809005737,184,249
56,1866,2,0.19143080711364746,0.4624514579772949,-0.04989681765437126,0.8068468570709229,183,249
56,1866,3,0.19107763469219208,0.46316593885421753,-0.04995743930339813,0.8422665596008301,183,250
56,1866,4,0.19208556413650513,0.46228569746017456,-0.03350561484694481,0.817101776599884,184,249
56,1866,5,0.19116972386837006,0.4622233211994171,-0.03375781327486038,0.8166825771331787,183,249
56,1866,6,0.19037756323814392,0.46263206005096436,-0.033920664340257645,0.8438819050788879,182,249
56,1866,7,0.1817406862974167,0.4549716114997864,-0.07434643805027008,0.85035640001297,174,245
56,1866,8,0.18406742811203003,0.4581851363182068,0.001795929973013699,0.7740203738212585,176,247
56,1866,9,0.19400733709335327,0.44392654299736023,-0.04243392124772072,0.7709766030311584,186,239
56,1866,10,0.1935824304819107,0.4373924732208252,-0.022358138114213943,0.7294548749923706,185,236
56,1866,11,0.17005057632923126,0.4092101454734802,-0.09602056443691254,0.9883313179016113,163,220
56,1866,12,0.18388605117797852,0.4109446704387665,0.04429179057478905,0.9851415753364563,176,221
56,1866,13,0.16860046982765198,0.47877249121665955,-0.11530651152133942,0.06737472862005234,161,258
56,1866,14,0.1830829679965973,0.48833730816841125,0.028458334505558014,0.08389109373092651,175,263
56,1866,15,0.17727965116500854,0.6101600527763367,-0.09784044325351715,0.08214181661605835,170,329
56,1866,16,0.17923583090305328,0.5857216715812683,-0.06086869537830353,0.1366761326789856,172,316
56,1866,17,0.17571482062339783,0.6019806265830994,-0.11423682421445847,0.10400772094726562,168,325
56,1866,18,0.17514443397521973,0.6112729907035828,-0.0792822614312172,0.16045017540454865,168,330
56,1866,19,0.17607422173023224,0.6044817566871643,-0.11289685219526291,0.10337197780609131,169,326
56,1866,20,0.17515486478805542,0.6127838492393494,-0.09316502511501312,0.15152500569820404,168,330
56,1866,21,0.17537187039852142,0.5971903204917908,-0.09730562567710876,0.09403285384178162,168,322
56,1866,22,0.17617814242839813,0.6053726673126221,-0.07267352193593979,0.14260835945606232,169,326
56,1866,23,0.1510130763053894,0.22935611009597778,-0.0355985201895237,0.9910646080970764,144,123
56,1866,24,0.16862867772579193,0.2127555012702942,0.035176075994968414,0.9946519136428833,161,114
56,1866,25,0.17303642630577087,0.42866140604019165,-0.03158202022314072,0.26404765248298645,166,231
56,1866,26,0.20394548773765564,0.3081437051296234,0.04499424621462822,0.4745560586452484,195,166
56,1866,27,0.19160793721675873,0.5967596173286438,-0.022615309804677963,0.24731814861297607,183,322
56,1866,28,0.18598371744155884,0.17287994921207428,0.04530837759375572,0.4803367555141449,178,93
56,1866,29,0.1892773061990738,0.5945472717285156,-0.021383455023169518,0.3665980398654938,181,321
56,1866,30,0.18041516840457916,0.1535828858613968,0.046074461191892624,0.503968358039856,173,82
56,1866,31,0.20297567546367645,0.6528627872467041,-0.06518448144197464,0.33732089400291443,194,352
56,1866,32,0.18459674715995789,0.12794294953346252,-0.0013464749790728092,0.4616694748401642,177,69
57,1900,0,0.18410420417785645,0.4074695408344269,-0.06217021867632866,0.799309492111206,176,220
57,1900,1,0.18083500862121582,0.4178660213947296,-0.06399685889482498,0.8188962936401367,173,225
57,1900,2,0.18064257502555847,0.41729283332824707,-0.06420762091875076,0.8123619556427002,173,225
57,1900,3,0.1809394210577011,0.4162295162677765,-0.06424713879823685,0.850362241268158,173,224
57,1900,4,0.1813390702009201,0.42054471373558044,-0.05872223153710365,0.8264296650886536,174,227
57,1900,5,0.18133114278316498,0.42151662707328796,-0.05898696184158325,0.8241599798202515,174,227
57,1900,6,0.18158629536628723,0.4228602647781372,-0.059203777462244034,0.8527140021324158,174,228
57,1900,7,0.17325185239315033,0.4159869849681854,-0.04923534020781517,0.855629563331604,166,224
57,1900,8,0.18041492998600006,0.4245135188102722,-0.024847427383065224,0.7796680331230164,173,229
57,1900,9,0.18187366425991058,0.3999815881252289,-0.05225229263305664,0.7752035856246948,174,215
57,1900,10,0.18301095068454742,0.40213900804519653,-0.04723028838634491,0.7303760051727295,175,217
57,1900,11,0.1691383570432663,0.3901970684528351,-0.050325412303209305,0.9880123734474182,162,210
57,1900,12,0.19760341942310333,0.39890190958976746,-0.006911416072398424,0.9852625131607056,189,215
57,1900,13,0.15236061811447144,0.4520687758922577,-0.05537286773324013,0.0637800544500351,146,244
57,1900,14,0.20040281116962433,0.4863671064376831,-0.03815954178571701,0.07706592977046967,192,262
57,1900,15,0.14337852597236633,0.5085925459861755,-0.05670970305800438,0.07467712461948395,137,274
57,1900,16,0.19286996126174927,0.5947471261024475,-0.0835503414273262,0.12378430366516113,185,321
57,1900,17,0.13866600394248962,0.5150163173675537,-0.06561271846294403,0.09481943398714066,133,278
57,1900,18,0.18978793919086456,0.6231193542480469,-0.10341480374336243,0.14563794434070587,182,336
57,1900,19,0.14091607928276062,0.5161918997764587,-0.07367916405200958,0.09424898028373718,135,278
57,1900,20,0.1873558610677719,0.6271705627441406,-0.10689695179462433,0.13752371072769165,179,338
57,1900,21,0.14404751360416412,0.5132434368133545,-0.06001798436045647,0.0858914703130722,138,277
57,1900,22,0.18732935190200806,0.61905837059021,-0.08955264836549759,0.1296958327293396,179,334
57,1900,23,0.1480942815542221,0.22998659312725067,-0.02696133591234684,0.9912593364715576,142,124
57,1900,24,0.17607294023036957,0.216842383146286,0.026593487709760666,0.9949853420257568,169,117
57,1900,25,0.17362038791179657,0.4464147388935089,-0.018564678728580475,0.2461298108100891,166,241
57,1900,26,0.21242283284664154,0.33136090636253357,-0.09462057799100876,0.48874253034591675,203,178
57,1900,27,0.19036240875720978,0.6245470643043518,-0.03121821954846382,0.24151624739170074,182,337
57,1900,28,0.18689905107021332,0.17011041939258575,-0.10954982787370682,0.4822807312011719,179,91
57,1900,29,0.1876993626356125,0.62837153673172,-0.03265631943941116,0.3581588566303253,180,339
57,1900,30,0.17894066870212555,0.1470702886581421,-0.10707142949104309,0.5034052133560181,171,79
57,1900,31,0.21170204877853394,0.6698237657546997,-0.08013800531625748,0.33671802282333374,203,361
57,1900,32,0.1757519543170929,0.12310507148504257,-0.18069985508918762,0.45874643325805664,168,66
58,1933,0,0.20829494297504425,0.44183865189552307,-0.0650978684425354,0.763869047164917,199,238
58,1933,1,0.2045063078403473,0.45608219504356384,-0.07185988873243332,0.7806023955345154,196,246
58,1933,2,0.20368964970111847,0.45680972933769226,-0.07213973999023438,0.7713335752487183,195,246
58,1933,3,0.20282739400863647,0.4565593898296356,-0.07222659885883331,0.823988139629364,194,246
58,1933,4,0.20583991706371307,0.45561960339546204,-0.06152624264359474,0.7910668849945068,197,246
58,1933,5,0.20555944740772247,0.45531803369522095,-0.06177627667784691,0.785025417804718,197,245
58,1933,6,0.20542076230049133,0.4553457498550415,-0.0619543232023716,0.8219454884529114,197,245
58,1933,7,0.19674035906791687,0.45383939146995544,-0.07586787641048431,0.8257404565811157,188,245
58,1933,8,0.20232586562633514,0.45243850350379944,-0.027575692161917686,0.7266696691513062,194,244
58,1933,9,0.20693419873714447,0.42959117889404297,-0.06183501332998276,0.7324909567832947,198,231
58,1933,10,0.20758932828903198,0.42941489815711975,-0.049694374203681946,0.6828271150588989,199,231
58,1933,11,0.17837853729724884,0.4243777394294739,-0.08496507257223129,0.9868937730789185,171,229
58,1933,12,0.21832184493541718,0.4012192487716675,-0.0005537301767617464,0.9813253879547119,209,216
58,1933,13,0.17610549926757812,0.5442118048667908,-0.07503669708967209,0.06071015074849129,169,293
58,1933,14,0.22441594302654266,0.5023379921913147,-0.044953588396310806,0.07049305737018585,215,271
58,1933,15,0.16260021924972534,0.6356078386306763,-0.05443888157606125,0.0697145089507103,156,343
58,1933,16,0.22153235971927643,0.6110506653785706,-0.12409067153930664,0.11305798590183258,212,329
58,1933,17,0.1586296409368515,0.6461568474769592,-0.06561027467250824,0.08838173002004623,152,348
58,1933,18,0.219217911362648,0.6368244886398315,-0.14653301239013672,0.13345344364643097,210,343
58,1933,19,0.1602558046579361,0.6469699144363403,-0.07269447296857834,0.08769532293081284,153,349
58,1933,20,0.22593528032302856,0.6472375988960266,-0.15660227835178375,0.1260477751493454,216,349
58,1933,21,0.15936478972434998,0.6287549734115601,-0.05713744834065437,0.07963894307613373,152,339
58,1933,22,0.2238665372133255,0.6438412070274353,-0.13396967947483063,0.11887615919113159,214,347
58,1933,23,0.15779390931129456,0.2252890169620514,-0.028138417750597,0.9912524819374084,151,121
58,1933,24,0.19045962393283844,0.21694885194301605,0.02773316763341427,0.9949674010276794,182,117
58,1933,25,0.16893808543682098,0.41124099493026733,-0.014123189263045788,0.2229716181755066,162,222
58,1933,26,0.21992148458957672,0.33850008249282837,0.06216597929596901,0.441560834646225,211,182
58,1933,27,0.18059535324573517,0.5773854851722717,-0.01480899192392826,0.2207542359828949,173,311
58,1933,28,0.19913101196289062,0.20711243152618408,0.04098013415932655,0.43822407722473145,191,111
58,1933,29,0.18071603775024414,0.5774895548820496,-0.015786221250891685,0.3299410343170166,173,311
58,1933,30,0.18916535377502441,0.1861404925584793,0.03804052621126175,0.4605095684528351,181,100
58,1933,31,0.1951732188463211,0.6498817801475525,-0.07273855060338974,0.30931439995765686,187,350
58,1933,32,0.2035524696111679,0.17986108362674713,-0.019823146983981133,0.41670432686805725,195,97
59,1966,0,0.21726936101913452,0.4760066866874695,-0.056293658912181854,0.7534961104393005,208,257
59,1966,1,0.21365883946418762,0.489803284406662,-0.06363000720739365,0.7645847201347351,205,264
59,1966,2,0.21306714415550232,0.4904956817626953,-0.06388892978429794,0.7491103410720825,204,264
59,1966,3,0.21272975206375122,0.49147987365722656,-0.06395003944635391,0.813170313835144,204,265
59,1966,4,0.2141031175851822,0.48904114961624146,-0.05449241027235985,0.778994619846344,205,264
59,1966,5,0.21326027810573578,0.4885888993740082,-0.05473355948925018,0.7698758840560913,204,263
59,1966,6,0.21254462003707886,0.48846572637557983,-0.05488584563136101,0.8141364455223083,204,263
59,1966,7,0.2057546228170395,0.4854661226272583,-0.07283152639865875,0.8103197813034058,197,262
59,1966,8,0.20715223252773285,0.4835878014564514,-0.029941895976662636,0.6975401043891907,198,261
59,1966,9,0.2156439870595932,0.463718056678772,-0.05476101487874985,0.7107053995132446,207,250
59,1966,10,0.2149217277765274,0.46310049295425415,-0.04417556896805763,0.6584551334381104,206,250
59,1966,11,0.18916624784469604,0.45015090703964233,-0.07373020797967911,0.9865018725395203,181,243
59,1966,12,0.21192125976085663,0.42977505922317505,-0.012774424627423286,0.9802228212356567,203,232
59,1966,13,0.18524764478206635,0.5674542188644409,-0.06785710901021957,0.05904151126742363,177,306
59,1966,14,0.21227367222309113,0.544637143611908,-0.0620676688849926,0.06473097950220108,203,294
59,1966,15,0.18192443251609802,0.6484830379486084,-0.05822065845131874,0.06716854125261307,174,350
59,1966,16,0.22216719388961792,0.6413134932518005,-0.13190484046936035,0.10572991520166397,213,346
59,1966,17,0.18081320822238922,0.6530305743217468,-0.06987211108207703,0.08441337198019028,173,352
59,1966,18,0.22164137661457062,0.6575474739074707,-0.15546073019504547,0.12518107891082764,212,355
59,1966,19,0.19087722897529602,0.6532897353172302,-0.07778632640838623,0.08351201564073563,183,352
59,1966,20,0.22159774601459503,0.6555752158164978,-0.16533957421779633,0.11820170283317566,212,354
59,1966,21,0.19112159311771393,0.6507198810577393,-0.06130702793598175,0.07523877173662186,183,351
59,1966,22,0.22063180804252625,0.6531150937080383,-0.1412399411201477,0.11100336909294128,211,352
59,1966,23,0.16595478355884552,0.22774799168109894,-0.02321498841047287,0.9908424615859985,159,122
59,1966,24,0.18704532086849213,0.2257440686225891,0.022816549986600876,0.9945688247680664,179,121
59,1966,25,0.17744110524654388,0.40764206647872925,-0.013902382925152779,0.20126624405384064,170,220
59,1966,26,0.207920640707016,0.3501720428466797,0.06551412492990494,0.3978738486766815,199,189
59,1966,27,0.18367411196231842,0.5431743860244751,0.01773144118487835,0.19934441149234772,176,293
59,1966,28,0.20507954061031342,0.2679429352283478,0.04501667991280556,0.3951321542263031,196,144
59,1966,29,0.1840352714061737,0.5411970615386963,0.01873040944337845,0.29899275302886963,176,292
59,1966,30,0.19958259165287018,0.24535168707370758,0.04213672876358032,0.41617321968078613,191,132
59,1966,31,0.18918344378471375,0.6406556963920593,-0.012616905383765697,0.2796255648136139,181,345
59,1966,32,0.21425224840641022,0.27506259083747864,0.0036097755655646324,0.37583720684051514,205,148
60,2000,0,0.20922963321208954,0.5051844716072083,-0.07374930381774902,0.7719966769218445,200,272
60,2000,1,0.20767153799533844,0.5178837776184082,-0.07023349404335022,0.7809621691703796,199,279
60,2000,2,0.20713089406490326,0.5177762508392334,-0.0705220028758049,0.7664986252784729,198,279
60,2000,3,0.20675061643123627,0.517671525478363,-0.07059694081544876,0.8271393179893494,198,279
60,2000,4,0.21268296241760254,0.5150994062423706,-0.06528150290250778,0.7959151268005371,204,278
60,2000,5,0.2129921019077301,0.5146605968475342,-0.06555246561765671,0.7873880863189697,204,277
60,2000,6,0.21343684196472168,0.5144243836402893,-0.0657489225268364,0.8286230564117432,204,277
60,2000,7,0.20460893213748932,0.5085923075675964,-0.050408005714416504,0.8233383893966675,196,274
60,2000,8,0.21015937626361847,0.501860499382019,-0.021872099488973618,0.711400032043457,201,271
60,2000,9,0.20577766001224518,0.492471307516098,-0.06146402284502983,0.7270811200141907,197,265
60,2000,10,0.20912446081638336,0.48903170228004456,-0.05640126019716263,0.6756391525268555,200,264
60,2000,11,0.1785261183977127,0.4672583341598511,-0.05304291471838951,0.9875122308731079,171,252
60,2000,12,0.21899843215942383,0.42967474460601807,-0.005695640575140715,0.9810740947723389,210,232
60,2000,13,0.174514502286911,0.5564735531806946,-0.0488540455698967,0.06696575880050659,167,300
60,2000,14,0.21459876000881195,0.420407235622406,-0.05302310362458229,0.06035793572664261,206,227
60,2000,15,0.17101070284843445,0.6470996141433716,-0.05398593097925186,0.07587737590074539,164,349
60,2000,16,0.20804138481616974,0.4493330121040344,-0.14357079565525055,0.0973019078373909,199,242
60,2000,17,0.17007118463516235,0.6448233723640442,-0.060002606362104416,0.09289366006851196,163,348
60,2000,18,0.20535291731357574,0.45428431034088135,-0.1690424531698227,0.11588339507579803,197,245
60,2000,19,0.17644141614437103,0.6463303565979004,-0.0621994249522686,0.09226712584495544,169,349
60,2000,20,0.20559850335121155,0.46354812383651733,-0.18314224481582642,0.10960561037063599,197,250
60,2000,21,0.17529521882534027,0.6495574116706848,-0.05537586286664009,0.0831138864159584,168,350
60,2000,22,0.205642968416214,0.46515223383903503,-0.15391573309898376,0.10285186022520065,197,251
60,2000,23,0.1620822250843048,0.22934246063232422,-0.02103470452129841,0.9913070797920227,155,123
60,2000,24,0.1903797835111618,0.22746971249580383,0.02061338908970356,0.9946848154067993,182,122
60,2000,25,0.19112661480903625,0.410572350025177,0.002745347796007991,0.18674057722091675,183,221
60,2000,26,0.21780803799629211,0.36983415484428406,0.0517965704202652,0.3619430363178253,209,199
60,2000,27,0.21172891557216644,0.5396347045898438,0.03410448506474495,0.18450066447257996,203,291
60,2000,28,0.21752141416072845,0.33847805857658386,0.024060146883130074,0.36033502221107483,208,182
60,2000,29,0.21184684336185455,0.5364795923233032,0.03570789098739624,0.2817566692829132,203,289
60,2000,30,0.21136362850666046,0.319889098405838,0.021114947274327278,0.38386473059654236,202,172
60,2000,31,0.219929039478302,0.6371511816978455,0.000638390367385,0.2626129686832428,211,344
60,2000,32,0.2259492576122284,0.3557181656360626,-0.02327643148601055,0.34429335594177246,216,192
61,2033,0,0.20835155248641968,0.4964841604232788,-0.06685628741979599,0.7730161547660828,200,268
61,2033,1,0.20486213266849518,0.5098085999488831,-0.072775699198246,0.7793869972229004,196,275
61,2033,2,0.20414835214614868,0.5092892646789551,-0.07304557412862778,0.7633938193321228,195,275
61,2033,3,0.20340992510318756,0.5093005299568176,-0.07311861217021942,0.8268743753433228,195,275
61,2033,4,0.2069261372089386,0.5081417560577393,-0.061095934361219406,0.8011916279792786,198,274
61,2033,5,0.20662148296833038,0.5083436965942383,-0.06136085093021393,0.7930951714515686,198,274
61,2033,6,0.20647165179252625,0.5088596940040588,-0.0615580677986145,0.835788369178772,198,274
61,2033,7,0.20065642893314362,0.5019419193267822,-0.08533453196287155,0.8206360936164856,192,271
61,2033,8,0.2020234763622284,0.4990103244781494,-0.02689501829445362,0.7123100161552429,193,269
61,2033,9,0.20571847259998322,0.48571884632110596,-0.06674260646104813,0.7210780382156372,197,262
61,2033,10,0.20680879056453705,0.4827571213245392,-0.05252384766936302,0.6730497479438782,198,260
61,2033,11,0.17704513669013977,0.4589028060436249,-0.09800665825605392,0.9875867962837219,169,247
61,2033,12,0.2111581414937973,0.40941479802131653,-0.002264880109578371,0.9816627502441406,202,221
61,2033,13,0.17028729617595673,0.5252305269241333,-0.1037483736872673,0.06171584501862526,163,283
61,2033,14,0.2119416743516922,0.37135955691337585,-0.023117246106266975,0.05482267960906029,203,200
61,2033,15,0.16718950867652893,0.6068679094314575,-0.08962223678827286,0.06915567070245743,160,327
61,2033,16,0.20921795070171356,0.39384111762046814,-0.08552370220422745,0.08801182359457016,200,212
61,2033,17,0.16596326231956482,0.6252341270446777,-0.10199761390686035,0.08487066626548767,159,337
61,2033,18,0.2071814090013504,0.3989916145801544,-0.09775546938180923,0.10492819547653198,198,215
61,2033,19,0.16971352696418762,0.6273590922355652,-0.10423418879508972,0.08423073589801788,162,338
61,2033,20,0.2071947157382965,0.4043361246585846,-0.12340497970581055,0.099274180829525,198,218
61,2033,21,0.16956211626529694,0.6219650506973267,-0.09071614593267441,0.07583694905042648,162,335
61,2033,22,0.20739269256591797,0.4060841500759125,-0.09950714558362961,0.09320990741252899,199,219
61,2033,23,0.16440802812576294,0.2269960641860962,-0.030158398672938347,0.9913412928581238,157,122
61,2033,24,0.19002723693847656,0.226228266954422,0.029732126742601395,0.9947500228881836,182,122
61,2033,25,0.1843959242105484,0.43017688393592834,-0.0034069481771439314,0.17058967053890228,177,232
61,2033,26,0.224673792719841,0.3932384252548218,0.10188867896795273,0.3268202245235443,215,212
61,2033,27,0.20352548360824585,0.6014983654022217,-0.02049858681857586,0.17029380798339844,195,324
61,2033,28,0.22494693100452423,0.3624677360057831,0.04550972208380699,0.32730305194854736,215,195
61,2033,29,0.19687889516353607,0.5741661190986633,-0.024070564657449722,0.2618013918399811,189,310
61,2033,30,0.2213023453950882,0.34582117199897766,0.03981548920273781,0.35223546624183655,212,186
61,2033,31,0.2102268487215042,0.665421724319458,-0.06405378133058548,0.24430541694164276,201,359
61,2033,32,0.22831958532333374,0.37725692987442017,-0.001825169543735683,0.31356552243232727,219,203
62,2066,0,0.17572630941867828,0.4630061089992523,0.005470058880746365,0.7531954646110535,168,250
62,2066,1,0.1735900342464447,0.47526630759239197,0.015882592648267746,0.7475550174713135,166,256
62,2066,2,0.17420192062854767,0.4735192656517029,0.01568702980875969,0.7261105179786682,167,255
62,2066,3,0.17469945549964905,0.47122660279273987,0.015682494267821312,0.793075442314148,167,254
62,2066,4,0.17575328052043915,0.4799845516681671,-0.0026027935091406107,0.7798610925674438,168,259
62,2066,5,0.17727819085121155,0.4818345904350281,-0.002826754469424486,0.7727672457695007,170,260
62,2066,6,0.17890752851963043,0.4841763973236084,-0.0029843682423233986,0.821525514125824,171,261
62,2066,7,0.19580917060375214,0.4776706397533417,0.06600867956876755,0.7842264175415039,187,257
62,2066,8,0.19318315386772156,0.48100799322128296,-0.022080620750784874,0.6828204393386841,185,259
62,2066,9,0.17893457412719727,0.45843175053596497,0.028319446370005608,0.6783146858215332,171,247
62,2066,10,0.1815117746591568,0.45974627137184143,0.001897923182696104,0.638749361038208,174,248
62,2066,11,0.17864052951335907,0.42651402950286865,0.10164013504981995,0.9846227169036865,171,230
62,2066,12,0.20603419840335846,0.4215743839740753,-0.031478412449359894,0.9800447821617126,197,227
62,2066,13,0.169009268283844,0.5199084281921387,0.10927620530128479,0.05623174458742142,162,280
62,2066,14,0.21353653073310852,0.5106614828109741,-0.09867848455905914,0.06701690703630447,204,275
62,2066,15,0.1683664172887802,0.6248411536216736,0.06480313837528229,0.06303916126489639,161,337
62,2066,16,0.2370140701532364,0.6172792315483093,-0.10712259262800217,0.10296571254730225,227,333
62,2066,17,0.17134375870227814,0.6407774090766907,0.05835884064435959,0.07754640281200409,164,346
62,2066,18,0.24245081841945648,0.6281059980392456,-0.12939028441905975,0.11521939933300018,232,339
62,2066,19,0.17625422775745392,0.6444605588912964,0.04558929428458214,0.0769152045249939,169,348
62,2066,20,0.24278511106967926,0.6257887482643127,-0.1269882768392563,0.10764390230178833,233,337
62,2066,21,0.17328065633773804,0.6396788358688354,0.057035502046346664,0.06932523101568222,166,345
62,2066,22,0.22908097505569458,0.6261336803436279,-0.10907392203807831,0.09855914115905762,219,338
62,2066,23,0.17236612737178802,0.22145237028598785,0.03667173162102699,0.9896002411842346,165,119
62,2066,24,0.1940292865037918,0.2263423055410385,-0.03713555261492729,0.9928416013717651,186,122
62,2066,25,0.18221434950828552,0.43110448122024536,0.07211264967918396,0.15390856564044952,174,232
62,2066,26,0.21892742812633514,0.4341539144515991,-0.025362195447087288,0.30146533250808716,210,234
62,2066,27,0.17639853060245514,0.5713759064674377,0.09936539828777313,0.1545615941286087,169,308
62,2066,28,0.24915139377117157,0.6154900789260864,-0.03867911174893379,0.30625393986701965,239,332
62,2066,29,0.16800561547279358,0.5705822706222534,0.09974803775548935,0.23937921226024628,161,308
62,2066,30,0.24835357069969177,0.6326258182525635,-0.04028827324509621,0.3356773555278778,238,341
62,2066,31,0.19985707104206085,0.6086764931678772,0.056419022381305695,0.22137922048568726,191,328
62,2066,32,0.28644639253616333,0.6303339600563049,-0.08697783201932907,0.290155291557312,274,340
63,2100,0,0.16990730166435242,0.48074871301651,0.045115482062101364,0.7691372036933899,163,259
63,2100,1,0.17179904878139496,0.48925307393074036,0.059852518141269684,0.7623928785324097,164,264
63,2100,2,0.1755499541759491,0.4923661947250366,0.05965196341276169,0.7398800253868103,168,265
63,2100,3,0.1759130358695984,0.4909113645553589,0.05968940258026123,0.804181694984436,168,265
63,2100,4,0.174564927816391,0.4930812120437622,0.03995686396956444,0.7952700257301331,167,266
63,2100,5,0.17633704841136932,0.49400436878204346,0.03971553221344948,0.7888637185096741,169,266
63,2100,6,0.17817886173725128,0.49538686871528625,0.039577048271894455,0.8349108695983887,171,267
63,2100,7,0.1938564032316208,0.4815886914730072,0.12143819779157639,0.7950369715690613,186,260
63,2100,8,0.19179667532444,0.48884662985801697,0.028829174116253853,0.7011614441871643,184,263
63,2100,9,0.17373518645763397,0.4695650339126587,0.07107291370630264,0.6876933574676514,166,253
63,2100,10,0.1764390915632248,0.4724990725517273,0.042942266911268234,0.6521545648574829,169,255
63,2100,11,0.17938341200351715,0.42857828736305237,0.1549988090991974,0.9834415316581726,172,231
63,2100,12,0.20499271154403687,0.4509289562702179,-0.030601656064391136,0.9803402423858643,196,243
63,2100,13,0.1676240712404251,0.5206144452095032,0.17195461690425873,0.051563192158937454,160,281
63,2100,14,0.21385499835014343,0.5488737225532532,-0.07296726107597351,0.0874059796333313,205,296
63,2100,15,0.17539699375629425,0.6119466423988342,0.13545578718185425,0.05779139697551727,168,330
63,2100,16,0.2203795611858368,0.6382356882095337,-0.06671871989965439,0.11971040070056915,211,344
63,2100,17,0.1776430308818817,0.625723123550415,0.13195708394050598,0.0713973268866539,170,337
63,2100,18,0.22316554188728333,0.6571339964866638,-0.08721168339252472,0.1293027698993683,214,354
63,2100,19,0.17950469255447388,0.6255143284797668,0.11883873492479324,0.07079071551561356,172,337
63,2100,20,0.2234647423028946,0.6532896161079407,-0.07661951333284378,0.11950039118528366,214,352
63,2100,21,0.17875893414020538,0.6254302859306335,0.12813299894332886,0.0639616847038269,171,337
63,2100,22,0.2193240225315094,0.6484485864639282,-0.06430846452713013,0.10792208462953568,210,350
63,2100,23,0.17432063817977905,0.22302746772766113,0.04536027833819389,0.9898764491081238,167,120
63,2100,24,0.19564871490001678,0.2376365065574646,-0.045831672847270966,0.9929662942886353,187,128
63,2100,25,0.18286269903182983,0.43628624081611633,0.09715951979160309,0.1421494036912918,175,235
63,2100,26,0.21483533084392548,0.4463396370410919,-0.03455182537436485,0.32314732670783997,206,241
63,2100,27,0.17636257410049438,0.5718463063240051,0.11432544142007828,0.15299634635448456,169,308
63,2100,28,0.24857187271118164,0.6072372794151306,-0.06336665153503418,0.33995410799980164,238,327
63,2100,29,0.1688196212053299,0.5802202820777893,0.11321704089641571,0.24130815267562866,162,313
63,2100,30,0.24945658445358276,0.6211610436439514,-0.06674684584140778,0.3666834533214569,239,335
63,2100,31,0.19536782801151276,0.616750180721283,0.059972021728754044,0.2177070528268814,187,333
63,2100,32,0.283832848072052,0.6341081857681274,-0.12592574954032898,0.31707826256752014,272,342
64,2133,0,0.186468705534935,0.4852305054664612,-0.1527608335018158,0.787812352180481,179,262
64,2133,1,0.18416768312454224,0.49024996161460876,-0.1577731966972351,0.7800197601318359,176,264
64,2133,2,0.18511353433132172,0.4917392432689667,-0.15803606808185577,0.7592541575431824,177,265
64,2133,3,0.18501338362693787,0.49038583040237427,-0.15810374915599823,0.8191993832588196,177,264
64,2133,4,0.18563376367092133,0.4922531247138977,-0.15184596180915833,0.8114246129989624,178,265
64,2133,5,0.1863376349210739,0.49234437942504883,-0.1520899087190628,0.8058347702026367,178,265
64,2133,6,0.18714676797389984,0.49306607246398926,-0.15221045911312103,0.8482170104980469,179,266
64,2133,7,0.1932929903268814,0.4807957410812378,-0.15789726376533508,0.8109982013702393,185,259
64,2133,8,0.194962739944458,0.48812249302864075,-0.12849196791648865,0.7231014370918274,187,263
64,2133,9,0.19201359152793884,0.4743853509426117,-0.14857356250286102,0.7113384008407593,184,256
64,2133,10,0.19259421527385712,0.47546544671058655,-0.14177320897579193,0.6782400608062744,184,256
64,2133,11,0.18828430771827698,0.43485715985298157,-0.16453313827514648,0.9845978021621704,180,234
64,2133,12,0.22559033334255219,0.44527867436408997,-0.09994010627269745,0.9818095564842224,216,240
64,2133,13,0.17646494507789612,0.5380533933639526,-0.17975172400474548,0.07660592347383499,169,290
64,2133,14,0.24990084767341614,0.5385317206382751,-0.14635808765888214,0.09882858395576477,239,290
64,2133,15,0.17403021454811096,0.6341129541397095,-0.2026587277650833,0.07794041931629181,167,342
64,2133,16,0.2666950821876526,0.6425865888595581,-0.20896181464195251,0.14583228528499603,256,346
64,2133,17,0.17587020993232727,0.643700122833252,-0.2226848006248474,0.08946765959262848,168,347
64,2133,18,0.2819625735282898,0.6550922393798828,-0.2269550859928131,0.15256349742412567,270,353
64,2133,19,0.17745807766914368,0.6462582349777222,-0.22942927479743958,0.08790451288223267,170,348
64,2133,20,0.2839086651802063,0.6523079872131348,-0.24273158609867096,0.14336620271205902,272,352
64,2133,21,0.17690645158290863,0.6416931748390198,-0.20727412402629852,0.07868313789367676,169,346
64,2133,22,0.27629968523979187,0.6482465267181396,-0.22012485563755035,0.13099682331085205,265,350
64,2133,23,0.18390575051307678,0.22501201927661896,-0.01228786539286375,0.9905666708946228,176,121
64,2133,24,0.21086335182189941,0.23875506222248077,0.011968261562287807,0.9935185313224792,202,128
64,2133,25,0.1814168244600296,0.3851441442966461,-0.06678853929042816,0.16373774409294128,174,207
64,2133,26,0.25302064418792725,0.37866708636283875,0.07499924302101135,0.30195072293281555,242,204
64,2133,27,0.18214918673038483,0.5755400061607361,-0.023884911090135574,0.1556461602449417,174,310
64,2133,28,0.2647359371185303,0.34484782814979553,0.1064063012599945,0.3179290294647217,254,186
64,2133,29,0.17772649228572845,0.5777654051780701,-0.01980235055088997,0.2474178969860077,170,311
64,2133,30,0.26261571049690247,0.32902467250823975,0.1091829240322113,0.34718915820121765,252,177
64,2133,31,0.1940562129020691,0.6387495398521423,-0.05143922567367554,0.2244986891746521,186,344
64,2133,32,0.27529287338256836,0.3485925495624542,0.07447560876607895,0.29654553532600403,264,188
65,2166,0,0.18655197322368622,0.4583403766155243,-0.050079021602869034,0.7688658833503723,179,247
65,2166,1,0.18521693348884583,0.46540704369544983,-0.04120694473385811,0.7513574361801147,177,251
65,2166,2,0.18545745313167572,0.46564245223999023,-0.04150182381272316,0.7314363718032837,178,251
65,2166,3,0.18548496067523956,0.4675042927265167,-0.04162798449397087,0.7974298000335693,178,252
65,2166,4,0.18840256333351135,0.4667308032512665,-0.04798241704702377,0.799820601940155,180,252
65,2166,5,0.18995384871959686,0.4668504595756531,-0.04821096733212471,0.7961205840110779,182,252
65,2166,6,0.1916261613368988,0.4674353003501892,-0.04842441901564598,0.8421043157577515,183,252
65,2166,7,0.19174401462078094,0.4611451029777527,0.004421188961714506,0.7888360023498535,184,249
65,2166,8,0.20162881910800934,0.46548736095428467,-0.019008520990610123,0.7046207189559937,193,251
65,2166,9,0.19102491438388824,0.4490830600261688,-0.029139917343854904,0.6903205513954163,183,242
65,2166,10,0.1927669197320938,0.45052823424339294,-0.03889116272330284,0.6633391976356506,185,243
65,2166,11,0.18638715147972107,0.4331793487071991,-0.0035571721382439137,0.9857954382896423,178,233
65,2166,12,0.23162993788719177,0.41368037462234497,0.007254333700984716,0.9831224679946899,222,223
65,2166,13,0.17427709698677063,0.5286647081375122,-0.009908783249557018,0.07358189672231674,167,285
65,2166,14,0.23480184376239777,0.34551191329956055,-0.036139216274023056,0.08937248587608337,225,186
65,2166,15,0.17419569194316864,0.6359440088272095,-0.0438072606921196,0.07442226260900497,167,343
65,2166,16,0.2491426020860672,0.3101803958415985,-0.1267719566822052,0.13180486857891083,239,167
65,2166,17,0.17721529304981232,0.6464088559150696,-0.06236429139971733,0.08737073093652725,170,349
65,2166,18,0.2675624489784241,0.2990756630897522,-0.13749442994594574,0.1386251151561737,256,161
65,2166,19,0.18235816061496735,0.6469967365264893,-0.0627322793006897,0.08602355420589447,175,349
65,2166,20,0.2627178430557251,0.30334219336509705,-0.17020657658576965,0.13036081194877625,252,163
65,2166,21,0.18115589022636414,0.6442418694496155,-0.045626211911439896,0.07709407806396484,173,347
65,2166,22,0.26440081000328064,0.308910071849823,-0.13966843485832214,0.11911152303218842,253,166
65,2166,23,0.18112023174762726,0.23205195367336273,-0.00997716374695301,0.9912204146385193,173,125
65,2166,24,0.2133539319038391,0.24419163167476654,0.00961834006011486,0.9939424991607666,204,131
65,2166,25,0.20199933648109436,0.3890666961669922,-0.027249043807387352,0.15927651524543762,193,210
65,2166,26,0.23915161192417145,0.3860708773136139,-0.02538498118519783,0.284941166639328,229,208
65,2166,27,0.22203780710697174,0.48806333541870117,-0.07463865727186203,0.15237289667129517,213,263
65,2166,28,0.24692822992801666,0.2567448914051056,-0.15152321755886078,0.3037767708301544,237,138
65,2166,29,0.22305668890476227,0.47794032096862793,-0.08209467679262161,0.25559908151626587,214,258
65,2166,30,0.24543598294258118,0.21850354969501495,-0.1634562462568283,0.3451882600784302,235,117
65,2166,31,0.23256021738052368,0.5416821241378784,-0.1108250543475151,0.22964444756507874,223,292
65,2166,32,0.25768813490867615,0.24172163009643555,-0.20575298368930817,0.2896735966205597,247,130
66,2200,0,0.23613856732845306,0.49829378724098206,-0.11000894010066986,0.7870609760284424,226,269
66,2200,1,0.2308281809091568,0.5070377588272095,-0.11874372512102127,0.769869327545166,221,273
66,2200,2,0.23034770786762238,0.5062810778617859,-0.11896680295467377,0.7509562373161316,221,273
66,2200,3,0.23004664480686188,0.5062440633773804,-0.11901180446147919,0.8129909634590149,220,273
66,2200,4,0.23186586797237396,0.50127112865448,-0.1065385490655899,0.8151369690895081,222,270
66,2200,5,0.2320355623960495,0.49949097633361816,-0.10677390545606613,0.8115336298942566,222,269
66,2200,6,0.23223941028118134,0.4981490969657898,-0.10691370815038681,0.8544912338256836,222,269
66,2200,7,0.22792938351631165,0.49065861105918884,-0.13732419908046722,0.8047147393226624,218,264
66,2200,8,0.2261517494916916,0.48248714208602905,-0.07737868279218674,0.7253597974777222,217,260
66,2200,9,0.23405368626117706,0.4905822277069092,-0.11250598728656769,0.7116405963897705,224,264
66,2200,10,0.23092682659626007,0.4832473695278168,-0.0970568135380745,0.6844849586486816,221,260
66,2200,11,0.21074487268924713,0.4439712464809418,-0.15193438529968262,0.9855067729949951,202,239
66,2200,12,0.2422184944152832,0.43263962864875793,-0.04854797571897507,0.9831130504608154,232,233
66,2200,13,0.19179807603359222,0.5400514602661133,-0.1830277442932129,0.07212010771036148,184,291
66,2200,14,0.26253777742385864,0.5176185369491577,-0.08478303253650665,0.08575712144374847,252,279
66,2200,15,0.17915795743465424,0.6211527585983276,-0.20268449187278748,0.06982804089784622,171,335
66,2200,16,0.27578485012054443,0.6148275136947632,-0.15302537381649017,0.1240328848361969,264,332
66,2200,17,0.17924942076206207,0.6477243900299072,-0.22292298078536987,0.08180922269821167,172,349
66,2200,18,0.2903495728969574,0.6259984374046326,-0.16952350735664368,0.12995843589305878,278,338
66,2200,19,0.18145975470542908,0.6482535004615784,-0.226603165268898,0.08048012107610703,174,350
66,2200,20,0.29126518964767456,0.6223382353782654,-0.1860586255788803,0.12246433645486832,279,336
66,2200,21,0.17927159368991852,0.6309754252433777,-0.20602154731750488,0.07198531925678253,172,340
66,2200,22,0.2867748439311981,0.6211771965026855,-0.1645105481147766,0.11255566030740738,275,335
66,2200,23,0.19915804266929626,0.24561041593551636,-0.031332992017269135,0.991098165512085,191,132
66,2200,24,0.22164137661457062,0.24341535568237305,0.030995940789580345,0.9941839575767517,212,131
66,2200,25,0.19812174141407013,0.4093121588230133,-0.02293280139565468,0.1500089466571808,190,221
66,2200,26,0.2629760801792145,0.35986435413360596,0.14596471190452576,0.25866344571113586,252,194
66,2200,27,0.19158580899238586,0.5927961468696594,0.017037294805049896,0.1433156579732895,183,320
66,2200,28,0.2726340591907501,0.28459736704826355,0.22762665152549744,0.27700144052505493,261,153
66,2200,29,0.1888643056154251,0.5937815308570862,0.022196492180228233,0.2380571812391281,181,320
66,2200,30,0.27077552676200867,0.2654040455818176,0.23564912378787994,0.315586656332016,259,143
66,2200,31,0.19925157725811005,0.6324665546417236,-0.01372490730136633,0.2150723934173584,191,341
66,2200,32,0.27891048789024353,0.2782997488975525,0.20514459908008575,0.26363691687583923,267,150
67,2233,0,0.22038158774375916,0.5116234421730042,-0.017352737486362457,0.8062086701393127,211,276
67,2233,1,0.21925339102745056,0.516554594039917,-0.007854555733501911,0.7898724675178528,210,278
67,2233,2,0.21913661062717438,0.5159779787063599,-0.008102688007056713,0.7722490429878235,210,278
67,2233,3,0.2190597951412201,0.5154266357421875,-0.00817567203193903,0.8296818733215332,210,278
67,2233,4,0.22051994502544403,0.5140165090560913,-0.014690086245536804,0.8319936394691467,211,277
67,2233,5,0.22113505005836487,0.5129665732383728,-0.014928125776350498,0.8286952972412109,212,277
67,2233,6,0.22458770871162415,0.5122981667518616,-0.015099061653017998,0.8680166006088257,215,276
67,2233,7,0.2173623889684677,0.5029403567314148,0.031566545367240906,0.8223105072975159,208,271
67,2233,8,0.2261398732662201,0.4932013750076294,0.0022907108068466187,0.7494680285453796,217,266
67,2233,9,0.21711118519306183,0.4955644905567169,-0.0015543816844001412,0.7375620603561401,208,267
67,2233,10,0.2197262942790985,0.49534082412719727,-0.01179317943751812,0.7122484445571899,210,267
67,2233,11,0.19978304207324982,0.45612603425979614,0.026938386261463165,0.9867951273918152,191,246
67,2233,12,0.2458612620830536,0.44488078355789185,-0.0028348793275654316,0.9846398234367371,236,240
67,2233,13,0.18573656678199768,0.5378227829933167,0.04006612300872803,0.07264065742492676,178,290
67,2233,14,0.25908365845680237,0.5189585089683533,-0.07656799256801605,0.09105132520198822,248,280
67,2233,15,0.17665119469165802,0.6263911128044128,0.03747066482901573,0.06868229806423187,169,338
67,2233,16,0.27863645553588867,0.6243662238121033,-0.1382891833782196,0.13978387415409088,267,337
67,2233,17,0.17712734639644623,0.6422395706176758,0.037000712007284164,0.08122864365577698,170,346
67,2233,18,0.2906379997730255,0.6566813588142395,-0.15631791949272156,0.15261057019233704,279,354
67,2233,19,0.17921200394630432,0.6428645253181458,0.02275061421096325,0.08016502857208252,172,347
67,2233,20,0.2925247550010681,0.6507608294487,-0.16866682469844818,0.14357930421829224,280,351
67,2233,21,0.1775977909564972,0.636216938495636,0.031118201091885567,0.0727059543132782,170,343
67,2233,22,0.28400495648384094,0.6468601226806641,-0.14733228087425232,0.1329418569803238,272,349
67,2233,23,0.19412009418010712,0.2506425976753235,-0.004087707027792931,0.9919090867042542,186,135
67,2233,24,0.2233821004629135,0.2550307810306549,0.003747775685042143,0.9947315454483032,214,137
67,2233,25,0.2151300460100174,0.38906267285346985,-0.018555210903286934,0.1456434577703476,206,210
67,2233,26,0.24539180099964142,0.3632597327232361,-0.10241110622882843,0.2981231212615967,235,196
67,2233,27,0.23209956288337708,0.42088332772254944,-0.05108315497636795,0.13476675748825073,222,227
67,2233,28,0.25951841473579407,0.1962815225124359,-0.33628225326538086,0.3185654282569885,249,105
67,2233,29,0.2334601879119873,0.4117671251296997,-0.057761821895837784,0.24233166873455048,224,222
67,2233,30,0.2553975284099579,0.15438039600849152,-0.3599984049797058,0.36435940861701965,245,83
67,2233,31,0.23942185938358307,0.4461122751235962,-0.07544901221990585,0.21054629981517792,229,240
67,2233,32,0.25036171078681946,0.17488718032836914,-0.4233744442462921,0.31055283546447754,240,94
68,2266,0,0.21372629702091217,0.5036606192588806,-0.07876307517290115,0.82301926612854,205,271
68,2266,1,0.21246835589408875,0.510473906993866,-0.06654810160398483,0.8063821792602539,203,275
68,2266,2,0.2117936909198761,0.5142964720726013,-0.06679563224315643,0.790117084980011,203,277
68,2266,3,0.21200278401374817,0.5103176832199097,-0.06687567383050919,0.8436387181282043,203,275
68,2266,4,0.21309319138526917,0.5103127360343933,-0.07545069605112076,0.8459339141845703,204,275
68,2266,5,0.21356512606143951,0.5101228952407837,-0.07568233460187912,0.8429556488990784,205,275
68,2266,6,0.21596644818782806,0.51036137342453,-0.07584500312805176,0.879150927066803,207,275
68,2266,7,0.21035905182361603,0.49878573417663574,0.004422748927026987,0.8366326093673706,201,269
68,2266,8,0.2196708768606186,0.5001582503318787,-0.05311228707432747,0.7685337662696838,210,270
68,2266,9,0.21127015352249146,0.48964980244636536,-0.05698833987116814,0.7580238580703735,202,264
68,2266,10,0.21354833245277405,0.49025759100914,-0.07044775784015656,0.7347880005836487,205,264
68,2266,11,0.20457182824611664,0.45706138014793396,0.024419810622930527,0.987805962562561,196,246
68,2266,12,0.24890489876270294,0.44584429264068604,-0.05028251186013222,0.985784113407135,238,240
68,2266,13,0.1819463074207306,0.5426663160324097,0.017235275357961655,0.09000387042760849,174,293
68,2266,14,0.2582664489746094,0.5248279571533203,-0.12844161689281464,0.10483121126890182,247,283
68,2266,15,0.17650409042835236,0.6267743706703186,-0.04042838513851166,0.07803294062614441,169,338
68,2266,16,0.27713531255722046,0.6458068490028381,-0.1989426612854004,0.16253118216991425,266,348
68,2266,17,0.1773064285516739,0.6392356157302856,-0.048611875623464584,0.08857611566781998,170,345
68,2266,18,0.29240280389785767,0.6630434393882751,-0.2241373360157013,0.17403587698936462,280,358
68,2266,19,0.1788502037525177,0.6393171548843384,-0.06498073041439056,0.08785314112901688,171,345
68,2266,20,0.2943132817745209,0.6601502895355225,-0.23131972551345825,0.16462987661361694,282,356
68,2266,21,0.17785917222499847,0.6355714797973633,-0.049144938588142395,0.08142128586769104,170,343
68,2266,22,0.2868174910545349,0.658488392829895,-0.20683088898658752,0.15234820544719696,275,355
68,2266,23,0.20043127238750458,0.2497236132621765,0.004016305785626173,0.9924097657203674,192,134
68,2266,24,0.23070809245109558,0.2531123757362366,-0.004371292889118195,0.9950751662254333,221,136
68,2266,25,0.22768764197826385,0.3875358998775482,-0.03790474683046341,0.14385348558425903,218,209
68,2266,26,0.24558505415916443,0.3512122333049774,-0.0837579220533371,0.2880721688270569,235,189
68,2266,27,0.22592082619667053,0.4484885632991791,-0.03367998078465462,0.12720610201358795,216,242
68,2266,28,0.2502080202102661,0.20800372958183289,-0.14885392785072327,0.3014344573020935,240,112
68,2266,29,0.2227720469236374,0.4422014355659485,-0.035649970173835754,0.23862552642822266,213,238
68,2266,30,0.24591562151908875,0.17721417546272278,-0.1562221646308899,0.34988054633140564,236,95
68,2266,31,0.23125463724136353,0.49986696243286133,-0.06581410765647888,0.20479455590248108,222,269
68,2266,32,0.252887487411499,0.19308039546012878,-0.21357399225234985,0.29473456740379333,242,104
69,2300,0,0.2119273990392685,0.5090460777282715,-0.0066469148732721806,0.8382420539855957,203,274
69,2300,1,0.21143852174282074,0.5136160850524902,0.002668580273166299,0.8219325542449951,202,277
69,2300,2,0.21100400388240814,0.5145033001899719,0.0023975586518645287,0.8067343831062317,202,277
69,2300,3,0.21093621850013733,0.5125359892845154,0.0023107307497411966,0.8566962480545044,202,276
69,2300,4,0.21373623609542847,0.5171656012535095,0.002460700925439596,0.8589759469032288,205,279
69,2300,5,0.2148657590150833,0.5164939165115356,0.0022355173714458942,0.8563124537467957,206,278
69,2300,6,0.21286755800247192,0.5157250761985779,0.0021088167559355497,0.8896570801734924,204,278
69,2300,7,0.2086983323097229,0.49848756194114685,0.03555135428905487,0.8505258560180664,200,269
69,2300,8,0.21785949170589447,0.5059002041816711,0.03319975361227989,0.7867235541343689,209,273
69,2300,9,0.21167422831058502,0.49364346265792847,0.0053608110174536705,0.7794364094734192,203,266
69,2300,10,0.21646706759929657,0.4937230944633484,0.003193907905369997,0.7583515644073486,207,266
69,2300,11,0.2061637043952942,0.4588054418563843,0.01272637490183115,0.9888474345207214,197,247
69,2300,12,0.2515544891357422,0.44683638215065,0.04390248283743858,0.9869967699050903,241,241
69,2300,13,0.18393133580684662,0.543128252029419,0.01934804581105709,0.11682993918657303,176,293
69,2300,14,0.2664824426174164,0.526837944984436,-0.01637030951678753,0.11805176734924316,255,284
69,2300,15,0.17847681045532227,0.6283137202262878,0.007467453833669424,0.1012866199016571,171,339
69,2300,16,0.2794896960258484,0.639857828617096,-0.10194651037454605,0.20415350794792175,268,345
69,2300,17,0.1777801364660263,0.6399314403533936,-0.0013278174446895719,0.10819212347269058,170,345
69,2300,18,0.29258620738983154,0.6627013683319092,-0.12215883284807205,0.21653909981250763,280,357
69,2300,19,0.17905913293361664,0.639802873134613,-0.013425007462501526,0.10742678493261337,171,345
69,2300,20,0.29400983452796936,0.6616247892379761,-0.13472090661525726,0.20676212012767792,282,357
69,2300,21,0.18036802113056183,0.6347814202308655,0.0017007768619805574,0.10111065208911896,173,342
69,2300,22,0.2875848710536957,0.6565330028533936,-0.1124696359038353,0.19184692203998566,276,354
69,2300,23,0.20493857562541962,0.2490481585264206,-0.008552995510399342,0.993066668510437,196,134
69,2300,24,0.23743708431720734,0.25849953293800354,0.008033166639506817,0.9954969882965088,227,139
69,2300,25,0.21849612891674042,0.3684169054031372,-0.0799955427646637,0.17087864875793457,209,198
69,2300,26,0.25560495257377625,0.36496397852897644,-0.016123052686452866,0.2851601243019104,245,197
69,2300,27,0.21701447665691376,0.42946144938468933,-0.06571192294359207,0.12862136960029602,208,231
69,2300,28,0.25421783328056335,0.2511802911758423,-0.11717431247234344,0.2977277636528015,244,135
69,2300,29,0.21326783299446106,0.42469316720962524,-0.06534154713153839,0.24733276665210724,204,229
69,2300,30,0.24873098731040955,0.2246643304824829,-0.11514583230018616,0.3486849069595337,238,121
69,2300,31,0.2051105499267578,0.47567957639694214,-0.10060302913188934,0.2073983997106552,196,256
69,2300,32,0.26249247789382935,0.24124586582183838,-0.16062207520008087,0.2880265414714813,251,130
70,2333,0,0.23715545237064362,0.4906643331050873,-0.08762572705745697,0.8283433318138123,227,264
70,2333,1,0.2315991371870041,0.48902255296707153,-0.09553294628858566,0.8142861723899841,222,264
70,2333,2,0.23098236322402954,0.4890665113925934,-0.09576026350259781,0.7980278134346008,221,264
70,2333,3,0.23041491210460663,0.4883447587490082,-0.09578080475330353,0.8503051996231079,221,263
70,2333,4,0.23215952515602112,0.48642104864120483,-0.08098911494016647,0.853272557258606,222,262
70,2333,5,0.2319190800189972,0.48337554931640625,-0.08123365789651871,0.8512307405471802,222,261
70,2333,6,0.231256902217865,0.4806305468082428,-0.08137109130620956,0.8859825134277344,222,259
70,2333,7,0.2265195995569229,0.4722878634929657,-0.11627648025751114,0.8477998971939087,217,255
70,2333,8,0.22953671216964722,0.4633839726448059,-0.04773889109492302,0.784582257270813,220,250
70,2333,9,0.23889490962028503,0.4820782244205475,-0.09247658401727676,0.7713415622711182,229,260
70,2333,10,0.2389594465494156,0.47773024439811707,-0.07427556067705154,0.744217038154602,229,257
70,2333,11,0.22647133469581604,0.4505941867828369,-0.12738670408725739,0.9877364635467529,217,243
70,2333,12,0.25175732374191284,0.424064964056015,-0.020243998616933823,0.9845608472824097,241,228
70,2333,13,0.1981322318315506,0.5424970388412476,-0.1300681084394455,0.12463944405317307,190,292
70,2333,14,0.26905834674835205,0.4811195135116577,-0.03778839111328125,0.10846094787120819,258,259
70,2333,15,0.1818360984325409,0.6252777576446533,-0.11989346146583557,0.1062687411904335,174,337
70,2333,16,0.2903575003147125,0.5514524579048157,-0.08008953183889389,0.18668396770954132,278,297
70,2333,17,0.18010926246643066,0.6359710097312927,-0.133798286318779,0.11385132372379303,172,343
70,2333,18,0.2951661944389343,0.5681696534156799,-0.08675102144479752,0.19814157485961914,283,306
70,2333,19,0.18062959611415863,0.6368005871772766,-0.13535501062870026,0.11179312318563461,173,343
70,2333,20,0.2965102791786194,0.5636147856712341,-0.10411291569471359,0.18929827213287354,284,304
70,2333,21,0.18230339884757996,0.6328482627868652,-0.12146533280611038,0.10447677969932556,175,341
70,2333,22,0.2939694821834564,0.5604998469352722,-0.09080114960670471,0.17627383768558502,282,302
70,2333,23,0.21927843987941742,0.2486279308795929,-0.03205648437142372,0.9928454756736755,210,134
70,2333,24,0.23835338652133942,0.25703170895576477,0.03171389549970627,0.995476484298706,228,138
70,2333,25,0.23221899569034576,0.4194919168949127,-0.053807832300662994,0.21557115018367767,222,226
70,2333,26,0.28164905309677124,0.38423749804496765,0.10968455672264099,0.27006933093070984,270,207
70,2333,27,0.2321304827928543,0.57917720079422,-0.0025352404918521643,0.1684839129447937,222,312
70,2333,28,0.28939521312713623,0.36855676770210266,0.17365875840187073,0.2938525974750519,277,199
70,2333,29,0.2562636137008667,0.6306144595146179,0.006240479648113251,0.2755849063396454,246,340
70,2333,30,0.2902424931526184,0.3662310838699341,0.18252244591712952,0.3424265682697296,278,197
70,2333,31,0.2227352112531662,0.6391323804855347,-0.009129360318183899,0.23939551413059235,213,345
70,2333,32,0.2889256775379181,0.35622045397758484,0.17036186158657074,0.27860644459724426,277,192
71,2366,0,0.22878701984882355,0.4836021661758423,-0.01903722994029522,0.8424355983734131,219,261
71,2366,1,0.2279157042503357,0.4863783121109009,-0.012165087275207043,0.8298601508140564,218,262
71,2366,2,0.22720710933208466,0.48604363203048706,-0.012425827793776989,0.814972996711731,218,262
71,2366,3,0.22660335898399353,0.4859495460987091,-0.012508120387792587,0.8634013533592224,217,262
71,2366,4,0.22726909816265106,0.4851873219013214,-0.008143121376633644,0.8656905889511108,218,262
71,2366,5,0.23090241849422455,0.4828491806983948,-0.008384189568459988,0.8635043501853943,221,260
71,2366,6,0.23143991827964783,0.4814632833003998,-0.008540230803191662,0.8954282402992249,222,259
71,2366,7,0.2257239669561386,0.4713393747806549,0.01773906499147415,0.860498309135437,216,254
71,2366,8,0.23056553304195404,0.4669722020626068,0.035039644688367844,0.7979661226272583,221,252
71,2366,9,0.2297852337360382,0.4722349941730499,-0.007481897249817848,0.7888234257698059,220,255
71,2366,10,0.2323838174343109,0.47171980142593384,-0.0035783860366791487,0.7619490623474121,223,254
71,2366,11,0.22102932631969452,0.44347548484802246,-0.004955566022545099,0.9886943697929382,212,239
71,2366,12,0.2549843192100525,0.4163762032985687,0.05901012197136879,0.9850924611091614,244,224
71,2366,13,0.20024283230304718,0.5274599194526672,0.006739048752933741,0.14932940900325775,192,284
71,2366,14,0.26660627126693726,0.4369186758995056,0.03208361193537712,0.10360825061798096,255,235
71,2366,15,0.18225054442882538,0.6227495074272156,-0.001361497794277966,0.15495836734771729,174,336
71,2366,16,0.2770956754684448,0.4949033856391907,-0.03389173373579979,0.176912322640419,266,267
71,2366,17,0.1807791143655777,0.6351837515830994,-0.012760279700160027,0.16054509580135345,173,342
71,2366,18,0.282559871673584,0.5088785290718079,-0.04896745830774307,0.18978388607501984,271,274
71,2366,19,0.18059197068214417,0.6360664367675781,-0.02345769666135311,0.15883763134479523,173,343
71,2366,20,0.2843245565891266,0.5147323608398438,-0.06587816774845123,0.18139326572418213,272,277
71,2366,21,0.18276886641979218,0.6315949559211731,-0.006481958553195,0.14961883425712585,175,341
71,2366,22,0.27996787428855896,0.5128934979438782,-0.044874291867017746,0.1698368489742279,268,276
71,2366,23,0.21796870231628418,0.2483217567205429,-0.026443729177117348,0.9932798743247986,209,134
71,2366,24,0.24306720495224,0.2527614235877991,0.02604316920042038,0.995677649974823,233,136
71,2366,25,0.24350599944591522,0.4165582060813904,-0.04430268704891205,0.22840549051761627,233,224
71,2366,26,0.27130410075187683,0.35356050729751587,0.08844403177499771,0.2713605761528015,260,190
71,2366,27,0.26746219396591187,0.5633205771446228,-0.06643552333116531,0.17694157361984253,256,304
71,2366,28,0.27306875586509705,0.3455842137336731,-0.011251823045313358,0.29122012853622437,262,186
71,2366,29,0.2713627219200134,0.5780282616615295,-0.07110606878995895,0.2902263402938843,260,312
71,2366,30,0.2700449526309967,0.3335754871368408,-0.01953904889523983,0.3517226576805115,259,180
71,2366,31,0.28591805696487427,0.6523385643959045,-0.11617212742567062,0.2580573856830597,274,352
71,2366,32,0.2803151309490204,0.3430677354335785,-0.07462967187166214,0.27962619066238403,269,185
72,2400,0,0.25746095180511475,0.40123823285102844,-0.08045093715190887,0.8343369364738464,247,216
72,2400,1,0.25311848521232605,0.40791434049606323,-0.08778085559606552,0.822592556476593,242,220
72,2400,2,0.2522161900997162,0.40850257873535156,-0.08800044655799866,0.8039246797561646,242,220
72,2400,3,0.2512834966182709,0.40863367915153503,-0.0880490094423294,0.8568308353424072,241,220
72,2400,4,0.254338800907135,0.4060784876346588,-0.07788088172674179,0.8613295555114746,244,219
72,2400,5,0.25470107793807983,0.4048118591308594,-0.07812774926424026,0.8580988049507141,244,218
72,2400,6,0.2548550069332123,0.4039745032787323,-0.07830049842596054,0.8935698866844177,244,218
72,2400,7,0.24666400253772736,0.4055277407169342,-0.09628420323133469,0.8478965163230896,236,218
72,2400,8,0.2520751655101776,0.39980465173721313,-0.05004507303237915,0.7862836718559265,241,215
72,2400,9,0.2562245726585388,0.4046870768070221,-0.07907102257013321,0.7649169564247131,245,218
72,2400,10,0.26328322291374207,0.4026668071746826,-0.06709301471710205,0.7394331097602844,252,217
72,2400,11,0.23405881226062775,0.4023424983024597,-0.09201804548501968,0.9879699349403381,224,217
72,2400,12,0.2705257534980774,0.3736422061920166,-0.02094370126724243,0.9846911430358887,259,201
72,2400,13,0.21093998849391937,0.49606215953826904,-0.09708540141582489,0.13670334219932556,202,267
72,2400,14,0.2864024043083191,0.41462448239326477,0.0186692476272583,0.09514009207487106,274,223
72,2400,15,0.19259661436080933,0.586374044418335,-0.0984368696808815,0.14184926450252533,184,316
72,2400,16,0.2878919243812561,0.4596414268016815,-0.049345873296260834,0.16141989827156067,276,248
72,2400,17,0.18640105426311493,0.6103310585021973,-0.11110614240169525,0.14767204225063324,178,329
72,2400,18,0.28830426931381226,0.47031453251838684,-0.058334577828645706,0.1730319708585739,276,253
72,2400,19,0.18928265571594238,0.6085607409477234,-0.11420419812202454,0.14589664340019226,181,328
72,2400,20,0.2865695655345917,0.4688808023929596,-0.0712769478559494,0.165355384349823,275,253
72,2400,21,0.19247318804264069,0.601774275302887,-0.10065128654241562,0.1373755782842636,184,324
72,2400,22,0.2848132848739624,0.46784013509750366,-0.057487551122903824,0.15500077605247498,273,252
72,2400,23,0.23402805626392365,0.23463793098926544,-0.02665412425994873,0.9933669567108154,224,126
72,2400,24,0.25946101546287537,0.24366554617881775,0.026291897520422935,0.9957989454269409,249,131
72,2400,25,0.24326467514038086,0.42694520950317383,-0.027279281988739967,0.21478182077407837,233,230
72,2400,26,0.29219114780426025,0.3945189416408539,0.10405251383781433,0.24703621864318848,280,213
72,2400,27,0.24484696984291077,0.5744271874427795,-0.02397611364722252,0.16959558427333832,235,310
72,2400,28,0.29666203260421753,0.4562910795211792,0.05599018558859825,0.27259305119514465,284,246
72,2400,29,0.24750150740146637,0.5891631841659546,-0.022542797029018402,0.2748441696166992,237,318
72,2400,30,0.2956453859806061,0.45693904161453247,0.05209244042634964,0.3303043246269226,283,246
72,2400,31,0.2634803354740143,0.6333659887313843,-0.04456626996397972,0.24658359587192535,252,342
72,2400,32,0.29588475823402405,0.47487255930900574,0.020362654700875282,0.261429101228714,284,256
73,2433,0,0.25332432985305786,0.39636653661727905,-0.16773973405361176,0.8157927989959717,243,214
73,2433,1,0.250459223985672,0.40536534786224365,-0.16994062066078186,0.7999981045722961,240,218
73,2433,2,0.2493932545185089,0.40590453147888184,-0.1701856106519699,0.7839241027832031,239,219
73,2433,3,0.24826635420322418,0.4058506488800049,-0.1702776402235031,0.8413345813751221,238,219
73,2433,4,0.25353333353996277,0.4047221839427948,-0.16667431592941284,0.8427497744560242,243,218
73,2433,5,0.25432369112968445,0.4044148623943329,-0.16694052517414093,0.83881676197052,244,218
73,2433,6,0.2551487982273102,0.40445083379745483,-0.16719312965869904,0.877397358417511,244,218
73,2433,7,0.2448190599679947,0.40517979860305786,-0.15179602801799774,0.830914318561554,235,218
73,2433,8,0.25539493560791016,0.4036332666873932,-0.1355290412902832,0.7539891004562378,245,217
73,2433,9,0.25124895572662354,0.3924129605293274,-0.15622329711914062,0.7329732179641724,241,211
73,2433,10,0.2554185390472412,0.39195698499679565,-0.15301769971847534,0.7065847516059875,245,211
73,2433,11,0.2281101644039154,0.40144628286361694,-0.12418246269226074,0.9882712960243225,218,216
73,2433,12,0.2717519700527191,0.36307772994041443,-0.09744327515363693,0.9842144250869751,260,196
73,2433,13,0.2164328694343567,0.49804162979125977,-0.11740830540657043,0.1293230503797531,207,268
73,2433,14,0.2894538938999176,0.3574559688568115,-0.09570164978504181,0.08741094917058945,277,193
73,2433,15,0.19450244307518005,0.5934072136878967,-0.12258419394493103,0.1326376497745514,186,320
73,2433,16,0.2797749638557434,0.37594708800315857,-0.12977470457553864,0.1457921415567398,268,203
73,2433,17,0.19369016587734222,0.6161230802536011,-0.1344769448041916,0.13904203474521637,185,332
73,2433,18,0.28577062487602234,0.379798024892807,-0.14269384741783142,0.15638935565948486,274,205
73,2433,19,0.19654490053653717,0.606195330619812,-0.14350631833076477,0.13740627467632294,188,327
73,2433,20,0.2784716784954071,0.38713136315345764,-0.15387636423110962,0.14945243299007416,267,209
73,2433,21,0.19887223839759827,0.5988237857818604,-0.1269495189189911,0.12954896688461304,190,323
73,2433,22,0.28461959958076477,0.3890156149864197,-0.13614486157894135,0.14021556079387665,273,210
73,2433,23,0.2304653525352478,0.23532594740390778,-0.017781492322683334,0.9938095808029175,221,127
73,2433,24,0.2563264071941376,0.24180489778518677,0.01743718609213829,0.9960694909095764,246,130
73,2433,25,0.23675832152366638,0.42986565828323364,-0.015194728039205074,0.2118968665599823,227,232
73,2433,26,0.288605660200119,0.3982231318950653,0.03702201321721077,0.24664081633090973,277,215
73,2433,27,0.2085750550031662,0.5961171388626099,-0.04982065409421921,0.19192247092723846,200,321
73,2433,28,0.2831434905529022,0.40173372626304626,-0.027224313467741013,0.28249701857566833,271,216
73,2433,29,0.21883556246757507,0.5817655324935913,-0.054473116993904114,0.295834481716156,210,314
73,2433,30,0.27931860089302063,0.39305856823921204,-0.03213396295905113,0.3380174934864044,268,212
73,2433,31,0.21999859809875488,0.6535482406616211,-0.09690733253955841,0.2773681879043579,211,352
73,2433,32,0.28845587372779846,0.40878674387931824,-0.0784686803817749,0.2705855667591095,276,220
74,2466,0,0.26814380288124084,0.43470966815948486,-0.03975310176610947,0.8321554064750671,257,234
74,2466,1,0.26265284419059753,0.44129621982574463,-0.0423886738717556,0.8179112076759338,252,238
74,2466,2,0.2616276144981384,0.4396463930606842,-0.042641542851924896,0.8032988905906677,251,237
74,2466,3,0.2605477273464203,0.4382220208644867,-0.04272676259279251,0.8559715747833252,250,236
74,2466,4,0.2646826505661011,0.44200849533081055,-0.02869386225938797,0.8566197156906128,254,238
74,2466,5,0.26476266980171204,0.44164738059043884,-0.028895050287246704,0.8527848720550537,254,238
74,2466,6,0.2649594843387604,0.4414794445037842,-0.02901497483253479,0.8880377411842346,254,238
74,2466,7,0.2568418085575104,0.425341933965683,-0.048546988517045975,0.8465248942375183,246,229
74,2466,8,0.263807475566864,0.4297334849834442,0.015194592997431755,0.7733301520347595,253,232
74,2466,9,0.2683109939098358,0.4202840030193329,-0.040425918996334076,0.756598949432373,257,226
74,2466,10,0.27047082781791687,0.41805315017700195,-0.023543138056993484,0.7302773594856262,259,225
74,2466,11,0.24931034445762634,0.40782201290130615,-0.08906006813049316,0.9891862273216248,239,220
74,2466,12,0.282909095287323,0.3737209141254425,0.04177241772413254,0.9850700497627258,271,201
74,2466,13,0.2436438351869583,0.5011170506477356,-0.06651454418897629,0.14666664600372314,233,270
74,2466,14,0.2889409363269806,0.4003199338912964,0.01548783015459776,0.08153782784938812,277,216
74,2466,15,0.20196174085140228,0.5939798951148987,-0.03482678160071373,0.1450028270483017,193,320
74,2466,16,0.2891876995563507,0.4941091537475586,-0.042136650532484055,0.13446791470050812,277,266
74,2466,17,0.19957686960697174,0.6125252842903137,-0.04538743197917938,0.15025098621845245,191,330
74,2466,18,0.2896098494529724,0.5152149796485901,-0.05572203919291496,0.14485017955303192,278,278
74,2466,19,0.20004795491695404,0.608015239238739,-0.051053330302238464,0.1476450115442276,192,328
74,2466,20,0.2876369059085846,0.5220985412597656,-0.07030016928911209,0.13849849998950958,276,281
74,2466,21,0.2012733370065689,0.601186990737915,-0.037413787096738815,0.13747943937778473,193,324
74,2466,22,0.2889930009841919,0.519266664981842,-0.053285546600818634,0.13079164922237396,277,280
74,2466,23,0.2366836667060852,0.23378156125545502,-0.026465624570846558,0.9942839741706848,227,126
74,2466,24,0.26056182384490967,0.23466989398002625,0.026100927963852882,0.9963887333869934,250,126
74,2466,25,0.24683713912963867,0.4189297556877136,-0.032180383801460266,0.21728886663913727,236,226
74,2466,26,0.28300827741622925,0.3857986629009247,0.020773708820343018,0.25734496116638184,271,208
74,2466,27,0.22736039757728577,0.578015923500061,-0.04629657045006752,0.20877018570899963,218,312
74,2466,28,0.2803970277309418,0.22551988065242767,-0.01649378053843975,0.3094373047351837,269,121
74,2466,29,0.22888138890266418,0.5731325745582581,-0.053426969796419144,0.3159751296043396,219,309
74,2466,30,0.2723202407360077,0.20453158020973206,-0.01966589130461216,0.35970887541770935,261,110
74,2466,31,0.2222534865140915,0.6357448101043701,-0.0832509845495224,0.2989310920238495,213,343
74,2466,32,0.285146564245224,0.16554765403270721,-0.07753482460975647,0.29026830196380615,273,89
75,2500,0,0.2781344950199127,0.4327124059200287,-0.03632543236017227,0.8476548790931702,267,233
75,2500,1,0.274305522441864,0.4416272044181824,-0.03851381316781044,0.8339102864265442,263,238
75,2500,2,0.2733238935470581,0.441281795501709,-0.03869639337062836,0.8197234272956848,262,238
75,2500,3,0.2722865343093872,0.4406096637248993,-0.038722019642591476,0.8683687448501587,261,237
75,2500,4,0.27642661333084106,0.4417177736759186,-0.03103243000805378,0.8693135380744934,265,238
75,2500,5,0.2763853371143341,0.44143977761268616,-0.031240327283740044,0.8656346797943115,265,238
75,2500,6,0.2764638662338257,0.4414638876914978,-0.03135455772280693,0.8980520367622375,265,238
75,2500,7,0.26656219363212585,0.4328616261482239,-0.038257114589214325,0.8584710955619812,255,233
75,2500,8,0.2728659212589264,0.4347890019416809,-0.0019714576192200184,0.7899996042251587,261,234
75,2500,9,0.27527207136154175,0.4228954613208771,-0.03284819796681404,0.7728886604309082,264,228
75,2500,10,0.2770657539367676,0.42183855175971985,-0.024430088698863983,0.7486479878425598,265,227
75,2500,11,0.2549418807029724,0.41133975982666016,-0.039305247366428375,0.9890967607498169,244,222
75,2500,12,0.27630501985549927,0.3801751136779785,0.01748073101043701,0.9848712682723999,265,205
75,2500,13,0.24217729270458221,0.5042373538017273,-0.026103900745511055,0.13932019472122192,232,272
75,2500,14,0.289472758769989,0.4514351487159729,-0.03031374327838421,0.08023929595947266,277,243
75,2500,15,0.20662516355514526,0.5921476483345032,-0.0074321916326880455,0.1365944892168045,198,319
75,2500,16,0.2896568477153778,0.5631613731384277,-0.08015237003564835,0.1272631138563156,278,304
75,2500,17,0.20470109581947327,0.6098598837852478,-0.01311653945595026,0.14085222780704498,196,329
75,2500,18,0.28975874185562134,0.5901942253112793,-0.10308662801980972,0.13605470955371857,278,318
75,2500,19,0.20561154186725616,0.6077560782432556,-0.024254178628325462,0.13831795752048492,197,328
75,2500,20,0.29242217540740967,0.6088308691978455,-0.09260158240795135,0.12967664003372192,280,328
75,2500,21,0.20557335019111633,0.6022021770477295,-0.012246844358742237,0.12921825051307678,197,325
75,2500,22,0.2878442108631134,0.5866814255714417,-0.08161551505327225,0.12262662500143051,276,316
75,2500,23,0.23803704977035522,0.2341335266828537,-0.01455711293965578,0.992773175239563,228,126
75,2500,24,0.2563837170600891,0.23951709270477295,0.014263090677559376,0.9948133230209351,246,129
75,2500,25,0.24763639271259308,0.4218697249889374,-0.01318768784403801,0.1981404572725296,237,227
75,2500,26,0.2773641049861908,0.4506528377532959,0.014257960952818394,0.23352694511413574,266,243
75,2500,27,0.22872935235500336,0.5303914546966553,0.023476772010326385,0.18974974751472473,219,286
75,2500,28,0.28393813967704773,0.6085500717163086,-0.026960186660289764,0.284799724817276,272,328
75,2500,29,0.22814814746379852,0.5316026210784912,0.025090472772717476,0.28763148188591003,219,287
75,2500,30,0.28871530294418335,0.5738509297370911,-0.03216991946101189,0.3339179456233978,277,309
75,2500,31,0.22966839373111725,0.5846194624900818,-0.009393787942826748,0.27186131477355957,220,315
75,2500,32,0.3153189420700073,0.6505818963050842,-0.0776367112994194,0.26844778656959534,302,351
76,2533,0,0.29367178678512573,0.440984308719635,-0.03419698029756546,0.839016854763031,281,238
76,2533,1,0.29010775685310364,0.45601195096969604,-0.04015946388244629,0.8314593434333801,278,246
76,2533,2,0.28926125168800354,0.4563579559326172,-0.04038449004292488,0.8155284523963928,277,246
76,2533,3,0.2883111238479614,0.45654478669166565,-0.040447257459163666,0.8700104355812073,276,246
76,2533,4,0.29121556878089905,0.45523372292518616,-0.029844574630260468,0.8613892197608948,279,245
76,2533,5,0.2907101809978485,0.4552921950817108,-0.03005421720445156,0.8528158068656921,279,245
76,2533,6,0.29032638669013977,0.4555937945842743,-0.030202098190784454,0.8896958231925964,278,246
76,2533,7,0.28257322311401367,0.45652905106544495,-0.040761418640613556,0.8555788993835449,271,246
76,2533,8,0.285727322101593,0.45595991611480713,0.004787695128470659,0.7624464631080627,274,246
76,2533,9,0.29188260436058044,0.4340430498123169,-0.031109588220715523,0.759165346622467,280,234
76,2533,10,0.29213792085647583,0.43285560607910156,-0.018950888887047768,0.7192062735557556,280,233
76,2533,11,0.2700648307800293,0.43790239095687866,-0.04232743754982948,0.9894511103630066,259,236
76,2533,12,0.28844282031059265,0.4109423756599426,0.02615249529480934,0.982684314250946,276,221
76,2533,13,0.2646922469139099,0.5351606607437134,-0.03324927017092705,0.14258220791816711,254,288
76,2533,14,0.27195146679878235,0.5039662718772888,0.010718630626797676,0.07318469136953354,261,272
76,2533,15,0.22430063784122467,0.5981009602546692,-0.021648848429322243,0.14128276705741882,215,322
76,2533,16,0.2398279756307602,0.5840709805488586,-0.02941497415304184,0.11555235087871552,230,315
76,2533,17,0.22155164182186127,0.6107841730117798,-0.029088053852319717,0.1462143361568451,212,329
76,2533,18,0.22976218163967133,0.6029087901115417,-0.04818408563733101,0.12409055978059769,220,325
76,2533,19,0.22345112264156342,0.6116241812705994,-0.038122184574604034,0.14309613406658173,214,330
76,2533,20,0.2300112545490265,0.6072630286216736,-0.05605197697877884,0.1182563453912735,220,327
76,2533,21,0.2223670482635498,0.6046337485313416,-0.025014640763401985,0.13102030754089355,213,326
76,2533,22,0.23329739272594452,0.6011379361152649,-0.03739223629236221,0.11191140115261078,223,324
76,2533,23,0.2444448173046112,0.2456478774547577,-0.017934078350663185,0.9932466745376587,234,132
76,2533,24,0.26436692476272583,0.23020505905151367,0.01764918491244316,0.9951810240745544,253,124
76,2533,25,0.2637801170349121,0.4266600012779236,0.03444427251815796,0.18370048701763153,253,230
76,2533,26,0.28166815638542175,0.2825094759464264,-0.06851323693990707,0.24267883598804474,270,152
76,2533,27,0.27864131331443787,0.6031000018119812,0.005511293653398752,0.18742215633392334,267,325
76,2533,28,0.28280070424079895,0.23046912252902985,-0.07867017388343811,0.27251937985420227,271,124
76,2533,29,0.27152469754219055,0.5794671773910522,0.005366294179111719,0.28396645188331604,260,312
76,2533,30,0.28031545877456665,0.23549313843250275,-0.07863076776266098,0.32651689648628235,269,127
76,2533,31,0.2708178162574768,0.6498193740844727,-0.023170460015535355,0.2759891152381897,259,350
76,2533,32,0.2741471230983734,0.2026977688074112,-0.12656651437282562,0.2602653503417969,263,109
77,2566,0,0.2992760241031647,0.44321131706237793,0.029256222769618034,0.8482002019882202,287,239
77,2566,1,0.2963539958000183,0.45663899183273315,0.02112409844994545,0.8423763513565063,284,246
77,2566,2,0.2955336272716522,0.45689719915390015,0.020872313529253006,0.8273118734359741,283,246
77,2566,3,0.2945987284183502,0.4567646384239197,0.020802995190024376,0.8795921802520752,282,246
77,2566,4,0.2973463237285614,0.45604342222213745,0.034329697489738464,0.8699975609779358,285,246
77,2566,5,0.29679983854293823,0.4559689462184906,0.03412289544939995,0.8615871071815491,284,246
77,2566,6,0.2963692247867584,0.45617878437042236,0.03399552404880524,0.896499514579773,284,246
77,2566,7,0.28836384415626526,0.458253413438797,0.010456736199557781,0.8664257526397705,276,247
77,2566,8,0.2916187047958374,0.45628228783607483,0.0696791559457779,0.7730600237846375,279,246
77,2566,9,0.2968897819519043,0.43590453267097473,0.02851051464676857,0.7759090662002563,285,235
77,2566,10,0.296550452709198,0.43719345331192017,0.043998342007398605,0.7321560382843018,284,236
77,2566,11,0.2679416835308075,0.44447678327560425,-0.008760235272347927,0.9903267025947571,257,240
77,2566,12,0.2960652709007263,0.4132339060306549,0.08126740157604218,0.9837847352027893,284,223
77,2566,13,0.24969084560871124,0.5321986675262451,0.022591883316636086,0.17640480399131775,239,287
77,2566,14,0.2649520933628082,0.4974072575569153,0.04985510930418968,0.0669812560081482,254,268
77,2566,15,0.22230647504329681,0.5988272428512573,0.08148941397666931,0.1620979607105255,213,323
77,2566,16,0.23043181002140045,0.5944479703903198,-0.011185083538293839,0.10592997074127197,221,321
77,2566,17,0.22075685858726501,0.6109749674797058,0.08180931210517883,0.16692201793193817,211,329
77,2566,18,0.22573740780353546,0.6035383939743042,-0.029106829315423965,0.11568567901849747,216,325
77,2566,19,0.2229723185300827,0.6119498014450073,0.07391805201768875,0.1632683426141739,214,330
77,2566,20,0.22649410367012024,0.6074041128158569,-0.03739427030086517,0.11022283136844635,217,327
77,2566,21,0.22416643798351288,0.605644941329956,0.0803941860795021,0.14767836034297943,215,327
77,2566,22,0.22657711803913116,0.6048774719238281,-0.019641846418380737,0.10426237434148788,217,326
77,2566,23,0.24311211705207825,0.24614810943603516,-0.021002087742090225,0.9937258362770081,233,132
77,2566,24,0.26887208223342896,0.23122400045394897,0.020678188651800156,0.995556652545929,258,124
77,2566,25,0.2664135992527008,0.4287634491920471,-0.0044111586175858974,0.19172589480876923,255,231
77,2566,26,0.2866266369819641,0.3172551095485687,-0.09448115527629852,0.2879068851470947,275,171
77,2566,27,0.2877739667892456,0.6188660860061646,-0.06560708582401276,0.19937902688980103,276,334
77,2566,28,0.27970102429389954,0.1702156364917755,-0.14719751477241516,0.3010612428188324,268,91
77,2566,29,0.2854253649711609,0.6115282773971558,-0.07150712609291077,0.30838167667388916,274,330
77,2566,30,0.27776020765304565,0.1525566577911377,-0.15209755301475525,0.3564187288284302,266,82
77,2566,31,0.2887752652168274,0.6641806960105896,-0.10387289524078369,0.305132120847702,277,358
77,2566,32,0.259317547082901,0.10751890391111374,-0.20742279291152954,0.2924865186214447,248,58
78,2600,0,0.2915758788585663,0.4908433258533478,0.053996291011571884,0.8626214265823364,279,265
78,2600,1,0.29120075702667236,0.5015804171562195,0.05294592306017876,0.8574336767196655,279,270
78,2600,2,0.29428988695144653,0.4961737096309662,0.05273645371198654,0.8436757326126099,282,267
78,2600,3,0.2950384020805359,0.4955730736255646,0.052708376199007034,0.8911607265472412,283,267
78,2600,4,0.29181262850761414,0.4972682297229767,0.05025273561477661,0.882440447807312,280,268
78,2600,5,0.2916429936885834,0.4969955384731293,0.05004458129405975,0.8747518658638,279,268
78,2600,6,0.29157742857933044,0.4970247149467468,0.049961864948272705,0.9064123034477234,279,268
78,2600,7,0.2945241630077362,0.4862231910228729,0.056063346564769745,0.879336953163147,282,262
78,2600,8,0.2895530164241791,0.48933491110801697,0.04619169980287552,0.7944880127906799,277,264
78,2600,9,0.2923739552497864,0.47687655687332153,0.05840865895152092,0.7972494959831238,280,257
78,2600,10,0.2908729910850525,0.47848787903785706,0.053307607769966125,0.7570873498916626,279,258
78,2600,11,0.2899453938007355,0.4435291886329651,0.0721723809838295,0.9911249876022339,278,239
78,2600,12,0.2878015637397766,0.45090019702911377,0.060382626950740814,0.9851719737052917,276,243
78,2600,13,0.26904863119125366,0.5302824378013611,0.10131098330020905,0.16786713898181915,258,286
78,2600,14,0.26181626319885254,0.5222345590591431,0.016330474987626076,0.0654495358467102,251,282
78,2600,15,0.24485279619693756,0.5971762537956238,0.10903794318437576,0.16750647127628326,235,322
78,2600,16,0.24140945076942444,0.6030638813972473,-0.024592183530330658,0.10747946053743362,231,325
78,2600,17,0.23990792036056519,0.6052720546722412,0.1099049523472786,0.1767280548810959,230,326
78,2600,18,0.23929999768733978,0.6199076771736145,-0.04096605256199837,0.12065372616052628,229,334
78,2600,19,0.24210964143276215,0.6078473925590515,0.0968475490808487,0.17311842739582062,232,328
78,2600,20,0.2386120706796646,0.6187376379966736,-0.043059803545475006,0.11433789879083633,229,334
78,2600,21,0.2423146665096283,0.6041094064712524,0.10385872423648834,0.15563462674617767,232,326
78,2600,22,0.23396705090999603,0.6135627627372742,-0.028856614604592323,0.10749001055955887,224,331
78,2600,23,0.2614031434059143,0.24431098997592926,0.01714937575161457,0.9941997528076172,250,131
78,2600,24,0.26618173718452454,0.23507976531982422,-0.017633119598031044,0.9959201812744141,255,126
78,2600,25,0.2825869023799896,0.42745381593704224,0.11071744561195374,0.17960698902606964,271,230
78,2600,26,0.2759486436843872,0.3319328725337982,-0.08471701294183731,0.34281203150749207,264,179
78,2600,27,0.27881357073783875,0.5461840629577637,0.10366848111152649,0.1941729635000229,267,294
78,2600,28,0.2783878743648529,0.1866142749786377,-0.16072918474674225,0.3465151786804199,267,100
78,2600,29,0.27788063883781433,0.5423444509506226,0.10061077773571014,0.3046235740184784,266,292
78,2600,30,0.2784970998764038,0.16038045287132263,-0.16780109703540802,0.39079901576042175,267,86
78,2600,31,0.27599623799324036,0.6070024371147156,0.09234724193811417,0.2996932864189148,264,327
78,2600,32,0.27320176362991333,0.14967556297779083,-0.20276784896850586,0.33206868171691895,262,80
79,2633,0,0.2953539192676544,0.5343702435493469,0.037373337894678116,0.875836193561554,283,288
79,2633,1,0.29631397128105164,0.5404388904571533,0.040475767105817795,0.8711462616920471,284,291
79,2633,2,0.29694727063179016,0.5395382642745972,0.04026655852794647,0.8586159348487854,285,291
79,2633,3,0.2972082495689392,0.5392777323722839,0.0402386337518692,0.9016693234443665,285,291
79,2633,4,0.29647213220596313,0.53908771276474,0.0342196486890316,0.8937525153160095,284,291
79,2633,5,0.2965927720069885,0.5385032296180725,0.033993590623140335,0.8867713809013367,284,290
79,2633,6,0.296684205532074,0.5381228923797607,0.033886171877384186,0.9154428243637085,284,290
79,2633,7,0.3017410337924957,0.5341035723686218,0.05694175884127617,0.8910635113716125,289,288
79,2633,8,0.3004436194896698,0.5344449877738953,0.030012138187885284,0.8140577673912048,288,288
79,2633,9,0.29473522305488586,0.5211459398269653,0.046417273581027985,0.8167892694473267,282,281
79,2633,10,0.29468947649002075,0.5206281542778015,0.03648563474416733,0.7802627086639404,282,281
79,2633,11,0.2908642590045929,0.4756803810596466,0.0790422111749649,0.9919167160987854,279,256
79,2633,12,0.2911010682582855,0.4801376760005951,0.007123459596186876,0.9864804148674011,279,259
79,2633,13,0.26478326320648193,0.5530880093574524,0.10466039925813675,0.17809957265853882,254,298
79,2633,14,0.27258577942848206,0.5570552945137024,-0.048505619168281555,0.1005668044090271,261,300
79,2633,15,0.24324209988117218,0.5967321395874023,0.09184394031763077,0.2028806060552597,233,322
79,2633,16,0.2743076980113983,0.6316684484481812,-0.04605899378657341,0.15721838176250458,263,341
79,2633,17,0.24308259785175323,0.6092444062232971,0.09296062588691711,0.21480152010917664,233,328
79,2633,18,0.2824687361717224,0.6582621932029724,-0.07060866802930832,0.1697753518819809,271,355
79,2633,19,0.24484997987747192,0.6130969524383545,0.07328225672245026,0.2120988667011261,235,331
79,2633,20,0.2891026735305786,0.6590012311935425,-0.04995119199156761,0.16091641783714294,277,355
79,2633,21,0.24759431183338165,0.606484055519104,0.08362666517496109,0.19247692823410034,237,327
79,2633,22,0.2868686020374298,0.6574064493179321,-0.03972242400050163,0.15010325610637665,275,354
79,2633,23,0.2588803470134735,0.24820014834403992,0.02932927943766117,0.9946977496147156,248,134
79,2633,24,0.268882691860199,0.2393023669719696,-0.029698779806494713,0.996265172958374,258,129
79,2633,25,0.28050893545150757,0.4058482050895691,0.07467060536146164,0.17439836263656616,269,219
79,2633,26,0.27594298124313354,0.3037557303905487,-0.09745488315820694,0.39057284593582153,264,164
79,2633,27,0.2703801393508911,0.3878136873245239,0.10365565121173859,0.18708665668964386,259,209
79,2633,28,0.2805534601211548,0.19072875380516052,-0.1790435016155243,0.38161978125572205,269,102
79,2633,29,0.2691374719142914,0.37411558628082275,0.10413266718387604,0.3001028895378113,258,202
79,2633,30,0.2789601981639862,0.16923442482948303,-0.18752862513065338,0.4221154749393463,267,91
79,2633,31,0.26774513721466064,0.4094444513320923,0.09819033741950989,0.28832653164863586,257,221
79,2633,32,0.29107189178466797,0.1747797578573227,-0.22076188027858734,0.3609427809715271,279,94
80,2666,0,0.2922450304031372,0.5272855162620544,0.030065452679991722,0.8824452757835388,280,284
80,2666,1,0.28590917587280273,0.5385336875915527,0.01599898189306259,0.8793301582336426,274,290
80,2666,2,0.28578662872314453,0.5379415154457092,0.015731921419501305,0.8675904273986816,274,290
80,2666,3,0.2862999141216278,0.5443657040596008,0.01561986468732357,0.9084356427192688,274,293
80,2666,4,0.2882007658481598,0.5397563576698303,-0.006674512289464474,0.9001255035400391,276,291
80,2666,5,0.28841108083724976,0.5400233268737793,-0.006942904554307461,0.8931367993354797,276,291
80,2666,6,0.28816720843315125,0.5406075119972229,-0.007128466386348009,0.9206806421279907,276,291
80,2666,7,0.28848159313201904,0.5311530232429504,0.031743984669446945,0.8987665772438049,276,286
80,2666,8,0.28988516330718994,0.544721245765686,-0.04394568130373955,0.8257930874824524,278,294
80,2666,9,0.28533661365509033,0.514045774936676,0.018774501979351044,0.8271955251693726,273,277
80,2666,10,0.28811171650886536,0.515758216381073,-0.004744939971715212,0.7907580733299255,276,278
80,2666,11,0.2956855893135071,0.4849244952201843,0.07428907603025436,0.992221474647522,283,261
80,2666,12,0.29265639185905457,0.48861852288246155,-0.0803157314658165,0.98725426197052,280,263
80,2666,13,0.26985105872154236,0.5460413694381714,0.10245417058467865,0.16154523193836212,259,294
80,2666,14,0.2820545732975006,0.5517393946647644,-0.13763871788978577,0.10827517509460449,270,297
80,2666,15,0.26581713557243347,0.5970748066902161,0.07729093730449677,0.18556243181228638,255,322
80,2666,16,0.2833798825740814,0.6254370808601379,-0.12408634275197983,0.15184061229228973,272,337
80,2666,17,0.266946941614151,0.6074000000953674,0.07747351378202438,0.1985364407300949,256,327
80,2666,18,0.2856125831604004,0.6483388543128967,-0.14645293354988098,0.16276119649410248,274,350
80,2666,19,0.2664049565792084,0.6080113649368286,0.0610206164419651,0.19612503051757812,255,328
80,2666,20,0.294685959815979,0.6560056209564209,-0.13827763497829437,0.15344755351543427,282,354
80,2666,21,0.2672632038593292,0.6061690449714661,0.0697798952460289,0.17787043750286102,256,327
80,2666,22,0.29350724816322327,0.6543845534324646,-0.1233615130186081,0.142767533659935,281,353
80,2666,23,0.26903411746025085,0.2607766389846802,0.045271094888448715,0.9949701428413391,258,140
80,2666,24,0.26755568385124207,0.23646411299705505,-0.04554402828216553,0.9965199828147888,256,127
80,2666,25,0.29069310426712036,0.40703338384628296,0.16071976721286774,0.16097131371498108,279,219
80,2666,26,0.27576348185539246,0.17719890177249908,-0.1103428453207016,0.4331471025943756,264,95
80,2666,27,0.28600937128067017,0.4129379391670227,0.15090997517108917,0.18659676611423492,274,222
80,2666,28,0.2814144194126129,0.13328349590301514,-0.06258327513933182,0.39522525668144226,270,71
80,2666,29,0.28165292739868164,0.4031229019165039,0.14724116027355194,0.3021754026412964,270,217
80,2666,30,0.2813812494277954,0.12569211423397064,-0.05063698813319206,0.43287405371665955,270,67
80,2666,31,0.3046400249004364,0.5664576888084412,0.12675970792770386,0.2941015958786011,292,305
80,2666,32,0.287983775138855,0.1247299313545227,-0.0703393891453743,0.3670578598976135,276,67
81,2700,0,0.2842022478580475,0.5322707891464233,0.021581238135695457,0.8696557879447937,272,287
81,2700,1,0.2815698981285095,0.5429074764251709,0.023625412955880165,0.8658559918403625,270,293
81,2700,2,0.2829536199569702,0.5477288365364075,0.02337632142007351,0.8513842225074768,271,295
81,2700,3,0.2834171950817108,0.5493279099464417,0.0233044121414423,0.8994293808937073,272,296
81,2700,4,0.28323668241500854,0.5440636277198792,0.01131646241992712,0.8887291550636292,271,293
81,2700,5,0.28369322419166565,0.544212818145752,0.011067310348153114,0.881822943687439,272,293
81,2700,6,0.2859254777431488,0.5486769676208496,0.010907637886703014,0.9133138060569763,274,296
81,2700,7,0.28645581007003784,0.5497019290924072,0.05084824189543724,0.8887708187103271,274,296
81,2700,8,0.29247596859931946,0.5497865080833435,-0.008206329308450222,0.8035315871238708,280,296
81,2700,9,0.28222137689590454,0.5211323499679565,0.031968895345926285,0.7938804626464844,270,281
81,2700,10,0.2839575409889221,0.5223960280418396,0.01483673881739378,0.7568973898887634,272,282
81,2700,11,0.2931334376335144,0.49506309628486633,0.06917809695005417,0.9920791983604431,281,267
81,2700,12,0.2969508767127991,0.5042963624000549,-0.04693588986992836,0.9864063262939453,285,272
81,2700,13,0.27609577775001526,0.5502572059631348,0.08142080157995224,0.14844068884849548,265,297
81,2700,14,0.29301899671554565,0.5704050064086914,-0.08757422119379044,0.10365985333919525,281,308
81,2700,15,0.27480950951576233,0.607756495475769,0.06202509254217148,0.16981513798236847,263,328
81,2700,16,0.2923520505428314,0.6408171653747559,-0.07235691696405411,0.14006507396697998,280,346
81,2700,17,0.272970974445343,0.606328010559082,0.06275808811187744,0.1838594228029251,262,327
81,2700,18,0.29021790623664856,0.6464630961418152,-0.0835537388920784,0.1516321301460266,278,349
81,2700,19,0.2749881148338318,0.6077275276184082,0.04710953310132027,0.1817273050546646,263,328
81,2700,20,0.29295432567596436,0.6486575603485107,-0.078184112906456,0.14289116859436035,281,350
81,2700,21,0.2760269045829773,0.6056060194969177,0.05530214682221413,0.16489630937576294,264,327
81,2700,22,0.2928089499473572,0.6440324783325195,-0.07113923132419586,0.13351139426231384,281,347
81,2700,23,0.2676909863948822,0.2682226598262787,0.03388284519314766,0.9952764511108398,256,144
81,2700,24,0.2746278941631317,0.25599929690361023,-0.03416679427027702,0.9966676831245422,263,138
81,2700,25,0.2841590642929077,0.3074449598789215,0.10982806980609894,0.14733365178108215,272,166
81,2700,26,0.2785320281982422,0.24843057990074158,-0.19632987678050995,0.431484192609787,267,134
81,2700,27,0.28769057989120483,0.2555435299873352,-0.030257126316428185,0.17165708541870117,276,137
81,2700,28,0.2855358421802521,0.19403819739818573,-0.46414241194725037,0.39028650522232056,274,104
81,2700,29,0.28559035062789917,0.23963846266269684,-0.043544042855501175,0.2936103343963623,274,129
81,2700,30,0.28394973278045654,0.18060103058815002,-0.49095842242240906,0.4551689326763153,272,97
81,2700,31,0.2974339723587036,0.26154646277427673,-0.05640677362680435,0.2735254466533661,285,141
81,2700,32,0.29745686054229736,0.15036658942699432,-0.5368649363517761,0.37483179569244385,285,81
82,2733,0,0.28880321979522705,0.5313073992729187,-0.0073740300722420216,0.87352454662323,277,286
82,2733,1,0.2885275185108185,0.5345842242240906,-0.010131258517503738,0.8703109622001648,276,288
82,2733,2,0.2893718481063843,0.5397183895111084,-0.010378207080066204,0.8560568690299988,277,291
82,2733,3,0.28990498185157776,0.5446174144744873,-0.01041489839553833,0.903063952922821,278,294
82,2733,4,0.28801199793815613,0.5351436734199524,-0.017729399725794792,0.8922930359840393,276,288
82,2733,5,0.28771695494651794,0.5350769758224487,-0.017974914982914925,0.8855336904525757,276,288
82,2733,6,0.2880098521709442,0.5401707887649536,-0.018121391534805298,0.9162068963050842,276,291
82,2733,7,0.2923917770385742,0.5436385273933411,0.001145055633969605,0.8922026753425598,280,293
82,2733,8,0.29066500067710876,0.5458900928497314,-0.02832970768213272,0.8050934672355652,279,294
82,2733,9,0.2899639308452606,0.5181198716163635,0.001496169832535088,0.7912009358406067,278,279
82,2733,10,0.28852665424346924,0.5171185731887817,-0.010084026493132114,0.7516377568244934,276,279
82,2733,11,0.30077773332595825,0.47715261578559875,0.046384818851947784,0.9920151233673096,288,257
82,2733,12,0.2929919362068176,0.492160826921463,-0.043254055082798004,0.9865549206733704,281,265
82,2733,13,0.28332918882369995,0.5262094140052795,0.06455536931753159,0.13533362746238708,271,284
82,2733,14,0.2883300483226776,0.5161231160163879,-0.10045473277568817,0.09593474119901657,276,278
82,2733,15,0.2730132043361664,0.580750584602356,0.0502886064350605,0.15598289668560028,262,313
82,2733,16,0.28619635105133057,0.5949031114578247,-0.13007251918315887,0.13001491129398346,274,321
82,2733,17,0.272480309009552,0.5932329893112183,0.04866539686918259,0.17032641172409058,261,320
82,2733,18,0.2852061092853546,0.6147661209106445,-0.15164022147655487,0.14193131029605865,273,331
82,2733,19,0.2735804617404938,0.6000437140464783,0.034279629588127136,0.1681392341852188,262,324
82,2733,20,0.2891993224620819,0.6193817257881165,-0.14922122657299042,0.13335691392421722,277,334
82,2733,21,0.27393805980682373,0.5946690440177917,0.04413576424121857,0.152240589261055,262,321
82,2733,22,0.2875264585018158,0.6119880676269531,-0.13251905143260956,0.12417725473642349,276,330
82,2733,23,0.28192201256752014,0.24682702124118805,0.02575988881289959,0.9955021739006042,270,133
82,2733,24,0.28081783652305603,0.24693909287452698,-0.02607198990881443,0.9968406558036804,269,133
82,2733,25,0.30187150835990906,0.32302531599998474,0.08586008101701736,0.1374599039554596,289,174
82,2733,26,0.28747648000717163,0.31772270798683167,-0.0360260047018528,0.42552995681762695,275,171
82,2733,27,0.2945093810558319,0.47997793555259705,-0.008435120806097984,0.16930072009563446,282,259
82,2733,28,0.2970876395702362,0.28088390827178955,-0.24759499728679657,0.3982921838760376,285,151
82,2733,29,0.2909877896308899,0.4818374216556549,-0.03836200386285782,0.29819032549858093,279,260
82,2733,30,0.2941995859146118,0.2617569863796234,-0.30140647292137146,0.4682031273841858,282,141
82,2733,31,0.30643242597579956,0.5846070051193237,-0.039746660739183426,0.27390891313552856,294,315
82,2733,32,0.3124137818813324,0.29389718174934387,-0.3275156021118164,0.3841868042945862,299,158
83,2766,0,0.3029804527759552,0.5229266285896301,-0.007778018247336149,0.8777142763137817,290,282
83,2766,1,0.2986176311969757,0.5307505130767822,-0.012993549928069115,0.8754088878631592,286,286
83,2766,2,0.298326700925827,0.5340660810470581,-0.013237502425909042,0.8609607219696045,286,288
83,2766,3,0.2979251444339752,0.5354737043380737,-0.013265807181596756,0.9064419865608215,286,289
83,2766,4,0.298052579164505,0.5320563912391663,-0.012750471942126751,0.8963518142700195,286,287
83,2766,5,0.29689088463783264,0.5322123169898987,-0.012999842874705791,0.8904533386230469,285,287
83,2766,6,0.29591065645217896,0.5353085398674011,-0.01313749235123396,0.9198778867721558,284,289
83,2766,7,0.2931085526943207,0.534493625164032,-0.02343318611383438,0.8952972888946533,281,288
83,2766,8,0.2946779131889343,0.5344200134277344,0.0027774786576628685,0.8111892342567444,282,288
83,2766,9,0.30228015780448914,0.5105611681938171,-0.003274618647992611,0.7918046712875366,290,275
83,2766,10,0.3004705011844635,0.5084854364395142,-0.0032366684172302485,0.7530604600906372,288,274
83,2766,11,0.2942790985107422,0.4697401821613312,-0.021236564964056015,0.9910804033279419,282,253
83,2766,12,0.29274484515190125,0.48315078020095825,0.011226841248571873,0.9860413074493408,281,260
83,2766,13,0.28732872009277344,0.5113083720207214,-0.006665694992989302,0.12869282066822052,275,276
83,2766,14,0.28601542115211487,0.5105340480804443,-0.033360838890075684,0.08899584412574768,274,275
83,2766,15,0.277399480342865,0.5581154823303223,0.016258304938673973,0.14926014840602875,266,301
83,2766,16,0.28317445516586304,0.5785863995552063,-0.09611573070287704,0.12336499989032745,271,312
83,2766,17,0.27526894211769104,0.5718872547149658,0.01165724080055952,0.16504943370819092,264,308
83,2766,18,0.28260496258735657,0.5957260131835938,-0.1144375130534172,0.13693442940711975,271,321
83,2766,19,0.274424284696579,0.5756977796554565,0.0009165935916826129,0.16253581643104553,263,310
83,2766,20,0.2873937487602234,0.5971019268035889,-0.1268731951713562,0.12852749228477478,275,322
83,2766,21,0.27769985795021057,0.573739230632782,0.012727702036499977,0.1462305635213852,266,309
83,2766,22,0.28532674908638,0.5924011468887329,-0.10552369058132172,0.11922618001699448,273,319
83,2766,23,0.2769509553909302,0.24201154708862305,-0.003698136890307069,0.9954724907875061,265,130
83,2766,24,0.2847796082496643,0.24637219309806824,0.0033777006901800632,0.9968572854995728,273,133
83,2766,25,0.29563790559768677,0.35202035307884216,0.02627696841955185,0.14033517241477966,283,190
83,2766,26,0.30186036229133606,0.36283960938453674,0.005102872848510742,0.4051237404346466,289,195
83,2766,27,0.2889914810657501,0.505545973777771,-0.00575167266651988,0.17460918426513672,277,272
83,2766,28,0.30071818828582764,0.3505367040634155,-0.11647281795740128,0.39208561182022095,288,189
83,2766,29,0.28782811760902405,0.5099907517433167,-0.014850894920527935,0.3032384514808655,276,275
83,2766,30,0.29672151803970337,0.3376953601837158,-0.13474513590335846,0.46140244603157043,284,182
83,2766,31,0.29436227679252625,0.5885081887245178,-0.03947531804442406,0.28073665499687195,282,317
83,2766,32,0.3074760138988495,0.36513662338256836,-0.18477971851825714,0.38055387139320374,295,197
84,2800,0,0.3186350166797638,0.5002586841583252,-0.006669497117400169,0.8340365290641785,305,270
84,2800,1,0.3142872750759125,0.5088279843330383,-0.01415242813527584,0.834865152835846,301,274
84,2800,2,0.31424781680107117,0.5097997188568115,-0.014354515820741653,0.8161617517471313,301,275
84,2800,3,0.31434696912765503,0.5100303292274475,-0.014371920377016068,0.8726913928985596,301,275
84,2800,4,0.31446754932403564,0.5051382184028625,-0.011595179326832294,0.8558720350265503,301,272
84,2800,5,0.3142513334751129,0.5058631896972656,-0.011850375682115555,0.8460946679115295,301,273
84,2800,6,0.3141923248767853,0.5072951316833496,-0.012012500315904617,0.8873440027236938,301,273
84,2800,7,0.3140711486339569,0.501308023929596,-0.03453689441084862,0.8549305200576782,301,270
84,2800,8,0.3094000220298767,0.5070263147354126,0.0003467850910965353,0.7660901546478271,297,273
84,2800,9,0.3171178698539734,0.49509283900260925,-0.004943016450852156,0.7497493624687195,304,267
84,2800,10,0.31396424770355225,0.48909834027290344,-0.002001836197450757,0.7049702405929565,301,264
84,2800,11,0.30540379881858826,0.4516514539718628,-0.028784841299057007,0.9894285798072815,293,243
84,2800,12,0.2933256924152374,0.47833913564682007,0.009117532521486282,0.9844537973403931,281,258
84,2800,13,0.2927720248699188,0.5130614042282104,-0.028266698122024536,0.11679390072822571,281,277
84,2800,14,0.29099851846694946,0.5346474051475525,-0.039089832454919815,0.08032263815402985,279,288
84,2800,15,0.2930750250816345,0.5679583549499512,-0.022616645321249962,0.1350523978471756,281,306
84,2800,16,0.2933477461338043,0.6000403761863708,-0.08896493911743164,0.11135029792785645,281,324
84,2800,17,0.298035591840744,0.5989761352539062,-0.030073631554841995,0.14985279738903046,286,323
84,2800,18,0.28946220874786377,0.6098294258117676,-0.10794713348150253,0.12375146150588989,277,329
84,2800,19,0.2973749041557312,0.5976438522338867,-0.03370768576860428,0.14754079282283783,285,322
84,2800,20,0.29275062680244446,0.6064925193786621,-0.1255592405796051,0.1161426231265068,281,327
84,2800,21,0.29302820563316345,0.5784635543823242,-0.0236112792044878,0.13257735967636108,281,312
84,2800,22,0.29393500089645386,0.6019018888473511,-0.1002526581287384,0.10780268907546997,282,325
84,2800,23,0.29110899567604065,0.25258585810661316,-0.0018605978693813086,0.9955725073814392,279,136
84,2800,24,0.2855534255504608,0.2352645993232727,0.0015264454996213317,0.9970560073852539,274,127
84,2800,25,0.3036958873271942,0.41621753573417664,0.11503760516643524,0.12711289525032043,291,224
84,2800,26,0.30490952730178833,0.19843074679374695,-0.024866925552487373,0.38659191131591797,292,107
84,2800,27,0.29671868681907654,0.583468496799469,0.09332572668790817,0.16392828524112701,284,315
84,2800,28,0.3043656051158905,0.15652717649936676,0.00784061849117279,0.36191967129707336,292,84
84,2800,29,0.29728683829307556,0.593076765537262,0.0894232913851738,0.2820016145706177,285,320
84,2800,30,0.30716264247894287,0.1538306176662445,0.015873391181230545,0.4254741668701172,294,83
84,2800,31,0.31474441289901733,0.6488253474235535,0.057540662586688995,0.2617460787296295,302,350
84,2800,32,0.3065044581890106,0.1234712079167366,-0.01863732375204563,0.34819480776786804,294,66
85,2833,0,0.32277390360832214,0.49093854427337646,-0.007060305215418339,0.8316839337348938,309,265
85,2833,1,0.31881487369537354,0.4963933825492859,-0.014114981517195702,0.834025502204895,306,268
85,2833,2,0.31873899698257446,0.49677252769470215,-0.014317103661596775,0.8130408525466919,305,268
85,2833,3,0.3188604414463043,0.49686601758003235,-0.014334646053612232,0.8726471662521362,306,268
85,2833,4,0.31904810667037964,0.49493294954299927,-0.011068434454500675,0.8565546870231628,306,267
85,2833,5,0.319021612405777,0.49562394618988037,-0.011321017518639565,0.8463116884231567,306,267
85,2833,6,0.3191351890563965,0.49661657214164734,-0.011485462076961994,0.8894696235656738,306,268
85,2833,7,0.318268746137619,0.490493506193161,-0.02459074929356575,0.8537780046463013,305,264
85,2833,8,0.3170430064201355,0.4947773814201355,0.0016670480836182833,0.7696937322616577,304,267
85,2833,9,0.31823205947875977,0.482948362827301,-0.005119199864566326,0.7493122816085815,305,260
85,2833,10,0.31779807806015015,0.48000097274780273,-0.0019738776609301567,0.7021132707595825,305,259
85,2833,11,0.30010873079299927,0.45002490282058716,-0.021817592903971672,0.988319993019104,288,243
85,2833,12,0.304825097322464,0.4760453999042511,0.007890986278653145,0.9848523139953613,292,257
85,2833,13,0.28940531611442566,0.5140563249588013,-0.007956022396683693,0.1092921793460846,277,277
85,2833,14,0.295902818441391,0.5420714616775513,-0.04201829060912132,0.07518801838159561,284,292
85,2833,15,0.29568830132484436,0.568773090839386,-0.013005128130316734,0.12511001527309418,283,307
85,2833,16,0.2973008155822754,0.6130263805389404,-0.07606510072946548,0.1059868261218071,285,331
85,2833,17,0.29942747950553894,0.5997541546821594,-0.020085401833057404,0.14054447412490845,287,323
85,2833,18,0.29503217339515686,0.6307274699211121,-0.09495075792074203,0.11933055520057678,283,340
85,2833,19,0.3003244698047638,0.599711000919342,-0.026689643040299416,0.1383724808692932,288,323
85,2833,20,0.2992459535598755,0.6288995146751404,-0.1058417484164238,0.11197970062494278,287,339
85,2833,21,0.29875898361206055,0.5856281518936157,-0.015659401193261147,0.12374294549226761,286,316
85,2833,22,0.29938945174217224,0.6253482103347778,-0.0839754194021225,0.10395552217960358,287,337
85,2833,23,0.2915635406970978,0.26373356580734253,0.000758329697418958,0.9952797889709473,279,142
85,2833,24,0.294523686170578,0.25116103887557983,-0.0011250476818531752,0.9970816969871521,282,135
85,2833,25,0.30519577860832214,0.414559543132782,0.09289140999317169,0.11733526736497879,292,223
85,2833,26,0.3025597631931305,0.22425593435764313,-0.08595604449510574,0.3845086395740509,290,121
85,2833,27,0.30437299609184265,0.5539324283599854,0.0874694213271141,0.15529035031795502,292,299
85,2833,28,0.3028111457824707,0.17338277399539948,-0.03246224671602249,0.34136444330215454,290,93
85,2833,29,0.3045506477355957,0.5568042993545532,0.08432821929454803,0.27411943674087524,292,300
85,2833,30,0.3096992075443268,0.17444369196891785,-0.01561182551085949,0.4062831699848175,297,94
85,2833,31,0.31267550587654114,0.6489652991294861,0.03391481935977936,0.2535648047924042,300,350
85,2833,32,0.3090316355228424,0.16180023550987244,-0.10200826078653336,0.330436110496521,296,87
86,2866,0,0.336942195892334,0.48149386048316956,-0.02039036899805069,0.8414236903190613,323,260
86,2866,1,0.33723488450050354,0.4852946400642395,-0.021082960069179535,0.8433890342712402,323,262
86,2866,2,0.3366311490535736,0.48524147272109985,-0.02127622626721859,0.8218206763267517,323,262
86,2866,3,0.3363785743713379,0.48526352643966675,-0.021288348361849785,0.8794339895248413,322,262
86,2866,4,0.339044451713562,0.48449084162712097,-0.01917705498635769,0.8653605580329895,325,261
86,2866,5,0.3395645320415497,0.4844649136066437,-0.019427919760346413,0.854964554309845,325,261
86,2866,6,0.34019479155540466,0.48489126563072205,-0.019602620974183083,0.8963597416877747,326,261
86,2866,7,0.3327351212501526,0.4810726046562195,-0.013400038704276085,0.8600905537605286,319,259
86,2866,8,0.33695024251937866,0.47792357206344604,0.0031807913910597563,0.7791216373443604,323,258
86,2866,9,0.33309024572372437,0.4771292209625244,-0.009776279330253601,0.7555310130119324,319,257
86,2866,10,0.3345341384410858,0.47464990615844727,-0.008132290095090866,0.7084054946899414,321,256
86,2866,11,0.3033231496810913,0.4501273036003113,0.015618393197655678,0.9874706268310547,291,243
86,2866,12,0.332636296749115,0.4581950008869171,0.0024606860242784023,0.9846007823944092,319,247
86,2866,13,0.2938506305217743,0.5354576110839844,0.02650800533592701,0.10437944531440735,282,289
86,2866,14,0.33332139253616333,0.5381995439529419,-0.05270490422844887,0.07979868352413177,319,290
86,2866,15,0.30055099725723267,0.6029866933822632,0.0030939599964767694,0.11829156428575516,288,325
86,2866,16,0.3332368731498718,0.6299512386322021,-0.09415089339017868,0.11109805852174759,319,340
86,2866,17,0.30405208468437195,0.6218971014022827,-0.010664781555533409,0.13477401435375214,291,335
86,2866,18,0.33423981070518494,0.6467492580413818,-0.11910288035869598,0.12373802065849304,320,349
86,2866,19,0.3069918751716614,0.6243508458137512,-0.02038879133760929,0.1324770599603653,294,337
86,2866,20,0.33485421538352966,0.6471173167228699,-0.12011301517486572,0.1151428073644638,321,349
86,2866,21,0.3059408962726593,0.6190192103385925,-0.0018338757799938321,0.11814755201339722,293,334
86,2866,22,0.3334934115409851,0.6432119011878967,-0.09880775958299637,0.10669504851102829,320,347
86,2866,23,0.29198309779167175,0.25434330105781555,0.005719163920730352,0.9951377511024475,280,137
86,2866,24,0.3130980134010315,0.2523821294307709,-0.006120188627392054,0.9970484972000122,300,136
86,2866,25,0.29887670278549194,0.44782009720802307,0.0822329968214035,0.11150935292243958,286,241
86,2866,26,0.31586459279060364,0.40625420212745667,-0.005395059939473867,0.3735198378562927,303,219
86,2866,27,0.2966841757297516,0.543734073638916,0.06605542451143265,0.1537638157606125,284,293
86,2866,28,0.31072133779525757,0.34880322217941284,-0.025711460039019585,0.3350989520549774,298,188
86,2866,29,0.296296626329422,0.5426144599914551,0.06355568766593933,0.26894429326057434,284,293
86,2866,30,0.3078119456768036,0.33197784423828125,-0.02726285345852375,0.39844363927841187,295,179
86,2866,31,0.30550557374954224,0.6195182204246521,0.02377784624695778,0.2487989068031311,293,334
86,2866,32,0.3184005618095398,0.3434649705886841,-0.07518777996301651,0.32197892665863037,305,185
87,2900,0,0.33088791370391846,0.48164430260658264,-0.004144200589507818,0.8520395159721375,317,260
87,2900,1,0.3314499258995056,0.4851152300834656,-0.0010083137312904,0.8531412482261658,318,261
87,2900,2,0.330978661775589,0.4851343333721161,-0.0012011483777314425,0.8325855135917664,317,261
87,2900,3,0.33073297142982483,0.48528265953063965,-0.0012055261759087443,0.8860138654708862,317,262
87,2900,4,0.3333701193332672,0.48403653502464294,-0.0005218178848735988,0.8750256896018982,320,261
87,2900,5,0.3369942009449005,0.4827030897140503,-0.0007646828889846802,0.8662235140800476,323,260
87,2900,6,0.3378525674343109,0.4827069938182831,-0.0009525884524919093,0.904482364654541,324,260
87,2900,7,0.3298572301864624,0.47999024391174316,0.017961079254746437,0.8686991930007935,316,259
87,2900,8,0.33633893728256226,0.47565460205078125,0.02189083956182003,0.7957047820091248,322,256
87,2900,9,0.3278282880783081,0.47428762912750244,0.007184663787484169,0.7675397992134094,314,256
87,2900,10,0.32928964495658875,0.4720091223716736,0.006422152277082205,0.7260380983352661,316,254
87,2900,11,0.30027255415916443,0.4503796398639679,0.036737263202667236,0.9852856397628784,288,243
87,2900,12,0.3359581530094147,0.4527968764305115,0.0069638704881072044,0.98473060131073,322,244
87,2900,13,0.29469215869903564,0.5314121246337891,0.05031634494662285,0.10112335532903671,282,286
87,2900,14,0.3405170738697052,0.5371258854866028,-0.05225211754441261,0.11671095341444016,326,290
87,2900,15,0.3002277612686157,0.5972654223442078,0.0455004908144474,0.11143602430820465,288,322
87,2900,16,0.33723559975624084,0.6311604976654053,-0.09242462366819382,0.1501966267824173,323,340
87,2900,17,0.30228033661842346,0.6152982711791992,0.0412336066365242,0.1294569969177246,290,332
87,2900,18,0.339864581823349,0.6485403776168823,-0.11481929570436478,0.16653893887996674,326,350
87,2900,19,0.30513784289360046,0.61807781457901,0.030724486336112022,0.12713797390460968,292,333
87,2900,20,0.3407883048057556,0.6499985456466675,-0.11227952688932419,0.15498094260692596,327,350
87,2900,21,0.30512115359306335,0.6152650713920593,0.04097706079483032,0.11424868553876877,292,332
87,2900,22,0.3395909070968628,0.6461818218231201,-0.09584856033325195,0.14473845064640045,326,348
87,2900,23,0.2943817675113678,0.260564923286438,0.006804268341511488,0.9945474863052368,282,140
87,2900,24,0.3150183856487274,0.26383519172668457,-0.007147528696805239,0.9967454671859741,302,142
87,2900,25,0.29562318325042725,0.43765920400619507,0.02378019690513611,0.15968410670757294,283,236
87,2900,26,0.31586843729019165,0.4279831051826477,-0.014873386360704899,0.41227445006370544,303,231
87,2900,27,0.2941599190235138,0.5367032289505005,-0.00706459628418088,0.21230129897594452,282,289
87,2900,28,0.31562894582748413,0.4999706745147705,-0.10279197990894318,0.39317771792411804,303,269
87,2900,29,0.2929475009441376,0.5355561375617981,-0.01124314684420824,0.32600733637809753,281,289
87,2900,30,0.31328341364860535,0.495826780796051,-0.11663977801799774,0.4497267007827759,300,267
87,2900,31,0.3007965087890625,0.6115758419036865,-0.05364653840661049,0.3080138564109802,288,330
87,2900,32,0.3215447664260864,0.543485164642334,-0.17834196984767914,0.3816658556461334,308,293
88,2933,0,0.34042662382125854,0.4750808775424957,0.01643229089677334,0.860064685344696,326,256
88,2933,1,0.34070637822151184,0.4802967309951782,0.021969394758343697,0.8612340688705444,327,259
88,2933,2,0.3375799357891083,0.48147279024124146,0.021763117983937263,0.8398072123527527,324,259
88,2933,3,0.33728089928627014,0.4816837012767792,0.02176547236740589,0.8918101787567139,323,260
88,2933,4,0.34269049763679504,0.4786841571331024,0.026458049193024635,0.8823630213737488,328,258
88,2933,5,0.34404271841049194,0.47378674149513245,0.026223206892609596,0.8741952776908875,330,255
88,2933,6,0.34497612714767456,0.47308048605918884,0.026078633964061737,0.9104886651039124,331,255
88,2933,7,0.33580008149147034,0.47807204723358154,0.04801744967699051,0.8754833936691284,322,258
88,2933,8,0.34423571825027466,0.4681047797203064,0.06991525739431381,0.80096834897995,330,252
88,2933,9,0.3370467722415924,0.4710042178630829,0.028923213481903076,0.7708841562271118,323,254
88,2933,10,0.3390198349952698,0.46845242381095886,0.03327039256691933,0.7303888201713562,325,252
88,2933,11,0.3041929006576538,0.46632829308509827,0.04429246112704277,0.9859932661056519,292,251
88,2933,12,0.3491520583629608,0.4309675097465515,0.06798426806926727,0.9796422719955444,335,232
88,2933,13,0.2935188412666321,0.5677474737167358,0.0538109727203846,0.10376369953155518,281,306
88,2933,14,0.3571336567401886,0.5280657410621643,0.0023461435921490192,0.11319131404161453,342,285
88,2933,15,0.29719310998916626,0.6360911726951599,0.05432121455669403,0.11467035114765167,285,343
88,2933,16,0.35835811495780945,0.6280263066291809,-0.05540935695171356,0.14743907749652863,344,339
88,2933,17,0.30068710446357727,0.6495973467826843,0.04996219649910927,0.13372376561164856,288,350
88,2933,18,0.36214667558670044,0.6462287902832031,-0.076131671667099,0.16565726697444916,347,348
88,2933,19,0.30214208364486694,0.6427285075187683,0.03757130727171898,0.1310039460659027,290,347
88,2933,20,0.3629001975059509,0.6441856026649475,-0.07406892627477646,0.1536877304315567,348,347
88,2933,21,0.3055354654788971,0.6408055424690247,0.04971074312925339,0.11894002556800842,293,346
88,2933,22,0.3592546880245209,0.6404274702072144,-0.05920320376753807,0.14394821226596832,344,345
88,2933,23,0.2981913983821869,0.2578558027744293,-0.002628361340612173,0.9947574138641357,286,139
88,2933,24,0.32513779401779175,0.2611787021160126,0.0022708671167492867,0.9960328340530396,312,141
88,2933,25,0.2992362380027771,0.2978600859642029,-0.09238963574171066,0.2223193347454071,287,160
88,2933,26,0.3366500437259674,0.4357205927371979,0.007409015670418739,0.3820320665836334,323,235
88,2933,27,0.3131629228591919,0.1802360564470291,-0.16718006134033203,0.2512821853160858,300,97
88,2933,28,0.33671101927757263,0.5937920808792114,-0.12770384550094604,0.38046613335609436,323,320
88,2933,29,0.3194730877876282,0.1516362875699997,-0.1757679581642151,0.3612190783023834,306,81
88,2933,30,0.3350355327129364,0.5940905213356018,-0.1441967785358429,0.4570190906524658,321,320
88,2933,31,0.34563589096069336,0.1475927084684372,-0.2534581124782562,0.3396977186203003,331,79
88,2933,32,0.338696151971817,0.6892519593238831,-0.19653180241584778,0.3847612142562866,325,372
89,2966,0,0.3308909237384796,0.4759148359298706,-0.07998691499233246,0.8707035183906555,317,256
89,2966,1,0.33087027072906494,0.4818257689476013,-0.0701887458562851,0.8705338835716248,317,260
89,2966,2,0.3283669352531433,0.48282667994499207,-0.07041613757610321,0.8500677347183228,315,260
89,2966,3,0.3281298577785492,0.4830647110939026,-0.0704432800412178,0.8988721370697021,315,260
89,2966,4,0.3333260118961334,0.4803130626678467,-0.07332954555749893,0.8911766409873962,319,259
89,2966,5,0.3347272276878357,0.47650542855262756,-0.0735960379242897,0.8838449120521545,321,257
89,2966,6,0.3372651934623718,0.4760204255580902,-0.07375649362802505,0.9174606204032898,323,257
89,2966,7,0.32745444774627686,0.47882160544395447,-0.020105192437767982,0.8844800591468811,314,258
89,2966,8,0.3384384214878082,0.46799397468566895,-0.03347422555088997,0.8149780631065369,324,252
89,2966,9,0.3275676667690277,0.47116807103157043,-0.05955157056450844,0.7826197743415833,314,254
89,2966,10,0.330789178609848,0.4688766896724701,-0.06501512974500656,0.7465723752975464,317,253
89,2966,11,0.30147483944892883,0.4656314551830292,-0.016342544928193092,0.9867867231369019,289,251
89,2966,12,0.3528244197368622,0.43117955327033997,-0.033135898411273956,0.9802955985069275,338,232
89,2966,13,0.29049524664878845,0.571273684501648,-0.04943018779158592,0.12431296706199646,278,308
89,2966,14,0.36159148812294006,0.5274632573127747,-0.10283602029085159,0.143121600151062,347,284
89,2966,15,0.2978585958480835,0.6540536284446716,-0.07738851010799408,0.12167897075414658,285,353
89,2966,16,0.3592430353164673,0.630037248134613,-0.14959731698036194,0.18789438903331757,344,340
89,2966,17,0.3020062744617462,0.6616921424865723,-0.08992869406938553,0.1400030106306076,289,357
89,2966,18,0.36557286977767944,0.6488053202629089,-0.17354163527488708,0.20448729395866394,350,350
89,2966,19,0.30413419008255005,0.6592859625816345,-0.09676425904035568,0.1370941549539566,291,356
89,2966,20,0.36502277851104736,0.6467156410217285,-0.17194019258022308,0.1920490711927414,350,349
89,2966,21,0.3041939437389374,0.6568825840950012,-0.08171577006578445,0.1276620328426361,292,354
89,2966,22,0.3619379699230194,0.6417132019996643,-0.15326480567455292,0.18356052041053772,347,346
89,2966,23,0.29583486914634705,0.2575038969516754,-0.0008099357946775854,0.9947556257247925,284,139
89,2966,24,0.323828786611557,0.25963714718818665,0.0005245198262855411,0.9958536028862,310,140
89,2966,25,0.2980145514011383,0.33484897017478943,-0.029972843825817108,0.2394220232963562,286,180
89,2966,26,0.32469144463539124,0.4263838529586792,-0.04608001559972763,0.3667861521244049,311,230
89,2966,27,0.31366100907325745,0.20905856788158417,-0.06639408320188522,0.2548329830169678,301,112
89,2966,28,0.32527393102645874,0.4434497356414795,-0.13080210983753204,0.36462217569351196,312,239
89,2966,29,0.3187949061393738,0.19162268936634064,-0.07168097794055939,0.3621859848499298,306,103
89,2966,30,0.3236512243747711,0.3835497796535492,-0.14023450016975403,0.445944219827652,310,207
89,2966,31,0.33954325318336487,0.19246511161327362,-0.12260396033525467,0.34075647592544556,325,103
89,2966,32,0.32843032479286194,0.4568883180618286,-0.18590344488620758,0.37408164143562317,315,246
90,3000,0,0.33422020077705383,0.5126243233680725,-0.06415316462516785,0.8828813433647156,320,276
90,3000,1,0.3328453004360199,0.531450092792511,-0.06883726269006729,0.8825280070304871,319,286
90,3000,2,0.3319658637046814,0.531509280204773,-0.06927820295095444,0.8639030456542969,318,287
90,3000,3,0.3319835662841797,0.530718982219696,-0.0694877877831459,0.9082897901535034,318,286
90,3000,4,0.3344897925853729,0.5318362712860107,-0.045023396611213684,0.9013730883598328,321,287
90,3000,5,0.33530908823013306,0.5315956473350525,-0.045286811888217926,0.8947720527648926,321,287
90,3000,6,0.33956724405288696,0.5277478694915771,-0.045285504311323166,0.9252180457115173,325,284
90,3000,7,0.3259056806564331,0.5112529397010803,-0.008636915124952793,0.8953625559806824,312,276
90,3000,8,0.33808469772338867,0.4996940791606903,0.02391749992966652,0.8315693736076355,324,269
90,3000,9,0.3312624394893646,0.5139199495315552,-0.04751647636294365,0.8018365502357483,318,277
90,3000,10,0.3365075886249542,0.5095844864845276,-0.039454009383916855,0.7686628699302673,323,275
90,3000,11,0.301906019449234,0.4768989384174347,-0.010583939030766487,0.987869918346405,289,257
90,3000,12,0.35472604632377625,0.44788873195648193,0.03332117572426796,0.9814478158950806,340,241
90,3000,13,0.29928693175315857,0.6053589582443237,-0.018542306497693062,0.16661512851715088,287,326
90,3000,14,0.365078866481781,0.5316006541252136,-0.017478594556450844,0.14584942162036896,350,287
90,3000,15,0.3151261508464813,0.651458203792572,-0.06599772721529007,0.14898647367954254,302,351
90,3000,16,0.3730873763561249,0.6320798397064209,-0.0806761309504509,0.19520603120326996,358,341
90,3000,17,0.3144138753414154,0.6527228355407715,-0.07568224519491196,0.16315263509750366,301,352
90,3000,18,0.38656651973724365,0.6489144563674927,-0.09982719272375107,0.2155333310365677,371,350
90,3000,19,0.3195681869983673,0.6492292881011963,-0.06558849662542343,0.15911169350147247,306,350
90,3000,20,0.3820289373397827,0.6450026035308838,-0.11063949763774872,0.20376770198345184,366,348
90,3000,21,0.3222333490848541,0.6502608060836792,-0.05614115670323372,0.14946581423282623,309,351
90,3000,22,0.37774407863616943,0.640896201133728,-0.09018220007419586,0.19635672867298126,362,346
90,3000,23,0.30507755279541016,0.25030821561813354,-0.004866944160312414,0.9949445128440857,292,135
90,3000,24,0.33728840947151184,0.25684189796447754,0.004575117025524378,0.9958910942077637,323,138
90,3000,25,0.30678465962409973,0.33410924673080444,-0.044033754616975784,0.24678485095500946,294,180
90,3000,26,0.33944082260131836,0.4035947918891907,-0.08375176787376404,0.3647042512893677,325,217
90,3000,27,0.32217586040496826,0.2847955524921417,-0.12507331371307373,0.24150975048542023,309,153
90,3000,28,0.344858318567276,0.3533058166503906,-0.31109318137168884,0.3591373562812805,331,190
90,3000,29,0.3237548768520355,0.2648473083972931,-0.1354171335697174,0.35783666372299194,310,143
90,3000,30,0.34390199184417725,0.30427178740501404,-0.33481964468955994,0.4534006118774414,330,164
90,3000,31,0.3357897698879242,0.31236037611961365,-0.1767570823431015,0.33044877648353577,322,168
90,3000,32,0.34565049409866333,0.40543463826179504,-0.39315906167030334,0.3809239864349365,331,218
91,3033,0,0.3554248809814453,0.45894694328308105,0.09159202128648758,0.893772304058075,341,247
91,3033,1,0.3510119616985321,0.47306516766548157,0.09304845333099365,0.8935756683349609,336,255
91,3033,2,0.34963610768318176,0.4751596450805664,0.0928552895784378,0.8765674829483032,335,256
91,3033,3,0.34826281666755676,0.4764748513698578,0.09289321303367615,0.9168649315834045,334,257
91,3033,4,0.35476604104042053,0.46739399433135986,0.10578355938196182,0.9107072353363037,340,252
91,3033,5,0.35467779636383057,0.4671873450279236,0.10555578768253326,0.904761791229248,340,252
91,3033,6,0.3552599251270294,0.46670767664909363,0.10548380017280579,0.9322918653488159,341,252
91,3033,7,0.3375031352043152,0.4769214689731598,0.09868114441633224,0.9052127599716187,324,257
91,3033,8,0.3463302552700043,0.4616369605064392,0.15294022858142853,0.8467420935630798,332,249
91,3033,9,0.35002440214157104,0.4568854868412018,0.09497234225273132,0.8192752599716187,336,246
91,3033,10,0.3518897593021393,0.45080798864364624,0.10904935747385025,0.7890194058418274,337,243
91,3033,11,0.31126680970191956,0.47080934047698975,0.07560822367668152,0.9889367818832397,298,254
91,3033,12,0.3485078811645508,0.4254245162010193,0.1428900510072708,0.9814199805259705,334,229
91,3033,13,0.30715134739875793,0.5876879096031189,0.059219732880592346,0.20490072667598724,294,317
91,3033,14,0.3605619966983795,0.5211613774299622,0.0765099748969078,0.13862042129039764,346,281
91,3033,15,0.31391656398773193,0.6519728302955627,0.038693867623806,0.19834767282009125,301,352
91,3033,16,0.3721744418144226,0.6161466836929321,0.017303936183452606,0.18603749573230743,357,332
91,3033,17,0.3150526285171509,0.6600255370140076,0.02943011373281479,0.21290405094623566,302,356
91,3033,18,0.383371502161026,0.6464121341705322,0.002559899352490902,0.2077268660068512,368,349
91,3033,19,0.3163716197013855,0.6579925417900085,0.024955490604043007,0.206780344247818,303,355
91,3033,20,0.3764435648918152,0.641150951385498,0.0008528231410309672,0.19518324732780457,361,346
91,3033,21,0.32101505994796753,0.6520951986312866,0.03785374015569687,0.194380983710289,308,352
91,3033,22,0.3779253661632538,0.6387561559677124,0.011890237219631672,0.1887606829404831,362,344
91,3033,23,0.31051361560821533,0.2502959072589874,-0.012904748320579529,0.9953680038452148,298,135
91,3033,24,0.3385419547557831,0.2661823630332947,0.012496870942413807,0.9959427714347839,325,143
91,3033,25,0.30473607778549194,0.25744447112083435,-0.1739182323217392,0.32161277532577515,292,139
91,3033,26,0.33272239565849304,0.45143404603004456,0.018216460943222046,0.3670863211154938,319,243
91,3033,27,0.3254309594631195,0.16176337003707886,-0.3067048192024231,0.3152273893356323,312,87
91,3033,28,0.343151718378067,0.6030685901641846,-0.08643706887960434,0.38023641705513,329,325
91,3033,29,0.33167150616645813,0.12741157412528992,-0.3217625617980957,0.4199621081352234,318,68
91,3033,30,0.34639233350753784,0.5983111262321472,-0.09752001613378525,0.48746904730796814,332,323
91,3033,31,0.34253033995628357,0.1437157839536667,-0.40178385376930237,0.3950538635253906,328,77
91,3033,32,0.3413330614566803,0.6919735074043274,-0.11465539038181305,0.41250425577163696,327,373
92,3066,0,0.3667316734790802,0.4578838050365448,-0.07931849360466003,0.8755804896354675,352,247
92,3066,1,0.36732685565948486,0.4705432951450348,-0.08977458626031876,0.8702501654624939,352,254
92,3066,2,0.36697062849998474,0.4709073007106781,-0.08999240398406982,0.8526721000671387,352,254
92,3066,3,0.3668110966682434,0.47134098410606384,-0.09005048125982285,0.8966124653816223,352,254
92,3066,4,0.36832720041275024,0.4623187184333801,-0.0778377503156662,0.8918646574020386,353,249
92,3066,5,0.3685947060585022,0.46216318011283875,-0.07810444384813309,0.8886990547180176,353,249
92,3066,6,0.3690704107284546,0.4621303975582123,-0.07833694666624069,0.9200482964515686,354,249
92,3066,7,0.35160037875175476,0.46859657764434814,-0.1100718304514885,0.8866069912910461,337,253
92,3066,8,0.35455235838890076,0.4513747990131378,-0.054463211447000504,0.8232289552688599,340,243
92,3066,9,0.3604200482368469,0.4513794481754303,-0.08243885636329651,0.7874563932418823,346,243
92,3066,10,0.36600878834724426,0.45162439346313477,-0.06767233461141586,0.7543146014213562,351,243
92,3066,11,0.3181127905845642,0.43929314613342285,-0.10478556901216507,0.9841637015342712,305,237
92,3066,12,0.360311895608902,0.41207149624824524,-0.04348665103316307,0.9774149060249329,345,222
92,3066,13,0.30741801857948303,0.5183707475662231,-0.11545899510383606,0.18765966594219208,295,279
92,3066,14,0.38024088740348816,0.4981825053691864,-0.08056437969207764,0.13223567605018616,365,269
92,3066,15,0.30761808156967163,0.6495056748390198,-0.11744337528944016,0.1802862286567688,295,350
92,3066,16,0.40258118510246277,0.6130384802818298,-0.13506564497947693,0.17157959938049316,386,331
92,3066,17,0.30821946263313293,0.6568650007247925,-0.12909631431102753,0.19403819739818573,295,354
92,3066,18,0.4114367663860321,0.6420137286186218,-0.15280327200889587,0.19129660725593567,394,346
92,3066,19,0.3097320795059204,0.655659019947052,-0.13648764789104462,0.18850788474082947,297,354
92,3066,20,0.41282665729522705,0.6394829154014587,-0.163101464509964,0.17989026010036469,396,345
92,3066,21,0.315151184797287,0.6521382331848145,-0.12163595110177994,0.1773541271686554,302,352
92,3066,22,0.4078317880630493,0.6361953020095825,-0.14447596669197083,0.17469064891338348,391,343
92,3066,23,0.31762921810150146,0.23479856550693512,-0.01835949532687664,0.9944376945495605,304,126
92,3066,24,0.3411663770675659,0.23637306690216064,0.018068190664052963,0.9957365989685059,327,127
92,3066,25,0.31102102994918823,0.41250818967819214,-0.05606149509549141,0.30025714635849,298,222
92,3066,26,0.37194299697875977,0.4266541600227356,0.0839465856552124,0.34028711915016174,357,230
92,3066,27,0.30435946583747864,0.6131450533866882,-0.028572507202625275,0.3061130940914154,292,331
92,3066,28,0.3888791501522064,0.5066811442375183,0.020942725241184235,0.37855052947998047,373,273
92,3066,29,0.29813650250434875,0.6335530877113342,-0.027870437130331993,0.4036416709423065,286,342
92,3066,30,0.3896646201610565,0.5061477422714233,0.014490797184407711,0.47521182894706726,374,273
92,3066,31,0.32297882437705994,0.6461408734321594,-0.08057615906000137,0.3877110183238983,310,348
92,3066,32,0.390851229429245,0.5449392199516296,-0.04301520064473152,0.4073731005191803,375,294
93,3100,0,0.3618849217891693,0.4501599073410034,-0.10245151817798615,0.8212288022041321,347,243
93,3100,1,0.3629765212535858,0.46180230379104614,-0.10967414081096649,0.8105882406234741,348,249
93,3100,2,0.36261361837387085,0.46172431111335754,-0.1098884642124176,0.7926766276359558,348,249
93,3100,3,0.3581835925579071,0.46346932649612427,-0.10995937883853912,0.8391082286834717,343,250
93,3100,4,0.36382609605789185,0.4594179093837738,-0.10093231499195099,0.8387624621391296,349,248
93,3100,5,0.3640082776546478,0.45937061309814453,-0.10119862854480743,0.8405099511146545,349,248
93,3100,6,0.3643244504928589,0.4598305821418762,-0.10144473612308502,0.8794546723365784,349,248
93,3100,7,0.34641170501708984,0.45881232619285583,-0.11839748919010162,0.8287952542304993,332,247
93,3100,8,0.3510046899318695,0.44843536615371704,-0.07786262780427933,0.7680864930152893,336,242
93,3100,9,0.3588161766529083,0.44445091485977173,-0.10116958618164062,0.7213128209114075,344,240
93,3100,10,0.36049574613571167,0.43945491313934326,-0.09094991534948349,0.6912948489189148,346,237
93,3100,11,0.32222479581832886,0.4193020462989807,-0.09535887837409973,0.9721701145172119,309,226
93,3100,12,0.3537292778491974,0.3962462842464447,-0.06817464530467987,0.967580258846283,339,213
93,3100,13,0.3034989535808563,0.48891910910606384,-0.08242824673652649,0.16967947781085968,291,264
93,3100,14,0.3587486147880554,0.4263382852077484,-0.08379273861646652,0.12042620033025742,344,230
93,3100,15,0.3054260313510895,0.6302834153175354,-0.06391622871160507,0.16254200041294098,293,340
93,3100,16,0.31842416524887085,0.49244311451911926,-0.10976960510015488,0.15486787259578705,305,265
93,3100,17,0.30541500449180603,0.6467911005020142,-0.07159993052482605,0.17513905465602875,293,349
93,3100,18,0.30833354592323303,0.5076258182525635,-0.1274966150522232,0.172830730676651,296,274
93,3100,19,0.30702537298202515,0.6505657434463501,-0.07879914343357086,0.17013032734394073,294,351
93,3100,20,0.30657777190208435,0.5128754377365112,-0.13186191022396088,0.16252146661281586,294,276
93,3100,21,0.31380751729011536,0.6504928469657898,-0.06699665635824203,0.16010235249996185,301,351
93,3100,22,0.30940231680870056,0.511633038520813,-0.1152409240603447,0.15786392986774445,297,276
93,3100,23,0.3191058337688446,0.23135539889335632,-0.014287276193499565,0.9923582077026367,306,124
93,3100,24,0.3408278226852417,0.2282828390598297,0.01398960780352354,0.9943861365318298,327,123
93,3100,25,0.31516316533088684,0.42175203561782837,-0.045899879187345505,0.27951329946517944,302,227
93,3100,26,0.3692689836025238,0.42241817712783813,0.05521564558148384,0.3127271234989166,354,228
93,3100,27,0.29581648111343384,0.622935950756073,-0.04759124666452408,0.29860720038414,283,336
93,3100,28,0.3945026397705078,0.5230622291564941,-0.02946718968451023,0.36960569024086,378,282
93,3100,29,0.29067638516426086,0.6396054625511169,-0.05105798691511154,0.3919937312602997,279,345
93,3100,30,0.3971957266330719,0.5272814035415649,-0.037815630435943604,0.4567732512950897,381,284
93,3100,31,0.307472825050354,0.6641483902931213,-0.10070240497589111,0.3828144073486328,295,358
93,3100,32,0.39862677454948425,0.5793491005897522,-0.09195443242788315,0.39639753103256226,382,312
94,3133,0,0.36839058995246887,0.46707502007484436,-0.06663616746664047,0.7987306714057922,353,252
94,3133,1,0.36794957518577576,0.4836183786392212,-0.06984549015760422,0.7837843298912048,353,261
94,3133,2,0.36759376525878906,0.4826670289039612,-0.07006129622459412,0.7646427750587463,352,260
94,3133,3,0.36677539348602295,0.48244708776474,-0.07010383903980255,0.8202597498893738,352,260
94,3133,4,0.3686763346195221,0.4840463101863861,-0.062047503888607025,0.8148388862609863,353,261
94,3133,5,0.36867520213127136,0.4839738607406616,-0.06230597570538521,0.8128713965415955,353,261
94,3133,6,0.3687928318977356,0.48401233553886414,-0.06252426654100418,0.8579909205436707,354,261
94,3133,7,0.35182198882102966,0.47926709055900574,-0.0678354799747467,0.8101031184196472,337,258
94,3133,8,0.3605859577655792,0.464747816324234,-0.03344937413930893,0.735897421836853,346,250
94,3133,9,0.36305442452430725,0.45823022723197937,-0.06246980279684067,0.6997153759002686,348,247
94,3133,10,0.365722119808197,0.45046260952949524,-0.05355682224035263,0.6585056185722351,351,243
94,3133,11,0.3244797885417938,0.44166311621665955,-0.05778837576508522,0.9727159738540649,311,238
94,3133,12,0.3618956506252289,0.3967708349227905,-0.031142715364694595,0.9665669798851013,347,214
94,3133,13,0.3021380305290222,0.5397804379463196,-0.05457177013158798,0.15894092619419098,290,291
94,3133,14,0.3697330057621002,0.45246970653533936,-0.06570020318031311,0.10960355401039124,354,244
94,3133,15,0.30317893624305725,0.6406651735305786,-0.045952070504426956,0.1490301638841629,291,345
94,3133,16,0.36836835741996765,0.5358500480651855,-0.1098180040717125,0.1402595341205597,353,289
94,3133,17,0.3067505657672882,0.6541566252708435,-0.05294126272201538,0.1613989621400833,294,353
94,3133,18,0.3660316467285156,0.5520981550216675,-0.1298123151063919,0.15669600665569305,351,298
94,3133,19,0.31059348583221436,0.6554749608039856,-0.059346992522478104,0.1568605601787567,298,353
94,3133,20,0.3660002052783966,0.553982675075531,-0.13770267367362976,0.1473781019449234,351,299
94,3133,21,0.3118293583393097,0.6544753909111023,-0.04833202809095383,0.14740392565727234,299,353
94,3133,22,0.3660624921321869,0.5513291358947754,-0.1176285594701767,0.14335471391677856,351,297
94,3133,23,0.32560765743255615,0.24677260220050812,-0.012300616130232811,0.99190753698349,312,133
94,3133,24,0.34273001551628113,0.229776993393898,0.012022617273032665,0.9943975806236267,329,124
94,3133,25,0.3321235477924347,0.46040043234825134,0.0651700422167778,0.25502660870552063,318,248
94,3133,26,0.3685125410556793,0.36525893211364746,0.03479332849383354,0.3065999150276184,353,197
94,3133,27,0.3011360764503479,0.6257540583610535,0.06785774230957031,0.28536656498908997,289,337
94,3133,28,0.3745425045490265,0.22866839170455933,0.008892050944268703,0.3563777208328247,359,123
94,3133,29,0.3023894429206848,0.6255407929420471,0.06654571741819382,0.37587153911590576,290,337
94,3133,30,0.3729049861431122,0.20886075496673584,0.011857614852488041,0.43698209524154663,357,112
94,3133,31,0.31827104091644287,0.671320378780365,0.022219687700271606,0.3679471015930176,305,362
94,3133,32,0.3776620924472809,0.18014611303806305,-0.03581160679459572,0.37384453415870667,362,97
95,3166,0,0.3811444938182831,0.46768903732299805,-0.08681905269622803,0.798873782157898,365,252
95,3166,1,0.3767680525779724,0.4816352427005768,-0.08967134356498718,0.77386075258255,361,260
95,3166,2,0.3752174377441406,0.48167142271995544,-0.08987919986248016,0.7548395395278931,360,260
95,3166,3,0.3735367953777313,0.48181015253067017,-0.08992135524749756,0.8112728595733643,358,260
95,3166,4,0.38001057505607605,0.4792264699935913,-0.07950155436992645,0.8083188533782959,364,258
95,3166,5,0.3804752230644226,0.47752442955970764,-0.0797286108136177,0.8080819249153137,365,257
95,3166,6,0.38482028245925903,0.48095279932022095,-0.07992029190063477,0.8534210920333862,369,259
95,3166,7,0.3627815544605255,0.4757446348667145,-0.09232113510370255,0.8030394315719604,348,256
95,3166,8,0.37556472420692444,0.45938974618911743,-0.04391155019402504,0.7219308018684387,360,248
95,3166,9,0.3755214512348175,0.4592019319534302,-0.08506441861391068,0.681142270565033,360,247
95,3166,10,0.38047322630882263,0.45260921120643616,-0.07265359908342361,0.6400853991508484,365,244
95,3166,11,0.3320050537586212,0.43842923641204834,-0.0865192785859108,0.9699065089225769,318,236
95,3166,12,0.38697555661201477,0.3973541855812073,-0.03887001425027847,0.9583848714828491,371,214
95,3166,13,0.30111926794052124,0.5350977182388306,-0.09598208963871002,0.15126077830791473,289,288
95,3166,14,0.4267182946205139,0.43679535388946533,-0.07435286045074463,0.10354191064834595,409,235
95,3166,15,0.30217888951301575,0.6440438032150269,-0.09058598428964615,0.13685983419418335,290,347
95,3166,16,0.46004265546798706,0.5078527927398682,-0.10378382354974747,0.12734220921993256,441,274
95,3166,17,0.30525633692741394,0.6574485301971436,-0.09813081473112106,0.14821410179138184,293,355
95,3166,18,0.46809911727905273,0.5263917446136475,-0.12324663251638412,0.14203494787216187,449,284
95,3166,19,0.3081386983394623,0.6590332388877869,-0.10091174393892288,0.14400191605091095,295,355
95,3166,20,0.4679522216320038,0.5245921611785889,-0.1272750198841095,0.13365554809570312,449,283
95,3166,21,0.31035107374191284,0.6579038500785828,-0.09260863810777664,0.1354813128709793,297,355
95,3166,22,0.46364161372184753,0.5211413502693176,-0.11144327372312546,0.13026873767375946,445,281
95,3166,23,0.33039915561676025,0.23260806500911713,-0.012461644597351551,0.9862326383590698,317,125
95,3166,24,0.3553166091442108,0.22331783175468445,0.012140227481722832,0.9895766377449036,341,120
95,3166,25,0.32375985383987427,0.44222337007522583,0.04863749071955681,0.24370798468589783,310,238
95,3166,26,0.3831189274787903,0.41187894344329834,0.10966474562883377,0.2784408926963806,367,222
95,3166,27,0.29606011509895325,0.6452568173408508,0.02786337584257126,0.27963852882385254,284,348
95,3166,28,0.4085986018180847,0.5812603235244751,0.07938899844884872,0.3438580632209778,392,313
95,3166,29,0.29627493023872375,0.6596289873123169,0.02981576882302761,0.3632432222366333,284,356
95,3166,30,0.4154598116874695,0.576637327671051,0.07584938406944275,0.4151758551597595,398,311
95,3166,31,0.3182072639465332,0.6734960675239563,-0.02046048454940319,0.35429900884628296,305,363
95,3166,32,0.4117226004600525,0.6218256950378418,0.019880125299096107,0.3561457097530365,395,335
96,3200,0,0.3686876595020294,0.4681648910045624,-0.09341182559728622,0.7866178750991821,353,252
96,3200,1,0.36608371138572693,0.48162785172462463,-0.09731671959161758,0.7584330439567566,351,260
96,3200,2,0.36730748414993286,0.4822489321231842,-0.09756316244602203,0.7400617003440857,352,260
96,3200,3,0.3634434640407562,0.4817274808883667,-0.09763521701097488,0.8021599054336548,348,260
96,3200,4,0.3684369623661041,0.47930195927619934,-0.08976628631353378,0.796644389629364,353,258
96,3200,5,0.36893531680107117,0.47755634784698486,-0.09001924097537994,0.7951305508613586,354,257
96,3200,6,0.3722834587097168,0.48090609908103943,-0.09026050567626953,0.8449347019195557,357,259
96,3200,7,0.35450464487075806,0.4750155508518219,-0.09488482773303986,0.796196460723877,340,256
96,3200,8,0.36429309844970703,0.4619492292404175,-0.05944928899407387,0.7069873809814453,349,249
96,3200,9,0.36412253975868225,0.459317684173584,-0.08879852294921875,0.6682558655738831,349,248
96,3200,10,0.36777523159980774,0.45438724756240845,-0.0803041085600853,0.6255902647972107,353,245
96,3200,11,0.32963085174560547,0.43371760845184326,-0.08914034068584442,0.9699623584747314,316,234
96,3200,12,0.37616440653800964,0.4034155607223511,-0.03421219810843468,0.9582332372665405,361,217
96,3200,13,0.30281862616539,0.5200098156929016,-0.0815138891339302,0.1390751600265503,290,280
96,3200,14,0.39224132895469666,0.4430031180381775,-0.04672045633196831,0.09419285506010056,376,239
96,3200,15,0.30253204703330994,0.6192874908447266,-0.06528149545192719,0.1242346540093422,290,334
96,3200,16,0.41583600640296936,0.5122894048690796,-0.06121622771024704,0.11506268382072449,399,276
96,3200,17,0.30725157260894775,0.6552363634109497,-0.07402972877025604,0.1351517289876938,294,353
96,3200,18,0.38976341485977173,0.5278725028038025,-0.07621785998344421,0.12856458127498627,374,285
96,3200,19,0.30784937739372253,0.6468284130096436,-0.07900581508874893,0.1313064992427826,295,349
96,3200,20,0.38475197553634644,0.5319585800170898,-0.08317457884550095,0.12101035565137863,369,287
96,3200,21,0.3087705671787262,0.6403411030769348,-0.06736160814762115,0.12346287071704865,296,345
96,3200,22,0.38942262530326843,0.5292237997055054,-0.06754506379365921,0.11803650856018066,373,285
96,3200,23,0.3332367539405823,0.23398765921592712,-0.015962667763233185,0.9861385822296143,319,126
96,3200,24,0.3539966642856598,0.22279828786849976,0.015617773868143559,0.9898337125778198,339,120
96,3200,25,0.32901731133461,0.4693339467048645,0.028687085956335068,0.22824698686599731,315,253
96,3200,26,0.3869996666908264,0.412699431180954,0.07087095826864243,0.274441123008728,371,222
96,3200,27,0.29625850915908813,0.6306396126747131,-0.002642654348164797,0.2863377034664154,284,340
96,3200,28,0.38725191354751587,0.3230713903903961,0.01772799715399742,0.3526449203491211,371,174
96,3200,29,0.29223698377609253,0.6363254189491272,-0.0055028414353728294,0.3629394471645355,280,343
96,3200,30,0.3878117501735687,0.3019333481788635,0.011999054811894894,0.415290504693985,372,163
96,3200,31,0.3044848144054413,0.6662258505821228,-0.05320979282259941,0.36106595396995544,292,359
96,3200,32,0.39180001616477966,0.30696001648902893,-0.060558684170246124,0.35564446449279785,376,165
97,3233,0,0.364597886800766,0.46828776597976685,-0.14833234250545502,0.7862142324447632,350,252
97,3233,1,0.36217692494392395,0.48203739523887634,-0.15139351785182953,0.7513158321380615,347,260
97,3233,2,0.3625648319721222,0.4825112223625183,-0.15163299441337585,0.731429934501648,348,260
97,3233,3,0.3598147928714752,0.4820786714553833,-0.15168650448322296,0.7963006496429443,345,260
97,3233,4,0.36472052335739136,0.48028212785720825,-0.14783598482608795,0.7940228581428528,350,259
97,3233,5,0.3652097284793854,0.4789407253265381,-0.1480848640203476,0.7943325042724609,350,258
97,3233,6,0.3670961558818817,0.4814912676811218,-0.1483103483915329,0.8459756374359131,352,260
97,3233,7,0.35390979051589966,0.4757450222969055,-0.13996222615242004,0.790181040763855,339,256
97,3233,8,0.3633836805820465,0.4686000347137451,-0.1231522262096405,0.7014420032501221,348,253
97,3233,9,0.3612602949142456,0.4598524272441864,-0.13906191289424896,0.6467449069023132,346,248
97,3233,10,0.3644326627254486,0.4552110731601715,-0.1359739750623703,0.6125487089157104,349,245
97,3233,11,0.3362935781478882,0.43432551622390747,-0.11010200530290604,0.9674825072288513,322,234
97,3233,12,0.37548571825027466,0.4051949679851532,-0.09723176807165146,0.9557438492774963,360,218
97,3233,13,0.31625673174858093,0.4906121790409088,-0.0750165805220604,0.12603209912776947,303,264
97,3233,14,0.3867962658405304,0.4435242712497711,-0.11394741386175156,0.08923624455928802,371,239
97,3233,15,0.31621497869491577,0.5533541440963745,-0.050981976091861725,0.1120542511343956,303,298
97,3233,16,0.4147096276283264,0.5139296650886536,-0.14020800590515137,0.10485360771417618,398,277
97,3233,17,0.31722497940063477,0.5732161402702332,-0.05638556182384491,0.1219727024435997,304,309
97,3233,18,0.37456974387168884,0.5324987173080444,-0.16203109920024872,0.11709614098072052,359,287
97,3233,19,0.3185390532016754,0.5711309909820557,-0.06697061657905579,0.11851105093955994,305,308
97,3233,20,0.36725279688835144,0.5355780720710754,-0.16187100112438202,0.11033735424280167,352,289
97,3233,21,0.31856006383895874,0.5666437149047852,-0.05390758067369461,0.11145127564668655,305,305
97,3233,22,0.3726433515548706,0.5321850776672363,-0.1433456838130951,0.10757829248905182,357,287
97,3233,23,0.3365788757801056,0.23710188269615173,-0.008252162486314774,0.9811705350875854,323,128
97,3233,24,0.35822197794914246,0.23556643724441528,0.007949977181851864,0.9863223433494568,343,127
97,3233,25,0.3275240361690521,0.4537089169025421,0.027499208226799965,0.2074095904827118,314,245
97,3233,26,0.3829137682914734,0.4450905919075012,0.07094929367303848,0.2488265186548233,367,240
97,3233,27,0.2960238754749298,0.6332292556762695,0.04857266694307327,0.2625456750392914,284,341
97,3233,28,0.40854188799858093,0.556697428226471,0.04217902198433876,0.32797449827194214,392,300
97,3233,29,0.28971320390701294,0.6494547128677368,0.05053422227501869,0.33316782116889954,278,350
97,3233,30,0.41342732310295105,0.5637716054916382,0.039857167750597,0.38480302691459656,396,304
97,3233,31,0.3052191436290741,0.6629629135131836,0.004298278596252203,0.3333672881126404,293,357
97,3233,32,0.41898471117019653,0.6184209585189819,-0.013230681419372559,0.33283552527427673,402,333
98,3266,0,0.3836217522621155,0.491648405790329,-0.12129291892051697,0.8060232400894165,368,265
98,3266,1,0.3825731873512268,0.5074239373207092,-0.11266061663627625,0.7748872637748718,367,274
98,3266,2,0.3818800747394562,0.5070196986198425,-0.11294291913509369,0.7564853429794312,366,273
98,3266,3,0.3753190338611603,0.5089337825775146,-0.11307220160961151,0.8157073855400085,360,274
98,3266,4,0.38128572702407837,0.5021539926528931,-0.09141842275857925,0.8136168122291565,366,271
98,3266,5,0.38329270482063293,0.5063375234603882,-0.09164746850728989,0.8138318061828613,367,273
98,3266,6,0.38149377703666687,0.5005825757980347,-0.09164421260356903,0.8606464862823486,366,270
98,3266,7,0.3676835596561432,0.49927273392677307,-0.08629364520311356,0.8101445436477661,352,269
98,3266,8,0.37644627690315247,0.49189621210098267,-0.020778387784957886,0.7275833487510681,361,265
98,3266,9,0.3801542818546295,0.480121910572052,-0.10639508813619614,0.6792196035385132,364,259
98,3266,10,0.38227808475494385,0.47610875964164734,-0.08061576634645462,0.6478853225708008,366,257
98,3266,11,0.3477570116519928,0.45323601365089417,-0.0839567556977272,0.9705369472503662,333,244
98,3266,12,0.38437706232070923,0.4214089512825012,0.016164707019925117,0.958611011505127,369,227
98,3266,13,0.3269641697406769,0.5462489724159241,-0.07273680716753006,0.14262403547763824,313,294
98,3266,14,0.3761390149593353,0.4885013699531555,-0.020808020606637,0.08641932159662247,361,263
98,3266,15,0.31278127431869507,0.6180945038795471,-0.0837937593460083,0.15158973634243011,300,333
98,3266,16,0.35672637820243835,0.5560914874076843,-0.08230825513601303,0.10186746716499329,342,300
98,3266,17,0.3103793263435364,0.6318219304084778,-0.09892632067203522,0.1607016772031784,297,341
98,3266,18,0.34143707156181335,0.5719265341758728,-0.10569145530462265,0.11470666527748108,327,308
98,3266,19,0.3104359209537506,0.6334429979324341,-0.11331527680158615,0.15698932111263275,298,342
98,3266,20,0.3400355577468872,0.5743557214736938,-0.11150465905666351,0.10790825635194778,326,310
98,3266,21,0.31193360686302185,0.6289210915565491,-0.0900169312953949,0.14784204959869385,299,339
98,3266,22,0.34266793727874756,0.5714690685272217,-0.09003332257270813,0.10440362989902496,328,308
98,3266,23,0.3447110056877136,0.24041470885276794,-0.02949613519012928,0.9828463792800903,330,129
98,3266,24,0.3698967397212982,0.24842950701713562,0.02918047271668911,0.9872936010360718,355,134
98,3266,25,0.35752806067466736,0.40126556158065796,-0.18243685364723206,0.2589593827724457,343,216
98,3266,26,0.4003772437572479,0.4382341504096985,0.07627160847187042,0.23048844933509827,384,236
98,3266,27,0.3669295012950897,0.28425076603889465,-0.08087852597236633,0.25291067361831665,352,153
98,3266,28,0.4266907274723053,0.5160157084465027,-0.052343737334012985,0.3233170509338379,409,278
98,3266,29,0.3663131594657898,0.27169591188430786,-0.07080639153718948,0.32048240303993225,351,146
98,3266,30,0.4298515021800995,0.5065146684646606,-0.07263567298650742,0.384027898311615,412,273
98,3266,31,0.38528358936309814,0.272404283285141,-0.12398459762334824,0.32005298137664795,369,147
98,3266,32,0.44513827562332153,0.6275610327720642,-0.14209891855716705,0.33162635564804077,427,338
99,3300,0,0.3764185905456543,0.48970654606819153,-0.022335268557071686,0.8175756335258484,361,264
99,3300,1,0.37455856800079346,0.5007344484329224,-0.016720617190003395,0.7869310975074768,359,270
99,3300,2,0.37403738498687744,0.5003264546394348,-0.016943983733654022,0.7684128880500793,359,270
99,3300,3,0.3703210949897766,0.5012484788894653,-0.016979627311229706,0.8252385258674622,355,270
99,3300,4,0.3755933940410614,0.497641384601593,-0.014238853007555008,0.8250424861907959,360,268
99,3300,5,0.3767227530479431,0.49933454394340515,-0.014475935138761997,0.8255650401115417,361,269
99,3300,6,0.3764791190624237,0.4955385625362396,-0.014643955044448376,0.8696852922439575,361,267
99,3300,7,0.36549368500709534,0.4919658601284027,0.007928213104605675,0.8180318474769592,350,265
99,3300,8,0.374597430229187,0.4883853495121002,0.017341885715723038,0.7400645613670349,359,263
99,3300,9,0.37373825907707214,0.4788505733013153,-0.010366263799369335,0.6893202066421509,358,258
99,3300,10,0.37626585364341736,0.47517797350883484,-0.008738388307392597,0.6599247455596924,361,256
99,3300,11,0.3453921675682068,0.4480515420436859,0.02123625949025154,0.9702445268630981,331,241
99,3300,12,0.38612931966781616,0.4222191572189331,0.01037292554974556,0.9580841064453125,370,227
99,3300,13,0.3231631815433502,0.5357393622398376,0.026049533858895302,0.13221675157546997,310,289
99,3300,14,0.38524171710014343,0.4897802174091339,-0.030717218294739723,0.08819355815649033,369,264
99,3300,15,0.3100808262825012,0.6290122270584106,0.009261636063456535,0.1402909755706787,297,339
99,3300,16,0.3804705739021301,0.5850116014480591,-0.07940234988927841,0.09735807776451111,365,315
99,3300,17,0.30953219532966614,0.6476781964302063,0.0014403852401301265,0.14994388818740845,297,349
99,3300,18,0.37742090225219727,0.6102635860443115,-0.10095246881246567,0.1093762218952179,362,329
99,3300,19,0.309668630361557,0.6475383639335632,-0.00918945949524641,0.14654003083705902,297,349
99,3300,20,0.3762248754501343,0.611877977848053,-0.10105571150779724,0.10293591767549515,361,330
99,3300,21,0.3105355203151703,0.6397480964660645,0.003468988696113229,0.13826192915439606,298,345
99,3300,22,0.37592974305152893,0.6066462993621826,-0.0841589942574501,0.09987256675958633,360,327
99,3300,23,0.34333372116088867,0.2405809462070465,-0.0033386179711669683,0.9833294749259949,329,129
99,3300,24,0.3690762519836426,0.24658426642417908,0.0029851046856492758,0.9876615405082703,354,133
99,3300,25,0.34790512919425964,0.4181045591831207,-7.147919677663594e-05,0.24916638433933258,333,225
99,3300,26,0.39738500118255615,0.4333740770816803,0.06683818995952606,0.2347031980752945,381,234
99,3300,27,0.32161298394203186,0.6072981953620911,0.009733377955853939,0.2656087875366211,308,327
99,3300,28,0.42383384704589844,0.5498291850090027,-0.03567125275731087,0.3558945059776306,406,296
99,3300,29,0.3106500506401062,0.6215848922729492,0.009305041283369064,0.33136966824531555,298,335
99,3300,30,0.4236484169960022,0.5592302680015564,-0.04694810137152672,0.4059520661830902,406,301
99,3300,31,0.33956730365753174,0.6423995494842529,-0.05966564267873764,0.33169060945510864,325,346
99,3300,32,0.44961607456207275,0.6365607976913452,-0.12685681879520416,0.35642361640930176,431,343
100,3333,0,0.4050297141075134,0.45112577080726624,0.06074551120400429,0.8350300192832947,388,243
100,3333,1,0.4075275659561157,0.4568517506122589,0.06904013454914093,0.8073927164077759,391,246
100,3333,2,0.40718767046928406,0.45668211579322815,0.06879609078168869,0.7909233570098877,390,246
100,3333,3,0.4067792594432831,0.45748382806777954,0.0687360018491745,0.8421297073364258,390,247
100,3333,4,0.4111328721046448,0.4546582102775574,0.06501226127147675,0.8417361378669739,394,245
100,3333,5,0.4115355312824249,0.4544084370136261,0.06478807330131531,0.8423911333084106,395,245
100,3333,6,0.4119769036769867,0.4536304473876953,0.06460009515285492,0.8820852041244507,395,244
100,3333,7,0.39891549944877625,0.4560064375400543,0.10083122551441193,0.8358933329582214,382,246
100,3333,8,0.4118265211582184,0.449329137802124,0.0818381980061531,0.7645850777626038,395,242
100,3333,9,0.4026307463645935,0.44721585512161255,0.07400073111057281,0.7185766696929932,386,241
100,3333,10,0.40381696820259094,0.4459720849990845,0.06689273566007614,0.6908640265464783,387,240
100,3333,11,0.37132373452186584,0.4182165861129761,0.10182518512010574,0.9731723070144653,356,225
100,3333,12,0.41591814160346985,0.4094434678554535,0.05713649466633797,0.9621418714523315,399,221
100,3333,13,0.3519577383995056,0.36450397968292236,0.10261448472738266,0.12265405803918839,337,196
100,3333,14,0.39748522639274597,0.40249204635620117,-0.016654783859848976,0.08610880374908447,381,217
100,3333,15,0.34887704253196716,0.3550463914871216,0.08596154302358627,0.12883852422237396,334,191
100,3333,16,0.3770589530467987,0.4310527741909027,-0.07127611339092255,0.09263676404953003,361,232
100,3333,17,0.34831270575523376,0.3529137074947357,0.0846547856926918,0.1398383527994156,334,190
100,3333,18,0.3738424479961395,0.43851253390312195,-0.0924387276172638,0.10805115103721619,358,236
100,3333,19,0.3486767113208771,0.36261865496635437,0.07194898277521133,0.13675205409526825,334,195
100,3333,20,0.37278273701667786,0.4453873932361603,-0.08783038705587387,0.10129693895578384,357,240
100,3333,21,0.349473774433136,0.36408716440200806,0.08078346401453018,0.12946325540542603,335,196
100,3333,22,0.37271249294281006,0.4440903067588806,-0.07304404675960541,0.09849163144826889,357,239
100,3333,23,0.3573675751686096,0.23976175487041473,0.011043304577469826,0.9848799109458923,343,129
100,3333,24,0.3859517276287079,0.24538235366344452,-0.01137811504304409,0.9888007640838623,370,132
100,3333,25,0.34664544463157654,0.43903985619544983,0.052330341190099716,0.3090650737285614,332,237
100,3333,26,0.38854560256004333,0.4332878291606903,-0.02580169215798378,0.3081275522708893,373,233
100,3333,27,0.3154427111148834,0.6236183643341064,-0.10404990613460541,0.3333756923675537,302,336
100,3333,28,0.409898579120636,0.5125053524971008,-0.241311714053154,0.4195099472999573,393,276
100,3333,29,0.30255255103111267,0.6262334585189819,-0.12251364439725876,0.39411309361457825,290,338
100,3333,30,0.41153666377067566,0.5201681852340698,-0.2620609700679779,0.46389061212539673,395,280
100,3333,31,0.3220030963420868,0.6699619889259338,-0.1649918109178543,0.39566993713378906,309,361
100,3333,32,0.4260554313659668,0.5768461227416992,-0.31759920716285706,0.42008259892463684,409,311
101,3366,0,0.40600451827049255,0.4404487609863281,0.08134201914072037,0.8505494594573975,389,237
101,3366,1,0.40530937910079956,0.44839948415756226,0.09000420570373535,0.8258439898490906,389,242
101,3366,2,0.40405645966529846,0.4490033984184265,0.08976700156927109,0.8109949231147766,387,242
101,3366,3,0.40266335010528564,0.4494304358959198,0.08976371586322784,0.8572617769241333,386,242
101,3366,4,0.40966400504112244,0.4471607208251953,0.09062118828296661,0.8568257093429565,393,241
101,3366,5,0.41084372997283936,0.4467960000038147,0.09038867801427841,0.8575487732887268,394,241
101,3366,6,0.41215503215789795,0.4466058909893036,0.09021765738725662,0.8934001326560974,395,241
101,3366,7,0.3980984389781952,0.4500885307788849,0.12203364819288254,0.8519903421401978,382,243
101,3366,8,0.412688672542572,0.4457498788833618,0.12485487759113312,0.7865935564041138,396,240
101,3366,9,0.40155383944511414,0.43526336550712585,0.09489395469427109,0.7449246048927307,385,235
101,3366,10,0.4056854844093323,0.43351665139198303,0.09368839859962463,0.7195621132850647,389,234
101,3366,11,0.3723655641078949,0.40642786026000977,0.11762454360723495,0.9757695198059082,357,219
101,3366,12,0.41916242241859436,0.41044262051582336,0.1052069142460823,0.9656713008880615,402,221
101,3366,13,0.35401451587677,0.33036038279533386,0.10980832576751709,0.11675775051116943,339,178
101,3366,14,0.4022578001022339,0.36335891485214233,0.030217712745070457,0.08100474625825882,386,196
101,3366,15,0.3501192629337311,0.2890578806400299,0.08222229778766632,0.1206979900598526,336,156
101,3366,16,0.377966046333313,0.35631024837493896,-0.04273371398448944,0.08754736185073853,362,192
101,3366,17,0.3495885729789734,0.2762562036514282,0.07822061330080032,0.13310697674751282,335,149
101,3366,18,0.3732619285583496,0.35436058044433594,-0.06263069063425064,0.10461869090795517,358,191
101,3366,19,0.349447637796402,0.28848153352737427,0.06562857329845428,0.13066883385181427,335,155
101,3366,20,0.37347573041915894,0.3616960942745209,-0.05979286506772041,0.09844601899385452,358,195
101,3366,21,0.3506413400173187,0.29322218894958496,0.0775558203458786,0.12448469549417496,336,158
101,3366,22,0.3740912973880768,0.36241963505744934,-0.044579215347766876,0.09578916430473328,359,195
101,3366,23,0.3635019063949585,0.24668225646018982,0.011426468379795551,0.9859938025474548,348,133
101,3366,24,0.39507871866226196,0.2615196704864502,-0.011802375316619873,0.9891396760940552,379,141
101,3366,25,0.3415988087654114,0.3708406090736389,0.020202284678816795,0.3627343773841858,327,200
101,3366,26,0.36996695399284363,0.4522024989128113,-0.011314152739942074,0.3424672782421112,355,244
101,3366,27,0.3177877962589264,0.27221766114234924,-0.03007657639682293,0.3599744439125061,305,146
101,3366,28,0.3710933029651642,0.5556795001029968,-0.1875705122947693,0.46247634291648865,356,300
101,3366,29,0.3126883804798126,0.2499396950006485,-0.035430215299129486,0.4147661626338959,300,134
101,3366,30,0.3693696856498718,0.5388907790184021,-0.20499859750270844,0.501630961894989,354,291
101,3366,31,0.31851598620414734,0.2557382583618164,-0.06832148134708405,0.4082005023956299,305,138
101,3366,32,0.3795592188835144,0.6501635313034058,-0.24850410223007202,0.46428635716438293,364,351
102,3400,0,0.3976549804210663,0.5034368634223938,0.0273725762963295,0.8654515147209167,381,271
102,3400,1,0.3971960246562958,0.504198431968689,0.03457607701420784,0.8432242274284363,381,272
102,3400,2,0.396646112203598,0.5048477053642273,0.03434111550450325,0.8298569321632385,380,272
102,3400,3,0.3939020335674286,0.5076013207435608,0.03433779999613762,0.8715066909790039,378,274
102,3400,4,0.4000132381916046,0.5033429265022278,0.033269573003053665,0.8711176514625549,384,271
102,3400,5,0.40106910467147827,0.5032651424407959,0.03303984925150871,0.8717667460441589,385,271
102,3400,6,0.40446561574935913,0.5022377967834473,0.03287025913596153,0.9040376543998718,388,271
102,3400,7,0.39468568563461304,0.50626540184021,0.07449166476726532,0.8667619824409485,378,273
102,3400,8,0.4047836363315582,0.5031517148017883,0.0637730062007904,0.8078821301460266,388,271
102,3400,9,0.39542609453201294,0.4897146224975586,0.04276060312986374,0.7703523635864258,379,264
102,3400,10,0.39808163046836853,0.4882146716117859,0.03890422359108925,0.7474873065948486,382,263
102,3400,11,0.37491002678871155,0.45498359203338623,0.08697512000799179,0.9781609177589417,359,245
102,3400,12,0.4116992950439453,0.4501914978027344,0.060968950390815735,0.969079315662384,395,243
102,3400,13,0.38074609637260437,0.3945239782333374,0.0856376588344574,0.1257125735282898,365,213
102,3400,14,0.3989560902118683,0.43394532799720764,0.00452353386208415,0.12681426107883453,382,234
102,3400,15,0.38947275280952454,0.4321587085723877,0.04586314037442207,0.1454363763332367,373,233
102,3400,16,0.4094008505344391,0.49004098773002625,-0.05339360982179642,0.1401558220386505,393,264
102,3400,17,0.39229172468185425,0.4362223446369171,0.039009563624858856,0.17190895974636078,376,235
102,3400,18,0.4155263900756836,0.5078245997428894,-0.07278357446193695,0.16527462005615234,398,274
102,3400,19,0.39440709352493286,0.44123807549476624,0.027967093512415886,0.17033401131629944,378,238
102,3400,20,0.4163343608379364,0.514109194278717,-0.07389765232801437,0.15804480016231537,399,277
102,3400,21,0.39455974102020264,0.4410049021244049,0.041118327528238297,0.15864284336566925,378,238
102,3400,22,0.4126596450805664,0.5075603723526001,-0.057273268699645996,0.15329444408416748,396,274
102,3400,23,0.3659399747848511,0.2926335036754608,0.015756672248244286,0.9873390197753906,351,158
102,3400,24,0.38713568449020386,0.28722378611564636,-0.016125623136758804,0.9902053475379944,371,155
102,3400,25,0.3602652847766876,0.4533500075340271,0.05238443613052368,0.41703182458877563,345,244
102,3400,26,0.37809503078460693,0.39350971579551697,-0.11613353341817856,0.40800052881240845,362,212
102,3400,27,0.3269461393356323,0.5480734705924988,-0.030957799404859543,0.4209985136985779,313,295
102,3400,28,0.373352974653244,0.22815272212028503,-0.21422459185123444,0.5157235264778137,358,123
102,3400,29,0.3188355267047882,0.4234790802001953,-0.03983855992555618,0.47169145941734314,306,228
102,3400,30,0.3702980577945709,0.2057800143957138,-0.2220936119556427,0.5506614446640015,355,111
102,3400,31,0.31985795497894287,0.6194538474082947,-0.07457348704338074,0.46632224321365356,307,334
102,3400,32,0.3748650550842285,0.20294708013534546,-0.265249639749527,0.5173998475074768,359,109
103,3433,0,0.39895352721214294,0.5206435322761536,0.015344271436333656,0.8785298466682434,382,281
103,3433,1,0.3991923928260803,0.5260233283042908,0.023044046014547348,0.8582684993743896,383,284
103,3433,2,0.398657888174057,0.5262337923049927,0.022777670994400978,0.8462108969688416,382,284
103,3433,3,0.39781078696250916,0.5271715521812439,0.022808801382780075,0.883888304233551,381,284
103,3433,4,0.403751939535141,0.5253283381462097,0.021193210035562515,0.8835672736167908,387,283
103,3433,5,0.4049295485019684,0.5252304077148438,0.02095770090818405,0.8841730356216431,388,283
103,3433,6,0.40675076842308044,0.5253785252571106,0.02086523175239563,0.913296103477478,390,283
103,3433,7,0.3981361389160156,0.5257883667945862,0.04873287305235863,0.8795800805091858,382,283
103,3433,8,0.40771618485450745,0.519385039806366,0.05432223901152611,0.8261924982070923,391,280
103,3433,9,0.398459255695343,0.5127544403076172,0.028354071080684662,0.7923365235328674,382,276
103,3433,10,0.40295442938804626,0.5108306407928467,0.025267744436860085,0.7713926434516907,386,275
103,3433,11,0.3732142448425293,0.48386287689208984,0.0581795908510685,0.9802235960960388,358,261
103,3433,12,0.42208439111709595,0.4753536581993103,0.03719605505466461,0.9720491766929626,405,256
103,3433,13,0.35991546511650085,0.5201821327209473,0.05658929795026779,0.14745283126831055,345,280
103,3433,14,0.4323679208755493,0.5567370057106018,-0.03976929932832718,0.15985965728759766,415,300
103,3433,15,0.38798633217811584,0.571043074131012,-0.013262216933071613,0.1613231599330902,372,308
103,3433,16,0.43553459644317627,0.6301323175430298,-0.091913141310215,0.1697392612695694,418,340
103,3433,17,0.382141649723053,0.6166532039642334,-0.021140102297067642,0.19297727942466736,366,332
103,3433,18,0.44366782903671265,0.6424416303634644,-0.11278374493122101,0.19631460309028625,425,346
103,3433,19,0.3773527443408966,0.6199739575386047,-0.037756193429231644,0.19293302297592163,362,334
103,3433,20,0.44135019183158875,0.6437374353408813,-0.11771015077829361,0.18801066279411316,423,347
103,3433,21,0.3817960321903229,0.6133307814598083,-0.021786043420433998,0.1805105209350586,366,331
103,3433,22,0.43723806738853455,0.6409266591072083,-0.09831833094358444,0.18367861211299896,419,346
103,3433,23,0.3642253875732422,0.29177936911582947,0.012873285450041294,0.9884351491928101,349,157
103,3433,24,0.38957908749580383,0.280697226524353,-0.01321248896420002,0.9911091327667236,373,151
103,3433,25,0.36785823106765747,0.4186372458934784,0.03340178728103638,0.4304403066635132,353,226
103,3433,26,0.38518744707107544,0.351109117269516,-0.18630245327949524,0.46216899156570435,369,189
103,3433,27,0.3318347930908203,0.4736354351043701,-0.12322771549224854,0.43703776597976685,318,255
103,3433,28,0.3742201030254364,0.20517173409461975,-0.3782201409339905,0.5486012697219849,359,110
103,3433,29,0.32263579964637756,0.43324950337409973,-0.1402735561132431,0.5109402537345886,309,233
103,3433,30,0.3718259036540985,0.1701563596725464,-0.3978373110294342,0.5874555706977844,356,91
103,3433,31,0.3228561580181122,0.6119949221611023,-0.1745031476020813,0.5007996559143066,309,330
103,3433,32,0.3793536126613617,0.20197609066963196,-0.45381078124046326,0.5538973212242126,364,109
104,3466,0,0.41408389806747437,0.5156391859054565,0.08084101974964142,0.8904322385787964,397,278
104,3466,1,0.4133777320384979,0.5233429074287415,0.08284039050340652,0.8722009062767029,396,282
104,3466,2,0.41311609745025635,0.5234478712081909,0.08260539174079895,0.8613407611846924,396,282
104,3466,3,0.41281163692474365,0.5233660936355591,0.08260775357484818,0.8953267335891724,396,282
104,3466,4,0.41497787833213806,0.5236393213272095,0.08406972140073776,0.8950185179710388,398,282
104,3466,5,0.41526463627815247,0.5237190127372742,0.08384986966848373,0.8955808281898499,398,282
104,3466,6,0.4157460927963257,0.5240988731384277,0.08373033255338669,0.9218339920043945,399,283
104,3466,7,0.41291823983192444,0.5229089260101318,0.09470059722661972,0.8915001749992371,396,282
104,3466,8,0.41718727350234985,0.5235868692398071,0.10111141949892044,0.8433074355125427,400,282
104,3466,9,0.4147270619869232,0.5085244178771973,0.08762526512145996,0.8128077387809753,398,274
104,3466,10,0.4154294729232788,0.5084933042526245,0.08742804825305939,0.7938780188560486,398,274
104,3466,11,0.39668309688568115,0.4876573383808136,0.08203646540641785,0.9821679592132568,380,263
104,3466,12,0.4306623041629791,0.49499088525772095,0.08972539007663727,0.9748162627220154,413,267
104,3466,13,0.395681768655777,0.47629812359809875,0.08841457217931747,0.15085016191005707,379,257
104,3466,14,0.4338827133178711,0.5384292006492615,0.04071690887212753,0.16860471665859222,416,290
104,3466,15,0.4001947343349457,0.4529578387737274,0.08747696876525879,0.15496870875358582,384,244
104,3466,16,0.4360657036304474,0.6001879572868347,0.0105447331443429,0.18660849332809448,418,324
104,3466,17,0.40080931782722473,0.4518522620201111,0.08824001997709274,0.1880306452512741,384,244
104,3466,18,0.4388432502746582,0.6160886883735657,-0.0022459353785961866,0.22167494893074036,421,332
104,3466,19,0.3998931646347046,0.45671984553337097,0.07701537758111954,0.18806372582912445,383,246
104,3466,20,0.43722817301750183,0.6188958287239075,-0.003290690714493394,0.21254032850265503,419,334
104,3466,21,0.40104687213897705,0.4579778015613556,0.08412568271160126,0.1754552125930786,385,247
104,3466,22,0.4352661669254303,0.6138759851455688,0.006907016038894653,0.2066870927810669,417,331
104,3466,23,0.3846006989479065,0.34457075595855713,0.0032943689730018377,0.9895339012145996,369,186
104,3466,24,0.40431123971939087,0.33649101853370667,-0.0038010799326002598,0.9919722080230713,388,181
104,3466,25,0.3739681839942932,0.4544709622859955,-0.023192552849650383,0.48201480507850647,359,245
104,3466,26,0.3923865556716919,0.37083208560943604,-0.12695808708667755,0.5149476528167725,376,200
104,3466,27,0.33757534623146057,0.4782765805721283,-0.201279878616333,0.48908960819244385,324,258
104,3466,28,0.39536017179489136,0.22252723574638367,-0.33948805928230286,0.5921861529350281,379,120
104,3466,29,0.33025845885276794,0.4489694833755493,-0.22121527791023254,0.5565023422241211,317,242
104,3466,30,0.3898996114730835,0.18760718405246735,-0.3611474335193634,0.6266855001449585,374,101
104,3466,31,0.32466036081314087,0.587608277797699,-0.2655858099460602,0.54850834608078,311,317
104,3466,32,0.40279343724250793,0.1935311108827591,-0.419310986995697,0.5971994996070862,386,104
105,3500,0,0.4085875451564789,0.5090693235397339,0.10434415191411972,0.8708610534667969,392,274
105,3500,1,0.4092428386211395,0.5166234970092773,0.1099836677312851,0.8592404127120972,392,278
105,3500,2,0.4091222882270813,0.5169038772583008,0.10973048210144043,0.8504675626754761,392,279
105,3500,3,0.408799946308136,0.5169916152954102,0.10974534600973129,0.8868836760520935,392,279
105,3500,4,0.4108036458492279,0.5162802934646606,0.10410433262586594,0.8822211027145386,394,278
105,3500,5,0.4112951159477234,0.5162964463233948,0.1038733497262001,0.8860490918159485,394,278
105,3500,6,0.41197669506073,0.5163680911064148,0.10368552058935165,0.9138450622558594,395,278
105,3500,7,0.41052836179733276,0.517508864402771,0.13131527602672577,0.8895284533500671,394,279
105,3500,8,0.41511112451553345,0.5157842636108398,0.10639979690313339,0.8229156732559204,398,278
105,3500,9,0.4087602496147156,0.5043339133262634,0.11510581523180008,0.8002696633338928,392,272
105,3500,10,0.40983086824417114,0.5034773945808411,0.105963796377182,0.7774636745452881,393,271
105,3500,11,0.3945801854133606,0.4987633526325226,0.1313406080007553,0.9838975071907043,378,269
105,3500,12,0.4297362267971039,0.48657363653182983,0.07695183902978897,0.9770656228065491,412,262
105,3500,13,0.38755160570144653,0.44032466411590576,0.12067015469074249,0.13631890714168549,372,237
105,3500,14,0.4272973835468292,0.40741080045700073,0.02384045533835888,0.15293486416339874,410,220
105,3500,15,0.3883552551269531,0.3638921082019806,0.0671912208199501,0.14019769430160522,372,196
105,3500,16,0.4184628427028656,0.3522953987121582,-0.0018605252262204885,0.1687334030866623,401,190
105,3500,17,0.38428008556365967,0.3311068117618561,0.06296562403440475,0.17066939175128937,368,178
105,3500,18,0.4043786823749542,0.33796676993370056,-0.014063447713851929,0.20089365541934967,388,182
105,3500,19,0.3853324055671692,0.3358837962150574,0.0494573749601841,0.17069335281848907,369,181
105,3500,20,0.4028225541114807,0.34648966789245605,-0.012474865652620792,0.19259800016880035,386,187
105,3500,21,0.3869582414627075,0.34238794445991516,0.06186473369598389,0.15928025543689728,371,184
105,3500,22,0.407937616109848,0.35094401240348816,-0.0021186484955251217,0.18725693225860596,391,189
105,3500,23,0.3858399987220764,0.3658621311187744,0.01590038649737835,0.9905222058296204,370,197
105,3500,24,0.40919893980026245,0.3664241135120392,-0.0163468886166811,0.9926344752311707,392,197
105,3500,25,0.38381898403167725,0.3935246765613556,-0.01860918663442135,0.4707980751991272,368,212
105,3500,26,0.3920729458332062,0.464064359664917,-0.09855203330516815,0.48400062322616577,376,250
105,3500,27,0.3738385736942291,0.23656848073005676,-0.16014152765274048,0.47003549337387085,358,127
105,3500,28,0.3592086732387543,0.49062252044677734,-0.286632239818573,0.5560367703437805,344,264
105,3500,29,0.3705556094646454,0.20379628241062164,-0.17585872113704681,0.5425702929496765,355,110
105,3500,30,0.3520466387271881,0.4646044075489044,-0.30766087770462036,0.610615074634552,337,250
105,3500,31,0.37783557176589966,0.21514146029949188,-0.22108140587806702,0.5245919227600098,362,116
105,3500,32,0.3555396497249603,0.5536099076271057,-0.3426348567008972,0.5756166577339172,341,298
106,3533,0,0.4378952085971832,0.5836232900619507,-0.02857956290245056,0.8832084536552429,420,315
106,3533,1,0.43728265166282654,0.59321528673172,-0.018413085490465164,0.8725593686103821,419,320
106,3533,2,0.43600785732269287,0.5940378904342651,-0.018620798364281654,0.8644607663154602,418,320
106,3533,3,0.43466097116470337,0.5942990183830261,-0.018635714426636696,0.8977066278457642,417,320
106,3533,4,0.44184285402297974,0.5907348990440369,-0.0210356917232275,0.8934256434440613,424,318
106,3533,5,0.4433215260505676,0.5894697904586792,-0.02124207653105259,0.8967992067337036,425,318
106,3533,6,0.4448951184749603,0.5885094404220581,-0.02137109450995922,0.9220418930053711,427,317
106,3533,7,0.4337218403816223,0.5890507698059082,0.02804439514875412,0.9000251293182373,416,318
106,3533,8,0.4485556185245514,0.5814463496208191,0.015630869194865227,0.8390964865684509,430,313
106,3533,9,0.43509119749069214,0.5741797089576721,-0.010258304886519909,0.819097101688385,417,310
106,3533,10,0.44024020433425903,0.5707930326461792,-0.015242844820022583,0.7981586456298828,422,308
106,3533,11,0.4145697355270386,0.540338397026062,0.054119594395160675,0.9853969812393188,397,291
106,3533,12,0.45638543367385864,0.5281693339347839,0.01873249188065529,0.9791065454483032,438,285
106,3533,13,0.38626667857170105,0.5166417956352234,0.1178472563624382,0.1451028436422348,370,278
106,3533,14,0.4535650610923767,0.5404525399208069,-0.007872344925999641,0.17545515298843384,435,291
106,3533,15,0.3787655532360077,0.5013858675956726,0.055183008313179016,0.14437222480773926,363,270
106,3533,16,0.44149884581565857,0.6225602626800537,-0.006450071465224028,0.1900867521762848,423,336
106,3533,17,0.3764079213142395,0.4987506866455078,0.05308689922094345,0.17555725574493408,361,269
106,3533,18,0.44172707200050354,0.625870406627655,-0.017009582370519638,0.22077099978923798,424,337
106,3533,19,0.37806016206741333,0.502313494682312,0.03972289711236954,0.17631833255290985,362,271
106,3533,20,0.4340890049934387,0.609684407711029,-0.01825469173491001,0.21211272478103638,416,329
106,3533,21,0.3800082206726074,0.4992113411426544,0.05025947839021683,0.16428734362125397,364,269
106,3533,22,0.43471354246139526,0.6044567823410034,-0.007609647233039141,0.2062797248363495,417,326
106,3533,23,0.4019860029220581,0.38485682010650635,0.013289506547152996,0.9913109540939331,385,207
106,3533,24,0.4236585795879364,0.375011682510376,-0.013706300407648087,0.9932551383972168,406,202
106,3533,25,0.394631564617157,0.3940839469432831,-0.013316517695784569,0.4753127098083496,378,212
106,3533,26,0.4079551696777344,0.4171358048915863,-0.1610921174287796,0.5186455249786377,391,225
106,3533,27,0.38400760293006897,0.30354732275009155,-0.07756228744983673,0.4953184723854065,368,163
106,3533,28,0.39640292525291443,0.2257011979818344,-0.26327410340309143,0.5850992798805237,380,121
106,3533,29,0.3827380836009979,0.2784072458744049,-0.0872931256890297,0.5612859725952148,367,150
106,3533,30,0.39197874069213867,0.1959700882434845,-0.27609574794769287,0.6304934024810791,376,105
106,3533,31,0.37923696637153625,0.29214736819267273,-0.14933282136917114,0.5520631074905396,364,157
106,3533,32,0.3878955841064453,0.17844875156879425,-0.33686065673828125,0.603891909122467,372,96
107,3566,0,0.431974321603775,0.5585018992424011,0.08734802156686783,0.8933790326118469,414,301
107,3566,1,0.433178573846817,0.5653035044670105,0.09944473952054977,0.8837911486625671,415,305
107,3566,2,0.4327724874019623,0.5660661458969116,0.09927905350923538,0.8758538365364075,415,305
107,3566,3,0.4322059750556946,0.5663248896598816,0.09931911528110504,0.9068349003791809,414,305
107,3566,4,0.43557459115982056,0.5630938410758972,0.09324275702238083,0.903127908706665,418,304
107,3566,5,0.4364137351512909,0.5619802474975586,0.09301673620939255,0.906127393245697,418,303
107,3566,6,0.43737727403640747,0.5611154437065125,0.09289528429508209,0.9292636513710022,419,303
107,3566,7,0.4331994354724884,0.5626512765884399,0.13416868448257446,0.9088786840438843,415,303
107,3566,8,0.4405924379825592,0.5554285049438477,0.10674545168876648,0.8535478115081787,422,299
107,3566,9,0.4306565821170807,0.5519891977310181,0.10023458302021027,0.8357689380645752,413,298
107,3566,10,0.43312913179397583,0.5487946271896362,0.0907176062464714,0.8165447115898132,415,296
107,3566,11,0.41389456391334534,0.5270244479179382,0.13533422350883484,0.9866877198219299,397,284
107,3566,12,0.44694334268569946,0.522250771522522,0.07656130194664001,0.9808534383773804,429,282
107,3566,13,0.38757017254829407,0.5397241115570068,0.1337173879146576,0.1584388166666031,372,291
107,3566,14,0.4438369870185852,0.5815914273262024,0.0481804795563221,0.19725370407104492,426,314
107,3566,15,0.3740962743759155,0.5545608997344971,0.08393307775259018,0.1632002741098404,359,299
107,3566,16,0.4397982060909271,0.645890474319458,0.04485823214054108,0.2337905466556549,422,348
107,3566,17,0.37155860662460327,0.5619257688522339,0.08174732327461243,0.19566971063613892,356,303
107,3566,18,0.4449481666088104,0.6562034487724304,0.031829651445150375,0.2617684006690979,427,354
107,3566,19,0.37255507707595825,0.564018726348877,0.06809224933385849,0.19810175895690918,357,304
107,3566,20,0.44369325041770935,0.6547636985778809,0.03229294344782829,0.2522774040699005,425,353
107,3566,21,0.37474325299263,0.560365617275238,0.07757609337568283,0.1873663067817688,359,302
107,3566,22,0.44094809889793396,0.6524457931518555,0.04281248897314072,0.24697907269001007,423,352
107,3566,23,0.40196940302848816,0.38502830266952515,0.013793972320854664,0.9920343160629272,385,207
107,3566,24,0.4213920831680298,0.38762107491493225,-0.014182624407112598,0.9937682151794434,404,209
107,3566,25,0.39453861117362976,0.33546292781829834,-0.013861152343451977,0.5076484680175781,378,181
107,3566,26,0.40751856565475464,0.4282701313495636,-0.1518237143754959,0.5439048409461975,391,231
107,3566,27,0.4110583961009979,0.18561384081840515,-0.09042639285326004,0.5273222923278809,394,100
107,3566,28,0.3999912142753601,0.27045392990112305,-0.2523733973503113,0.5963749289512634,383,146
107,3566,29,0.41482511162757874,0.16650646924972534,-0.10139961540699005,0.5744450092315674,398,89
107,3566,30,0.3978855013847351,0.2470497190952301,-0.2512833774089813,0.6328827738761902,381,133
107,3566,31,0.4133678376674652,0.13352254033088684,-0.17600421607494354,0.5761614441871643,396,72
107,3566,32,0.3892073929309845,0.22017990052700043,-0.3098803758621216,0.6143747568130493,373,118
108,3600,0,0.4360647201538086,0.5468018054962158,0.11659847944974899,0.8788917064666748,418,295
108,3600,1,0.43662118911743164,0.5471245050430298,0.12056099623441696,0.868863582611084,419,295
108,3600,2,0.43687704205513,0.5460523366928101,0.12037106603384018,0.857775092124939,419,294
108,3600,3,0.43701425194740295,0.5442659258842468,0.12033794820308685,0.898584246635437,419,293
108,3600,4,0.4368091821670532,0.5511670708656311,0.11693574488162994,0.8909477591514587,419,297
108,3600,5,0.4367906451225281,0.5519133806228638,0.11675966531038284,0.8907634615898132,419,298
108,3600,6,0.43688809871673584,0.553686797618866,0.11663889139890671,0.9200567603111267,419,298
108,3600,7,0.43859511613845825,0.5407884120941162,0.13068923354148865,0.9034353494644165,421,292
108,3600,8,0.43821191787719727,0.5526231527328491,0.11375324428081512,0.836760938167572,420,298
108,3600,9,0.43684664368629456,0.5443899631500244,0.12171994894742966,0.8356911540031433,419,293
108,3600,10,0.43649595975875854,0.5451317429542542,0.11539261788129807,0.812094509601593,419,294
108,3600,11,0.42793580889701843,0.5180485248565674,0.13634738326072693,0.9877251982688904,410,279
108,3600,12,0.4431990683078766,0.5124037861824036,0.07287456095218658,0.9823928475379944,425,276
108,3600,13,0.40147924423217773,0.5413659811019897,0.15990479290485382,0.15136748552322388,385,292
108,3600,14,0.43717995285987854,0.5461004376411438,0.02725524641573429,0.1873607486486435,419,294
108,3600,15,0.37918147444725037,0.5973930358886719,0.16729190945625305,0.16411881148815155,364,322
108,3600,16,0.42982301115989685,0.616982102394104,0.007596598472446203,0.2287575900554657,412,333
108,3600,17,0.37586477398872375,0.6132786870002747,0.17218807339668274,0.1963168978691101,360,331
108,3600,18,0.43247175216674805,0.6358039379119873,-0.007994093932211399,0.2581377923488617,415,343
108,3600,19,0.37701112031936646,0.616038978099823,0.16037577390670776,0.19970132410526276,361,332
108,3600,20,0.43052423000335693,0.6399797797203064,-0.004197404254227877,0.2486409693956375,413,345
108,3600,21,0.37676289677619934,0.6068089604377747,0.16301654279232025,0.1891758143901825,361,327
108,3600,22,0.42886555194854736,0.6339092254638672,0.00619217986240983,0.24087579548358917,411,342
108,3600,23,0.41523846983909607,0.3773552477359772,0.016562743112444878,0.9925259351730347,398,203
108,3600,24,0.419290691614151,0.372437983751297,-0.01701752096414566,0.9942293167114258,402,201
108,3600,25,0.4124008119106293,0.45818445086479187,0.08091330528259277,0.4622219204902649,395,247
108,3600,26,0.4107510447502136,0.32638099789619446,-0.09627226740121841,0.5740593075752258,394,176
108,3600,27,0.3971349596977234,0.4767880439758301,0.058973900973796844,0.4960003197193146,381,257
108,3600,28,0.42494040727615356,0.19743387401103973,-0.14386261999607086,0.6185563206672668,407,106
108,3600,29,0.394897997379303,0.4682380259037018,0.05470645800232887,0.5484766364097595,379,252
108,3600,30,0.4260372817516327,0.18215084075927734,-0.14802411198616028,0.6396496295928955,408,98
108,3600,31,0.3890625536441803,0.5032175183296204,0.0266950111836195,0.5452202558517456,373,271
108,3600,32,0.42701607942581177,0.1428992599248886,-0.19354261457920074,0.6233862638473511,409,77
109,3633,0,0.43465760350227356,0.5387176275253296,0.11497072130441666,0.8872860074043274,417,290
109,3633,1,0.43527278304100037,0.5420471429824829,0.11743293702602386,0.8787043690681458,417,292
109,3633,2,0.4354470372200012,0.5415347218513489,0.11724372953176498,0.8686898350715637,418,292
109,3633,3,0.4354875385761261,0.5404325127601624,0.11720233410596848,0.9065492153167725,418,291
109,3633,4,0.43534937500953674,0.5439863801002502,0.11501513421535492,0.8990522623062134,417,293
109,3633,5,0.43524661660194397,0.5442630052566528,0.11483165621757507,0.8989584445953369,417,293
109,3633,6,0.43525269627571106,0.5450998544692993,0.11468098312616348,0.9262140989303589,417,294
109,3633,7,0.4364604353904724,0.5375493764877319,0.12158874422311783,0.9118318557739258,419,290
109,3633,8,0.43587160110473633,0.5426428914070129,0.10995803773403168,0.8498778939247131,418,293
109,3633,9,0.43496257066726685,0.5343313813209534,0.11801241338253021,0.8497511148452759,417,288
109,3633,10,0.4346761107444763,0.5338869094848633,0.11331326514482498,0.8273942470550537,417,288
109,3633,11,0.42580416798591614,0.5177317261695862,0.11694718897342682,0.9888937473297119,408,279
109,3633,12,0.4402713477611542,0.5064122676849365,0.07296309620141983,0.9840747714042664,422,273
109,3633,13,0.40754058957099915,0.4534474015235901,0.131270170211792,0.14089739322662354,391,244
109,3633,14,0.43380436301231384,0.4763513505458832,0.026194578036665916,0.17585836350917816,416,257
109,3633,15,0.39266154170036316,0.41992148756980896,0.13072116672992706,0.1511794924736023,376,226
109,3633,16,0.41881227493286133,0.4966496229171753,0.0014110022457316518,0.21245306730270386,402,268
109,3633,17,0.3893594443798065,0.4109254777431488,0.13503800332546234,0.18167267739772797,373,221
109,3633,18,0.4144440293312073,0.5029987692832947,-0.012193511240184307,0.24163028597831726,397,271
109,3633,19,0.38748466968536377,0.4136373698711395,0.1256432682275772,0.1849014163017273,371,223
109,3633,20,0.41626593470573425,0.5093571543693542,-0.008898614905774593,0.23274807631969452,399,275
109,3633,21,0.3889583945274353,0.41603273153305054,0.12799377739429474,0.1753815859556198,373,224
109,3633,22,0.4188151955604553,0.5081527233123779,0.00032309387461282313,0.22533166408538818,402,274
109,3633,23,0.41308173537254333,0.37590500712394714,0.015200048685073853,0.9931778311729431,396,202
109,3633,24,0.4179924428462982,0.3599850833415985,-0.015629364177584648,0.9947705268859863,401,194
109,3633,25,0.4170260727405548,0.4843357801437378,0.08452372252941132,0.4651564359664917,400,261
109,3633,26,0.405809611082077,0.28222736716270447,-0.050770364701747894,0.6141898036003113,389,152
109,3633,27,0.38622841238975525,0.5858330130577087,0.060041580349206924,0.5105677843093872,370,316
109,3633,28,0.42710912227630615,0.19732892513275146,-0.121797576546669,0.6524413228034973,410,106
109,3633,29,0.38603532314300537,0.5565505623817444,0.05674241483211517,0.554093062877655,370,300
109,3633,30,0.4296223223209381,0.1841675192117691,-0.12776263058185577,0.6615705490112305,412,99
109,3633,31,0.3845379948616028,0.6186971664428711,0.041271504014730453,0.5558233857154846,369,334
109,3633,32,0.4286560118198395,0.16396136581897736,-0.16994446516036987,0.6516535878181458,411,88
110,3666,0,0.4425390958786011,0.5363987684249878,0.08808878064155579,0.8873456716537476,424,289
110,3666,1,0.4429474174976349,0.5412932634353638,0.09092242270708084,0.8800287842750549,425,292
110,3666,2,0.44280049204826355,0.5396679043769836,0.09073000401258469,0.8690791726112366,425,291
110,3666,3,0.44278696179389954,0.5383972525596619,0.09068653732538223,0.9090201258659363,425,290
110,3666,4,0.4432294964790344,0.5437002182006836,0.09042058140039444,0.9012246131896973,425,293
110,3666,5,0.44318264722824097,0.5437161326408386,0.09023380279541016,0.9003793597221375,425,293
110,3666,6,0.443217009305954,0.5447261333465576,0.09009108692407608,0.9283624291419983,425,294
110,3666,7,0.44219887256622314,0.5312766432762146,0.11659303307533264,0.9153361916542053,424,286
110,3666,8,0.4398564100265503,0.5379486083984375,0.0961838886141777,0.8536931276321411,422,290
110,3666,9,0.4436332881450653,0.5332362651824951,0.09326360374689102,0.8563701510429382,425,287
110,3666,10,0.4426336884498596,0.5290791988372803,0.09060338884592056,0.8337908387184143,424,285
110,3666,11,0.42869099974632263,0.5100966691970825,0.09374241530895233,0.9897315502166748,411,275
110,3666,12,0.446188360452652,0.5049435496330261,0.0669475868344307,0.9852695465087891,428,272
110,3666,13,0.4250110685825348,0.5328385829925537,0.11493173241615295,0.141168013215065,408,287
110,3666,14,0.43231338262557983,0.515301525592804,0.015466572716832161,0.16540782153606415,415,278
110,3666,15,0.3949581980705261,0.580014169216156,0.10517475754022598,0.14939269423484802,379,313
110,3666,16,0.4124683141708374,0.5903327465057373,-0.04207458719611168,0.20029087364673615,395,318
110,3666,17,0.38999366760253906,0.5975149869918823,0.10540010035037994,0.18042458593845367,374,322
110,3666,18,0.4056049883365631,0.6097738742828369,-0.06453949958086014,0.23064222931861877,389,329
110,3666,19,0.3884260058403015,0.5977078676223755,0.09490884095430374,0.18434016406536102,372,322
110,3666,20,0.4066704511642456,0.6176693439483643,-0.06163645163178444,0.22237178683280945,390,333
110,3666,21,0.3908105492591858,0.5910765528678894,0.10141690820455551,0.1747264862060547,375,319
110,3666,22,0.4101126492023468,0.6128332614898682,-0.0450880192220211,0.2145451009273529,393,330
110,3666,23,0.42285698652267456,0.38636189699172974,0.007851896807551384,0.9935919642448425,405,208
110,3666,24,0.4297688603401184,0.3622283935546875,-0.008233809843659401,0.9951598048210144,412,195
110,3666,25,0.43799322843551636,0.483405739068985,0.05676556006073952,0.42736685276031494,420,261
110,3666,26,0.4163004457950592,0.28664761781692505,-0.07438749819993973,0.6308433413505554,399,154
110,3666,27,0.41230452060699463,0.5125539302825928,0.057355623692274094,0.4744246006011963,395,276
110,3666,28,0.4381151795387268,0.18042251467704773,-0.12389760464429855,0.647765040397644,420,97
110,3666,29,0.40762871503829956,0.5009255409240723,0.0562695674598217,0.5213059186935425,391,270
110,3666,30,0.4376474916934967,0.16787679493427277,-0.12654320895671844,0.6489787101745605,420,90
110,3666,31,0.4052724838256836,0.5394989252090454,0.02960064634680748,0.522438645362854,389,291
110,3666,32,0.4463842511177063,0.13626794517040253,-0.1736569106578827,0.6404768824577332,428,73
111,3700,0,0.4421054422855377,0.5347254872322083,0.03486504405736923,0.845169186592102,424,288
111,3700,1,0.4423581659793854,0.5406115651130676,0.029944919049739838,0.8391901850700378,424,291
111,3700,2,0.44217512011528015,0.539177417755127,0.029749516397714615,0.825469434261322,424,291
111,3700,3,0.44221845269203186,0.5377898216247559,0.02968691661953926,0.8784916996955872,424,290
111,3700,4,0.443031370639801,0.5425428748130798,0.03468755632638931,0.8669394254684448,425,292
111,3700,5,0.4432191550731659,0.5431903004646301,0.03447712957859039,0.8658425807952881,425,293
111,3700,6,0.4396723210811615,0.540617048740387,0.03429240733385086,0.9059130549430847,422,291
111,3700,7,0.4382769465446472,0.530918538570404,0.02021917514503002,0.8931061625480652,420,286
111,3700,8,0.4397352635860443,0.5374262928962708,0.03823429346084595,0.8233301043510437,422,290
111,3700,9,0.4426112771034241,0.5313072204589844,0.033538348972797394,0.8350939154624939,424,286
111,3700,10,0.44182687997817993,0.525852620601654,0.03794761374592781,0.8121271729469299,424,283
111,3700,11,0.4264679551124573,0.5082064867019653,0.017111685127019882,0.9903132319450378,409,274
111,3700,12,0.4450935125350952,0.504002571105957,0.02742455154657364,0.9861419200897217,427,272
111,3700,13,0.4206800162792206,0.5399555563926697,0.04022188112139702,0.14321258664131165,403,291
111,3700,14,0.43066564202308655,0.5319176316261292,-0.006810463964939117,0.15388035774230957,413,287
111,3700,15,0.41026046872138977,0.5970640182495117,0.06706247478723526,0.1416895091533661,393,322
111,3700,16,0.4112338125705719,0.6038520336151123,-0.052014514803886414,0.18578094244003296,394,326
111,3700,17,0.40886905789375305,0.6134505271911621,0.06637603789567947,0.17187781631946564,392,331
111,3700,18,0.4046158492565155,0.6217973232269287,-0.07208012789487839,0.21541951596736908,388,335
111,3700,19,0.40824562311172485,0.6163768768310547,0.05913301929831505,0.1755741387605667,391,332
111,3700,20,0.4051741063594818,0.6285219192504883,-0.07154371589422226,0.20775148272514343,388,339
111,3700,21,0.40917694568634033,0.6114150881767273,0.06535208225250244,0.16632287204265594,392,330
111,3700,22,0.4081267714500427,0.6241996884346008,-0.05556435137987137,0.2004161775112152,391,337
111,3700,23,0.4233139753341675,0.4009218215942383,0.00018677007756195962,0.9940656423568726,406,216
111,3700,24,0.4320508539676666,0.38506966829299927,-0.0005069939652457833,0.9955403804779053,414,207
111,3700,25,0.4252220094203949,0.4769212007522583,0.04470233991742134,0.400785893201828,408,257
111,3700,26,0.4223226010799408,0.30467689037323,-0.07629470527172089,0.6317093372344971,405,164
111,3700,27,0.40214452147483826,0.4564157724380493,0.031130462884902954,0.4573500454425812,386,246
111,3700,28,0.429329514503479,0.18919435143470764,-0.1010231301188469,0.6297389268875122,412,102
111,3700,29,0.3980749845504761,0.45406171679496765,0.028444886207580566,0.49549660086631775,382,245
111,3700,30,0.4303128123283386,0.18347276747226715,-0.1022331491112709,0.6224417090415955,413,99
111,3700,31,0.39398470520973206,0.47420066595077515,-0.00348992133513093,0.500917911529541,378,256
111,3700,32,0.43862518668174744,0.15388648211956024,-0.14369940757751465,0.6147266030311584,421,83
112,3733,0,0.43852660059928894,0.5898697972297668,-0.0010912447469308972,0.8519220948219299,420,318
112,3733,1,0.44120165705680847,0.5984554290771484,0.00442612124606967,0.846973180770874,423,323
112,3733,2,0.4418836236000061,0.5982046723365784,0.0042521352879703045,0.831681489944458,424,323
112,3733,3,0.4425569176673889,0.5974268317222595,0.004239664413034916,0.8847638368606567,424,322
112,3733,4,0.4409944415092468,0.5991523265838623,-0.01116214506328106,0.8748309016227722,423,323
112,3733,5,0.4412700831890106,0.5991031527519226,-0.011364014819264412,0.8735552430152893,423,323
112,3733,6,0.4403957724571228,0.5988572835922241,-0.01146611850708723,0.9117558002471924,422,323
112,3733,7,0.4478681981563568,0.5904359817504883,0.029209069907665253,0.8988984823226929,429,318
112,3733,8,0.44468003511428833,0.5927481651306152,-0.040164120495319366,0.8313442468643188,426,320
112,3733,9,0.44007083773612976,0.5805855989456177,0.012374893762171268,0.8378785252571106,422,313
112,3733,10,0.4394734799861908,0.5797879695892334,-0.009241059422492981,0.8143548965454102,421,313
112,3733,11,0.4587985873222351,0.5354317426681519,0.049931131303310394,0.9906167387962341,440,289
112,3733,12,0.44567710161209106,0.5469703674316406,-0.07992366701364517,0.9859097599983215,427,295
112,3733,13,0.42902326583862305,0.564397394657135,0.07397513836622238,0.1305692344903946,411,304
112,3733,14,0.4270659387111664,0.5870873332023621,-0.12234912812709808,0.17421205341815948,409,317
112,3733,15,0.4271463453769684,0.6296328902244568,0.058289822190999985,0.13364049792289734,410,340
112,3733,16,0.4311714172363281,0.643978476524353,-0.1060633733868599,0.20320631563663483,413,347
112,3733,17,0.42963123321533203,0.6273397207260132,0.058795999735593796,0.1653595268726349,412,338
112,3733,18,0.43672433495521545,0.6548604369163513,-0.11928220093250275,0.22888492047786713,419,353
112,3733,19,0.4311237633228302,0.6335691809654236,0.04906390979886055,0.16919763386249542,413,342
112,3733,20,0.43804529309272766,0.6523318290710449,-0.1146928071975708,0.22071145474910736,420,352
112,3733,21,0.42973577976226807,0.6305970549583435,0.05323634669184685,0.1597859263420105,412,340
112,3733,22,0.435032457113266,0.6460554599761963,-0.1055993139743805,0.21055904030799866,417,348
112,3733,23,0.4338463842868805,0.39009377360343933,0.043723367154598236,0.9945283532142639,416,210
112,3733,24,0.43004995584487915,0.374471515417099,-0.04390013962984085,0.9958296418190002,412,202
112,3733,25,0.4253388047218323,0.2565203011035919,0.05324810370802879,0.3637901544570923,408,138
112,3733,26,0.4197048842906952,0.23644369840621948,-0.07325629889965057,0.5903396010398865,402,127
112,3733,27,0.43519097566604614,0.1622777283191681,0.02321850135922432,0.429758220911026,417,87
112,3733,28,0.4342236816883087,0.168148934841156,-0.09377901256084442,0.6124383211135864,416,90
112,3733,29,0.4423942267894745,0.1353679746389389,0.017058806493878365,0.4784656763076782,424,73
112,3733,30,0.43709468841552734,0.15790407359600067,-0.09637320041656494,0.6056435704231262,419,85
112,3733,31,0.4454089403152466,0.08306185901165009,-0.024677088484168053,0.4746863543987274,427,44
112,3733,32,0.4333619177341461,0.10647594928741455,-0.13499516248703003,0.5941397547721863,416,57
113,3766,0,0.43639135360717773,0.5719887018203735,0.011663817800581455,0.8520352244377136,418,308
113,3766,1,0.4380127191543579,0.5811492204666138,0.013517947867512703,0.8477890491485596,420,313
113,3766,2,0.43836355209350586,0.5808541774749756,0.013349005952477455,0.8287546038627625,420,313
113,3766,3,0.43875324726104736,0.580066442489624,0.013348263688385487,0.8843113780021667,421,313
113,3766,4,0.4395734369754791,0.5827080011367798,0.0017279412131756544,0.8783843517303467,421,314
113,3766,5,0.440682977437973,0.5832395553588867,0.0015244304668158293,0.8773256540298462,423,314
113,3766,6,0.4395686686038971,0.5839808583259583,0.001414742087945342,0.9152697920799255,421,315
113,3766,7,0.44373685121536255,0.5768489241600037,0.028550244867801666,0.8992422819137573,425,311
113,3766,8,0.4411713480949402,0.5826464891433716,-0.02532113529741764,0.8371683359146118,423,314
113,3766,9,0.43717220425605774,0.5642529129981995,0.02185571752488613,0.8342730402946472,419,304
113,3766,10,0.43687617778778076,0.5655694603919983,0.005115014500916004,0.8134944438934326,419,305
113,3766,11,0.45995694398880005,0.5367172956466675,0.05826762691140175,0.9910282492637634,441,289
113,3766,12,0.4381850063800812,0.5499817728996277,-0.05579674616456032,0.9865213632583618,420,296
113,3766,13,0.43623560667037964,0.5645942687988281,0.06914281100034714,0.11898737400770187,418,304
113,3766,14,0.417248398065567,0.5775961875915527,-0.10477424412965775,0.18903158605098724,400,311
113,3766,15,0.43054574728012085,0.6331530809402466,0.037775300443172455,0.12540899217128754,413,341
113,3766,16,0.43010905385017395,0.6408047080039978,-0.11122561991214752,0.23770837485790253,412,346
113,3766,17,0.43666261434555054,0.6292803287506104,0.03715985640883446,0.15752293169498444,419,339
113,3766,18,0.4344039261341095,0.6543195843696594,-0.1257680058479309,0.2590535581111908,417,353
113,3766,19,0.43704864382743835,0.6474599242210388,0.029202023521065712,0.16097933053970337,419,349
113,3766,20,0.43791523575782776,0.6528368592262268,-0.12127551436424255,0.2500563859939575,420,352
113,3766,21,0.4349155128002167,0.6414366960525513,0.03335309401154518,0.15095259249210358,417,346
113,3766,22,0.4357872009277344,0.6468372941017151,-0.11138687282800674,0.23261916637420654,418,349
113,3766,23,0.43779051303863525,0.38124680519104004,0.03869014233350754,0.9949538111686707,420,205
113,3766,24,0.4279671013355255,0.37686941027641296,-0.038879718631505966,0.9961200952529907,410,203
113,3766,25,0.42807328701019287,0.23807698488235474,0.056182634085416794,0.33073991537094116,410,128
113,3766,26,0.4186137318611145,0.24292203783988953,-0.06481215357780457,0.5460037589073181,401,131
113,3766,27,0.43714675307273865,0.15047690272331238,0.028934139758348465,0.40183812379837036,419,81
113,3766,28,0.431856632232666,0.16455388069152832,-0.06501046568155289,0.5758742690086365,414,88
113,3766,29,0.4420391321182251,0.12878666818141937,0.023031536489725113,0.4574894607067108,424,69
113,3766,30,0.43433502316474915,0.15214909613132477,-0.06551236659288406,0.5734662413597107,416,82
113,3766,31,0.4490435719490051,0.08929892629384995,-0.016579709947109222,0.44407251477241516,431,48
113,3766,32,0.4307084083557129,0.10261540114879608,-0.09704561531543732,0.5552399754524231,413,55
114,3800,0,0.4521244466304779,0.5455045104026794,0.04969724640250206,0.8210394978523254,434,294
114,3800,1,0.45304620265960693,0.5463175177574158,0.05744092911481857,0.8202533721923828,434,295
114,3800,2,0.4529360830783844,0.545600950717926,0.05727081000804901,0.7951472401618958,434,294
114,3800,3,0.4529038667678833,0.5447078347206116,0.05724199861288071,0.8664376735687256,434,294
114,3800,4,0.4551003873348236,0.5458998084068298,0.04624206945300102,0.8549424409866333,436,294
114,3800,5,0.45614272356033325,0.5450791120529175,0.04605531319975853,0.8497764468193054,437,294
114,3800,6,0.4584448039531708,0.5430404543876648,0.04594233259558678,0.8985645771026611,440,293
114,3800,7,0.45785459876060486,0.5373231172561646,0.08715914189815521,0.8823185563087463,439,290
114,3800,8,0.4614656865596771,0.5382876396179199,0.036908794194459915,0.800548791885376,443,290
114,3800,9,0.45162343978881836,0.5409153699874878,0.06373486667871475,0.8080329895019531,433,292
114,3800,10,0.4530493915081024,0.5401758551597595,0.047869231551885605,0.7803592085838318,434,291
114,3800,11,0.45483747124671936,0.5059841871261597,0.11779221892356873,0.9906018972396851,436,273
114,3800,12,0.458732545375824,0.5373167395591736,-0.019660664722323418,0.9857158064842224,440,290
114,3800,13,0.44079044461250305,0.5544164776802063,0.1314750760793686,0.10895682871341705,423,299
114,3800,14,0.4476310610771179,0.5682579874992371,-0.042094554752111435,0.2014293521642685,429,306
114,3800,15,0.4364655911922455,0.6117801070213318,0.09780401736497879,0.11916875094175339,419,330
114,3800,16,0.4407283067703247,0.6357004642486572,-0.03219440579414368,0.242488294839859,423,343
114,3800,17,0.4378715753555298,0.608320415019989,0.09599264711141586,0.1527170091867447,420,328
114,3800,18,0.44443264603614807,0.6521069407463074,-0.047102656215429306,0.26178261637687683,426,352
114,3800,19,0.4385276734828949,0.6175877451896667,0.0870833471417427,0.15635806322097778,420,333
114,3800,20,0.4466173052787781,0.6502220034599304,-0.040129125118255615,0.2524324953556061,428,351
114,3800,21,0.43838244676589966,0.6132621765136719,0.09315873682498932,0.14581696689128876,420,331
114,3800,22,0.44545695185661316,0.6447843909263611,-0.03135059401392937,0.234811469912529,427,348
114,3800,23,0.4388883411884308,0.3604409098625183,0.038864366710186005,0.9951915144920349,421,194
114,3800,24,0.44051799178123474,0.35743558406829834,-0.03910403326153755,0.9962964057922363,422,193
114,3800,25,0.43506768345832825,0.27892839908599854,0.08183073252439499,0.29857832193374634,417,150
114,3800,26,0.42296740412712097,0.2262851446866989,-0.06852375715970993,0.5322493314743042,406,122
114,3800,27,0.45305320620536804,0.2185671180486679,0.07271122932434082,0.3658861517906189,434,118
114,3800,28,0.44472190737724304,0.17403320968151093,-0.09502533078193665,0.5527319312095642,426,93
114,3800,29,0.45715633034706116,0.21036355197429657,0.06927301734685898,0.42181113362312317,438,113
114,3800,30,0.4503101706504822,0.17210185527801514,-0.0972064957022667,0.5566689968109131,432,92
114,3800,31,0.4533787667751312,0.19344712793827057,0.03538323938846588,0.4053751528263092,435,104
114,3800,32,0.44454970955848694,0.13369396328926086,-0.13368217647075653,0.5258909463882446,426,72
115,3833,0,0.45292791724205017,0.5443468689918518,0.024487856775522232,0.8367835879325867,434,293
115,3833,1,0.45625555515289307,0.5463241934776306,0.03377481549978256,0.8361052870750427,438,295
115,3833,2,0.4563864469528198,0.5456156134605408,0.03367730602622032,0.8127939701080322,438,294
115,3833,3,0.4567447900772095,0.5447601079940796,0.03365849703550339,0.8782880306243896,438,294
115,3833,4,0.45752131938934326,0.5459426641464233,0.01776324398815632,0.8680413961410522,439,294
115,3833,5,0.4583704173564911,0.5452210903167725,0.017575200647115707,0.8629642724990845,440,294
115,3833,6,0.4594980478286743,0.5433850288391113,0.017445983365178108,0.9077453017234802,441,293
115,3833,7,0.4605976641178131,0.5376803874969482,0.08261952549219131,0.8922784328460693,442,290
115,3833,8,0.4629157483577728,0.5387113690376282,0.0008459047530777752,0.8178960680961609,444,290
115,3833,9,0.4533851444721222,0.5405359864234924,0.04255247861146927,0.8234752416610718,435,291
115,3833,10,0.45489364862442017,0.5400440096855164,0.019992761313915253,0.7971897721290588,436,291
115,3833,11,0.45828601717948914,0.5040504336357117,0.1028350219130516,0.9910930395126343,439,272
115,3833,12,0.4646828770637512,0.5302087068557739,-0.04264821857213974,0.986862301826477,446,286
115,3833,13,0.44138750433921814,0.5484731793403625,0.1162707731127739,0.09852980077266693,423,296
115,3833,14,0.44557684659957886,0.5948177576065063,-0.08030203729867935,0.20055924355983734,427,321
115,3833,15,0.442620187997818,0.6049571633338928,0.08758766949176788,0.10845059156417847,424,326
115,3833,16,0.4491838812828064,0.6462153792381287,-0.0649777203798294,0.23178061842918396,431,348
115,3833,17,0.44532933831214905,0.614210307598114,0.08726466447114944,0.13972268998622894,427,331
115,3833,18,0.4518736004829407,0.6605595350265503,-0.08082812279462814,0.24800889194011688,433,356
115,3833,19,0.44694462418556213,0.6215810775756836,0.0775211751461029,0.1430806815624237,429,335
115,3833,20,0.45395171642303467,0.6577927470207214,-0.07627154886722565,0.23793771862983704,435,355
115,3833,21,0.44501447677612305,0.618744432926178,0.08285274356603622,0.13352996110916138,427,334
115,3833,22,0.45403555035591125,0.6542811989784241,-0.06477418541908264,0.22114229202270508,435,353
115,3833,23,0.4356901943683624,0.358959436416626,0.041597865521907806,0.9953992962837219,418,193
115,3833,24,0.4413366913795471,0.35313594341278076,-0.04182892292737961,0.9965738654136658,423,190
115,3833,25,0.4404553174972534,0.39648202061653137,0.11197102814912796,0.2704276144504547,422,214
115,3833,26,0.4300472140312195,0.21457697451114655,-0.07789246737957001,0.5532494783401489,412,115
115,3833,27,0.44005265831947327,0.5286505222320557,0.08759436756372452,0.33176788687705994,422,285
115,3833,28,0.4492815136909485,0.22891871631145477,-0.026787694543600082,0.5087088942527771,431,123
115,3833,29,0.4366017282009125,0.5341144800186157,0.08397996425628662,0.3854163587093353,419,288
115,3833,30,0.4520937502384186,0.2393348067998886,-0.017926085740327835,0.5153133869171143,434,129
115,3833,31,0.4525870382785797,0.5948992371559143,0.07399570196866989,0.3701876401901245,434,321
115,3833,32,0.45531946420669556,0.24135860800743103,-0.02325107716023922,0.48081591725349426,437,130
116,3866,0,0.47060897946357727,0.5358700156211853,0.04761665314435959,0.8489966988563538,451,289
116,3866,1,0.4717373251914978,0.5357404947280884,0.058299362659454346,0.8484050035476685,452,289
116,3866,2,0.47141653299331665,0.5348134636878967,0.05817992985248566,0.8262695670127869,452,288
116,3866,3,0.47145071625709534,0.5340492129325867,0.058162398636341095,0.8876318335533142,452,288
116,3866,4,0.4730769097805023,0.5353895425796509,0.04789000749588013,0.8783785700798035,454,289
116,3866,5,0.4735817015171051,0.5344379544258118,0.04771570861339569,0.8730171322822571,454,288
116,3866,6,0.4741903841495514,0.5334080457687378,0.04758259281516075,0.9149044752120972,455,288
116,3866,7,0.47225287556648254,0.5261993408203125,0.10099749267101288,0.8998963236808777,453,284
116,3866,8,0.47799697518348694,0.525521457195282,0.05508127436041832,0.8309540748596191,458,283
116,3866,9,0.4681825041770935,0.5305326581001282,0.06526779383420944,0.8378824591636658,449,286
116,3866,10,0.46977874636650085,0.5302299857139587,0.05018866807222366,0.8122166395187378,450,286
116,3866,11,0.45602038502693176,0.49756717681884766,0.12838508188724518,0.991664707660675,437,268
116,3866,12,0.47991716861724854,0.5181750655174255,0.01134407427161932,0.9879427552223206,460,279
116,3866,13,0.45106929540634155,0.5584011077880859,0.13991884887218475,0.1215779259800911,433,301
116,3866,14,0.46365052461624146,0.5886023044586182,-0.0027459627017378807,0.22873717546463013,445,317
116,3866,15,0.45300185680389404,0.6283459663391113,0.09807346016168594,0.14447429776191711,434,339
116,3866,16,0.46318256855010986,0.6491929888725281,0.016577735543251038,0.26344403624534607,444,350
116,3866,17,0.4594612717628479,0.6383617520332336,0.09567723423242569,0.17920875549316406,441,344
116,3866,18,0.4674338102340698,0.6620357036590576,0.002024786313995719,0.2764618694782257,448,357
116,3866,19,0.4595833122730255,0.6388596892356873,0.08633372187614441,0.18277618288993835,441,344
116,3866,20,0.46835190057754517,0.6591160893440247,0.002859259257093072,0.26409193873405457,449,355
116,3866,21,0.4588630795478821,0.6373071074485779,0.09345889091491699,0.17011381685733795,440,344
116,3866,22,0.46688660979270935,0.6553984880447388,0.015214546583592892,0.24707485735416412,448,353
116,3866,23,0.43997904658317566,0.364345908164978,0.03809545189142227,0.9957787990570068,422,196
116,3866,24,0.45135852694511414,0.35283565521240234,-0.03839050978422165,0.9968892335891724,433,190
116,3866,25,0.43613746762275696,0.4668123126029968,0.11656609922647476,0.2680082321166992,418,252
116,3866,26,0.4408951699733734,0.2306995689868927,-0.08539679646492004,0.5973891615867615,423,124
116,3866,27,0.44530948996543884,0.5651870965957642,0.09035653620958328,0.3479584753513336,427,305
116,3866,28,0.4549652934074402,0.17768703401088715,-0.07205609232187271,0.5541088581085205,436,95
116,3866,29,0.44424811005592346,0.5689083933830261,0.08583573251962662,0.4029178321361542,426,307
116,3866,30,0.46015164256095886,0.17604397237300873,-0.06966068595647812,0.5549732446670532,441,95
116,3866,31,0.45528116822242737,0.6031348705291748,0.05855327472090721,0.39411836862564087,437,325
116,3866,32,0.4664280116558075,0.1182529404759407,-0.10183335095643997,0.5239212512969971,447,63
117,3900,0,0.47090262174606323,0.5296235084533691,0.0652364194393158,0.8628954887390137,452,285
117,3900,1,0.47196292877197266,0.5334053635597229,0.07483737915754318,0.8622596263885498,453,288
117,3900,2,0.47158628702163696,0.5328541398048401,0.07471244782209396,0.8419004082679749,452,287
117,3900,3,0.47140535712242126,0.5325700044631958,0.07470124214887619,0.8979071974754333,452,287
117,3900,4,0.4737699627876282,0.5329207181930542,0.06766246259212494,0.88974529504776,454,287
117,3900,5,0.47451016306877136,0.5321629643440247,0.06750675290822983,0.884731113910675,455,287
117,3900,6,0.47519323229789734,0.5317288637161255,0.06739111989736557,0.9228383898735046,456,287
117,3900,7,0.47160112857818604,0.523916482925415,0.1108541488647461,0.9087685346603394,452,282
117,3900,8,0.47780337929725647,0.5245147943496704,0.07812651246786118,0.8464267253875732,458,283
117,3900,9,0.46894770860671997,0.5243472456932068,0.07960096001625061,0.852884829044342,450,283
117,3900,10,0.47108903527259827,0.5232805609703064,0.06868689507246017,0.8292303085327148,452,282
117,3900,11,0.45480838418006897,0.496396541595459,0.1298683136701584,0.9922223687171936,436,268
117,3900,12,0.48358193039894104,0.5057527422904968,0.03312874212861061,0.9890186190605164,464,273
117,3900,13,0.44627845287323,0.5591128468513489,0.13542789220809937,0.1328684240579605,428,301
117,3900,14,0.4695136249065399,0.5805765390396118,-0.0006687751738354564,0.2591603696346283,450,313
117,3900,15,0.445004940032959,0.6172646880149841,0.10387708246707916,0.15876948833465576,427,333
117,3900,16,0.4636264443397522,0.642986536026001,0.00031548048718832433,0.291451632976532,445,347
117,3900,17,0.4485826790332794,0.6290834546089172,0.10313389450311661,0.19872340559959412,430,339
117,3900,18,0.4678119421005249,0.6572924852371216,-0.014858971349895,0.3047275245189667,449,354
117,3900,19,0.45214569568634033,0.6373839378356934,0.0959070548415184,0.20258593559265137,434,344
117,3900,20,0.46878570318222046,0.6555955410003662,-0.010948333889245987,0.29108524322509766,450,354
117,3900,21,0.44995519518852234,0.6292170882225037,0.1004692018032074,0.18813396990299225,431,339
117,3900,22,0.4668594300746918,0.6516875624656677,-0.00020920873794239014,0.2730388641357422,448,351
117,3900,23,0.4400162696838379,0.36659178137779236,0.035636428743600845,0.9960910081863403,422,197
117,3900,24,0.45673486590385437,0.3545878231525421,-0.03591235354542732,0.997168242931366,438,191
117,3900,25,0.432809978723526,0.45719531178474426,0.09388477355241776,0.2678716778755188,415,246
117,3900,26,0.4468962550163269,0.24568340182304382,-0.08842458575963974,0.637251079082489,429,132
117,3900,27,0.43593886494636536,0.5497502684593201,0.06741531193256378,0.3742758333683014,418,296
117,3900,28,0.45770135521888733,0.16597522795200348,-0.10697416216135025,0.5971524715423584,439,89
117,3900,29,0.43452388048171997,0.5535014867782593,0.06372595578432083,0.4355442523956299,417,298
117,3900,30,0.46085023880004883,0.15423108637332916,-0.10724453628063202,0.5954529047012329,442,83
117,3900,31,0.44313544034957886,0.5828008651733398,0.03554798662662506,0.431143194437027,425,314
117,3900,32,0.4620101749897003,0.0874045342206955,-0.15468230843544006,0.5683286786079407,443,47
118,3933,0,nan,nan,nan,0.0,-1,-1
119,3966,0,nan,nan,nan,0.0,-1,-1
120,4000,0,0.4849962294101715,0.152215838432312,0.03554052114486694,0.8764927387237549,465,82
120,4000,1,0.48289018869400024,0.1406872272491455,0.03366082161664963,0.8758777379989624,463,75
120,4000,2,0.4813576936721802,0.13991817831993103,0.03347483649849892,0.8575645089149475,462,75
120,4000,3,0.47927775979042053,0.13918325304985046,0.03355696424841881,0.9079925417900085,460,75
120,4000,4,0.48661163449287415,0.14236530661582947,0.014004341326653957,0.9006547331809998,467,76
120,4000,5,0.4879177510738373,0.14278379082679749,0.013758012093603611,0.8961862325668335,468,77
120,4000,6,0.48929378390312195,0.14325281977653503,0.013672560453414917,0.9304976463317871,469,77
120,4000,7,0.47266852855682373,0.14174360036849976,0.03271753713488579,0.9177971482276917,453,76
120,4000,8,0.4877447485923767,0.14732575416564941,-0.05562286451458931,0.8616781234741211,468,79
120,4000,9,0.48046910762786865,0.16196209192276,0.04184608906507492,0.8674213290214539,461,87
120,4000,10,0.48442545533180237,0.16412046551704407,0.01482162345200777,0.8461670875549316,465,88
120,4000,11,0.45005443692207336,0.2086801528930664,0.08621501922607422,0.9929872155189514,432,112
120,4000,12,0.47236913442611694,0.20972920954227448,-0.10704123973846436,0.9901121258735657,453,113
120,4000,13,0.45482128858566284,0.2951688766479492,0.12067166715860367,0.1449071615934372,436,159
120,4000,14,0.47610870003700256,0.3155902624130249,-0.13411791622638702,0.3323253095149994,457,170
120,4000,15,0.47633370757102966,0.37353411316871643,0.09722156822681427,0.15350238978862762,457,201
120,4000,16,0.5027561783790588,0.37798070907592773,-0.11791646480560303,0.3601953387260437,482,204
120,4000,17,0.4764457643032074,0.38467100262641907,0.10252775251865387,0.19205144047737122,457,207
120,4000,18,0.510384738445282,0.39776375889778137,-0.13286595046520233,0.37094494700431824,489,214
120,4000,19,0.4815947711467743,0.3821835219860077,0.08501068502664566,0.195213183760643,462,206
120,4000,20,0.5128936171531677,0.3957560956478119,-0.12509331107139587,0.35836657881736755,492,213
120,4000,21,0.48318418860435486,0.37913939356803894,0.09043324738740921,0.18011943995952606,463,204
120,4000,22,0.5086597204208374,0.39109671115875244,-0.11402013897895813,0.33942633867263794,488,211
120,4000,23,0.4574306905269623,0.40506696701049805,0.06520414352416992,0.9964783787727356,439,218
120,4000,24,0.4792824387550354,0.40748363733291626,-0.06545952707529068,0.9974492788314819,460,220
120,4000,25,0.4535439908504486,0.5244633555412292,0.14731375873088837,0.3325929343700409,435,283
120,4000,26,0.504746675491333,0.5152750015258789,0.009761837311089039,0.6714979410171509,484,278
120,4000,27,0.4345239996910095,0.6434066295623779,0.17599162459373474,0.43492791056632996,417,347
120,4000,28,0.5155516862869263,0.653080403804779,0.049900759011507034,0.6369352340698242,494,352
120,4000,29,0.4257905185222626,0.6651316285133362,0.17561087012290955,0.4902513325214386,408,359
120,4000,30,0.5105980634689331,0.6790658235549927,0.052480362355709076,0.6347960829734802,490,366
120,4000,31,0.460722416639328,0.6678064465522766,0.14595311880111694,0.48518243432044983,442,360
120,4000,32,0.5486075282096863,0.6573810577392578,0.01555997971445322,0.6097327470779419,526,354
121,4033,0,0.48514479398727417,0.1521947681903839,-0.018800826743245125,0.8888031840324402,465,82
121,4033,1,0.48297834396362305,0.14065536856651306,-0.015699783340096474,0.8882251381874084,463,75
121,4033,2,0.4814247488975525,0.13992084562778473,-0.01587364822626114,0.8717450499534607,462,75
121,4033,3,0.47948890924453735,0.13929857313632965,-0.015810800716280937,0.917140543460846,460,75
121,4033,4,0.4864473044872284,0.1418732851743698,-0.034782420843839645,0.9105423092842102,466,76
121,4033,5,0.48735129833221436,0.14203816652297974,-0.035007622092962265,0.9065366387367249,467,76
121,4033,6,0.48818567395210266,0.1423155665397644,-0.035096630454063416,0.9374211430549622,468,76
121,4033,7,0.4728315472602844,0.14212189614772797,0.009227464906871319,0.9259741306304932,453,76
121,4033,8,0.48497045040130615,0.14632637798786163,-0.07747271656990051,0.8754569888114929,465,79
121,4033,9,0.4806295335292816,0.16185730695724487,-0.0037568090483546257,0.8805555105209351,461,87
121,4033,10,0.48431119322776794,0.16354383528232574,-0.030259668827056885,0.8614603281021118,464,88
121,4033,11,0.4504911005496979,0.20887944102287292,0.07900191843509674,0.9936659336090088,432,112
121,4033,12,0.4706072211265564,0.20973755419254303,-0.11598272621631622,0.9910948276519775,451,113
121,4033,13,0.4609709680080414,0.29782944917678833,0.11552495509386063,0.14133581519126892,442,160
121,4033,14,0.47517716884613037,0.31444495916366577,-0.14816297590732574,0.39808425307273865,456,169
121,4033,15,0.4866427183151245,0.36253780126571655,0.08908473700284958,0.15575967729091644,467,195
121,4033,16,0.5002586245536804,0.378339946269989,-0.13343429565429688,0.4213472604751587,480,204
121,4033,17,0.4957748055458069,0.38051533699035645,0.09353194385766983,0.19472594559192657,475,205
121,4033,18,0.5087019801139832,0.39821377396583557,-0.15063467621803284,0.42916664481163025,488,215
121,4033,19,0.501095175743103,0.3789437711238861,0.07315393537282944,0.19754168391227722,481,204
121,4033,20,0.5112459659576416,0.3961069881916046,-0.14338091015815735,0.4173040986061096,490,213
121,4033,21,0.500724196434021,0.3765184283256531,0.08070330321788788,0.18186433613300323,480,203
121,4033,22,0.50593501329422,0.39141562581062317,-0.13004721701145172,0.39652538299560547,485,211
121,4033,23,0.45743316411972046,0.405268132686615,0.06491199135780334,0.9968255162239075,439,218
121,4033,24,0.47785884141921997,0.4070097506046295,-0.06514500826597214,0.9977016448974609,458,219
121,4033,25,0.45343559980392456,0.5201467275619507,0.15113931894302368,0.3819716274738312,435,280
121,4033,26,0.5049123764038086,0.5145930647850037,0.009083754383027554,0.7017566561698914,484,277
121,4033,27,0.43514251708984375,0.6403794288635254,0.19945235550403595,0.4881051480770111,417,345
121,4033,28,0.5147098898887634,0.6510513424873352,0.04984544590115547,0.6727466583251953,494,351
121,4033,29,0.42585232853889465,0.6634900569915771,0.20125004649162292,0.538462221622467,408,358
121,4033,30,0.508867621421814,0.6766011118888855,0.052370570600032806,0.6698877215385437,488,365
121,4033,31,0.4607425928115845,0.6633393168449402,0.17941538989543915,0.5329791903495789,442,358
121,4033,32,0.5485067367553711,0.6572615504264832,0.01688442751765251,0.6473039984703064,526,354
122,4066,0,0.4924428164958954,0.14879456162452698,-0.01696440577507019,0.8998474478721619,472,80
122,4066,1,0.4907953143119812,0.13848386704921722,-0.014142411760985851,0.8992993831634521,471,74
122,4066,2,0.48899251222610474,0.13792042434215546,-0.014285435900092125,0.8844360113143921,469,74
122,4066,3,0.48753467202186584,0.13743896782398224,-0.014239916577935219,0.9253219962120056,468,74
122,4066,4,0.4929349720478058,0.139414444565773,-0.03116782195866108,0.9194520115852356,473,75
122,4066,5,0.49327510595321655,0.13944801688194275,-0.03139796108007431,0.91585773229599,473,75
122,4066,6,0.49364349246025085,0.13947850465774536,-0.03150497004389763,0.9436634182929993,473,75
122,4066,7,0.4806962013244629,0.14162106812000275,0.006821588613092899,0.9332943558692932,461,76
122,4066,8,0.4895866811275482,0.14492838084697723,-0.07271981239318848,0.8878799080848694,470,78
122,4066,9,0.4873444139957428,0.15960177779197693,-0.004231935366988182,0.8923388719558716,467,86
122,4066,10,0.4895118772983551,0.16013847291469574,-0.02801663987338543,0.8752458691596985,469,86
122,4066,11,0.45686885714530945,0.20794858038425446,0.06881103664636612,0.9942141175270081,438,112
122,4066,12,0.47470250725746155,0.20982588827610016,-0.11265941709280014,0.9919811487197876,455,113
122,4066,13,0.4458655118942261,0.26082202792167664,0.17912721633911133,0.12839777767658234,428,140
122,4066,14,0.4841423034667969,0.31259337067604065,-0.14954791963100433,0.4550970792770386,464,168
122,4066,15,0.4560747444629669,0.23729056119918823,0.2719142735004425,0.14264048635959625,437,128
122,4066,16,0.509110152721405,0.3698417544364929,-0.16029927134513855,0.47529882192611694,488,199
122,4066,17,0.45519742369651794,0.23516754806041718,0.28799429535865784,0.18156665563583374,436,126
122,4066,18,0.5155821442604065,0.3887101709842682,-0.18010400235652924,0.481635183095932,494,209
122,4066,19,0.4559837281703949,0.23009292781352997,0.2735561728477478,0.18434831500053406,437,124
122,4066,20,0.5222451090812683,0.3858961760997772,-0.17438413202762604,0.4706858992576599,501,208
122,4066,21,0.45951908826828003,0.23082074522972107,0.2687651515007019,0.1695689857006073,441,124
122,4066,22,0.5194280743598938,0.37900444865226746,-0.15798529982566833,0.4480926990509033,498,204
122,4066,23,0.46464741230010986,0.4011625647544861,0.05773673579096794,0.9971199631690979,446,216
122,4066,24,0.47788429260253906,0.40366286039352417,-0.05791275203227997,0.9979215264320374,458,217
122,4066,25,0.464456170797348,0.5212134718894958,0.10359926521778107,0.38176169991493225,445,281
122,4066,26,0.5025443434715271,0.5147109031677246,-0.011032724753022194,0.7040249109268188,482,277
122,4066,27,0.4366026818752289,0.6374432444572449,0.12196151167154312,0.5190505981445312,419,344
122,4066,28,0.5101030468940735,0.6460408568382263,0.03947320207953453,0.6975833177566528,489,348
122,4066,29,0.42839857935905457,0.6615394353866577,0.12103521078824997,0.5685930848121643,411,357
122,4066,30,0.5042424201965332,0.6716395616531372,0.04364001378417015,0.6922057867050171,484,362
122,4066,31,0.46490126848220825,0.6598723530769348,0.08837766200304031,0.5616379976272583,446,356
122,4066,32,0.5390363931655884,0.6502954959869385,0.008876368403434753,0.6682482957839966,517,351
123,4100,0,0.4925701320171356,0.1493183821439743,-0.01823282055556774,0.909827709197998,472,80
123,4100,1,0.49087420105934143,0.13938409090042114,-0.017777886241674423,0.9093246459960938,471,75
123,4100,2,0.48943936824798584,0.13873550295829773,-0.01792452484369278,0.8959415555000305,469,74
123,4100,3,0.48737701773643494,0.1381223499774933,-0.017872462049126625,0.9327439069747925,467,74
123,4100,4,0.49324485659599304,0.14055094122886658,-0.033160123974084854,0.9274832010269165,473,75
123,4100,5,0.49373966455459595,0.1406577229499817,-0.03336990997195244,0.9242570400238037,473,75
123,4100,6,0.4942203462123871,0.14077575504779816,-0.033447567373514175,0.9492857456207275,474,76
123,4100,7,0.48118266463279724,0.14190517365932465,-0.005160285625606775,0.9399319887161255,461,76
123,4100,8,0.4902760088443756,0.14605706930160522,-0.07535990327596664,0.8990734815597534,470,78
123,4100,9,0.4880402982234955,0.15977630019187927,-0.008160005323588848,0.9029961228370667,468,86
123,4100,10,0.4901457130908966,0.16029298305511475,-0.029645731672644615,0.8876622915267944,470,86
123,4100,11,0.4574894905090332,0.20766744017601013,0.057113394141197205,0.9947522878646851,439,112
123,4100,12,0.47929638624191284,0.210512176156044,-0.11276237666606903,0.9927796721458435,460,113
123,4100,13,0.45110780000686646,0.2848508059978485,0.14282462000846863,0.11698034405708313,433,153
123,4100,14,0.48713332414627075,0.31026706099510193,-0.14375567436218262,0.507336437702179,467,167
123,4100,15,0.4675308167934418,0.3502868711948395,0.1728147566318512,0.12939099967479706,448,189
123,4100,16,0.5116734504699707,0.36375442147254944,-0.12004048377275467,0.5260404348373413,491,196
123,4100,17,0.4725095331668854,0.36934635043144226,0.18159857392311096,0.16584070026874542,453,199
123,4100,18,0.5191442370414734,0.38331884145736694,-0.13363680243492126,0.531133770942688,498,206
123,4100,19,0.4740782380104065,0.37372589111328125,0.16467244923114777,0.16828007996082306,455,201
123,4100,20,0.5257697701454163,0.3795728385448456,-0.12747441232204437,0.5208539366722107,504,204
123,4100,21,0.4727703928947449,0.3677789568901062,0.16695712506771088,0.1549227386713028,453,198
123,4100,22,0.521741509437561,0.3713388442993164,-0.11657432466745377,0.4983710050582886,500,200
123,4100,23,0.464903324842453,0.39953333139419556,0.05662395432591438,0.9974040389060974,446,215
123,4100,24,0.48026517033576965,0.40266498923301697,-0.05681502819061279,0.998127818107605,461,217
123,4100,25,0.46240222454071045,0.5160360932350159,0.11893098056316376,0.42183607816696167,443,278
123,4100,26,0.507615864276886,0.515148401260376,0.01080102939158678,0.7295269966125488,487,278
123,4100,27,0.43714794516563416,0.6338499188423157,0.17652474343776703,0.5627257823944092,419,342
123,4100,28,0.5282297134399414,0.6439846754074097,0.059273574501276016,0.7269552946090698,507,347
123,4100,29,0.42843687534332275,0.6584033966064453,0.17937977612018585,0.6078992486000061,411,355
123,4100,30,0.5261745452880859,0.6698421239852905,0.06270408630371094,0.7210800051689148,505,361
123,4100,31,0.46273961663246155,0.6586545705795288,0.16793513298034668,0.597541332244873,444,355
123,4100,32,0.5617834329605103,0.6444728374481201,0.0370585098862648,0.6973984241485596,539,348
124,4133,0,0.5066543221473694,0.15207867324352264,-0.027692308649420738,0.9187127947807312,486,82
124,4133,1,0.5040419101715088,0.14086592197418213,-0.020771801471710205,0.9181283116340637,483,76
124,4133,2,0.5026687979698181,0.1404295712709427,-0.020922059193253517,0.9060060381889343,482,75
124,4133,3,0.5011511445045471,0.14007322490215302,-0.02085340954363346,0.9392107129096985,481,75
124,4133,4,0.5060330629348755,0.14148420095443726,-0.04037424549460411,0.9345808625221252,485,76
124,4133,5,0.5062798857688904,0.14139620959758759,-0.04056430608034134,0.9317154288291931,486,76
124,4133,6,0.5066347718238831,0.14125509560108185,-0.04064135625958443,0.9542807936668396,486,76
124,4133,7,0.49250587821006775,0.1456148326396942,0.0016062071081250906,0.9456142783164978,472,78
124,4133,8,0.5020230412483215,0.1471494883298874,-0.07650556415319443,0.9089892506599426,481,79
124,4133,9,0.5017444491386414,0.1647513210773468,-0.011403852142393589,0.9122857451438904,481,88
124,4133,10,0.5032326579093933,0.1644860953092575,-0.038386184722185135,0.8986685872077942,483,88
124,4133,11,0.47577381134033203,0.21727466583251953,0.06485506147146225,0.9952399134635925,456,117
124,4133,12,0.48433950543403625,0.21936069428920746,-0.12110503017902374,0.9934986233711243,464,118
124,4133,13,0.47380128502845764,0.3139224052429199,0.11931658536195755,0.10586847364902496,454,169
124,4133,14,0.49792245030403137,0.31520822644233704,-0.1435055285692215,0.5559354424476624,478,170
124,4133,15,0.4791441857814789,0.40587154030799866,0.08214661478996277,0.11710412800312042,459,219
124,4133,16,0.5264997482299805,0.3651289939880371,-0.10646075755357742,0.5703538060188293,505,197
124,4133,17,0.4799335300922394,0.42747876048088074,0.08211348205804825,0.15045543015003204,460,230
124,4133,18,0.5343355536460876,0.3849845230579376,-0.12311956286430359,0.5717652440071106,512,207
124,4133,19,0.4820539355278015,0.42563730478286743,0.06370564550161362,0.15265055000782013,462,229
124,4133,20,0.5378788113594055,0.38101983070373535,-0.11739245802164078,0.5620129108428955,516,205
124,4133,21,0.48173797130584717,0.41736555099487305,0.07409296184778214,0.1404532939195633,462,225
124,4133,22,0.534963071346283,0.37388113141059875,-0.10323075950145721,0.5343982577323914,513,201
124,4133,23,0.4853189289569855,0.4008671045303345,0.056738100945949554,0.9976547360420227,465,216
124,4133,24,0.48024579882621765,0.40277814865112305,-0.057005442678928375,0.9983108043670654,461,217
124,4133,25,0.5148152112960815,0.514397144317627,0.08838792890310287,0.40063971281051636,494,277
124,4133,26,0.46832963824272156,0.5151471495628357,-0.010874846018850803,0.7408981919288635,449,278
124,4133,27,0.5458335876464844,0.6327764391899109,0.13251958787441254,0.5676618218421936,524,341
124,4133,28,0.44337236881256104,0.6365159749984741,0.04693474620580673,0.7457022666931152,425,343
124,4133,29,0.544663667678833,0.65848308801651,0.13335435092449188,0.6096724271774292,522,355
124,4133,30,0.4331403374671936,0.6601718068122864,0.050913043320178986,0.7071477770805359,415,356
124,4133,31,0.5783907771110535,0.6342397928237915,0.09556818753480911,0.6107824444770813,555,342
124,4133,32,0.47108468413352966,0.6546123623847961,0.008671254850924015,0.7147400379180908,452,353
125,4166,0,0.5077182650566101,0.15639878809452057,-0.022241858765482903,0.9268181920051575,487,84
125,4166,1,0.5053879618644714,0.1448291838169098,-0.01699734851717949,0.9262521862983704,485,78
125,4166,2,0.5038307309150696,0.14423444867134094,-0.01713385619223118,0.9153388738632202,483,77
125,4166,3,0.5021374821662903,0.14375515282154083,-0.01705118454992771,0.9452261924743652,482,77
125,4166,4,0.5080819129943848,0.1458621770143509,-0.03640279546380043,0.9410834312438965,487,78
125,4166,5,0.5086567997932434,0.14590249955654144,-0.03658807650208473,0.9385198354721069,488,78
125,4166,6,0.5093659162521362,0.14592932164669037,-0.0366501621901989,0.9588322639465332,488,78
125,4166,7,0.49402377009391785,0.1477636843919754,0.006838674657046795,0.9509903788566589,474,79
125,4166,8,0.5061457753181458,0.15118390321731567,-0.07608237117528915,0.9180570840835571,485,81
125,4166,9,0.5036285519599915,0.16780200600624084,-0.007435949053615332,0.9209560751914978,483,90
125,4166,10,0.5055124759674072,0.16825418174266815,-0.03411411866545677,0.9087436199188232,485,90
125,4166,11,0.47932156920433044,0.2190328687429428,0.0666184350848198,0.9957014322280884,460,118
125,4166,12,0.48669469356536865,0.22308231890201569,-0.12323301285505295,0.9941471219062805,467,120
125,4166,13,0.4791904091835022,0.31803640723228455,0.10738944262266159,0.09714902192354202,460,171
125,4166,14,0.5021329522132874,0.31978967785835266,-0.1347501575946808,0.6000654697418213,482,172
125,4166,15,0.48996803164482117,0.4082411527633667,0.06842711567878723,0.10747762024402618,470,220
125,4166,16,0.5276055932044983,0.3662441670894623,-0.08171625435352325,0.6123719811439514,506,197
125,4166,17,0.48887014389038086,0.4253442585468292,0.06985817849636078,0.13902750611305237,469,229
125,4166,18,0.536017656326294,0.385146826505661,-0.09740682691335678,0.612679660320282,514,207
125,4166,19,0.49132537841796875,0.4233875274658203,0.051027312874794006,0.14092488586902618,471,228
125,4166,20,0.5387634634971619,0.3803388476371765,-0.08839061856269836,0.6036993265151978,517,205
125,4166,21,0.4925905466079712,0.41700202226638794,0.060369666665792465,0.12954257428646088,472,225
125,4166,22,0.5364066362380981,0.37450745701789856,-0.07711616158485413,0.5764263868331909,514,202
125,4166,23,0.48733392357826233,0.40099063515663147,0.059161536395549774,0.9978811740875244,467,216
125,4166,24,0.48065483570098877,0.40280693769454956,-0.05933607369661331,0.9984762668609619,461,217
125,4166,25,0.518680989742279,0.5136988759040833,0.08804936707019806,0.41650110483169556,497,277
125,4166,26,0.46379324793815613,0.5151441097259521,-0.0067256176844239235,0.7645140886306763,445,278
125,4166,27,0.5489321947097778,0.6321220397949219,0.12552553415298462,0.602200448513031,526,341
125,4166,28,0.4373463988304138,0.6340150833129883,0.046209726482629776,0.770169198513031,419,342
125,4166,29,0.5488159656524658,0.658522367477417,0.12604790925979614,0.6397095322608948,526,355
125,4166,30,0.42739343643188477,0.6564918160438538,0.049982234835624695,0.7286792397499084,410,354
125,4166,31,0.5794537663459778,0.6298277974128723,0.08766189217567444,0.6443459987640381,556,340
125,4166,32,0.46682119369506836,0.6596858501434326,0.008510186336934566,0.7413733005523682,448,356
126,4200,0,0.516532838344574,0.15833018720149994,-0.02958022803068161,0.9341146945953369,495,85
126,4200,1,0.5142232775688171,0.1471933275461197,-0.025240516290068626,0.9336048364639282,493,79
126,4200,2,0.5132162570953369,0.1466832011938095,-0.025377443060278893,0.9237799644470215,492,79
126,4200,3,0.5116601586341858,0.1462804228067398,-0.02533646672964096,0.9506853222846985,491,78
126,4200,4,0.515916109085083,0.1480141133069992,-0.04376547783613205,0.9469591975212097,495,79
126,4200,5,0.5162489414215088,0.1479395180940628,-0.043950557708740234,0.9446560144424438,495,79
126,4200,6,0.5166810750961304,0.14755047857761383,-0.044014230370521545,0.9629399180412292,496,79
126,4200,7,0.5053935647010803,0.14998197555541992,0.0005155894323252141,0.9558790922164917,485,80
126,4200,8,0.5129246115684509,0.15217900276184082,-0.08252350240945816,0.9262350797653198,492,82
126,4200,9,0.5126609802246094,0.16942034661769867,-0.014926903881132603,0.9288182854652405,492,91
126,4200,10,0.5140944719314575,0.16990108788013458,-0.04040159285068512,0.917834997177124,493,91
126,4200,11,0.4808739721775055,0.22161328792572021,0.06611894071102142,0.9961054921150208,461,119
126,4200,12,0.4976118505001068,0.22404517233371735,-0.12324747443199158,0.9947258234024048,477,120
126,4200,13,0.48228123784065247,0.3217005729675293,0.10829376429319382,0.09170188754796982,462,173
126,4200,14,0.5073992013931274,0.31936904788017273,-0.14295822381973267,0.6387093663215637,487,172
126,4200,15,0.4956096410751343,0.4039851725101471,0.08558248728513718,0.09822584688663483,475,218
126,4200,16,0.5376012921333313,0.3664109408855438,-0.09534666687250137,0.6457120776176453,516,197
126,4200,17,0.49597030878067017,0.4222387373447418,0.08884182572364807,0.1278621405363083,476,228
126,4200,18,0.54444420337677,0.3848344385623932,-0.10989921540021896,0.6435144543647766,522,207
126,4200,19,0.4991960823535919,0.4214564561843872,0.07134132087230682,0.12944342195987701,479,227
126,4200,20,0.548179566860199,0.379947692155838,-0.10272565484046936,0.6338600516319275,526,205
126,4200,21,0.4998309910297394,0.41443538665771484,0.07834943383932114,0.11914815753698349,479,223
126,4200,22,0.5443007946014404,0.37398871779441833,-0.09042763710021973,0.6032757759094238,522,201
126,4200,23,0.4864564538002014,0.4036317467689514,0.05950132757425308,0.9980915188789368,466,217
126,4200,24,0.4980948567390442,0.40422749519348145,-0.05968041718006134,0.9986279010772705,478,218
126,4200,25,0.49053218960762024,0.5159273743629456,0.13287843763828278,0.4660187363624573,470,278
126,4200,26,0.5250260233879089,0.5181487202644348,0.01889122650027275,0.7870557904243469,504,279
126,4200,27,0.45346295833587646,0.6306087970733643,0.1901935636997223,0.6391040682792664,435,340
126,4200,28,0.5496841073036194,0.6357297897338867,0.07066015899181366,0.792899489402771,527,343
126,4200,29,0.4422486126422882,0.6520295739173889,0.19370749592781067,0.6735327839851379,424,352
126,4200,30,0.5491483211517334,0.6577538251876831,0.07437174767255783,0.7552717328071594,527,355
126,4200,31,0.4747212529182434,0.6477228403091431,0.1774393618106842,0.6746956706047058,455,349
126,4200,32,0.5855149030685425,0.6373580098152161,0.04619622975587845,0.765836238861084,562,344
127,4233,0,0.5172239542007446,0.1635487824678421,-0.020354988053441048,0.9406748414039612,496,88
127,4233,1,0.5142465829849243,0.15176913142204285,-0.01754119247198105,0.9402124881744385,493,81
127,4233,2,0.5126048922538757,0.1510457992553711,-0.0176825113594532,0.9313638806343079,492,81
127,4233,3,0.5107340216636658,0.1505344659090042,-0.01763305440545082,0.9555875658988953,490,81
127,4233,4,0.5170467495918274,0.1529594510793686,-0.03564547747373581,0.9522441029548645,496,82
127,4233,5,0.5175844430923462,0.15291903913021088,-0.03584533929824829,0.9501768946647644,496,82
127,4233,6,0.5181826949119568,0.1527710109949112,-0.03591645509004593,0.9666368961334229,497,82
127,4233,7,0.5038954615592957,0.15337733924388885,0.001423709443770349,0.9602692127227783,483,82
127,4233,8,0.5143006443977356,0.15584732592105865,-0.08155172318220139,0.9335949420928955,493,84
127,4233,9,0.5132789611816406,0.17333979904651642,-0.007758906111121178,0.9358727931976318,492,93
127,4233,10,0.5154629349708557,0.17420776188373566,-0.032847922295331955,0.9260105490684509,494,94
127,4233,11,0.4818752408027649,0.2223702073097229,0.06419573724269867,0.9964680671691895,462,120
127,4233,12,0.5009057521820068,0.22643090784549713,-0.11580343544483185,0.9952509999275208,480,122
127,4233,13,0.48354771733283997,0.32272404432296753,0.11112488061189651,0.08400816470384598,464,174
127,4233,14,0.5103944540023804,0.32080090045928955,-0.12746889889240265,0.6737766861915588,489,173
127,4233,15,0.49684879183769226,0.39752766489982605,0.09729894250631332,0.08893293142318726,476,214
127,4233,16,0.5382934212684631,0.3668399751186371,-0.08934039622545242,0.6793435215950012,516,198
127,4233,17,0.49835699796676636,0.42499464750289917,0.10307545959949493,0.11621332913637161,478,229
127,4233,18,0.5464966297149658,0.38535672426223755,-0.1030237004160881,0.6763901114463806,524,208
127,4233,19,0.5012915134429932,0.4193699359893799,0.0893506109714508,0.11757045984268188,481,226
127,4233,20,0.5500837564468384,0.38052189350128174,-0.09644854068756104,0.6671268939971924,528,205
127,4233,21,0.5024338364601135,0.41776666045188904,0.09229647368192673,0.1083139106631279,482,225
127,4233,22,0.5468406677246094,0.3746664226055145,-0.08524975180625916,0.6366258859634399,524,202
127,4233,23,0.48577558994293213,0.4050392806529999,0.05814097449183464,0.9982810616493225,466,218
127,4233,24,0.5018772482872009,0.40551233291625977,-0.05832052603363991,0.99876469373703,481,218
127,4233,25,0.4798496663570404,0.5176007747650146,0.15346789360046387,0.498836487531662,460,279
127,4233,26,0.5311799645423889,0.520099401473999,0.024453507736325264,0.8067439794540405,509,280
127,4233,27,0.4425469636917114,0.6283362507820129,0.21805469691753387,0.6693142056465149,424,339
127,4233,28,0.5575698018074036,0.6364654302597046,0.06736638396978378,0.8131961822509766,535,343
127,4233,29,0.43116435408592224,0.6479012966156006,0.22269544005393982,0.7025362849235535,413,349
127,4233,30,0.5570352673530579,0.6583375334739685,0.07051346451044083,0.7788777947425842,534,355
127,4233,31,0.4673413634300232,0.6555795669555664,0.21612156927585602,0.6973845362663269,448,354
127,4233,32,0.5904284119606018,0.6328424215316772,0.04503180459141731,0.7872093319892883,566,341
128,4266,0,0.5244457721710205,0.16250577569007874,-0.031575895845890045,0.9465612769126892,503,87
128,4266,1,0.5222370028495789,0.15087294578552246,-0.024655427783727646,0.9460756778717041,501,81
128,4266,2,0.5205061435699463,0.15019093453884125,-0.024786286056041718,0.9380719065666199,499,81
128,4266,3,0.51909339427948,0.1496710628271103,-0.02476113848388195,0.959933340549469,498,80
128,4266,4,0.5249060988426208,0.15209518373012543,-0.04300696775317192,0.9569531083106995,503,82
128,4266,5,0.5250501036643982,0.15218716859817505,-0.0431850291788578,0.9550965428352356,504,82
128,4266,6,0.5256649851799011,0.1522185504436493,-0.04324765503406525,0.9699265956878662,504,82
128,4266,7,0.5134620070457458,0.15259946882724762,0.0041177114471793175,0.9641690254211426,492,82
128,4266,8,0.5223498940467834,0.15570364892482758,-0.07886037975549698,0.9401398301124573,501,84
128,4266,9,0.5207508206367493,0.1725495308637619,-0.01591443456709385,0.9421984553337097,499,93
128,4266,10,0.5226942896842957,0.17334425449371338,-0.04118457809090614,0.9333487153053284,501,93
128,4266,11,0.49836328625679016,0.2244783490896225,0.066313736140728,0.9968122243881226,478,121
128,4266,12,0.5042762756347656,0.2261998951435089,-0.11583150178194046,0.995720624923706,484,122
128,4266,13,0.5123254060745239,0.3213295340538025,0.10327982157468796,0.08506172895431519,491,173
128,4266,14,0.5103018879890442,0.32326212525367737,-0.14614228904247284,0.7046629190444946,489,174
128,4266,15,0.5433365702629089,0.39041438698768616,0.07394803315401077,0.1020529568195343,521,210
128,4266,16,0.5182744860649109,0.41062578558921814,-0.1393766850233078,0.6997907757759094,497,221
128,4266,17,0.5523173809051514,0.4151112735271454,0.07549308985471725,0.1299876868724823,530,224
128,4266,18,0.5151046514511108,0.4324222803115845,-0.15552295744419098,0.6879826188087463,494,233
128,4266,19,0.5529913306236267,0.41083651781082153,0.05482258275151253,0.1330006718635559,530,221
128,4266,20,0.5154574513435364,0.4371474087238312,-0.15778785943984985,0.679073691368103,494,236
128,4266,21,0.5504134297370911,0.4057025611400604,0.06463801115751266,0.1224479004740715,528,219
128,4266,22,0.5172938704490662,0.4265201687812805,-0.14079131186008453,0.641900897026062,496,230
128,4266,23,0.5046098828315735,0.41037070751190186,0.058130428194999695,0.9984476566314697,484,221
128,4266,24,0.5064632892608643,0.41193026304244995,-0.05830246955156326,0.998883843421936,486,222
128,4266,25,0.5362876653671265,0.5187233686447144,0.09507379680871964,0.49865785241127014,514,280
128,4266,26,0.5124836564064026,0.5259143114089966,-0.012940807268023491,0.8207389116287231,491,283
128,4266,27,0.5592901706695557,0.6325299143791199,0.13414835929870605,0.6880705952644348,536,341
128,4266,28,0.45013052225112915,0.6271987557411194,0.034433476626873016,0.8287582993507385,432,338
128,4266,29,0.5558454394340515,0.6587607860565186,0.1337316930294037,0.7090851068496704,533,355
128,4266,30,0.4392114281654358,0.6434746980667114,0.03699006885290146,0.7746163606643677,421,347
128,4266,31,0.5665168166160583,0.6606093049049377,0.08734133839607239,0.7171116471290588,543,356
128,4266,32,0.47426873445510864,0.650917649269104,-0.007862010970711708,0.8035695552825928,455,351
129,4300,0,0.5287926197052002,0.16198864579200745,-0.037622708827257156,0.9518925547599792,507,87
129,4300,1,0.5261098742485046,0.1504797786474228,-0.030083956196904182,0.9514361619949341,505,81
129,4300,2,0.5245245099067688,0.14984527230262756,-0.030227506533265114,0.9442241191864014,503,80
129,4300,3,0.5229411125183105,0.14939157664775848,-0.03019925393164158,0.9639147520065308,502,80
129,4300,4,0.5283501148223877,0.15148167312145233,-0.050412874668836594,0.9612372517585754,507,81
129,4300,5,0.5285791754722595,0.15151773393154144,-0.05058451369404793,0.9595679640769958,507,81
129,4300,6,0.5289995670318604,0.1515033096075058,-0.05063210055232048,0.9729185104370117,507,81
129,4300,7,0.514441192150116,0.15231752395629883,0.004481187090277672,0.9677305221557617,493,82
129,4300,8,0.5244758129119873,0.15512745082378387,-0.08652298152446747,0.9460895657539368,503,83
129,4300,9,0.5247414112091064,0.1724221110343933,-0.02102326601743698,0.9479500651359558,503,93
129,4300,10,0.5264402627944946,0.17310906946659088,-0.048844385892152786,0.9399920105934143,505,93
129,4300,11,0.5018473863601685,0.22436001896858215,0.06736364960670471,0.9971272945404053,481,121
129,4300,12,0.5053750276565552,0.22641880810260773,-0.13116484880447388,0.9961462616920471,485,122
129,4300,13,0.5182936787605286,0.3204546868801117,0.10644347965717316,0.08573989570140839,497,173
129,4300,14,0.5073561072349548,0.32331743836402893,-0.1708577573299408,0.733546257019043,487,174
129,4300,15,0.546896755695343,0.3848559260368347,0.07664108276367188,0.12249655276536942,525,207
129,4300,16,0.5126509070396423,0.41580623388290405,-0.16438259184360504,0.7243593335151672,492,224
129,4300,17,0.5575409531593323,0.40432116389274597,0.07822871953248978,0.15210188925266266,535,218
129,4300,18,0.5070348381996155,0.4440232813358307,-0.18169277906417847,0.7079600691795349,486,239
129,4300,19,0.5600976943969727,0.4025934934616089,0.05605194345116615,0.15719982981681824,537,217
129,4300,20,0.5098527073860168,0.4448895752429962,-0.18250802159309387,0.6997625827789307,489,240
129,4300,21,0.5579906702041626,0.4011646509170532,0.06660383194684982,0.144431471824646,535,216
129,4300,22,0.5108251571655273,0.4388096034526825,-0.1650974452495575,0.6587210893630981,490,236
129,4300,23,0.5090132355690002,0.40996065735816956,0.06109100952744484,0.9985990524291992,488,221
129,4300,24,0.5059806704521179,0.412141889333725,-0.06125040724873543,0.9989919066429138,485,222
129,4300,25,0.5429311394691467,0.5186538696289062,0.07807242125272751,0.5032169818878174,521,280
129,4300,26,0.4868807792663574,0.5254221558570862,-0.01692165993154049,0.8335319757461548,467,283
129,4300,27,0.5634686350822449,0.6364973783493042,0.09874893724918365,0.7087297439575195,540,343
129,4300,28,0.44510751962661743,0.6248815655708313,0.020098699256777763,0.8431352376937866,427,337
129,4300,29,0.5612857341766357,0.6674591898918152,0.09641993045806885,0.7248221635818481,538,360
129,4300,30,0.4331463873386383,0.6416179537773132,0.021351857110857964,0.7767775654792786,415,346
129,4300,31,0.5936197638511658,0.6501556038856506,0.047696828842163086,0.7388335466384888,569,351
129,4300,32,0.4694655239582062,0.6569112539291382,-0.02618734911084175,0.8192819356918335,450,354
130,4333,0,0.5340293049812317,0.16291511058807373,-0.030539948493242264,0.9566075801849365,512,87
130,4333,1,0.5320889949798584,0.15175725519657135,-0.029536716639995575,0.956078052520752,510,81
130,4333,2,0.530439019203186,0.1511463075876236,-0.029673894867300987,0.9495400190353394,509,81
130,4333,3,0.5286708474159241,0.15069173276424408,-0.0297014769166708,0.967307984828949,507,81
130,4333,4,0.5351622700691223,0.1525513231754303,-0.04524528607726097,0.9649785161018372,513,82
130,4333,5,0.5359674096107483,0.15245789289474487,-0.04542314633727074,0.9635213017463684,514,82
130,4333,6,0.5364328622817993,0.15229879319667816,-0.045457132160663605,0.9755547046661377,514,82
130,4333,7,0.522235631942749,0.15423592925071716,0.01761721447110176,0.9707574248313904,501,83
130,4333,8,0.5333691239356995,0.15659263730049133,-0.08206526190042496,0.9513494968414307,512,84
130,4333,9,0.5306627154350281,0.17317326366901398,-0.02045287936925888,0.952782392501831,509,93
130,4333,10,0.5329502820968628,0.1737947016954422,-0.043005481362342834,0.9457647204399109,511,93
130,4333,11,0.5099688172340393,0.22558310627937317,0.08738624304533005,0.9973813891410828,489,121
130,4333,12,0.5163301229476929,0.22763311862945557,-0.13148295879364014,0.996528148651123,495,122
130,4333,13,0.5088679194450378,0.3223555386066437,0.12372055649757385,0.07830481976270676,488,174
130,4333,14,0.5258123278617859,0.3230033218860626,-0.16695015132427216,0.7597944140434265,504,174
130,4333,15,0.5259163975715637,0.39974310994148254,0.0847010612487793,0.11175462603569031,504,215
130,4333,16,0.5497344136238098,0.39006203413009644,-0.14762574434280396,0.7496755719184875,527,210
130,4333,17,0.5321905612945557,0.42706432938575745,0.08786274492740631,0.13960903882980347,510,230
130,4333,18,0.5574369430541992,0.4085298478603363,-0.16577260196208954,0.7326521277427673,535,220
130,4333,19,0.5354428887367249,0.4185241758823395,0.06753885746002197,0.1441676765680313,514,226
130,4333,20,0.5601207613945007,0.4033304750919342,-0.16066648066043854,0.7248368263244629,537,217
130,4333,21,0.5349290370941162,0.41507190465927124,0.07608699798583984,0.13246648013591766,513,224
130,4333,22,0.5579807162284851,0.3989177942276001,-0.14545510709285736,0.6828603744506836,535,215
130,4333,23,0.5222030878067017,0.4096177816390991,0.06596477329730988,0.9987364411354065,501,221
130,4333,24,0.5109542608261108,0.41012606024742126,-0.06611796468496323,0.9990910887718201,490,221
130,4333,25,0.5500071048736572,0.5186721086502075,0.07976055145263672,0.5308770537376404,528,280
130,4333,26,0.4898736774921417,0.5251855850219727,-0.022537799552083015,0.8477616310119629,470,283
130,4333,27,0.567008376121521,0.6403084397315979,0.11054134368896484,0.7346016764640808,544,345
130,4333,28,0.4484235346317291,0.6178444623947144,0.02360752783715725,0.857668399810791,430,333
130,4333,29,0.5616384744644165,0.6706100702285767,0.10995551198720932,0.7484832406044006,539,362
130,4333,30,0.4350893795490265,0.6312255263328552,0.026391148567199707,0.7891389727592468,417,340
130,4333,31,0.5989620685577393,0.6517917513847351,0.06740792095661163,0.7619022130966187,575,351
130,4333,32,0.46974703669548035,0.6578968167304993,-0.018220743164420128,0.8351579904556274,450,355
131,4366,0,0.5366834402084351,0.16277317702770233,-0.02310151979327202,0.9608421921730042,515,87
131,4366,1,0.5338101983070374,0.15172222256660461,-0.01700875535607338,0.9602000117301941,512,81
131,4366,2,0.5319576263427734,0.15109233558177948,-0.017147887498140335,0.9542912244796753,510,81
131,4366,3,0.52962726354599,0.15062448382377625,-0.01712200790643692,0.970331072807312,508,81
131,4366,4,0.5373888611793518,0.152512326836586,-0.036535877734422684,0.9682974815368652,515,82
131,4366,5,0.5382640361785889,0.15243789553642273,-0.036717239767313004,0.9670528769493103,516,82
131,4366,6,0.5391708016395569,0.15230873227119446,-0.03677719458937645,0.9778984785079956,517,82
131,4366,7,0.5232239365577698,0.15410290658473969,0.02425740286707878,0.9734697341918945,502,83
131,4366,8,0.5344960689544678,0.15655969083309174,-0.07255134731531143,0.9560481309890747,513,84
131,4366,9,0.5328282713890076,0.1730535328388214,-0.007692692335695028,0.9571065306663513,511,93
131,4366,10,0.5357370972633362,0.17382004857063293,-0.03474646434187889,0.9509364366531372,514,93
131,4366,11,0.5090121030807495,0.2257978767156601,0.09109091758728027,0.9976224303245544,488,121
131,4366,12,0.5172879099845886,0.22785156965255737,-0.12804006040096283,0.9968717694282532,496,123
131,4366,13,0.5079656839370728,0.3210430443286896,0.12427578866481781,0.07132788002490997,487,173
131,4366,14,0.5275542140007019,0.32272541522979736,-0.1514633148908615,0.7833337187767029,506,174
131,4366,15,0.5207744836807251,0.39692237973213196,0.08589605242013931,0.1018543466925621,499,214
131,4366,16,0.5530861020088196,0.38002610206604004,-0.11507485061883926,0.7719147801399231,530,205
131,4366,17,0.5250339508056641,0.4254348874092102,0.08735407888889313,0.12804707884788513,504,229
131,4366,18,0.5622738599777222,0.39558109641075134,-0.13226215541362762,0.7541767954826355,539,213
131,4366,19,0.5273486971855164,0.4173341393470764,0.06770601123571396,0.13207341730594635,506,225
131,4366,20,0.5641767978668213,0.39118048548698425,-0.12347929179668427,0.746574878692627,541,211
131,4366,21,0.5272395014762878,0.4103147089481354,0.07723445445299149,0.12133435904979706,506,221
131,4366,22,0.5613596439361572,0.38744011521339417,-0.11083979159593582,0.7030525207519531,538,209
131,4366,23,0.5201579928398132,0.4059123396873474,0.06562423706054688,0.9988608360290527,499,219
131,4366,24,0.5110657215118408,0.4057465195655823,-0.06578186899423599,0.999180793762207,490,219
131,4366,25,0.5515624284744263,0.5184997320175171,0.06430751830339432,0.5526013374328613,529,279
131,4366,26,0.4912824034690857,0.5242562294006348,-0.017553800716996193,0.8605870604515076,471,283
131,4366,27,0.56721031665802,0.6417999267578125,0.08618315309286118,0.758179783821106,544,346
131,4366,28,0.44910383224487305,0.6151312589645386,0.02948596328496933,0.8709568977355957,431,332
131,4366,29,0.5626035928726196,0.6714798808097839,0.08515429496765137,0.770447850227356,540,362
131,4366,30,0.4367111027240753,0.6269303560256958,0.03203399106860161,0.8024376034736633,419,338
131,4366,31,0.6009216904640198,0.6531665325164795,0.04246356338262558,0.7833639979362488,576,352
131,4366,32,0.46947306394577026,0.6590442657470703,-0.010929119773209095,0.8498955965042114,450,355
132,4400,0,0.5482603311538696,0.16275201737880707,-0.06716343760490417,0.9646937847137451,526,87
132,4400,1,0.5469834208488464,0.15151864290237427,-0.05644144117832184,0.9640554189682007,525,81
132,4400,2,0.546478807926178,0.1509518325328827,-0.056598108261823654,0.9586927890777588,524,81
132,4400,3,0.5460236072540283,0.15054906904697418,-0.05656009539961815,0.9731827974319458,524,81
132,4400,4,0.547707200050354,0.15220323204994202,-0.07378743588924408,0.9713886380195618,525,82
132,4400,5,0.5466859936714172,0.1521512269973755,-0.07397929579019547,0.970280647277832,524,82
132,4400,6,0.5468443036079407,0.15213236212730408,-0.07407525181770325,0.9800560474395752,524,82
132,4400,7,0.5403119325637817,0.1540098786354065,-0.0021865030284971,0.9760019183158875,518,83
132,4400,8,0.5425777435302734,0.15614467859268188,-0.08273212611675262,0.9603222608566284,520,84
132,4400,9,0.5460642576217651,0.17341546714305878,-0.04499545320868492,0.9611154794692993,524,93
132,4400,10,0.5450074076652527,0.17381642758846283,-0.06891581416130066,0.9556435346603394,523,93
132,4400,11,0.5283958911895752,0.2280692607164383,0.07297215610742569,0.9978062510490417,507,123
132,4400,12,0.5238348841667175,0.22841192781925201,-0.12675988674163818,0.9971655607223511,502,123
132,4400,13,0.5316053032875061,0.3212089538574219,0.10725516825914383,0.06582728773355484,510,173
132,4400,14,0.5292786359786987,0.3253691494464874,-0.1512463390827179,0.8022249341011047,508,175
132,4400,15,0.5508267879486084,0.39373981952667236,0.06464961916208267,0.09518361836671829,528,212
132,4400,16,0.550919234752655,0.3801448345184326,-0.13771648705005646,0.7789852023124695,528,205
132,4400,17,0.5573950409889221,0.4234606623649597,0.06267587840557098,0.1217673197388649,535,228
132,4400,18,0.5594888925552368,0.396588534116745,-0.15624135732650757,0.7564287185668945,537,214
132,4400,19,0.5605663061141968,0.41355323791503906,0.042970962822437286,0.1258484572172165,538,223
132,4400,20,0.5624198317527771,0.39244502782821655,-0.1545625627040863,0.749565064907074,539,211
132,4400,21,0.558452844619751,0.4084189832210541,0.05550990253686905,0.11558037996292114,536,220
132,4400,22,0.560087263584137,0.3880724012851715,-0.13698895275592804,0.6987733244895935,537,209
132,4400,23,0.5341407656669617,0.4063143730163574,0.06176429241895676,0.9989672899246216,512,219
132,4400,24,0.5233270525932312,0.4062938392162323,-0.06190304458141327,0.9992564916610718,502,219
132,4400,25,0.5615162253379822,0.5179563164710999,0.07347758859395981,0.5601846575737,539,279
132,4400,26,0.5071085095405579,0.5238103866577148,-0.03603297099471092,0.8707800507545471,486,282
132,4400,27,0.567794680595398,0.6442486643791199,0.10788627713918686,0.7780957818031311,545,347
132,4400,28,0.4567062258720398,0.6070093512535095,0.03206081688404083,0.8820345401763916,438,327
132,4400,29,0.560854971408844,0.671967089176178,0.1077384501695633,0.7870426774024963,538,362
132,4400,30,0.44301095604896545,0.6121721863746643,0.033793337643146515,0.8066999912261963,425,330
132,4400,31,0.6005527973175049,0.6588471531867981,0.0612621046602726,0.8017162084579468,576,355
132,4400,32,0.46933236718177795,0.6608264446258545,-0.006370125338435173,0.8622123003005981,450,356
133,4433,0,0.5501746535301208,0.16256903111934662,-0.05407054349780083,0.9680386185646057,528,87
133,4433,1,0.5475261807441711,0.1513592004776001,-0.05186735838651657,0.9671654105186462,525,81
133,4433,2,0.5465055108070374,0.15076425671577454,-0.0520310215651989,0.9622994065284729,524,81
133,4433,3,0.5456482172012329,0.15033753216266632,-0.051928576081991196,0.975473940372467,523,81
133,4433,4,0.5492607355117798,0.1520850956439972,-0.06879148632287979,0.9739262461662292,527,82
133,4433,5,0.5493962168693542,0.1520489752292633,-0.0690586194396019,0.9730283617973328,527,82
133,4433,6,0.5489293932914734,0.15203255414962769,-0.06912193447351456,0.9818448424339294,526,82
133,4433,7,0.5380088686943054,0.15385235846042633,0.008670140989124775,0.9781409502029419,516,83
133,4433,8,0.5439569354057312,0.15595586597919464,-0.07626985013484955,0.9639833569526672,522,84
133,4433,9,0.546614944934845,0.17326116561889648,-0.04026127606630325,0.9644389748573303,524,93
133,4433,10,0.5475468039512634,0.17372603714466095,-0.06401752680540085,0.9596598148345947,525,93
133,4433,11,0.5272871255874634,0.22761791944503784,0.07854987680912018,0.9979965090751648,506,122
133,4433,12,0.5265130400657654,0.22818726301193237,-0.12328553944826126,0.9974369406700134,505,123
133,4433,13,0.5293578505516052,0.3205220699310303,0.10877065360546112,0.0609729066491127,508,173
133,4433,14,0.5284311175346375,0.3253900408744812,-0.14667722582817078,0.8211397528648376,507,175
133,4433,15,0.5438430309295654,0.39211568236351013,0.07502111792564392,0.0881485641002655,522,211
133,4433,16,0.554200291633606,0.3811241686344147,-0.12309560179710388,0.7931970953941345,532,205
133,4433,17,0.547443151473999,0.41900989413261414,0.07543826103210449,0.11417096853256226,525,226
133,4433,18,0.5629030466079712,0.3972162902355194,-0.13975246250629425,0.7685448527336121,540,214
133,4433,19,0.5503882169723511,0.4140873849391937,0.05626842752099037,0.1179082840681076,528,223
133,4433,20,0.5641310811042786,0.39322951436042786,-0.1339222490787506,0.7618575692176819,541,212
133,4433,21,0.5497953295707703,0.408287912607193,0.06645320355892181,0.10826396942138672,527,220
133,4433,22,0.562343955039978,0.3885987102985382,-0.12032435834407806,0.707518994808197,539,209
133,4433,23,0.5353311896324158,0.40630900859832764,0.061919961124658585,0.9990670084953308,513,219
133,4433,24,0.5254437327384949,0.4063062369823456,-0.06205049529671669,0.9993281364440918,504,219
133,4433,25,0.5616694688796997,0.5179315805435181,0.07489708811044693,0.5756609439849854,539,279
133,4433,26,0.5107810497283936,0.5234359502792358,-0.04386543855071068,0.8828239440917969,490,282
133,4433,27,0.569819986820221,0.6452111005783081,0.10580355674028397,0.7986564040184021,547,348
133,4433,28,0.45826369524002075,0.605842649936676,0.013583008199930191,0.8935472369194031,439,327
133,4433,29,0.5611819624900818,0.6738208532333374,0.10539665818214417,0.8060263991355896,538,363
133,4433,30,0.4452250599861145,0.6107131838798523,0.018204238265752792,0.8229238390922546,427,329
133,4433,31,0.6010609865188599,0.6623045206069946,0.06064924970269203,0.820356547832489,577,357
133,4433,32,0.4693583548069,0.6633291840553284,-0.018143316730856895,0.8755170106887817,450,358
134,4466,0,0.5621084570884705,0.16118797659873962,-0.04444609954953194,0.9708101749420166,539,87
134,4466,1,0.5605705380439758,0.14973761141300201,-0.04901009052991867,0.9696509838104248,538,80
134,4466,2,0.5597708821296692,0.14936555922031403,-0.049164243042469025,0.9649982452392578,537,80
134,4466,3,0.5591735243797302,0.14919008314609528,-0.04916635900735855,0.9772828817367554,536,80
134,4466,4,0.560468316078186,0.1495964378118515,-0.06583887338638306,0.9759964942932129,538,80
134,4466,5,0.5596298575401306,0.14918823540210724,-0.06618024408817291,0.9752482771873474,537,80
134,4466,6,0.5588832497596741,0.14884810149669647,-0.06620378792285919,0.9832791686058044,536,80
134,4466,7,0.5521104335784912,0.15249547362327576,0.021750086918473244,0.9798993468284607,530,82
134,4466,8,0.5510619282722473,0.15203338861465454,-0.06902586668729782,0.9668856263160706,529,82
134,4466,9,0.5578320622444153,0.17234638333320618,-0.03522409871220589,0.9670990109443665,535,93
134,4466,10,0.5571010708808899,0.1722518503665924,-0.062036287039518356,0.9628995060920715,534,93
134,4466,11,0.5407743453979492,0.22738932073116302,0.08566542714834213,0.9981591105461121,519,122
134,4466,12,0.5329626798629761,0.22574837505817413,-0.11425445228815079,0.9976553320884705,511,121
134,4466,13,0.5408068895339966,0.32030728459358215,0.11172475665807724,0.05619468167424202,519,172
134,4466,14,0.5359828472137451,0.3202431797981262,-0.15196697413921356,0.8310158252716064,514,172
134,4466,15,0.5496571063995361,0.39754441380500793,0.07660500705242157,0.08063190430402756,527,214
134,4466,16,0.5511386394500732,0.39107057452201843,-0.14354506134986877,0.7410455346107483,529,211
134,4466,17,0.5514768362045288,0.4210411608219147,0.07543206959962845,0.10502146184444427,529,227
134,4466,18,0.5555527806282043,0.4074035584926605,-0.1602175533771515,0.7113757133483887,533,219
134,4466,19,0.5503946542739868,0.4162733256816864,0.05796441808342934,0.10847354680299759,528,224
134,4466,20,0.556792140007019,0.411803275346756,-0.15969477593898773,0.7049025297164917,534,222
134,4466,21,0.5521342158317566,0.4106115698814392,0.06837495416402817,0.09951435029506683,530,221
134,4466,22,0.5550872683525085,0.4047665596008301,-0.14330007135868073,0.6503900289535522,532,218
134,4466,23,0.5476354956626892,0.4034678339958191,0.06193406134843826,0.9991576671600342,525,217
134,4466,24,0.5339473485946655,0.40339529514312744,-0.06206623464822769,0.999392032623291,512,217
134,4466,25,0.569080650806427,0.5181369781494141,0.0640673041343689,0.5794349908828735,546,279
134,4466,26,0.5271816849708557,0.5258995890617371,-0.06470520049333572,0.8902353644371033,506,283
134,4466,27,0.5696858167648315,0.6454966068267822,0.09516996890306473,0.8143173456192017,546,348
134,4466,28,0.4642835557460785,0.5978968143463135,0.009035797789692879,0.9018576741218567,445,322
134,4466,29,0.5596212148666382,0.6737812757492065,0.09418154507875443,0.8163512349128723,537,363
134,4466,30,0.4485175311565399,0.600212574005127,0.015073190443217754,0.8206534385681152,430,324
134,4466,31,0.6007070541381836,0.6650623083114624,0.04109044373035431,0.8342241644859314,576,359
134,4466,32,0.474382221698761,0.6629357933998108,-0.026762941852211952,0.8844730854034424,455,357
135,4500,0,0.5606342554092407,0.15948647260665894,-0.07047812640666962,0.973596453666687,538,86
135,4500,1,0.5597312450408936,0.14878425002098083,-0.06006494536995888,0.9724552035331726,537,80
135,4500,2,0.559411346912384,0.14866796135902405,-0.060240451246500015,0.9682075381278992,537,80
135,4500,3,0.5592349767684937,0.14870917797088623,-0.060215361416339874,0.9793735146522522,536,80
135,4500,4,0.5591632127761841,0.14826805889606476,-0.0784091129899025,0.9782199263572693,536,80
135,4500,5,0.5577355027198792,0.14773523807525635,-0.07861057668924332,0.9775578379631042,535,79
135,4500,6,0.5570313930511475,0.147316113114357,-0.07869593799114227,0.9848001599311829,534,79
135,4500,7,0.5525515079498291,0.15234273672103882,0.002533643739297986,0.981776237487793,530,82
135,4500,8,0.5494736433029175,0.1501561552286148,-0.08305410295724869,0.9698807597160339,527,81
135,4500,9,0.5574713945388794,0.17120127379894257,-0.04721822217106819,0.9700337648391724,535,92
135,4500,10,0.5561842322349548,0.1706824153661728,-0.07293146103620529,0.9662458896636963,533,92
135,4500,11,0.5434733629226685,0.2273072749376297,0.07622353732585907,0.9983170032501221,521,122
135,4500,12,0.5320990681648254,0.22497084736824036,-0.11824691295623779,0.9978461861610413,510,121
135,4500,13,0.5449144244194031,0.3198843002319336,0.09849266707897186,0.05256528779864311,523,172
135,4500,14,0.5318403840065002,0.3199872672557831,-0.1600828319787979,0.8379753232002258,510,172
135,4500,15,0.5561315417289734,0.39764583110809326,0.039800193160772324,0.07566513121128082,533,214
135,4500,16,0.5485102534294128,0.39751192927360535,-0.16062061488628387,0.694107174873352,526,214
135,4500,17,0.5583429932594299,0.41960495710372925,0.034002117812633514,0.10043283551931381,536,226
135,4500,18,0.5524202585220337,0.4122554063796997,-0.17929860949516296,0.6618820428848267,530,222
135,4500,19,0.5593668818473816,0.415303111076355,0.016754521057009697,0.10388505458831787,536,224
135,4500,20,0.5537123084068298,0.4150431156158447,-0.1798344999551773,0.65631103515625,531,224
135,4500,21,0.5583911538124084,0.40903007984161377,0.03121165744960308,0.09489613026380539,536,220
135,4500,22,0.552000880241394,0.4079119563102722,-0.16090737283229828,0.6011734008789062,529,220
135,4500,23,0.5510738492012024,0.4035116732120514,0.06202678754925728,0.9992380738258362,529,217
135,4500,24,0.5377783179283142,0.40374699234962463,-0.062160372734069824,0.9994475245475769,516,218
135,4500,25,0.5690363645553589,0.5185801386833191,0.0733574777841568,0.5911127328872681,546,280
135,4500,26,0.530479907989502,0.5256748795509338,-0.06436426937580109,0.8986076712608337,509,283
135,4500,27,0.5683609843254089,0.645143985748291,0.10416419059038162,0.8300332427024841,545,348
135,4500,28,0.4684980511665344,0.5964795351028442,0.017084496095776558,0.9099701642990112,449,322
135,4500,29,0.5612753033638,0.6738139390945435,0.10334154963493347,0.8291306495666504,538,363
135,4500,30,0.4503529369831085,0.5978567600250244,0.022018874064087868,0.8245784044265747,432,322
135,4500,31,0.601440966129303,0.664769172668457,0.059402771294116974,0.8481483459472656,577,358
135,4500,32,0.4746646285057068,0.6625725030899048,-0.018552962690591812,0.8934080004692078,455,357
136,4533,0,0.5692453980445862,0.15826238691806793,-0.07561046630144119,0.9757553935050964,546,85
136,4533,1,0.5680894255638123,0.14794467389583588,-0.06685247272253036,0.9744088649749756,545,79
136,4533,2,0.5676813721656799,0.14787094295024872,-0.06700906902551651,0.9704716801643372,544,79
136,4533,3,0.5674267411231995,0.14793968200683594,-0.0669788271188736,0.9808324575424194,544,79
136,4533,4,0.5681930780410767,0.14751146733760834,-0.08571406453847885,0.9799149632453918,545,79
136,4533,5,0.567842423915863,0.1470564901828766,-0.0859050378203392,0.9794272184371948,545,79
136,4533,6,0.566587507724762,0.1466825008392334,-0.08601434528827667,0.9860559105873108,543,79
136,4533,7,0.5600482225418091,0.1513434201478958,-0.01914328522980213,0.9832349419593811,537,81
136,4533,8,0.5610628724098206,0.14969685673713684,-0.10440929234027863,0.9725378155708313,538,80
136,4533,9,0.5660868287086487,0.17030306160449982,-0.05485750362277031,0.9725449681282043,543,91
136,4533,10,0.5652807950973511,0.16980066895484924,-0.08062251657247543,0.9692723155021667,542,91
136,4533,11,0.5511747002601624,0.22711430490016937,0.05224808678030968,0.9984477758407593,529,122
136,4533,12,0.5422058701515198,0.224941223859787,-0.133108451962471,0.998042106628418,520,121
136,4533,13,0.5488699078559875,0.3197188079357147,0.08072247356176376,0.05173526704311371,526,172
136,4533,14,0.5350139141082764,0.32342472672462463,-0.15812642872333527,0.8525360822677612,513,174
136,4533,15,0.558576226234436,0.40788620710372925,0.03180535137653351,0.07561657577753067,536,220
136,4533,16,0.5463752746582031,0.4079771935939789,-0.15135568380355835,0.7154332399368286,524,220
136,4533,17,0.5588098168373108,0.42250069975852966,0.02781953290104866,0.10167187452316284,536,228
136,4533,18,0.5498425364494324,0.43154364824295044,-0.1703091412782669,0.6792728304862976,527,233
136,4533,19,0.5601003766059875,0.42224979400634766,0.00902163702994585,0.10527222603559494,537,228
136,4533,20,0.5523930191993713,0.43187838792800903,-0.16653074324131012,0.674138069152832,530,233
136,4533,21,0.5601639151573181,0.41308528184890747,0.022909538820385933,0.09584145992994308,537,223
136,4533,22,0.5516960620880127,0.4223308265209198,-0.14992491900920868,0.6171181797981262,529,228
136,4533,23,0.556411623954773,0.40097352862358093,0.06144070625305176,0.99930340051651,534,216
136,4533,24,0.5474608540534973,0.40279537439346313,-0.06156107038259506,0.9994945526123047,525,217
136,4533,25,0.5678399205207825,0.5203949213027954,0.07154837250709534,0.5992966294288635,545,281
136,4533,26,0.557040810585022,0.5257666110992432,-0.05710947886109352,0.904545247554779,534,283
136,4533,27,0.5503330826759338,0.6372582912445068,0.11012884974479675,0.8413718342781067,528,344
136,4533,28,0.514450192451477,0.6074183583259583,0.020129330456256866,0.9171839356422424,493,328
136,4533,29,0.5399702191352844,0.6505052447319031,0.10932375490665436,0.8356947898864746,518,351
136,4533,30,0.5039954781532288,0.6153177618980408,0.023251060396432877,0.8301154971122742,483,332
136,4533,31,0.5502448678016663,0.6691885590553284,0.06423309445381165,0.8583784103393555,528,361
136,4533,32,0.5247300267219543,0.6625438928604126,-0.016293589025735855,0.9010205864906311,503,357
137,4566,0,0.5725491046905518,0.15838408470153809,-0.08248808234930038,0.9778618812561035,549,85
137,4566,1,0.5712447762489319,0.14812970161437988,-0.07419241964817047,0.976577639579773,548,79
137,4566,2,0.5708357095718384,0.14805148541927338,-0.07435712963342667,0.9729777574539185,548,79
137,4566,3,0.570593535900116,0.14810484647750854,-0.07433205097913742,0.9824734330177307,547,79
137,4566,4,0.5707747340202332,0.1477677971124649,-0.0932706817984581,0.9816674590110779,547,79
137,4566,5,0.570341944694519,0.14738649129867554,-0.09347103536128998,0.9812806844711304,547,79
137,4566,6,0.5698829889297485,0.14708715677261353,-0.0935712531208992,0.9873154163360596,547,79
137,4566,7,0.5614372491836548,0.15136122703552246,-0.027411671355366707,0.9847251176834106,538,81
137,4566,8,0.5621777772903442,0.14983290433883667,-0.11327861249446869,0.9750693440437317,539,80
137,4566,9,0.5685057044029236,0.17080751061439514,-0.061332859098911285,0.97501540184021,545,92
137,4566,10,0.5682670474052429,0.16989067196846008,-0.08725029975175858,0.9721365571022034,545,91
137,4566,11,0.5524714589118958,0.22675295174121857,0.043425075709819794,0.9985694885253906,530,122
137,4566,12,0.5434314608573914,0.22515594959259033,-0.14000307023525238,0.9982261061668396,521,121
137,4566,13,0.5499146580696106,0.321676641702652,0.07172060757875443,0.04919438436627388,527,173
137,4566,14,0.5353724956512451,0.32767370343208313,-0.16011391580104828,0.8628239631652832,513,176
137,4566,15,0.5562525391578674,0.40496912598609924,0.02027571201324463,0.07062327116727829,534,218
137,4566,16,0.5455902814865112,0.4139309227466583,-0.15068133175373077,0.7287091612815857,523,223
137,4566,17,0.5575248003005981,0.4221247732639313,0.01566932164132595,0.09583721309900284,535,227
137,4566,18,0.5492384433746338,0.4368121922016144,-0.16754601895809174,0.6885850429534912,527,235
137,4566,19,0.5610204935073853,0.4223221242427826,-0.002522496972233057,0.0991392657160759,538,228
137,4566,20,0.5517100095748901,0.436318039894104,-0.16862909495830536,0.6828950643539429,529,235
137,4566,21,0.5606638789176941,0.4129199981689453,0.011397012509405613,0.09034624695777893,538,222
137,4566,22,0.550663411617279,0.4270467460155487,-0.15065337717533112,0.6220272779464722,528,230
137,4566,23,0.5580106377601624,0.4006730914115906,0.06093447655439377,0.9993693232536316,535,216
137,4566,24,0.550143837928772,0.4025980830192566,-0.06106232479214668,0.9995431900024414,528,217
137,4566,25,0.5649608969688416,0.5221671462059021,0.07649651169776917,0.6068770885467529,542,281
137,4566,26,0.5637470483779907,0.5266225337982178,-0.02500579133629799,0.9022069573402405,541,284
137,4566,27,0.4972982704639435,0.5882599353790283,0.12708693742752075,0.8415759801864624,477,317
137,4566,28,0.5647199153900146,0.642157256603241,0.04693867638707161,0.9226282238960266,542,346
137,4566,29,0.4822029173374176,0.5923916697502136,0.12933577597141266,0.8358997702598572,462,319
137,4566,30,0.5557165145874023,0.6659093499183655,0.05176294967532158,0.8358226418495178,533,359
137,4566,31,0.4921804666519165,0.6464467644691467,0.08888895064592361,0.858531653881073,472,349
137,4566,32,0.5770574808120728,0.6726043224334717,-0.0006172584253363311,0.9041898250579834,553,363
138,4600,0,0.5781682729721069,0.15838593244552612,-0.013343348167836666,0.9799350500106812,555,85
138,4600,1,0.5765002369880676,0.14810983836650848,-0.011028245091438293,0.9787811040878296,553,79
138,4600,2,0.5755121111869812,0.14800165593624115,-0.011163190938532352,0.9755191802978516,552,79
138,4600,3,0.5739744901657104,0.1480080932378769,-0.011154244653880596,0.9841309189796448,551,79
138,4600,4,0.5782390832901001,0.14777421951293945,-0.027540147304534912,0.9833725690841675,555,79
138,4600,5,0.5785600543022156,0.14740030467510223,-0.027716156095266342,0.9830344915390015,555,79
138,4600,6,0.578971266746521,0.14710751175880432,-0.027754047885537148,0.9885028600692749,555,79
138,4600,7,0.5670861005783081,0.15071336925029755,0.00861408282071352,0.9861983060836792,544,81
138,4600,8,0.5732964873313904,0.1494588851928711,-0.06459911912679672,0.9774088859558105,550,80
138,4600,9,0.5735164284706116,0.17011359333992004,-0.0007715063984505832,0.977354884147644,550,91
138,4600,10,0.5753437280654907,0.16974422335624695,-0.02329319715499878,0.9747607111930847,552,91
138,4600,11,0.5452839732170105,0.220039501786232,0.0476180799305439,0.9986995458602905,523,118
138,4600,12,0.55784010887146,0.21758803725242615,-0.08741828799247742,0.9983896613121033,535,117
138,4600,13,0.547623872756958,0.3075353503227234,0.0846431776881218,0.045959554612636566,525,166
138,4600,14,0.5521164536476135,0.31269916892051697,-0.10813086479902267,0.8497328162193298,530,168
138,4600,15,0.5649494528770447,0.40157127380371094,0.0380467027425766,0.06502393633127213,542,216
138,4600,16,0.5625239014625549,0.386940062046051,-0.0878220722079277,0.6915004253387451,540,208
138,4600,17,0.5684691071510315,0.41984128952026367,0.0336926095187664,0.08870618045330048,545,226
138,4600,18,0.5624224543571472,0.4017716944217682,-0.09641565382480621,0.651470422744751,539,216
138,4600,19,0.5725459456443787,0.4213269054889679,0.0005923619610257447,0.09150011092424393,549,227
138,4600,20,0.5629655122756958,0.4006725549697876,-0.09691805392503738,0.6430608630180359,540,216
138,4600,21,0.5713293552398682,0.41250380873680115,0.02569086290895939,0.08339139074087143,548,222
138,4600,22,0.5618320107460022,0.3953394889831543,-0.08742261677980423,0.5831758975982666,539,213
138,4600,23,0.5535429120063782,0.39506441354751587,0.05324278399348259,0.9994292259216309,531,213
138,4600,24,0.5613287687301636,0.3984023928642273,-0.05342539772391319,0.9995869994163513,538,215
138,4600,25,0.5687195658683777,0.518768310546875,0.07701628655195236,0.6068907976150513,545,280
138,4600,26,0.5719190835952759,0.5275700688362122,-0.006105263251811266,0.8979886770248413,549,284
138,4600,27,0.5123777985572815,0.5732457041740417,0.1355198323726654,0.816617488861084,491,309
138,4600,28,0.5680452585220337,0.6466338038444519,0.04790632054209709,0.9253507256507874,545,349
138,4600,29,0.499076247215271,0.5768195986747742,0.13947011530399323,0.8170635104179382,479,311
138,4600,30,0.5581614375114441,0.6704327464103699,0.05194229260087013,0.8353081345558167,535,362
138,4600,31,0.5124329924583435,0.6194117069244385,0.1250210851430893,0.835423469543457,491,334
138,4600,32,0.6006761193275452,0.6707587838172913,0.016801854595541954,0.9019013047218323,576,362
139,4633,0,0.5783324837684631,0.1583249270915985,-0.006092580500990152,0.9817866086959839,555,85
139,4633,1,0.5770171880722046,0.1480485200881958,-0.001810952671803534,0.980751097202301,553,79
139,4633,2,0.5752490162849426,0.1479145884513855,-0.0019454520661383867,0.9777933955192566,552,79
139,4633,3,0.5738390684127808,0.1478709578514099,-0.0019304432207718492,0.9856060147285461,550,79
139,4633,4,0.5786518454551697,0.14775557816028595,-0.01965099573135376,0.9849064946174622,555,79
139,4633,5,0.5788578391075134,0.1473880112171173,-0.01983528770506382,0.9846194982528687,555,79
139,4633,6,0.5791401267051697,0.14709989726543427,-0.019892780110239983,0.9895743727684021,555,79
139,4633,7,0.5664802193641663,0.15055344998836517,0.02215789631009102,0.9875149726867676,543,81
139,4633,8,0.5730847716331482,0.14952027797698975,-0.0575077086687088,0.9795387387275696,550,80
139,4633,9,0.5738515853881836,0.16987910866737366,0.007529320195317268,0.9794459939002991,550,91
139,4633,10,0.5754932761192322,0.16949501633644104,-0.016777601093053818,0.9771267175674438,552,91
139,4633,11,0.5450185537338257,0.21945534646511078,0.06586011499166489,0.9988088607788086,523,118
139,4633,12,0.5588691234588623,0.2177344262599945,-0.08777353167533875,0.9985358715057373,536,117
139,4633,13,0.5479526519775391,0.3086869418621063,0.08510356396436691,0.0438554547727108,526,166
139,4633,14,0.5529718399047852,0.3136993646621704,-0.11505211144685745,0.8517653346061707,530,169
139,4633,15,0.566211998462677,0.40206611156463623,0.040844205766916275,0.061034511774778366,543,217
139,4633,16,0.5645636320114136,0.3938491642475128,-0.09867391735315323,0.678238034248352,541,212
139,4633,17,0.5693062543869019,0.4218544363975525,0.034715909510850906,0.08395450562238693,546,227
139,4633,18,0.5640729665756226,0.41025325655937195,-0.10941561311483383,0.6335161328315735,541,221
139,4633,19,0.5732579827308655,0.4226202368736267,0.01573924906551838,0.08622331917285919,550,228
139,4633,20,0.565552830696106,0.4106076657772064,-0.10843586176633835,0.6219174265861511,542,221
139,4633,21,0.5722352266311646,0.4146776795387268,0.02715734764933586,0.07856970280408859,549,223
139,4633,22,0.5645675659179688,0.40500715374946594,-0.09769157320261002,0.5609596967697144,541,218
139,4633,23,0.5542988181114197,0.3953656554222107,0.053401462733745575,0.9994819164276123,532,213
139,4633,24,0.562890350818634,0.39789271354675293,-0.053584806621074677,0.9996258616447449,540,214
139,4633,25,0.5697107315063477,0.5185062289237976,0.07659547030925751,0.6218740344047546,546,279
139,4633,26,0.5714207291603088,0.5293784737586975,-0.008666088804602623,0.8994975090026855,548,285
139,4633,27,0.5155256986618042,0.5703001618385315,0.13341626524925232,0.8062171339988708,494,307
139,4633,28,0.5683265328407288,0.6463512778282166,0.04914479702711105,0.929313600063324,545,349
139,4633,29,0.5026335120201111,0.5723888278007507,0.13727161288261414,0.8097977638244629,482,309
139,4633,30,0.5590274333953857,0.6709866523742676,0.05373630300164223,0.8398012518882751,536,362
139,4633,31,0.5119331479072571,0.6136007308959961,0.12119705229997635,0.8231126666069031,491,331
139,4633,32,0.6005098819732666,0.670025646686554,0.021082699298858643,0.9022166728973389,576,361
140,4666,0,0.5917078852653503,0.15285754203796387,-0.07681457698345184,0.9834901094436646,568,82
140,4666,1,0.5909856557846069,0.14258427917957306,-0.0703861266374588,0.982534646987915,567,76
140,4666,2,0.5905066728591919,0.14270852506160736,-0.07054885476827621,0.9798482060432434,566,77
140,4666,3,0.5902719497680664,0.142846018075943,-0.07052753865718842,0.9869329333305359,566,77
140,4666,4,0.5902988314628601,0.14215099811553955,-0.08800769597291946,0.9863234758377075,566,76
140,4666,5,0.5894381403923035,0.14197088778018951,-0.08821059763431549,0.9860862493515015,565,76
140,4666,6,0.5876380205154419,0.14155657589435577,-0.08830942958593369,0.9905689358711243,564,76
140,4666,7,0.5835835337638855,0.14649301767349243,-0.03048102743923664,0.988694429397583,560,79
140,4666,8,0.5806465148925781,0.14527486264705658,-0.1100965291261673,0.9815114140510559,557,78
140,4666,9,0.587763786315918,0.166091650724411,-0.05786237493157387,0.9813920259475708,564,89
140,4666,10,0.5860041379928589,0.165714293718338,-0.08199629187583923,0.9793347716331482,562,89
140,4666,11,0.5683037638664246,0.21489804983139038,0.03488655015826225,0.9989094734191895,545,116
140,4666,12,0.5643613338470459,0.21727585792541504,-0.13438013195991516,0.9986777901649475,541,117
140,4666,13,0.5663895010948181,0.3074735999107361,0.062278810888528824,0.042513247579336166,543,166
140,4666,14,0.5574796795845032,0.3143380880355835,-0.15582484006881714,0.8637614250183105,535,169
140,4666,15,0.5765007138252258,0.40059906244277954,0.02006279118359089,0.057472433894872665,553,216
140,4666,16,0.5665407180786133,0.4011842906475067,-0.14984551072120667,0.7004045844078064,543,216
140,4666,17,0.5743590593338013,0.4143602252006531,0.01627282239496708,0.07983033359050751,551,223
140,4666,18,0.5670095682144165,0.41816791892051697,-0.16649052500724792,0.6542115807533264,544,225
140,4666,19,0.5781537890434265,0.41563162207603455,-0.0009125494980253279,0.08185289055109024,555,224
140,4666,20,0.5738126039505005,0.41702139377593994,-0.1678939312696457,0.6426458358764648,550,225
140,4666,21,0.5780271887779236,0.40445461869239807,0.011537512764334679,0.07461881637573242,554,218
140,4666,22,0.5735654830932617,0.4116182029247284,-0.15001825988292694,0.579486072063446,550,222
140,4666,23,0.5740443468093872,0.3916713297367096,0.053639449179172516,0.9995295405387878,551,211
140,4666,24,0.5716842412948608,0.3947873115539551,-0.05383665859699249,0.9996616244316101,548,213
140,4666,25,0.5812488794326782,0.5103256106376648,0.10084263235330582,0.6067171096801758,557,275
140,4666,26,0.5776576995849609,0.5282399654388428,-0.0146332997828722,0.8998526334762573,554,285
140,4666,27,0.519098699092865,0.5718731880187988,0.16044455766677856,0.78403639793396,498,308
140,4666,28,0.5706804990768433,0.6456419825553894,0.03408455476164818,0.9326806664466858,547,348
140,4666,29,0.5090497732162476,0.5730569362640381,0.16413360834121704,0.7956963777542114,488,309
140,4666,30,0.5609032511711121,0.6703380346298218,0.036292675882577896,0.841375470161438,538,361
140,4666,31,0.5260899662971497,0.6209788918495178,0.13530783355236053,0.8066954612731934,505,335
140,4666,32,0.602081298828125,0.6692851185798645,-0.01650421693921089,0.9033786654472351,577,361
141,4700,0,0.5947268009185791,0.14981648325920105,-0.07314319908618927,0.9848930835723877,570,80
141,4700,1,0.5926847457885742,0.13969828188419342,-0.06677569448947906,0.9839555025100708,568,75
141,4700,2,0.5914404988288879,0.13967899978160858,-0.06694017350673676,0.9814725518226624,567,75
141,4700,3,0.5907363891601562,0.14007148146629333,-0.06692277640104294,0.9879910349845886,567,75
141,4700,4,0.5928463339805603,0.13970288634300232,-0.08489992469549179,0.9874753355979919,569,75
141,4700,5,0.5919017791748047,0.13967680931091309,-0.08509361743927002,0.9873040318489075,568,75
141,4700,6,0.5913662314414978,0.13947898149490356,-0.08518273383378983,0.9914028644561768,567,75
141,4700,7,0.5816227793693542,0.14377561211585999,-0.029910918325185776,0.9896408915519714,558,77
141,4700,8,0.5836880207061768,0.14406029880046844,-0.11164136230945587,0.983147382736206,560,77
141,4700,9,0.5896996855735779,0.16421565413475037,-0.05556219816207886,0.9829540848731995,566,88
141,4700,10,0.5900567770004272,0.16310174763202667,-0.08031458407640457,0.9811913967132568,566,88
141,4700,11,0.5693985819816589,0.21404938399791718,0.031061280518770218,0.9989938735961914,546,115
141,4700,12,0.5671749711036682,0.21756070852279663,-0.13656572997570038,0.9988031387329102,544,117
141,4700,13,0.565155029296875,0.3080745041370392,0.05964883789420128,0.03972991555929184,542,166
141,4700,14,0.5597310662269592,0.31464359164237976,-0.15545378625392914,0.8739194273948669,537,169
141,4700,15,0.570966362953186,0.3930056393146515,0.022700905799865723,0.05317023769021034,548,212
141,4700,16,0.5703749060630798,0.40107834339141846,-0.14689002931118011,0.7184944748878479,547,216
141,4700,17,0.5721637010574341,0.4127887189388275,0.019615907222032547,0.07422344386577606,549,222
141,4700,18,0.5693438649177551,0.422939658164978,-0.16285184025764465,0.6694821119308472,546,228
141,4700,19,0.5763747096061707,0.4086727499961853,0.00305117666721344,0.07602747529745102,553,220
141,4700,20,0.5781684517860413,0.4213469326496124,-0.1639786660671234,0.6580362915992737,555,227
141,4700,21,0.5767829418182373,0.4044869542121887,0.014953863807022572,0.06930137425661087,553,218
141,4700,22,0.5776654481887817,0.4147248864173889,-0.14694643020629883,0.5909157395362854,554,223
141,4700,23,0.5740993618965149,0.386989563703537,0.05446622148156166,0.9995672106742859,551,208
141,4700,24,0.5730559229850769,0.3894551694393158,-0.054643478244543076,0.9996911287307739,550,210
141,4700,25,0.5876234769821167,0.5061319470405579,0.09467629343271255,0.5599835515022278,564,273
141,4700,26,0.5789011716842651,0.5183947682380676,-0.016248498111963272,0.8671265840530396,555,279
141,4700,27,0.5356273651123047,0.5808820724487305,0.14229021966457367,0.7278280258178711,514,313
141,4700,28,0.569733202457428,0.6432406902313232,0.02072574943304062,0.9166017770767212,546,347
141,4700,29,0.5154399871826172,0.582587718963623,0.14503613114356995,0.7495157122612,494,314
141,4700,30,0.5585736632347107,0.669805109500885,0.022815052419900894,0.8086265325546265,536,361
141,4700,31,0.5315811038017273,0.6264522075653076,0.1333039402961731,0.7566635608673096,510,338
141,4700,32,0.6020931005477905,0.668743371963501,-0.02478163316845894,0.8771092295646667,578,361
142,4733,0,0.5994521379470825,0.1473734825849533,-0.06377828121185303,0.9863805174827576,575,79
142,4733,1,0.5975150465965271,0.13707339763641357,-0.05736307054758072,0.9855358004570007,573,74
142,4733,2,0.5964869856834412,0.1369325816631317,-0.05752407759428024,0.9832972884178162,572,73
142,4733,3,0.595524787902832,0.13699473440647125,-0.05749812349677086,0.9891738295555115,571,73
142,4733,4,0.5988216400146484,0.1373727172613144,-0.07609102874994278,0.988711416721344,574,74
142,4733,5,0.5988690257072449,0.13741758465766907,-0.07628480345010757,0.9885606169700623,574,74
142,4733,6,0.5991313457489014,0.13736826181411743,-0.07635875046253204,0.9922532439231873,575,74
142,4733,7,0.587745726108551,0.14138084650039673,-0.020422538742423058,0.9906650185585022,564,76
142,4733,8,0.5925634503364563,0.14289578795433044,-0.10514339059591293,0.984815239906311,568,77
142,4733,9,0.5949347615242004,0.16110023856163025,-0.0460854098200798,0.9846341609954834,571,86
142,4733,10,0.5960136651992798,0.160569965839386,-0.0715656727552414,0.983052670955658,572,86
142,4733,11,0.5774056315422058,0.21382291615009308,0.04184705764055252,0.9990872144699097,554,115
142,4733,12,0.5751710534095764,0.21762791275978088,-0.13826318085193634,0.9989207983016968,552,117
142,4733,13,0.5727954506874084,0.3049072325229645,0.06615278124809265,0.04107515141367912,549,164
142,4733,14,0.5756208896636963,0.3201015591621399,-0.15754689276218414,0.8855345249176025,552,172
142,4733,15,0.5864928364753723,0.392781525850296,0.029963066801428795,0.05284333974123001,563,212
142,4733,16,0.5846115946769714,0.4040290415287018,-0.14416424930095673,0.7420936822891235,561,218
142,4733,17,0.5881881713867188,0.41281580924987793,0.02726426161825657,0.07485798001289368,564,222
142,4733,18,0.583584725856781,0.4274926781654358,-0.1602819412946701,0.6952542662620544,560,230
142,4733,19,0.5909774899482727,0.40657109022140503,0.012453298084437847,0.07642856240272522,567,219
142,4733,20,0.5900537371635437,0.42278069257736206,-0.16071245074272156,0.6841859221458435,566,228
142,4733,21,0.5883387923240662,0.39890092611312866,0.02311035431921482,0.06982628256082535,564,215
142,4733,22,0.588946521282196,0.41627421975135803,-0.14382408559322357,0.6186047196388245,565,224
142,4733,23,0.5825605988502502,0.38745442032814026,0.05929940938949585,0.9996095895767212,559,209
142,4733,24,0.5780346989631653,0.3908446431159973,-0.05943160131573677,0.9997215867042542,554,211
142,4733,25,0.6004341244697571,0.5056471228599548,0.09278137981891632,0.5844805836677551,576,273
142,4733,26,0.5858717560768127,0.5179064273834229,-0.01800542138516903,0.8787621259689331,562,279
142,4733,27,0.5488111972808838,0.5838552117347717,0.1535196155309677,0.7390210628509521,526,315
142,4733,28,0.5724658370018005,0.6424975991249084,0.024052096530795097,0.9242973327636719,549,346
142,4733,29,0.531248927116394,0.5847075581550598,0.1580333560705185,0.7628780007362366,509,315
142,4733,30,0.5606454014778137,0.6690062284469604,0.027104906737804413,0.8242699503898621,538,361
142,4733,31,0.5492931604385376,0.629241943359375,0.13503240048885345,0.7690911889076233,527,339
142,4733,32,0.6052235960960388,0.669202446937561,-0.01901424676179886,0.8878117203712463,581,361
143,4766,0,0.6014565825462341,0.1481602042913437,-0.05983727425336838,0.987572193145752,577,80
143,4766,1,0.5993096232414246,0.1376645565032959,-0.053565338253974915,0.9867785573005676,575,74
143,4766,2,0.59809809923172,0.13740140199661255,-0.053726036101579666,0.9847530722618103,574,74
143,4766,3,0.5969417095184326,0.13728521764278412,-0.05370089039206505,0.9901162981987,573,74
143,4766,4,0.6013262271881104,0.13807567954063416,-0.0724811851978302,0.9896953701972961,577,74
143,4766,5,0.6017182469367981,0.13808318972587585,-0.07267812639474869,0.9895960092544556,577,74
143,4766,6,0.6022926568984985,0.13797323405742645,-0.07275547087192535,0.9929513335227966,578,74
143,4766,7,0.588616132736206,0.14085012674331665,-0.016931038349866867,0.9915185570716858,565,76
143,4766,8,0.5953529477119446,0.14323534071445465,-0.10280200093984604,0.986212432384491,571,77
143,4766,9,0.5972431898117065,0.16131936013698578,-0.04218118637800217,0.986017644405365,573,87
143,4766,10,0.5987927317619324,0.16104520857334137,-0.06784644722938538,0.9846248030662537,574,86
143,4766,11,0.5786411762237549,0.21293862164020538,0.046323005110025406,0.9991668462753296,555,114
143,4766,12,0.5753827691078186,0.21775057911872864,-0.1351451426744461,0.9990250468254089,552,117
143,4766,13,0.5746634006500244,0.30251359939575195,0.07190540432929993,0.03956031799316406,551,163
143,4766,14,0.5719733834266663,0.32363438606262207,-0.1546029895544052,0.8948893547058105,549,174
143,4766,15,0.5868583917617798,0.38749557733535767,0.02596610225737095,0.04957565292716026,563,209
143,4766,16,0.5855763554573059,0.40335315465927124,-0.13349215686321259,0.7576953768730164,562,217
143,4766,17,0.5875906348228455,0.4079738259315491,0.02228894643485546,0.0709986612200737,564,220
143,4766,18,0.5862360000610352,0.42623820900917053,-0.14837215840816498,0.7109744548797607,562,230
143,4766,19,0.5905726552009583,0.40291357040405273,0.006738448515534401,0.07231452316045761,566,217
143,4766,20,0.5921193957328796,0.4190213084220886,-0.148287832736969,0.6997210383415222,568,226
143,4766,21,0.5896292924880981,0.3951048254966736,0.018433917313814163,0.06603839993476868,566,213
143,4766,22,0.5940726399421692,0.41531655192375183,-0.1324830800294876,0.6314854025840759,570,224
143,4766,23,0.5838214755058289,0.3888274133205414,0.059763967990875244,0.9996474385261536,560,209
143,4766,24,0.5767704248428345,0.3917157053947449,-0.059880804270505905,0.9997488856315613,553,211
143,4766,25,0.6010404229164124,0.5060176849365234,0.08834801614284515,0.5970409512519836,576,273
143,4766,26,0.5875605344772339,0.5180269479751587,-0.04123559966683388,0.8889909982681274,564,279
143,4766,27,0.5514516234397888,0.582917332649231,0.15082843601703644,0.7461526989936829,529,314
143,4766,28,0.5729092359542847,0.6416640877723694,-0.007221304811537266,0.9310384392738342,549,346
143,4766,29,0.5344562530517578,0.5823570489883423,0.1565062254667282,0.7716451287269592,513,314
143,4766,30,0.5617411732673645,0.6682161688804626,-0.004769711289554834,0.8373247981071472,539,360
143,4766,31,0.5528189539909363,0.6308139562606812,0.12180051952600479,0.7772262692451477,530,340
143,4766,32,0.6051651239395142,0.6696194410324097,-0.05025273561477661,0.8969992399215698,580,361
144,4800,0,0.6084318161010742,0.1480185091495514,-0.06044258922338486,0.9887800216674805,584,79
144,4800,1,0.6073377728462219,0.13750790059566498,-0.05445735156536102,0.9880539178848267,583,74
144,4800,2,0.6058706045150757,0.13722847402095795,-0.05461196228861809,0.9862217307090759,581,74
144,4800,3,0.6048447489738464,0.13709869980812073,-0.05457241088151932,0.9910594820976257,580,74
144,4800,4,0.6080572605133057,0.13777688145637512,-0.07327555865049362,0.9907016158103943,583,74
144,4800,5,0.6081266403198242,0.13768425583839417,-0.07347595691680908,0.990620493888855,583,74
144,4800,6,0.6083298325538635,0.13752895593643188,-0.07354941964149475,0.9936454892158508,583,74
144,4800,7,0.5974054336547852,0.14036987721920013,-0.01864446885883808,0.992331326007843,573,75
144,4800,8,0.6035123467445374,0.14193052053451538,-0.10372491925954819,0.9875736832618713,579,76
144,4800,9,0.6038157939910889,0.16016915440559387,-0.04303976148366928,0.9873600602149963,579,86
144,4800,10,0.604999840259552,0.1598760187625885,-0.06863757967948914,0.9861337542533875,580,86
144,4800,11,0.5840315222740173,0.21235862374305725,0.04780067130923271,0.9992343187332153,560,114
144,4800,12,0.5863479375839233,0.21764948964118958,-0.1437370479106903,0.9991217851638794,562,117
144,4800,13,0.5786714553833008,0.3032502830028534,0.07305857539176941,0.03869132325053215,555,163
144,4800,14,0.5887428522109985,0.3235633075237274,-0.16469793021678925,0.9048640727996826,565,174
144,4800,15,0.5923831462860107,0.38781893253326416,0.0391719713807106,0.04736647009849548,568,209
144,4800,16,0.6099295020103455,0.40289849042892456,-0.15155509114265442,0.7813577055931091,585,217
144,4800,17,0.59324049949646,0.4037461578845978,0.039078034460544586,0.06961473077535629,569,218
144,4800,18,0.6123035550117493,0.42575332522392273,-0.1698388010263443,0.7389790415763855,587,229
144,4800,19,0.5943635702133179,0.40150734782218933,0.02005409449338913,0.07086306065320969,570,216
144,4800,20,0.6172899603843689,0.4203375279903412,-0.16830196976661682,0.7287553548812866,592,226
144,4800,21,0.5944761633872986,0.39312535524368286,0.03075667843222618,0.06501765549182892,570,212
144,4800,22,0.6168416142463684,0.4149198830127716,-0.1501132994890213,0.6664223670959473,592,224
144,4800,23,0.5870735049247742,0.39042744040489197,0.06141218915581703,0.9996805191040039,563,210
144,4800,24,0.5809598565101624,0.3921489715576172,-0.06152256950736046,0.999773383140564,557,211
144,4800,25,0.6197202801704407,0.49548855423927307,0.09275424480438232,0.603873610496521,594,267
144,4800,26,0.5872750878334045,0.5168777704238892,-0.036813490092754364,0.8975598216056824,563,279
144,4800,27,0.5605716109275818,0.5843248963356018,0.15106940269470215,0.7393519878387451,538,315
144,4800,28,0.5728981494903564,0.6416485905647278,0.005274456925690174,0.9367302060127258,549,346
144,4800,29,0.5506930947303772,0.5851688385009766,0.15531764924526215,0.7721204161643982,528,315
144,4800,30,0.5616588592529297,0.6693977117538452,0.008190305903553963,0.8477290868759155,539,361
144,4800,31,0.567587673664093,0.6189942955970764,0.13218942284584045,0.7762009501457214,544,334
144,4800,32,0.6075944304466248,0.6694461703300476,-0.037250153720378876,0.9045016169548035,583,361
145,4833,0,0.6123217940330505,0.14839893579483032,-0.058564893901348114,0.9898763298988342,587,80
145,4833,1,0.609832227230072,0.13773472607135773,-0.053706493228673935,0.9892066121101379,585,74
145,4833,2,0.6084102392196655,0.13740046322345734,-0.053842902183532715,0.9875582456588745,584,74
145,4833,3,0.6071183681488037,0.13722942769527435,-0.053781066089868546,0.9919165968894958,582,74
145,4833,4,0.6116191744804382,0.13812585175037384,-0.07260379195213318,0.9916077256202698,587,74
145,4833,5,0.6118100881576538,0.1380438208580017,-0.0728052631020546,0.9915449023246765,587,74
145,4833,6,0.6121802926063538,0.13787691295146942,-0.07290167361497879,0.9942702054977417,587,74
145,4833,7,0.597790539264679,0.14015831053256989,-0.01712159253656864,0.9930727481842041,573,75
145,4833,8,0.6050812005996704,0.14207741618156433,-0.10197446495294571,0.9888013601303101,580,76
145,4833,9,0.6073980927467346,0.1603480726480484,-0.04154412820935249,0.9885785579681396,583,86
145,4833,10,0.6091867089271545,0.1602306365966797,-0.06842225044965744,0.9874962568283081,584,86
145,4833,11,0.5841341614723206,0.2120685577392578,0.05070657655596733,0.999301552772522,560,114
145,4833,12,0.5884636640548706,0.21744336187839508,-0.1421225666999817,0.9992088079452515,564,117
145,4833,13,0.5769201517105103,0.3034444749355316,0.08137229084968567,0.03898013383150101,553,163
145,4833,14,0.5892084240913391,0.3239533603191376,-0.16238096356391907,0.9137960076332092,565,174
145,4833,15,0.5934010744094849,0.3866109848022461,0.04667380824685097,0.047015924006700516,569,208
145,4833,16,0.6130604147911072,0.40251678228378296,-0.14797234535217285,0.8027315139770508,588,217
145,4833,17,0.5959084033966064,0.4072003960609436,0.0475301593542099,0.07175061106681824,572,219
145,4833,18,0.6162921786308289,0.4255746901035309,-0.1662614792585373,0.7644039988517761,591,229
145,4833,19,0.5971400141716003,0.402156263589859,0.02628486603498459,0.07310347259044647,573,217
145,4833,20,0.6204226613044739,0.420998752117157,-0.16333405673503876,0.7551230788230896,595,227
145,4833,21,0.5979180932044983,0.3940664231777191,0.0373501218855381,0.06745149940252304,574,212
145,4833,22,0.6192172169685364,0.41497164964675903,-0.14618586003780365,0.698338508605957,594,224
145,4833,23,0.5858736038208008,0.3908989727497101,0.06273370236158371,0.999710202217102,562,211
145,4833,24,0.5820111036300659,0.3923056125640869,-0.06283628940582275,0.9997953772544861,558,211
145,4833,25,0.6233761310577393,0.4955779016017914,0.08973458409309387,0.6175397634506226,598,267
145,4833,26,0.5865428447723389,0.5171971321105957,-0.03562145307660103,0.9062590003013611,563,279
145,4833,27,0.5658649802207947,0.5800585746765137,0.15044862031936646,0.7412680387496948,543,313
145,4833,28,0.5740941166877747,0.6422505974769592,0.005369321443140507,0.9424837231636047,551,346
145,4833,29,0.5507316589355469,0.5864418745040894,0.15236730873584747,0.7785966396331787,528,316
145,4833,30,0.5618250370025635,0.6700488924980164,0.008403360843658447,0.8603825569152832,539,361
145,4833,31,0.5623123645782471,0.6195509433746338,0.12473194301128387,0.7821342945098877,539,334
145,4833,32,0.6075880527496338,0.6693094968795776,-0.03565625101327896,0.9125569462776184,583,361
146,4866,0,0.6160984635353088,0.14829225838184357,-0.0574076808989048,0.990845799446106,591,80
146,4866,1,0.6142475008964539,0.13759972155094147,-0.05352575704455376,0.9902210831642151,589,74
146,4866,2,0.6128893494606018,0.13723665475845337,-0.05365385860204697,0.9887303709983826,588,74
146,4866,3,0.6115367412567139,0.13703849911689758,-0.05356917530298233,0.9926654696464539,587,74
146,4866,4,0.6167652010917664,0.1381070911884308,-0.07213383167982101,0.9924052953720093,592,74
146,4866,5,0.6173083186149597,0.13804902136325836,-0.07233536243438721,0.992362380027771,592,74
146,4866,6,0.617206871509552,0.1378754824399948,-0.07241804897785187,0.9948216080665588,592,74
146,4866,7,0.6042105555534363,0.14000026881694794,-0.015838732942938805,0.9937257170677185,580,75
146,4866,8,0.6130958795547485,0.14176462590694427,-0.1008664071559906,0.989885687828064,588,76
146,4866,9,0.6122331619262695,0.15951988101005554,-0.040898606181144714,0.9896217584609985,587,86
146,4866,10,0.614273726940155,0.15970216691493988,-0.06742139160633087,0.9886848330497742,589,86
146,4866,11,0.588540256023407,0.21147115528583527,0.05092515051364899,0.9993526935577393,564,114
146,4866,12,0.6005686521530151,0.21652179956436157,-0.14008904993534088,0.9992844462394714,576,116
146,4866,13,0.5870300531387329,0.30457931756973267,0.08274558186531067,0.039173319935798645,563,164
146,4866,14,0.6016476154327393,0.32111865282058716,-0.15826980769634247,0.9214160442352295,577,173
146,4866,15,0.5995698571205139,0.3797333538532257,0.05909748375415802,0.04460165277123451,575,205
146,4866,16,0.6184319853782654,0.39117035269737244,-0.13236941397190094,0.8195394277572632,593,211
146,4866,17,0.6022851467132568,0.40634414553642273,0.06126823648810387,0.06863732635974884,578,219
146,4866,18,0.6207107901573181,0.4122205376625061,-0.15037067234516144,0.7834784984588623,595,222
146,4866,19,0.6048403978347778,0.39985033869743347,0.041950177401304245,0.0697445496916771,580,215
146,4866,20,0.6233657598495483,0.4112866520881653,-0.14499451220035553,0.7745329737663269,598,222
146,4866,21,0.6065832376480103,0.39470285177230835,0.050839487463235855,0.0646076425909996,582,213
146,4866,22,0.6225682497024536,0.40539687871932983,-0.13001397252082825,0.7200418710708618,597,218
146,4866,23,0.59321129322052,0.39512407779693604,0.06262689083814621,0.9997368454933167,569,213
146,4866,24,0.5901777744293213,0.3969995677471161,-0.06273528188467026,0.9998149871826172,566,214
146,4866,25,0.6294269561767578,0.4974786341190338,0.12093064934015274,0.6360141634941101,604,268
146,4866,26,0.587835431098938,0.5241549611091614,0.0027339470107108355,0.9146653413772583,564,283
146,4866,27,0.5882285833358765,0.5929943323135376,0.20839475095272064,0.7575696706771851,564,320
146,4866,28,0.5727287530899048,0.6434844136238098,0.06844807416200638,0.9479137659072876,549,347
146,4866,29,0.5781106948852539,0.6031462550163269,0.214989572763443,0.7914319038391113,554,325
146,4866,30,0.5625029802322388,0.6694701910018921,0.07380948215723038,0.8723176121711731,540,361
146,4866,31,0.6018964052200317,0.6315383911132812,0.19336363673210144,0.7947037816047668,577,341
146,4866,32,0.6041762828826904,0.6694345474243164,0.033881206065416336,0.9202765822410583,580,361
147,4900,0,0.618421733379364,0.14728479087352753,-0.054490163922309875,0.9917392134666443,593,79
147,4900,1,0.6157142519950867,0.136450856924057,-0.0517091266810894,0.9911695718765259,591,73
147,4900,2,0.6142818927764893,0.13605058193206787,-0.05183962360024452,0.9898244738578796,589,73
147,4900,3,0.6122741103172302,0.13574348390102386,-0.05174193158745766,0.9933733344078064,587,73
147,4900,4,0.6180856823921204,0.13732300698757172,-0.06962447613477707,0.9931436777114868,593,74
147,4900,5,0.6184808015823364,0.13741309940814972,-0.06981853395700455,0.9931110143661499,593,74
147,4900,6,0.6180837154388428,0.13725943863391876,-0.06986727565526962,0.9953276515007019,593,74
147,4900,7,0.604901909828186,0.13907790184020996,-0.015302808955311775,0.9943345189094543,580,75
147,4900,8,0.6130836009979248,0.14145296812057495,-0.10037385672330856,0.9908744692802429,588,76
147,4900,9,0.6143541932106018,0.15887528657913208,-0.038856685161590576,0.9906079769134521,589,85
147,4900,10,0.6159469485282898,0.1595851331949234,-0.06434984505176544,0.9897783398628235,591,86
147,4900,11,0.5887795090675354,0.21011556684970856,0.0476875938475132,0.9994074106216431,565,113
147,4900,12,0.6007453203201294,0.21592861413955688,-0.13246600329875946,0.999352753162384,576,116
147,4900,13,0.5891799926757812,0.3049362301826477,0.07700415700674057,0.03864864632487297,565,164
147,4900,14,0.605333149433136,0.3199074864387512,-0.14115041494369507,0.9268619418144226,581,172
147,4900,15,0.5991252064704895,0.3803611099720001,0.05470562353730202,0.041731610894203186,575,205
147,4900,16,0.620415985584259,0.39039796590805054,-0.10856995731592178,0.827805757522583,595,210
147,4900,17,0.598800003528595,0.4042128026485443,0.058015067130327225,0.06443803012371063,574,218
147,4900,18,0.6207744479179382,0.40983304381370544,-0.12368416786193848,0.7911031246185303,595,221
147,4900,19,0.60312819480896,0.4005012810230255,0.04179452359676361,0.06531820446252823,579,216
147,4900,20,0.6223995685577393,0.4101976156234741,-0.12039627879858017,0.7814376354217529,597,221
147,4900,21,0.6047875881195068,0.3957780599594116,0.04789414256811142,0.06055937334895134,580,213
147,4900,22,0.6225994825363159,0.40531349182128906,-0.10690877586603165,0.7246711850166321,597,218
147,4900,23,0.5956817865371704,0.39517512917518616,0.06073891371488571,0.9997612237930298,571,213
147,4900,24,0.5921359658241272,0.3983740210533142,-0.06084809452295303,0.9998326301574707,568,215
147,4900,25,0.6273539066314697,0.4981330633163452,0.11377067118883133,0.6434097290039062,602,268
147,4900,26,0.5864854454994202,0.528111457824707,0.00786181353032589,0.9209418296813965,563,285
147,4900,27,0.5899776220321655,0.6007673740386963,0.19562700390815735,0.7664757370948792,566,324
147,4900,28,0.5706960558891296,0.644024670124054,0.07691752165555954,0.9524562954902649,547,347
147,4900,29,0.5798302292823792,0.6134849190711975,0.20171509683132172,0.7987368702888489,556,331
147,4900,30,0.5616173148155212,0.6685417890548706,0.08231449127197266,0.8814000487327576,539,361
147,4900,31,0.6030199527740479,0.6414327025413513,0.17764128744602203,0.8020236492156982,578,346
147,4900,32,0.6027905344963074,0.6705931425094604,0.04040940850973129,0.9263478517532349,578,362
148,4933,0,0.6238376498222351,0.14698907732963562,-0.05432126298546791,0.9924979209899902,598,79
148,4933,1,0.6216803789138794,0.1362704485654831,-0.05122055485844612,0.9919098615646362,596,73
148,4933,2,0.620334804058075,0.13595283031463623,-0.051356587558984756,0.9906846880912781,595,73
148,4933,3,0.6189326047897339,0.13573190569877625,-0.051277611404657364,0.9938868284225464,594,73
148,4933,4,0.624364972114563,0.13698820769786835,-0.06910107284784317,0.9937539100646973,599,73
148,4933,5,0.6249546408653259,0.13705411553382874,-0.0692901685833931,0.9937583208084106,599,74
148,4933,6,0.6248708367347717,0.13688679039478302,-0.0693373829126358,0.9957621693611145,599,73
148,4933,7,0.6124708652496338,0.1392112821340561,-0.012839915230870247,0.9947800040245056,587,75
148,4933,8,0.6213493943214417,0.1409711241722107,-0.09927535057067871,0.9917380809783936,596,76
148,4933,9,0.6202911138534546,0.158207505941391,-0.03877749294042587,0.9913524985313416,595,85
148,4933,10,0.6221722960472107,0.15886349976062775,-0.06405602395534515,0.9907072186470032,597,85
148,4933,11,0.5992652773857117,0.20998826622962952,0.056004248559474945,0.9994360208511353,575,113
148,4933,12,0.6088503003120422,0.2141367793083191,-0.13439442217350006,0.9994159936904907,584,115
148,4933,13,0.602920651435852,0.3052365779876709,0.09205435961484909,0.03909345343708992,578,164
148,4933,14,0.6133902072906494,0.31706103682518005,-0.15226058661937714,0.934005856513977,588,171
148,4933,15,0.6192502975463867,0.3794568181037903,0.06765066832304001,0.04122922196984291,594,204
148,4933,16,0.6374724507331848,0.38813766837120056,-0.13786739110946655,0.8448359966278076,611,209
148,4933,17,0.6209925413131714,0.4038962423801422,0.07005908340215683,0.06463949382305145,596,218
148,4933,18,0.6421382427215576,0.41037869453430176,-0.16008907556533813,0.8116348385810852,616,221
148,4933,19,0.6252481341362,0.4008045494556427,0.049075644463300705,0.06555745005607605,600,216
148,4933,20,0.6477178335189819,0.4099542796611786,-0.1533365696668625,0.802901566028595,621,221
148,4933,21,0.6254532933235168,0.3959062099456787,0.058745987713336945,0.061077605932950974,600,213
148,4933,22,0.6460229158401489,0.40291595458984375,-0.1351373940706253,0.7513904571533203,620,217
148,4933,23,0.6045374274253845,0.3953341841697693,0.06072905287146568,0.9997816681861877,580,213
148,4933,24,0.5978355407714844,0.3984440863132477,-0.060838837176561356,0.9998484253883362,573,215
148,4933,25,0.6362420916557312,0.4971696734428406,0.10781014710664749,0.6507757902145386,610,268
148,4933,26,0.5893765091896057,0.5279355645179749,-0.0016164310509338975,0.9278022050857544,565,285
148,4933,27,0.6110085844993591,0.6073945164680481,0.18733318150043488,0.7814545035362244,586,327
148,4933,28,0.5732589960098267,0.6436311602592468,0.06614591181278229,0.9569025635719299,550,347
148,4933,29,0.6005738377571106,0.624845564365387,0.19321629405021667,0.8119016885757446,576,337
148,4933,30,0.5636444687843323,0.6682001352310181,0.07161099463701248,0.8913795351982117,541,360
148,4933,31,0.6325046420097351,0.6451297402381897,0.16605181992053986,0.8152499198913574,607,348
148,4933,32,0.6039408445358276,0.6715215444564819,0.028106356039643288,0.9328816533088684,579,362
149,4966,0,0.6285115480422974,0.1470150649547577,-0.05561396852135658,0.9931990504264832,603,79
149,4966,1,0.6254512667655945,0.13634303212165833,-0.051712024956941605,0.9926332235336304,600,73
149,4966,2,0.6237292885780334,0.13598287105560303,-0.051857996731996536,0.9915204644203186,598,73
149,4966,3,0.6220999956130981,0.13578835129737854,-0.051792778074741364,0.9944106340408325,597,73
149,4966,4,0.6283770799636841,0.1372627317905426,-0.06973063945770264,0.9943305850028992,603,74
149,4966,5,0.6288627982139587,0.1374417096376419,-0.06992186605930328,0.9943530559539795,603,74
149,4966,6,0.6286105513572693,0.13734783232212067,-0.06997931748628616,0.9961627721786499,603,74
149,4966,7,0.6140774488449097,0.13925328850746155,-0.01750180870294571,0.9952352046966553,589,75
149,4966,8,0.6240441799163818,0.14162971079349518,-0.10120987147092819,0.9925277233123779,599,76
149,4966,9,0.624392569065094,0.15824012458324432,-0.03985990956425667,0.9921006560325623,599,85
149,4966,10,0.6264914870262146,0.15914340317249298,-0.06492947787046432,0.9915755391120911,601,85
149,4966,11,0.6009595990180969,0.20951832830905914,0.04619719833135605,0.9994755387306213,576,113
149,4966,12,0.6098710894584656,0.21409760415554047,-0.13719715178012848,0.9994731545448303,585,115
149,4966,13,0.6001867651939392,0.3055524528026581,0.07926412671804428,0.04004383459687233,576,164
149,4966,14,0.6176735162734985,0.31496936082839966,-0.15342193841934204,0.9404091835021973,592,170
149,4966,15,0.6160016655921936,0.387511670589447,0.06275306642055511,0.04045836627483368,591,209
149,4966,16,0.6398552656173706,0.3885917663574219,-0.1371503323316574,0.8601459264755249,614,209
149,4966,17,0.6172017455101013,0.406898558139801,0.0694744884967804,0.0640641376376152,592,219
149,4966,18,0.6441659927368164,0.41089704632759094,-0.15755292773246765,0.8300731778144836,618,221
149,4966,19,0.6213157773017883,0.40504828095436096,0.047136615961790085,0.06492695957422256,596,218
149,4966,20,0.64984530210495,0.4098595082759857,-0.15231114625930786,0.8221727013587952,623,221
149,4966,21,0.6212976574897766,0.39950281381607056,0.05442627891898155,0.06066576763987541,596,215
149,4966,22,0.6481009125709534,0.4024756848812103,-0.13472138345241547,0.7753503322601318,622,217
149,4966,23,0.6063997149467468,0.393321692943573,0.0591868981719017,0.9998001456260681,582,212
149,4966,24,0.5997111201286316,0.39713308215141296,-0.05930676311254501,0.9998626112937927,575,214
149,4966,25,0.6375347375869751,0.49565261602401733,0.11185505986213684,0.6585232615470886,612,267
149,4966,26,0.5900124907493591,0.5276072025299072,0.0019236472435295582,0.9338653683662415,566,284
149,4966,27,0.612401008605957,0.6081938147544861,0.19077306985855103,0.7943302392959595,587,328
149,4966,28,0.5738867521286011,0.6439582109451294,0.06262584030628204,0.9608564972877502,550,347
149,4966,29,0.603431761264801,0.6265079379081726,0.19628652930259705,0.8225602507591248,579,338
149,4966,30,0.5650145411491394,0.6676861643791199,0.0671004131436348,0.8996661305427551,542,360
149,4966,31,0.6347253322601318,0.6455875635147095,0.17087891697883606,0.8253500461578369,609,348
149,4966,32,0.6037496328353882,0.6748520731925964,0.02298235148191452,0.9384831190109253,579,364
150,5000,0,0.6357859373092651,0.1471739411354065,-0.045256055891513824,0.9938533902168274,610,79
150,5000,1,0.6329209208488464,0.13640853762626648,-0.04193016514182091,0.9933241605758667,607,73
150,5000,2,0.6312029361724854,0.13606292009353638,-0.04206265136599541,0.9923123121261597,605,73
150,5000,3,0.6294132471084595,0.1358727067708969,-0.04197828844189644,0.9949188828468323,604,73
150,5000,4,0.6359807252883911,0.13733887672424316,-0.059252992272377014,0.9948731064796448,610,74
150,5000,5,0.6365429162979126,0.13753269612789154,-0.05944013595581055,0.9949018955230713,611,74
150,5000,6,0.6371267437934875,0.13746382296085358,-0.059489596635103226,0.9965349435806274,611,74
150,5000,7,0.6218525171279907,0.13934439420700073,-0.015168932266533375,0.9956615567207336,596,75
150,5000,8,0.6346316933631897,0.1418786644935608,-0.09411662071943283,0.9932535886764526,609,76
150,5000,9,0.6308080554008484,0.1582726091146469,-0.030957646667957306,0.9927918314933777,605,85
150,5000,10,0.6334375143051147,0.1591949611902237,-0.054972924292087555,0.9923688173294067,608,85
150,5000,11,0.6052471399307251,0.21006734669208527,0.04721060022711754,0.9994965195655823,581,113
150,5000,12,0.6215706467628479,0.21663343906402588,-0.1317010372877121,0.9995241761207581,596,116
150,5000,13,0.6029481887817383,0.3086278438568115,0.07680511474609375,0.03795952722430229,578,166
150,5000,14,0.6298841238021851,0.317434161901474,-0.13548412919044495,0.9461982846260071,604,171
150,5000,15,0.6143925786018372,0.3977876305580139,0.05778467655181885,0.03714330866932869,589,214
150,5000,16,0.6560071110725403,0.38711628317832947,-0.09432391077280045,0.873351514339447,629,209
150,5000,17,0.6142933368682861,0.41552090644836426,0.06437557190656662,0.058944523334503174,589,224
150,5000,18,0.660260021686554,0.41031238436698914,-0.10967238992452621,0.8454185724258423,633,221
150,5000,19,0.6174019575119019,0.411152720451355,0.04615887627005577,0.05970746651291847,592,222
150,5000,20,0.6636083722114563,0.40874627232551575,-0.10556686669588089,0.8381754159927368,637,220
150,5000,21,0.6191703677177429,0.40813708305358887,0.05110883712768555,0.05578528717160225,594,220
150,5000,22,0.661526620388031,0.40128013491630554,-0.09187209606170654,0.7941622734069824,635,216
150,5000,23,0.6116917729377747,0.39347580075263977,0.05823420360684395,0.9998120069503784,587,212
150,5000,24,0.6068335771560669,0.3972090482711792,-0.058356817811727524,0.9998739957809448,582,214
150,5000,25,0.6382861733436584,0.49634936451911926,0.10930941253900528,0.6481404304504395,612,268
150,5000,26,0.5950863361358643,0.5272658467292786,0.0010888545075431466,0.9389551281929016,571,284
150,5000,27,0.6382363438606262,0.6201344132423401,0.18218949437141418,0.8016312122344971,612,334
150,5000,28,0.5734319686889648,0.6447672247886658,0.05653248727321625,0.9641848206520081,550,348
150,5000,29,0.6310399770736694,0.6471280455589294,0.18835821747779846,0.8282375931739807,605,349
150,5000,30,0.5641246438026428,0.6675941348075867,0.06074398010969162,0.9051898121833801,541,360
150,5000,31,0.6658400893211365,0.6453248262405396,0.15947453677654266,0.8323665261268616,639,348
150,5000,32,0.6035869121551514,0.6747028231620789,0.01744183711707592,0.9431780576705933,579,364
151,5033,0,0.6389817595481873,0.14766237139701843,-0.04491523280739784,0.9944483041763306,613,79
151,5033,1,0.6359427571296692,0.13685888051986694,-0.04144629091024399,0.9939537644386292,610,73
151,5033,2,0.6341173648834229,0.1364688128232956,-0.04157539829611778,0.9930355548858643,608,73
151,5033,3,0.6323202848434448,0.1363186091184616,-0.04149686172604561,0.995384693145752,607,73
151,5033,4,0.638785719871521,0.13805533945560455,-0.058596011251211166,0.9953663945198059,613,74
151,5033,5,0.6391785740852356,0.1383924037218094,-0.05878107249736786,0.9953995943069458,613,74
151,5033,6,0.6397049427032471,0.13855499029159546,-0.05882830545306206,0.9968723654747009,614,74
151,5033,7,0.6241187453269958,0.13987526297569275,-0.014882569201290607,0.9960578083992004,599,75
151,5033,8,0.6341673731803894,0.14327140152454376,-0.09253291040658951,0.9939135313034058,608,77
151,5033,9,0.6335341930389404,0.1591109037399292,-0.030377738177776337,0.9934434294700623,608,85
151,5033,10,0.6361426115036011,0.16050860285758972,-0.05409754440188408,0.9931004047393799,610,86
151,5033,11,0.6068525910377502,0.21062736213207245,0.04593158885836601,0.9995222687721252,582,113
151,5033,12,0.62213134765625,0.21813733875751495,-0.12729886174201965,0.9995706677436829,597,117
151,5033,13,0.6041836142539978,0.31285539269447327,0.07206442207098007,0.03627974912524223,580,168
151,5033,14,0.6317332983016968,0.31955915689468384,-0.1301114410161972,0.9514524340629578,606,172
151,5033,15,0.6152104735374451,0.4002384841442108,0.049490462988615036,0.034159574657678604,590,216
151,5033,16,0.65706467628479,0.3873370587825775,-0.09275781363248825,0.8856260180473328,630,209
151,5033,17,0.6145860552787781,0.4170287251472473,0.05233484506607056,0.05434044823050499,590,225
151,5033,18,0.6622189879417419,0.41016310453414917,-0.10883309692144394,0.8600505590438843,635,221
151,5033,19,0.6185330748558044,0.4149070680141449,0.035137828439474106,0.05501054972410202,593,224
151,5033,20,0.6661619544029236,0.40816769003868103,-0.10486835986375809,0.8534714579582214,639,220
151,5033,21,0.6198837757110596,0.4101683497428894,0.04275866970419884,0.051414355635643005,595,221
151,5033,22,0.6646366715431213,0.40075117349624634,-0.09055866301059723,0.8128531575202942,638,216
151,5033,23,0.6123294830322266,0.3921404182910919,0.05598495155572891,0.9998219609260559,587,211
151,5033,24,0.6090062260627747,0.39563265442848206,-0.056113071739673615,0.999884307384491,584,213
151,5033,25,0.6440037488937378,0.49621152877807617,0.10498019307851791,0.6469128131866455,618,267
151,5033,26,0.5954604744911194,0.5269489884376526,-0.001743389992043376,0.943723201751709,571,284
151,5033,27,0.6421988606452942,0.6232112050056458,0.17237307131290436,0.8087997436523438,616,336
151,5033,28,0.5734425187110901,0.645626425743103,0.05029957741498947,0.9672216176986694,550,348
151,5033,29,0.6345119476318359,0.6507284641265869,0.17633067071437836,0.8336848616600037,609,351
151,5033,30,0.5636774301528931,0.6680797934532166,0.05282571166753769,0.9105761647224426,541,360
151,5033,31,0.6691210269927979,0.641007661819458,0.14295314252376556,0.8389136791229248,642,346
151,5033,32,0.6045322418212891,0.6743711829185486,0.0064450823701918125,0.9475089311599731,580,364
152,5066,0,0.6498516201972961,0.14936500787734985,-0.04760244861245155,0.9949774146080017,623,80
152,5066,1,0.6471297144889832,0.13870014250278473,-0.04408188536763191,0.9945135116577148,621,74
152,5066,2,0.6455428600311279,0.13821253180503845,-0.04420923814177513,0.9936773777008057,619,74
152,5066,3,0.6439263224601746,0.137861430644989,-0.044124770909547806,0.995800256729126,618,74
152,5066,4,0.648739218711853,0.13968035578727722,-0.06212335079908371,0.9958040714263916,622,75
152,5066,5,0.6486194133758545,0.13980349898338318,-0.06229405105113983,0.995841383934021,622,75
152,5066,6,0.6486485600471497,0.13980324566364288,-0.062335480004549026,0.9971715211868286,622,75
152,5066,7,0.6344713568687439,0.14124952256679535,-0.016975153237581253,0.996410071849823,609,76
152,5066,8,0.6437659859657288,0.14402133226394653,-0.09961206465959549,0.9944983124732971,618,77
152,5066,9,0.6443182229995728,0.16162309050559998,-0.033282335847616196,0.9940242171287537,618,87
152,5066,10,0.6462720036506653,0.16235706210136414,-0.058310847729444504,0.9937502145767212,620,87
152,5066,11,0.6134095788002014,0.2126428782939911,0.04455394670367241,0.9995523691177368,588,114
152,5066,12,0.6317613124847412,0.22086849808692932,-0.13611654937267303,0.9996114373207092,606,119
152,5066,13,0.613171398639679,0.31336653232574463,0.07288346439599991,0.035081647336483,588,169
152,5066,14,0.6426965594291687,0.3245874345302582,-0.13301141560077667,0.9560286998748779,616,175
152,5066,15,0.6254255175590515,0.40118324756622314,0.04786978289484978,0.031753189861774445,600,216
152,5066,16,0.6706073880195618,0.3873247504234314,-0.09935033321380615,0.8952214121818542,643,209
152,5066,17,0.6254100203514099,0.41805604100227356,0.0496293269097805,0.05058550089597702,600,225
152,5066,18,0.6778205037117004,0.40741366147994995,-0.11563458293676376,0.8700972199440002,650,220
152,5066,19,0.629209578037262,0.4162707030773163,0.032719142735004425,0.051158834248781204,604,224
152,5066,20,0.6798464059829712,0.40356388688087463,-0.11098717153072357,0.8638310432434082,652,217
152,5066,21,0.63007652759552,0.4108412563800812,0.040990907698869705,0.047802459448575974,604,221
152,5066,22,0.6775657534599304,0.39722123742103577,-0.09684384614229202,0.8227573037147522,650,214
152,5066,23,0.6188634634017944,0.3947654962539673,0.05708785727620125,0.9998344779014587,594,213
152,5066,24,0.6157865524291992,0.3992241322994232,-0.0572129525244236,0.9998939633369446,591,215
152,5066,25,0.6471303701400757,0.4965378940105438,0.12419473379850388,0.6443033814430237,621,268
152,5066,26,0.5993260741233826,0.5267581343650818,0.004990478977560997,0.9481327533721924,575,284
152,5066,27,0.6608863472938538,0.6206916570663452,0.2031152993440628,0.8194042444229126,634,335
152,5066,28,0.5747557878494263,0.6448408961296082,0.0675731971859932,0.9700312614440918,551,348
152,5066,29,0.6557749509811401,0.648323655128479,0.20765681564807892,0.8404455780982971,629,350
152,5066,30,0.5642305612564087,0.6674147844314575,0.07153034955263138,0.9141817092895508,541,360
152,5066,31,0.6911742091178894,0.6321969032287598,0.17001023888587952,0.8479940891265869,663,341
152,5066,32,0.6047553420066833,0.674089252948761,0.020592117682099342,0.9515101313591003,580,364
153,5100,0,0.6485443711280823,0.15134023129940033,-0.03657887503504753,0.9954633116722107,622,81
153,5100,1,0.6454561948776245,0.14034727215766907,-0.0328930988907814,0.9950315952301025,619,75
153,5100,2,0.6435374617576599,0.139766663312912,-0.03301383927464485,0.9942720532417297,617,75
153,5100,3,0.6416371464729309,0.13936759531497955,-0.0329345241189003,0.9961859583854675,615,75
153,5100,4,0.6485024094581604,0.1417136788368225,-0.051206450909376144,0.9962074160575867,622,76
153,5100,5,0.6489332318305969,0.1419665366411209,-0.051383428275585175,0.9962464570999146,622,76
153,5100,6,0.6494797468185425,0.1421576291322708,-0.051437150686979294,0.9974461793899536,623,76
153,5100,7,0.6335217356681824,0.14268237352371216,-0.00824076496064663,0.996739387512207,608,77
153,5100,8,0.6457651853561401,0.14594799280166626,-0.09189014136791229,0.9950367212295532,619,78
153,5100,9,0.6432201862335205,0.1632695198059082,-0.022910628467798233,0.9945662617683411,617,88
153,5100,10,0.646079957485199,0.16472351551055908,-0.04831539839506149,0.9943486452102661,620,88
153,5100,11,0.615013062953949,0.21359190344810486,0.0515705831348896,0.999578058719635,590,115
153,5100,12,0.6335193514823914,0.22218547761440277,-0.13521210849285126,0.9996493458747864,608,119
153,5100,13,0.6122360825538635,0.3138885796070099,0.07901649922132492,0.033157989382743835,587,169
153,5100,14,0.643726110458374,0.3246941566467285,-0.1366824507713318,0.9603100419044495,617,175
153,5100,15,0.6234965920448303,0.4018305540084839,0.05397554486989975,0.029286423698067665,598,216
153,5100,16,0.6714401245117188,0.3870573043823242,-0.0961245745420456,0.9050110578536987,644,209
153,5100,17,0.623290479183197,0.41899967193603516,0.0558488704264164,0.04680635780096054,598,226
153,5100,18,0.6770857572555542,0.40548989176750183,-0.11191605776548386,0.881456732749939,650,218
153,5100,19,0.6270971894264221,0.41763001680374146,0.039006415754556656,0.047267504036426544,602,225
153,5100,20,0.6793320775032043,0.4022023379802704,-0.10629799216985703,0.8756453990936279,652,217
153,5100,21,0.6281557679176331,0.4117344617843628,0.04696032032370567,0.04418032616376877,603,222
153,5100,22,0.6772896647453308,0.39653655886650085,-0.09309292584657669,0.8366600871086121,650,214
153,5100,23,0.6200128793716431,0.39481911063194275,0.057467829436063766,0.999847412109375,595,213
153,5100,24,0.6180716156959534,0.3991592824459076,-0.05760068818926811,0.9999033808708191,593,215
153,5100,25,0.6482549905776978,0.4967767298221588,0.12005233764648438,0.6649767160415649,622,268
153,5100,26,0.6001830697059631,0.5266124606132507,-0.002928964328020811,0.9528337121009827,576,284
153,5100,27,0.6634413599967957,0.6200788617134094,0.1913267970085144,0.8351734280586243,636,334
153,5100,28,0.5750082731246948,0.6447715163230896,0.04937877506017685,0.9728037714958191,552,348
153,5100,29,0.659321129322052,0.6463837623596191,0.1952512562274933,0.8535453677177429,632,349
153,5100,30,0.5641781091690063,0.6670548319816589,0.05223029851913452,0.9200558066368103,541,360
153,5100,31,0.6908435821533203,0.6305244565010071,0.16204388439655304,0.8608297109603882,663,340
153,5100,32,0.604426920413971,0.6740534901618958,3.531053880578838e-05,0.9557661414146423,580,363
154,5133,0,0.6562587022781372,0.15597376227378845,-0.03529033809900284,0.995898425579071,630,84
154,5133,1,0.6538121104240417,0.14445698261260986,-0.03056245855987072,0.9954936504364014,627,78
154,5133,2,0.6519262790679932,0.1437956541776657,-0.03068259358406067,0.9948013424873352,625,77
154,5133,3,0.6500412821769714,0.1432424634695053,-0.03060486912727356,0.9965278506278992,624,77
154,5133,4,0.6567550301551819,0.14568398892879486,-0.04967718571424484,0.9965687394142151,630,78
154,5133,5,0.6572365164756775,0.1458234041929245,-0.049853838980197906,0.996609628200531,630,78
154,5133,6,0.65763258934021,0.14588968455791473,-0.04991532117128372,0.9976924657821655,631,78
154,5133,7,0.6426420211791992,0.1466129571199417,-0.0028516585007309914,0.9970279335975647,616,79
154,5133,8,0.6542831659317017,0.14980188012123108,-0.09011576324701309,0.9955193996429443,628,80
154,5133,9,0.6509785056114197,0.16715003550052643,-0.02064458467066288,0.9950383901596069,624,90
154,5133,10,0.6539318561553955,0.1683671623468399,-0.04705546423792839,0.9948810338973999,627,90
154,5133,11,0.6210023164749146,0.21700027585029602,0.058234166353940964,0.9995965957641602,596,117
154,5133,12,0.6423627138137817,0.22459888458251953,-0.13541600108146667,0.9996832013130188,616,121
154,5133,13,0.6176697015762329,0.3155992329120636,0.08445427566766739,0.031159861013293266,592,170
154,5133,14,0.6526769995689392,0.3264017403125763,-0.1436728686094284,0.9641362428665161,626,176
154,5133,15,0.6287504434585571,0.40117210149765015,0.055473264306783676,0.026980822905898094,603,216
154,5133,16,0.683939516544342,0.3871050477027893,-0.10200545191764832,0.9132079482078552,656,209
154,5133,17,0.6275708079338074,0.4171050190925598,0.056822191923856735,0.04323279857635498,602,225
154,5133,18,0.6906186938285828,0.406054824590683,-0.11835630983114243,0.8901197910308838,662,219
154,5133,19,0.6323140859603882,0.4168020486831665,0.03968450799584389,0.04360370337963104,607,225
154,5133,20,0.6937479376792908,0.4025856554508209,-0.11292260140180588,0.8845518827438354,665,217
154,5133,21,0.6336266398429871,0.4111533463001251,0.04815554991364479,0.04075055569410324,608,222
154,5133,22,0.6909978985786438,0.3968357443809509,-0.09910285472869873,0.8455536961555481,663,214
154,5133,23,0.6249970197677612,0.3957369029521942,0.0594697967171669,0.9998587965965271,599,213
154,5133,24,0.6260713338851929,0.4001210331916809,-0.05959941819310188,0.9999117851257324,601,216
154,5133,25,0.6533854603767395,0.4991767704486847,0.12059453874826431,0.6788667440414429,627,269
154,5133,26,0.6061564087867737,0.5265101194381714,-0.013210580684244633,0.9570545554161072,581,284
154,5133,27,0.6795594096183777,0.6188064217567444,0.19328299164772034,0.8487009406089783,652,334
154,5133,28,0.576348602771759,0.6446413397789001,0.034082476049661636,0.9753013849258423,553,348
154,5133,29,0.6781503558158875,0.6456044912338257,0.19701620936393738,0.8645330667495728,651,348
154,5133,30,0.5654135942459106,0.6659256815910339,0.036595795303583145,0.9249878525733948,542,359
154,5133,31,0.707668662071228,0.6162660717964172,0.16069534420967102,0.8718779683113098,679,332
154,5133,32,0.6049031019210815,0.6738587617874146,-0.017490841448307037,0.9595977663993835,580,363
155,5166,0,0.6576674580574036,0.15915581583976746,-0.031325023621320724,0.9962872862815857,631,85
155,5166,1,0.6548526287078857,0.14762555062770844,-0.02649667114019394,0.9959040880203247,628,79
155,5166,2,0.6527933478355408,0.14690753817558289,-0.0266110822558403,0.9952669143676758,626,79
155,5166,3,0.6506711840629578,0.14631137251853943,-0.026535212993621826,0.9968279004096985,624,79
155,5166,4,0.6583293080329895,0.1489647477865219,-0.04541860893368721,0.9968927502632141,631,80
155,5166,5,0.6589394211769104,0.14915986359119415,-0.04560043662786484,0.9969349503517151,632,80
155,5166,6,0.6595983505249023,0.14934119582176208,-0.045667920261621475,0.9979140758514404,633,80
155,5166,7,0.6431071162223816,0.149414524435997,0.0006239068461582065,0.9972789883613586,617,80
155,5166,8,0.6564253568649292,0.15319204330444336,-0.08589686453342438,0.9959526658058167,630,82
155,5166,9,0.6525402665138245,0.1696174591779709,-0.017027316614985466,0.9954714775085449,626,91
155,5166,10,0.6557198762893677,0.17099261283874512,-0.043204713612794876,0.9953647255897522,629,92
155,5166,11,0.6239290237426758,0.21778371930122375,0.061977967619895935,0.99961918592453,598,117
155,5166,12,0.6447256207466125,0.2258559912443161,-0.1344994157552719,0.999714195728302,618,121
155,5166,13,0.6199695467948914,0.31663447618484497,0.08881612867116928,0.029179919511079788,595,170
155,5166,14,0.6544193029403687,0.32735201716423035,-0.14330196380615234,0.9676100015640259,628,176
155,5166,15,0.629431426525116,0.4015405774116516,0.05878526344895363,0.024806169793009758,604,216
155,5166,16,0.6856868267059326,0.38747507333755493,-0.10129257291555405,0.9211865663528442,658,209
155,5166,17,0.6289742588996887,0.4184035658836365,0.060203082859516144,0.03978913277387619,603,225
155,5166,18,0.6926043033599854,0.40642428398132324,-0.11832499504089355,0.8991665840148926,664,219
155,5166,19,0.6330048441886902,0.4176786541938782,0.04314473643898964,0.04007411375641823,607,225
155,5166,20,0.6958701014518738,0.4029301106929779,-0.11206511408090591,0.8938629627227783,668,217
155,5166,21,0.6342443823814392,0.41157978773117065,0.05149974673986435,0.03743769973516464,608,222
155,5166,22,0.6924654245376587,0.39718949794769287,-0.09803120791912079,0.8556997776031494,664,214
155,5166,23,0.6266254186630249,0.39553508162498474,0.060450855642557144,0.9998704195022583,601,213
155,5166,24,0.6285027265548706,0.39905786514282227,-0.06056887283921242,0.9999199509620667,603,215
155,5166,25,0.6534832715988159,0.49918636679649353,0.12143619358539581,0.6832655072212219,627,269
155,5166,26,0.6075993776321411,0.5264886617660522,-0.022750461474061012,0.9608957767486572,583,284
155,5166,27,0.6807047128677368,0.6181179285049438,0.19468741118907928,0.8575910329818726,653,333
155,5166,28,0.5756608843803406,0.644582211971283,0.014405092224478722,0.9774689674377441,552,348
155,5166,29,0.6794149279594421,0.6445099711418152,0.19847603142261505,0.8702383637428284,652,348
155,5166,30,0.5649658441543579,0.6651877164840698,0.01596670411527157,0.927509069442749,542,359
155,5166,31,0.7090437412261963,0.6135466694831848,0.16289900243282318,0.878735363483429,680,331
155,5166,32,0.6050556898117065,0.6737837195396423,-0.0387321375310421,0.9627945423126221,580,363
156,5200,0,0.6629515886306763,0.16157202422618866,-0.02483854629099369,0.996633768081665,636,87
156,5200,1,0.6603464484214783,0.14986568689346313,-0.020420879125595093,0.9962702989578247,633,80
156,5200,2,0.6582955121994019,0.14907832443714142,-0.020537134259939194,0.9956840872764587,631,80
156,5200,3,0.6561326384544373,0.1484462320804596,-0.020455054938793182,0.9970963001251221,629,80
156,5200,4,0.664269208908081,0.1514161378145218,-0.03868527337908745,0.9971803426742554,637,81
156,5200,5,0.6650955080986023,0.15163856744766235,-0.03886661306023598,0.9972248077392578,638,81
156,5200,6,0.6659793853759766,0.1518307775259018,-0.03892983868718147,0.9981106519699097,639,81
156,5200,7,0.6494200825691223,0.15349824726581573,0.004765081685036421,0.9975029230117798,623,82
156,5200,8,0.6640575528144836,0.15748760104179382,-0.07855714112520218,0.9963377714157104,637,85
156,5200,9,0.6580111384391785,0.17274492979049683,-0.011315309442579746,0.9958310127258301,631,93
156,5200,10,0.6613914370536804,0.17416995763778687,-0.03660189360380173,0.9957807660102844,634,94
156,5200,11,0.631255567073822,0.2199341058731079,0.0632292777299881,0.9996263384819031,606,118
156,5200,12,0.6532557010650635,0.22925634682178497,-0.1271953284740448,0.999740719795227,627,123
156,5200,13,0.6266260147094727,0.31807151436805725,0.08911967277526855,0.027825040742754936,601,171
156,5200,14,0.6642417907714844,0.3303146958351135,-0.13794167339801788,0.970597505569458,637,178
156,5200,15,0.6375656127929688,0.3975145220756531,0.05937343090772629,0.023030519485473633,612,214
156,5200,16,0.6957721710205078,0.38966819643974304,-0.089906245470047,0.9257813096046448,667,210
156,5200,17,0.6396768093109131,0.41902631521224976,0.06070273742079735,0.03699175640940666,614,226
156,5200,18,0.7021294832229614,0.4071432054042816,-0.10501198470592499,0.9017519354820251,674,219
156,5200,19,0.6422359347343445,0.4161651134490967,0.04385114461183548,0.03720448538661003,616,224
156,5200,20,0.7049247026443481,0.40320301055908203,-0.0989527478814125,0.8961270451545715,676,217
156,5200,21,0.6430606842041016,0.41088053584098816,0.052132584154605865,0.03473025560379028,617,221
156,5200,22,0.7027262449264526,0.3977341055870056,-0.08662144094705582,0.8541702628135681,674,214
156,5200,23,0.6335683465003967,0.39885568618774414,0.060420576483011246,0.9998793601989746,608,215
156,5200,24,0.6353644132614136,0.40257447957992554,-0.060538649559020996,0.9999264478683472,609,217
156,5200,25,0.6616620421409607,0.5025768876075745,0.11905799806118011,0.7014939785003662,635,271
156,5200,26,0.6143016815185547,0.5264076590538025,-0.020610392093658447,0.964434027671814,589,284
156,5200,27,0.6909743547439575,0.6188569664955139,0.1936061680316925,0.8699385523796082,663,334
156,5200,28,0.5778762102127075,0.6420289874076843,0.024439511820673943,0.9795418381690979,554,346
156,5200,29,0.6905952095985413,0.648093581199646,0.19480876624584198,0.8800196051597595,662,349
156,5200,30,0.565656840801239,0.6594501733779907,0.02694585546851158,0.9318115711212158,543,356
156,5200,31,0.7164167761802673,0.6099934577941895,0.14901289343833923,0.888877809047699,687,329
156,5200,32,0.6048847436904907,0.6735413670539856,-0.02616354264318943,0.9660272598266602,580,363
157,5233,0,0.6632022857666016,0.1634552776813507,-0.017130395397543907,0.9969411492347717,636,88
157,5233,1,0.6602094769477844,0.151749387383461,-0.014633815735578537,0.9965910911560059,633,81
157,5233,2,0.6581400036811829,0.1510382443666458,-0.014746940694749355,0.9960445165634155,631,81
157,5233,3,0.6559950113296509,0.15050508081912994,-0.014670489355921745,0.997326672077179,629,81
157,5233,4,0.6644919514656067,0.15340450406074524,-0.03229613974690437,0.9974355101585388,637,82
157,5233,5,0.6655723452568054,0.15376481413841248,-0.03247455134987831,0.9974825382232666,638,83
157,5233,6,0.6666514873504639,0.15413203835487366,-0.03254063054919243,0.9982860684394836,639,83
157,5233,7,0.649678647518158,0.15477699041366577,0.003643473144620657,0.9976990222930908,623,83
157,5233,8,0.6643185019493103,0.1593714952468872,-0.07752056419849396,0.9966838955879211,637,86
157,5233,9,0.658589780330658,0.17412438988685608,-0.006320556625723839,0.9961711168289185,632,94
157,5233,10,0.6623613834381104,0.17611244320869446,-0.03080727905035019,0.9961634278297424,635,95
157,5233,11,0.633907675743103,0.22028645873069763,0.061542753130197525,0.9996423125267029,608,118
157,5233,12,0.6544399261474609,0.23037731647491455,-0.1275055855512619,0.9997653365135193,628,124
157,5233,13,0.6279428601264954,0.31785133481025696,0.08881301432847977,0.026819363236427307,602,171
157,5233,14,0.6642926931381226,0.32991841435432434,-0.14082209765911102,0.9733445644378662,637,178
157,5233,15,0.6386149525642395,0.39790403842926025,0.05551127716898918,0.021433690562844276,613,214
157,5233,16,0.6971318125724792,0.39003726840019226,-0.09544333070516586,0.9310328960418701,669,210
157,5233,17,0.6395310759544373,0.41879212856292725,0.05632396414875984,0.03445085883140564,613,226
157,5233,18,0.7042531967163086,0.4073292911052704,-0.11123468726873398,0.9058917164802551,676,219
157,5233,19,0.6428279876708984,0.4162996709346771,0.040843069553375244,0.034570980817079544,617,224
157,5233,20,0.706352949142456,0.4034852087497711,-0.10594959557056427,0.9000858664512634,678,217
157,5233,21,0.6437515616416931,0.41067683696746826,0.04869275540113449,0.032230447977781296,618,221
157,5233,22,0.7031206488609314,0.39787083864212036,-0.09260418266057968,0.8554918766021729,674,214
157,5233,23,0.6359201669692993,0.39873018860816956,0.060608454048633575,0.9998888373374939,610,215
157,5233,24,0.6372098922729492,0.402386337518692,-0.060725852847099304,0.9999328255653381,611,217
157,5233,25,0.6626113653182983,0.5025724768638611,0.12248886376619339,0.7217556834220886,636,271
157,5233,26,0.6154965758323669,0.5263209342956543,-0.021738138049840927,0.967653751373291,590,284
157,5233,27,0.6911764144897461,0.6188547015190125,0.193912535905838,0.8813868165016174,663,334
157,5233,28,0.5780349373817444,0.6405907273292542,0.021381979808211327,0.9813683032989502,554,345
157,5233,29,0.6918671727180481,0.6484174132347107,0.19648750126361847,0.8893967270851135,664,350
157,5233,30,0.5666677951812744,0.657040536403656,0.023438066244125366,0.9349434971809387,544,354
157,5233,31,0.7184467315673828,0.6104575395584106,0.15279164910316467,0.8977530002593994,689,329
157,5233,32,0.6049153804779053,0.6735010147094727,-0.033191826194524765,0.9687406420707703,580,363
158,5266,0,0.672493577003479,0.1636315882205963,-0.0237660501152277,0.9972253441810608,645,88
158,5266,1,0.6696293950080872,0.1522710621356964,-0.020431367680430412,0.9968905448913574,642,82
158,5266,2,0.6677970886230469,0.15165451169013977,-0.020551985129714012,0.9963909983634949,641,81
158,5266,3,0.6658837795257568,0.15119659900665283,-0.02047952450811863,0.9975495934486389,639,81
158,5266,4,0.6730194687843323,0.15366043150424957,-0.03841599076986313,0.9976691603660583,646,82
158,5266,5,0.6737003326416016,0.15390057861804962,-0.03859784081578255,0.9977193474769592,646,83
158,5266,6,0.6744654178619385,0.15411098301410675,-0.038662537932395935,0.9984455704689026,647,83
158,5266,7,0.6591570377349854,0.15591783821582794,0.0027889201883226633,0.997891366481781,632,84
158,5266,8,0.6728993058204651,0.15940427780151367,-0.07993341237306595,0.9969984889030457,645,86
158,5266,9,0.6682897806167603,0.17464765906333923,-0.011248222552239895,0.9964691996574402,641,94
158,5266,10,0.6711972951889038,0.1759423017501831,-0.036090560257434845,0.9965037107467651,644,95
158,5266,11,0.641023576259613,0.22304780781269073,0.061755478382110596,0.9996486306190491,615,120
158,5266,12,0.660643994808197,0.2322789877653122,-0.12769900262355804,0.9997864365577698,634,125
158,5266,13,0.6393203735351562,0.31950634717941284,0.08793098479509354,0.02572113461792469,613,172
158,5266,14,0.6725198030471802,0.3337149918079376,-0.13724228739738464,0.9757905602455139,645,180
158,5266,15,0.649006187915802,0.40290334820747375,0.05544904246926308,0.020072516053915024,623,217
158,5266,16,0.7046541571617126,0.39089107513427734,-0.08533671498298645,0.9353770613670349,676,211
158,5266,17,0.6493864059448242,0.4205501675605774,0.05624116584658623,0.03243054449558258,623,227
158,5266,18,0.7105239033699036,0.4074256420135498,-0.10019858181476593,0.9098982810974121,682,220
158,5266,19,0.6531042456626892,0.4190879762172699,0.04046400636434555,0.032506998628377914,626,226
158,5266,20,0.71293044090271,0.40364158153533936,-0.09395243972539902,0.9042516946792603,684,217
158,5266,21,0.6540177464485168,0.4134109318256378,0.04852546378970146,0.030305854976177216,627,223
158,5266,22,0.7106334567070007,0.3980463147163391,-0.08191172033548355,0.8587861657142639,682,214
158,5266,23,0.6448894739151001,0.40008342266082764,0.060617510229349136,0.999893844127655,619,216
158,5266,24,0.6438019871711731,0.40441158413887024,-0.06073715537786484,0.999937117099762,618,218
158,5266,25,0.6736574172973633,0.5059744715690613,0.12074898928403854,0.7361395955085754,646,273
158,5266,26,0.6236324906349182,0.5263983607292175,-0.020197687670588493,0.9705290794372559,598,284
158,5266,27,0.6959445476531982,0.621533989906311,0.19312214851379395,0.891713559627533,668,335
158,5266,28,0.579930305480957,0.6366426944732666,0.024516619741916656,0.9830783009529114,556,343
158,5266,29,0.6934881806373596,0.6510159969329834,0.19624681770801544,0.8982450366020203,665,351
158,5266,30,0.5681964159011841,0.6504057049751282,0.026385704055428505,0.9390299320220947,545,351
158,5266,31,0.7231769561767578,0.6148834824562073,0.1487586796283722,0.9065423011779785,694,332
158,5266,32,0.6051480770111084,0.6738947033882141,-0.025965867564082146,0.9714974164962769,580,363
159,5300,0,0.6737048029899597,0.16527822613716125,-0.026701832190155983,0.9974910020828247,646,89
159,5300,1,0.670779824256897,0.15410354733467102,-0.022951537743210793,0.9971812963485718,643,83
159,5300,2,0.6686527729034424,0.15350188314914703,-0.02307428978383541,0.9967257380485535,641,82
159,5300,3,0.6665264368057251,0.15309441089630127,-0.023002872243523598,0.9977723360061646,639,82
159,5300,4,0.6743702292442322,0.15540365874767303,-0.04110231250524521,0.997890830039978,647,83
159,5300,5,0.6751415729522705,0.15563806891441345,-0.04128396883606911,0.9979391098022461,648,84
159,5300,6,0.6760324239730835,0.15590354800224304,-0.04134796932339668,0.9985945820808411,648,84
159,5300,7,0.6596559286117554,0.15714043378829956,0.0016516329487785697,0.9980846047401428,633,84
159,5300,8,0.6722587943077087,0.16035571694374084,-0.08126882463693619,0.997289776802063,645,86
159,5300,9,0.6690883636474609,0.1758788377046585,-0.0134895583614707,0.9967822432518005,642,94
159,5300,10,0.6724135875701904,0.17738141119480133,-0.03855616971850395,0.9968312382698059,645,95
159,5300,11,0.6434418559074402,0.22356775403022766,0.06106506288051605,0.9996670484542847,617,120
159,5300,12,0.6617438197135925,0.23255538940429688,-0.13009406626224518,0.9998065829277039,635,125
159,5300,13,0.639143705368042,0.32064974308013916,0.08710511773824692,0.02481148950755596,613,173
159,5300,14,0.6732873320579529,0.33334293961524963,-0.1427222192287445,0.9780628085136414,646,180
159,5300,15,0.6515371799468994,0.40241560339927673,0.04838921129703522,0.0189925879240036,625,217
159,5300,16,0.7043126225471497,0.3909328579902649,-0.08851174265146255,0.9398379325866699,676,211
159,5300,17,0.6524794697761536,0.4205079674720764,0.047480300068855286,0.03085634857416153,626,227
159,5300,18,0.7109506726264954,0.4074990451335907,-0.10179112106561661,0.9141210317611694,682,220
159,5300,19,0.6559441685676575,0.41867169737815857,0.0324372835457325,0.030822722241282463,629,226
159,5300,20,0.7137058973312378,0.40367481112480164,-0.09569249302148819,0.9085463285446167,685,217
159,5300,21,0.6564958095550537,0.41320475935935974,0.041412126272916794,0.02870800532400608,630,223
159,5300,22,0.7104001641273499,0.3981238603591919,-0.08466695249080658,0.8624340891838074,681,214
159,5300,23,0.6469526886940002,0.4001087546348572,0.06087666004896164,0.9999026656150818,621,216
159,5300,24,0.6458383798599243,0.4040803015232086,-0.06100719794631004,0.9999426007270813,620,218
159,5300,25,0.6738476157188416,0.5068150162696838,0.12163285166025162,0.758967936038971,646,273
159,5300,26,0.625216543674469,0.5264255404472351,-0.026161713525652885,0.9733120799064636,600,284
159,5300,27,0.6961854696273804,0.6221531629562378,0.19301341474056244,0.9021129012107849,668,335
159,5300,28,0.5812216997146606,0.6331395506858826,0.020534224808216095,0.9846607446670532,557,341
159,5300,29,0.692755937576294,0.6508926153182983,0.1962687075138092,0.9077290892601013,665,351
159,5300,30,0.5684462189674377,0.6470707654953003,0.023115502670407295,0.9431732296943665,545,349
159,5300,31,0.7260236144065857,0.6202890276908875,0.15417572855949402,0.9152361750602722,696,334
159,5300,32,0.6052757501602173,0.6739175319671631,-0.030640406534075737,0.9740445017814636,581,363
160,5333,0,0.683197557926178,0.1649244725704193,-0.026978669688105583,0.9977162480354309,655,89
160,5333,1,0.6804596781730652,0.15383943915367126,-0.02403469942510128,0.9974175691604614,653,83
160,5333,2,0.6784494519233704,0.1533152014017105,-0.02415965124964714,0.9969932436943054,651,82
160,5333,3,0.6762831807136536,0.15297318994998932,-0.024090958759188652,0.997943639755249,649,82
160,5333,4,0.6840195059776306,0.15500852465629578,-0.04181249812245369,0.9980775117874146,656,83
160,5333,5,0.6846960186958313,0.15520767867565155,-0.041994620114564896,0.9981281161308289,657,83
160,5333,6,0.6853927969932556,0.1554083228111267,-0.042050741612911224,0.9987221956253052,657,83
160,5333,7,0.6696695685386658,0.15715292096138,0.002112374408170581,0.9982299208641052,642,84
160,5333,8,0.6826091408729553,0.15992175042629242,-0.08210955560207367,0.9975414276123047,655,86
160,5333,9,0.6780977249145508,0.1758253425359726,-0.014515157788991928,0.9969968795776367,650,94
160,5333,10,0.6813983917236328,0.17712296545505524,-0.03911074250936508,0.9970934391021729,654,95
160,5333,11,0.6526122689247131,0.22465530037879944,0.06471341103315353,0.999665379524231,626,121
160,5333,12,0.6718825697898865,0.23221449553966522,-0.13200770318508148,0.9998234510421753,645,125
160,5333,13,0.6464388370513916,0.3208708167076111,0.09376098960638046,0.02344752848148346,620,173
160,5333,14,0.681355357170105,0.33289432525634766,-0.15085294842720032,0.9800187349319458,654,179
160,5333,15,0.65764319896698,0.4027465581893921,0.06369883567094803,0.017705990001559258,631,217
160,5333,16,0.7120394110679626,0.39176759123802185,-0.10784578323364258,0.9426736831665039,683,211
160,5333,17,0.6588459014892578,0.4205203354358673,0.06468432396650314,0.028920335695147514,632,227
160,5333,18,0.7182727456092834,0.4081898331642151,-0.12390265613794327,0.9156543016433716,689,220
160,5333,19,0.6628322005271912,0.41926124691963196,0.048036839812994,0.02885902114212513,636,226
160,5333,20,0.7215393781661987,0.40392938256263733,-0.11743762344121933,0.9100392460823059,692,218
160,5333,21,0.6632957458496094,0.41344326734542847,0.056299321353435516,0.026888033375144005,636,223
160,5333,22,0.7187164425849915,0.39851468801498413,-0.10436546057462692,0.8616403341293335,689,215
160,5333,23,0.6565119028091431,0.4015563726425171,0.06219758093357086,0.9999096393585205,630,216
160,5333,24,0.6557071805000305,0.40491992235183716,-0.06232515349984169,0.9999472498893738,629,218
160,5333,25,0.6841621994972229,0.5068710446357727,0.12076272815465927,0.7738783359527588,656,273
160,5333,26,0.6362578272819519,0.5263954401016235,-0.028051743283867836,0.975713849067688,610,284
160,5333,27,0.7008627653121948,0.6247243285179138,0.19209855794906616,0.911087155342102,672,337
160,5333,28,0.5865470767021179,0.625487744808197,0.022763559594750404,0.9860696792602539,563,337
160,5333,29,0.6962304711341858,0.6524672508239746,0.19563867151737213,0.9155699014663696,668,352
160,5333,30,0.5733421444892883,0.6357190012931824,0.023357482627034187,0.94661545753479,550,343
160,5333,31,0.7289132475852966,0.6264548301696777,0.15051695704460144,0.9227983951568604,699,338
160,5333,32,0.6060243248939514,0.6735060811042786,-0.028423694893717766,0.9763332605361938,581,363
161,5366,0,0.6869762539863586,0.16526098549365997,-0.028156988322734833,0.9979360699653625,659,89
161,5366,1,0.6840042471885681,0.15421083569526672,-0.024278759956359863,0.9976605176925659,656,83
161,5366,2,0.6821158528327942,0.1536908596754074,-0.024401839822530746,0.9972750544548035,654,82
161,5366,3,0.6797858476638794,0.15335534512996674,-0.024331042543053627,0.998132050037384,652,82
161,5366,4,0.6867342591285706,0.15543138980865479,-0.04269314557313919,0.9982612133026123,659,83
161,5366,5,0.6870588064193726,0.15564733743667603,-0.042874518781900406,0.9983094930648804,659,84
161,5366,6,0.6875017285346985,0.1558869481086731,-0.042934466153383255,0.998845100402832,660,84
161,5366,7,0.6718226075172424,0.15736638009548187,0.0036001508124172688,0.9983935356140137,644,84
161,5366,8,0.6824197769165039,0.16011963784694672,-0.08256178349256516,0.9977811574935913,655,86
161,5366,9,0.6818218231201172,0.17613375186920166,-0.014579170383512974,0.9972622990608215,654,95
161,5366,10,0.6846206784248352,0.177424818277359,-0.04001934081315994,0.9973652958869934,657,95
161,5366,11,0.6553896069526672,0.22447578608989716,0.06726294010877609,0.9996829628944397,629,121
161,5366,12,0.6734148859977722,0.23356740176677704,-0.13287757337093353,0.9998399615287781,646,126
161,5366,13,0.6492826342582703,0.32119643688201904,0.09312983602285385,0.022368306294083595,623,173
161,5366,14,0.6834876537322998,0.3327823877334595,-0.1498769223690033,0.9818803668022156,656,179
161,5366,15,0.6589559316635132,0.40322208404541016,0.06201060116291046,0.01676238887012005,632,217
161,5366,16,0.7135782837867737,0.3926538825035095,-0.1066516786813736,0.9467952847480774,685,212
161,5366,17,0.6593387126922607,0.42082852125167847,0.0613548569381237,0.027676260098814964,632,227
161,5366,18,0.7201622724533081,0.4084620177745819,-0.12272326648235321,0.9204121828079224,691,220
161,5366,19,0.6605243682861328,0.41918155550956726,0.045476462692022324,0.027535250410437584,634,226
161,5366,20,0.7225587964057922,0.40450993180274963,-0.1159156858921051,0.9150032997131348,693,218
161,5366,21,0.6637377142906189,0.4137673079967499,0.05447535589337349,0.02565571293234825,637,223
161,5366,22,0.7199928164482117,0.3996248245239258,-0.10289067775011063,0.86741042137146,691,215
161,5366,23,0.6581808924674988,0.4014439582824707,0.06318074464797974,0.9999171495437622,631,216
161,5366,24,0.657957911491394,0.40472543239593506,-0.06331540644168854,0.9999518990516663,631,218
161,5366,25,0.6835076212882996,0.5070314407348633,0.12039177119731903,0.7924386858940125,656,273
161,5366,26,0.6384509801864624,0.5264603495597839,-0.037619225680828094,0.9780234694480896,612,284
161,5366,27,0.701836347579956,0.6252255439758301,0.19140194356441498,0.9195886254310608,673,337
161,5366,28,0.5890052914619446,0.6249018907546997,0.017487216740846634,0.9873780608177185,565,337
161,5366,29,0.6964954733848572,0.6523135304450989,0.19511458277702332,0.9234294891357422,668,352
161,5366,30,0.5745954513549805,0.6337833404541016,0.02091659978032112,0.9505721926689148,551,342
161,5366,31,0.730462372303009,0.6293677091598511,0.15094654262065887,0.9300147294998169,701,339
161,5366,32,0.6058717966079712,0.6737377643585205,-0.028274662792682648,0.9784860014915466,581,363
162,5400,0,0.6917809844017029,0.165244460105896,-0.02383420802652836,0.9981077313423157,664,89
162,5400,1,0.688909113407135,0.15433228015899658,-0.018657062202692032,0.9978170990943909,661,83
162,5400,2,0.6868224740028381,0.15384332835674286,-0.018779421225190163,0.997451901435852,659,83
162,5400,3,0.6846742033958435,0.1535131186246872,-0.018717143684625626,0.9982336163520813,657,82
162,5400,4,0.6921791434288025,0.15538154542446136,-0.036419037729501724,0.9983944892883301,664,83
162,5400,5,0.6927508115768433,0.1555396169424057,-0.03660782799124718,0.9984521269798279,665,83
162,5400,6,0.693402111530304,0.1557079404592514,-0.036683738231658936,0.9989389777183533,665,84
162,5400,7,0.6780787110328674,0.15772028267383575,0.01113891415297985,0.9984872341156006,650,85
162,5400,8,0.6897649168968201,0.15991486608982086,-0.07012248784303665,0.9979735016822815,662,86
162,5400,9,0.6871834397315979,0.17603719234466553,-0.009348606690764427,0.99740070104599,659,95
162,5400,10,0.6900300979614258,0.17715294659137726,-0.03388720378279686,0.9975558519363403,662,95
162,5400,11,0.6610053181648254,0.22422342002391815,0.07352443784475327,0.9996916651725769,634,121
162,5400,12,0.6815977096557617,0.2331605851650238,-0.11931255459785461,0.9998542666435242,654,125
162,5400,13,0.6570832133293152,0.3180953562259674,0.09914650768041611,0.022455565631389618,630,171
162,5400,14,0.6889938116073608,0.33255574107170105,-0.14207583665847778,0.9835512042045593,661,179
162,5400,15,0.6703832745552063,0.402746319770813,0.06683097779750824,0.017054051160812378,643,217
162,5400,16,0.7188196778297424,0.3939270079135895,-0.10975763201713562,0.9511287808418274,690,212
162,5400,17,0.6710466742515564,0.4194667637348175,0.0669659674167633,0.02814001590013504,644,226
162,5400,18,0.7252379059791565,0.41182956099510193,-0.1273815780878067,0.9260945320129395,696,222
162,5400,19,0.6715127825737,0.4169688820838928,0.050107311457395554,0.027861332520842552,644,225
162,5400,20,0.7281391620635986,0.4087747037410736,-0.12077192962169647,0.9210136532783508,699,220
162,5400,21,0.6755549907684326,0.4133532643318176,0.05931545048952103,0.02583373337984085,648,223
162,5400,22,0.7258529663085938,0.4028629958629608,-0.10652238875627518,0.8755549192428589,696,217
162,5400,23,0.6650279760360718,0.40135860443115234,0.06268490850925446,0.9999234080314636,638,216
162,5400,24,0.6650882959365845,0.40422579646110535,-0.06280674040317535,0.9999558925628662,638,218
162,5400,25,0.6895307898521423,0.5075143575668335,0.11186148226261139,0.8012501001358032,661,274
162,5400,26,0.6542057394981384,0.5273102521896362,-0.05656959116458893,0.9800381064414978,628,284
162,5400,27,0.701557457447052,0.6264944672584534,0.17354083061218262,0.9264438152313232,673,338
162,5400,28,0.5963904857635498,0.6184566617012024,0.0029299496673047543,0.9884909987449646,572,333
162,5400,29,0.6961633563041687,0.6532420516014099,0.17610713839530945,0.9293280839920044,668,352
162,5400,30,0.5822738409042358,0.6229425072669983,0.007915552705526352,0.9534486532211304,558,336
162,5400,31,0.7306614518165588,0.6374053955078125,0.13998666405677795,0.9357817769050598,701,344
162,5400,32,0.6059509515762329,0.6734731197357178,-0.03211621940135956,0.9803202152252197,581,363
163,5433,0,0.693494975566864,0.16500242054462433,-0.022008921951055527,0.9982680678367615,665,89
163,5433,1,0.6902872920036316,0.15407399833202362,-0.01725059002637863,0.9979783892631531,662,83
163,5433,2,0.688364565372467,0.15357930958271027,-0.017377134412527084,0.9976348876953125,660,82
163,5433,3,0.6863495111465454,0.1532481610774994,-0.01731691136956215,0.9983470439910889,658,82
163,5433,4,0.6932313442230225,0.15518882870674133,-0.034939058125019073,0.998525083065033,665,83
163,5433,5,0.69370436668396,0.15539969503879547,-0.03512876480817795,0.9985867142677307,665,83
163,5433,6,0.6942760348320007,0.1556207239627838,-0.03520618751645088,0.9990290999412537,666,84
163,5433,7,0.6793527007102966,0.15743814408779144,0.01019370462745428,0.9985875487327576,652,85
163,5433,8,0.6905418634414673,0.1604624092578888,-0.07090537250041962,0.9981546998023987,662,86
163,5433,9,0.6885641813278198,0.1758318692445755,-0.008204865269362926,0.9975453615188599,661,94
163,5433,10,0.6912263035774231,0.17696312069892883,-0.032690633088350296,0.9977385997772217,663,95
163,5433,11,0.6626012325286865,0.22431249916553497,0.07078946381807327,0.9997031688690186,636,121
163,5433,12,0.6826658844947815,0.23413509130477905,-0.11915136128664017,0.9998674392700195,655,126
163,5433,13,0.6582241654396057,0.3184089660644531,0.0966351330280304,0.021784499287605286,631,171
163,5433,14,0.6913531422615051,0.3328481614589691,-0.1335337907075882,0.9850432872772217,663,179
163,5433,15,0.6698114275932312,0.40344730019569397,0.06493078172206879,0.016555288806557655,643,217
163,5433,16,0.7201533913612366,0.3951354920864105,-0.09285085648298264,0.9550043940544128,691,213
163,5433,17,0.6703529953956604,0.41967159509658813,0.06562406569719315,0.02745332568883896,643,226
163,5433,18,0.725760281085968,0.4140914976596832,-0.10816805064678192,0.9310011863708496,696,223
163,5433,19,0.6730153560638428,0.41636544466018677,0.04912543296813965,0.027049321681261063,646,224
163,5433,20,0.7276327013969421,0.4126356840133667,-0.10282997786998749,0.9261785745620728,698,222
163,5433,21,0.6741442084312439,0.4128895401954651,0.057636212557554245,0.02501523867249489,647,222
163,5433,22,0.7253260016441345,0.40611326694488525,-0.08997433632612228,0.8826153874397278,696,219
163,5433,23,0.6669613122940063,0.40142130851745605,0.061568137258291245,0.9999299645423889,640,216
163,5433,24,0.6679815649986267,0.4041992127895355,-0.061692431569099426,0.9999598264694214,641,218
163,5433,25,0.6923956274986267,0.5074635148048401,0.11684233695268631,0.8131502270698547,664,274
163,5433,26,0.656156599521637,0.5278225541114807,-0.055637042969465256,0.9818827509880066,629,285
163,5433,27,0.7018188834190369,0.6265811324119568,0.1812012940645218,0.9331312775611877,673,338
163,5433,28,0.5984017848968506,0.6160547137260437,0.010049808770418167,0.9895103573799133,574,332
163,5433,29,0.6946485042572021,0.6527760028839111,0.18404620885849,0.9354405403137207,666,352
163,5433,30,0.5834473371505737,0.6186231970787048,0.01513595785945654,0.956519603729248,560,334
163,5433,31,0.7295833230018616,0.6388543248176575,0.15446113049983978,0.941288948059082,700,344
163,5433,32,0.6058725118637085,0.6733283996582031,-0.024458209052681923,0.9819746613502502,581,363
164,5466,0,0.7007246613502502,0.16503259539604187,-0.0004971743910573423,0.9983825087547302,672,89
164,5466,1,0.6981785893440247,0.1541217565536499,0.0041190763004124165,0.9980506300926208,670,83
164,5466,2,0.6964290142059326,0.15366780757904053,0.004002266097813845,0.9976961612701416,668,82
164,5466,3,0.6946232914924622,0.1533767133951187,0.004058416001498699,0.9983559846878052,666,82
164,5466,4,0.7012008428573608,0.15509606897830963,-0.012640506960451603,0.9986163973808289,673,83
164,5466,5,0.7017310857772827,0.15526607632637024,-0.012828913517296314,0.998690128326416,673,83
164,5466,6,0.702356219291687,0.1554526388645172,-0.012907823547720909,0.9990979433059692,674,83
164,5466,7,0.6877340078353882,0.15750712156295776,0.02751929685473442,0.9986016154289246,660,85
164,5466,8,0.7001010775566101,0.1602591574192047,-0.04901592433452606,0.9982996582984924,672,86
164,5466,9,0.6962485909461975,0.17577199637889862,0.011557748541235924,0.9975864887237549,668,94
164,5466,10,0.6991055607795715,0.1768094152212143,-0.01157772820442915,0.9978708624839783,671,95
164,5466,11,0.6682464480400085,0.2242663949728012,0.08307771384716034,0.9997075796127319,641,121
164,5466,12,0.6918538808822632,0.23356781899929047,-0.10294404625892639,0.9998792409896851,664,126
164,5466,13,0.6622218489646912,0.31515464186668396,0.10483086109161377,0.02166643552482128,635,170
164,5466,14,0.6982213854789734,0.33285486698150635,-0.12085627019405365,0.9864284992218018,670,179
164,5466,15,0.671670138835907,0.3983548879623413,0.07477693259716034,0.01633860357105732,644,215
164,5466,16,0.7233934998512268,0.39745575189590454,-0.08780542761087418,0.958882749080658,694,214
164,5466,17,0.6719842553138733,0.4146997630596161,0.07620488852262497,0.0271944310516119,645,223
164,5466,18,0.7290562391281128,0.41984039545059204,-0.10362638533115387,0.9363077878952026,699,226
164,5466,19,0.6762000322341919,0.40746456384658813,0.060476139187812805,0.026652468368411064,649,220
164,5466,20,0.731410801410675,0.418741911649704,-0.09793658554553986,0.9318099021911621,702,226
164,5466,21,0.6769047975540161,0.40835055708885193,0.06800990551710129,0.024572227150201797,649,220
164,5466,22,0.7291697263717651,0.41136592626571655,-0.08486294001340866,0.8908085823059082,700,222
164,5466,23,0.6695719361305237,0.39941495656967163,0.061348725110292435,0.9999357461929321,642,215
164,5466,24,0.6759170889854431,0.40185263752937317,-0.06146349757909775,0.9999634027481079,648,217
164,5466,25,0.697777509689331,0.5076718926429749,0.11360348761081696,0.8105818629264832,669,274
164,5466,26,0.6748837232589722,0.5290350914001465,-0.0687752515077591,0.9835411310195923,647,285
164,5466,27,0.7027639150619507,0.6267511248588562,0.1665593683719635,0.9373732805252075,674,338
164,5466,28,0.6106629967689514,0.6097201108932495,-0.0072983936406672,0.9903746247291565,586,329
164,5466,29,0.6941516399383545,0.6532023549079895,0.1684359461069107,0.9387497305870056,666,352
164,5466,30,0.5956571698188782,0.6075927019119263,-0.0012651477009057999,0.9590505957603455,571,328
164,5466,31,0.7303895950317383,0.6409691572189331,0.14351269602775574,0.9444095492362976,701,346
164,5466,32,0.6091238856315613,0.6714462041854858,-0.02645380236208439,0.9833628535270691,584,362
165,5500,0,0.7054795026779175,0.16400064527988434,-0.013904262334108353,0.9985090494155884,677,88
165,5500,1,0.7025880813598633,0.15349160134792328,-0.009209337644279003,0.9981721639633179,674,82
165,5500,2,0.7009774446487427,0.15297922492027283,-0.009349199943244457,0.9978318810462952,672,82
165,5500,3,0.6991307735443115,0.15257549285888672,-0.00931826326996088,0.9984366297721863,671,82
165,5500,4,0.7045297026634216,0.15459100902080536,-0.022953065112233162,0.998721182346344,676,83
165,5500,5,0.7045130133628845,0.15477679669857025,-0.02314143069088459,0.9987979531288147,676,83
165,5500,6,0.7046177983283997,0.15495142340660095,-0.02322644554078579,0.9991698861122131,676,83
165,5500,7,0.6908849477767944,0.15654344856739044,0.015418102964758873,0.9986763596534729,663,84
165,5500,8,0.6991588473320007,0.15922364592552185,-0.05705845728516579,0.9984439611434937,671,85
165,5500,9,0.7001695036888123,0.1749083250761032,-0.001853757188655436,0.9976922273635864,672,94
165,5500,10,0.7021120190620422,0.17580153048038483,-0.021276652812957764,0.9980197548866272,674,94
165,5500,11,0.6715681552886963,0.22417984902858734,0.07120975852012634,0.99971604347229,644,121
165,5500,12,0.6927367448806763,0.2333349734544754,-0.11051564663648605,0.9998900294303894,665,126
165,5500,13,0.6671670079231262,0.31525105237960815,0.09185304492712021,0.021817369386553764,640,170
165,5500,14,0.69968181848526,0.3327607214450836,-0.1265375316143036,0.9877186417579651,671,179
165,5500,15,0.6773554682731628,0.4004541039466858,0.07050980627536774,0.016376061365008354,650,216
165,5500,16,0.7233948111534119,0.3984397053718567,-0.09090704470872879,0.9627141356468201,694,215
165,5500,17,0.6780831813812256,0.4171963036060333,0.07414016127586365,0.027397742494940758,650,225
165,5500,18,0.7291961312294006,0.42174026370048523,-0.10655714571475983,0.9419381022453308,700,227
165,5500,19,0.6809753179550171,0.41000422835350037,0.05883316695690155,0.026706527918577194,653,221
165,5500,20,0.7318609952926636,0.4202520251274109,-0.10140904784202576,0.9378319978713989,702,226
165,5500,21,0.681275486946106,0.40811121463775635,0.0643789991736412,0.024564307183027267,654,220
165,5500,22,0.7300985455513,0.41242626309394836,-0.08814223855733871,0.9001013040542603,700,222
165,5500,23,0.6722908020019531,0.3971034288406372,0.05975017324090004,0.9999411106109619,645,214
165,5500,24,0.6772025227546692,0.40064337849617004,-0.059871383011341095,0.9999666810035706,650,216
165,5500,25,0.6973316073417664,0.5072730183601379,0.11538011580705643,0.8189879655838013,669,273
165,5500,26,0.67704838514328,0.5291100144386292,-0.05951874703168869,0.9850883483886719,649,285
165,5500,27,0.7014434933662415,0.6270471215248108,0.16835498809814453,0.9429482817649841,673,338
165,5500,28,0.6128767132759094,0.6081109642982483,0.0026802094653248787,0.9912511706352234,588,328
165,5500,29,0.6931055188179016,0.6541446447372437,0.16989700496196747,0.9437713027000427,665,353
165,5500,30,0.5982212424278259,0.6046595573425293,0.007554047275334597,0.9621785879135132,574,326
165,5500,31,0.7299783825874329,0.641581118106842,0.14286142587661743,0.9490899443626404,700,346
165,5500,32,0.6113290190696716,0.6714023947715759,-0.01403309777379036,0.9848340749740601,586,362
166,5533,0,0.7095595598220825,0.1639174520969391,0.008074435405433178,0.9986165165901184,681,88
166,5533,1,0.7073681950569153,0.15341193974018097,0.01146118063479662,0.9982742667198181,679,82
166,5533,2,0.7054423093795776,0.15293104946613312,0.011357669718563557,0.9979232549667358,677,82
166,5533,3,0.7034526467323303,0.15254375338554382,0.011405476368963718,0.998492956161499,675,82
166,5533,4,0.7106723189353943,0.1542663723230362,-0.0031229506712406874,0.9988183379173279,682,83
166,5533,5,0.7113006114959717,0.15433011949062347,-0.0033119809813797474,0.9988946914672852,682,83
166,5533,6,0.7120164036750793,0.15437231957912445,-0.0033817575313150883,0.9992374777793884,683,83
166,5533,7,0.6968609094619751,0.15643227100372314,0.029360536485910416,0.9987204670906067,668,84
166,5533,8,0.7101249098777771,0.15844516456127167,-0.03824964910745621,0.9985747933387756,681,85
166,5533,9,0.7049576044082642,0.17444640398025513,0.01809724047780037,0.9977795481681824,676,94
166,5533,10,0.7078534960746765,0.17515236139297485,-0.0021181441843509674,0.9981550574302673,679,94
166,5533,11,0.6768605709075928,0.221975177526474,0.08207028359174728,0.9997150897979736,649,119
166,5533,12,0.7025247812271118,0.2311929166316986,-0.0904625728726387,0.9998995661735535,674,124
166,5533,13,0.673595130443573,0.3109995722770691,0.1024090126156807,0.021931754425168037,646,167
166,5533,14,0.7108270525932312,0.3311833143234253,-0.09992588311433792,0.9887858629226685,682,178
166,5533,15,0.6845968961715698,0.382453978061676,0.07658253610134125,0.015819888561964035,657,206
166,5533,16,0.7290416955947876,0.40046432614326477,-0.06157458573579788,0.9655636548995972,699,216
166,5533,17,0.6860059499740601,0.3983909785747528,0.07831154018640518,0.026472454890608788,658,215
166,5533,18,0.7343596816062927,0.4234457015991211,-0.0747084841132164,0.9454437494277954,704,228
166,5533,19,0.6883960366249084,0.39076581597328186,0.0643688291311264,0.025692084804177284,660,211
166,5533,20,0.7360424399375916,0.4232461750507355,-0.07262620329856873,0.9415313601493835,706,228
166,5533,21,0.6898317933082581,0.3919191360473633,0.07064518332481384,0.023622799664735794,662,211
166,5533,22,0.7339006662368774,0.4162931442260742,-0.05989080294966698,0.9052537083625793,704,224
166,5533,23,0.6760212779045105,0.39311954379081726,0.05824754014611244,0.9999460577964783,648,212
166,5533,24,0.683029294013977,0.3957892060279846,-0.058364275842905045,0.9999696612358093,655,213
166,5533,25,0.7032508850097656,0.5072141289710999,0.10918126255273819,0.8232552409172058,675,273
166,5533,26,0.69083172082901,0.5276843905448914,-0.07400456815958023,0.986459493637085,663,284
166,5533,27,0.7027783989906311,0.6271362900733948,0.15410731732845306,0.9468432664871216,674,338
166,5533,28,0.6274900436401367,0.6010595560073853,-0.013889063149690628,0.9919192790985107,602,324
166,5533,29,0.6928879022598267,0.6538370847702026,0.15515261888504028,0.9467753171920776,665,353
166,5533,30,0.6118961572647095,0.5973019003868103,-0.007834959775209427,0.9640552401542664,587,322
166,5533,31,0.7314965724945068,0.641013503074646,0.1305961012840271,0.9515902996063232,702,346
166,5533,32,0.623691737651825,0.6631081700325012,-0.025228500366210938,0.9858645796775818,598,358
167,5566,0,0.713176429271698,0.15978899598121643,-0.0019392536487430334,0.9987329244613647,684,86
167,5566,1,0.7099208831787109,0.14944122731685638,0.0019578852225095034,0.9983972907066345,681,80
167,5566,2,0.708052396774292,0.14897923171520233,0.001842273399233818,0.9980663061141968,679,80
167,5566,3,0.7061389684677124,0.14863301813602448,0.001891450840048492,0.9985874891281128,677,80
167,5566,4,0.7126718163490295,0.15063127875328064,-0.013293753378093243,0.998916506767273,684,81
167,5566,5,0.7129907011985779,0.15090568363666534,-0.013481270521879196,0.9989917278289795,684,81
167,5566,6,0.7134113311767578,0.15109729766845703,-0.013547436334192753,0.9993031024932861,684,81
167,5566,7,0.6990537643432617,0.15302631258964539,0.023314254358410835,0.9988069534301758,671,82
167,5566,8,0.7096993327140808,0.15576596558094025,-0.04569166526198387,0.9987019300460815,681,84
167,5566,9,0.7076494693756104,0.1710565984249115,0.009459761902689934,0.9979305863380432,679,92
167,5566,10,0.7104174494743347,0.17212718725204468,-0.01166896428912878,0.9983065724372864,682,92
167,5566,11,0.6806585192680359,0.22031281888484955,0.0785122737288475,0.9997298717498779,653,118
167,5566,12,0.7033633589744568,0.22960591316223145,-0.09271510690450668,0.9999088644981384,675,123
167,5566,13,0.67779541015625,0.31109383702278137,0.10008716583251953,0.024705350399017334,650,167
167,5566,14,0.7114450335502625,0.3278343081474304,-0.10284407436847687,0.9898616075515747,682,177
167,5566,15,0.6919128894805908,0.3829793632030487,0.07267940044403076,0.01743512600660324,664,206
167,5566,16,0.7284268140792847,0.4006615877151489,-0.07081473618745804,0.9688836336135864,699,216
167,5566,17,0.6904646158218384,0.4001576602458954,0.0741291418671608,0.028788849711418152,662,216
167,5566,18,0.7328690886497498,0.4237462878227234,-0.0854879766702652,0.9505852460861206,703,228
167,5566,19,0.6938672661781311,0.39560702443122864,0.05900895223021507,0.027839913964271545,666,213
167,5566,20,0.7352317571640015,0.423986554145813,-0.0828235000371933,0.9470422863960266,705,228
167,5566,21,0.694896399974823,0.3950135111808777,0.06622697412967682,0.02560928463935852,667,213
167,5566,22,0.7333789467811584,0.41654011607170105,-0.06928103417158127,0.9140478372573853,704,224
167,5566,23,0.6791651248931885,0.38960421085357666,0.0553731769323349,0.9999505877494812,651,210
167,5566,24,0.6855281591415405,0.3922785222530365,-0.05548684298992157,0.999972403049469,658,211
167,5566,25,0.7039505839347839,0.5066253542900085,0.10447495430707932,0.8283312320709229,675,273
167,5566,26,0.6946538090705872,0.5259287357330322,-0.07011447101831436,0.9877566695213318,666,284
167,5566,27,0.701433002948761,0.627794086933136,0.14770574867725372,0.9511470198631287,673,339
167,5566,28,0.6308974623680115,0.5998669862747192,-0.011619755066931248,0.9926686882972717,605,323
167,5566,29,0.6921025514602661,0.6537565588951111,0.14851637184619904,0.9504823088645935,664,353
167,5566,30,0.6151171326637268,0.5959206223487854,-0.00561974011361599,0.9669954776763916,590,321
167,5566,31,0.7310958504676819,0.6418585777282715,0.12459518015384674,0.9553731083869934,701,346
167,5566,32,0.6266177892684937,0.6616117358207703,-0.02482420764863491,0.98715740442276,601,357
168,5600,0,0.7171024680137634,0.15965601801872253,0.018303273245692253,0.9987320899963379,688,86
168,5600,1,0.7145290374755859,0.14891040325164795,0.0190055500715971,0.9983012676239014,685,80
168,5600,2,0.7122957706451416,0.1484043151140213,0.01889447495341301,0.9978759288787842,683,80
168,5600,3,0.7101508378982544,0.14801593124866486,0.0189310684800148,0.9984277486801147,681,79
168,5600,4,0.718880295753479,0.1501532942056656,0.004793831147253513,0.9989287853240967,690,81
168,5600,5,0.7200031280517578,0.1504644751548767,0.0046027894131839275,0.9990219473838806,691,81
168,5600,6,0.7212356328964233,0.15069638192653656,0.004532475955784321,0.9993254542350769,692,81
168,5600,7,0.7044180035591125,0.15293681621551514,0.02684398926794529,0.9987092614173889,676,82
168,5600,8,0.7196272611618042,0.15582557022571564,-0.03825134411454201,0.9987549185752869,690,84
168,5600,9,0.7121571898460388,0.17086884379386902,0.024754952639341354,0.997774064540863,683,92
168,5600,10,0.7159013748168945,0.17211490869522095,0.005043152254074812,0.9983090758323669,687,92
168,5600,11,0.6836459636688232,0.21817059814929962,0.07679838687181473,0.9997190237045288,656,117
168,5600,12,0.7115823030471802,0.22927483916282654,-0.09102928638458252,0.999916136264801,683,123
168,5600,13,0.6812902688980103,0.3104196786880493,0.10183436423540115,0.023966990411281586,654,167
168,5600,14,0.7172691226005554,0.32798486948013306,-0.10826049000024796,0.9906725287437439,688,177
168,5600,15,0.6913498044013977,0.3822886049747467,0.09367378056049347,0.016194943338632584,663,206
168,5600,16,0.7320853471755981,0.4061776399612427,-0.07738747447729111,0.9710105061531067,702,219
168,5600,17,0.6916275024414062,0.39940863847732544,0.09844408929347992,0.02676120214164257,663,215
168,5600,18,0.7347601056098938,0.42957159876823425,-0.09182367473840714,0.9531422853469849,705,231
168,5600,19,0.6951348781585693,0.38997623324394226,0.0860309973359108,0.0258339811116457,667,210
168,5600,20,0.7372356057167053,0.42961814999580383,-0.0888771042227745,0.9497659206390381,707,231
168,5600,21,0.6963446736335754,0.3937913179397583,0.08888284116983414,0.02378731407225132,668,212
168,5600,22,0.7360249161720276,0.4223780333995819,-0.07533247023820877,0.917607307434082,706,228
168,5600,23,0.6825907826423645,0.39028531312942505,0.055419791489839554,0.9999539852142334,655,210
168,5600,24,0.6969025135040283,0.39280280470848083,-0.05553608387708664,0.9999746680259705,669,212
168,5600,25,0.706729531288147,0.5065943598747253,0.11658049374818802,0.8201783895492554,678,273
168,5600,26,0.705902099609375,0.525676965713501,-0.06609918922185898,0.9887544512748718,677,283
168,5600,27,0.7024021744728088,0.6290355920791626,0.15418022871017456,0.9527145624160767,674,339
168,5600,28,0.6464496850967407,0.5991511940956116,-0.014586495235562325,0.9930511713027954,620,323
168,5600,29,0.6932584047317505,0.6543689370155334,0.15467603504657745,0.9515327215194702,665,353
168,5600,30,0.6318029165267944,0.5967994928359985,-0.00920460931956768,0.9676375389099121,606,322
168,5600,31,0.7334463596343994,0.6449354887008667,0.1294986605644226,0.9549671411514282,704,348
168,5600,32,0.646802544593811,0.661485493183136,-0.024545926600694656,0.987568199634552,620,357
169,5633,0,0.7210519313812256,0.15781693160533905,0.011677104979753494,0.9988031387329102,692,85
169,5633,1,0.7174397706985474,0.14686080813407898,0.011372593231499195,0.9983522891998291,688,79
169,5633,2,0.7154447436332703,0.1463284194469452,0.0112371314316988,0.9979270696640015,686,79
169,5633,3,0.7134231328964233,0.1459384709596634,0.011224588379263878,0.9984521269798279,684,78
169,5633,4,0.7209852933883667,0.14835438132286072,0.004076229874044657,0.9989889860153198,692,80
169,5633,5,0.7216147184371948,0.1487145870923996,0.003896583104506135,0.9990870356559753,692,80
169,5633,6,0.7223712801933289,0.14897409081459045,0.0038803359493613243,0.9993679523468018,693,80
169,5633,7,0.7063125371932983,0.15054206550121307,0.021004172042012215,0.9987386465072632,678,81
169,5633,8,0.7181756496429443,0.15359221398830414,-0.046331413090229034,0.9988405704498291,689,82
169,5633,9,0.7158649563789368,0.16940838098526,0.017293989658355713,0.9978061318397522,687,91
169,5633,10,0.7187699675559998,0.17079678177833557,0.002705188700929284,0.998388946056366,690,92
169,5633,11,0.6860081553459167,0.21783119440078735,0.07012949883937836,0.9997196793556213,658,117
169,5633,12,0.7100366353988647,0.22783257067203522,-0.09433020651340485,0.9999227523803711,681,123
169,5633,13,0.6852777004241943,0.3103746771812439,0.0874411016702652,0.02415912039577961,657,167
169,5633,14,0.71821129322052,0.3282357156276703,-0.10194801539182663,0.9915332794189453,689,177
169,5633,15,0.6967682242393494,0.3846105933189392,0.06889279186725616,0.01556894090026617,668,207
169,5633,16,0.7317793369293213,0.40687400102615356,-0.06626741588115692,0.9736387133598328,702,219
169,5633,17,0.6962743997573853,0.4001866281032562,0.07093086838722229,0.025804001837968826,668,216
169,5633,18,0.7349517941474915,0.4302707016468048,-0.07864043861627579,0.9571607708930969,705,232
169,5633,19,0.7003902196884155,0.3922329545021057,0.05830966308712959,0.024847229942679405,672,211
169,5633,20,0.7380569577217102,0.4302629232406616,-0.07820989191532135,0.9540908336639404,708,232
169,5633,21,0.7007333040237427,0.39396122097969055,0.06367382407188416,0.022901562973856926,672,212
169,5633,22,0.736636757850647,0.423235684633255,-0.06534138321876526,0.9244786500930786,707,228
169,5633,23,0.6848840117454529,0.39054927229881287,0.053452763706445694,0.9999575614929199,657,210
169,5633,24,0.6972430944442749,0.39283615350723267,-0.05358222872018814,0.9999768733978271,669,212
169,5633,25,0.7095277905464172,0.5089609622955322,0.10556237399578094,0.8224368691444397,681,274
169,5633,26,0.7075169682502747,0.5255612134933472,-0.06526320427656174,0.9897803664207458,679,283
169,5633,27,0.7017673254013062,0.6302857995033264,0.14096598327159882,0.9561784863471985,673,340
169,5633,28,0.6470620632171631,0.5989023447036743,-0.008990981616079807,0.9936348795890808,621,323
169,5633,29,0.6925069689750671,0.6562712788581848,0.1411697417497635,0.9548094272613525,664,354
169,5633,30,0.6327599883079529,0.5972475409507751,-0.003427013987675309,0.9699440598487854,607,322
169,5633,31,0.7330387234687805,0.646938145160675,0.1195736676454544,0.9579532146453857,703,349
169,5633,32,0.6465678811073303,0.659733772277832,-0.01620834320783615,0.9885746240615845,620,356
170,5666,0,0.7248266339302063,0.15714256465435028,0.011365965008735657,0.9988281726837158,695,84
170,5666,1,0.7224817276000977,0.14609749615192413,0.012325256131589413,0.9983161687850952,693,78
170,5666,2,0.7203903794288635,0.1455869823694229,0.012208400294184685,0.9978609681129456,691,78
170,5666,3,0.7182429432868958,0.145210862159729,0.012229169718921185,0.9983956813812256,689,78
170,5666,4,0.7266213893890381,0.14737452566623688,-0.0011606457410380244,0.9990066289901733,697,79
170,5666,5,0.7276201844215393,0.14765016734600067,-0.001336420769803226,0.9991163015365601,698,79
170,5666,6,0.7286846041679382,0.14782001078128815,-0.0013890820555388927,0.9993836283683777,699,79
170,5666,7,0.712101936340332,0.14939959347248077,0.02269500121474266,0.9987282752990723,683,80
170,5666,8,0.7275076508522034,0.15232793986797333,-0.04488908126950264,0.9988887310028076,698,82
170,5666,9,0.719711184501648,0.16815143823623657,0.018902335315942764,0.9977012276649475,690,90
170,5666,10,0.7235944271087646,0.1691521406173706,-0.0005408987053669989,0.9983753561973572,694,91
170,5666,11,0.6912679076194763,0.21609196066856384,0.07154657691717148,0.9997207522392273,663,116
170,5666,12,0.7172126770019531,0.22488291561603546,-0.09573467820882797,0.9999270439147949,688,121
170,5666,13,0.6914353966712952,0.3078736960887909,0.08765857666730881,0.023692455142736435,663,166
170,5666,14,0.7255153656005859,0.32613152265548706,-0.10560411959886551,0.9920598268508911,696,176
170,5666,15,0.7000911235809326,0.3844720423221588,0.06710431724786758,0.014500574208796024,672,207
170,5666,16,0.7342020869255066,0.4063665568828583,-0.059998735785484314,0.972949743270874,704,219
170,5666,17,0.7002277374267578,0.4010390043258667,0.06961160153150558,0.024057460948824883,672,216
170,5666,18,0.7368927597999573,0.4290250241756439,-0.07052239030599594,0.953894317150116,707,231
170,5666,19,0.7027455568313599,0.3917449116706848,0.05815032497048378,0.023118693381547928,674,211
170,5666,20,0.7388564348220825,0.4289518892765045,-0.06932752579450607,0.950587272644043,709,231
170,5666,21,0.704396665096283,0.39484038949012756,0.06219282001256943,0.021342523396015167,676,213
170,5666,22,0.7372609376907349,0.42201492190361023,-0.058654043823480606,0.9189232587814331,707,227
170,5666,23,0.6904340982437134,0.39026015996932983,0.054576270282268524,0.9999609589576721,662,210
170,5666,24,0.7048567533493042,0.39199841022491455,-0.054699257016181946,0.9999788403511047,676,211
170,5666,25,0.7072787880897522,0.5118858814239502,0.12096107006072998,0.8085602521896362,678,276
170,5666,26,0.7225515246391296,0.5249281525611877,-0.06541765481233597,0.9906441569328308,693,283
170,5666,27,0.7016209959983826,0.6311007142066956,0.1529262512922287,0.9568344950675964,673,340
170,5666,28,0.6677886247634888,0.595730185508728,-0.01795191504061222,0.9940195679664612,641,321
170,5666,29,0.6933157444000244,0.6560719609260559,0.1518847495317459,0.9555686712265015,665,354
170,5666,30,0.6522566080093384,0.593639612197876,-0.01297296304255724,0.9712551236152649,626,320
170,5666,31,0.7343690991401672,0.6463919878005981,0.14354144036769867,0.9571859836578369,704,349
170,5666,32,0.6656492948532104,0.6558997631072998,-0.020497487857937813,0.9891365766525269,639,354
171,5700,0,0.7284597754478455,0.1553453505039215,0.005821999628096819,0.9988964796066284,699,83
171,5700,1,0.7251819372177124,0.14424483478069305,0.007752145640552044,0.9983710646629333,696,77
171,5700,2,0.7231271862983704,0.1436436027288437,0.007634246256202459,0.997929573059082,694,77
171,5700,3,0.7209435105323792,0.1431821882724762,0.007665602490305901,0.9984346628189087,692,77
171,5700,4,0.7286167740821838,0.14579027891159058,-0.007235878147184849,0.9990600943565369,699,78
171,5700,5,0.729174792766571,0.1461242139339447,-0.00741454865783453,0.9991729259490967,700,78
171,5700,6,0.7298739552497864,0.1463538557291031,-0.007472993340343237,0.9994192123413086,700,79
171,5700,7,0.7129098773002625,0.1471896916627884,0.02146318182349205,0.9987769722938538,684,79
171,5700,8,0.7268199920654297,0.1510494500398636,-0.04786648601293564,0.9989638924598694,697,81
171,5700,9,0.7226398587226868,0.1668948531150818,0.014804153703153133,0.9977370500564575,693,90
171,5700,10,0.7259359359741211,0.16805769503116608,-0.006162512116134167,0.9984400868415833,696,90
171,5700,11,0.6906934380531311,0.21548882126808167,0.07164207845926285,0.9997240304946899,663,116
171,5700,12,0.7172558903694153,0.22323602437973022,-0.09767904132604599,0.9999317526817322,688,120
171,5700,13,0.6922499537467957,0.30707094073295593,0.08816377073526382,0.023484261706471443,664,165
171,5700,14,0.7269275784492493,0.3242673873901367,-0.10799462348222733,0.9926983714103699,697,175
171,5700,15,0.698846161365509,0.37744343280792236,0.07394398748874664,0.013689814135432243,670,203
171,5700,16,0.7347118258476257,0.4059978723526001,-0.059774354100227356,0.9746636152267456,705,219
171,5700,17,0.7000826597213745,0.40097036957740784,0.078177809715271,0.022716380655765533,672,216
171,5700,18,0.7374324202537537,0.4283507168292999,-0.07027380913496017,0.9560233354568481,707,231
171,5700,19,0.7033136487007141,0.39197659492492676,0.06615633517503738,0.02177439257502556,675,211
171,5700,20,0.7395836114883423,0.4285668730735779,-0.0683455839753151,0.9528918862342834,710,231
171,5700,21,0.7047094106674194,0.3950999975204468,0.06910548359155655,0.02015618234872818,676,213
171,5700,22,0.7378480434417725,0.4216966927051544,-0.058053672313690186,0.9223591089248657,708,227
171,5700,23,0.6919061541557312,0.38990363478660583,0.05599472299218178,0.9999635815620422,664,210
171,5700,24,0.7077081203460693,0.39144760370254517,-0.05612517520785332,0.9999804496765137,679,211
171,5700,25,0.7098619937896729,0.5107213854789734,0.13046815991401672,0.7973699569702148,681,275
171,5700,26,0.7235027551651001,0.524034321308136,-0.06378766149282455,0.99143385887146,694,282
171,5700,27,0.701344907283783,0.6315175890922546,0.16770826280117035,0.9577969908714294,673,341
171,5700,28,0.6680876016616821,0.5936093330383301,-0.015131531283259392,0.9944022297859192,641,320
171,5700,29,0.6938202381134033,0.6559093594551086,0.1679149568080902,0.9567010402679443,666,354
171,5700,30,0.6541315317153931,0.5922933220863342,-0.009903051890432835,0.972663938999176,627,319
171,5700,31,0.7337185144424438,0.6461560130119324,0.15979723632335663,0.9570348262786865,704,348
171,5700,32,0.6668745279312134,0.6526037454605103,-0.01733386516571045,0.9896958470344543,640,352
172,5733,0,0.7354344129562378,0.15290439128875732,0.003378621768206358,0.9989660382270813,706,82
172,5733,1,0.7329882979393005,0.14181630313396454,0.006331067066639662,0.9984506964683533,703,76
172,5733,2,0.7312900424003601,0.14132653176784515,0.00621797377243638,0.9980266690254211,702,76
172,5733,3,0.7295339107513428,0.140974223613739,0.006279585883021355,0.9985100030899048,700,76
172,5733,4,0.7361339330673218,0.1430215984582901,-0.009385582990944386,0.9991121888160706,706,77
172,5733,5,0.7367435693740845,0.14325189590454102,-0.009585163556039333,0.9992207884788513,707,77
172,5733,6,0.7374282479286194,0.14340513944625854,-0.009657834656536579,0.9994477033615112,707,77
172,5733,7,0.7222020626068115,0.14439009130001068,0.018655162304639816,0.9988536238670349,693,77
172,5733,8,0.7345576882362366,0.147518128156662,-0.04809148982167244,0.9990233778953552,705,79
172,5733,9,0.730027437210083,0.1635095477104187,0.013620712794363499,0.997810959815979,700,88
172,5733,10,0.7332112193107605,0.16424159705638885,-0.008262492716312408,0.9984926581382751,703,88
172,5733,11,0.698445737361908,0.21094828844070435,0.06686033308506012,0.999733030796051,670,113
172,5733,12,0.7249149084091187,0.21623973548412323,-0.09881072491407394,0.9999324679374695,695,116
172,5733,13,0.6971574425697327,0.30508357286453247,0.07815997302532196,0.02622278593480587,669,164
172,5733,14,0.7311761975288391,0.31950318813323975,-0.11649546772241592,0.9930150508880615,701,172
172,5733,15,0.7083425521850586,0.38062289357185364,0.05457257851958275,0.014481178484857082,680,205
172,5733,16,0.7366570234298706,0.40572190284729004,-0.07572954148054123,0.9715386033058167,707,219
172,5733,17,0.7096049189567566,0.4061312973499298,0.055782418698072433,0.023539822548627853,681,219
172,5733,18,0.7380849719047546,0.4279721975326538,-0.0843951478600502,0.9481023550033569,708,231
172,5733,19,0.7125740647315979,0.3996610641479492,0.04423176124691963,0.022440731525421143,684,215
172,5733,20,0.7388839721679688,0.4287063479423523,-0.085687555372715,0.9445357918739319,709,231
172,5733,21,0.7127619981765747,0.3959004282951355,0.04950907453894615,0.02070445939898491,684,213
172,5733,22,0.7373962998390198,0.42177170515060425,-0.07538626343011856,0.9113463163375854,707,227
172,5733,23,0.6980642080307007,0.3863478899002075,0.05607675760984421,0.999965488910675,670,208
172,5733,24,0.7145166397094727,0.38752105832099915,-0.05620396137237549,0.9999813437461853,685,209
172,5733,25,0.7104061245918274,0.5037734508514404,0.1344125121831894,0.7892530560493469,681,272
172,5733,26,0.73870450258255,0.5184669494628906,-0.06061724200844765,0.9920064210891724,709,279
172,5733,27,0.7013159394264221,0.6225605010986328,0.17160481214523315,0.9584213495254517,673,336
172,5733,28,0.6887495517730713,0.5896070003509521,-0.005000931676477194,0.9944851994514465,661,318
172,5733,29,0.6942213177680969,0.6440529227256775,0.1714760661125183,0.9570136070251465,666,347
172,5733,30,0.6723306179046631,0.5915679335594177,0.0008097198442555964,0.9727224707603455,645,319
172,5733,31,0.733578622341156,0.6450995802879333,0.16002514958381653,0.9562585353851318,704,348
172,5733,32,0.6878243088722229,0.6423090100288391,-0.0007483014487661421,0.989679753780365,660,346
173,5766,0,0.7369222044944763,0.15021607279777527,-0.02153095230460167,0.9990408420562744,707,81
173,5766,1,0.7338359951972961,0.1395103633403778,-0.018662838265299797,0.998553991317749,704,75
173,5766,2,0.7316413521766663,0.138962522149086,-0.018794778734445572,0.9981550574302673,702,75
173,5766,3,0.7298410534858704,0.13867953419685364,-0.01877775229513645,0.9986136555671692,700,74
173,5766,4,0.7364259362220764,0.14062486588954926,-0.03354393690824509,0.9991726875305176,706,75
173,5766,5,0.736746609210968,0.14087136089801788,-0.03370837867259979,0.9992731213569641,707,76
173,5766,6,0.7372342944145203,0.14106202125549316,-0.033757325261831284,0.9994819164276123,707,76
173,5766,7,0.7226456999778748,0.14221209287643433,-0.0011199607979506254,0.9989417195320129,693,76
173,5766,8,0.7328006625175476,0.14493031799793243,-0.06794468313455582,0.9990830421447754,703,78
173,5766,9,0.7312780022621155,0.161097452044487,-0.010798447765409946,0.9979432225227356,702,86
173,5766,10,0.7338826060295105,0.1619664579629898,-0.03144441172480583,0.9985759854316711,704,87
173,5766,11,0.702583372592926,0.20862974226474762,0.05387487635016441,0.9997469782829285,674,112
173,5766,12,0.7256394624710083,0.21431076526641846,-0.10909975320100784,0.999932050704956,696,115
173,5766,13,0.7047005891799927,0.3053753972053528,0.07332833111286163,0.03232363611459732,676,164
173,5766,14,0.7316123843193054,0.3189093768596649,-0.1270330250263214,0.9930382966995239,702,172
173,5766,15,0.7177169919013977,0.39199644327163696,0.05316241458058357,0.017017260193824768,689,211
173,5766,16,0.7386422753334045,0.4054296910762787,-0.08909020572900772,0.9680591225624084,709,218
173,5766,17,0.7185350656509399,0.4157733917236328,0.05469430610537529,0.02653433196246624,689,224
173,5766,18,0.7390835285186768,0.42757952213287354,-0.10042188316583633,0.9398819804191589,709,230
173,5766,19,0.7208814024925232,0.4147767424583435,0.042120181024074554,0.02518283575773239,692,223
173,5766,20,0.7399448752403259,0.42923876643180847,-0.1016496792435646,0.9359740018844604,710,231
173,5766,21,0.7209160327911377,0.4081282317638397,0.04784844070672989,0.023069489747285843,692,220
173,5766,22,0.738817572593689,0.42220109701156616,-0.08907243609428406,0.9002650380134583,709,227
173,5766,23,0.7001650333404541,0.3838198482990265,0.05635559931397438,0.9999663233757019,672,207
173,5766,24,0.7146860361099243,0.3866035044193268,-0.056483421474695206,0.9999814033508301,686,208
173,5766,25,0.7130258679389954,0.4999360144138336,0.1440373957157135,0.7674664258956909,684,269
173,5766,26,0.7399499416351318,0.5173031091690063,-0.05779458209872246,0.9921544790267944,710,279
173,5766,27,0.7010356187820435,0.6138988137245178,0.19341254234313965,0.9530514478683472,672,331
173,5766,28,0.6910388469696045,0.5909516215324402,0.013732329942286015,0.9937954545021057,663,319
173,5766,29,0.693703830242157,0.6326800584793091,0.1946953982114792,0.9515514969825745,665,341
173,5766,30,0.6749564409255981,0.5937023162841797,0.020861294120550156,0.9694787263870239,647,320
173,5766,31,0.7265655994415283,0.6416976451873779,0.1829698085784912,0.9480307102203369,697,346
173,5766,32,0.6896886825561523,0.6443676352500916,0.016148002818226814,0.9880485534667969,662,347
174,5800,0,0.7435280680656433,0.15071770548820496,-0.023287680000066757,0.9990462064743042,713,81
174,5800,1,0.7409082651138306,0.13961926102638245,-0.020128117874264717,0.998561680316925,711,75
174,5800,2,0.7389856576919556,0.13904666900634766,-0.02025442197918892,0.9981449842453003,709,75
174,5800,3,0.7370948195457458,0.13867147266864777,-0.02022518776357174,0.9986138343811035,707,74
174,5800,4,0.7442290186882019,0.14069527387619019,-0.03572870045900345,0.9991872310638428,714,75
174,5800,5,0.7448088526725769,0.14086832106113434,-0.03590473160147667,0.999289870262146,715,76
174,5800,6,0.7454676032066345,0.14100196957588196,-0.035956595093011856,0.9994984269142151,715,76
174,5800,7,0.7299671769142151,0.14223742485046387,-0.0012089589145034552,0.9989362955093384,700,76
174,5800,8,0.7427961826324463,0.1451297551393509,-0.07154752314090729,0.9991001486778259,713,78
174,5800,9,0.7386799454689026,0.16167522966861725,-0.0122442115098238,0.997941792011261,709,87
174,5800,10,0.7415616512298584,0.16252310574054718,-0.033726777881383896,0.9986077547073364,711,87
174,5800,11,0.7101778388023376,0.2080005556344986,0.051812633872032166,0.9997414946556091,681,112
174,5800,12,0.7345066666603088,0.21452125906944275,-0.109858937561512,0.9999353289604187,705,115
174,5800,13,0.7095900774002075,0.30455073714256287,0.07632113993167877,0.03192894905805588,681,164
174,5800,14,0.7375472784042358,0.3157098591327667,-0.1271727979183197,0.9924542307853699,708,170
174,5800,15,0.7203205823898315,0.3910812735557556,0.05654919892549515,0.01667911559343338,691,211
174,5800,16,0.7412478923797607,0.40396830439567566,-0.10062050819396973,0.969009280204773,711,218
174,5800,17,0.7208340764045715,0.4135386645793915,0.05819962918758392,0.025972891598939896,692,223
174,5800,18,0.7396640777587891,0.4271034598350525,-0.11348985135555267,0.941313624382019,710,230
174,5800,19,0.7244893908500671,0.4142129421234131,0.04512250795960426,0.02470717951655388,695,223
174,5800,20,0.7419852614402771,0.428627610206604,-0.1143217384815216,0.9374041557312012,712,231
174,5800,21,0.7247768640518188,0.4067659378051758,0.050953544676303864,0.022695865482091904,695,219
174,5800,22,0.7419353723526001,0.4194338917732239,-0.10051096230745316,0.9016262888908386,712,226
174,5800,23,0.7084969282150269,0.38561391830444336,0.0559663288295269,0.9999580383300781,680,208
174,5800,24,0.7231131792068481,0.38909223675727844,-0.05611075833439827,0.9999791979789734,694,210
174,5800,25,0.7243147492408752,0.49854227900505066,0.1364259123802185,0.7146052718162537,695,269
174,5800,26,0.7376759648323059,0.5121474862098694,-0.014532674103975296,0.9823158383369446,708,276
174,5800,27,0.7020120024681091,0.6021422147750854,0.1848899871110916,0.9030893445014954,673,325
174,5800,28,0.7026881575584412,0.6117987036705017,0.030475230887532234,0.9880423545837402,674,330
174,5800,29,0.6947561502456665,0.6165514588356018,0.18654827773571014,0.9086852669715881,666,332
174,5800,30,0.6927540898323059,0.6338545680046082,0.03374011069536209,0.950427234172821,665,342
174,5800,31,0.7135547995567322,0.632292628288269,0.17065057158470154,0.8988475203514099,685,341
174,5800,32,0.7238584160804749,0.6459164023399353,0.008761915378272533,0.9749711751937866,694,348
175,5833,0,0.7454671859741211,0.15056149661540985,-0.022198235616087914,0.9987952709197998,715,81
175,5833,1,0.7427712678909302,0.13936597108840942,-0.019117776304483414,0.9981825947761536,713,75
175,5833,2,0.7404603362083435,0.1387857049703598,-0.019252002239227295,0.9976767301559448,710,74
175,5833,3,0.7383695244789124,0.1384311467409134,-0.019224781543016434,0.9982843399047852,708,74
175,5833,4,0.7461239099502563,0.14040279388427734,-0.035313449800014496,0.998969316482544,716,75
175,5833,5,0.7466793060302734,0.1405826359987259,-0.03549029305577278,0.9991183876991272,716,75
175,5833,6,0.7473575472831726,0.1407564878463745,-0.035551413893699646,0.9993801116943359,717,76
175,5833,7,0.7310562133789062,0.14181920886039734,-9.141609916696325e-05,0.9987719058990479,701,76
175,5833,8,0.7433757781982422,0.14456135034561157,-0.07347173988819122,0.9989205598831177,713,78
175,5833,9,0.739897608757019,0.16152000427246094,-0.011141630820930004,0.9976197481155396,710,87
175,5833,10,0.7435168027877808,0.16256959736347198,-0.03341866284608841,0.9984041452407837,713,87
175,5833,11,0.7135123610496521,0.20657607913017273,0.05291527137160301,0.9997393488883972,684,111
175,5833,12,0.7363470792770386,0.2130548506975174,-0.11287116259336472,0.9999353289604187,706,115
175,5833,13,0.7129209041595459,0.3028547465801239,0.07340144366025925,0.0317811481654644,684,163
175,5833,14,0.7378789782524109,0.31261664628982544,-0.13072815537452698,0.9917466640472412,708,168
175,5833,15,0.7246161699295044,0.39106038212776184,0.050479430705308914,0.016908414661884308,695,211
175,5833,16,0.7409366965293884,0.4036557078361511,-0.10022015869617462,0.9678240418434143,711,217
175,5833,17,0.7250646948814392,0.4130359888076782,0.05303523689508438,0.026231475174427032,696,223
175,5833,18,0.7383261919021606,0.42699459195137024,-0.11227095872163773,0.9386383891105652,708,230
175,5833,19,0.7263706922531128,0.41341906785964966,0.03881516307592392,0.0249957162886858,697,223
175,5833,20,0.7416197657585144,0.4283035099506378,-0.11209038645029068,0.9343827962875366,711,231
175,5833,21,0.7285036444664001,0.4062688946723938,0.044384561479091644,0.022959833964705467,699,219
175,5833,22,0.7416461706161499,0.4195358157157898,-0.09954758733510971,0.8968582153320312,711,226
175,5833,23,0.7114201784133911,0.38588908314704895,0.0565793402493,0.99995356798172,682,208
175,5833,24,0.7254745364189148,0.389136403799057,-0.05673191696405411,0.9999775886535645,696,210
175,5833,25,0.7266303896903992,0.4921485483646393,0.14164979755878448,0.6681524515151978,697,265
175,5833,26,0.7472895383834839,0.5098938345909119,-0.016517335548996925,0.9789387583732605,717,275
175,5833,27,0.7051411867141724,0.5828793048858643,0.19033890962600708,0.87456214427948,676,314
175,5833,28,0.7064856886863708,0.6124514937400818,0.02545573003590107,0.9863648414611816,678,330
175,5833,29,0.6985208988189697,0.5946564674377441,0.19214792549610138,0.8840824961662292,670,321
175,5833,30,0.6974967122077942,0.6291491389274597,0.028561284765601158,0.9423864483833313,669,339
175,5833,31,0.7134317755699158,0.613379716873169,0.1769096553325653,0.8719088435173035,684,331
175,5833,32,0.7254159450531006,0.645937979221344,0.0034349889028817415,0.9708950519561768,696,348
176,5866,0,0.7561944723129272,0.15086936950683594,-0.020666591823101044,0.9988868832588196,725,81
176,5866,1,0.7538848519325256,0.13943688571453094,-0.017832886427640915,0.9983206987380981,723,75
176,5866,2,0.7523855566978455,0.1388813704252243,-0.017964670434594154,0.9978546500205994,722,74
176,5866,3,0.7507975101470947,0.13852393627166748,-0.01793704368174076,0.9984159469604492,720,74
176,5866,4,0.7560144662857056,0.14024080336093903,-0.03437713906168938,0.9990469217300415,725,75
176,5866,5,0.7560933232307434,0.14022968709468842,-0.03454891964793205,0.9991848468780518,725,75
176,5866,6,0.7563890814781189,0.14018765091896057,-0.034607693552970886,0.9994248151779175,726,75
176,5866,7,0.7426647543907166,0.1415814608335495,0.0012906582560390234,0.9988719820976257,712,76
176,5866,8,0.7529131174087524,0.14358334243297577,-0.07374092936515808,0.9990006685256958,722,77
176,5866,9,0.7512215971946716,0.16180044412612915,-0.009256192483007908,0.9977623820304871,721,87
176,5866,10,0.7533093094825745,0.16265544295310974,-0.031926825642585754,0.9984923601150513,723,87
176,5866,11,0.7184117436408997,0.20649830996990204,0.05538187175989151,0.9997406005859375,689,111
176,5866,12,0.7441101670265198,0.21131370961666107,-0.11185584962368011,0.9999309182167053,714,114
176,5866,13,0.7160881757736206,0.3029405176639557,0.07594744861125946,0.03359885513782501,687,163
176,5866,14,0.7461922764778137,0.3135262131690979,-0.12864439189434052,0.9909661412239075,716,169
176,5866,15,0.7267744541168213,0.3824354112148285,0.05340862274169922,0.0167219378054142,697,206
176,5866,16,0.7467027902603149,0.39951545000076294,-0.09486524760723114,0.9522237777709961,716,215
176,5866,17,0.7262612581253052,0.41090643405914307,0.05566893517971039,0.02593754045665264,697,221
176,5866,18,0.7467510104179382,0.4223991930484772,-0.1027054712176323,0.9149963855743408,716,228
176,5866,19,0.7297653555870056,0.4121108055114746,0.04180275648832321,0.02473185956478119,700,222
176,5866,20,0.7450109720230103,0.42275339365005493,-0.10390393435955048,0.9097501635551453,715,228
176,5866,21,0.7307447195053101,0.4036809504032135,0.0474516823887825,0.02283264510333538,701,217
176,5866,22,0.745820939540863,0.41272658109664917,-0.09456158429384232,0.8677992224693298,715,222
176,5866,23,0.7138549089431763,0.3889303207397461,0.056702323257923126,0.9999544620513916,685,210
176,5866,24,0.7325479388237,0.39093637466430664,-0.05685810372233391,0.9999775290489197,703,211
176,5866,25,0.7217671275138855,0.5058285593986511,0.14786742627620697,0.6804184317588806,692,273
176,5866,26,0.7640276551246643,0.5102042555809021,-0.01729089580476284,0.9802321195602417,733,275
176,5866,27,0.7058714628219604,0.6016547083854675,0.1981281340122223,0.8828734755516052,677,324
176,5866,28,0.7167009711265564,0.6131917238235474,0.03792697563767433,0.9870697259902954,688,331
176,5866,29,0.6981545686721802,0.6244168281555176,0.19992150366306305,0.8908460140228271,670,337
176,5866,30,0.7060456871986389,0.6307134032249451,0.0425582192838192,0.9444477558135986,677,340
176,5866,31,0.7176200151443481,0.6243358254432678,0.1865161806344986,0.8788242340087891,688,337
176,5866,32,0.7378382086753845,0.6462512016296387,0.02645508199930191,0.972066342830658,708,348
177,5900,0,0.7566865086555481,0.1509460210800171,-0.02536151185631752,0.9989407658576965,726,81
177,5900,1,0.7537316083908081,0.13953664898872375,-0.020543035119771957,0.9983857870101929,723,75
177,5900,2,0.7515817284584045,0.1389402449131012,-0.020674778148531914,0.9979560971260071,721,75
177,5900,3,0.7496731281280518,0.13855430483818054,-0.020645009353756905,0.9984830617904663,719,74
177,5900,4,0.7562398910522461,0.14043939113616943,-0.03841974213719368,0.9990816116333008,725,75
177,5900,5,0.7564640641212463,0.14047254621982574,-0.03859955817461014,0.9992215037345886,726,75
177,5900,6,0.7563656568527222,0.14044608175754547,-0.03866835683584213,0.9994431734085083,726,75
177,5900,7,0.7417336702346802,0.14162124693393707,0.0019927623216062784,0.9989351630210876,712,76
177,5900,8,0.7511412501335144,0.14392633736133575,-0.07457234710454941,0.9990482926368713,721,77
177,5900,9,0.7514067888259888,0.16180597245693207,-0.01117636263370514,0.9978363513946533,721,87
177,5900,10,0.7536138296127319,0.16275019943714142,-0.0356639064848423,0.9985365271568298,723,87
177,5900,11,0.7227892279624939,0.20581911504268646,0.06250931322574615,0.9997402429580688,693,111
177,5900,12,0.7434736490249634,0.21186091005802155,-0.11298651248216629,0.999927818775177,713,114
177,5900,13,0.7227684259414673,0.29735833406448364,0.08145561069250107,0.039960674941539764,693,160
177,5900,14,0.7453984022140503,0.31213873624801636,-0.13842469453811646,0.9910284876823425,715,168
177,5900,15,0.737014651298523,0.3711564242839813,0.052923381328582764,0.021995127201080322,707,200
177,5900,16,0.7470470070838928,0.3919467031955719,-0.11598548293113708,0.953696072101593,717,211
177,5900,17,0.7385480999946594,0.3910066485404968,0.05448005348443985,0.03332521393895149,709,211
177,5900,18,0.745220422744751,0.41558152437210083,-0.13047751784324646,0.9173511266708374,715,224
177,5900,19,0.7400488257408142,0.3929959833621979,0.03853646293282509,0.0322699099779129,710,212
177,5900,20,0.746766984462738,0.4154234230518341,-0.1280827671289444,0.9122179746627808,716,224
177,5900,21,0.742905855178833,0.3918747305870056,0.045877449214458466,0.03007430210709572,713,211
177,5900,22,0.74879390001297,0.40965625643730164,-0.11472831666469574,0.8707252740859985,718,221
177,5900,23,0.7171222567558289,0.3890399634838104,0.0571715347468853,0.9999527931213379,688,210
177,5900,24,0.7334036231040955,0.39106616377830505,-0.05732416734099388,0.9999762177467346,704,211
177,5900,25,0.7185941338539124,0.5088754296302795,0.1290222853422165,0.6931865811347961,689,274
177,5900,26,0.7575069665908813,0.5095347166061401,-0.026158718392252922,0.9813039898872375,727,275
177,5900,27,0.7066704630851746,0.6078305840492249,0.17097385227680206,0.8906008005142212,678,328
177,5900,28,0.7177070379257202,0.6130180358886719,0.028368014842271805,0.9877985119819641,688,331
177,5900,29,0.697924792766571,0.6320987343788147,0.17217588424682617,0.8967688083648682,670,341
177,5900,30,0.7064887285232544,0.6305952668190002,0.03330389782786369,0.9470270872116089,678,340
177,5900,31,0.7130581140518188,0.644127368927002,0.15296688675880432,0.8862338662147522,684,347
177,5900,32,0.7367697358131409,0.648400604724884,0.017559342086315155,0.9734969139099121,707,350
178,5933,0,0.7604716420173645,0.15178903937339783,-0.021735552698373795,0.9989343285560608,730,81
178,5933,1,0.7581164240837097,0.13999074697494507,-0.02034362405538559,0.9983299970626831,727,75
178,5933,2,0.7558882832527161,0.1391027569770813,-0.020467454567551613,0.9978862404823303,725,75
178,5933,3,0.7535328269004822,0.1385878175497055,-0.02045101672410965,0.998416006565094,723,74
178,5933,4,0.7624414563179016,0.14119985699653625,-0.03827332705259323,0.9990696310997009,731,76
178,5933,5,0.7633399367332458,0.14122088253498077,-0.038485780358314514,0.9992283582687378,732,76
178,5933,6,0.7642071843147278,0.14126171171665192,-0.03856596723198891,0.9994489550590515,733,76
178,5933,7,0.7468562722206116,0.14165204763412476,0.001371664460748434,0.9988688230514526,716,76
178,5933,8,0.7622607350349426,0.1457316130399704,-0.07341719418764114,0.999056875705719,731,78
178,5933,9,0.7551272511482239,0.16213233768939972,-0.010509348474442959,0.9977315068244934,724,87
178,5933,10,0.7587118148803711,0.16335201263427734,-0.03449657931923866,0.9985209107398987,728,88
178,5933,11,0.7249199748039246,0.20611780881881714,0.05869300290942192,0.9997095465660095,695,111
178,5933,12,0.7525874376296997,0.21195338666439056,-0.11259598284959793,0.999931275844574,722,114
178,5933,13,0.7200327515602112,0.2982342541217804,0.08309641480445862,0.03889543563127518,691,161
178,5933,14,0.7515549063682556,0.3126588761806488,-0.13570091128349304,0.991562008857727,721,168
178,5933,15,0.730972409248352,0.3738487660884857,0.06731673330068588,0.02079007960855961,701,201
178,5933,16,0.7531057000160217,0.3985360264778137,-0.11765693128108978,0.9570689797401428,722,215
178,5933,17,0.7313970923423767,0.39219772815704346,0.06985259801149368,0.03158364072442055,702,211
178,5933,18,0.750413715839386,0.42206016182899475,-0.13242435455322266,0.9229941964149475,720,227
178,5933,19,0.7352283000946045,0.4006044566631317,0.05366097390651703,0.03058607690036297,705,216
178,5933,20,0.754503071308136,0.4252272844314575,-0.13294614851474762,0.9181999564170837,724,229
178,5933,21,0.7366933226585388,0.3955904245376587,0.06061751767992973,0.02852782793343067,707,213
178,5933,22,0.75528883934021,0.41604217886924744,-0.11736118048429489,0.8784916996955872,725,224
178,5933,23,0.7229129672050476,0.39035725593566895,0.056530967354774475,0.9999525547027588,693,210
178,5933,24,0.7430644631385803,0.3926580250263214,-0.05669514089822769,0.9999769330024719,713,212
178,5933,25,0.721606433391571,0.5085927248001099,0.12777286767959595,0.6959033608436584,692,274
178,5933,26,0.7708534002304077,0.5075064301490784,-0.017141783609986305,0.9806850552558899,740,274
178,5933,27,0.7067448496818542,0.6168390512466431,0.1709420382976532,0.8948667645454407,678,333
178,5933,28,0.7421649694442749,0.6176750659942627,0.03574260696768761,0.9877064824104309,712,333
178,5933,29,0.6990863084793091,0.6411643028259277,0.17238618433475494,0.9012665748596191,671,346
178,5933,30,0.7320751547813416,0.6423073410987854,0.03999856859445572,0.9476664066314697,702,346
178,5933,31,0.7243784666061401,0.645125150680542,0.1544378101825714,0.8880397081375122,695,348
178,5933,32,0.7733175158500671,0.6499876379966736,0.020678309723734856,0.9722476005554199,742,350
179,5966,0,0.7608116865158081,0.15181823074817657,-0.01893547922372818,0.9989879131317139,730,81
179,5966,1,0.758188009262085,0.1400391161441803,-0.018410921096801758,0.9983968734741211,727,75
179,5966,2,0.7557104229927063,0.13920067250728607,-0.018526168540120125,0.9979740977287292,725,75
179,5966,3,0.7533302307128906,0.1387145221233368,-0.018493197858333588,0.9984737634658813,723,74
179,5966,4,0.7622240781784058,0.14121752977371216,-0.03593657165765762,0.9991124868392944,731,76
179,5966,5,0.7631773352622986,0.14128166437149048,-0.0361650213599205,0.9992712140083313,732,76
179,5966,6,0.7642012238502502,0.1413601040840149,-0.03624899312853813,0.9994785785675049,733,76
179,5966,7,0.7463060021400452,0.14181940257549286,0.0023330694530159235,0.9989086389541626,716,76
179,5966,8,0.7617751359939575,0.14581657946109772,-0.07235448062419891,0.9991099238395691,731,78
179,5966,9,0.7555385231971741,0.1621776968240738,-0.008334832265973091,0.9978064298629761,725,87
179,5966,10,0.7596350312232971,0.16346341371536255,-0.03188852220773697,0.9985855221748352,729,88
179,5966,11,0.7255540490150452,0.20639728009700775,0.058911990374326706,0.9997019171714783,696,111
179,5966,12,0.7542600035667419,0.21250051259994507,-0.11211466044187546,0.9999350309371948,724,114
179,5966,13,0.7211839556694031,0.2990488111972809,0.09131967276334763,0.03878207877278328,692,161
179,5966,14,0.7536070942878723,0.31323254108428955,-0.1346760392189026,0.9920147061347961,723,169
179,5966,15,0.7313550114631653,0.37527889013290405,0.08129583299160004,0.020197207108139992,702,202
179,5966,16,0.7556607723236084,0.40049633383750916,-0.12027648091316223,0.9600604176521301,725,216
179,5966,17,0.7310956120491028,0.39616140723228455,0.0847097784280777,0.030772896483540535,701,213
179,5966,18,0.7536056041717529,0.4238346219062805,-0.13605880737304688,0.9280257821083069,723,228
179,5966,19,0.7353322505950928,0.4029850363731384,0.06849933415651321,0.02982310950756073,705,217
179,5966,20,0.7570928931236267,0.4271329939365387,-0.13605496287345886,0.9234959483146667,726,230
179,5966,21,0.7367101907730103,0.3968749940395355,0.0747629702091217,0.027862442657351494,707,214
179,5966,22,0.7571372389793396,0.41825735569000244,-0.11994986236095428,0.885407030582428,726,225
179,5966,23,0.7223871350288391,0.3904443383216858,0.056481823325157166,0.999953031539917,693,210
179,5966,24,0.7432056665420532,0.3933866024017334,-0.056647323071956635,0.999977707862854,713,212
179,5966,25,0.7200309634208679,0.5083727240562439,0.126753568649292,0.7028919458389282,691,274
179,5966,26,0.7717254757881165,0.5076256394386292,-0.015583743341267109,0.9806984663009644,740,274
179,5966,27,0.7065075635910034,0.6219046115875244,0.1687162071466446,0.8999537825584412,678,335
179,5966,28,0.7446933388710022,0.6211458444595337,0.03711317479610443,0.9879038333892822,714,335
179,5966,29,0.699023425579071,0.6456354856491089,0.17009344696998596,0.9057791829109192,671,348
179,5966,30,0.7353551983833313,0.645094096660614,0.04122241586446762,0.9489006400108337,705,348
179,5966,31,0.7248741984367371,0.646095871925354,0.15170235931873322,0.8917813897132874,695,348
179,5966,32,0.7755215764045715,0.6502962112426758,0.01864960603415966,0.9719904065132141,744,351
180,6000,0,0.7651616334915161,0.15184137225151062,-0.010331811383366585,0.9990614056587219,734,81
180,6000,1,0.7630497217178345,0.140114426612854,-0.013414793647825718,0.9985231161117554,732,75
180,6000,2,0.7609683871269226,0.1392725557088852,-0.013527171686291695,0.9981318116188049,730,75
180,6000,3,0.7587301731109619,0.13878439366817474,-0.013471631333231926,0.9985931515693665,728,74
180,6000,4,0.7680853009223938,0.14125077426433563,-0.027296192944049835,0.9991827607154846,737,76
180,6000,5,0.7695531249046326,0.14138150215148926,-0.027508126571774483,0.9993295669555664,738,76
180,6000,6,0.7710444927215576,0.1415429264307022,-0.027563398703932762,0.9995211958885193,740,76
180,6000,7,0.7535778880119324,0.1421833336353302,-0.003917986992746592,0.9989920258522034,723,76
180,6000,8,0.7702268362045288,0.1465403437614441,-0.07175891101360321,0.9991815686225891,739,79
180,6000,9,0.7608281970024109,0.16224060952663422,-0.0043296245858073235,0.9979726672172546,730,87
180,6000,10,0.7651100158691406,0.16353702545166016,-0.0235881544649601,0.9986919164657593,734,88
180,6000,11,0.7322136163711548,0.20673035085201263,0.04537283629179001,0.9997120499610901,702,111
180,6000,12,0.7605872750282288,0.21375520527362823,-0.10220940411090851,0.999938428401947,730,115
180,6000,13,0.725760817527771,0.29982420802116394,0.08177646994590759,0.03976194187998772,696,161
180,6000,14,0.7621920704841614,0.3143494427204132,-0.11021676659584045,0.9914780259132385,731,169
180,6000,15,0.7357940077781677,0.37518560886383057,0.07588806003332138,0.019439419731497765,706,202
180,6000,16,0.7639449834823608,0.3981188237667084,-0.08096073567867279,0.9585170149803162,733,214
180,6000,17,0.7361029982566833,0.3954492211341858,0.07901719957590103,0.029650915414094925,706,213
180,6000,18,0.7611719965934753,0.4210313856601715,-0.09086258709430695,0.9256296157836914,730,227
180,6000,19,0.7417107820510864,0.3991064131259918,0.06422536820173264,0.028689544647932053,712,215
180,6000,20,0.7626166939735413,0.42388615012168884,-0.0937688872218132,0.9204082489013672,732,228
180,6000,21,0.7416868805885315,0.3970646560192108,0.06988174468278885,0.026773948222398758,712,214
180,6000,22,0.7631705403327942,0.41547584533691406,-0.08125267177820206,0.8797358274459839,732,224
180,6000,23,0.7261556386947632,0.39416712522506714,0.05063917860388756,0.9999562501907349,697,212
180,6000,24,0.7492266297340393,0.3963870108127594,-0.05080893263220787,0.9999793171882629,719,214
180,6000,25,0.7209891080856323,0.5093823671340942,0.12757757306098938,0.7240472435951233,692,275
180,6000,26,0.7762362360954285,0.5081889629364014,0.015245283953845501,0.9812785983085632,745,274
180,6000,27,0.706281304359436,0.6228684186935425,0.17039786279201508,0.9082015156745911,678,336
180,6000,28,0.7677717208862305,0.6268818378448486,0.06472843140363693,0.9886612892150879,737,338
180,6000,29,0.6988004446029663,0.6469180583953857,0.17197608947753906,0.9128372669219971,670,349
180,6000,30,0.758375346660614,0.6534938216209412,0.0678555816411972,0.9521688222885132,728,352
180,6000,31,0.7261981964111328,0.6454118490219116,0.1528668850660324,0.8993038535118103,697,348
180,6000,32,0.7992684245109558,0.6504233479499817,0.038760408759117126,0.9731058478355408,767,351
181,6033,0,0.76923006772995,0.1521494835615158,-0.010387226939201355,0.999122679233551,738,82
181,6033,1,0.7663507461547852,0.14063981175422668,-0.0137065090239048,0.9986218810081482,735,75
181,6033,2,0.7641671895980835,0.13986922800540924,-0.013825216330587864,0.9982616901397705,733,75
181,6033,3,0.7617911100387573,0.13940878212451935,-0.013771160505712032,0.9986914992332458,731,75
181,6033,4,0.7708982825279236,0.141927108168602,-0.028232639655470848,0.9992364048957825,740,76
181,6033,5,0.7721145749092102,0.14219917356967926,-0.028437038883566856,0.9993763566017151,741,76
181,6033,6,0.7734344601631165,0.14254948496818542,-0.02848801203072071,0.9995541572570801,742,76
181,6033,7,0.754864513874054,0.14256282150745392,-0.00576449790969491,0.9990615844726562,724,76
181,6033,8,0.7723588347434998,0.14785654842853546,-0.07553371787071228,0.9992358684539795,741,79
181,6033,9,0.7645493745803833,0.1624009907245636,-0.00462687760591507,0.9981144666671753,733,87
181,6033,10,0.7687880992889404,0.1641998142004013,-0.024555381387472153,0.9987801909446716,738,88
181,6033,11,0.7354801297187805,0.20687003433704376,0.046337828040122986,0.9997280836105347,706,111
181,6033,12,0.7622489333152771,0.21399585902690887,-0.10636433959007263,0.9999417066574097,731,115
181,6033,13,0.7303048968315125,0.30147987604141235,0.07747939974069595,0.041034601628780365,701,162
181,6033,14,0.7639934420585632,0.3143887221813202,-0.11248218268156052,0.9912505149841309,733,169
181,6033,15,0.7374748587608337,0.375243216753006,0.0614432618021965,0.01936245709657669,707,202
181,6033,16,0.7659987807273865,0.3975832760334015,-0.0922054722905159,0.9582930207252502,735,214
181,6033,17,0.7374364137649536,0.40155982971191406,0.06296922266483307,0.029506700113415718,707,216
181,6033,18,0.7633984088897705,0.42097774147987366,-0.10385484993457794,0.9255038499832153,732,227
181,6033,19,0.7415893077850342,0.4034813344478607,0.04797859862446785,0.02853810414671898,711,217
181,6033,20,0.7644445300102234,0.42387956380844116,-0.1068468764424324,0.9199067950248718,733,228
181,6033,21,0.742766797542572,0.39869263768196106,0.055285241454839706,0.02648988924920559,713,215
181,6033,22,0.7645788788795471,0.41547757387161255,-0.09263979643583298,0.8773671984672546,733,224
181,6033,23,0.7279673218727112,0.39429426193237305,0.05139034241437912,0.9999588131904602,698,212
181,6033,24,0.7512242197990417,0.39676910638809204,-0.051553502678871155,0.9999805688858032,721,214
181,6033,25,0.7221574783325195,0.5090784430503845,0.12070225924253464,0.7355003952980042,693,274
181,6033,26,0.7781108617782593,0.5070890188217163,0.008277863264083862,0.981054961681366,746,273
181,6033,27,0.7061758041381836,0.623852014541626,0.1614840179681778,0.913981020450592,677,336
181,6033,28,0.7703084945678711,0.6276120543479919,0.060987308621406555,0.9890343546867371,739,338
181,6033,29,0.6985346674919128,0.6480438113212585,0.1626279056072235,0.917753279209137,670,349
181,6033,30,0.7605430483818054,0.6534407138824463,0.06445057690143585,0.954247772693634,730,352
181,6033,31,0.7271539568901062,0.6451297402381897,0.1394466757774353,0.9042091965675354,698,348
181,6033,32,0.8009598851203918,0.6502509117126465,0.035558607429265976,0.9731546640396118,768,351
182,6066,0,0.7798253297805786,0.1565801203250885,-0.014903584495186806,0.9991907477378845,748,84
182,6066,1,0.7773750424385071,0.14385466277599335,-0.015718067064881325,0.99872887134552,746,77
182,6066,2,0.7753270864486694,0.14286555349826813,-0.01583980955183506,0.9983999133110046,744,77
182,6066,3,0.7731584906578064,0.14205068349838257,-0.01578453555703163,0.9987897276878357,742,76
182,6066,4,0.7810705304145813,0.14512214064598083,-0.03122084029018879,0.9992973804473877,749,78
182,6066,5,0.7817461490631104,0.145113006234169,-0.03142096847295761,0.9994290471076965,750,78
182,6066,6,0.7824547290802002,0.14515474438667297,-0.031481269747018814,0.9995915293693542,751,78
182,6066,7,0.7660028338432312,0.1441037356853485,-0.0037751873023808002,0.9991329312324524,735,77
182,6066,8,0.7794405221939087,0.14905337989330292,-0.07469750195741653,0.9993025064468384,748,80
182,6066,9,0.7742919325828552,0.16647741198539734,-0.005817432887852192,0.9982529878616333,743,89
182,6066,10,0.7775666117668152,0.16756770014762878,-0.026980796828866005,0.9988762140274048,746,90
182,6066,11,0.7413385510444641,0.2069883793592453,0.04712971672415733,0.999731719493866,711,111
182,6066,12,0.7690694332122803,0.21415910124778748,-0.10639122128486633,0.9999458193778992,738,115
182,6066,13,0.7346351742744446,0.30156210064888,0.07978815585374832,0.041528332978487015,705,162
182,6066,14,0.768149197101593,0.3146394193172455,-0.11812187731266022,0.99177485704422,737,169
182,6066,15,0.7425324320793152,0.3758626878261566,0.06256204098463058,0.019749410450458527,712,202
182,6066,16,0.7694965600967407,0.3976208567619324,-0.10352914780378342,0.9618726968765259,738,214
182,6066,17,0.7417944073677063,0.40027257800102234,0.06454766541719437,0.031007742509245872,712,216
182,6066,18,0.7661029100418091,0.4209914207458496,-0.11770971119403839,0.9319282174110413,735,227
182,6066,19,0.7476664781570435,0.4018826484680176,0.048066627234220505,0.03011251427233219,717,217
182,6066,20,0.7690388560295105,0.42424899339675903,-0.11699939519166946,0.9267582297325134,738,229
182,6066,21,0.7488106489181519,0.399324506521225,0.05588960275053978,0.027896098792552948,718,215
182,6066,22,0.7700361013412476,0.41547203063964844,-0.10257267206907272,0.8875676393508911,739,224
182,6066,23,0.7331456542015076,0.3981613218784332,0.05143389478325844,0.9999602437019348,703,215
182,6066,24,0.7563256025314331,0.3983100652694702,-0.051604628562927246,0.9999816417694092,726,215
182,6066,25,0.7233752608299255,0.5121931433677673,0.12149941176176071,0.7501924633979797,694,276
182,6066,26,0.7858604788780212,0.5074054002761841,0.014034522697329521,0.9818140268325806,754,273
182,6066,27,0.7063120007514954,0.623892068862915,0.1740647703409195,0.9198487997055054,678,336
182,6066,28,0.7908585071563721,0.6290595531463623,0.06632662564516068,0.9897764921188354,759,339
182,6066,29,0.6985203623771667,0.647876501083374,0.17682021856307983,0.9232949614524841,670,349
182,6066,30,0.785205602645874,0.6536440849304199,0.06980597227811813,0.9579302668571472,753,352
182,6066,31,0.7270209193229675,0.6447610855102539,0.1554725021123886,0.9100238084793091,697,348
182,6066,32,0.8238478302955627,0.6395678520202637,0.04140069708228111,0.9745122194290161,790,345
183,6100,0,0.7822604775428772,0.1579863429069519,-0.024992726743221283,0.9992407560348511,750,85
183,6100,1,0.7796045541763306,0.14515374600887299,-0.02284095250070095,0.9988160729408264,748,78
183,6100,2,0.7774771451950073,0.14411824941635132,-0.02297319658100605,0.9985108971595764,746,77
183,6100,3,0.7752684354782104,0.1432453840970993,-0.02292158082127571,0.9988747835159302,744,77
183,6100,4,0.7830231189727783,0.14659903943538666,-0.040398404002189636,0.9993451237678528,751,79
183,6100,5,0.7835702896118164,0.14664889872074127,-0.04059068113565445,0.9994686841964722,752,79
183,6100,6,0.7841856479644775,0.14676769077777863,-0.040652211755514145,0.9996203780174255,752,79
183,6100,7,0.7670398950576782,0.14482390880584717,-0.00417602201923728,0.9991923570632935,736,78
183,6100,8,0.7799637913703918,0.1500144749879837,-0.08253136277198792,0.9993506073951721,748,81
183,6100,9,0.776620626449585,0.16776253283023834,-0.01254948414862156,0.9983717203140259,745,90
183,6100,10,0.7798130512237549,0.16915103793144226,-0.036642447113990784,0.9989525079727173,748,91
183,6100,11,0.7438691854476929,0.207303985953331,0.048346783965826035,0.9997402429580688,714,111
183,6100,12,0.7694510221481323,0.21434226632118225,-0.11609823256731033,0.9999471306800842,738,115
183,6100,13,0.7415552139282227,0.30408570170402527,0.08083320409059525,0.042456746101379395,711,164
183,6100,14,0.7697247862815857,0.3149656653404236,-0.1383245438337326,0.9913545250892639,738,170
183,6100,15,0.7495132088661194,0.3760139048099518,0.05834789201617241,0.020324911922216415,719,203
183,6100,16,0.770648717880249,0.3975744843482971,-0.1179838553071022,0.961688220500946,739,214
183,6100,17,0.7507783770561218,0.4030244052410126,0.060054000467061996,0.03207019716501236,720,217
183,6100,18,0.76651531457901,0.421364963054657,-0.13258512318134308,0.9316452741622925,735,227
183,6100,19,0.7547219395637512,0.4034002125263214,0.043469708412885666,0.03122926503419876,724,217
183,6100,20,0.7690658569335938,0.42440399527549744,-0.1318417191505432,0.9260454177856445,738,229
183,6100,21,0.755326509475708,0.39461827278137207,0.051286373287439346,0.02884758822619915,725,213
183,6100,22,0.7701321840286255,0.41560298204421997,-0.11697766184806824,0.8855249285697937,739,224
183,6100,23,0.7371034026145935,0.39904817938804626,0.05241183936595917,0.999961793422699,707,215
183,6100,24,0.757025957107544,0.3990839123725891,-0.052599772810935974,0.9999823570251465,726,215
183,6100,25,0.7243843078613281,0.5122573375701904,0.13051728904247284,0.7572419047355652,695,276
183,6100,26,0.7854440212249756,0.5084658265113831,0.015636421740055084,0.9804413318634033,754,274
183,6100,27,0.7069815993309021,0.6236734390258789,0.18828511238098145,0.9223807454109192,678,336
183,6100,28,0.7911697626113892,0.6288167238235474,0.07634374499320984,0.9896821975708008,759,339
183,6100,29,0.6986680626869202,0.647476315498352,0.19103027880191803,0.924584686756134,670,349
183,6100,30,0.7860928177833557,0.6523134708404541,0.08032725006341934,0.959018886089325,754,352
183,6100,31,0.7268603444099426,0.6440276503562927,0.16597075760364532,0.9109437465667725,697,347
183,6100,32,0.8238426446914673,0.6378036141395569,0.047774359583854675,0.973023533821106,790,344
184,6133,0,0.7867392301559448,0.15926755964756012,-0.024307001382112503,0.9992599487304688,755,86
184,6133,1,0.7855217456817627,0.14698787033557892,-0.021308885887265205,0.9988663792610168,754,79
184,6133,2,0.7840160727500916,0.14618225395679474,-0.021448928862810135,0.9985784292221069,752,78
184,6133,3,0.7823485732078552,0.14550648629665375,-0.02138727903366089,0.9989266991615295,751,78
184,6133,4,0.7881483435630798,0.14820747077465057,-0.03890657052397728,0.9993666410446167,756,80
184,6133,5,0.788661777973175,0.14823955297470093,-0.03912338986992836,0.9994887113571167,757,80
184,6133,6,0.7892380356788635,0.1482810229063034,-0.039202846586704254,0.9996357560157776,757,80
184,6133,7,0.774745762348175,0.14819610118865967,0.0017777481116354465,0.9992187023162842,743,80
184,6133,8,0.7864904403686523,0.1517360657453537,-0.07447291165590286,0.9993680715560913,755,81
184,6133,9,0.7822109460830688,0.1688537299633026,-0.010743667371571064,0.9983924627304077,750,91
184,6133,10,0.7848770022392273,0.17000266909599304,-0.03474362939596176,0.9989579916000366,753,91
184,6133,11,0.7524203062057495,0.2095186412334442,0.06159636750817299,0.9997210502624512,722,113
184,6133,12,0.7762606143951416,0.21461527049541473,-0.10720102488994598,0.9999440908432007,745,115
184,6133,13,0.7549018263816833,0.30386924743652344,0.09366132318973541,0.04196956753730774,724,164
184,6133,14,0.7770246267318726,0.3142067790031433,-0.13086622953414917,0.9903658628463745,745,169
184,6133,15,0.7754906415939331,0.3751436173915863,0.06732121855020523,0.02062160335481167,744,202
184,6133,16,0.7867177724838257,0.3830886483192444,-0.10953183472156525,0.9614405035972595,755,206
184,6133,17,0.7777175903320312,0.3931402564048767,0.07079695165157318,0.032661307603120804,746,212
184,6133,18,0.7899690866470337,0.3963218331336975,-0.12246324121952057,0.9319937229156494,758,214
184,6133,19,0.7817912697792053,0.3940822184085846,0.05357598140835762,0.031799156218767166,750,212
184,6133,20,0.7908220887184143,0.39374756813049316,-0.11621138453483582,0.9258728623390198,759,212
184,6133,21,0.7815335392951965,0.38799962401390076,0.05994676053524017,0.02946484461426735,750,209
184,6133,22,0.7886222004890442,0.38786089420318604,-0.10574974119663239,0.8843493461608887,757,209
184,6133,23,0.7415115833282471,0.39837849140167236,0.05226511508226395,0.9999626278877258,711,215
184,6133,24,0.7632665038108826,0.3990156948566437,-0.052455637603998184,0.9999825954437256,732,215
184,6133,25,0.7300434112548828,0.5108867883682251,0.11583838611841202,0.7646605372428894,700,275
184,6133,26,0.7881633639335632,0.508908212184906,0.020122619345784187,0.9785870909690857,756,274
184,6133,27,0.707426130771637,0.6215112805366516,0.15293458104133606,0.9249405860900879,679,335
184,6133,28,0.806158721446991,0.6286095976829529,0.06806198507547379,0.9897825121879578,773,339
184,6133,29,0.6989174485206604,0.641720175743103,0.15412995219230652,0.927265465259552,670,346
184,6133,30,0.8032960295677185,0.6499390602111816,0.0713781788945198,0.9611991047859192,771,350
184,6133,31,0.7268992066383362,0.6439432501792908,0.13678176701068878,0.9122273325920105,697,347
184,6133,32,0.8384135961532593,0.6267986297607422,0.04629354178905487,0.9723251461982727,804,338
185,6166,0,0.7889782786369324,0.16074319183826447,-0.010990997776389122,0.999248206615448,757,86
185,6166,1,0.7862528562545776,0.14830021560192108,-0.007582901511341333,0.9988449215888977,754,80
185,6166,2,0.7843217253684998,0.14757753908634186,-0.007712843827903271,0.9985865950584412,752,79
185,6166,3,0.7821853756904602,0.14698775112628937,-0.007657363545149565,0.9989199638366699,750,79
185,6166,4,0.7898788452148438,0.14947833120822906,-0.025419211015105247,0.9993431568145752,758,80
185,6166,5,0.7905562520027161,0.14950567483901978,-0.025628546252846718,0.9994879961013794,758,80
185,6166,6,0.7912819385528564,0.14953963458538055,-0.02570674568414688,0.9996303915977478,759,80
185,6166,7,0.7752058506011963,0.14973336458206177,0.013676472939550877,0.9992138743400574,744,80
185,6166,8,0.788844108581543,0.15324866771697998,-0.06541689485311508,0.9993695616722107,757,82
185,6166,9,0.784087061882019,0.17026789486408234,0.0018038146663457155,0.9983840584754944,752,91
185,6166,10,0.7870780229568481,0.17162375152111053,-0.0226091668009758,0.9989480376243591,755,92
185,6166,11,0.7543701529502869,0.21072040498256683,0.07515306770801544,0.9997159242630005,724,113
185,6166,12,0.7784051895141602,0.2153339684009552,-0.1050516813993454,0.9999447464942932,747,116
185,6166,13,0.7525301575660706,0.30428019165992737,0.10507745295763016,0.04302923008799553,722,164
185,6166,14,0.778811514377594,0.31167539954185486,-0.13039329648017883,0.9905834794044495,747,168
185,6166,15,0.7666298151016235,0.37325501441955566,0.07324199378490448,0.022253649309277534,735,201
185,6166,16,0.7906931638717651,0.3788764774799347,-0.10878124088048935,0.9643216729164124,759,204
185,6166,17,0.7702857851982117,0.3941553235054016,0.07622405141592026,0.03591341897845268,739,212
185,6166,18,0.795665979385376,0.3907622694969177,-0.12379555404186249,0.9373002648353577,763,211
185,6166,19,0.7742780447006226,0.39489278197288513,0.057432591915130615,0.035074807703495026,743,213
185,6166,20,0.7985938191413879,0.3847256898880005,-0.11667954176664352,0.9315398335456848,766,207
185,6166,21,0.7749761343002319,0.38926979899406433,0.06518176943063736,0.03243425861001015,743,210
185,6166,22,0.7952967882156372,0.3819347620010376,-0.10529765486717224,0.892555832862854,763,206
185,6166,23,0.7428516149520874,0.39696773886680603,0.0533243864774704,0.9999628067016602,713,214
185,6166,24,0.7654359936714172,0.398080974817276,-0.0535152293741703,0.9999827742576599,734,214
185,6166,25,0.7306308746337891,0.510801374912262,0.1051558330655098,0.7717222571372986,701,275
185,6166,26,0.7893044352531433,0.5090682506561279,0.014727253466844559,0.9789581298828125,757,274
185,6166,27,0.7073448896408081,0.6219491362571716,0.13200564682483673,0.928968608379364,679,335
185,6166,28,0.8081435561180115,0.6280785202980042,0.045824360102415085,0.9903569221496582,775,339
185,6166,29,0.6988384127616882,0.6425361633300781,0.13230623304843903,0.9318199157714844,670,346
185,6166,30,0.8052148818969727,0.6491191983222961,0.0481099896132946,0.9643463492393494,773,350
185,6166,31,0.728511393070221,0.6439499855041504,0.11111091822385788,0.9161298871040344,699,347
185,6166,32,0.8391582369804382,0.6231672167778015,0.023978816345334053,0.9732276201248169,805,336
186,6200,0,0.7942987084388733,0.1623840630054474,-0.010873141698539257,0.9993147253990173,762,87
186,6200,1,0.7924715876579285,0.15030714869499207,-0.0079983314499259,0.9989438652992249,760,81
186,6200,2,0.7905266284942627,0.14954298734664917,-0.008117602206766605,0.9987043142318726,758,80
186,6200,3,0.7883826494216919,0.14890843629837036,-0.008057858794927597,0.9990102648735046,756,80
186,6200,4,0.7969925999641418,0.1520405411720276,-0.024281252175569534,0.9993996620178223,765,82
186,6200,5,0.7979748249053955,0.15230238437652588,-0.024465108290314674,0.9995311498641968,766,82
186,6200,6,0.7989580631256104,0.15257307887077332,-0.024510947987437248,0.9996618032455444,766,82
186,6200,7,0.7829185724258423,0.15232878923416138,0.011155635118484497,0.999273955821991,751,82
186,6200,8,0.7972303032875061,0.15759825706481934,-0.06158120930194855,0.9994207620620728,765,85
186,6200,9,0.7892162203788757,0.17176008224487305,0.0007466072565875947,0.9985207319259644,757,92
186,6200,10,0.7929442524909973,0.17350447177886963,-0.022028615698218346,0.9990382790565491,761,93
186,6200,11,0.7637450695037842,0.21331273019313812,0.0694449320435524,0.9997334480285645,733,115
186,6200,12,0.7844518423080444,0.21861740946769714,-0.10122250765562057,0.9999484419822693,753,118
186,6200,13,0.7707703709602356,0.3046920895576477,0.08915736526250839,0.04567570611834526,739,164
186,6200,14,0.7904605269432068,0.3211325705051422,-0.11535654217004776,0.990557074546814,758,173
186,6200,15,0.7903659343719482,0.3741765022277832,0.05479328706860542,0.02745666913688183,758,202
186,6200,16,0.7884851098060608,0.38990798592567444,-0.08306708931922913,0.9635796546936035,756,210
186,6200,17,0.7931851148605347,0.38861191272735596,0.055730223655700684,0.04183724522590637,761,209
186,6200,18,0.7878504395484924,0.40836644172668457,-0.09475342184305191,0.9346566200256348,756,220
186,6200,19,0.7949378490447998,0.38903170824050903,0.037614401429891586,0.04139579087495804,763,210
186,6200,20,0.7882522940635681,0.40883180499076843,-0.09593932330608368,0.9288760423660278,756,220
186,6200,21,0.7964115142822266,0.38925814628601074,0.04664936289191246,0.038056839257478714,764,210
186,6200,22,0.7880356311798096,0.39865386486053467,-0.08331649750471115,0.8874889612197876,756,215
186,6200,23,0.7573481202125549,0.3954136371612549,0.05321774259209633,0.9999577403068542,727,213
186,6200,24,0.7634512782096863,0.39804768562316895,-0.05339612811803818,0.9999797940254211,732,214
186,6200,25,0.7911218404769897,0.5029439926147461,0.08974426239728928,0.7617114782333374,759,271
186,6200,26,0.7442176938056946,0.5090555548667908,0.013874457217752934,0.978651762008667,714,274
186,6200,27,0.8118353486061096,0.6184326410293579,0.12074219435453415,0.92550128698349,779,333
186,6200,28,0.7178434133529663,0.6209156513214111,0.044252753257751465,0.9896314740180969,689,335
186,6200,29,0.8110122084617615,0.6423887014389038,0.11987949907779694,0.920985996723175,778,346
186,6200,30,0.7067997455596924,0.6424466967582703,0.04614381119608879,0.9518420696258545,678,346
186,6200,31,0.8417431712150574,0.6199415922164917,0.07973945885896683,0.9158859252929688,808,334
186,6200,32,0.7410628199577332,0.6394224762916565,0.003445208538323641,0.9723368287086487,711,345
187,6233,0,0.7974990010261536,0.1634245365858078,-0.011540371924638748,0.9993569254875183,765,88
187,6233,1,0.7951315641403198,0.1517522931098938,-0.008925443515181541,0.9989979863166809,763,81
187,6233,2,0.7932087779045105,0.15104153752326965,-0.00904475525021553,0.9987658262252808,761,81
187,6233,3,0.7911224961280823,0.15048716962337494,-0.008988852612674236,0.9990625977516174,759,81
187,6233,4,0.7990940809249878,0.15362346172332764,-0.02447381429374218,0.9994257688522339,767,82
187,6233,5,0.7999268770217896,0.15407052636146545,-0.0246720090508461,0.9995473623275757,767,83
187,6233,6,0.800139307975769,0.15429337322711945,-0.024736998602747917,0.9996727705001831,768,83
187,6233,7,0.7843303680419922,0.1535523235797882,0.008741128258407116,0.9993109107017517,752,82
187,6233,8,0.7985824346542358,0.159702867269516,-0.0631435438990593,0.9994349479675293,766,86
187,6233,9,0.7918962240219116,0.1728983372449875,-0.0009520475869067013,0.9986204504966736,760,93
187,6233,10,0.7952048182487488,0.17494718730449677,-0.022402189671993256,0.999098002910614,763,94
187,6233,11,0.7677181363105774,0.21631470322608948,0.059114109724760056,0.9997528791427612,737,116
187,6233,12,0.7848193049430847,0.22097715735435486,-0.1019880548119545,0.9999508857727051,753,119
187,6233,13,0.7767536640167236,0.3074698746204376,0.08056304603815079,0.04968830943107605,745,166
187,6233,14,0.7877051830291748,0.3211677670478821,-0.11677964776754379,0.9899360537528992,756,173
187,6233,15,0.790814220905304,0.3744426369667053,0.04991844668984413,0.03273063525557518,759,202
187,6233,16,0.7866655588150024,0.3935020864009857,-0.08547487109899521,0.9556788206100464,755,212
187,6233,17,0.7977121472358704,0.3885197639465332,0.05055372789502144,0.04736338555812836,765,209
187,6233,18,0.784594714641571,0.41741615533828735,-0.09733137488365173,0.9204020500183105,753,225
187,6233,19,0.7976723909378052,0.3894904553890228,0.033846575766801834,0.047085992991924286,765,210
187,6233,20,0.7855709195137024,0.420138955116272,-0.09874190390110016,0.9140353202819824,754,226
187,6233,21,0.7963491082191467,0.3853103518486023,0.0424860455095768,0.04289894551038742,764,208
187,6233,22,0.786012589931488,0.40708646178245544,-0.08582594245672226,0.8662259578704834,754,219
187,6233,23,0.7613303661346436,0.3954533040523529,0.05320582166314125,0.9999544024467468,730,213
187,6233,24,0.760924220085144,0.3980215787887573,-0.053380414843559265,0.9999765753746033,730,214
187,6233,25,0.7965033054351807,0.5031957626342773,0.10088597238063812,0.7563121318817139,764,271
187,6233,26,0.7387041449546814,0.5090481638908386,0.013042820617556572,0.9785203337669373,709,274
187,6233,27,0.8177155256271362,0.6179956793785095,0.1368832141160965,0.924328088760376,785,333
187,6233,28,0.7087920904159546,0.6199275851249695,0.04000381380319595,0.9891871213912964,680,334
187,6233,29,0.8174833655357361,0.6451494693756104,0.1376514732837677,0.9147071242332458,784,348
187,6233,30,0.6986322402954102,0.6412405371665955,0.04109743610024452,0.9411957859992981,670,346
187,6233,31,0.8482874035835266,0.6163421273231506,0.10677552223205566,0.9159842133522034,814,332
187,6233,32,0.7308507561683655,0.6436991691589355,-0.008772402070462704,0.9717597365379333,701,347
188,6266,0,0.8020337820053101,0.16579557955265045,-0.012260859832167625,0.999381422996521,769,89
188,6266,1,0.800091028213501,0.1541593372821808,-0.011768801137804985,0.9990584254264832,768,83
188,6266,2,0.7979732751846313,0.15324950218200684,-0.011883694678544998,0.998834490776062,766,82
188,6266,3,0.7957565188407898,0.15248116850852966,-0.011830045841634274,0.999119222164154,763,82
188,6266,4,0.8051059246063232,0.15622307360172272,-0.02606678195297718,0.9994614124298096,772,84
188,6266,5,0.8063452243804932,0.1565665304660797,-0.026261188089847565,0.9995743632316589,774,84
188,6266,6,0.8074653148651123,0.15678882598876953,-0.02632654644548893,0.9996945858001709,775,84
188,6266,7,0.7910226583480835,0.15578432381153107,-0.00400149542838335,0.9993454813957214,759,84
188,6266,8,0.8066620230674744,0.16203619539737701,-0.06875313073396683,0.9994685053825378,774,87
188,6266,9,0.7971420288085938,0.1750657558441162,-0.004082825034856796,0.9986864328384399,765,94
188,6266,10,0.8011120557785034,0.17719249427318573,-0.02387913502752781,0.9991366863250732,769,95
188,6266,11,0.7702732682228088,0.21906185150146484,0.048136208206415176,0.9997382164001465,739,118
188,6266,12,0.7963557839393616,0.22802726924419403,-0.10344849526882172,0.9999465346336365,764,123
188,6266,13,0.7667554020881653,0.3132610321044922,0.07860902696847916,0.04808902367949486,736,169
188,6266,14,0.802357017993927,0.33604609966278076,-0.11212039738893509,0.9865252375602722,770,181
188,6266,15,0.7779029607772827,0.39147183299064636,0.05210508778691292,0.03032812289893627,746,211
188,6266,16,0.7951364517211914,0.4056910574436188,-0.07095053046941757,0.9466769695281982,763,219
188,6266,17,0.7806164026260376,0.40873461961746216,0.050977133214473724,0.04398787021636963,749,220
188,6266,18,0.7927160859107971,0.42736726999282837,-0.08007992058992386,0.9064256548881531,761,230
188,6266,19,0.782913088798523,0.40507394075393677,0.03591011092066765,0.04366351291537285,751,218
188,6266,20,0.7924479842185974,0.4296738803386688,-0.08243947476148605,0.8977735638618469,760,232
188,6266,21,0.7831094861030579,0.3947271704673767,0.043974414467811584,0.0398431234061718,751,213
188,6266,22,0.7928327918052673,0.4194353222846985,-0.07074224203824997,0.8445813655853271,761,226
188,6266,23,0.7597669363021851,0.4014376997947693,0.05134328827261925,0.9999566078186035,729,216
188,6266,24,0.7800062298774719,0.4017333984375,-0.05151379108428955,0.999977707862854,748,216
188,6266,25,0.7828622460365295,0.5100576281547546,0.11599069088697433,0.7681647539138794,751,275
188,6266,26,0.8039017915725708,0.5090724229812622,0.027036437764763832,0.9768112301826477,771,274
188,6266,27,0.7228994965553284,0.6178327798843384,0.15322904288768768,0.9281411170959473,693,333
188,6266,28,0.8158461451530457,0.6224728226661682,0.08230222016572952,0.9889082312583923,783,336
188,6266,29,0.7116405963897705,0.6400046944618225,0.15462984144687653,0.9191261529922485,683,345
188,6266,30,0.8132133483886719,0.6491721868515015,0.08624829351902008,0.9444575309753418,780,350
188,6266,31,0.7396775484085083,0.6254099011421204,0.1310911476612091,0.915741503238678,710,337
188,6266,32,0.8477859497070312,0.6265857815742493,0.05850036069750786,0.9684035778045654,813,338
189,6300,0,0.8057587742805481,0.16576170921325684,-0.012714808806777,0.9993933439254761,773,89
189,6300,1,0.8028951287269592,0.1538541167974472,-0.013330018147826195,0.9990841746330261,770,83
189,6300,2,0.8008865714073181,0.153018981218338,-0.013433569110929966,0.9988565444946289,768,82
189,6300,3,0.7988699078559875,0.15237858891487122,-0.013375218957662582,0.9991442561149597,766,82
189,6300,4,0.8073033690452576,0.15580600500106812,-0.02667751908302307,0.999477207660675,775,84
189,6300,5,0.8081764578819275,0.15611781179904938,-0.02686423435807228,0.9995839595794678,775,84
189,6300,6,0.809097945690155,0.15635418891906738,-0.026916643604636192,0.9997059106826782,776,84
189,6300,7,0.7929648756980896,0.15581902861595154,-0.006696140859276056,0.9993588924407959,761,84
189,6300,8,0.8067735433578491,0.16126200556755066,-0.06924216449260712,0.9994848370552063,774,87
189,6300,9,0.7998414635658264,0.17490288615226746,-0.00556769547984004,0.9987402558326721,767,94
189,6300,10,0.8038888573646545,0.17698656022548676,-0.024280209094285965,0.999173104763031,771,95
189,6300,11,0.7732864618301392,0.22067442536354065,0.04422277212142944,0.9997457265853882,742,119
189,6300,12,0.7984333634376526,0.2282545268535614,-0.10194926708936691,0.9999464750289917,766,123
189,6300,13,0.7694801688194275,0.3148356080055237,0.07406602054834366,0.04713794216513634,738,170
189,6300,14,0.8012664318084717,0.3347904086112976,-0.10133018344640732,0.983027994632721,769,180
189,6300,15,0.780482292175293,0.38988181948661804,0.05282209441065788,0.02903534285724163,749,210
189,6300,16,0.7952753305435181,0.40519168972969055,-0.059118110686540604,0.9424129724502563,763,218
189,6300,17,0.7812302112579346,0.40726804733276367,0.05343611165881157,0.04223606362938881,749,219
189,6300,18,0.7924032211303711,0.42625799775123596,-0.06941459327936172,0.8995963335037231,760,230
189,6300,19,0.785400927066803,0.4116574823856354,0.03782719746232033,0.04181700572371483,753,222
189,6300,20,0.7925747632980347,0.42812928557395935,-0.07146094739437103,0.8898371458053589,760,231
189,6300,21,0.7856519222259521,0.3983778953552246,0.04560283198952675,0.038187406957149506,754,215
189,6300,22,0.7933911681175232,0.4183881878852844,-0.0591643825173378,0.833228349685669,761,225
189,6300,23,0.7638611197471619,0.4009537100791931,0.05088686943054199,0.9999545216560364,733,216
189,6300,24,0.7799513339996338,0.4017646908760071,-0.05105232819914818,0.9999764561653137,748,216
189,6300,25,0.7658496499061584,0.5109832286834717,0.12030522525310516,0.7633406519889832,735,275
189,6300,26,0.7883220911026001,0.5140899419784546,0.021637428551912308,0.9700099229812622,756,277
189,6300,27,0.7370591759681702,0.6214228868484497,0.1638796627521515,0.9252966046333313,707,335
189,6300,28,0.7840757966041565,0.6248708367347717,0.09007064998149872,0.9849444031715393,752,337
189,6300,29,0.7285317778587341,0.6425232291221619,0.16521859169006348,0.9107619524002075,699,346
189,6300,30,0.7779973745346069,0.6491020321846008,0.09505897015333176,0.9320675134658813,746,350
189,6300,31,0.7380073666572571,0.6335157155990601,0.13343767821788788,0.9102303385734558,708,342
189,6300,32,0.8124436140060425,0.6274502277374268,0.06104560196399689,0.9590712189674377,779,338
190,6333,0,0.8133708834648132,0.17060315608978271,-0.012710517272353172,0.9994220733642578,780,92
190,6333,1,0.8113266825675964,0.15903976559638977,-0.013230866752564907,0.9991416931152344,778,85
190,6333,2,0.8091637492179871,0.15786266326904297,-0.013336417265236378,0.9989258646965027,776,85
190,6333,3,0.8069034218788147,0.15683947503566742,-0.013281762599945068,0.9991992115974426,774,84
190,6333,4,0.8151788115501404,0.16110095381736755,-0.026879217475652695,0.9995105862617493,782,86
190,6333,5,0.8159612417221069,0.16133365035057068,-0.02706649899482727,0.9996100068092346,783,87
190,6333,6,0.8167899250984192,0.1615699678659439,-0.027119887992739677,0.9997256398200989,784,87
190,6333,7,0.8004928231239319,0.15928001701831818,-0.0056905425153672695,0.9993988275527954,768,86
190,6333,8,0.8148994445800781,0.16551636159420013,-0.0727986991405487,0.9995180368423462,782,89
190,6333,9,0.8076258897781372,0.17942936718463898,-0.005442771594971418,0.9988100528717041,775,96
190,6333,10,0.8112680315971375,0.1809505671262741,-0.02440715581178665,0.9992167949676514,778,97
190,6333,11,0.7753506898880005,0.22211489081382751,0.04496968537569046,0.9997429251670837,744,119
190,6333,12,0.8044818043708801,0.2304786890745163,-0.1030179038643837,0.9999433755874634,772,124
190,6333,13,0.772326648235321,0.31484919786453247,0.07614028453826904,0.04730461537837982,741,170
190,6333,14,0.8098883032798767,0.3337019383907318,-0.10584097355604172,0.9818747639656067,777,180
190,6333,15,0.7817516326904297,0.38865578174591064,0.05791261047124863,0.02735937014222145,750,209
190,6333,16,0.807206928730011,0.40414175391197205,-0.05997806414961815,0.9392019510269165,774,218
190,6333,17,0.7819022536277771,0.40856438875198364,0.060417287051677704,0.03987083211541176,750,220
190,6333,18,0.8047953248023987,0.4252428114414215,-0.06810799241065979,0.8942673802375793,772,229
190,6333,19,0.7869928479194641,0.4114901125431061,0.04624266177415848,0.03941841796040535,755,222
190,6333,20,0.8039006590843201,0.4269309639930725,-0.06994309276342392,0.8832874894142151,771,230
190,6333,21,0.7873992323875427,0.3996769189834595,0.0516384094953537,0.03613001108169556,755,215
190,6333,22,0.8047038316726685,0.41778451204299927,-0.05938174948096275,0.8244452476501465,772,225
190,6333,23,0.7685098052024841,0.40290534496307373,0.04932786524295807,0.9999563097953796,737,217
190,6333,24,0.7921499609947205,0.4033944308757782,-0.049509935081005096,0.9999774098396301,760,217
190,6333,25,0.7592566609382629,0.5115476250648499,0.12433377653360367,0.7758989930152893,728,276
190,6333,26,0.8177462816238403,0.5141895413398743,0.04299848526716232,0.9676362872123718,785,277
190,6333,27,0.7173572182655334,0.6149206161499023,0.16901157796382904,0.9287993311882019,688,332
190,6333,28,0.8253176212310791,0.6255421042442322,0.10894187539815903,0.9847116470336914,792,337
190,6333,29,0.7069558501243591,0.6287322044372559,0.1710088849067688,0.9153937101364136,678,339
190,6333,30,0.8195636868476868,0.6508087515830994,0.11375651508569717,0.9354436993598938,786,351
190,6333,31,0.729960024356842,0.637213945388794,0.14937971532344818,0.9100742936134338,700,344
190,6333,32,0.8536999225616455,0.6292594075202942,0.08912257105112076,0.9552515745162964,819,339
191,6366,0,0.81606525182724,0.1739976555109024,-0.012856430374085903,0.9994425773620605,783,93
191,6366,1,0.8136951923370361,0.16218644380569458,-0.01339230127632618,0.9991899728775024,781,87
191,6366,2,0.8116693496704102,0.16086208820343018,-0.013500026427209377,0.9989849328994751,779,86
191,6366,3,0.809496283531189,0.15968482196331024,-0.01344945840537548,0.9992472529411316,777,86
191,6366,4,0.8170668482780457,0.1640828400850296,-0.02767261303961277,0.9995372891426086,784,88
191,6366,5,0.8176802396774292,0.1641077697277069,-0.027853330597281456,0.999630331993103,784,88
191,6366,6,0.8183432817459106,0.1641639918088913,-0.027901222929358482,0.99974125623703,785,88
191,6366,7,0.8020653128623962,0.1610528975725174,-0.005197086371481419,0.999434769153595,769,86
191,6366,8,0.8150256872177124,0.16699829697608948,-0.07522644847631454,0.9995428323745728,782,90
191,6366,9,0.8107179403305054,0.18240471184253693,-0.005425739102065563,0.9988738894462585,778,98
191,6366,10,0.8137078881263733,0.18395055830478668,-0.02481837198138237,0.999254584312439,781,99
191,6366,11,0.7765144109725952,0.22233907878398895,0.04659304767847061,0.9997491240501404,745,120
191,6366,12,0.8062461018562317,0.23113319277763367,-0.10432811081409454,0.9999420642852783,773,124
191,6366,13,0.7735674977302551,0.31535783410072327,0.08034057170152664,0.04640252888202667,742,170
191,6366,14,0.8112272024154663,0.3338819444179535,-0.10837499797344208,0.9801124930381775,778,180
191,6366,15,0.7857577800750732,0.3880067467689514,0.07001899927854538,0.025734955444931984,754,209
191,6366,16,0.8099494576454163,0.40352216362953186,-0.06421639025211334,0.9337933659553528,777,217
191,6366,17,0.7856940627098083,0.4076084494590759,0.07341296225786209,0.037669263780117035,754,220
191,6366,18,0.8063355088233948,0.4246302843093872,-0.07298994064331055,0.8860049843788147,774,229
191,6366,19,0.7911006808280945,0.41014981269836426,0.05946936458349228,0.03718334436416626,759,221
191,6366,20,0.8055452108383179,0.4261719882488251,-0.07459142059087753,0.8737747073173523,773,230
191,6366,21,0.7914679646492004,0.3989516794681549,0.06420409679412842,0.03420574590563774,759,215
191,6366,22,0.8066099882125854,0.41726991534233093,-0.06363841891288757,0.8120770454406738,774,225
191,6366,23,0.7713247537612915,0.40303269028663635,0.049622248858213425,0.9999588131904602,740,217
191,6366,24,0.7948000431060791,0.4032837748527527,-0.04979981482028961,0.9999787211418152,763,217
191,6366,25,0.7571806311607361,0.5111993551254272,0.12831009924411774,0.7870382070541382,726,276
191,6366,26,0.8188402652740479,0.5144122242927551,0.03774566948413849,0.9668583869934082,786,277
191,6366,27,0.7150260210037231,0.6116399765014648,0.17762257158756256,0.9317028522491455,686,330
191,6366,28,0.8258316516876221,0.6262025833129883,0.09971901029348373,0.9849603772163391,792,338
191,6366,29,0.7041914463043213,0.6239937543869019,0.180457204580307,0.9189958572387695,676,336
191,6366,30,0.820712685585022,0.6507036089897156,0.10424599796533585,0.9387513995170593,787,351
191,6366,31,0.7289621829986572,0.6399068832397461,0.16115149855613708,0.9096909761428833,699,345
191,6366,32,0.8568052053451538,0.6304240822792053,0.07652059942483902,0.9536930918693542,822,340
192,6400,0,0.8236376643180847,0.17278914153575897,-0.01985892467200756,0.9994549751281738,790,93
192,6400,1,0.8222038745880127,0.16088300943374634,-0.017056327313184738,0.999201238155365,789,86
192,6400,2,0.8199107646942139,0.15962891280651093,-0.01717965491116047,0.9989894032478333,787,86
192,6400,3,0.8179509043693542,0.15854664146900177,-0.017120633274316788,0.9992485046386719,785,85
192,6400,4,0.8261137008666992,0.1628352850675583,-0.03180224075913429,0.9995375871658325,793,87
192,6400,5,0.8270718455314636,0.16286416351795197,-0.03198282793164253,0.9996293187141418,793,87
192,6400,6,0.8280898928642273,0.16292524337768555,-0.03204816207289696,0.9997377395629883,794,87
192,6400,7,0.8121693730354309,0.16030342876911163,-0.0009905511979013681,0.9994375705718994,779,86
192,6400,8,0.826176106929779,0.16596481204032898,-0.07033476233482361,0.9995426535606384,793,89
192,6400,9,0.8183997273445129,0.18130645155906677,-0.008674913085997105,0.9988692402839661,785,97
192,6400,10,0.8219655156135559,0.18292784690856934,-0.02901659719645977,0.9992457628250122,789,98
192,6400,11,0.7920989394187927,0.22200044989585876,0.05219113454222679,0.9997493624687195,760,119
192,6400,12,0.8139751553535461,0.23036007583141327,-0.1043420061469078,0.9999412894248962,781,124
192,6400,13,0.7902269959449768,0.31529003381729126,0.08053121715784073,0.046385254710912704,758,170
192,6400,14,0.8164533972740173,0.33097127079963684,-0.1263388991355896,0.9810441732406616,783,178
192,6400,15,0.806658148765564,0.39417701959609985,0.060957495123147964,0.02767992950975895,774,212
192,6400,16,0.8157236576080322,0.40609583258628845,-0.099796824157238,0.9287152886390686,783,219
192,6400,17,0.8083342909812927,0.41289496421813965,0.06217546388506889,0.04021545499563217,776,222
192,6400,18,0.8117608428001404,0.42858588695526123,-0.11156568676233292,0.8753330111503601,779,231
192,6400,19,0.8110460042953491,0.4141111373901367,0.0476805754005909,0.039708156138658524,778,223
192,6400,20,0.8123821020126343,0.4301864206790924,-0.11252428591251373,0.8631654977798462,779,232
192,6400,21,0.8105043768882751,0.4067062735557556,0.0544840432703495,0.0363522469997406,778,219
192,6400,22,0.8132922053337097,0.4207476079463959,-0.09991671144962311,0.7987304329872131,780,227
192,6400,23,0.7889834046363831,0.4027023911476135,0.05139912664890289,0.9999602437019348,757,217
192,6400,24,0.7920297980308533,0.4030996263027191,-0.05156717821955681,0.99997878074646,760,217
192,6400,25,0.8140414357185364,0.5090141296386719,0.11311109364032745,0.8038129210472107,781,274
192,6400,26,0.7790755033493042,0.5131111145019531,-0.005476243793964386,0.9697456955909729,747,277
192,6400,27,0.8225811123847961,0.6161084175109863,0.17356541752815247,0.9379668235778809,789,332
192,6400,28,0.7288254499435425,0.6070740222930908,0.05079909786581993,0.9862552285194397,699,327
192,6400,29,0.8151566982269287,0.6382277607917786,0.17581288516521454,0.9255990982055664,782,344
192,6400,30,0.7161252498626709,0.6176790595054626,0.054268334060907364,0.9414039850234985,687,333
192,6400,31,0.8492343425750732,0.6402692198753357,0.12808291614055634,0.9179216027259827,815,345
192,6400,32,0.7421726584434509,0.6459134221076965,0.004557673819363117,0.9578415751457214,712,348
193,6433,0,0.8279924392700195,0.17188914120197296,-0.014573882333934307,0.9994630217552185,794,92
193,6433,1,0.8255900144577026,0.15998883545398712,-0.011231116019189358,0.9992035031318665,792,86
193,6433,2,0.8235289454460144,0.1588391661643982,-0.011365765705704689,0.9989839196205139,790,85
193,6433,3,0.8214265704154968,0.1578616499900818,-0.011302788741886616,0.9992443919181824,788,85
193,6433,4,0.8289396166801453,0.16186068952083588,-0.027151916176080704,0.99953293800354,795,87
193,6433,5,0.829528272151947,0.16196173429489136,-0.02732820063829422,0.999623715877533,796,87
193,6433,6,0.8301625847816467,0.16208377480506897,-0.027385396882891655,0.9997313022613525,796,87
193,6433,7,0.8143826723098755,0.16008253395557404,0.0068517341278493404,0.9994350671768188,781,86
193,6433,8,0.8263407945632935,0.16600175201892853,-0.06675543636083603,0.9995319843292236,793,89
193,6433,9,0.8219889998435974,0.1806863248348236,-0.0036816566716879606,0.9988706707954407,789,97
193,6433,10,0.8252376317977905,0.18232892453670502,-0.025671962648630142,0.9992409348487854,792,98
193,6433,11,0.7941039204597473,0.22312751412391663,0.055858053267002106,0.999762237071991,762,120
193,6433,12,0.8166717886924744,0.23098516464233398,-0.10494093596935272,0.9999436736106873,784,124
193,6433,13,0.7921867966651917,0.3162749409675598,0.08114182204008102,0.04566566273570061,760,170
193,6433,14,0.818128764629364,0.33043211698532104,-0.13122835755348206,0.9817874431610107,785,178
193,6433,15,0.8042510747909546,0.40026727318763733,0.060963790863752365,0.028165308758616447,772,216
193,6433,16,0.8146020174026489,0.4101017713546753,-0.10446307808160782,0.9252392649650574,782,221
193,6433,17,0.8049938082695007,0.41883987188339233,0.06221942976117134,0.04071887955069542,772,226
193,6433,18,0.8115772604942322,0.43324217200279236,-0.11650442332029343,0.8678640723228455,779,233
193,6433,19,0.8076005578041077,0.4191369116306305,0.04776478186249733,0.04008714482188225,775,226
193,6433,20,0.8125972747802734,0.435577392578125,-0.11709152907133102,0.8553722500801086,780,235
193,6433,21,0.8077260851860046,0.41299429535865784,0.05451756343245506,0.03653393313288689,775,223
193,6433,22,0.8129004240036011,0.4268978536128998,-0.10445361584424973,0.7871589064598083,780,230
193,6433,23,0.7879923582077026,0.40265464782714844,0.05339820683002472,0.9999626278877258,756,217
193,6433,24,0.7914784550666809,0.40304869413375854,-0.053561534732580185,0.9999797940254211,759,217
193,6433,25,0.8204321265220642,0.5070852637290955,0.1137830838561058,0.8147885799407959,787,273
193,6433,26,0.7716628313064575,0.5128323435783386,-0.014261739328503609,0.9721759557723999,740,276
193,6433,27,0.8270580768585205,0.6187179088592529,0.1678975522518158,0.9431285858154297,793,334
193,6433,28,0.7221992611885071,0.6043676137924194,0.02874472737312317,0.9873499274253845,693,326
193,6433,29,0.8207114338874817,0.6436839699745178,0.16853974759578705,0.9308573007583618,787,347
193,6433,30,0.7089405059814453,0.6132199168205261,0.030864832922816277,0.9434390068054199,680,331
193,6433,31,0.8527987003326416,0.6401406526565552,0.12295616418123245,0.9246748089790344,818,345
193,6433,32,0.736132800579071,0.6515945792198181,-0.01747819595038891,0.961342990398407,706,351
194,6466,0,0.8382465839385986,0.1713029146194458,-0.02183540351688862,0.9993661046028137,804,92
194,6466,1,0.835979163646698,0.15965281426906586,-0.017329704016447067,0.9990256428718567,802,86
194,6466,2,0.8342694044113159,0.1586979627609253,-0.017473889514803886,0.9987247586250305,800,85
194,6466,3,0.8324520587921143,0.15789182484149933,-0.017415324226021767,0.9990389347076416,799,85
194,6466,4,0.8383480310440063,0.1612425297498703,-0.03442316874861717,0.9994251132011414,804,87
194,6466,5,0.838515043258667,0.16136695444583893,-0.03459487855434418,0.9995356202125549,804,87
194,6466,6,0.8387879133224487,0.16154614090919495,-0.034666068851947784,0.9996660947799683,805,87
194,6466,7,0.8244171738624573,0.16014137864112854,0.00621888879686594,0.9992870688438416,791,86
194,6466,8,0.8352039456367493,0.16574327647686005,-0.07168269157409668,0.9994288086891174,801,89
194,6466,9,0.8326012492179871,0.1803658902645111,-0.009389600716531277,0.9985935091972351,799,97
194,6466,10,0.8349952101707458,0.18186531960964203,-0.03285278007388115,0.9990719556808472,801,98
194,6466,11,0.8027881383895874,0.2230258733034134,0.0561821274459362,0.9997491836547852,770,120
194,6466,12,0.8265203237533569,0.2309262901544571,-0.11616900563240051,0.9999403357505798,793,124
194,6466,13,0.7969557046890259,0.3149688243865967,0.08152241259813309,0.04410059005022049,765,170
194,6466,14,0.8300487399101257,0.3301088809967041,-0.14446820318698883,0.9827622771263123,796,178
194,6466,15,0.807723343372345,0.40074431896209717,0.06097523123025894,0.028059333562850952,775,216
194,6466,16,0.8255108594894409,0.4091496169567108,-0.11460553854703903,0.9272371530532837,792,220
194,6466,17,0.8083369731903076,0.4207933247089386,0.06255637854337692,0.040598586201667786,776,227
194,6466,18,0.8226190209388733,0.43311479687690735,-0.12710686028003693,0.8691276907920837,789,233
194,6466,19,0.8111683130264282,0.42192986607551575,0.047763172537088394,0.03992607817053795,778,227
194,6466,20,0.8219430446624756,0.43522945046424866,-0.1269841343164444,0.8568291664123535,789,235
194,6466,21,0.811184823513031,0.41523224115371704,0.05448563024401665,0.03637191280722618,778,224
194,6466,22,0.8229090571403503,0.42586565017700195,-0.11416442692279816,0.7880573272705078,789,229
194,6466,23,0.7974978089332581,0.40243977308273315,0.05544842779636383,0.9999635219573975,765,217
194,6466,24,0.8020889759063721,0.4036547541618347,-0.05561261251568794,0.9999799132347107,770,217
194,6466,25,0.8285850286483765,0.5070288777351379,0.11344026774168015,0.8229289650917053,795,273
194,6466,26,0.7763700485229492,0.5128141641616821,-0.012556918896734715,0.9739416241645813,745,276
194,6466,27,0.8298223614692688,0.6209480166435242,0.16242705285549164,0.9475447535514832,796,335
194,6466,28,0.7304291129112244,0.591805100440979,0.04941900074481964,0.9882215261459351,701,319
194,6466,29,0.8218860030174255,0.6473032832145691,0.16258543729782104,0.9348394870758057,789,349
194,6466,30,0.7177981734275818,0.5955832004547119,0.053075432777404785,0.9442174434661865,689,321
194,6466,31,0.8552947640419006,0.6408291459083557,0.11962658911943436,0.930300772190094,821,346
194,6466,32,0.7377268671989441,0.649895966053009,-0.009306296706199646,0.9641180038452148,708,350
195,6500,0,0.8391522169113159,0.1711929440498352,-0.023458309471607208,0.999248206615448,805,92
195,6500,1,0.8359623551368713,0.15948548913002014,-0.0182026494294405,0.9987962245941162,802,86
195,6500,2,0.8342856764793396,0.15848958492279053,-0.018350781872868538,0.9984176754951477,800,85
195,6500,3,0.8325926661491394,0.15765036642551422,-0.01830269582569599,0.9988309144973755,799,85
195,6500,4,0.8385528922080994,0.16109012067317963,-0.03564981371164322,0.9992570877075195,805,86
195,6500,5,0.838847815990448,0.16121070086956024,-0.03582298010587692,0.9993917346000671,805,87
195,6500,6,0.8392059206962585,0.16139981150627136,-0.03589491918683052,0.9995467662811279,805,87
195,6500,7,0.8252805471420288,0.15992578864097595,0.008024693466722965,0.999154806137085,792,86
195,6500,8,0.8350638151168823,0.16539064049720764,-0.07165507227182388,0.9992085099220276,801,89
195,6500,9,0.8336455225944519,0.1802886724472046,-0.009893139824271202,0.9982823729515076,800,97
195,6500,10,0.8361393213272095,0.1818048655986786,-0.033796027302742004,0.998806893825531,802,98
195,6500,11,0.806793212890625,0.22273540496826172,0.062178757041692734,0.9997491836547852,774,120
195,6500,12,0.8239773511886597,0.22981056571006775,-0.11504841595888138,0.9999343752861023,791,124
195,6500,13,0.8073737621307373,0.31038063764572144,0.08918239921331406,0.043213218450546265,775,167
195,6500,14,0.8271344900131226,0.3272961378097534,-0.15183307230472565,0.9822661876678467,794,176
195,6500,15,0.8161306381225586,0.3925315737724304,0.06512881815433502,0.028909193351864815,783,211
195,6500,16,0.8236867785453796,0.4087974429130554,-0.13414840400218964,0.9150726199150085,790,220
195,6500,17,0.8185554146766663,0.4185267686843872,0.06673121452331543,0.041702620685100555,785,226
195,6500,18,0.8218810558319092,0.43202006816864014,-0.14795294404029846,0.8506948947906494,789,233
195,6500,19,0.820473849773407,0.41994550824165344,0.05122319608926773,0.04102090373635292,787,226
195,6500,20,0.8208845257759094,0.43482598662376404,-0.14690104126930237,0.8376086354255676,788,234
195,6500,21,0.8204569220542908,0.4129732549190521,0.05820716172456741,0.0373285673558712,787,223
195,6500,22,0.8213958740234375,0.4250592887401581,-0.13357700407505035,0.7644868493080139,788,229
195,6500,23,0.8009172677993774,0.4015829563140869,0.05596460774540901,0.999965250492096,768,216
195,6500,24,0.8008741140365601,0.4031009376049042,-0.056124247610569,0.9999801516532898,768,217
195,6500,25,0.8290364742279053,0.5064097046852112,0.09385471045970917,0.8311616778373718,795,273
195,6500,26,0.7786856293678284,0.5116345286369324,-0.011434311978518963,0.975323498249054,747,276
195,6500,27,0.8308207392692566,0.6230981945991516,0.12487761676311493,0.9518463015556335,797,336
195,6500,28,0.7303504943847656,0.5890561938285828,0.03542741760611534,0.9890197515487671,701,318
195,6500,29,0.8234118223190308,0.650855302810669,0.1235974133014679,0.9391905665397644,790,351
195,6500,30,0.7161977887153625,0.589992105960846,0.03787107393145561,0.9451834559440613,687,318
195,6500,31,0.856153666973114,0.642272412776947,0.07989274710416794,0.936018168926239,821,346
195,6500,32,0.7364856600761414,0.6490550637245178,-0.007506717462092638,0.9668506979942322,707,350
196,6533,0,0.8452421426773071,0.17079438269138336,0.001992144389078021,0.9991737008094788,811,92
196,6533,1,0.8433769345283508,0.15917910635471344,0.007468459662050009,0.9986437559127808,809,85
196,6533,2,0.841354250907898,0.15824589133262634,0.007356374524533749,0.9981326460838318,807,85
196,6533,3,0.8393682837486267,0.15747296810150146,0.007406932767480612,0.9986075758934021,805,85
196,6533,4,0.8459945321083069,0.16071206331253052,-0.007723247166723013,0.9992081522941589,812,86
196,6533,5,0.8460589051246643,0.1608988642692566,-0.007924983277916908,0.9993497729301453,812,86
196,6533,6,0.8464080691337585,0.1611453741788864,-0.008010635152459145,0.9995258450508118,812,87
196,6533,7,0.8314625024795532,0.15972575545310974,0.03395020589232445,0.9989301562309265,798,86
196,6533,8,0.8429399728775024,0.16470815241336823,-0.035044457763433456,0.9991663098335266,809,88
196,6533,9,0.8397510051727295,0.17999407649040222,0.015160709619522095,0.9979006052017212,806,97
196,6533,10,0.842326283454895,0.18158787488937378,-0.0058132740668952465,0.9986559748649597,808,98
196,6533,11,0.8123624324798584,0.2222624570131302,0.08341171592473984,0.9996982216835022,779,120
196,6533,12,0.8328723907470703,0.22730767726898193,-0.08134736865758896,0.9999343752861023,799,122
196,6533,13,0.8025543689727783,0.3023418188095093,0.10981378704309464,0.04021671041846275,770,163
196,6533,14,0.8320377469062805,0.3247201144695282,-0.11846300959587097,0.9825413227081299,798,175
196,6533,15,0.8172754645347595,0.36928829550743103,0.09462621062994003,0.026891257613897324,784,199
196,6533,16,0.832420289516449,0.4094424247741699,-0.11427358537912369,0.9120991230010986,799,221
196,6533,17,0.8194229006767273,0.3853796422481537,0.09750504791736603,0.0390472337603569,786,208
196,6533,18,0.8287994861602783,0.4327149987220764,-0.12742237746715546,0.843376636505127,795,233
196,6533,19,0.8223879933357239,0.38475894927978516,0.0832853764295578,0.03840423747897148,789,207
196,6533,20,0.830308735370636,0.4365111291408539,-0.1262115091085434,0.8302078247070312,797,235
196,6533,21,0.8223556876182556,0.37936341762542725,0.08834992349147797,0.03503752127289772,789,204
196,6533,22,0.8295261859893799,0.4281545877456665,-0.11415613442659378,0.7550219297409058,796,231
196,6533,23,0.8075148463249207,0.3925573527812958,0.05385768786072731,0.9999670386314392,775,211
196,6533,24,0.8075410723686218,0.39242005348205566,-0.054005250334739685,0.9999812841415405,775,211
196,6533,25,0.8353769779205322,0.5070956349372864,0.07131104916334152,0.8343574404716492,801,273
196,6533,26,0.7966522574424744,0.5116745829582214,-0.03905022516846657,0.9766972661018372,764,276
196,6533,27,0.8306512236595154,0.6240551471710205,0.10420114547014236,0.9542799592018127,797,336
196,6533,28,0.7382084131240845,0.5815855264663696,0.015724677592515945,0.9894114136695862,708,314
196,6533,29,0.8213579058647156,0.6501317024230957,0.10394386947154999,0.9388853311538696,788,351
196,6533,30,0.7272247076034546,0.5798183679580688,0.020204516127705574,0.9429235458374023,698,313
196,6533,31,0.8591346740722656,0.6463531851768494,0.06964964419603348,0.9388384222984314,824,349
196,6533,32,0.7415414452552795,0.6456950306892395,-0.01065076980739832,0.9685249328613281,711,348
197,6566,0,0.8504995703697205,0.16594892740249634,-0.0330163836479187,0.9991902112960815,816,89
197,6566,1,0.8481446504592896,0.15577785670757294,-0.025497104972600937,0.998674750328064,814,84
197,6566,2,0.846607506275177,0.15508536994457245,-0.02564079314470291,0.9981831908226013,812,83
197,6566,3,0.8451331853866577,0.15449976921081543,-0.025610804557800293,0.9986522197723389,811,83
197,6566,4,0.8496533036231995,0.1570313572883606,-0.042869944125413895,0.9992217421531677,815,84
197,6566,5,0.8493489623069763,0.1572294533252716,-0.04305044934153557,0.9993565082550049,815,84
197,6566,6,0.8491948246955872,0.15743352472782135,-0.043130699545145035,0.99952632188797,815,85
197,6566,7,0.8352325558662415,0.15798529982566833,0.012573808431625366,0.9989767670631409,801,85
197,6566,8,0.8431634306907654,0.1622828096151352,-0.06788969784975052,0.9991649985313416,809,87
197,6566,9,0.8446706533432007,0.17694759368896484,-0.017105963081121445,0.9979612827301025,810,95
197,6566,10,0.8463289737701416,0.1776881217956543,-0.04091093689203262,0.998673141002655,812,95
197,6566,11,0.8177427649497986,0.22211980819702148,0.07275334000587463,0.9997115731239319,785,119
197,6566,12,0.8328521847724915,0.2262299358844757,-0.1080324649810791,0.9999319314956665,799,122
197,6566,13,0.8132066130638123,0.3027193546295166,0.0973479300737381,0.04142409935593605,780,163
197,6566,14,0.8319838047027588,0.32375189661979675,-0.1369636356830597,0.983322024345398,798,174
197,6566,15,0.8244473338127136,0.37244176864624023,0.07022624462842941,0.028953909873962402,791,201
197,6566,16,0.8314512372016907,0.40894073247909546,-0.12069486081600189,0.9104087352752686,798,220
197,6566,17,0.8264398574829102,0.4016887843608856,0.07116889208555222,0.04181615263223648,793,216
197,6566,18,0.8280108571052551,0.4322594702243805,-0.13441422581672668,0.8390758633613586,794,233
197,6566,19,0.8290239572525024,0.3979686498641968,0.054950784891843796,0.041142333298921585,795,214
197,6566,20,0.8293847441673279,0.43686002492904663,-0.13462044298648834,0.8258493542671204,796,235
197,6566,21,0.8292597532272339,0.38725003600120544,0.06295211613178253,0.037436459213495255,796,209
197,6566,22,0.8300988078117371,0.42764919996261597,-0.12067282944917679,0.7489179968833923,796,230
197,6566,23,0.8113452792167664,0.39017143845558167,0.05486173555254936,0.9999690055847168,778,210
197,6566,24,0.8084538578987122,0.3899703919887543,-0.05498629808425903,0.9999819993972778,776,210
197,6566,25,0.8364277482032776,0.5072575211524963,0.08720480650663376,0.8439887166023254,802,273
197,6566,26,0.7999269366264343,0.5110147595405579,-0.04058826342225075,0.9787720441818237,767,275
197,6566,27,0.8311070203781128,0.6242594718933105,0.1251891404390335,0.958228588104248,797,337
197,6566,28,0.7424097657203674,0.5796194076538086,0.026056436821818352,0.9902876019477844,712,312
197,6566,29,0.8194186687469482,0.6507787108421326,0.1253170669078827,0.9432553648948669,786,351
197,6566,30,0.7307341694831848,0.5775009989738464,0.03143132105469704,0.9460843801498413,701,311
197,6566,31,0.8606694936752319,0.6482744216918945,0.0900086984038353,0.9440542459487915,826,350
197,6566,32,0.7443382143974304,0.6389431357383728,3.149534677504562e-05,0.9712276458740234,714,345
198,6600,0,0.8509827852249146,0.16582977771759033,-6.341878906823695e-05,0.999046802520752,816,89
198,6600,1,0.8489391803741455,0.15541794896125793,0.0021908150520175695,0.998437762260437,814,83
198,6600,2,0.8470638990402222,0.15476220846176147,0.0020930059254169464,0.9977784752845764,813,83
198,6600,3,0.8450724482536316,0.1542116403579712,0.0021551810204982758,0.9983134269714355,811,83
198,6600,4,0.8526066541671753,0.15669558942317963,-0.010734090581536293,0.9991481304168701,818,84
198,6600,5,0.8533852100372314,0.15697288513183594,-0.010933094657957554,0.9993032217025757,819,84
198,6600,6,0.8543114066123962,0.15729787945747375,-0.01101045124232769,0.999504804611206,820,84
198,6600,7,0.8381224274635315,0.1578335464000702,0.019186057150363922,0.9986770153045654,804,85
198,6600,8,0.8520205616950989,0.16233006119728088,-0.04089604318141937,0.9991446137428284,817,87
198,6600,9,0.8455744981765747,0.17655375599861145,0.009401359595358372,0.9976282715797424,811,95
198,6600,10,0.8487129807472229,0.17754094302654266,-0.008500861935317516,0.9985804557800293,814,95
198,6600,11,0.8167896866798401,0.22196026146411896,0.06936996430158615,0.9996387362480164,784,119
198,6600,12,0.8421352505683899,0.22620579600334167,-0.07723987847566605,0.9999299049377441,808,122
198,6600,13,0.8094053268432617,0.3012072443962097,0.09583652019500732,0.03940042480826378,777,162
198,6600,14,0.844405472278595,0.3243629038333893,-0.08877134323120117,0.983204185962677,810,175
198,6600,15,0.8186694383621216,0.35004112124443054,0.07344077527523041,0.027076734229922295,785,189
198,6600,16,0.8393121957778931,0.40858596563339233,-0.059962574392557144,0.9111545085906982,805,220
198,6600,17,0.8198224306106567,0.3636417090892792,0.0738542228937149,0.03940621018409729,787,196
198,6600,18,0.8365625143051147,0.4319015443325043,-0.07010431587696075,0.838736355304718,803,233
198,6600,19,0.8225788474082947,0.36147987842559814,0.06012081354856491,0.03873264044523239,789,195
198,6600,20,0.8370583653450012,0.43639734387397766,-0.07179484516382217,0.8257574439048767,803,235
198,6600,21,0.8232342600822449,0.35659313201904297,0.06732287257909775,0.035268936306238174,790,192
198,6600,22,0.8373979926109314,0.4272494316101074,-0.06004231050610542,0.7482580542564392,803,230
198,6600,23,0.8134868741035461,0.3894205391407013,0.04574209079146385,0.9999695420265198,780,210
198,6600,24,0.8177837133407593,0.3901814818382263,-0.04588835686445236,0.9999825358390808,785,210
198,6600,25,0.8344592452049255,0.5100031495094299,0.0668143704533577,0.8546760082244873,801,275
198,6600,26,0.8122503757476807,0.5096584558486938,-0.023839741945266724,0.9794918298721313,779,275
198,6600,27,0.8308916091918945,0.6247974038124084,0.10695779323577881,0.9615222811698914,797,337
198,6600,28,0.7580376863479614,0.5725154280662537,0.05079078674316406,0.990658164024353,727,309
198,6600,29,0.819175124168396,0.6527336835861206,0.10772328823804855,0.9453916549682617,786,352
198,6600,30,0.7487155795097351,0.5869883894920349,0.05684894695878029,0.9455133080482483,718,316
198,6600,31,0.8417096734046936,0.6551812887191772,0.06610078364610672,0.9477960467338562,808,353
198,6600,32,0.7512779235839844,0.6325912475585938,0.022791313007473946,0.9725319147109985,721,341
199,6633,0,0.8530383706092834,0.16324520111083984,0.0004679615085478872,0.9989453554153442,818,88
199,6633,1,0.8498947620391846,0.15279632806777954,0.0019013106357306242,0.9983124136924744,815,82
199,6633,2,0.8478519320487976,0.1523214727640152,0.0018025960307568312,0.997521162033081,813,82
199,6633,3,0.8457173705101013,0.15199539065361023,0.0018578454619273543,0.998112678527832,811,82
199,6633,4,0.8533945083618164,0.1540369987487793,-0.010379953309893608,0.9991302490234375,819,83
199,6633,5,0.8540533781051636,0.15445217490196228,-0.010578809306025505,0.9992875456809998,819,83
199,6633,6,0.854787290096283,0.15491914749145508,-0.01065024547278881,0.9995086193084717,820,83
199,6633,7,0.8388656377792358,0.15604688227176666,0.01661047153174877,0.9984895586967468,805,84
199,6633,8,0.8527306914329529,0.16124676167964935,-0.041171733289957047,0.9991516470909119,818,87
199,6633,9,0.8471072912216187,0.1748029738664627,0.009034044109284878,0.9974291920661926,813,94
199,6633,10,0.8504964709281921,0.17594145238399506,-0.008074138313531876,0.9985537528991699,816,95
199,6633,11,0.8154743313789368,0.22188468277454376,0.0566503182053566,0.9995708465576172,782,119
199,6633,12,0.8456181287765503,0.2264673113822937,-0.07144665718078613,0.9999303817749023,811,122
199,6633,13,0.8053209185600281,0.29517003893852234,0.09412941336631775,0.03659072518348694,773,159
199,6633,14,0.8477360606193542,0.32587113976478577,-0.08001088351011276,0.982676088809967,813,175
199,6633,15,0.8162834048271179,0.3393375277519226,0.10494384914636612,0.024772658944129944,783,183
199,6633,16,0.8417292237281799,0.4093531370162964,-0.051882967352867126,0.9138115644454956,808,221
199,6633,17,0.8168805241584778,0.3491581678390503,0.10982485115528107,0.036208394914865494,784,188
199,6633,18,0.8382059931755066,0.43251243233680725,-0.06077924743294716,0.8424630761146545,804,233
199,6633,19,0.8199113011360168,0.347659707069397,0.09745196998119354,0.035576462745666504,787,187
199,6633,20,0.8382298350334167,0.4386405646800995,-0.06337472051382065,0.8299769759178162,804,236
199,6633,21,0.8209540843963623,0.34456852078437805,0.10028532147407532,0.03243778273463249,788,186
199,6633,22,0.8385565876960754,0.428266316652298,-0.05249474197626114,0.753555417060852,805,231
199,6633,23,0.8130901455879211,0.3884813189506531,0.03953654691576958,0.9999687075614929,780,209
199,6633,24,0.8207104206085205,0.390923410654068,-0.03969581425189972,0.9999827146530151,787,211
199,6633,25,0.8342331051826477,0.5145735740661621,0.06208135560154915,0.855858325958252,800,277
199,6633,26,0.8167032599449158,0.5084792375564575,-0.012071563862264156,0.9784407019615173,784,274
199,6633,27,0.8289117217063904,0.6256122589111328,0.09978874027729034,0.9617602229118347,795,337
199,6633,28,0.7735140323638916,0.573993980884552,0.05146121606230736,0.9902811646461487,742,309
199,6633,29,0.8204732537269592,0.6531097888946533,0.10070871561765671,0.9417361617088318,787,352
199,6633,30,0.7640143036842346,0.5890214443206787,0.05685083568096161,0.9426065683364868,733,318
199,6633,31,0.8394734263420105,0.6571703553199768,0.06614605337381363,0.9465204477310181,805,354
199,6633,32,0.777843713760376,0.6310549378395081,0.025332441553473473,0.9720661044120789,746,340
200,6666,0,0.859828531742096,0.16330768167972565,-0.005462493281811476,0.9990266561508179,825,88
200,6666,1,0.8576806783676147,0.1526755690574646,-0.009991797618567944,0.9984625577926636,823,82
200,6666,2,0.8555098176002502,0.15207521617412567,-0.010096260346472263,0.9977439045906067,821,82
200,6666,3,0.8529506921768188,0.15155906975269318,-0.010033530183136463,0.9982832670211792,818,81
200,6666,4,0.8620529770851135,0.15401916205883026,-0.020166775211691856,0.9992062449455261,827,83
200,6666,5,0.863045871257782,0.15440768003463745,-0.02035975456237793,0.9993495941162109,828,83
200,6666,6,0.8640317320823669,0.15483608841896057,-0.020384864881634712,0.9995520114898682,829,83
200,6666,7,0.8470098376274109,0.15537716448307037,-0.008142884820699692,0.9986271262168884,813,83
200,6666,8,0.862510621547699,0.160685732960701,-0.05877767503261566,0.9992256164550781,828,86
200,6666,9,0.854204535484314,0.174388125538826,-0.001507732318714261,0.9976438879966736,820,94
200,6666,10,0.8585678339004517,0.17548027634620667,-0.015184106305241585,0.9986704587936401,824,94
200,6666,11,0.823028028011322,0.2217896431684494,0.030804693698883057,0.9995946884155273,790,119
200,6666,12,0.8579679131507874,0.22755466401576996,-0.08165547996759415,0.9999330639839172,823,122
200,6666,13,0.8122250437736511,0.2981582581996918,0.07635384052991867,0.03637484461069107,779,161
200,6666,14,0.8615818023681641,0.32755041122436523,-0.0834098756313324,0.9797441959381104,827,176
200,6666,15,0.8195914030075073,0.3410598039627075,0.09301813691854477,0.023193202912807465,786,184
200,6666,16,0.857598602771759,0.40868836641311646,-0.038674332201480865,0.9114335775375366,823,220
200,6666,17,0.819177508354187,0.3600022792816162,0.0981813445687294,0.03416803106665611,786,194
200,6666,18,0.8563725352287292,0.43101969361305237,-0.04442702606320381,0.8423768281936646,822,232
200,6666,19,0.8223198652267456,0.35546621680259705,0.085439532995224,0.033497247844934464,789,191
200,6666,20,0.855586588382721,0.43454310297966003,-0.04716159775853157,0.8291587233543396,821,234
200,6666,21,0.8238343596458435,0.34768402576446533,0.08831127732992172,0.03063538856804371,790,187
200,6666,22,0.8555389046669006,0.42458924651145935,-0.038789115846157074,0.7533293962478638,821,229
200,6666,23,0.8166837096214294,0.3893119692802429,0.04003865271806717,0.9999709129333496,784,210
200,6666,24,0.8373076319694519,0.39358484745025635,-0.04020333290100098,0.9999840259552002,803,212
200,6666,25,0.8314798474311829,0.5107835531234741,0.09145405143499374,0.8662803173065186,798,275
200,6666,26,0.8417073488235474,0.5117201209068298,0.03034651279449463,0.979348361492157,808,276
200,6666,27,0.7871554493904114,0.5778756141662598,0.14025354385375977,0.9638214707374573,755,312
200,6666,28,0.8284158706665039,0.6168181896209717,0.09072531014680862,0.9910280704498291,795,333
200,6666,29,0.7721388339996338,0.5774217247962952,0.1441061794757843,0.944243311882019,741,311
200,6666,30,0.8182840347290039,0.6399945020675659,0.09611573815345764,0.9473296999931335,785,345
200,6666,31,0.779419481754303,0.6318854093551636,0.13017013669013977,0.9488092660903931,748,341
200,6666,32,0.8586217761039734,0.6401219964027405,0.07263152301311493,0.9740003943443298,824,345
201,6700,0,0.864658534526825,0.16090773046016693,0.0007205341244116426,0.9990822672843933,830,86
201,6700,1,0.8609265089035034,0.15031759440898895,-0.00525433337315917,0.9985834956169128,826,81
201,6700,2,0.8588245511054993,0.14984998106956482,-0.0053642187267541885,0.9979280829429626,824,80
201,6700,3,0.8566678762435913,0.1495065689086914,-0.005307970102876425,0.9984246492385864,822,80
201,6700,4,0.8651270270347595,0.15186776220798492,-0.015438095666468143,0.9992660880088806,830,82
201,6700,5,0.865965723991394,0.1523641049861908,-0.015628069639205933,0.9993995428085327,831,82
201,6700,6,0.8668224215507507,0.15283407270908356,-0.0156497023999691,0.9995870590209961,832,82
201,6700,7,0.8488499522209167,0.1535431444644928,-0.009197142906486988,0.9987472891807556,814,82
201,6700,8,0.8643646240234375,0.15857186913490295,-0.058782752603292465,0.9992877840995789,829,85
201,6700,9,0.858360230922699,0.1720578372478485,0.002944800304248929,0.9978275299072266,824,92
201,6700,10,0.8627620935440063,0.17348702251911163,-0.011269706301391125,0.998769223690033,828,93
201,6700,11,0.8222540616989136,0.2217160016298294,0.024328211322426796,0.9996214509010315,789,119
201,6700,12,0.8600866794586182,0.22816018760204315,-0.07865819334983826,0.9999361038208008,825,123
201,6700,13,0.8139289021492004,0.29917481541633606,0.07798703014850616,0.03614422306418419,781,161
201,6700,14,0.8628064393997192,0.3312686085700989,-0.07178419083356857,0.9757601618766785,828,178
201,6700,15,0.8181360960006714,0.3490613102912903,0.11550209671258926,0.021688085049390793,785,188
201,6700,16,0.8607261180877686,0.4085184335708618,-0.025559235364198685,0.9075949192047119,826,220
201,6700,17,0.8185036182403564,0.3685753643512726,0.12333399802446365,0.032207999378442764,785,199
201,6700,18,0.859629213809967,0.4308549165725708,-0.029899366199970245,0.8417224287986755,825,232
201,6700,19,0.821684718132019,0.36743271350860596,0.11175286769866943,0.03149310126900673,788,198
201,6700,20,0.8579519391059875,0.4332990050315857,-0.03289604187011719,0.8280202150344849,823,233
201,6700,21,0.8234927654266357,0.3613620400428772,0.11212310940027237,0.028866542503237724,790,195
201,6700,22,0.8579550385475159,0.42383235692977905,-0.02579938992857933,0.7525460124015808,823,228
201,6700,23,0.8185173869132996,0.3919679820537567,0.03713211789727211,0.9999729990959167,785,211
201,6700,24,0.8403963446617126,0.3981209099292755,-0.0373026542365551,0.9999852776527405,806,214
201,6700,25,0.8327221274375916,0.5080532431602478,0.09139636904001236,0.8763988614082336,799,274
201,6700,26,0.8435459136962891,0.5147527456283569,0.037094395607709885,0.9799983501434326,809,277
201,6700,27,0.7835550308227539,0.570318341255188,0.13950476050376892,0.966177225112915,752,307
201,6700,28,0.8310379385948181,0.6251801252365112,0.09225643426179886,0.9917190670967102,797,337
201,6700,29,0.7681378722190857,0.5724322199821472,0.1419811248779297,0.9474935531616211,737,309
201,6700,30,0.8212515115737915,0.6499184370040894,0.09722193330526352,0.9517796635627747,788,350
201,6700,31,0.7785945534706116,0.627571165561676,0.12083134800195694,0.9516088962554932,747,338
201,6700,32,0.8629270792007446,0.6432995796203613,0.07342901080846786,0.9758208394050598,828,347
202,6733,0,0.8708118200302124,0.15976695716381073,-0.014265750534832478,0.9991342425346375,835,86
202,6733,1,0.8682849407196045,0.14925196766853333,-0.01741480641067028,0.9986833930015564,833,80
202,6733,2,0.8659057021141052,0.1487695872783661,-0.017539286985993385,0.9980850219726562,831,80
202,6733,3,0.863630473613739,0.14842411875724792,-0.0174687709659338,0.9985371828079224,829,80
202,6733,4,0.8724976778030396,0.1505240797996521,-0.028728051111102104,0.9993157982826233,837,81
202,6733,5,0.8735209107398987,0.15088362991809845,-0.02891872450709343,0.9994439482688904,838,81
202,6733,6,0.8745962381362915,0.15115852653980255,-0.028964031487703323,0.9996176958084106,839,81
202,6733,7,0.8567742109298706,0.15255935490131378,-0.014028445817530155,0.998841404914856,822,82
202,6733,8,0.8731146454811096,0.1565479040145874,-0.06703466922044754,0.99934321641922,838,84
202,6733,9,0.8654891848564148,0.17088548839092255,-0.00877181813120842,0.99796462059021,830,92
202,6733,10,0.8698045015335083,0.17181405425071716,-0.024354638531804085,0.9988479018211365,835,92
202,6733,11,0.8339639902114868,0.22121462225914001,0.026402326300740242,0.9996364712715149,800,119
202,6733,12,0.8662822246551514,0.22811274230480194,-0.08366667479276657,0.9999399781227112,831,123
202,6733,13,0.8248604536056519,0.30006226897239685,0.06884710490703583,0.035878293216228485,791,162
202,6733,14,0.8706754446029663,0.3342916667461395,-0.08528999984264374,0.977254331111908,835,180
202,6733,15,0.8282262682914734,0.3678865432739258,0.10093560069799423,0.02084854245185852,795,198
202,6733,16,0.8726702332496643,0.4143221974372864,-0.04518471658229828,0.9157590866088867,837,223
202,6733,17,0.8262342214584351,0.38224467635154724,0.11749361455440521,0.031331777572631836,793,206
202,6733,18,0.8731968998908997,0.43606793880462646,-0.053661830723285675,0.8555925488471985,838,235
202,6733,19,0.8297837376594543,0.3829488754272461,0.10498891770839691,0.030532438308000565,796,206
202,6733,20,0.873123288154602,0.4368305802345276,-0.05423123016953468,0.8430079221725464,838,235
202,6733,21,0.8321534991264343,0.3786756098270416,0.09947269409894943,0.028066614642739296,798,204
202,6733,22,0.8722048997879028,0.42919087409973145,-0.04471098259091377,0.7736093401908875,837,231
202,6733,23,0.8259918093681335,0.39207783341407776,0.039360277354717255,0.9999739527702332,792,211
202,6733,24,0.8462716341018677,0.3982991874217987,-0.03952578082680702,0.9999862313270569,812,215
202,6733,25,0.8425620794296265,0.4971994459629059,0.11757326871156693,0.8816955089569092,808,268
202,6733,26,0.8480203151702881,0.5146547555923462,0.044467493891716,0.9809524416923523,814,277
202,6733,27,0.7881495356559753,0.5708678960800171,0.18068565428256989,0.9675552248954773,756,308
202,6733,28,0.831541121006012,0.6255421042442322,0.10673141479492188,0.9924158453941345,798,337
202,6733,29,0.7763674259185791,0.5727692246437073,0.1854538917541504,0.9496086239814758,745,309
202,6733,30,0.8213650584220886,0.6509171724319458,0.11220209300518036,0.9560215473175049,788,351
202,6733,31,0.7881373763084412,0.6209924817085266,0.17009662091732025,0.9533489346504211,756,335
202,6733,32,0.8606882095336914,0.6438857913017273,0.08597695827484131,0.9777246713638306,826,347
203,6766,0,0.8739107251167297,0.15613166987895966,-0.03203101083636284,0.9992080926895142,838,84
203,6766,1,0.8706799745559692,0.14567409455776215,-0.0336616076529026,0.998799204826355,835,78
203,6766,2,0.8687570691108704,0.14537151157855988,-0.03379739448428154,0.9982598423957825,834,78
203,6766,3,0.8660953044891357,0.14506588876247406,-0.03372807428240776,0.998665988445282,831,78
203,6766,4,0.8740807771682739,0.14685559272766113,-0.04627864807844162,0.999376118183136,839,79
203,6766,5,0.8747261166572571,0.14729264378547668,-0.04646557196974754,0.9994950890541077,839,79
203,6766,6,0.8754052519798279,0.14758232235908508,-0.04650898650288582,0.9996523857116699,840,79
203,6766,7,0.8586985468864441,0.14970573782920837,-0.026642709970474243,0.9989477396011353,824,80
203,6766,8,0.8724548816680908,0.15336768329143524,-0.08367493748664856,0.9994048476219177,837,82
203,6766,9,0.8681677579879761,0.16797995567321777,-0.024543220177292824,0.9981440901756287,833,90
203,6766,10,0.8717871308326721,0.16919304430484772,-0.041934382170438766,0.9989514946937561,836,91
203,6766,11,0.8360939621925354,0.21943892538547516,0.018159151077270508,0.9996625185012817,802,118
203,6766,12,0.867431104183197,0.22846075892448425,-0.10323292762041092,0.9999452233314514,832,123
203,6766,13,0.8289507031440735,0.30291032791137695,0.061845239251852036,0.03554943948984146,795,163
203,6766,14,0.8689318895339966,0.33391889929771423,-0.0921199694275856,0.9790079593658447,834,180
203,6766,15,0.838063657283783,0.3797064423561096,0.08848995715379715,0.020422639325261116,804,205
203,6766,16,0.8735142350196838,0.41893795132637024,-0.053170181810855865,0.9239853024482727,838,226
203,6766,17,0.8374801874160767,0.3921642303466797,0.1050088107585907,0.03190557286143303,803,211
203,6766,18,0.8739685416221619,0.44183412194252014,-0.0607827752828598,0.8697260022163391,839,238
203,6766,19,0.8408313989639282,0.3935989439487457,0.08620135486125946,0.03108956106007099,807,212
203,6766,20,0.8744575381278992,0.44256314635276794,-0.06315233558416367,0.8583595752716064,839,238
203,6766,21,0.8424831628799438,0.3904278874397278,0.08463764190673828,0.028895165771245956,808,210
203,6766,22,0.8735120296478271,0.4347657561302185,-0.05313779413700104,0.795637309551239,838,234
203,6766,23,0.8280317783355713,0.3921010196208954,0.04056093841791153,0.9999754428863525,794,211
203,6766,24,0.8481077551841736,0.39842504262924194,-0.04072485864162445,0.9999873042106628,814,215
203,6766,25,0.8447434902191162,0.49533143639564514,0.12739305198192596,0.8881811499595642,810,267
203,6766,26,0.8489617109298706,0.5145426392555237,0.05162001773715019,0.9823467135429382,815,277
203,6766,27,0.7895115613937378,0.5708749294281006,0.19596368074417114,0.9696711301803589,757,308
203,6766,28,0.8330342173576355,0.6272896528244019,0.11811022460460663,0.9931226372718811,799,338
203,6766,29,0.7803825736045837,0.5742293000221252,0.20141850411891937,0.9529677629470825,749,310
203,6766,30,0.8213857412338257,0.6525744199752808,0.12400887906551361,0.9601713418960571,788,352
203,6766,31,0.7921397089958191,0.6199561357498169,0.18770970404148102,0.9563857913017273,760,334
203,6766,32,0.8630610108375549,0.6463759541511536,0.09816789627075195,0.9797251224517822,828,349
204,6800,0,0.8780226111412048,0.1548718363046646,-0.007611831184476614,0.9992768168449402,842,83
204,6800,1,0.8749850392341614,0.14425234496593475,-0.011876561678946018,0.998904824256897,839,77
204,6800,2,0.8729985952377319,0.1439555287361145,-0.011997582390904427,0.9984166026115417,838,77
204,6800,3,0.8707107901573181,0.1437167376279831,-0.011914919130504131,0.998783528804779,835,77
204,6800,4,0.8798816800117493,0.1453825980424881,-0.022631458938121796,0.9994312524795532,844,78
204,6800,5,0.8810940384864807,0.14571066200733185,-0.02282564900815487,0.9995411038398743,845,78
204,6800,6,0.8823482394218445,0.14594365656375885,-0.0228613018989563,0.9996837973594666,847,78
204,6800,7,0.8642286658287048,0.1485005021095276,-0.020362315699458122,0.9990414977073669,829,80
204,6800,8,0.8827049136161804,0.1520620882511139,-0.06811272352933884,0.999458909034729,847,82
204,6800,9,0.8729619979858398,0.16611479222774506,-0.005029645282775164,0.9983057379722595,838,89
204,6800,10,0.8775632977485657,0.16732244193553925,-0.020139161497354507,0.9990429878234863,842,90
204,6800,11,0.8419915437698364,0.21924138069152832,0.026553133502602577,0.9996883869171143,808,118
204,6800,12,0.87589031457901,0.22734004259109497,-0.09872546046972275,0.9999501705169678,840,122
204,6800,13,0.8357544541358948,0.30095797777175903,0.06429567188024521,0.03871772438287735,802,162
204,6800,14,0.8762250542640686,0.33068373799324036,-0.09395734965801239,0.9804794788360596,841,178
204,6800,15,0.8433526754379272,0.37953758239746094,0.09696047008037567,0.020437296479940414,809,204
204,6800,16,0.8838093280792236,0.4118567109107971,-0.054476819932460785,0.9305533766746521,848,222
204,6800,17,0.8423875570297241,0.38988256454467773,0.10599606484174728,0.03223060443997383,808,210
204,6800,18,0.8855489492416382,0.43588241934776306,-0.067966029047966,0.8810135126113892,850,235
204,6800,19,0.8461378216743469,0.39158934354782104,0.09134915471076965,0.03136172518134117,812,211
204,6800,20,0.8858420848846436,0.4362986981868744,-0.06761255115270615,0.870568037033081,850,235
204,6800,21,0.8479746580123901,0.38926610350608826,0.09280456602573395,0.02921244129538536,814,210
204,6800,22,0.8845208287239075,0.4309364855289459,-0.05427497252821922,0.8126846551895142,849,232
204,6800,23,0.8335553407669067,0.38594967126846313,0.044198401272296906,0.9999772310256958,800,208
204,6800,24,0.8522096872329712,0.39230573177337646,-0.044335976243019104,0.9999884366989136,818,211
204,6800,25,0.848807692527771,0.48493120074272156,0.1496538370847702,0.8879051208496094,814,261
204,6800,26,0.8533886671066284,0.50998854637146,0.023204173892736435,0.983853816986084,819,275
204,6800,27,0.8139082193374634,0.5710650086402893,0.22857488691806793,0.9703066349029541,781,308
204,6800,28,0.8326299786567688,0.6242099404335022,0.05347124859690666,0.9937416911125183,799,337
204,6800,29,0.8015629649162292,0.581766664981842,0.23431549966335297,0.9550657272338867,769,314
204,6800,30,0.8210592865943909,0.648919403553009,0.05556317791342735,0.9637022018432617,788,350
204,6800,31,0.8274183869361877,0.5990135669708252,0.22305434942245483,0.9573310017585754,794,323
204,6800,32,0.8614658713340759,0.6459947824478149,0.021253149956464767,0.9814631342887878,827,348
205,6833,0,0.878926694393158,0.15414288640022278,-0.020723337307572365,0.9993429183959961,843,83
205,6833,1,0.8759182691574097,0.14331719279289246,-0.022425489500164986,0.9990054368972778,840,77
205,6833,2,0.8739961385726929,0.14291538298130035,-0.02254423499107361,0.9985648989677429,839,77
205,6833,3,0.8719150424003601,0.14255128800868988,-0.02246241085231304,0.9988957643508911,837,76
205,6833,4,0.8800007700920105,0.14465555548667908,-0.03400617465376854,0.9994832277297974,844,78
205,6833,5,0.8810107707977295,0.14494501054286957,-0.034201398491859436,0.9995839595794678,845,78
205,6833,6,0.8820061087608337,0.14511866867542267,-0.034224435687065125,0.9997129440307617,846,78
205,6833,7,0.8653830289840698,0.14745987951755524,-0.017492128536105156,0.99913090467453,830,79
205,6833,8,0.8804940581321716,0.15056438744068146,-0.07024744153022766,0.999508798122406,845,81
205,6833,9,0.8738857507705688,0.16525380313396454,-0.013665689155459404,0.9984586834907532,838,89
205,6833,10,0.8778316378593445,0.166353240609169,-0.02994263917207718,0.9991288781166077,842,89
205,6833,11,0.8444690704345703,0.21894711256027222,0.029131703078746796,0.999709963798523,810,118
205,6833,12,0.8751966953277588,0.22559618949890137,-0.0981941744685173,0.9999542236328125,840,121
205,6833,13,0.8419948816299438,0.3025772273540497,0.06427066773176193,0.04418643191456795,808,163
205,6833,14,0.8761537075042725,0.3260304629802704,-0.09234051406383514,0.9820862412452698,841,176
205,6833,15,0.852586567401886,0.37996166944503784,0.07576120644807816,0.020998137071728706,818,205
205,6833,16,0.8857139945030212,0.4045351445674896,-0.05746286362409592,0.9368082880973816,850,218
205,6833,17,0.8517959117889404,0.38996100425720215,0.0810764729976654,0.033035725355148315,817,210
205,6833,18,0.8876414895057678,0.4265046715736389,-0.06987988203763962,0.8917461633682251,852,230
205,6833,19,0.856396496295929,0.3921189308166504,0.06561487168073654,0.03210008144378662,822,211
205,6833,20,0.8880776166915894,0.4270596206188202,-0.06967756897211075,0.8821955919265747,852,230
205,6833,21,0.8580342531204224,0.3900754153728485,0.07052907347679138,0.03001944161951542,823,210
205,6833,22,0.886766791343689,0.42183712124824524,-0.057187769562006,0.8290300369262695,851,227
205,6833,23,0.8369635939598083,0.38540181517601013,0.04437040165066719,0.9999781847000122,803,208
205,6833,24,0.8544206619262695,0.39217472076416016,-0.044498223811388016,0.9999892711639404,820,211
205,6833,25,0.8496703505516052,0.4869367778301239,0.14289936423301697,0.8911174535751343,815,262
205,6833,26,0.8547049164772034,0.5090807676315308,0.01792713813483715,0.9853172302246094,820,274
205,6833,27,0.818300187587738,0.5731138586997986,0.21870499849319458,0.9712259769439697,785,309
205,6833,28,0.8329253792762756,0.6235179901123047,0.05574006214737892,0.9943220615386963,799,336
205,6833,29,0.8064242005348206,0.5840307474136353,0.2240711897611618,0.9569563865661621,774,315
205,6833,30,0.8220323920249939,0.6477535367012024,0.05860564857721329,0.9670153260231018,789,349
205,6833,31,0.8340346813201904,0.5979685187339783,0.2103814333677292,0.9592325687408447,800,322
205,6833,32,0.8626213669776917,0.6460649967193604,0.026183009147644043,0.9831410646438599,828,348
206,6866,0,0.8825376033782959,0.1555822640657425,0.033172473311424255,0.9993647933006287,847,84
206,6866,1,0.8802168965339661,0.1444254368543625,0.026526274159550667,0.9990341067314148,845,77
206,6866,2,0.8778380751609802,0.14375753700733185,0.02640906348824501,0.9986251592636108,842,77
206,6866,3,0.8750794529914856,0.14319951832294464,0.02644476853311062,0.9989253282546997,840,77
206,6866,4,0.8854984045028687,0.14610596001148224,0.016761483624577522,0.9995031952857971,850,78
206,6866,5,0.8869982361793518,0.14641448855400085,0.016610173508524895,0.9996066689491272,851,79
206,6866,6,0.888543963432312,0.1467016637325287,0.016576161608099937,0.999729335308075,853,79
206,6866,7,0.868299126625061,0.14756181836128235,0.002976959804072976,0.9991751313209534,833,79
206,6866,8,0.8896414637565613,0.15154002606868744,-0.04119851440191269,0.999544620513916,854,81
206,6866,9,0.8770695924758911,0.165550097823143,0.029430294409394264,0.9985565543174744,841,89
206,6866,10,0.8822906613349915,0.16715961694717407,0.015504715964198112,0.9991919994354248,846,90
206,6866,11,0.8447644114494324,0.2193785160779953,0.028309600427746773,0.9997320175170898,810,118
206,6866,12,0.8842820525169373,0.22522634267807007,-0.08166393637657166,0.9999585747718811,848,121
206,6866,13,0.8368061184883118,0.3018447458744049,0.06316269934177399,0.049746546894311905,803,162
206,6866,14,0.88587486743927,0.3143956959247589,-0.08247385174036026,0.9831125140190125,850,169
206,6866,15,0.8441722393035889,0.3679332137107849,0.07678614556789398,0.024597186595201492,810,198
206,6866,16,0.9018732905387878,0.39419108629226685,-0.05326899141073227,0.9429031610488892,865,212
206,6866,17,0.845576822757721,0.380116730928421,0.08176266402006149,0.038999855518341064,811,205
206,6866,18,0.9037681221961975,0.417742520570755,-0.06518842279911041,0.9021706581115723,867,225
206,6866,19,0.8486263155937195,0.3812094032764435,0.06966633349657059,0.038033027201890945,814,205
206,6866,20,0.9049555063247681,0.4192565381526947,-0.0643087774515152,0.8935290575027466,868,226
206,6866,21,0.8499839305877686,0.3832828402519226,0.07200422137975693,0.03521859645843506,815,206
206,6866,22,0.9039594531059265,0.4123516380786896,-0.052744511514902115,0.8452427387237549,867,222
206,6866,23,0.8426362872123718,0.38320693373680115,0.0408794991672039,0.9999767541885376,808,206
206,6866,24,0.8597761392593384,0.38859695196151733,-0.04099821299314499,0.9999897480010986,825,209
206,6866,25,0.8601941466331482,0.4708877205848694,0.16492648422718048,0.8273123502731323,825,254
206,6866,26,0.854780912399292,0.5092948079109192,0.02021385356783867,0.9830288290977478,820,275
206,6866,27,0.8545461297035217,0.5155215859413147,0.278482049703598,0.9117226600646973,820,278
206,6866,28,0.8329528570175171,0.6245611310005188,0.057831741869449615,0.99295574426651,799,337
206,6866,29,0.8517048358917236,0.5259765982627869,0.28877609968185425,0.9213598966598511,817,284
206,6866,30,0.8231428861618042,0.6484483480453491,0.060818810015916824,0.9629738926887512,790,350
206,6866,31,0.8602254986763,0.5299376845359802,0.2985650599002838,0.894722580909729,825,286
206,6866,32,0.8622773885726929,0.6462374329566956,0.032183460891246796,0.9764257073402405,827,348
207,6900,0,0.8833131790161133,0.1557450145483017,0.03795204311609268,0.999392569065094,847,84
207,6900,1,0.8811923861503601,0.14456216990947723,0.03276132047176361,0.999078094959259,845,78
207,6900,2,0.8786817193031311,0.14385183155536652,0.032653726637363434,0.9986943006515503,843,77
207,6900,3,0.8763056993484497,0.14327241480350494,0.03268599882721901,0.9989761114120483,841,77
207,6900,4,0.8860770463943481,0.14628291130065918,0.022693632170557976,0.9995270371437073,850,78
207,6900,5,0.8874589800834656,0.1466216742992401,0.02253868244588375,0.9996277689933777,851,79
207,6900,6,0.8891507983207703,0.14694060385227203,0.022506926208734512,0.99974524974823,853,79
207,6900,7,0.8699729442596436,0.14751629531383514,0.013651429675519466,0.9992164969444275,835,79
207,6900,8,0.8893076181411743,0.15173956751823425,-0.03165785223245621,0.9995719194412231,853,81
207,6900,9,0.8778581023216248,0.1658417284488678,0.03569728136062622,0.9986462593078613,842,89
207,6900,10,0.8831413388252258,0.16746199131011963,0.021414507180452347,0.9992448687553406,847,90
207,6900,11,0.8456715941429138,0.21937528252601624,0.028985777869820595,0.9997519850730896,811,118
207,6900,12,0.8861544132232666,0.22457116842269897,-0.07220295816659927,0.999962329864502,850,121
207,6900,13,0.83713299036026,0.30193763971328735,0.06350111961364746,0.05326974391937256,803,163
207,6900,14,0.8871781229972839,0.3122561275959015,-0.07677352428436279,0.9837740063667297,851,168
207,6900,15,0.8444433212280273,0.36802834272384644,0.07152315229177475,0.025524023920297623,810,198
207,6900,16,0.9040079712867737,0.39106881618499756,-0.052222125232219696,0.9479255676269531,867,211
207,6900,17,0.844557523727417,0.3807971477508545,0.07486680895090103,0.04015239328145981,810,205
207,6900,18,0.9061700701713562,0.4152340590953827,-0.06432484090328217,0.9106088280677795,869,224
207,6900,19,0.8472822308540344,0.3817512094974518,0.0637110248208046,0.03903897479176521,813,206
207,6900,20,0.9068738222122192,0.41708841919898987,-0.06373782455921173,0.9026386141777039,870,225
207,6900,21,0.8499979376792908,0.38257649540901184,0.06755557656288147,0.03585917130112648,815,206
207,6900,22,0.9059830904006958,0.4104292690753937,-0.05189028009772301,0.8577520847320557,869,221
207,6900,23,0.8445495963096619,0.3806949853897095,0.04008907452225685,0.9999764561653137,810,205
207,6900,24,0.8612666726112366,0.3852873146533966,-0.040211260318756104,0.9999901652336121,826,208
207,6900,25,0.85802161693573,0.4776872396469116,0.1462613046169281,0.7826144695281982,823,257
207,6900,26,0.8557449579238892,0.508364200592041,0.011277063749730587,0.9809473156929016,821,274
207,6900,27,0.8474740982055664,0.5430653095245361,0.23607805371284485,0.8718359470367432,813,293
207,6900,28,0.8340529203414917,0.6265052556991577,0.03645813465118408,0.9915226101875305,800,338
207,6900,29,0.8433626294136047,0.5540984272956848,0.24340325593948364,0.8919694423675537,809,299
207,6900,30,0.823289155960083,0.6509131193161011,0.03791704401373863,0.9577450156211853,790,351
207,6900,31,0.8522666096687317,0.5696449875831604,0.24025553464889526,0.8456785678863525,818,307
207,6900,32,0.8619679808616638,0.6462773680686951,0.005529158283025026,0.969905436038971,827,348
208,6933,0,0.8929626941680908,0.15578579902648926,0.007585079409182072,0.9994120597839355,857,84
208,6933,1,0.8910043239593506,0.1445973664522171,0.00203698524273932,0.9991172552108765,855,78
208,6933,2,0.88868248462677,0.1439710259437561,0.0019100705394521356,0.9987555742263794,853,77
208,6933,3,0.8857573866844177,0.14348731935024261,0.0019411057000979781,0.9990301132202148,850,77
208,6933,4,0.8953288793563843,0.14640988409519196,-0.00964631512761116,0.9995413422584534,859,79
208,6933,5,0.8965466022491455,0.14671902358531952,-0.009801695123314857,0.9996386170387268,860,79
208,6933,6,0.8976471424102783,0.14698739349842072,-0.009815986268222332,0.9997532367706299,861,79
208,6933,7,0.879445493221283,0.14768348634243011,-0.00849583838135004,0.9992588758468628,844,79
208,6933,8,0.8969684839248657,0.15179157257080078,-0.06139775365591049,0.9995794296264648,861,81
208,6933,9,0.8877000212669373,0.16607779264450073,0.008265268057584763,0.9987068772315979,852,89
208,6933,10,0.8918039798736572,0.16766905784606934,-0.007961046881973743,0.9992676377296448,856,90
208,6933,11,0.8578283190727234,0.21835336089134216,0.027351757511496544,0.9997643828392029,823,117
208,6933,12,0.8923298120498657,0.22235462069511414,-0.09819614142179489,0.9999623894691467,856,120
208,6933,13,0.855607807636261,0.3020496964454651,0.06067265197634697,0.05638781562447548,821,163
208,6933,14,0.8959022164344788,0.3140571713447571,-0.10201209038496017,0.9815402626991272,860,169
208,6933,15,0.8736143708229065,0.3699937164783478,0.05867995321750641,0.026213176548480988,838,199
208,6933,16,0.9070945978164673,0.3899601995944977,-0.06481553614139557,0.9436827898025513,870,210
208,6933,17,0.8762390613555908,0.38236045837402344,0.060888610780239105,0.040832530707120895,841,206
208,6933,18,0.9089539647102356,0.4109296500682831,-0.07649428397417068,0.9045751094818115,872,221
208,6933,19,0.8796091079711914,0.3821982741355896,0.047421373426914215,0.039722051471471786,844,206
208,6933,20,0.9101378917694092,0.4128290116786957,-0.07667557895183563,0.896077036857605,873,222
208,6933,21,0.8795965313911438,0.3825903534889221,0.053327158093452454,0.03640240058302879,844,206
208,6933,22,0.9081243872642517,0.4049336314201355,-0.06465557217597961,0.8472158312797546,871,218
208,6933,23,0.8531497716903687,0.3826231062412262,0.04360911622643471,0.9999728798866272,819,206
208,6933,24,0.8637162446975708,0.38672083616256714,-0.043733350932598114,0.999988317489624,829,208
208,6933,25,0.8721136450767517,0.4876005947589874,0.13917984068393707,0.7533760070800781,837,263
208,6933,26,0.8560364246368408,0.5084203481674194,0.02748197689652443,0.9747074246406555,821,274
208,6933,27,0.8522565960884094,0.574442446231842,0.2190069705247879,0.8514490127563477,818,310
208,6933,28,0.8353901505470276,0.6252193450927734,0.08132407069206238,0.9884772300720215,801,337
208,6933,29,0.8454291820526123,0.5907681584358215,0.22483579814434052,0.8741949796676636,811,319
208,6933,30,0.8249359726905823,0.6487959623336792,0.0848100334405899,0.948096752166748,791,350
208,6933,31,0.8688631057739258,0.5990927219390869,0.21303468942642212,0.8202210068702698,834,323
208,6933,32,0.8642147183418274,0.6457440257072449,0.04986221343278885,0.9609909653663635,829,348
209,6966,0,0.8934421539306641,0.15397559106349945,0.008085754700005054,0.9994281530380249,857,83
209,6966,1,0.8905956745147705,0.14285647869110107,0.0029148878529667854,0.9991418123245239,854,77
209,6966,2,0.888464629650116,0.14229035377502441,0.0027947318740189075,0.9987911581993103,852,76
209,6966,3,0.8860699534416199,0.14183077216148376,0.0028387834317982197,0.9990573525428772,850,76
209,6966,4,0.8954368233680725,0.1444421410560608,-0.009124858304858208,0.9995561838150024,859,77
209,6966,5,0.8966453075408936,0.14473329484462738,-0.009290074929594994,0.9996531009674072,860,78
209,6966,6,0.8977662324905396,0.1449437290430069,-0.009312245063483715,0.9997645616531372,861,78
209,6966,7,0.8801010847091675,0.14597344398498535,-0.007887354120612144,0.9992708563804626,844,78
209,6966,8,0.8973832726478577,0.15018749237060547,-0.06210778281092644,0.9995964765548706,861,81
209,6966,9,0.8884145617485046,0.16433602571487427,0.008884766139090061,0.9987459778785706,852,88
209,6966,10,0.8932207822799683,0.16638492047786713,-0.007812578231096268,0.9992947578430176,857,89
209,6966,11,0.8594275712966919,0.21634481847286224,0.02850264683365822,0.999768853187561,825,116
209,6966,12,0.8939109444618225,0.22126875817775726,-0.10708519071340561,0.999964714050293,858,119
209,6966,13,0.8538053035736084,0.30192723870277405,0.06271645426750183,0.05587019398808479,819,163
209,6966,14,0.8960394263267517,0.31491029262542725,-0.11103102564811707,0.9820632338523865,860,170
209,6966,15,0.8683116436004639,0.37004825472831726,0.06280532479286194,0.025258466601371765,833,199
209,6966,16,0.9069164395332336,0.3871200978755951,-0.07326145470142365,0.9478550553321838,870,209
209,6966,17,0.8701196908950806,0.38292568922042847,0.06597205251455307,0.03937705233693123,835,206
209,6966,18,0.9085500240325928,0.40830013155937195,-0.08530827611684799,0.9113887548446655,872,220
209,6966,19,0.8738227486610413,0.3827804625034332,0.05179049074649811,0.038240134716033936,838,206
209,6966,20,0.9109808206558228,0.4102790355682373,-0.08564317971467972,0.9034194946289062,874,221
209,6966,21,0.8741703033447266,0.3825969994068146,0.05719458684325218,0.03507746383547783,839,206
209,6966,22,0.9083303213119507,0.4019620716571808,-0.07286349684000015,0.85673987865448,871,217
209,6966,23,0.8563641905784607,0.3829067349433899,0.048365648835897446,0.9999728202819824,822,206
209,6966,24,0.8636594414710999,0.38741636276245117,-0.048492904752492905,0.9999885559082031,829,209
209,6966,25,0.8815842866897583,0.483944296836853,0.13207942247390747,0.7434178590774536,846,261
209,6966,26,0.8559746146202087,0.5077454447746277,0.021701719611883163,0.9733323454856873,821,274
209,6966,27,0.8513919115066528,0.5870587825775146,0.19603504240512848,0.8489692807197571,817,317
209,6966,28,0.8354609608650208,0.6245458126068115,0.06756739318370819,0.987694501876831,802,337
209,6966,29,0.8435537815093994,0.602925181388855,0.1999334841966629,0.8730079531669617,809,325
209,6966,30,0.8239880204200745,0.6474873423576355,0.07009720802307129,0.9453896284103394,791,349
209,6966,31,0.8715092539787292,0.6165722608566284,0.1822398155927658,0.8119856119155884,836,332
209,6966,32,0.8632519841194153,0.6462801098823547,0.03261297568678856,0.9577203989028931,828,348
210,7000,0,0.8999214768409729,0.15420089662075043,0.013635405339300632,0.9994488954544067,863,83
210,7000,1,0.8975204825401306,0.14313189685344696,0.00932218972593546,0.9991809129714966,861,77
210,7000,2,0.8952274322509766,0.1425682008266449,0.009214716032147408,0.998850405216217,859,76
210,7000,3,0.8929402828216553,0.1421070396900177,0.00927275512367487,0.99910968542099,857,76
210,7000,4,0.9025079011917114,0.14464110136032104,-0.002513776533305645,0.9995694756507874,866,78
210,7000,5,0.9039385318756104,0.14494745433330536,-0.002687511732801795,0.9996609091758728,867,78
210,7000,6,0.9053585529327393,0.1451919972896576,-0.0026996592059731483,0.9997706413269043,869,78
210,7000,7,0.8871546387672424,0.14621146023273468,0.0011607703054323792,0.9993070363998413,851,78
210,7000,8,0.9061751961708069,0.1504780650138855,-0.051767218858003616,0.9995954632759094,869,81
210,7000,9,0.8948741555213928,0.16456209123134613,0.01566690020263195,0.9987725019454956,859,88
210,7000,10,0.900054931640625,0.16645227372646332,-0.0008111665374599397,0.9992870092391968,864,89
210,7000,11,0.863521158695221,0.2164381593465805,0.03549223765730858,0.9997773170471191,828,116
210,7000,12,0.9002763628959656,0.22126993536949158,-0.08818332850933075,0.9999644160270691,864,119
210,7000,13,0.8553497195243835,0.30197960138320923,0.06992363929748535,0.053294479846954346,821,163
210,7000,14,0.9049749970436096,0.3123898506164551,-0.06893010437488556,0.9773821234703064,868,168
210,7000,15,0.8736406564712524,0.3660488426685333,0.07318107783794403,0.02335703931748867,838,197
210,7000,16,0.9196435213088989,0.3709200322628021,-0.0016115776961669326,0.9223195910453796,882,200
210,7000,17,0.8752353191375732,0.37834739685058594,0.0768410786986351,0.036442480981349945,840,204
210,7000,18,0.9208204746246338,0.3774457275867462,-0.006166999228298664,0.8824713230133057,883,203
210,7000,19,0.8783968091011047,0.3778854310512543,0.0646071806550026,0.03535173833370209,843,204
210,7000,20,0.920515239238739,0.37316522002220154,-0.006931903772056103,0.8725430965423584,883,201
210,7000,21,0.879263699054718,0.37517496943473816,0.06855163723230362,0.03245505690574646,844,202
210,7000,22,0.9180277585983276,0.3720380663871765,-0.0008191970409825444,0.8182288408279419,881,200
210,7000,23,0.8572243452072144,0.3833470642566681,0.04827386140823364,0.9999728202819824,822,207
210,7000,24,0.8692057132720947,0.38785281777381897,-0.04838025942444801,0.9999882578849792,834,209
210,7000,25,0.884662389755249,0.4841620624065399,0.10654041171073914,0.7316179275512695,849,261
210,7000,26,0.8624202013015747,0.5017262101173401,-0.016591856256127357,0.974382758140564,827,270
210,7000,27,0.870170533657074,0.596194863319397,0.1434183567762375,0.8519949913024902,835,321
210,7000,28,0.834938645362854,0.6238561868667603,-0.0038815687876194715,0.9880551099777222,801,336
210,7000,29,0.8645204305648804,0.6211228966712952,0.14469599723815918,0.8722960352897644,829,335
210,7000,30,0.8244798183441162,0.6466418504714966,-0.003447958966717124,0.9458295702934265,791,349
210,7000,31,0.8966959714889526,0.6200371384620667,0.12917323410511017,0.8152429461479187,860,334
210,7000,32,0.8616577982902527,0.6466715931892395,-0.03175363689661026,0.9592905640602112,827,349
211,7033,0,0.901178240776062,0.15424004197120667,0.029930440708994865,0.999438464641571,865,83
211,7033,1,0.8981617093086243,0.14333412051200867,0.024303611367940903,0.99918133020401,862,77
211,7033,2,0.8958858847618103,0.14276903867721558,0.024198422208428383,0.9988534450531006,860,77
211,7033,3,0.8935359120368958,0.1422959715127945,0.02425973303616047,0.9991235733032227,857,76
211,7033,4,0.9033337831497192,0.1447877436876297,0.013094661757349968,0.999559223651886,867,78
211,7033,5,0.9047340154647827,0.14509761333465576,0.012917067855596542,0.9996480345726013,868,78
211,7033,6,0.9060114622116089,0.14535261690616608,0.012906522490084171,0.9997653961181641,869,78
211,7033,7,0.887740433216095,0.14625310897827148,0.01044251024723053,0.9993074536323547,852,78
211,7033,8,0.9060901403427124,0.15066936612129211,-0.039958443492650986,0.9995666146278381,869,81
211,7033,9,0.8963024616241455,0.16473381221294403,0.029915442690253258,0.9987255930900574,860,88
211,7033,10,0.9014246463775635,0.16653162240982056,0.014208515174686909,0.9992281794548035,865,89
211,7033,11,0.8653440475463867,0.21648992598056793,0.039968524128198624,0.999778151512146,830,116
211,7033,12,0.9023789763450623,0.22133110463619232,-0.07733593881130219,0.999963641166687,866,119
211,7033,13,0.8541086912155151,0.3030283749103546,0.07675974816083908,0.049645498394966125,819,163
211,7033,14,0.907575786113739,0.31011298298835754,-0.05692211911082268,0.9688137173652649,871,167
211,7033,15,0.8691189885139465,0.3659948706626892,0.08854511380195618,0.02124801091849804,834,197
211,7033,16,0.9224012494087219,0.3656757175922394,0.014462431892752647,0.8835740685462952,885,197
211,7033,17,0.8702878952026367,0.3788338303565979,0.09392014145851135,0.03318113833665848,835,204
211,7033,18,0.9232056736946106,0.3715569078922272,0.011746615171432495,0.8404695391654968,886,200
211,7033,19,0.873708188533783,0.3784620761871338,0.08235576003789902,0.03216655179858208,838,204
211,7033,20,0.9227117896080017,0.36981892585754395,0.010806023143231869,0.8283113837242126,885,199
211,7033,21,0.8749184012413025,0.3748764991760254,0.08450325578451157,0.02954939566552639,839,202
211,7033,22,0.9201195240020752,0.3683784008026123,0.015324840322136879,0.768407940864563,883,198
211,7033,23,0.8584941029548645,0.3836417496204376,0.047142185270786285,0.9999732971191406,824,207
211,7033,24,0.8699264526367188,0.3881679177284241,-0.04723776504397392,0.999988317489624,835,209
211,7033,25,0.885082483291626,0.48419976234436035,0.09828566759824753,0.7212710380554199,849,261
211,7033,26,0.8616767525672913,0.5012879967689514,-0.0157616026699543,0.9745573997497559,827,270
211,7033,27,0.8729541897773743,0.6001432538032532,0.13113351166248322,0.8530391454696655,838,324
211,7033,28,0.8345642685890198,0.6234435439109802,0.002376446034759283,0.98790442943573,801,336
211,7033,29,0.8679068088531494,0.6275717616081238,0.1322118490934372,0.8698607683181763,833,338
211,7033,30,0.8239007592201233,0.6462581753730774,0.0035760130267590284,0.9445245265960693,790,348
211,7033,31,0.896479070186615,0.6219848394393921,0.11772357672452927,0.8121927976608276,860,335
211,7033,32,0.8614305257797241,0.6477996110916138,-0.022672558203339577,0.9584463834762573,826,349
212,7066,0,0.9077222943305969,0.15666989982128143,0.03815947100520134,0.9994715452194214,871,84
212,7066,1,0.9051073789596558,0.14546409249305725,0.03205690160393715,0.9992245435714722,868,78
212,7066,2,0.9026459455490112,0.14466997981071472,0.03195115178823471,0.9989159107208252,866,78
212,7066,3,0.8998054265975952,0.14402605593204498,0.03202148899435997,0.99916672706604,863,77
212,7066,4,0.9101437926292419,0.14736826717853546,0.02067280374467373,0.9995849132537842,873,79
212,7066,5,0.9114993810653687,0.14780092239379883,0.020498543977737427,0.9996707439422607,875,79
212,7066,6,0.9128519892692566,0.1482515037059784,0.020478876307606697,0.99978107213974,876,80
212,7066,7,0.8929687738418579,0.14742636680603027,0.01466766931116581,0.9993410706520081,857,79
212,7066,8,0.9134413003921509,0.15351581573486328,-0.03688551485538483,0.9995968341827393,876,82
212,7066,9,0.9019919633865356,0.16609729826450348,0.036890678107738495,0.9987925887107849,865,89
212,7066,10,0.9074618816375732,0.16856662929058075,0.020879138261079788,0.9992766976356506,871,91
212,7066,11,0.8672661185264587,0.21718931198120117,0.0465514212846756,0.999783456325531,832,117
212,7066,12,0.9075323343276978,0.22145460546016693,-0.0798955038189888,0.9999665021896362,871,119
212,7066,13,0.8555768728256226,0.30458953976631165,0.09574120491743088,0.047520965337753296,821,164
212,7066,14,0.9143217206001282,0.3111189603805542,-0.06955289095640182,0.971220850944519,877,168
212,7066,15,0.8709883093833923,0.3670286238193512,0.12337470054626465,0.019802289083600044,836,198
212,7066,16,0.9366662502288818,0.3705933690071106,-0.015375451184809208,0.8935510516166687,899,200
212,7066,17,0.8730186223983765,0.3794945180416107,0.13086968660354614,0.031114086508750916,838,204
212,7066,18,0.9423552751541138,0.38300421833992004,-0.020771849900484085,0.853653073310852,904,206
212,7066,19,0.877003014087677,0.37928506731987,0.11754723638296127,0.03013770841062069,841,204
212,7066,20,0.9430821537971497,0.37967443466186523,-0.02422182820737362,0.842401385307312,905,205
212,7066,21,0.8780919909477234,0.3755425214767456,0.11907672882080078,0.027693698182702065,842,202
212,7066,22,0.940801739692688,0.375671923160553,-0.015769796445965767,0.7854578495025635,903,202
212,7066,23,0.862287163734436,0.3841446340084076,0.04696454107761383,0.9999727606773376,827,207
212,7066,24,0.8758522868156433,0.39080727100372314,-0.047065868973731995,0.9999884963035583,840,211
212,7066,25,0.8920443058013916,0.48663443326950073,0.10145863890647888,0.723747193813324,856,262
212,7066,26,0.8628600239753723,0.5064458847045898,0.0030916095711290836,0.9755133986473083,828,273
212,7066,27,0.894858181476593,0.6037015914916992,0.14767810702323914,0.8607861399650574,859,325
212,7066,28,0.834873378276825,0.623557448387146,0.04640708863735199,0.9884402751922607,801,336
212,7066,29,0.8896713852882385,0.6309589147567749,0.15181781351566315,0.875325620174408,854,340
212,7066,30,0.8243275880813599,0.6463904976844788,0.04980703815817833,0.9460577368736267,791,349
212,7066,31,0.9200367331504822,0.6193287372589111,0.14439000189304352,0.820101261138916,883,334
212,7066,32,0.8628414869308472,0.647704541683197,0.018162064254283905,0.9598918557167053,828,349
213,7100,0,0.9077817797660828,0.1575833261013031,0.049769770354032516,0.9994568824768066,871,85
213,7100,1,0.9048861265182495,0.14624816179275513,0.04263021796941757,0.9991867542266846,868,78
213,7100,2,0.9022136330604553,0.14536526799201965,0.042525019496679306,0.9988725781440735,866,78
213,7100,3,0.8993132710456848,0.14464706182479858,0.04258652776479721,0.99912029504776,863,78
213,7100,4,0.9105650782585144,0.14827530086040497,0.03116755373775959,0.9995653629302979,874,80
213,7100,5,0.9120368361473083,0.1487552970647812,0.031002702191472054,0.9996618628501892,875,80
213,7100,6,0.9134826064109802,0.1492907702922821,0.030974768102169037,0.9997771382331848,876,80
213,7100,7,0.8934577107429504,0.14796283841133118,0.01956288143992424,0.9993106126785278,857,79
213,7100,8,0.9137791395187378,0.15452708303928375,-0.0325593538582325,0.9995965361595154,877,83
213,7100,9,0.9020987153053284,0.16698715090751648,0.04650823399424553,0.9987648129463196,866,90
213,7100,10,0.9078933000564575,0.16955164074897766,0.030372073873877525,0.9992692470550537,871,91
213,7100,11,0.8666035532951355,0.21861276030540466,0.047719839960336685,0.9997887015342712,831,118
213,7100,12,0.9095057845115662,0.2221735119819641,-0.08116614073514938,0.9999688267707825,873,119
213,7100,13,0.8536275029182434,0.3080737590789795,0.08827599883079529,0.046948403120040894,819,166
213,7100,14,0.9158487319946289,0.31181296706199646,-0.0731043741106987,0.9734413623809814,879,168
213,7100,15,0.8663381338119507,0.3783835172653198,0.10492027550935745,0.01863780803978443,831,204
213,7100,16,0.9393298625946045,0.37307029962539673,-0.017217954620718956,0.9020051956176758,901,201
213,7100,17,0.8676523566246033,0.39544016122817993,0.11080906540155411,0.02928256057202816,832,213
213,7100,18,0.9446178078651428,0.3875766694545746,-0.02735772915184498,0.8641639351844788,906,209
213,7100,19,0.8716377019882202,0.3947901129722595,0.09738501161336899,0.028293631970882416,836,213
213,7100,20,0.9454624652862549,0.3838701844215393,-0.03149194270372391,0.8534076809883118,907,207
213,7100,21,0.872978150844574,0.38876232504844666,0.1002604141831398,0.025973152369260788,838,209
213,7100,22,0.9435082674026489,0.3792386054992676,-0.02192317135632038,0.7973667979240417,905,204
213,7100,23,0.863817036151886,0.38630110025405884,0.04696742072701454,0.9999728202819824,829,208
213,7100,24,0.8783572912216187,0.3924267590045929,-0.047069769352674484,0.9999887943267822,843,211
213,7100,25,0.8895525336265564,0.48803117871284485,0.1184396743774414,0.7268560528755188,853,263
213,7100,26,0.8619449734687805,0.5092421174049377,0.014632065780460835,0.9765901565551758,827,274
213,7100,27,0.8962069749832153,0.6074930429458618,0.18079346418380737,0.8681182265281677,860,328
213,7100,28,0.8349047899246216,0.6240068078041077,0.061377622187137604,0.9888163805007935,801,336
213,7100,29,0.8912734985351562,0.6362137794494629,0.18467988073825836,0.8811994791030884,855,343
213,7100,30,0.8241671323776245,0.6461872458457947,0.06459308415651321,0.9463924169540405,791,348
213,7100,31,0.922991931438446,0.6188351511955261,0.16366378962993622,0.8248275518417358,886,334
213,7100,32,0.8629137873649597,0.6489179730415344,0.028390761464834213,0.9599178433418274,828,350
214,7133,0,0.9163269400596619,0.16019725799560547,0.04242223501205444,0.999491274356842,879,86
214,7133,1,0.914000391960144,0.14883263409137726,0.03962278738617897,0.9992385506629944,877,80
214,7133,2,0.9115696549415588,0.1479444056749344,0.03952530398964882,0.9989411234855652,875,79
214,7133,3,0.9089857935905457,0.14720943570137024,0.039599157869815826,0.999173104763031,872,79
214,7133,4,0.9191117882728577,0.15063698589801788,0.026073070243000984,0.9995929002761841,882,81
214,7133,5,0.9203945398330688,0.1509915143251419,0.02590569294989109,0.9996828436851501,883,81
214,7133,6,0.9216382503509521,0.15135428309440613,0.02587256021797657,0.9997918009757996,884,81
214,7133,7,0.902743399143219,0.15087059140205383,0.033009886741638184,0.9993460774421692,866,81
214,7133,8,0.921949565410614,0.15637190639972687,-0.029612533748149872,0.9996218085289001,885,84
214,7133,9,0.9107726216316223,0.16910941898822784,0.044435128569602966,0.9988235831260681,874,91
214,7133,10,0.9158827662467957,0.1713574230670929,0.025519123300909996,0.9993054866790771,879,92
214,7133,11,0.8801456689834595,0.21912869811058044,0.0705774649977684,0.9997903108596802,844,118
214,7133,12,0.9155381321907043,0.2243596315383911,-0.08211763203144073,0.9999707341194153,878,121
214,7133,13,0.8704746961593628,0.3095291554927826,0.10202455520629883,0.04570969194173813,835,167
214,7133,14,0.9237515926361084,0.31195855140686035,-0.08838028460741043,0.9757563471794128,886,168
214,7133,15,0.8748688101768494,0.3835655152797699,0.10072050243616104,0.01758332923054695,839,207
214,7133,16,0.9490949511528015,0.37510934472084045,-0.03793913871049881,0.9083611965179443,911,202
214,7133,17,0.8736430406570435,0.40280991792678833,0.10588976740837097,0.02748802863061428,838,217
214,7133,18,0.9536961317062378,0.3902958631515503,-0.051897186785936356,0.8698236346244812,915,210
214,7133,19,0.8775004744529724,0.40267571806907654,0.09251319617033005,0.026492618024349213,842,217
214,7133,20,0.9547745585441589,0.3874925673007965,-0.04595009610056877,0.8587825298309326,916,209
214,7133,21,0.879722535610199,0.39565423130989075,0.09588901698589325,0.024292457848787308,844,213
214,7133,22,0.9531587958335876,0.3825456202030182,-0.035965342074632645,0.7997357845306396,915,206
214,7133,23,0.8690482378005981,0.3874901533126831,0.051860809326171875,0.9999722838401794,834,209
214,7133,24,0.8819153308868408,0.3945384621620178,-0.05196564644575119,0.999988853931427,846,213
214,7133,25,0.8927386999130249,0.49102815985679626,0.12684266269207,0.7219204902648926,857,265
214,7133,26,0.8660939931869507,0.5117740035057068,0.011307906359434128,0.9779273867607117,831,276
214,7133,27,0.9107227325439453,0.6045153141021729,0.19371263682842255,0.8692504167556763,874,326
214,7133,28,0.8351442813873291,0.6245554685592651,0.05190709978342056,0.9892207980155945,801,337
214,7133,29,0.9089630842208862,0.6318469047546387,0.1974336951971054,0.8798161745071411,872,341
214,7133,30,0.8240663409233093,0.6463048458099365,0.05380653589963913,0.9456734657287598,791,349
214,7133,31,0.9375634789466858,0.605816662311554,0.17222383618354797,0.8261042237281799,900,327
214,7133,32,0.8639319539070129,0.6488885283470154,0.010026725009083748,0.961205780506134,829,350
215,7166,0,0.9171255230903625,0.1614392101764679,0.04164842888712883,0.9994949698448181,880,87
215,7166,1,0.9143837690353394,0.15020644664764404,0.03755195066332817,0.9992449283599854,877,81
215,7166,2,0.9119966626167297,0.14933131635189056,0.03744906187057495,0.9989563822746277,875,80
215,7166,3,0.9094418287277222,0.14857164025306702,0.037521131336688995,0.9991803169250488,873,80
215,7166,4,0.9196940064430237,0.152104914188385,0.02440810017287731,0.999590277671814,882,82
215,7166,5,0.9211326241493225,0.15253116190433502,0.024245735257864,0.999681293964386,884,82
215,7166,6,0.9224392771720886,0.15289686620235443,0.024213891476392746,0.9997913241386414,885,82
215,7166,7,0.9034596681594849,0.1531285047531128,0.02589188888669014,0.9993547797203064,867,82
215,7166,8,0.9223551154136658,0.15814781188964844,-0.033819086849689484,0.9996237754821777,885,85
215,7166,9,0.9119558930397034,0.17068006098270416,0.041997842490673065,0.9988254904747009,875,92
215,7166,10,0.9169833064079285,0.17282618582248688,0.023587843403220177,0.9992998838424683,880,93
215,7166,11,0.8820298910140991,0.21912777423858643,0.06028078496456146,0.9997966885566711,846,118
215,7166,12,0.9179187417030334,0.22597981989383698,-0.08389108628034592,0.999971866607666,881,122
215,7166,13,0.8661780953407288,0.31090912222862244,0.08476331830024719,0.04732163995504379,831,167
215,7166,14,0.925869345664978,0.3137019872665405,-0.09027370810508728,0.9774643778800964,888,169
215,7166,15,0.8721798062324524,0.3903413712978363,0.07246129214763641,0.017105568200349808,837,210
215,7166,16,0.9504855275154114,0.3760235607624054,-0.038412731140851974,0.9128465056419373,912,203
215,7166,17,0.8708375692367554,0.41014254093170166,0.0760762169957161,0.026412559673190117,836,221
215,7166,18,0.9552298784255981,0.39126789569854736,-0.05180906876921654,0.8732446432113647,917,211
215,7166,19,0.875093400478363,0.4034811556339264,0.06329234689474106,0.025351332500576973,840,217
215,7166,20,0.9558488130569458,0.3891982436180115,-0.045646484941244125,0.8616135716438293,917,210
215,7166,21,0.8770402669906616,0.4034106433391571,0.06771454960107803,0.023165715858340263,841,217
215,7166,22,0.9535239338874817,0.3843238651752472,-0.036346666514873505,0.7985202670097351,915,207
215,7166,23,0.8698219656944275,0.38863182067871094,0.05112118273973465,0.999972403049469,835,209
215,7166,24,0.8837692737579346,0.3971490263938904,-0.051224615424871445,0.9999889135360718,848,214
215,7166,25,0.8943119049072266,0.4910454750061035,0.13276337087154388,0.7280927896499634,858,265
215,7166,26,0.8669030666351318,0.5123834013938904,0.012396344915032387,0.9793440699577332,832,276
215,7166,27,0.9125555753707886,0.6033340692520142,0.19765274226665497,0.876188337802887,876,325
215,7166,28,0.8352136611938477,0.6244003772735596,0.05277485400438309,0.9897820949554443,801,337
215,7166,29,0.9104112982749939,0.6301115155220032,0.20113447308540344,0.8831973671913147,873,340
215,7166,30,0.8240832686424255,0.646170437335968,0.05486723408102989,0.9465486407279968,791,348
215,7166,31,0.9384781122207642,0.604519248008728,0.17645636200904846,0.832913875579834,900,326
215,7166,32,0.863479495048523,0.6489719748497009,0.011538212187588215,0.9627731442451477,828,350
216,7200,0,0.9221786260604858,0.1637195348739624,0.06791432946920395,0.9994955062866211,885,88
216,7200,1,0.9197543859481812,0.15276992321014404,0.06180291622877121,0.999247670173645,882,82
216,7200,2,0.9172671437263489,0.15206724405288696,0.061699192970991135,0.9989686608314514,880,82
216,7200,3,0.9147035479545593,0.15154652297496796,0.061757609248161316,0.9991949200630188,878,81
216,7200,4,0.9249340891838074,0.15434794127941132,0.05075985938310623,0.9995750188827515,887,83
216,7200,5,0.9264971613883972,0.15481987595558167,0.05061042681336403,0.9996656179428101,889,83
216,7200,6,0.9280105233192444,0.15531618893146515,0.050575219094753265,0.9997805953025818,890,83
216,7200,7,0.9088636636734009,0.15611618757247925,0.03847978636622429,0.9993676543235779,872,84
216,7200,8,0.929449200630188,0.16099943220615387,-0.012221554294228554,0.9995981454849243,892,86
216,7200,9,0.9170940518379211,0.1732446551322937,0.06393737345933914,0.9988175630569458,880,93
216,7200,10,0.9226276278495789,0.17520080506801605,0.04823211953043938,0.9992597699165344,885,94
216,7200,11,0.8884057402610779,0.2213820219039917,0.05918849632143974,0.9998074769973755,852,119
216,7200,12,0.9250549077987671,0.22834645211696625,-0.07053753733634949,0.9999718070030212,888,123
216,7200,13,0.869918167591095,0.3127155005931854,0.07863494008779526,0.054983705282211304,835,168
216,7200,14,0.9344642758369446,0.31384286284446716,-0.08299460262060165,0.9778384566307068,897,169
216,7200,15,0.8699125051498413,0.3887951970100403,0.06619121134281158,0.019627410918474197,835,209
216,7200,16,0.9561743140220642,0.37419357895851135,-0.03437047824263573,0.8956380486488342,917,202
216,7200,17,0.8684586882591248,0.40761974453926086,0.06825199723243713,0.028463315218687057,833,220
216,7200,18,0.9606000781059265,0.38769298791885376,-0.04522408917546272,0.8452112674713135,922,209
216,7200,19,0.8699880242347717,0.4058157205581665,0.058289505541324615,0.026953667402267456,835,219
216,7200,20,0.9601414799690247,0.3864595293998718,-0.038676679134368896,0.8300191760063171,921,208
216,7200,21,0.8739425539970398,0.4021034240722656,0.06269656866788864,0.023955928161740303,838,217
216,7200,22,0.9577533602714539,0.3814994692802429,-0.03159540519118309,0.758320689201355,919,206
216,7200,23,0.8768770098686218,0.3895640969276428,0.050792157649993896,0.9999730587005615,841,210
216,7200,24,0.8912599086761475,0.3971165418624878,-0.05088554322719574,0.9999889731407166,855,214
216,7200,25,0.9045836329460144,0.4921572208404541,0.132111057639122,0.7235573530197144,868,265
216,7200,26,0.8722200393676758,0.5149508714675903,-0.008018399588763714,0.9806494116783142,837,278
216,7200,27,0.9236192107200623,0.6020084023475647,0.1874087154865265,0.8780921101570129,886,325
216,7200,28,0.8356902003288269,0.6242800951004028,0.01166386529803276,0.9900960922241211,802,337
216,7200,29,0.9221354722976685,0.6288464665412903,0.18966324627399445,0.8824518322944641,885,339
216,7200,30,0.8242776393890381,0.6455178260803223,0.012250087223947048,0.9459062814712524,791,348
216,7200,31,0.950081467628479,0.5921803116798401,0.16440309584140778,0.8329340815544128,912,319
216,7200,32,0.8626927137374878,0.650651216506958,-0.028169628232717514,0.9634618759155273,828,351
217,7233,0,0.924113929271698,0.16514496505260468,0.06273756176233292,0.9994921684265137,887,89
217,7233,1,0.9216005206108093,0.15498782694339752,0.05707442760467529,0.9992501735687256,884,83
217,7233,2,0.9193831086158752,0.15454313158988953,0.05696618929505348,0.9989876747131348,882,83
217,7233,3,0.9170448184013367,0.15437918901443481,0.057021938264369965,0.9992130994796753,880,83
217,7233,4,0.9263755679130554,0.15600192546844482,0.045269228518009186,0.9995527863502502,889,84
217,7233,5,0.9277760982513428,0.15639044344425201,0.04512156546115875,0.9996427893638611,890,84
217,7233,6,0.929101824760437,0.1567724049091339,0.04508771002292633,0.9997623562812805,891,84
217,7233,7,0.9109498262405396,0.15987339615821838,0.035565901547670364,0.9993851184844971,874,86
217,7233,8,0.929320752620697,0.16258801519870758,-0.018076149746775627,0.9995550513267517,892,87
217,7233,9,0.9197648167610168,0.1748984158039093,0.05954848974943161,0.998801589012146,882,94
217,7233,10,0.9245357513427734,0.17635032534599304,0.04288100823760033,0.999197781085968,887,95
217,7233,11,0.8904727697372437,0.22182931005954742,0.056686125695705414,0.999819815158844,854,119
217,7233,12,0.9270029664039612,0.22859224677085876,-0.0734776109457016,0.9999708533287048,889,123
217,7233,13,0.868515133857727,0.3126397430896759,0.06845039874315262,0.0823042020201683,833,168
217,7233,14,0.9351703524589539,0.3138943314552307,-0.08318597823381424,0.9778790473937988,897,169
217,7233,15,0.8668263554573059,0.38769012689590454,0.054434750229120255,0.03007333353161812,832,209
217,7233,16,0.956433892250061,0.37342900037765503,-0.03518087416887283,0.8768976926803589,918,201
217,7233,17,0.8610877394676208,0.40577811002731323,0.05534518137574196,0.037463534623384476,826,219
217,7233,18,0.9610546827316284,0.38702091574668884,-0.04585724696516991,0.8165842294692993,922,208
217,7233,19,0.8630181550979614,0.4058052599430084,0.04536019638180733,0.03492579236626625,828,219
217,7233,20,0.9607259631156921,0.38518089056015015,-0.040447112172842026,0.798814594745636,922,207
217,7233,21,0.8652064800262451,0.4007386565208435,0.05082481727004051,0.029845256358385086,830,216
217,7233,22,0.9577620625495911,0.3805510699748993,-0.03282655403017998,0.7199217677116394,919,205
217,7233,23,0.8791143894195557,0.39020848274230957,0.05081292241811752,0.9999737739562988,843,210
217,7233,24,0.8932163715362549,0.3970339298248291,-0.05089300498366356,0.9999889135360718,857,214
217,7233,25,0.9036067128181458,0.49304312467575073,0.13120558857917786,0.7254889011383057,867,266
217,7233,26,0.8727157115936279,0.515864908695221,-0.010687037371098995,0.982072114944458,837,278
217,7233,27,0.9248138666152954,0.6013010144233704,0.18292781710624695,0.8834049105644226,887,324
217,7233,28,0.8357034921646118,0.6241966485977173,0.012921379879117012,0.9905386567115784,802,337
217,7233,29,0.9236868619918823,0.628119945526123,0.18504545092582703,0.885708212852478,886,339
217,7233,30,0.8241854906082153,0.6453185081481934,0.013887008652091026,0.9466995000839233,791,348
217,7233,31,0.9511508941650391,0.5921922326087952,0.15870831906795502,0.8388132452964783,913,319
217,7233,32,0.8637298345565796,0.6509755253791809,-0.027122272178530693,0.9650951623916626,829,351
218,7266,0,0.9282357096672058,0.1655503362417221,0.07108893245458603,0.9994896054267883,891,89
218,7266,1,0.9253923296928406,0.15503785014152527,0.06331945955753326,0.999240517616272,888,83
218,7266,2,0.9231302738189697,0.15454167127609253,0.06322426348924637,0.9989739060401917,886,83
218,7266,3,0.920576810836792,0.15427739918231964,0.06328219920396805,0.9991965293884277,883,83
218,7266,4,0.9307657480239868,0.156242236495018,0.052836060523986816,0.9995476007461548,893,84
218,7266,5,0.932336688041687,0.15660829842090607,0.05267651751637459,0.9996411800384521,895,84
218,7266,6,0.9338331818580627,0.15697181224822998,0.052640657871961594,0.9997621774673462,896,84
218,7266,7,0.91530841588974,0.15977679193019867,0.03570735454559326,0.9993763566017151,878,86
218,7266,8,0.9347772002220154,0.16255459189414978,-0.012547951191663742,0.999561607837677,897,87
218,7266,9,0.9235331416130066,0.17526648938655853,0.06573303788900375,0.9987760782241821,886,94
218,7266,10,0.9287904500961304,0.1765470802783966,0.05084564536809921,0.9991863965988159,891,95
218,7266,11,0.8937028646469116,0.22177964448928833,0.05805736407637596,0.9998123049736023,857,119
218,7266,12,0.9326296448707581,0.22875581681728363,-0.0735849067568779,0.9999715685844421,895,123
218,7266,13,0.8758238554000854,0.3122814893722534,0.07057114690542221,0.0793084055185318,840,168
218,7266,14,0.9415962100028992,0.313772588968277,-0.08326961100101471,0.9793619513511658,903,169
218,7266,15,0.8792448043823242,0.3887793719768524,0.05914798751473427,0.028077883645892143,844,209
218,7266,16,0.9647362232208252,0.3728176951408386,-0.03572637587785721,0.8800776600837708,926,201
218,7266,17,0.8771149516105652,0.4079054892063141,0.05799270048737526,0.03513253852725029,842,220
218,7266,18,0.9696013927459717,0.3872305750846863,-0.04602343589067459,0.8176946640014648,930,209
218,7266,19,0.8815784454345703,0.4080454409122467,0.04569973796606064,0.03272271528840065,846,220
218,7266,20,0.9696202874183655,0.38606327772140503,-0.04063659533858299,0.7996290326118469,930,208
218,7266,21,0.883977472782135,0.40175357460975647,0.054828427731990814,0.027965109795331955,848,216
218,7266,22,0.9671587347984314,0.3806915283203125,-0.033263493329286575,0.7158198356628418,928,205
218,7266,23,0.8849223256111145,0.3901415467262268,0.05065350607037544,0.9999702572822571,849,210
218,7266,24,0.8982092142105103,0.396940141916275,-0.0507395938038826,0.9999879002571106,862,214
218,7266,25,0.9126445651054382,0.4932587742805481,0.11738777905702591,0.7309773564338684,876,266
218,7266,26,0.8802385330200195,0.515622615814209,-0.00809564720839262,0.9832563400268555,845,278
218,7266,27,0.9302311539649963,0.6028364896774292,0.16414208710193634,0.8885278701782227,893,325
218,7266,28,0.836840033531189,0.6228622794151306,0.012634548358619213,0.9909309148788452,803,336
218,7266,29,0.9285715818405151,0.6323028802871704,0.1660441756248474,0.8899113535881042,891,341
218,7266,30,0.824896514415741,0.6419061422348022,0.013339837081730366,0.9473050236701965,791,346
218,7266,31,0.9569888710975647,0.5942642092704773,0.14186809957027435,0.8424226641654968,918,320
218,7266,32,0.8639451861381531,0.6504282355308533,-0.025486160069704056,0.9659337401390076,829,351
219,7300,0,0.9294911026954651,0.16723774373531342,0.0747443214058876,0.99948650598526,892,90
219,7300,1,0.9268386363983154,0.15689902007579803,0.06592720001935959,0.999231219291687,889,84
219,7300,2,0.9243524670600891,0.1563979685306549,0.06583072245121002,0.9989627003669739,887,84
219,7300,3,0.921805202960968,0.15603935718536377,0.06588571518659592,0.9991824626922607,884,84
219,7300,4,0.932840883731842,0.1581650674343109,0.05582306534051895,0.9995402097702026,895,85
219,7300,5,0.9345764517784119,0.15865397453308105,0.05566644296050072,0.999637246131897,897,85
219,7300,6,0.9361019134521484,0.15912260115146637,0.05563357099890709,0.9997604489326477,898,85
219,7300,7,0.9161964654922485,0.16215366125106812,0.0342964306473732,0.9993680715560913,879,87
219,7300,8,0.9365808367729187,0.16505113244056702,-0.012438910081982613,0.9995627403259277,899,89
219,7300,9,0.9248573184013367,0.17684432864189148,0.06797965615987778,0.9987655282020569,887,95
219,7300,10,0.9300943613052368,0.17801867425441742,0.05355708673596382,0.9991787075996399,892,96
219,7300,11,0.8933278918266296,0.22219544649124146,0.057966750115156174,0.9998160600662231,857,119
219,7300,12,0.934978187084198,0.22964158654212952,-0.07260012626647949,0.9999726414680481,897,124
219,7300,13,0.8765017986297607,0.31195011734962463,0.07098321616649628,0.08141317963600159,841,168
219,7300,14,0.9418504238128662,0.31345462799072266,-0.08096988499164581,0.9806411862373352,904,169
219,7300,15,0.8799647688865662,0.3891693949699402,0.06548242270946503,0.02734205685555935,844,210
219,7300,16,0.9669427871704102,0.3734009861946106,-0.03365128114819527,0.8840785622596741,928,201
219,7300,17,0.8776273727416992,0.4053391218185425,0.06742203235626221,0.03417981043457985,842,218
219,7300,18,0.9716097116470337,0.3880532383918762,-0.04290275275707245,0.8203679919242859,932,209
219,7300,19,0.8825476765632629,0.40847983956336975,0.05543547496199608,0.03175712376832962,847,220
219,7300,20,0.9719147086143494,0.3868352770805359,-0.037841614335775375,0.8020688891410828,933,208
219,7300,21,0.8851699829101562,0.40174445509910583,0.061367716640233994,0.027068722993135452,849,216
219,7300,22,0.969534695148468,0.381556898355484,-0.031050048768520355,0.7144331336021423,930,206
219,7300,23,0.8856041431427002,0.390133798122406,0.04896030202507973,0.9999692440032959,850,210
219,7300,24,0.9014837741851807,0.39688727259635925,-0.04904194921255112,0.9999875426292419,865,214
219,7300,25,0.9112539291381836,0.49390819668769836,0.11597449332475662,0.7409065961837769,874,266
219,7300,26,0.8808562159538269,0.5155572891235352,-0.00561478640884161,0.9842633605003357,845,278
219,7300,27,0.9298478960990906,0.6039912700653076,0.162202388048172,0.8941600322723389,892,326
219,7300,28,0.837948203086853,0.6220479607582092,0.015504768118262291,0.9912290573120117,804,335
219,7300,29,0.9273592233657837,0.6332281231880188,0.16403529047966003,0.8945975303649902,890,341
219,7300,30,0.8254114389419556,0.6395208239555359,0.015987103804945946,0.9476445317268372,792,345
219,7300,31,0.9563331007957458,0.594797670841217,0.14020906388759613,0.846205472946167,918,321
219,7300,32,0.8642917275428772,0.6507285237312317,-0.023027639836072922,0.9661841988563538,829,351
220,7333,0,0.9368080496788025,0.1696246713399887,0.09497270733118057,0.9994444847106934,899,91
220,7333,1,0.9340275526046753,0.1589650809764862,0.08466935902833939,0.9991691708564758,896,85
220,7333,2,0.9314644932746887,0.15801368653774261,0.08455557376146317,0.9989031553268433,894,85
220,7333,3,0.9288817048072815,0.15723811089992523,0.08458486944437027,0.9991499781608582,891,84
220,7333,4,0.939350962638855,0.1607505977153778,0.07627903670072556,0.9994638562202454,901,86
220,7333,5,0.9409087896347046,0.16114918887615204,0.07614599168300629,0.9995715618133545,903,87
220,7333,6,0.9424833059310913,0.16149984300136566,0.07612170279026031,0.999709963798523,904,87
220,7333,7,0.9231359958648682,0.16317562758922577,0.043607380241155624,0.9993641972541809,886,88
220,7333,8,0.9433301687240601,0.16758960485458374,0.005367828533053398,0.9994625449180603,905,90
220,7333,9,0.9319003820419312,0.17890511453151703,0.08486023545265198,0.9986898303031921,894,96
220,7333,10,0.9366880059242249,0.1807844638824463,0.07280349731445312,0.9990477561950684,899,97
220,7333,11,0.8981748223304749,0.22429898381233215,0.05361209809780121,0.999829888343811,862,121
220,7333,12,0.9417971968650818,0.23377403616905212,-0.05164607614278793,0.9999704360961914,904,126
220,7333,13,0.8851028680801392,0.3127800524234772,0.06135416403412819,0.10147972404956818,849,168
220,7333,14,0.951526939868927,0.3155202865600586,-0.06371546536684036,0.9762217998504639,913,170
220,7333,15,0.8801815509796143,0.3932107985019684,0.05642882362008095,0.03423673287034035,844,212
220,7333,16,0.9757097363471985,0.37400293350219727,-0.01954096183180809,0.8413121700286865,936,201
220,7333,17,0.8772655725479126,0.410171240568161,0.056608982384204865,0.03977419435977936,842,221
220,7333,18,0.9802162051200867,0.3890417516231537,-0.02612609975039959,0.7728809118270874,941,210
220,7333,19,0.8800622224807739,0.41262757778167725,0.04954415559768677,0.036357712000608444,844,222
220,7333,20,0.9806869029998779,0.3873984217643738,-0.022068725898861885,0.75264573097229,941,209
220,7333,21,0.8831079006195068,0.4063047766685486,0.05419410392642021,0.02994070202112198,847,219
220,7333,22,0.9779884815216064,0.3825426697731018,-0.0173750352114439,0.6639599204063416,938,206
220,7333,23,0.8916562795639038,0.39189204573631287,0.044231679290533066,0.9999706149101257,855,211
220,7333,24,0.9087130427360535,0.3981907069683075,-0.044308315962553024,0.9999874830245972,872,215
220,7333,25,0.9230064153671265,0.49437153339385986,0.10667315870523453,0.7473505139350891,886,266
220,7333,26,0.891046404838562,0.5165939927101135,-0.008429521694779396,0.9844642877578735,855,278
220,7333,27,0.9340890049934387,0.6063525676727295,0.14323848485946655,0.8970924615859985,896,327
220,7333,28,0.8419325947761536,0.6185407638549805,0.0013958063209429383,0.9907796382904053,808,334
220,7333,29,0.9303568005561829,0.6346964240074158,0.144306942820549,0.8984054327011108,893,342
220,7333,30,0.8287340402603149,0.6320942044258118,0.0013417397858574986,0.9458225965499878,795,341
220,7333,31,0.9600827693939209,0.6049379110336304,0.12302646785974503,0.8458192944526672,921,326
220,7333,32,0.8639153242111206,0.6528090238571167,-0.03281819447875023,0.9640608429908752,829,352
221,7366,0,0.9378772377967834,0.17089422047138214,0.08687027543783188,0.99943608045578,900,92
221,7366,1,0.9352036118507385,0.15992450714111328,0.0769776925444603,0.9991574287414551,897,86
221,7366,2,0.9327548742294312,0.1589246392250061,0.07685817033052444,0.9988956451416016,895,85
221,7366,3,0.9302830100059509,0.1580342948436737,0.07690323144197464,0.9991499185562134,893,85
221,7366,4,0.9407652616500854,0.1617068499326706,0.0684535875916481,0.9994406700134277,903,87
221,7366,5,0.9423388242721558,0.1620241403579712,0.06831558048725128,0.9995535016059875,904,87
221,7366,6,0.943877100944519,0.1622876077890396,0.06829071044921875,0.9996953010559082,906,87
221,7366,7,0.924718976020813,0.1637600213289261,0.03946427255868912,0.9993748068809509,887,88
221,7366,8,0.9445262551307678,0.16826793551445007,-0.00013051081623416394,0.9994344115257263,906,90
221,7366,9,0.9330816268920898,0.18006551265716553,0.07793864607810974,0.9986881017684937,895,97
221,7366,10,0.9382168054580688,0.18169166147708893,0.06560967117547989,0.9990174174308777,900,98
221,7366,11,0.8976917862892151,0.22563986480236053,0.04679417982697487,0.9998411536216736,861,121
221,7366,12,0.9438304305076599,0.23462755978107452,-0.05404697358608246,0.9999696612358093,906,126
221,7366,13,0.8858669400215149,0.31260818243026733,0.05957460775971413,0.11328262090682983,850,168
221,7366,14,0.9515066742897034,0.31609970331192017,-0.06901486963033676,0.9748550653457642,913,170
221,7366,15,0.8812940716743469,0.39373281598091125,0.057941023260354996,0.03783199563622475,846,212
221,7366,16,0.974397599697113,0.3741849362850189,-0.02983333356678486,0.8161718249320984,935,202
221,7366,17,0.8763923048973083,0.41349413990974426,0.05778080224990845,0.042890630662441254,841,223
221,7366,18,0.9794357419013977,0.38991492986679077,-0.03792577236890793,0.7414020895957947,940,210
221,7366,19,0.8786996603012085,0.42164796590805054,0.051010631024837494,0.038976892828941345,843,227
221,7366,20,0.9801205396652222,0.38761094212532043,-0.03370555862784386,0.7201305627822876,940,209
221,7366,21,0.8816987872123718,0.41363829374313354,0.05585014447569847,0.031363025307655334,846,223
221,7366,22,0.9775820970535278,0.38305577635765076,-0.028028151020407677,0.627077043056488,938,206
221,7366,23,0.8941706418991089,0.3926144540309906,0.04193669930100441,0.9999716877937317,858,212
221,7366,24,0.9107192158699036,0.39901643991470337,-0.04202007129788399,0.9999874234199524,874,215
221,7366,25,0.923147439956665,0.4943455457687378,0.1100362166762352,0.7545589804649353,886,266
221,7366,26,0.8930011987686157,0.5165465474128723,-0.004054273944348097,0.9843733310699463,857,278
221,7366,27,0.9356489777565002,0.6074025630950928,0.1498136967420578,0.9022470116615295,898,327
221,7366,28,0.8432239890098572,0.6158212423324585,0.021902332082390785,0.9905968904495239,809,332
221,7366,29,0.9314048290252686,0.6346092224121094,0.15104494988918304,0.9034790396690369,894,342
221,7366,30,0.8292605876922607,0.6276015639305115,0.023669743910431862,0.9446874856948853,796,338
221,7366,31,0.9645378589630127,0.6108171343803406,0.13576330244541168,0.8511453866958618,925,329
221,7366,32,0.8636413216590881,0.6543137431144714,-0.013878430239856243,0.9637001156806946,829,353
222,7400,0,0.944658637046814,0.17188352346420288,0.12372028827667236,0.9994659423828125,906,92
222,7400,1,0.9426329731941223,0.16108295321464539,0.11464846134185791,0.9991941452026367,904,86
222,7400,2,0.9403199553489685,0.1599743366241455,0.11454998701810837,0.9989509582519531,902,86
222,7400,3,0.9376541376113892,0.15893243253231049,0.11457239091396332,0.999189019203186,900,85
222,7400,4,0.9476831555366516,0.16316981613636017,0.10551267117261887,0.9994663596153259,909,88
222,7400,5,0.9492110013961792,0.16360704600811005,0.1053747907280922,0.9995769262313843,911,88
222,7400,6,0.9508601427078247,0.16408298909664154,0.10535445809364319,0.9997088313102722,912,88
222,7400,7,0.9311217665672302,0.16346439719200134,0.07451705634593964,0.9994127750396729,893,88
222,7400,8,0.9523347616195679,0.17026279866695404,0.032922714948654175,0.9994634389877319,914,91
222,7400,9,0.9395443201065063,0.18039223551750183,0.11335291713476181,0.9987453818321228,901,97
222,7400,10,0.9444715976715088,0.18256723880767822,0.10037139058113098,0.9990593194961548,906,98
222,7400,11,0.9028473496437073,0.22811105847358704,0.0744340643286705,0.999854326248169,866,123
222,7400,12,0.9490338563919067,0.23687458038330078,-0.03393513336777687,0.9999716877937317,911,127
222,7400,13,0.8902403712272644,0.3132525682449341,0.08209715038537979,0.12218969315290451,854,169
222,7400,14,0.9589468240737915,0.3188086748123169,-0.06172284856438637,0.9761028289794922,920,172
222,7400,15,0.8970496654510498,0.39344698190689087,0.07992618530988693,0.04110235720872879,861,212
222,7400,16,0.9821444749832153,0.3773238956928253,-0.030258331447839737,0.8183168172836304,942,203
222,7400,17,0.8971378207206726,0.4126482605934143,0.08143002539873123,0.04683828353881836,861,222
222,7400,18,0.987337052822113,0.39489877223968506,-0.038159407675266266,0.7421357035636902,947,213
222,7400,19,0.9020619988441467,0.4192692041397095,0.07545332610607147,0.042379144579172134,865,226
222,7400,20,0.9884840846061707,0.3923491835594177,-0.03492375463247299,0.7200747728347778,948,211
222,7400,21,0.9036664366722107,0.4108313322067261,0.07796116918325424,0.03389284759759903,867,221
222,7400,22,0.986000657081604,0.3867304027080536,-0.028503498062491417,0.6235209107398987,946,208
222,7400,23,0.8982752561569214,0.39226579666137695,0.04185669124126434,0.9999740123748779,862,211
222,7400,24,0.9184107184410095,0.3989900052547455,-0.04194207116961479,0.9999883770942688,881,215
222,7400,25,0.9335097670555115,0.4947049617767334,0.09910960495471954,0.7674566507339478,896,267
222,7400,26,0.9055903553962708,0.5164307951927185,-0.028822042047977448,0.9854828715324402,869,278
222,7400,27,0.936922013759613,0.6105079650878906,0.14102666079998016,0.909468412399292,899,329
222,7400,28,0.8502587676048279,0.6068354249000549,-0.0133819580078125,0.9911551475524902,816,327
222,7400,29,0.9312102794647217,0.6356637477874756,0.14293967187404633,0.9108463525772095,893,343
222,7400,30,0.8358185887336731,0.611632227897644,-0.01202581636607647,0.9478573799133301,802,330
222,7400,31,0.966542661190033,0.6215984225273132,0.12702034413814545,0.8613266944885254,927,335
222,7400,32,0.8634597659111023,0.6549164652824402,-0.03844354301691055,0.9661320447921753,828,353
223,7433,0,0.9444685578346252,0.1719871461391449,0.10090278834104538,0.9994410276412964,906,92
223,7433,1,0.9423450231552124,0.16112877428531647,0.09144823998212814,0.9991549849510193,904,87
223,7433,2,0.9396349191665649,0.1599140614271164,0.09133979678153992,0.9989004135131836,902,86
223,7433,3,0.9367666840553284,0.15883104503154755,0.09137260913848877,0.999159038066864,899,85
223,7433,4,0.9481929540634155,0.16358837485313416,0.08279799669981003,0.9994381070137024,910,88
223,7433,5,0.949803352355957,0.1641145944595337,0.08265135437250137,0.9995558261871338,911,88
223,7433,6,0.951379120349884,0.164665088057518,0.08262840658426285,0.99969482421875,913,88
223,7433,7,0.9310199618339539,0.16319380700588226,0.05699973553419113,0.9994041919708252,893,88
223,7433,8,0.9518098831176758,0.17061878740787506,0.014523719437420368,0.9994383454322815,913,92
223,7433,9,0.9390743374824524,0.1802515983581543,0.0918758362531662,0.9987162947654724,901,97
223,7433,10,0.9445973038673401,0.1825871765613556,0.07945965975522995,0.9990319013595581,906,98
223,7433,11,0.9027750492095947,0.22945526242256165,0.06444813311100006,0.9998632073402405,866,123
223,7433,12,0.951056718826294,0.2368917465209961,-0.04226868972182274,0.9999727010726929,913,127
223,7433,13,0.890694260597229,0.31437090039253235,0.0724887102842331,0.1238144263625145,855,169
223,7433,14,0.9593592882156372,0.3197599947452545,-0.05945686995983124,0.9766722917556763,920,172
223,7433,15,0.8964643478393555,0.39305922389030457,0.07327473163604736,0.04122329503297806,860,212
223,7433,16,0.9825955629348755,0.37862640619277954,-0.030770909041166306,0.8232733607292175,943,204
223,7433,17,0.896116316318512,0.41142913699150085,0.07301772385835648,0.04696345329284668,860,222
223,7433,18,0.9885594844818115,0.39684635400772095,-0.039108648896217346,0.7468169331550598,949,214
223,7433,19,0.9016401171684265,0.41886526346206665,0.06804632395505905,0.04229756072163582,865,226
223,7433,20,0.9892953038215637,0.3926602900028229,-0.03572602942585945,0.7250209450721741,949,212
223,7433,21,0.9019297957420349,0.4086834490299225,0.07193591445684433,0.0335417278110981,865,220
223,7433,22,0.9871587753295898,0.3872338831424713,-0.02906860038638115,0.6239103078842163,947,209
223,7433,23,0.8993173241615295,0.3920496702194214,0.03871770203113556,0.9999753832817078,863,211
223,7433,24,0.919729471206665,0.398872047662735,-0.03881412744522095,0.999988853931427,882,215
223,7433,25,0.9318556189537048,0.4948188066482544,0.09054196625947952,0.7790099382400513,894,267
223,7433,26,0.9072929620742798,0.5158860087394714,-0.024272626265883446,0.9860870838165283,871,278
223,7433,27,0.9380366206169128,0.6106181144714355,0.12278387695550919,0.9157280325889587,900,329
223,7433,28,0.8528516888618469,0.603733241558075,-0.004883184563368559,0.9912470579147339,818,326
223,7433,29,0.9322901368141174,0.6367206573486328,0.12350831925868988,0.9171351790428162,894,343
223,7433,30,0.8373192548751831,0.6072434782981873,-0.0033211922273039818,0.9487265944480896,803,327
223,7433,31,0.9674535393714905,0.6229376792907715,0.10296978056430817,0.8689918518066406,928,336
223,7433,32,0.8633266687393188,0.6547268629074097,-0.031358834356069565,0.9668008685112,828,353
224,7466,0,0.9519544839859009,0.17166191339492798,0.09676141291856766,0.9993894100189209,913,92
224,7466,1,0.9499180316925049,0.16088031232357025,0.08753638714551926,0.9990623593330383,911,86
224,7466,2,0.9476114511489868,0.15970496833324432,0.08743453025817871,0.9987618327140808,909,86
224,7466,3,0.9451256394386292,0.15864220261573792,0.08746321499347687,0.9990626573562622,907,85
224,7466,4,0.9550477266311646,0.16327323019504547,0.07842578738927841,0.9994070529937744,916,88
224,7466,5,0.9565914869308472,0.1638050079345703,0.078268863260746,0.9995342493057251,918,88
224,7466,6,0.958217203617096,0.164345845580101,0.07823848724365234,0.9996821880340576,919,88
224,7466,7,0.9391443729400635,0.16297076642513275,0.052714016288518906,0.999366283416748,901,88
224,7466,8,0.9596475958824158,0.1708369106054306,0.01017374824732542,0.9994272589683533,921,92
224,7466,9,0.9467488527297974,0.1800631284713745,0.08831756561994553,0.9986481666564941,908,97
224,7466,10,0.9518037438392639,0.182367205619812,0.07526127249002457,0.9990122318267822,913,98
224,7466,11,0.9127746820449829,0.22733944654464722,0.06402257829904556,0.999861478805542,876,122
224,7466,12,0.9553547501564026,0.23652781546115875,-0.04817161336541176,0.9999731779098511,917,127
224,7466,13,0.9020058512687683,0.3078692555427551,0.0857260674238205,0.11477424204349518,865,166
224,7466,14,0.9649642705917358,0.3200724422931671,-0.06148471683263779,0.9757081270217896,926,172
224,7466,15,0.9142179489135742,0.3683454394340515,0.10231640189886093,0.037822820246219635,877,198
224,7466,16,0.988271176815033,0.38129886984825134,-0.038821469992399216,0.8086275458335876,948,205
224,7466,17,0.9156634211540222,0.38102778792381287,0.10711848735809326,0.04335663467645645,879,205
224,7466,18,0.9929100871086121,0.4002199172973633,-0.04718450456857681,0.7288869023323059,953,216
224,7466,19,0.9204975366592407,0.3808591961860657,0.10010220110416412,0.03907860442996025,883,205
224,7466,20,0.9939881563186646,0.39872077107429504,-0.04428650066256523,0.7076451778411865,954,215
224,7466,21,0.9221360683441162,0.37574124336242676,0.10035253316164017,0.03104320727288723,885,202
224,7466,22,0.9920293688774109,0.3915010988712311,-0.0373198576271534,0.6012681722640991,952,211
224,7466,23,0.906851053237915,0.391681969165802,0.03918817266821861,0.9999738931655884,870,211
224,7466,24,0.9301884174346924,0.3971572816371918,-0.03926980495452881,0.999988317489624,892,214
224,7466,25,0.9354687929153442,0.4957354962825775,0.1119353249669075,0.7703385949134827,898,267
224,7466,26,0.9216382503509521,0.5136854648590088,-0.040649380534887314,0.9866716265678406,884,277
224,7466,27,0.9385977983474731,0.6107380390167236,0.151855006814003,0.9164746999740601,901,329
224,7466,28,0.8600203394889832,0.5988421440124512,-0.040102120488882065,0.9914525747299194,825,323
224,7466,29,0.9314299821853638,0.6367429494857788,0.153446763753891,0.918903648853302,894,343
224,7466,30,0.8438414931297302,0.5995608568191528,-0.040268674492836,0.949285626411438,810,323
224,7466,31,0.9673944711685181,0.6268893480300903,0.14164867997169495,0.8673673272132874,928,338
224,7466,32,0.864342987537384,0.6546693444252014,-0.06827250868082047,0.9678052663803101,829,353
225,7500,0,0.9519186615943909,0.17142754793167114,0.09659931063652039,0.9993566274642944,913,92
225,7500,1,0.9497622847557068,0.16072288155555725,0.08770657330751419,0.9990143775939941,911,86
225,7500,2,0.9473080039024353,0.15956206619739532,0.08760396391153336,0.9987012147903442,909,86
225,7500,3,0.9446914792060852,0.15851052105426788,0.08763302862644196,0.9990112781524658,906,85
225,7500,4,0.955337405204773,0.16305513679981232,0.0786573737859726,0.9993851780891418,917,88
225,7500,5,0.9568860530853271,0.1635696142911911,0.07850544899702072,0.9995209574699402,918,88
225,7500,6,0.9583902955055237,0.16408561170101166,0.07847607135772705,0.9996697306632996,920,88
225,7500,7,0.9390432834625244,0.16290082037448883,0.05327613651752472,0.9993605017662048,901,87
225,7500,8,0.9590058922767639,0.17046451568603516,0.011664139106869698,0.9994252324104309,920,92
225,7500,9,0.947085440158844,0.1799057573080063,0.08850004523992538,0.9985775947570801,909,97
225,7500,10,0.9520654678344727,0.1822262704372406,0.07554717361927032,0.9989656805992126,913,98
225,7500,11,0.9152973294258118,0.2259901463985443,0.06497052311897278,0.9998596906661987,878,122
225,7500,12,0.956479012966156,0.23625034093856812,-0.04773066192865372,0.9999722838401794,918,127
225,7500,13,0.9077521562576294,0.30766579508781433,0.08274664729833603,0.1115712895989418,871,166
225,7500,14,0.9650347232818604,0.32069841027259827,-0.06468065828084946,0.9761918783187866,926,173
225,7500,15,0.9196587800979614,0.3686872124671936,0.09913309663534164,0.036044687032699585,882,199
225,7500,16,0.9896552562713623,0.38523805141448975,-0.03890727832913399,0.8066043853759766,950,208
225,7500,17,0.9208698272705078,0.38358673453330994,0.10342537611722946,0.04183300957083702,884,207
225,7500,18,0.9937619566917419,0.40304261445999146,-0.04723818972706795,0.725283682346344,954,217
225,7500,19,0.9254182577133179,0.38334792852401733,0.09031080454587936,0.037743762135505676,888,207
225,7500,20,0.9950515627861023,0.40237289667129517,-0.044422805309295654,0.704819917678833,955,217
225,7500,21,0.9269982576370239,0.3778580129146576,0.0947507843375206,0.030049046501517296,889,204
225,7500,22,0.9927974343299866,0.39483460783958435,-0.03737378865480423,0.5946058034896851,953,213
225,7500,23,0.9097985029220581,0.39013856649398804,0.039915814995765686,0.9999725818634033,873,210
225,7500,24,0.9308645725250244,0.39485469460487366,-0.03999833017587662,0.9999873042106628,893,213
225,7500,25,0.9365739822387695,0.49451249837875366,0.1149003729224205,0.7858628630638123,899,267
225,7500,26,0.9245795607566833,0.5094742774963379,-0.04580944776535034,0.9877802729606628,887,275
225,7500,27,0.9399908781051636,0.611388623714447,0.15345649421215057,0.9236652255058289,902,330
225,7500,28,0.8624264001846313,0.5982618927955627,-0.034648217260837555,0.9920868873596191,827,323
225,7500,29,0.9319517016410828,0.6386311054229736,0.15523870289325714,0.9257086515426636,894,344
225,7500,30,0.8457084894180298,0.5985885858535767,-0.033566687256097794,0.9525889754295349,811,323
225,7500,31,0.968617856502533,0.6275559067726135,0.14115193486213684,0.8775158524513245,929,338
225,7500,32,0.8652672171592712,0.65455561876297,-0.059037309139966965,0.97014981508255,830,353
226,7533,0,0.9595153331756592,0.17109934985637665,0.10578204691410065,0.9991862177848816,921,92
226,7533,1,0.9572240114212036,0.16046908497810364,0.09621787071228027,0.9986255764961243,918,86
226,7533,2,0.9549084901809692,0.1592988222837448,0.09611167758703232,0.9984214305877686,916,86
226,7533,3,0.9523059725761414,0.15820161998271942,0.09611102938652039,0.9987275004386902,914,85
226,7533,4,0.9625072479248047,0.1628609448671341,0.08798888325691223,0.9990684986114502,924,87
226,7533,5,0.9641478061676025,0.16338297724723816,0.08786512911319733,0.999340295791626,925,88
226,7533,6,0.965893566608429,0.1638951301574707,0.08782371878623962,0.9994460940361023,927,88
226,7533,7,0.9471375942230225,0.1627017706632614,0.0552959069609642,0.999330461025238,909,87
226,7533,8,0.9675213098526001,0.17031390964984894,0.016800405457615852,0.9992632865905762,928,91
226,7533,9,0.9550535678863525,0.17951703071594238,0.09508781135082245,0.9983012080192566,916,96
226,7533,10,0.9596326351165771,0.18188589811325073,0.08312289416790009,0.9986386299133301,921,98
226,7533,11,0.9197080731391907,0.22602298855781555,0.06404247134923935,0.9998605251312256,882,122
226,7533,12,0.9667309522628784,0.2360628843307495,-0.04536788910627365,0.9999496936798096,928,127
226,7533,13,0.9072133898735046,0.31115731596946716,0.07898195832967758,0.18454532325267792,870,168
226,7533,14,0.972760021686554,0.32380011677742004,-0.06706871092319489,0.9776330590248108,933,174
226,7533,15,0.9080228805541992,0.38425126671791077,0.09030680358409882,0.09452763944864273,871,207
226,7533,16,0.9943599700927734,0.3929474353790283,-0.05126912146806717,0.8059298396110535,954,212
226,7533,17,0.9073984026908875,0.40232595801353455,0.09482608735561371,0.09580446779727936,871,217
226,7533,18,0.9992600679397583,0.41522932052612305,-0.061982281506061554,0.7226096987724304,959,224
226,7533,19,0.9116514921188354,0.40559959411621094,0.08324328809976578,0.09043195098638535,875,219
226,7533,20,1.0016670227050781,0.4136161804199219,-0.05796892195940018,0.7038938403129578,961,223
226,7533,21,0.9133933186531067,0.399573415517807,0.08695237338542938,0.07397889345884323,876,215
226,7533,22,0.9979745745658875,0.40603628754615784,-0.04949041083455086,0.5942237377166748,958,219
226,7533,23,0.9159913659095764,0.3902871012687683,0.04129433631896973,0.999927282333374,879,210
226,7533,24,0.939245879650116,0.39501702785491943,-0.0413464680314064,0.9999345541000366,901,213
226,7533,25,0.9396122097969055,0.49822014570236206,0.1253088116645813,0.7954901456832886,902,269
226,7533,26,0.9357213377952576,0.5126005411148071,-0.03877653181552887,0.9884740114212036,898,276
226,7533,27,0.9423590898513794,0.6126721501350403,0.17423197627067566,0.9299020767211914,904,330
226,7533,28,0.8724030256271362,0.5946139097213745,0.012437676079571247,0.9920972585678101,837,321
226,7533,29,0.9329385757446289,0.6387611031532288,0.17643412947654724,0.9319363832473755,895,344
226,7533,30,0.8569384813308716,0.5919966101646423,0.019185947254300117,0.9538339376449585,822,319
226,7533,31,0.9678266048431396,0.6284735798835754,0.15667667984962463,0.885656476020813,929,339
226,7533,32,0.8697642683982849,0.6527572870254517,0.001429753378033638,0.970239520072937,834,352
227,7566,0,0.9608908295631409,0.16900576651096344,0.09905382245779037,0.999001681804657,922,91
227,7566,1,0.9580971598625183,0.15927785634994507,0.09001513570547104,0.9983416795730591,919,86
227,7566,2,0.9554557800292969,0.15830183029174805,0.08990895748138428,0.998177707195282,917,85
227,7566,3,0.9528129696846008,0.15731307864189148,0.08992566913366318,0.9985119700431824,914,84
227,7566,4,0.9640500545501709,0.16122014820575714,0.08126462250947952,0.9988181591033936,925,87
227,7566,5,0.965697705745697,0.16166724264621735,0.0811309665441513,0.9991810321807861,927,87
227,7566,6,0.9672582149505615,0.16203811764717102,0.08109399676322937,0.9992823600769043,928,87
227,7566,7,0.9478376507759094,0.16213712096214294,0.05430864170193672,0.9993095397949219,909,87
227,7566,8,0.9676463007926941,0.16878998279571533,0.012214628048241138,0.999133825302124,928,91
227,7566,9,0.9558625817298889,0.178120955824852,0.0900745689868927,0.9981542825698853,917,96
227,7566,10,0.9613804221153259,0.1799900084733963,0.07727935165166855,0.9984701871871948,922,97
227,7566,11,0.9196181893348694,0.2262144833803177,0.05030547454953194,0.9998605847358704,882,122
227,7566,12,0.9687873721122742,0.2359153926372528,-0.045687925070524216,0.9999329447746277,930,127
227,7566,13,0.906562864780426,0.31133848428726196,0.06672704964876175,0.24975444376468658,870,168
227,7566,14,0.9739352464675903,0.3245461583137512,-0.07293578237295151,0.9785398840904236,934,175
227,7566,15,0.904468834400177,0.39230698347091675,0.08026178926229477,0.1513642519712448,868,211
227,7566,16,0.9959045648574829,0.3954678177833557,-0.06611956655979156,0.8130762577056885,956,213
227,7566,17,0.9028009176254272,0.41114452481269836,0.07971643656492233,0.1477285474538803,866,222
227,7566,18,0.9999439120292664,0.41858944296836853,-0.07827886939048767,0.7306666970252991,959,226
227,7566,19,0.9066931009292603,0.41594406962394714,0.07339899986982346,0.14075583219528198,870,224
227,7566,20,1.0043092966079712,0.41731300950050354,-0.07490120083093643,0.7137156128883362,964,225
227,7566,21,0.9084709286689758,0.41132262349128723,0.07888215035200119,0.11607657372951508,872,222
227,7566,22,1.0011870861053467,0.4085620045661926,-0.06482807546854019,0.6042819619178772,961,220
227,7566,23,0.9185324907302856,0.39087212085723877,0.040476322174072266,0.9999018311500549,881,211
227,7566,24,0.9407697916030884,0.395548015832901,-0.040542230010032654,0.9999083876609802,903,213
227,7566,25,0.9411897659301758,0.4991525709629059,0.12983673810958862,0.8103664517402649,903,269
227,7566,26,0.936004638671875,0.5143518447875977,-0.017062626779079437,0.9890931844711304,898,277
227,7566,27,0.9409863352775574,0.6149292588233948,0.19333238899707794,0.9360039234161377,903,332
227,7566,28,0.87331622838974,0.593811571598053,0.049256596714258194,0.9922755360603333,838,320
227,7566,29,0.9325587153434753,0.6397380232810974,0.19691652059555054,0.9377912878990173,895,345
227,7566,30,0.8591728210449219,0.5899822115898132,0.05533812195062637,0.9554735422134399,824,318
227,7566,31,0.9690309166908264,0.6288176774978638,0.17239339649677277,0.8942311406135559,930,339
227,7566,32,0.8709380030632019,0.6527377963066101,0.028988270089030266,0.9711610674858093,836,352
228,7600,0,0.9706958532333374,0.16830319166183472,0.1031179130077362,0.9988816380500793,931,90
228,7600,1,0.9680497050285339,0.15844370424747467,0.09710995852947235,0.9981927871704102,929,85
228,7600,2,0.9657468199729919,0.1575865000486374,0.09700822830200195,0.9979332685470581,927,85
228,7600,3,0.9631035923957825,0.15668390691280365,0.09702602028846741,0.9983876347541809,924,84
228,7600,4,0.9728752374649048,0.16005012392997742,0.08663973212242126,0.9987468719482422,933,86
228,7600,5,0.9742016196250916,0.16038627922534943,0.08648766577243805,0.9990996718406677,935,86
228,7600,6,0.975540816783905,0.16065257787704468,0.08644596487283707,0.9992491602897644,936,86
228,7600,7,0.9573476314544678,0.16098380088806152,0.07142138481140137,0.999208390712738,919,86
228,7600,8,0.9760745763778687,0.1667633205652237,0.02320132404565811,0.9990091323852539,937,90
228,7600,9,0.965944230556488,0.17727647721767426,0.09755340963602066,0.9977152943611145,927,95
228,7600,10,0.9704336524009705,0.17883917689323425,0.0828215703368187,0.9981095194816589,931,96
228,7600,11,0.9312551021575928,0.2237507700920105,0.08511766791343689,0.9998468160629272,894,120
228,7600,12,0.9748498201370239,0.23570623993873596,-0.03737630322575569,0.9999269843101501,935,127
228,7600,13,0.9156521558761597,0.3017650842666626,0.12147779762744904,0.22772479057312012,879,162
228,7600,14,0.9799782633781433,0.3257206082344055,-0.0506819412112236,0.9730907082557678,940,175
228,7600,15,0.9188133478164673,0.35722842812538147,0.1484580785036087,0.1368871033191681,882,192
228,7600,16,0.9976354837417603,0.3945688009262085,-0.008183998987078667,0.7637196779251099,957,213
228,7600,17,0.9170925617218018,0.37526562809944153,0.1560267060995102,0.13390694558620453,880,202
228,7600,18,1.0016893148422241,0.41716140508651733,-0.013840857893228531,0.6801528334617615,961,225
228,7600,19,0.9225513935089111,0.37477684020996094,0.14952704310417175,0.1275436133146286,885,202
228,7600,20,1.0043156147003174,0.41466832160949707,-0.010557330213487148,0.6637763977050781,964,223
228,7600,21,0.9232445359230042,0.3679245710372925,0.1470341682434082,0.10522846132516861,886,198
228,7600,22,1.0002609491348267,0.40632712841033936,-0.006077518220990896,0.5592201948165894,960,219
228,7600,23,0.9264788031578064,0.38643789291381836,0.0441632904112339,0.9999036192893982,889,208
228,7600,24,0.9459741115570068,0.38958969712257385,-0.04424384608864784,0.9999116659164429,908,210
228,7600,25,0.9528321623802185,0.4942156672477722,0.10517487674951553,0.7849774360656738,914,266
228,7600,26,0.9478024840354919,0.5141015648841858,-0.05487413704395294,0.9876823425292969,909,277
228,7600,27,0.940746545791626,0.6144176721572876,0.12837693095207214,0.9273445010185242,903,331
228,7600,28,0.8864750266075134,0.5855412483215332,-0.02324005402624607,0.9891932010650635,851,316
228,7600,29,0.9315595030784607,0.6393439173698425,0.12827108800411224,0.9323039650917053,894,345
228,7600,30,0.8723660707473755,0.5802251100540161,-0.019431373104453087,0.9464265704154968,837,313
228,7600,31,0.9689830541610718,0.629651665687561,0.115160271525383,0.8775100111961365,930,340
228,7600,32,0.8833372592926025,0.6461622714996338,-0.030583273619413376,0.9637719988822937,848,348
229,7633,0,0.9707096815109253,0.16667740046977997,0.09982695430517197,0.9975233674049377,931,90
229,7633,1,0.9680127501487732,0.15674249827861786,0.09531841427087784,0.9962705373764038,929,84
229,7633,2,0.9654227495193481,0.15601694583892822,0.0952133759856224,0.99559485912323,926,84
229,7633,3,0.9629043340682983,0.15531562268733978,0.0952865332365036,0.9968457221984863,924,83
229,7633,4,0.9740272760391235,0.15853159129619598,0.08278309553861618,0.9976045489311218,935,85
229,7633,5,0.9755914807319641,0.15907450020313263,0.08263500779867172,0.9982185959815979,936,85
229,7633,6,0.9769671559333801,0.15948975086212158,0.08259716629981995,0.9986429214477539,937,86
229,7633,7,0.9575158953666687,0.16037137806415558,0.05788377672433853,0.9986659288406372,919,86
229,7633,8,0.9768804907798767,0.16555580496788025,0.017649207264184952,0.9981870651245117,937,89
229,7633,9,0.9658205509185791,0.17644718289375305,0.09572542458772659,0.9953740835189819,927,95
229,7633,10,0.971013069152832,0.17818188667297363,0.07898450642824173,0.9962456822395325,932,96
229,7633,11,0.9324826598167419,0.22201132774353027,0.07604128867387772,0.9997296333312988,895,119
229,7633,12,0.976866602897644,0.23563604056835175,-0.037872299551963806,0.9998772144317627,937,127
229,7633,13,0.9193236231803894,0.3028648793697357,0.10131336748600006,0.20648258924484253,882,163
229,7633,14,0.9815009832382202,0.3284021019935608,-0.04528958350419998,0.9556036591529846,942,177
229,7633,15,0.9277884364128113,0.36456960439682007,0.13319095969200134,0.1233472228050232,890,196
229,7633,16,0.9992574453353882,0.39359915256500244,-0.004056082107126713,0.7021753191947937,959,212
229,7633,17,0.9288016557693481,0.3816339373588562,0.1404121369123459,0.12077835202217102,891,206
229,7633,18,1.0027202367782593,0.4141485393047333,-0.008353173732757568,0.6255394220352173,962,223
229,7633,19,0.9337134957313538,0.38222411274909973,0.13426430523395538,0.11503300815820694,896,206
229,7633,20,1.0055837631225586,0.41227149963378906,-0.007054915651679039,0.6109321713447571,965,222
229,7633,21,0.9350521564483643,0.3762096166610718,0.13198217749595642,0.09493154287338257,897,203
229,7633,22,1.0011476278305054,0.40621137619018555,-0.002867837203666568,0.5131613612174988,961,219
229,7633,23,0.9266298413276672,0.38603729009628296,0.041989490389823914,0.9998367428779602,889,208
229,7633,24,0.9477689266204834,0.3901549279689789,-0.042082346975803375,0.9998672604560852,909,210
229,7633,25,0.9536276459693909,0.49062737822532654,0.10650594532489777,0.7683011293411255,915,264
229,7633,26,0.9521604180335999,0.5131813883781433,-0.04642973467707634,0.9873617887496948,914,277
229,7633,27,0.9395945072174072,0.614436149597168,0.13588932156562805,0.9283921122550964,902,331
229,7633,28,0.8888300061225891,0.5823173522949219,-0.017025209963321686,0.9887158274650574,853,314
229,7633,29,0.9305616021156311,0.6394009590148926,0.1363435536623001,0.9341365098953247,893,345
229,7633,30,0.873284637928009,0.577285885810852,-0.013394585810601711,0.9449760913848877,838,311
229,7633,31,0.9698601365089417,0.6306924819946289,0.12176881730556488,0.8739438652992249,931,340
229,7633,32,0.8863045573234558,0.6390145421028137,-0.02722834423184395,0.9621840715408325,850,345
230,7666,0,0.9797829985618591,0.16532696783542633,0.0920354574918747,0.9975253939628601,940,89
230,7666,1,0.9764832258224487,0.15505461394786835,0.08452041447162628,0.9962552189826965,937,83
230,7666,2,0.9740451574325562,0.15416227281093597,0.08442201465368271,0.9955585598945618,935,83
230,7666,3,0.9712724685668945,0.15327799320220947,0.08445260673761368,0.9968588948249817,932,82
230,7666,4,0.9817555546760559,0.15737994015216827,0.07514265924692154,0.9976257085800171,942,84
230,7666,5,0.9829962253570557,0.15804193913936615,0.07497385889291763,0.9982011914253235,943,85
230,7666,6,0.9841898679733276,0.1585915982723236,0.07493762671947479,0.9986360669136047,944,85
230,7666,7,0.965107798576355,0.15744659304618835,0.05169752612709999,0.9986635446548462,926,85
230,7666,8,0.9837568998336792,0.1643802970647812,0.017205748707056046,0.9981284141540527,944,88
230,7666,9,0.9740577340126038,0.1746368110179901,0.08706019073724747,0.9952171444892883,935,94
230,7666,10,0.9791539907455444,0.17653633654117584,0.07383265346288681,0.9960424304008484,939,95
230,7666,11,0.9386144876480103,0.21721132099628448,0.06288395822048187,0.9997397065162659,901,117
230,7666,12,0.9845619201660156,0.23440198600292206,-0.03424009308218956,0.9998667240142822,945,126
230,7666,13,0.9273433089256287,0.29604315757751465,0.10024428367614746,0.18859244883060455,890,159
230,7666,14,0.9869248270988464,0.3285265862941742,-0.017189690843224525,0.936688244342804,947,177
230,7666,15,0.9388540387153625,0.3360832929611206,0.1554284244775772,0.11109694093465805,901,181
230,7666,16,0.9868509769439697,0.3654825985431671,0.06948504596948624,0.6325914859771729,947,197
230,7666,17,0.9400732517242432,0.35825982689857483,0.16875748336315155,0.10882584005594254,902,193
230,7666,18,0.9821527004241943,0.3781949579715729,0.07712115347385406,0.5634307265281677,942,204
230,7666,19,0.9436076879501343,0.357769250869751,0.16251100599765778,0.1036418080329895,905,193
230,7666,20,0.9770109057426453,0.3696587085723877,0.07561174780130386,0.5502574443817139,937,199
230,7666,21,0.9445847868919373,0.35327449440956116,0.15476177632808685,0.0855536088347435,906,190
230,7666,22,0.9779874682426453,0.36730873584747314,0.07038531452417374,0.4622451663017273,938,198
230,7666,23,0.9318355917930603,0.3849411606788635,0.03942025080323219,0.9998496174812317,894,207
230,7666,24,0.9585793614387512,0.3884616792201996,-0.03951750323176384,0.9998767971992493,920,209
230,7666,25,0.949803352355957,0.4930412471294403,0.10313315689563751,0.7301179766654968,911,266
230,7666,26,0.9659851789474487,0.5133338570594788,-0.04729088768362999,0.9852467775344849,927,277
230,7666,27,0.9408449530601501,0.6154693365097046,0.10759282112121582,0.9209413528442383,903,332
230,7666,28,0.9055907726287842,0.5777442455291748,-0.04243046045303345,0.9860683083534241,869,311
230,7666,29,0.9318227171897888,0.6418188810348511,0.10596714913845062,0.9295327663421631,894,346
230,7666,30,0.8903297781944275,0.5724805593490601,-0.041037824004888535,0.9387012720108032,854,309
230,7666,31,0.9694538116455078,0.6315802335739136,0.1051110252737999,0.8611591458320618,930,341
230,7666,32,0.9027086496353149,0.6367474794387817,-0.038192544132471085,0.956497848033905,866,343
231,7700,0,0.9768335819244385,0.163768470287323,0.09158478677272797,0.9973465204238892,937,88
231,7700,1,0.9740148186683655,0.15341795980930328,0.08232221007347107,0.9960310459136963,935,82
231,7700,2,0.9714879989624023,0.1525711715221405,0.08222147077322006,0.9953070878982544,932,82
231,7700,3,0.9690583348274231,0.15179970860481262,0.08224114775657654,0.996731162071228,930,81
231,7700,4,0.980094313621521,0.15571023523807526,0.07481256127357483,0.9974756836891174,940,84
231,7700,5,0.9817258715629578,0.15645301342010498,0.07464004307985306,0.9980557560920715,942,84
231,7700,6,0.9831393957138062,0.1570916622877121,0.07460809499025345,0.9985272884368896,943,84
231,7700,7,0.9640751481056213,0.15619151294231415,0.04702743515372276,0.9986302852630615,925,84
231,7700,8,0.9831771850585938,0.16311395168304443,0.015602752566337585,0.9979327917098999,943,88
231,7700,9,0.9718563556671143,0.17345793545246124,0.08567468076944351,0.994845449924469,932,93
231,7700,10,0.9772263169288635,0.17536567151546478,0.0734221488237381,0.9955143332481384,938,94
231,7700,11,0.9393516778945923,0.2152940034866333,0.05419004335999489,0.999742865562439,901,116
231,7700,12,0.9857073426246643,0.23300951719284058,-0.025601208209991455,0.9998458623886108,946,125
231,7700,13,0.9287469983100891,0.2950906455516815,0.09338567405939102,0.17213624715805054,891,159
231,7700,14,0.9877035617828369,0.32814866304397583,-0.00809400249272585,0.9172266125679016,948,177
231,7700,15,0.9373376369476318,0.3420080840587616,0.13048702478408813,0.10007645934820175,899,184
231,7700,16,0.9866252541542053,0.35850632190704346,0.0673891007900238,0.5699833035469055,947,193
231,7700,17,0.9388424158096313,0.3558467626571655,0.13915878534317017,0.09809048473834991,901,192
231,7700,18,0.9819149374961853,0.3668082654476166,0.07335233688354492,0.5076297521591187,942,198
231,7700,19,0.94233638048172,0.35494205355644226,0.13419483602046967,0.09341000765562057,904,191
231,7700,20,0.9773086905479431,0.3593895137310028,0.07138998061418533,0.49575501680374146,938,194
231,7700,21,0.9435765743255615,0.3504445254802704,0.12976883351802826,0.07712306827306747,905,189
231,7700,22,0.9781965017318726,0.35772913694381714,0.06789185851812363,0.41650116443634033,939,193
231,7700,23,0.9335706233978271,0.38415732979774475,0.0352141298353672,0.9998563528060913,896,207
231,7700,24,0.9597780108451843,0.38700392842292786,-0.035322703421115875,0.9998795390129089,921,208
231,7700,25,0.950384795665741,0.4950498342514038,0.09853231906890869,0.6935151815414429,912,267
231,7700,26,0.9658631086349487,0.5132994055747986,-0.043045029044151306,0.9824533462524414,927,277
231,7700,27,0.9407527446746826,0.6164055466651917,0.10521989315748215,0.9143072962760925,903,332
231,7700,28,0.905239999294281,0.5761066675186157,-0.03177691996097565,0.9827736020088196,869,311
231,7700,29,0.9313512444496155,0.6428863406181335,0.10406244546175003,0.9272816181182861,894,347
231,7700,30,0.8888529539108276,0.5719099640846252,-0.029730243608355522,0.9325951933860779,853,308
231,7700,31,0.9703869223594666,0.6312230229377747,0.10311700403690338,0.8517361879348755,931,340
231,7700,32,0.9025229811668396,0.6336620450019836,-0.03394920006394386,0.9505608081817627,866,342
232,7733,0,0.9794260263442993,0.16365143656730652,0.09552814811468124,0.9954839944839478,940,88
232,7733,1,0.9769963622093201,0.153205007314682,0.085749551653862,0.9931533336639404,937,82
232,7733,2,0.9747397303581238,0.152507945895195,0.08564868569374084,0.99195796251297,935,82
232,7733,3,0.9723561406135559,0.15182840824127197,0.08563969284296036,0.9946197867393494,933,81
232,7733,4,0.9825741052627563,0.15494167804718018,0.07943840324878693,0.9955635070800781,943,83
232,7733,5,0.984234631061554,0.1555565744638443,0.0792693942785263,0.9964062571525574,944,84
232,7733,6,0.9857572913169861,0.15608598291873932,0.07922865450382233,0.9973229765892029,946,84
232,7733,7,0.9674416780471802,0.15624649822711945,0.049073539674282074,0.9978786110877991,928,84
232,7733,8,0.9866163730621338,0.16274410486221313,0.021395523101091385,0.9962081909179688,947,87
232,7733,9,0.9751617312431335,0.17338629066944122,0.08766429871320724,0.9922966361045837,936,93
232,7733,10,0.9803086519241333,0.17501790821552277,0.07778921723365784,0.992802619934082,941,94
232,7733,11,0.9434334635734558,0.215923011302948,0.05536125227808952,0.9997354745864868,905,116
232,7733,12,0.99065101146698,0.2277744710445404,-0.020067540928721428,0.999819278717041,951,122
232,7733,13,0.931176483631134,0.29665184020996094,0.07825828343629837,0.157767653465271,893,160
232,7733,14,0.9878050684928894,0.3235880434513092,-0.022068887948989868,0.8822559714317322,948,174
232,7733,15,0.9372915029525757,0.34550148248672485,0.09416051208972931,0.09057550132274628,899,186
232,7733,16,0.9865471720695496,0.36391934752464294,0.02713797241449356,0.5193560719490051,947,196
232,7733,17,0.934824526309967,0.3625364601612091,0.09878018498420715,0.08900125324726105,897,195
232,7733,18,0.9820464253425598,0.37467342615127563,0.026583444327116013,0.4620059132575989,942,202
232,7733,19,0.9396858215332031,0.3642044961452484,0.09538722038269043,0.08471290022134781,902,196
232,7733,20,0.9793025255203247,0.36421439051628113,0.026787128299474716,0.4510378837585449,940,196
232,7733,21,0.9416744112968445,0.3595154285430908,0.09347233921289444,0.06993746012449265,904,194
232,7733,22,0.9793945550918579,0.3599590063095093,0.028096739202737808,0.37859946489334106,940,194
232,7733,23,0.9411311745643616,0.3837938606739044,0.03510395437479019,0.9998649954795837,903,207
232,7733,24,0.9670953154563904,0.386572003364563,-0.03520964831113815,0.9998860955238342,928,208
232,7733,25,0.9516573548316956,0.49710342288017273,0.0782470554113388,0.6640206575393677,913,268
232,7733,26,0.9779050946235657,0.5134245753288269,-0.04427262395620346,0.9802044630050659,938,277
232,7733,27,0.9418731927871704,0.6152253150939941,0.07913817465305328,0.9059852957725525,904,332
232,7733,28,0.9225329756736755,0.5783858299255371,-0.035281989723443985,0.9798142313957214,885,312
232,7733,29,0.9367800354957581,0.6421068906784058,0.07657148689031601,0.9182059168815613,899,346
232,7733,30,0.9086636900901794,0.5742214322090149,-0.03375328332185745,0.9235786199569702,872,310
232,7733,31,0.9685521721839905,0.6319338083267212,0.0679236426949501,0.8340078592300415,929,341
232,7733,32,0.9174043536186218,0.6355070471763611,-0.03603379800915718,0.943210244178772,880,343
233,7766,0,0.980147659778595,0.1637880802154541,0.07954764366149902,0.9941325187683105,940,88
233,7766,1,0.9792535305023193,0.152641162276268,0.06988341361284256,0.9912464618682861,940,82
233,7766,2,0.9768369197845459,0.15197069942951202,0.06977678090333939,0.9898533821105957,937,82
233,7766,3,0.9751576781272888,0.15139172971248627,0.06977228075265884,0.9931966066360474,936,81
233,7766,4,0.9839385151863098,0.1540549248456955,0.06450235098600388,0.9941086173057556,944,83
233,7766,5,0.9852586388587952,0.15530052781105042,0.0643274188041687,0.9952197074890137,945,83
233,7766,6,0.9866123795509338,0.1557614803314209,0.06427721679210663,0.9963892698287964,947,84
233,7766,7,0.9694085717201233,0.15626169741153717,0.038887396454811096,0.997441291809082,930,84
233,7766,8,0.9869702458381653,0.16254279017448425,0.01721031218767166,0.9951240420341492,947,87
233,7766,9,0.9761814475059509,0.17337055504322052,0.07359787821769714,0.9905673265457153,937,93
233,7766,10,0.9812418222427368,0.1750224232673645,0.06550603359937668,0.9907456040382385,941,94
233,7766,11,0.9427675008773804,0.215665802359581,0.052530717104673386,0.9997071623802185,905,116
233,7766,12,0.9913803935050964,0.2240120768547058,-0.022676656022667885,0.9997538924217224,951,120
233,7766,13,0.9322852492332458,0.2976037561893463,0.06519146263599396,0.1447007656097412,894,160
233,7766,14,0.9890420436859131,0.32009121775627136,-0.029446421191096306,0.8511891961097717,949,172
233,7766,15,0.9371080994606018,0.3467762768268585,0.07052400708198547,0.08219247311353683,899,187
233,7766,16,0.9865647554397583,0.3672950267791748,0.010676859878003597,0.4725954830646515,947,198
233,7766,17,0.9345849752426147,0.36560577154159546,0.07136853784322739,0.08114578574895859,897,197
233,7766,18,0.9836816191673279,0.3793126046657562,0.009130017831921577,0.420460045337677,944,204
233,7766,19,0.9390878081321716,0.36534079909324646,0.06781384348869324,0.07718952745199203,901,197
233,7766,20,0.9803949594497681,0.3729313611984253,0.005905217956751585,0.4104463458061218,941,201
233,7766,21,0.9412952065467834,0.36099332571029663,0.06950127333402634,0.06367410719394684,903,194
233,7766,22,0.9794896245002747,0.3672252893447876,0.0094545166939497,0.34421995282173157,940,198
233,7766,23,0.9440311789512634,0.3832332491874695,0.034895118325948715,0.9998617172241211,906,206
233,7766,24,0.9683945775032043,0.38643234968185425,-0.03499436378479004,0.9998804330825806,929,208
233,7766,25,0.9527355432510376,0.49751484394073486,0.07833638787269592,0.6551457643508911,914,268
233,7766,26,0.9782499074935913,0.5135129690170288,-0.043475400656461716,0.9792840480804443,939,277
233,7766,27,0.9413652420043945,0.6149840354919434,0.09548258781433105,0.9063172936439514,903,332
233,7766,28,0.9239976406097412,0.5792508125305176,-0.014457655139267445,0.9780198335647583,887,312
233,7766,29,0.935568630695343,0.641435444355011,0.09431316703557968,0.9153818488121033,898,346
233,7766,30,0.9089298248291016,0.575300931930542,-0.009980396367609501,0.9161460995674133,872,310
233,7766,31,0.9665150046348572,0.6314384341239929,0.07843170315027237,0.8323103785514832,927,340
233,7766,32,0.9219308495521545,0.6339679956436157,-0.015113849192857742,0.9394883513450623,885,342
234,7800,0,0.9848001599311829,0.1633688509464264,0.10089900344610214,0.9611762762069702,945,88
234,7800,1,0.9840448498725891,0.15270528197288513,0.09383659064769745,0.9479561448097229,944,82
234,7800,2,0.9818084836006165,0.15201006829738617,0.09373973309993744,0.9450947046279907,942,82
234,7800,3,0.9806079268455505,0.1514897644519806,0.09373058378696442,0.957064151763916,941,81
234,7800,4,0.987342119216919,0.15383996069431305,0.08783696591854095,0.9591507315635681,947,83
234,7800,5,0.9893969893455505,0.1548040360212326,0.08766420185565948,0.9663495421409607,949,83
234,7800,6,0.9904162883758545,0.1549738645553589,0.08757162094116211,0.9723368287086487,950,83
234,7800,7,0.975878119468689,0.1563822329044342,0.06730125099420547,0.9829484224319458,936,84
234,7800,8,0.9909322261810303,0.16148045659065247,0.03961382061243057,0.9712080359458923,951,87
234,7800,9,0.9815441966056824,0.17336881160736084,0.09546349197626114,0.9578918218612671,942,93
234,7800,10,0.9859625101089478,0.1749170869588852,0.08656509220600128,0.9569816589355469,946,94
234,7800,11,0.9509606957435608,0.21741993725299835,0.08265504986047745,0.9990085959434509,912,117
234,7800,12,0.9998393654823303,0.2193358838558197,-0.011907984502613544,0.998937726020813,959,118
234,7800,13,0.9415494203567505,0.2981073260307312,0.06598874926567078,0.1320980042219162,903,160
234,7800,14,0.9902899265289307,0.3113209307193756,-0.04056604579091072,0.8056545257568359,950,168
234,7800,15,0.9529944658279419,0.34769406914711,0.06144178658723831,0.0745711624622345,914,187
234,7800,16,0.9897443652153015,0.34450581669807434,-0.038466744124889374,0.42948219180107117,950,186
234,7800,17,0.9522594809532166,0.36112549901008606,0.06168604642152786,0.0741376057267189,914,195
234,7800,18,0.9905592203140259,0.35044804215431213,-0.045887432992458344,0.3824617266654968,950,189
234,7800,19,0.9564924240112305,0.3582267165184021,0.057394787669181824,0.07053368538618088,918,193
234,7800,20,0.9874654412269592,0.34568893909454346,-0.04052165523171425,0.3733593225479126,947,186
234,7800,21,0.9582673907279968,0.35437270998954773,0.059408627450466156,0.05814550071954727,919,191
234,7800,22,0.9845241904258728,0.3428187668323517,-0.03671025484800339,0.3129085302352905,945,185
234,7800,23,0.9517277479171753,0.3806011378765106,0.037203527987003326,0.9996463656425476,913,205
234,7800,24,0.9770883321762085,0.38374221324920654,-0.03729677200317383,0.9996699094772339,938,207
234,7800,25,0.9600493907928467,0.49733924865722656,0.06559153646230698,0.6188445091247559,921,268
234,7800,26,0.9887461066246033,0.5130836367607117,-0.053429700434207916,0.9738703966140747,949,277
234,7800,27,0.9478378295898438,0.6087232828140259,0.06227070093154907,0.8986817002296448,909,328
234,7800,28,0.9394704699516296,0.5805637240409851,-0.03427745774388313,0.9744337201118469,901,313
234,7800,29,0.9410618543624878,0.6253659725189209,0.05882025882601738,0.9047284126281738,903,337
234,7800,30,0.9256798028945923,0.5763872265815735,-0.03194498270750046,0.9054406881332397,888,311
234,7800,31,0.9618281722068787,0.6317700147628784,0.03139694407582283,0.814511239528656,923,341
234,7800,32,0.9361826181411743,0.6346807479858398,-0.049550220370292664,0.9285246133804321,898,342
235,7833,0,0.9891439080238342,0.1633956879377365,0.09747971594333649,0.917216420173645,949,88
235,7833,1,0.9873400926589966,0.15243586897850037,0.09346183389425278,0.8953805565834045,947,82
235,7833,2,0.9860069751739502,0.1518065333366394,0.09338246285915375,0.8917985558509827,946,81
235,7833,3,0.9836443662643433,0.15115512907505035,0.09344112128019333,0.9123622179031372,944,81
235,7833,4,0.9911559820175171,0.15357616543769836,0.08486075699329376,0.9134739637374878,951,82
235,7833,5,0.9923324584960938,0.15423472225666046,0.08466529846191406,0.9264339208602905,952,83
235,7833,6,0.9931447505950928,0.15421582758426666,0.0844988003373146,0.937903642654419,953,83
235,7833,7,0.9801356792449951,0.15605135262012482,0.06216372549533844,0.9647833108901978,940,84
235,7833,8,0.9935128688812256,0.1602713167667389,0.03350602090358734,0.9373372793197632,953,86
235,7833,9,0.986072838306427,0.17338763177394867,0.09423637390136719,0.9204503297805786,946,93
235,7833,10,0.9902334213256836,0.1749311089515686,0.08350446075201035,0.9173513650894165,950,94
235,7833,11,0.9513564705848694,0.21750842034816742,0.07639457285404205,0.9986159801483154,913,117
235,7833,12,1.0016214847564697,0.2177858203649521,-0.01564197987318039,0.9982374906539917,961,117
235,7833,13,0.9432482123374939,0.2985284626483917,0.06821656972169876,0.11999740451574326,905,161
235,7833,14,0.9915763139724731,0.3110943138599396,-0.07337253540754318,0.757164716720581,951,167
235,7833,15,0.9532568454742432,0.3422355651855469,0.05315612629055977,0.0675247386097908,915,184
235,7833,16,0.9918233156204224,0.34232422709465027,-0.07655748724937439,0.39051130414009094,952,184
235,7833,17,0.9558722972869873,0.3551010489463806,0.05398636683821678,0.0674993097782135,917,191
235,7833,18,0.993809163570404,0.34778812527656555,-0.08507344871759415,0.3483085036277771,954,187
235,7833,19,0.9606098532676697,0.35075098276138306,0.04892145097255707,0.06421814113855362,922,189
235,7833,20,0.9906479120254517,0.34273502230644226,-0.0785481184720993,0.3398979604244232,951,185
235,7833,21,0.9623064398765564,0.34770146012306213,0.05061616748571396,0.05293969810009003,923,187
235,7833,22,0.9873913526535034,0.34001418948173523,-0.07453807443380356,0.2844789922237396,947,183
235,7833,23,0.9513698816299438,0.3793421983718872,0.037739403545856476,0.9995706677436829,913,204
235,7833,24,0.9786098599433899,0.3827303946018219,-0.03783193975687027,0.999592661857605,939,206
235,7833,25,0.9586054682731628,0.49735158681869507,0.06556682288646698,0.5797874331474304,920,268
235,7833,26,0.9896882772445679,0.5128934383392334,-0.047068528831005096,0.9611430764198303,950,276
235,7833,27,0.9500772356987,0.6051002740859985,0.05853734165430069,0.8852795958518982,912,326
235,7833,28,0.9403104782104492,0.5809485912322998,-0.028189711272716522,0.9680936932563782,902,313
235,7833,29,0.9460277557373047,0.6203415393829346,0.05472951382398605,0.8891069889068604,908,334
235,7833,30,0.9283101558685303,0.5781576633453369,-0.026155827566981316,0.8884816765785217,891,312
235,7833,31,0.9597052335739136,0.6314915418624878,0.030393047258257866,0.7931517958641052,921,341
235,7833,32,0.9363958239555359,0.6354386210441589,-0.042433660477399826,0.9127841591835022,898,343
236,7866,0,0.9975500106811523,0.171928271651268,0.05448262766003609,0.8578799962997437,957,92
236,7866,1,0.9952541589736938,0.16115063428878784,0.05355645716190338,0.8324564099311829,955,87
236,7866,2,0.993671178817749,0.1604805737733841,0.05344408005475998,0.8289458155632019,953,86
236,7866,3,0.9919458031654358,0.16015665233135223,0.05346136912703514,0.8559826016426086,952,86
236,7866,4,0.9985729455947876,0.161932110786438,0.041280582547187805,0.8520917296409607,958,87
236,7866,5,0.9993913769721985,0.1620824933052063,0.041085537523031235,0.8701909780502319,959,87
236,7866,6,1.0001190900802612,0.16190658509731293,0.040962692350149155,0.8893298506736755,960,87
236,7866,7,0.9841698408126831,0.1596757173538208,0.05576994642615318,0.9270721077919006,944,86
236,7866,8,0.9943355917930603,0.16221337020397186,0.0003090387035626918,0.886496365070343,954,87
236,7866,9,0.9922875761985779,0.18034254014492035,0.05989016592502594,0.8648548722267151,952,97
236,7866,10,0.9936968684196472,0.18115340173244476,0.042958952486515045,0.8621610999107361,953,97
236,7866,11,0.9584988951683044,0.2182295322418213,0.08354736864566803,0.996062159538269,920,117
236,7866,12,0.999136745929718,0.21659529209136963,-0.04022415727376938,0.9957341551780701,959,116
236,7866,13,0.9506040811538696,0.29862725734710693,0.09404657781124115,0.10929752886295319,912,161
236,7866,14,0.9931734800338745,0.30847522616386414,-0.0778568759560585,0.7251397967338562,953,166
236,7866,15,0.9663171172142029,0.34411025047302246,0.06828498095273972,0.061110418289899826,927,185
236,7866,16,1.0007203817367554,0.340835839509964,-0.06889164447784424,0.35536351799964905,960,184
236,7866,17,0.9682117700576782,0.35858723521232605,0.06949403882026672,0.061401426792144775,929,193
236,7866,18,1.0045955181121826,0.3463830053806305,-0.07953798770904541,0.31735947728157043,964,187
236,7866,19,0.9731404781341553,0.355808287858963,0.06122023984789848,0.05844336003065109,934,192
236,7866,20,1.0025471448898315,0.34162023663520813,-0.07393147796392441,0.30964091420173645,962,184
236,7866,21,0.9737303853034973,0.35240378975868225,0.06516961008310318,0.04821794480085373,934,190
236,7866,22,0.9988813996315002,0.3387961685657501,-0.0668020024895668,0.2590133249759674,958,182
236,7866,23,0.956598162651062,0.37664005160331726,0.04573901370167732,0.9989842772483826,918,203
236,7866,24,0.9780935645103455,0.37956422567367554,-0.045850202441215515,0.9991075992584229,938,204
236,7866,25,0.9619090557098389,0.4946691393852234,0.07502076774835587,0.559411346912384,923,267
236,7866,26,0.9837878346443176,0.5047251582145691,-0.04588593542575836,0.952925980091095,944,272
236,7866,27,0.9481292366981506,0.601607084274292,0.10959378629922867,0.8713832497596741,910,324
236,7866,28,0.9512531161308289,0.590212881565094,0.0038582789711654186,0.9629969596862793,913,318
236,7866,29,0.9430408477783203,0.6176965236663818,0.1112620010972023,0.8674128651618958,905,333
236,7866,30,0.9420478343963623,0.6026827096939087,0.008348729461431503,0.8725141286849976,904,325
236,7866,31,0.9564584493637085,0.6269543766975403,0.06921478360891342,0.7676789164543152,918,338
236,7866,32,0.965904176235199,0.6370351314544678,-0.02574137970805168,0.8933951258659363,927,343
237,7900,0,0.9955896735191345,0.17946884036064148,0.032945889979600906,0.806326687335968,955,96
237,7900,1,0.9937326312065125,0.16949257254600525,0.03384246304631233,0.7763195633888245,953,91
237,7900,2,0.9927076101303101,0.16896268725395203,0.03372617065906525,0.7703191041946411,952,91
237,7900,3,0.9916824102401733,0.16887250542640686,0.03374611213803291,0.8031288981437683,952,91
237,7900,4,0.9955403208732605,0.16994015872478485,0.022920779883861542,0.7982754707336426,955,91
237,7900,5,0.9958972334861755,0.16993464529514313,0.022714801132678986,0.81890869140625,956,91
237,7900,6,0.9962208271026611,0.1697293221950531,0.022605983540415764,0.8475003242492676,956,91
237,7900,7,0.9863096475601196,0.16896183788776398,0.04727816954255104,0.8798039555549622,946,91
237,7900,8,0.9927834868431091,0.1700950413942337,-0.00406571663916111,0.8349681496620178,953,91
237,7900,9,0.9924635291099548,0.18620717525482178,0.04185076057910919,0.803819477558136,952,100
237,7900,10,0.9937413930892944,0.18683278560638428,0.026563871651887894,0.8037140369415283,953,100
237,7900,11,0.9593732953071594,0.21849128603935242,0.08122579753398895,0.9931463599205017,920,117
237,7900,12,0.9972602128982544,0.21721281111240387,-0.0391026996076107,0.9948179125785828,957,117
237,7900,13,0.9501345753669739,0.2990049421787262,0.09145692735910416,0.09864125400781631,912,161
237,7900,14,0.9926266074180603,0.29532328248023987,-0.07472563534975052,0.6871049404144287,952,159
237,7900,15,0.9660332798957825,0.3443587124347687,0.06744060665369034,0.05505596473813057,927,185
237,7900,16,0.9981225728988647,0.3298603296279907,-0.07414540648460388,0.32472044229507446,958,178
237,7900,17,0.9678900837898254,0.3546416759490967,0.06692930310964584,0.05539436638355255,929,191
237,7900,18,1.0014842748641968,0.33583498001098633,-0.08537093549966812,0.29090172052383423,961,181
237,7900,19,0.97260981798172,0.3538851737976074,0.056817349046468735,0.05273151770234108,933,191
237,7900,20,1.0004299879074097,0.3318415582180023,-0.07939615845680237,0.2837076783180237,960,179
237,7900,21,0.972922146320343,0.35088905692100525,0.06290788948535919,0.04351620376110077,934,189
237,7900,22,0.9972237944602966,0.3292601704597473,-0.07211921364068985,0.2370319813489914,957,177
237,7900,23,0.9565136432647705,0.3747817873954773,0.04505418241024017,0.9985453486442566,918,202
237,7900,24,0.9749388098716736,0.3761288821697235,-0.04517311602830887,0.9988640546798706,935,203
237,7900,25,0.95988529920578,0.4944831430912018,0.06481138616800308,0.5098702907562256,921,267
237,7900,26,0.9770136475563049,0.4985252618789673,-0.04488968104124069,0.9127589464187622,937,269
237,7900,27,0.9470052123069763,0.602221667766571,0.09661642462015152,0.8076266050338745,909,325
237,7900,28,0.9501679539680481,0.6003519892692566,-0.0008550848579034209,0.9330756664276123,912,324
237,7900,29,0.9415006637573242,0.6193275451660156,0.09745637327432632,0.8029280304908752,903,334
237,7900,30,0.940424382686615,0.6150118708610535,0.0030893543735146523,0.8227429986000061,902,332
237,7900,31,0.9564387798309326,0.6266308426856995,0.06592541188001633,0.7080650925636292,918,338
237,7900,32,0.9670976996421814,0.6373586058616638,-0.035753361880779266,0.8451399207115173,928,344
238,7933,0,0.9964014887809753,0.15704305469989777,-0.08350644260644913,0.7287279963493347,956,84
238,7933,1,0.9989895224571228,0.14771853387355804,-0.08062426745891571,0.6999266743659973,959,79
238,7933,2,1.0002557039260864,0.14694072306156158,-0.0807563066482544,0.6945531964302063,960,79
238,7933,3,1.001585841178894,0.14665888249874115,-0.08075163513422012,0.7245710492134094,961,79
238,7933,4,0.9959840774536133,0.14916515350341797,-0.0786169096827507,0.7205845713615417,956,80
238,7933,5,0.9954822063446045,0.1497591733932495,-0.07886677235364914,0.7406396865844727,955,80
238,7933,6,0.9950212240219116,0.150248721241951,-0.07909614592790604,0.7692596316337585,955,81
238,7933,7,1.0071338415145874,0.14867088198661804,-0.04201166331768036,0.7966540455818176,966,80
238,7933,8,0.9961453676223755,0.15254837274551392,-0.032449305057525635,0.7597799301147461,956,82
238,7933,9,1.0003726482391357,0.16358007490634918,-0.0652637779712677,0.7336114048957825,960,88
238,7933,10,0.996302604675293,0.16568467020988464,-0.06351125985383987,0.7359933853149414,956,89
238,7933,11,1.0238347053527832,0.21611890196800232,0.01034986786544323,0.9774082899093628,982,116
238,7933,12,0.9927894473075867,0.20227569341659546,-0.022385774180293083,0.9882835149765015,953,109
238,7933,13,1.0012991428375244,0.29930219054222107,0.01742740347981453,0.09368337690830231,961,161
238,7933,14,0.973381757736206,0.28210461139678955,-0.022499313578009605,0.6394718289375305,934,152
238,7933,15,0.9934484362602234,0.33754831552505493,-0.03745373338460922,0.050633180886507034,953,182
238,7933,16,0.9809869527816772,0.3282874822616577,-0.07077229022979736,0.295437753200531,941,177
238,7933,17,0.990498960018158,0.3475402891635895,-0.0526677630841732,0.051996149122714996,950,187
238,7933,18,0.9838595986366272,0.34122514724731445,-0.09013935178518295,0.2660287618637085,944,184
238,7933,19,0.9949852228164673,0.34104567766189575,-0.0663672387599945,0.050159502774477005,955,184
238,7933,20,0.9856439828872681,0.33640339970588684,-0.09732676297426224,0.26043593883514404,946,181
238,7933,21,0.9951243996620178,0.3353406488895416,-0.04384078085422516,0.04160298407077789,955,181
238,7933,22,0.9858171939849854,0.3300556540489197,-0.07469744980335236,0.21808110177516937,946,178
238,7933,23,0.9976280927658081,0.373889684677124,0.017407555133104324,0.9930558204650879,957,201
238,7933,24,0.9736790060997009,0.3668883740901947,-0.017494114115834236,0.9962836503982544,934,198
238,7933,25,0.9803081750869751,0.49534738063812256,0.019046586006879807,0.5197460651397705,941,267
238,7933,26,0.9704549312591553,0.49873554706573486,-0.03387320786714554,0.9075211882591248,931,269
238,7933,27,0.9683788418769836,0.6098443269729614,0.1121693104505539,0.8146395087242126,929,329
238,7933,28,0.9450519680976868,0.6104490160942078,0.04110795259475708,0.933506965637207,907,329
238,7933,29,0.9651584029197693,0.6205916404724121,0.11861341446638107,0.773039698600769,926,335
238,7933,30,0.9409351944923401,0.6245917677879333,0.045661795884370804,0.7891103625297546,903,337
238,7933,31,0.9669513702392578,0.6361111402511597,0.03662430867552757,0.7153965830802917,928,343
238,7933,32,0.9460075497627258,0.6527777910232544,-0.0429757796227932,0.8456234335899353,908,352
239,7966,0,1.0226678848266602,0.10199962556362152,-0.18451112508773804,0.6585012674331665,981,55
239,7966,1,1.0269616842269897,0.0899810791015625,-0.17912736535072327,0.6310235857963562,985,48
239,7966,2,1.028836965560913,0.08993224054574966,-0.17933036386966705,0.6262438893318176,987,48
239,7966,3,1.030722737312317,0.09034307301044464,-0.17935369908809662,0.6539793014526367,989,48
239,7966,4,1.0213119983673096,0.08928019553422928,-0.18130706250667572,0.6500689387321472,980,48
239,7966,5,1.019531011581421,0.0889989510178566,-0.18157587945461273,0.6687568426132202,978,48
239,7966,6,1.0177193880081177,0.08860571682453156,-0.18182331323623657,0.6961044073104858,977,47
239,7966,7,1.033593773841858,0.094227135181427,-0.12448932975530624,0.7214438319206238,992,50
239,7966,8,1.0157208442687988,0.09112008661031723,-0.13338138163089752,0.687613844871521,975,49
239,7966,9,1.0258575677871704,0.11278728395700455,-0.16014723479747772,0.6711857318878174,984,60
239,7966,10,1.0187671184539795,0.11192212998867035,-0.16411100327968597,0.6746729016304016,978,60
239,7966,11,1.0449894666671753,0.18269510567188263,-0.05939774587750435,0.9760358929634094,1003,98
239,7966,12,0.9916845560073853,0.15734553337097168,-0.09880547970533371,0.9838317036628723,952,84
239,7966,13,1.025317668914795,0.2985047698020935,-0.03797392174601555,0.09772655367851257,984,161
239,7966,14,0.9714352488517761,0.2718765437602997,-0.09422264993190765,0.606838047504425,932,146
239,7966,15,1.0180308818817139,0.3516179025173187,-0.08905164152383804,0.04833957925438881,977,189
239,7966,16,0.9740971922874451,0.3352278769016266,-0.14928574860095978,0.27246811985969543,935,181
239,7966,17,1.0156177282333374,0.36795100569725037,-0.10374211519956589,0.05065861716866493,974,198
239,7966,18,0.9746695160865784,0.3487352728843689,-0.17197228968143463,0.24607203900814056,935,188
239,7966,19,1.0189812183380127,0.35883504152297974,-0.12164942920207977,0.0497923269867897,978,193
239,7966,20,0.9763900637626648,0.34412723779678345,-0.18430738151073456,0.24238459765911102,937,185
239,7966,21,1.01766836643219,0.34698486328125,-0.09687206149101257,0.04171685501933098,976,187
239,7966,22,0.9787722229957581,0.338392972946167,-0.15574103593826294,0.2032938450574875,939,182
239,7966,23,1.005722165107727,0.3543972373008728,0.017861751839518547,0.9928844571113586,965,191
239,7966,24,0.9731524586677551,0.34531888365745544,-0.017961084842681885,0.9959816932678223,934,186
239,7966,25,0.9875856041908264,0.4953586161136627,0.04343226179480553,0.5348668694496155,948,267
239,7966,26,0.9640361666679382,0.49752891063690186,-0.033678486943244934,0.897908627986908,925,268
239,7966,27,0.9679428339004517,0.6072962880134583,0.1440287083387375,0.82656329870224,929,327
239,7966,28,0.9442449808120728,0.6078935265541077,0.07037027180194855,0.931061327457428,906,328
239,7966,29,0.9632229208946228,0.6164969801902771,0.14944784343242645,0.7579525113105774,924,332
239,7966,30,0.9418338537216187,0.6196975111961365,0.07773412019014359,0.7504186034202576,904,334
239,7966,31,0.9715746641159058,0.6407673358917236,0.05118207633495331,0.7314682006835938,932,346
239,7966,32,0.9455671310424805,0.6517701745033264,-0.025593535974621773,0.8414410948753357,907,351
240,8000,0,1.031739354133606,0.0930626168847084,-0.0968116819858551,0.6354248523712158,990,50
240,8000,1,1.0354708433151245,0.08324596285820007,-0.0944746807217598,0.5988687872886658,994,44
240,8000,2,1.0369181632995605,0.08318018913269043,-0.09465446323156357,0.5955904126167297,995,44
240,8000,3,1.0383505821228027,0.08355963975191116,-0.09465646743774414,0.6296089291572571,996,45
240,8000,4,1.0314046144485474,0.08325022459030151,-0.095920629799366,0.6230271458625793,990,44
240,8000,5,1.030260443687439,0.08362351357936859,-0.09616910666227341,0.649703323841095,989,45
240,8000,6,1.029075026512146,0.0838107094168663,-0.09635626524686813,0.6831420660018921,987,45
240,8000,7,1.0408060550689697,0.09083607792854309,-0.06472375988960266,0.7082777619361877,999,49
240,8000,8,1.0283622741699219,0.0906444638967514,-0.0719250813126564,0.6723088622093201,987,48
240,8000,9,1.0340934991836548,0.10469353199005127,-0.08181145042181015,0.6615979075431824,992,56
240,8000,10,1.0287569761276245,0.1048312857747078,-0.08486101031303406,0.663589596748352,987,56
240,8000,11,1.0419811010360718,0.17838941514492035,-0.01823088899254799,0.9752376675605774,1000,96
240,8000,12,1.0099101066589355,0.1587395966053009,-0.0702657476067543,0.9802847504615784,969,85
240,8000,13,1.030825138092041,0.29510030150413513,-0.0018401711713522673,0.11630930006504059,989,159
240,8000,14,1.0124619007110596,0.27096202969551086,-0.06565136462450027,0.589809000492096,971,146
240,8000,15,1.0329124927520752,0.3522423207759857,-0.040897294878959656,0.05527438223361969,991,190
240,8000,16,1.021531343460083,0.33931416273117065,-0.11682036519050598,0.2597908675670624,980,183
240,8000,17,1.0332005023956299,0.3690935969352722,-0.050287358462810516,0.06350685656070709,991,199
240,8000,18,1.0234014987945557,0.3530691862106323,-0.11608816683292389,0.23876263201236725,982,190
240,8000,19,1.0359159708023071,0.3609912097454071,-0.0659567266702652,0.06606066226959229,994,194
240,8000,20,1.023780345916748,0.35201963782310486,-0.10889144986867905,0.23814968764781952,982,190
240,8000,21,1.0339967012405396,0.34797126054763794,-0.04747340455651283,0.05768552049994469,992,187
240,8000,22,1.0243399143218994,0.3403393626213074,-0.10414399206638336,0.20173987746238708,983,183
240,8000,23,1.0055209398269653,0.35272887349128723,0.01811012253165245,0.9903968572616577,965,190
240,8000,24,0.9852030873298645,0.3386862874031067,-0.018213441595435143,0.9933117032051086,945,182
240,8000,25,0.9776352047920227,0.49346664547920227,0.04750020429491997,0.5385740399360657,938,266
240,8000,26,0.9644026160240173,0.4849797487258911,-0.027210796251893044,0.884698748588562,925,261
240,8000,27,0.9571835994720459,0.6067518591880798,0.13453863561153412,0.8305778503417969,918,327
240,8000,28,0.9444438815116882,0.6050207018852234,0.0722573846578598,0.9222800135612488,906,326
240,8000,29,0.9492664337158203,0.6179628968238831,0.13871166110038757,0.7436687350273132,911,333
240,8000,30,0.9403558969497681,0.6143808960914612,0.07990559935569763,0.7150295972824097,902,331
240,8000,31,0.9683910608291626,0.6361477971076965,0.05891137570142746,0.738655686378479,929,343
240,8000,32,0.956978440284729,0.640475332736969,0.006178657989948988,0.8315659165382385,918,345
241,8033,0,1.017167568206787,0.17821191251277924,-0.04129854962229729,0.6312938332557678,976,96
241,8033,1,1.0184731483459473,0.16913041472434998,-0.0423533096909523,0.5939029455184937,977,91
241,8033,2,1.018856167793274,0.16866305470466614,-0.04250260069966316,0.592532217502594,978,91
241,8033,3,1.0193464756011963,0.1687084585428238,-0.04250173643231392,0.6287980079650879,978,91
241,8033,4,1.0175915956497192,0.1689368486404419,-0.04880448430776596,0.6207480430603027,976,91
241,8033,5,1.0174752473831177,0.16887149214744568,-0.049002401530742645,0.6532097458839417,976,91
241,8033,6,1.0172722339630127,0.1685800850391388,-0.04913243278861046,0.6892756223678589,976,91
241,8033,7,1.0215328931808472,0.16859939694404602,-0.03604583069682121,0.7104251980781555,980,91
241,8033,8,1.0157852172851562,0.16749344766139984,-0.017281275242567062,0.6711795330047607,975,90
241,8033,9,1.0170128345489502,0.18334800004959106,-0.03345905989408493,0.6434119939804077,976,99
241,8033,10,1.0148448944091797,0.18384681642055511,-0.050664521753787994,0.6447741389274597,974,99
241,8033,11,1.0202072858810425,0.21327893435955048,0.005552987568080425,0.9741554856300354,979,115
241,8033,12,1.007718563079834,0.1905432939529419,-0.014041471295058727,0.9795348644256592,967,102
241,8033,13,1.007125735282898,0.29695451259613037,0.016754966229200363,0.11523420363664627,966,160
241,8033,14,1.010956883430481,0.275865375995636,-0.020266998559236526,0.5704084634780884,970,148
241,8033,15,1.0146570205688477,0.3342246413230896,-0.00674397824332118,0.05561627447605133,974,180
241,8033,16,1.0223313570022583,0.3257632553577423,-0.04054812341928482,0.25257548689842224,981,175
241,8033,17,1.0165660381317139,0.34167712926864624,-0.012000289745628834,0.06789620220661163,975,184
241,8033,18,1.0249239206314087,0.33814263343811035,-0.050722651183605194,0.2374192178249359,983,182
241,8033,19,1.0201045274734497,0.3362717032432556,-0.02350032515823841,0.07230271399021149,979,181
241,8033,20,1.02517569065094,0.3377054035663605,-0.05236634239554405,0.23997235298156738,984,182
241,8033,21,1.018896460533142,0.33193981647491455,-0.011337131261825562,0.06387156993150711,978,179
241,8033,22,1.0242477655410767,0.33125007152557373,-0.04106864705681801,0.20401132106781006,983,178
241,8033,23,0.9914523959159851,0.3564051687717438,0.012610274367034435,0.9855260848999023,951,192
241,8033,24,0.9817591905593872,0.3460375666618347,-0.01273859478533268,0.9892504215240479,942,186
241,8033,25,0.9768664836883545,0.4923555850982666,0.03596099838614464,0.532166063785553,937,265
241,8033,26,0.9644412994384766,0.48178401589393616,-0.02241126447916031,0.8701193332672119,925,260
241,8033,27,0.9508790969848633,0.6035390496253967,0.08964146673679352,0.8279678225517273,912,325
241,8033,28,0.9431445598602295,0.6066060066223145,0.05547367036342621,0.9138904809951782,905,327
241,8033,29,0.9434702396392822,0.6191794872283936,0.0916769877076149,0.7234225869178772,905,334
241,8033,30,0.937677800655365,0.6196287274360657,0.06902388483285904,0.689231812953949,900,334
241,8033,31,0.9589048624038696,0.6251717209815979,0.03238644823431969,0.7359195351600647,920,337
241,8033,32,0.9578918218612671,0.6342774629592896,-0.012933742254972458,0.820641815662384,919,342
242,8066,0,1.0161153078079224,0.2367936223745346,-0.034610096365213394,0.5830650329589844,975,127
242,8066,1,1.0134408473968506,0.22954080998897552,-0.036554548889398575,0.5502103567123413,972,123
242,8066,2,1.012958288192749,0.22910012304782867,-0.03671449422836304,0.549781322479248,972,123
242,8066,3,1.0128989219665527,0.22913114726543427,-0.03670705854892731,0.586387038230896,972,123
242,8066,4,1.0156710147857666,0.2303159534931183,-0.035555820912122726,0.5758600234985352,975,124
242,8066,5,1.0166449546813965,0.2308807075023651,-0.035763464868068695,0.6099938154220581,975,124
242,8066,6,1.016780138015747,0.23120087385177612,-0.0359082967042923,0.6470329165458679,976,124
242,8066,7,1.0146228075027466,0.23284360766410828,-0.030659200623631477,0.6747575998306274,974,125
242,8066,8,1.0119006633758545,0.2344803661108017,-0.010666881687939167,0.6259748339653015,971,126
242,8066,9,1.0127490758895874,0.24355565011501312,-0.028397029265761375,0.5949723720550537,972,131
242,8066,10,1.0142779350280762,0.24475964903831482,-0.030655233189463615,0.5946114659309387,973,132
242,8066,11,1.0140631198883057,0.269320011138916,-0.01821773499250412,0.9697681069374084,973,145
242,8066,12,1.0048027038574219,0.263704389333725,-0.004692572169005871,0.9733158946037292,964,142
242,8066,13,1.0003693103790283,0.30048519372940063,-0.03827415034174919,0.12463192641735077,960,162
242,8066,14,1.0046137571334839,0.27986592054367065,-0.0331660695374012,0.5542805194854736,964,151
242,8066,15,1.0015367269515991,0.3026106059551239,-0.0628308653831482,0.061407577246427536,961,163
242,8066,16,1.0173012018203735,0.26576751470565796,-0.08690271526575089,0.26257580518722534,976,143
242,8066,17,1.0018388032913208,0.3011864721775055,-0.07191266864538193,0.08076687902212143,961,162
242,8066,18,1.023542046546936,0.2598211169242859,-0.1028599888086319,0.2556391954421997,982,140
242,8066,19,1.0056625604629517,0.29415231943130493,-0.07613513618707657,0.08649471402168274,965,158
242,8066,20,1.021312952041626,0.2571914494037628,-0.10451310127973557,0.26030734181404114,980,138
242,8066,21,1.0050318241119385,0.29429489374160767,-0.06445519626140594,0.07590925693511963,964,158
242,8066,22,1.017440676689148,0.2593606412410736,-0.09081652015447617,0.22307787835597992,976,140
242,8066,23,0.9863032102584839,0.3859136700630188,0.0029124049469828606,0.9852420091629028,946,208
242,8066,24,0.9794952273368835,0.3794551193714142,-0.00300401309505105,0.988797128200531,940,204
242,8066,25,0.9741976857185364,0.4924478530883789,0.014822443947196007,0.5504871010780334,935,265
242,8066,26,0.9648755192756653,0.4850594401359558,-0.02064884640276432,0.867895781993866,926,261
242,8066,27,0.9479249119758606,0.6032951474189758,0.05737443268299103,0.8386073708534241,910,325
242,8066,28,0.942975640296936,0.6056278944015503,0.03855312615633011,0.9141688942909241,905,327
242,8066,29,0.9411798119544983,0.6172668933868408,0.058802712708711624,0.7324563264846802,903,333
242,8066,30,0.9378100037574768,0.6175183057785034,0.043492093682289124,0.6887927651405334,900,333
242,8066,31,0.9575948715209961,0.6234047412872314,0.009675071574747562,0.7482836246490479,919,336
242,8066,32,0.950688898563385,0.6344204545021057,-0.015978362411260605,0.8194363117218018,912,342
243,8100,0,1.0054439306259155,0.3125327229499817,-0.027697866782546043,0.5265183448791504,965,168
243,8100,1,1.0065826177597046,0.30532747507095337,-0.031010117381811142,0.49714237451553345,966,164
243,8100,2,1.0064547061920166,0.3041270077228546,-0.031163787469267845,0.4968481659889221,966,164
243,8100,3,1.0065449476242065,0.30338209867477417,-0.031149154528975487,0.5307373404502869,966,163
243,8100,4,1.0094572305679321,0.30781590938568115,-0.030345262959599495,0.5203582644462585,969,166
243,8100,5,1.0115786790847778,0.30883967876434326,-0.030563121661543846,0.5517410039901733,971,166
243,8100,6,1.0135904550552368,0.3096274435520172,-0.030700206756591797,0.586243748664856,973,167
243,8100,7,1.0143557786941528,0.3021441400051117,-0.04178430140018463,0.6128074526786804,973,163
243,8100,8,1.009108543395996,0.309887558221817,-0.012200460769236088,0.5667721629142761,968,167
243,8100,9,1.0053048133850098,0.31404492259025574,-0.023310953751206398,0.5374773740768433,965,169
243,8100,10,1.009804129600525,0.3173478841781616,-0.02493816614151001,0.5369448065757751,969,171
243,8100,11,1.0098603963851929,0.31429392099380493,-0.033247727900743484,0.9621925354003906,969,169
243,8100,12,1.005578637123108,0.32703644037246704,-0.01526649110019207,0.9617012143135071,965,176
243,8100,13,0.9991140365600586,0.2936573922634125,-0.05149279162287712,0.12184354662895203,959,158
243,8100,14,1.0035805702209473,0.30894654989242554,-0.03718036785721779,0.5126372575759888,963,166
243,8100,15,0.9972890615463257,0.26166072487831116,-0.06247004494071007,0.061898525804281235,957,141
243,8100,16,1.0112249851226807,0.2908344268798828,-0.0746443048119545,0.24039770662784576,970,157
243,8100,17,0.9965906739234924,0.2524109184741974,-0.07063575834035873,0.08523426204919815,956,136
243,8100,18,1.0106638669967651,0.2863112688064575,-0.08002781122922897,0.2355998307466507,970,154
243,8100,19,1.0005078315734863,0.24975693225860596,-0.07170803844928741,0.091569684445858,960,134
243,8100,20,1.007462739944458,0.28664785623550415,-0.08385685831308365,0.24038906395435333,967,154
243,8100,21,0.9999445676803589,0.2532700002193451,-0.06274902075529099,0.07864435762166977,959,136
243,8100,22,1.0068434476852417,0.2880716621875763,-0.0821155235171318,0.20631316304206848,966,155
243,8100,23,0.9842713475227356,0.41743898391723633,0.003049905877560377,0.9852933287620544,944,225
243,8100,24,0.9827695488929749,0.41756072640419006,-0.0032013014424592257,0.9885380864143372,943,225
243,8100,25,0.9676564335823059,0.5029404759407043,0.020308084785938263,0.5092190504074097,928,271
243,8100,26,0.9653316736221313,0.4990420937538147,-0.019493015483021736,0.8348496556282043,926,269
243,8100,27,0.9467774033546448,0.6033396124839783,0.04116852581501007,0.827220618724823,908,325
243,8100,28,0.942986249923706,0.6053833961486816,-0.014521337114274502,0.899988055229187,905,326
243,8100,29,0.9383094310760498,0.6176010966300964,0.040720511227846146,0.726625382900238,900,333
243,8100,30,0.9360954165458679,0.6185248494148254,-0.015180515125393867,0.6751360297203064,898,334
243,8100,31,0.96290522813797,0.6235979199409485,0.00043438441934995353,0.7391287684440613,924,336
243,8100,32,0.9476877450942993,0.6397960782051086,-0.05513297766447067,0.804222822189331,909,345
244,8133,0,0.9925287961959839,0.3485385775566101,-0.13779506087303162,0.5148594975471497,952,188
244,8133,1,0.9964311122894287,0.34282994270324707,-0.14370478689670563,0.49165549874305725,956,185
244,8133,2,0.9972949624061584,0.34281837940216064,-0.14385254681110382,0.4882192015647888,957,185
244,8133,3,0.9982045888900757,0.3432113230228424,-0.14385709166526794,0.5249839425086975,958,185
244,8133,4,0.9955005049705505,0.3428212106227875,-0.13871636986732483,0.5208642482757568,955,185
244,8133,5,0.9957910180091858,0.34320101141929626,-0.13890954852104187,0.5550066828727722,955,185
244,8133,6,0.9960651397705078,0.3433496057987213,-0.1390499323606491,0.5919365882873535,956,185
244,8133,7,1.0060625076293945,0.3474949300289154,-0.13906073570251465,0.6047376394271851,965,187
244,8133,8,0.9975505471229553,0.3469454348087311,-0.11529310792684555,0.5586256980895996,957,187
244,8133,9,0.9941756129264832,0.3550269603729248,-0.13099753856658936,0.5017235279083252,954,191
244,8133,10,0.9936744570732117,0.35567882657051086,-0.12554779648780823,0.5025729537010193,953,192
244,8133,11,1.006576657295227,0.37369513511657715,-0.11851358413696289,0.9605169296264648,966,201
244,8133,12,0.9977514743804932,0.36820244789123535,-0.08129975944757462,0.9547051787376404,957,198
244,8133,13,0.9956337809562683,0.34686610102653503,-0.14991433918476105,0.12035401165485382,955,187
244,8133,14,0.9966751337051392,0.3627440631389618,-0.0817485824227333,0.46341472864151,956,195
244,8133,15,0.9957257509231567,0.2742951512336731,-0.18108084797859192,0.06465321034193039,955,148
244,8133,16,0.9986001253128052,0.3694208860397339,-0.10732423514127731,0.21726879477500916,958,199
244,8133,17,0.995177149772644,0.29303544759750366,-0.196512833237648,0.0935882106423378,955,158
244,8133,18,0.9987369775772095,0.36945393681526184,-0.11605658382177353,0.21395128965377808,958,199
244,8133,19,0.9987654089927673,0.289678156375885,-0.19912634789943695,0.10086749494075775,958,156
244,8133,20,0.9967533946037292,0.37195584177970886,-0.1252964287996292,0.21849453449249268,956,200
244,8133,21,0.9985929131507874,0.288164883852005,-0.18318656086921692,0.08568523824214935,958,155
244,8133,22,0.9968039989471436,0.37234246730804443,-0.11272159218788147,0.187837615609169,956,201
244,8133,23,0.9825149178504944,0.4733620285987854,-0.007689149118959904,0.9861358404159546,943,255
244,8133,24,0.9826439023017883,0.4575909674167633,0.00761180417612195,0.9889670610427856,943,247
244,8133,25,0.9656690359115601,0.5002008676528931,0.021250616759061813,0.5025983452796936,927,270
244,8133,26,0.9623040556907654,0.4493713974952698,-0.021243859082460403,0.7883464694023132,923,242
244,8133,27,0.9501258134841919,0.5514304637908936,0.02107560634613037,0.8321202397346497,912,297
244,8133,28,0.9626092910766602,0.43311193585395813,-0.07234393805265427,0.8773958683013916,924,233
244,8133,29,0.945934534072876,0.5610802173614502,0.019122684374451637,0.7384523749351501,908,302
244,8133,30,0.9621546864509583,0.4351668655872345,-0.07786855101585388,0.6686363816261292,923,234
244,8133,31,0.9597482681274414,0.5633347630500793,-0.015184521675109863,0.7537140846252441,921,304
244,8133,32,0.9690185189247131,0.42205810546875,-0.10961604118347168,0.7975664734840393,930,227
245,8166,0,0.9896489977836609,0.349599689245224,-0.11478015035390854,0.5184925198554993,950,188
245,8166,1,0.9948617219924927,0.34595730900764465,-0.12057965248823166,0.49753615260124207,955,186
245,8166,2,0.9957870841026306,0.34676384925842285,-0.12071247398853302,0.48903077840805054,955,187
245,8166,3,0.9967250227928162,0.34797337651252747,-0.12070892751216888,0.5310328006744385,956,187
245,8166,4,0.9936351180076599,0.34418752789497375,-0.11464931070804596,0.5297768115997314,953,185
245,8166,5,0.9937499165534973,0.34408846497535706,-0.11484435200691223,0.5619484186172485,953,185
245,8166,6,0.9938557147979736,0.3437839150428772,-0.11496977508068085,0.6021347045898438,954,185
245,8166,7,1.0037089586257935,0.35485950112342834,-0.1186773031949997,0.6097908020019531,963,191
245,8166,8,0.9965328574180603,0.34847134351730347,-0.09231293201446533,0.5607090592384338,956,188
245,8166,9,0.9904769062995911,0.3578716516494751,-0.10976338386535645,0.4853510558605194,950,193
245,8166,10,0.9892556667327881,0.3561817407608032,-0.10316072404384613,0.48745328187942505,949,192
245,8166,11,1.003218412399292,0.37749621272087097,-0.10483366996049881,0.9596827626228333,963,203
245,8166,12,0.9970884919166565,0.36748114228248596,-0.06538256257772446,0.9524634480476379,957,198
245,8166,13,0.9950544834136963,0.33301490545272827,-0.13646680116653442,0.13153605163097382,955,179
245,8166,14,0.9953195452690125,0.33640074729919434,-0.0803375318646431,0.41945186257362366,955,181
245,8166,15,0.9944393634796143,0.2703351676464081,-0.15701310336589813,0.07441854476928711,954,145
245,8166,16,0.9901670813560486,0.3040560781955719,-0.11772383749485016,0.1981092095375061,950,164
245,8166,17,0.9943206906318665,0.25788143277168274,-0.171766459941864,0.11143028736114502,954,139
245,8166,18,0.9896011352539062,0.2906469702720642,-0.12898190319538116,0.1972944140434265,950,156
245,8166,19,0.9982719421386719,0.25315430760383606,-0.17151246964931488,0.12033107131719589,958,136
245,8166,20,0.9876479506492615,0.29552534222602844,-0.13666217029094696,0.2020660638809204,948,159
245,8166,21,0.9974784851074219,0.2597161531448364,-0.15785978734493256,0.09860295802354813,957,140
245,8166,22,0.9878727793693542,0.30239903926849365,-0.12339825928211212,0.17452509701251984,948,163
245,8166,23,0.9791730642318726,0.4755989909172058,-0.007434946019202471,0.9869092106819153,940,256
245,8166,24,0.9817208051681519,0.4647639989852905,0.0073229726403951645,0.9895083904266357,942,250
245,8166,25,0.96065354347229,0.5080220699310303,0.01447735819965601,0.46108487248420715,922,274
245,8166,26,0.9600178599357605,0.48253270983695984,-0.030391551554203033,0.7266256213188171,921,260
245,8166,27,0.9473965167999268,0.5805633068084717,0.02707062102854252,0.7989004850387573,909,313
245,8166,28,0.9551886320114136,0.5747452974319458,-0.03784347325563431,0.8214113712310791,916,310
245,8166,29,0.9447150826454163,0.569573163986206,0.026789216324687004,0.7144776582717896,906,307
245,8166,30,0.9503009915351868,0.5815253257751465,-0.0381658598780632,0.6256909966468811,912,314
245,8166,31,0.9440889954566956,0.57276850938797,-0.0024867055471986532,0.7278664112091064,906,309
245,8166,32,0.9482187032699585,0.599249005317688,-0.07136877626180649,0.748634934425354,910,323
246,8200,0,0.9908390641212463,0.32640567421913147,-0.08065727353096008,0.46742135286331177,951,176
246,8200,1,0.9955050945281982,0.32093170285224915,-0.08591721206903458,0.44855552911758423,955,173
246,8200,2,0.9963024854660034,0.3207707703113556,-0.08606253564357758,0.44092175364494324,956,173
246,8200,3,0.9971118569374084,0.3209863305091858,-0.0860561951994896,0.4791070818901062,957,173
246,8200,4,0.9944134950637817,0.3211824297904968,-0.08219432085752487,0.4777904748916626,954,173
246,8200,5,0.9944799542427063,0.3215962052345276,-0.08239711076021194,0.5071681141853333,954,173
246,8200,6,0.9944717288017273,0.3218202292919159,-0.0825454369187355,0.5440755486488342,954,173
246,8200,7,1.003778338432312,0.32386255264282227,-0.08550306409597397,0.5510657429695129,963,174
246,8200,8,0.9985019564628601,0.3240170478820801,-0.06942527741193771,0.5064965486526489,958,174
246,8200,9,0.991747260093689,0.3313223719596863,-0.07588361948728561,0.4379051923751831,952,178
246,8200,10,0.9904660582542419,0.33198288083076477,-0.07222320884466171,0.4398573637008667,950,179
246,8200,11,1.0064557790756226,0.3501426875591278,-0.06403492391109467,0.9330943822860718,966,189
246,8200,12,0.9971593618392944,0.3492872714996338,-0.05637094005942345,0.9301784634590149,957,188
246,8200,13,0.9937664866447449,0.34404200315475464,-0.0788608267903328,0.12177751958370209,954,185
246,8200,14,0.9966196417808533,0.3762931525707245,-0.07778473198413849,0.38415271043777466,956,203
246,8200,15,0.9941426515579224,0.30051761865615845,-0.09866002202033997,0.06877932697534561,954,162
246,8200,16,0.9927413463592529,0.4025725722312927,-0.1030663251876831,0.17952290177345276,953,217
246,8200,17,0.9936770796775818,0.2758910059928894,-0.1088956668972969,0.10463465750217438,953,148
246,8200,18,0.9909889101982117,0.40764567255973816,-0.1114114299416542,0.179352268576622,951,220
246,8200,19,0.9973331093788147,0.269724577665329,-0.11311360448598862,0.11329896748065948,957,145
246,8200,20,0.9883291721343994,0.4097215533256531,-0.1233871802687645,0.18402589857578278,948,221
246,8200,21,0.9971018433570862,0.28102317452430725,-0.100795216858387,0.0926482155919075,957,151
246,8200,22,0.9899367690086365,0.40727242827415466,-0.10939117521047592,0.1590612679719925,950,219
246,8200,23,0.9820143580436707,0.4534834027290344,-0.0021067368797957897,0.9851445555686951,942,244
246,8200,24,0.9801924228668213,0.4472818970680237,0.002007319126278162,0.9879277348518372,940,241
246,8200,25,0.959860622882843,0.5162964463233948,0.022315720096230507,0.4332641363143921,921,278
246,8200,26,0.960500955581665,0.5097640156745911,-0.018885361030697823,0.7052880525588989,922,275
246,8200,27,0.9460809230804443,0.5945891737937927,0.053547196090221405,0.7932843565940857,908,321
246,8200,28,0.9511144161224365,0.6016858220100403,0.018534090369939804,0.8073135018348694,913,324
246,8200,29,0.9407793283462524,0.6013983488082886,0.05687374249100685,0.699052095413208,903,324
246,8200,30,0.9454630613327026,0.5895094871520996,0.022030243650078773,0.6016862392425537,907,318
246,8200,31,0.9448946714401245,0.5858688950538635,0.0023827613331377506,0.7217307090759277,907,316
246,8200,32,0.9458821415901184,0.6128621697425842,-0.020294269546866417,0.730963408946991,908,330
247,8233,0,0.991217851638794,0.3373722434043884,-0.07776667922735214,0.4288417100906372,951,182
247,8233,1,0.9954013824462891,0.33187273144721985,-0.07753920555114746,0.41229361295700073,955,179
247,8233,2,0.996140718460083,0.33170008659362793,-0.07768039405345917,0.40570932626724243,956,179
247,8233,3,0.9968875646591187,0.3318992555141449,-0.07768260687589645,0.4438616633415222,957,179
247,8233,4,0.9945496320724487,0.3316496014595032,-0.07771207392215729,0.4398936629295349,954,179
247,8233,5,0.9947287440299988,0.33173903822898865,-0.0778040885925293,0.46926721930503845,954,179
247,8233,6,0.9948319792747498,0.3316443860530853,-0.0778903067111969,0.5064140558242798,955,179
247,8233,7,1.0036253929138184,0.3329995572566986,-0.07712522894144058,0.5192983150482178,963,179
247,8233,8,0.9985335469245911,0.3318513333797455,-0.05653553083539009,0.47106608748435974,958,179
247,8233,9,0.9923888444900513,0.34173524379730225,-0.06654586642980576,0.4030727446079254,952,184
247,8233,10,0.9912625551223755,0.34209105372428894,-0.06865828484296799,0.40427932143211365,951,184
247,8233,11,1.0090348720550537,0.35526424646377563,-0.06337957829236984,0.9290794134140015,968,191
247,8233,12,0.9980310201644897,0.34971922636032104,-0.04078402742743492,0.9213494062423706,958,188
247,8233,13,0.9989511370658875,0.3353903889656067,-0.08482326567173004,0.13371533155441284,958,181
247,8233,14,0.9976041316986084,0.35130345821380615,-0.05115016922354698,0.35456210374832153,957,189
247,8233,15,0.9949559569358826,0.29952216148376465,-0.10163351893424988,0.07614238560199738,955,161
247,8233,16,0.9931796789169312,0.3630228340625763,-0.07318655401468277,0.1643337905406952,953,196
247,8233,17,0.9934338927268982,0.2864014804363251,-0.11293017864227295,0.11867421120405197,953,154
247,8233,18,0.9919762015342712,0.34868717193603516,-0.08100242912769318,0.166016086935997,952,188
247,8233,19,0.9965086579322815,0.28243568539619446,-0.11392853409051895,0.12930625677108765,956,152
247,8233,20,0.9897788763046265,0.353637158870697,-0.08923231065273285,0.17124894261360168,950,190
247,8233,21,0.9967240691184998,0.2876354455947876,-0.1024131327867508,0.1041705384850502,956,155
247,8233,22,0.9907847046852112,0.3591182231903076,-0.07853648066520691,0.14854367077350616,951,193
247,8233,23,0.9832919239997864,0.45356783270835876,-0.0021365140564739704,0.9851951003074646,943,244
247,8233,24,0.9798043966293335,0.4454529583454132,0.0020139976404607296,0.9875284433364868,940,240
247,8233,25,0.9596861004829407,0.5257735252380371,0.023403389379382133,0.4252423942089081,921,283
247,8233,26,0.9610093832015991,0.5176108479499817,0.004943837411701679,0.6893345713615417,922,279
247,8233,27,0.9460984468460083,0.6009811162948608,0.07275092601776123,0.8014799952507019,908,324
247,8233,28,0.9488953351974487,0.5979382991790771,0.03723631799221039,0.8035292029380798,910,322
247,8233,29,0.9400186538696289,0.6118587255477905,0.07584322243928909,0.7112066745758057,902,330
247,8233,30,0.9439195990562439,0.5895008444786072,0.039761822670698166,0.5955766439437866,906,318
247,8233,31,0.9519169330596924,0.6075085401535034,0.03377869352698326,0.7338342070579529,913,328
247,8233,32,0.9446039199829102,0.612625241279602,0.001546821091324091,0.729901909828186,906,330
248,8266,0,0.9902948141098022,0.34116917848587036,-0.026471704244613647,0.3866429626941681,950,184
248,8266,1,0.9941217303276062,0.3339243233203888,-0.03090774640440941,0.3716773986816406,954,180
248,8266,2,0.9945424795150757,0.334079772233963,-0.031032949686050415,0.36577364802360535,954,180
248,8266,3,0.9948549866676331,0.3343283236026764,-0.031019974499940872,0.40049129724502563,955,180
248,8266,4,0.9930168390274048,0.3329121470451355,-0.02527301199734211,0.3967110216617584,953,179
248,8266,5,0.9927199482917786,0.33248448371887207,-0.02544338069856167,0.4234570264816284,953,179
248,8266,6,0.9923220872879028,0.33213135600090027,-0.02560403011739254,0.45751938223838806,952,179
248,8266,7,0.999393105506897,0.33275124430656433,-0.03405020758509636,0.4694439470767975,959,179
248,8266,8,0.9943915009498596,0.3341710567474365,-0.006422156002372503,0.4254836142063141,954,180
248,8266,9,0.9917336702346802,0.34405604004859924,-0.023386796936392784,0.3638741075992584,952,185
248,8266,10,0.9905442595481873,0.34324634075164795,-0.016957204788923264,0.364884614944458,950,185
248,8266,11,1.0164088010787964,0.35966062545776367,-0.01759328320622444,0.9148970246315002,975,194
248,8266,12,0.9991430640220642,0.35344168543815613,-0.007139906287193298,0.9093835353851318,959,190
248,8266,13,1.002755045890808,0.35190898180007935,-0.0323263518512249,0.12370718270540237,962,190
248,8266,14,0.9968203902244568,0.3669836223125458,-0.027022166177630424,0.32355621457099915,956,198
248,8266,15,0.9954014420509338,0.3202720880508423,-0.04318903386592865,0.0699123740196228,955,172
248,8266,16,0.9930267930030823,0.3668179214000702,-0.0609465166926384,0.14912842214107513,953,198
248,8266,17,0.9932010769844055,0.3095037043094635,-0.050534386187791824,0.11008532345294952,953,167
248,8266,18,0.9921475052833557,0.3617546260356903,-0.0716143324971199,0.1514458954334259,952,195
248,8266,19,0.9959922432899475,0.3045404255390167,-0.05145784094929695,0.12012368440628052,956,164
248,8266,20,0.9908910393714905,0.3627983331680298,-0.07593702524900436,0.1565222293138504,951,195
248,8266,21,0.9965611696243286,0.30829811096191406,-0.04340162128210068,0.09658349305391312,956,166
248,8266,22,0.9916650056838989,0.3647664487361908,-0.06467162817716599,0.13583742082118988,951,196
248,8266,23,0.9910634756088257,0.45522478222846985,-0.0003578189935069531,0.9819608330726624,951,245
248,8266,24,0.9833387732505798,0.44499731063842773,0.0002508048200979829,0.9850159287452698,944,240
248,8266,25,0.9646817445755005,0.5258989334106445,0.02182283066213131,0.38912418484687805,926,283
248,8266,26,0.9664917588233948,0.5219764113426208,-0.01943834498524666,0.6608152389526367,927,281
248,8266,27,0.9465869665145874,0.6033889651298523,0.056167129427194595,0.7751672863960266,908,325
248,8266,28,0.9478979110717773,0.6042423844337463,-0.013221466913819313,0.7829155921936035,909,326
248,8266,29,0.9400175213813782,0.614632785320282,0.057307709008455276,0.6849655508995056,902,331
248,8266,30,0.9429057836532593,0.6096346974372864,-0.012908028438687325,0.567620575428009,905,329
248,8266,31,0.9575996994972229,0.6193878650665283,0.012164974585175514,0.7092695832252502,919,334
248,8266,32,0.9425479769706726,0.630531907081604,-0.05673501640558243,0.7087816596031189,904,340
249,8300,0,0.9965993762016296,0.3181602656841278,-0.022803839296102524,0.3481789231300354,956,171
249,8300,1,1.00077486038208,0.3106243908405304,-0.027397554367780685,0.33464372158050537,960,167
249,8300,2,1.0015212297439575,0.31074896454811096,-0.027513306587934494,0.3293420076370239,961,167
249,8300,3,1.002227783203125,0.31111934781074524,-0.027513183653354645,0.36067453026771545,962,168
249,8300,4,0.9997192025184631,0.30994051694869995,-0.02287372760474682,0.3572348952293396,959,167
249,8300,5,0.999853789806366,0.3098454773426056,-0.023061532527208328,0.3814117908477783,959,167
249,8300,6,0.9999310970306396,0.3097045421600342,-0.023225223645567894,0.4122670888900757,959,167
249,8300,7,1.00877046585083,0.3121325373649597,-0.028537165373563766,0.4230082035064697,968,168
249,8300,8,1.0052233934402466,0.3120976388454437,-0.007305249106138945,0.38339635729789734,965,168
249,8300,9,0.9995609521865845,0.32411399483680725,-0.019431399181485176,0.32790952920913696,959,175
249,8300,10,0.9984995722770691,0.3228139579296112,-0.014308654703199863,0.32883936166763306,958,174
249,8300,11,1.0203578472137451,0.342818945646286,-0.005879748146981001,0.8965398073196411,979,185
249,8300,12,1.0015230178833008,0.3383945822715759,-0.009834895841777325,0.8974593281745911,961,182
249,8300,13,1.0047683715820312,0.3471444845199585,-0.015539070591330528,0.11284489929676056,964,187
249,8300,14,0.9963899850845337,0.36907103657722473,-0.019993742927908897,0.29604217410087585,956,199
249,8300,15,0.9988359808921814,0.3250938057899475,-0.03404354676604271,0.06363082677125931,958,175
249,8300,16,0.9934583306312561,0.3874885141849518,-0.04699553921818733,0.13515020906925201,953,209
249,8300,17,0.9969020485877991,0.3190143406391144,-0.04194724187254906,0.10085152834653854,957,172
249,8300,18,0.9928896427154541,0.3918688893318176,-0.05732650309801102,0.13782136142253876,953,211
249,8300,19,0.9993909597396851,0.31330424547195435,-0.044835396111011505,0.11013274639844894,959,169
249,8300,20,0.9913711547851562,0.3911641240119934,-0.06264720857143402,0.14270253479480743,951,211
249,8300,21,1.0000375509262085,0.315001517534256,-0.035362932831048965,0.0885491818189621,960,170
249,8300,22,0.9918031096458435,0.38910189270973206,-0.050509240478277206,0.12390459328889847,952,210
249,8300,23,0.9937233328819275,0.44652804732322693,0.004708490334451199,0.979703962802887,953,241
249,8300,24,0.9839299321174622,0.4293133020401001,-0.004777467809617519,0.9832680225372314,944,231
249,8300,25,0.9685366153717041,0.525155782699585,0.006887645460665226,0.35387805104255676,929,283
249,8300,26,0.9696494340896606,0.5176644921302795,-0.03729279339313507,0.6258998513221741,930,279
249,8300,27,0.9467099905014038,0.6033889055252075,0.02865915559232235,0.7352020740509033,908,325
249,8300,28,0.9472362399101257,0.6062728762626648,-0.04225103557109833,0.7558174133300781,909,327
249,8300,29,0.9389085173606873,0.6175968050956726,0.027888569980859756,0.6403273940086365,901,333
249,8300,30,0.9400863647460938,0.6188610196113586,-0.043783608824014664,0.5282906293869019,902,334
249,8300,31,0.9502387642860413,0.6281371712684631,-0.027860227972269058,0.6726654767990112,912,339
249,8300,32,0.9547213315963745,0.6343974471092224,-0.09888191521167755,0.6816313862800598,916,342
250,8333,0,1.0393975973129272,0.29212650656700134,-0.012587964534759521,0.3175486624240875,997,157
250,8333,1,1.0413825511932373,0.28793108463287354,-0.010662239976227283,0.3032282590866089,999,155
250,8333,2,1.0421963930130005,0.28807932138442993,-0.0107609573751688,0.29827257990837097,1000,155
250,8333,3,1.0429794788360596,0.2885347008705139,-0.010746179148554802,0.3274339437484741,1001,155
250,8333,4,1.0389920473098755,0.2875192165374756,-0.012365058995783329,0.3257007598876953,997,155
250,8333,5,1.0382709503173828,0.28774550557136536,-0.012541985139250755,0.3494683504104614,996,155
250,8333,6,1.0375345945358276,0.2878614664077759,-0.012699526734650135,0.38210564851760864,996,155
250,8333,7,1.0447043180465698,0.2950683832168579,0.005487946793437004,0.38538238406181335,1002,159
250,8333,8,1.0373425483703613,0.2941172122955322,-0.0015786361182108521,0.354831725358963,995,158
250,8333,9,1.0411690473556519,0.3002864420413971,-0.004362903069704771,0.30235037207603455,999,162
250,8333,10,1.0379860401153564,0.2994803488254547,-0.007198915351182222,0.3048783540725708,996,161
250,8333,11,1.0435742139816284,0.336345374584198,0.03100796602666378,0.8840445876121521,1001,181
250,8333,12,1.0266249179840088,0.33779236674308777,-0.014338048174977303,0.9017027020454407,985,182
250,8333,13,1.0150026082992554,0.36283090710639954,0.032570358365774155,0.10227646678686142,974,195
250,8333,14,1.0082926750183105,0.3659040927886963,-0.02773333713412285,0.29958152770996094,967,197
250,8333,15,1.004396677017212,0.3495616316795349,0.009016299620270729,0.057829756289720535,964,188
250,8333,16,0.9982191324234009,0.3738671839237213,-0.05314717814326286,0.13498041033744812,958,201
250,8333,17,1.00003981590271,0.34824612736701965,0.002939139259979129,0.09231656044721603,960,188
250,8333,18,0.9951354265213013,0.3877151310443878,-0.06469075381755829,0.14130599796772003,955,209
250,8333,19,1.0035133361816406,0.34208112955093384,-0.0036501926369965076,0.10097957402467728,963,184
250,8333,20,0.9946256279945374,0.37953734397888184,-0.06942244619131088,0.14798569679260254,954,204
250,8333,21,1.0049550533294678,0.3411869704723358,0.005894740577787161,0.08139421790838242,964,184
250,8333,22,0.9965015053749084,0.38291504979133606,-0.05635020509362221,0.12867498397827148,956,206
250,8333,23,1.011884331703186,0.44584009051322937,0.019135234877467155,0.9767635464668274,971,240
250,8333,24,1.0033117532730103,0.4234803318977356,-0.0192110538482666,0.982534646987915,963,228
250,8333,25,0.9766972661018372,0.5225740671157837,0.012300979346036911,0.3239244818687439,937,282
250,8333,26,0.9816523790359497,0.5160098075866699,-0.045143742114305496,0.6231130361557007,942,278
250,8333,27,0.9494908452033997,0.6002322435379028,0.04311973601579666,0.7064541578292847,911,324
250,8333,28,0.9481096267700195,0.6028058528900146,-0.03034481778740883,0.760650098323822,910,325
250,8333,29,0.9399710297584534,0.6144412755966187,0.04341187700629234,0.6015079021453857,902,331
250,8333,30,0.939937174320221,0.6132673621177673,-0.029933124780654907,0.5031672120094299,902,331
250,8333,31,0.9591650366783142,0.6276238560676575,-0.010225330479443073,0.6445118188858032,920,338
250,8333,32,0.961430013179779,0.6325474381446838,-0.08814742416143417,0.6776372194290161,922,341
251,8366,0,1.0518163442611694,0.29270732402801514,-0.01883138343691826,0.28705546259880066,1009,158
251,8366,1,1.0546625852584839,0.2878350019454956,-0.01900666579604149,0.27353477478027344,1012,155
251,8366,2,1.0556498765945435,0.28785523772239685,-0.01912328042089939,0.2690622806549072,1013,155
251,8366,3,1.0565974712371826,0.2882022559642792,-0.01911221072077751,0.2956446409225464,1014,155
251,8366,4,1.0519214868545532,0.287598192691803,-0.018486687913537025,0.2942277193069458,1009,155
251,8366,5,1.0510809421539307,0.28780829906463623,-0.01866135559976101,0.3161463439464569,1009,155
251,8366,6,1.0502310991287231,0.2878933846950531,-0.01881662756204605,0.34688007831573486,1008,155
251,8366,7,1.0588215589523315,0.29361599683761597,-0.007678587455302477,0.3484770953655243,1016,158
251,8366,8,1.0499902963638306,0.29312101006507874,-0.004314515274018049,0.3218344748020172,1007,158
251,8366,9,1.0534602403640747,0.30020031332969666,-0.011784078553318977,0.27431046962738037,1011,162
251,8366,10,1.049899697303772,0.29971057176589966,-0.011852163821458817,0.2768006920814514,1007,161
251,8366,11,1.058625340461731,0.3374629616737366,0.011024156585335732,0.8722503781318665,1016,182
251,8366,12,1.0357232093811035,0.3325992226600647,-0.006414928939193487,0.901242196559906,994,179
251,8366,13,1.0249828100204468,0.36607658863067627,0.010911929421126842,0.09357506781816483,983,197
251,8366,14,1.0125606060028076,0.3612028956413269,-0.02129334956407547,0.29222482442855835,972,195
251,8366,15,1.013485074043274,0.3404342830181122,0.0011887538712471724,0.053048331290483475,972,183
251,8366,16,1.0023385286331177,0.33985260128974915,-0.056227684020996094,0.13676592707633972,962,183
251,8366,17,1.0083699226379395,0.33672016859054565,-0.0036579729057848454,0.08545690029859543,968,181
251,8366,18,0.9952293038368225,0.31338340044021606,-0.06716031581163406,0.14858028292655945,955,169
251,8366,19,1.0128222703933716,0.3314492106437683,-0.007782491389662027,0.0936223715543747,972,178
251,8366,20,0.9950761198997498,0.308532178401947,-0.0721423402428627,0.15826301276683807,955,166
251,8366,21,1.0140858888626099,0.3316500186920166,-0.0002215441345470026,0.07551676034927368,973,179
251,8366,22,1.0018614530563354,0.331741064786911,-0.05979664623737335,0.13806898891925812,961,179
251,8366,23,1.0211920738220215,0.4426959753036499,0.01614808477461338,0.9676409959793091,980,239
251,8366,24,1.0102444887161255,0.42145898938179016,-0.016244452446699142,0.9772912263870239,969,227
251,8366,25,0.9829029440879822,0.5212509632110596,0.004812552127987146,0.29352453351020813,943,281
251,8366,26,0.9841868281364441,0.5112344622612,-0.04350639507174492,0.585469126701355,944,276
251,8366,27,0.9498945474624634,0.5994974374771118,0.019360419362783432,0.664474606513977,911,323
251,8366,28,0.9478211998939514,0.6015936732292175,-0.03325420618057251,0.7374772429466248,909,324
251,8366,29,0.9403122663497925,0.6127339601516724,0.01784331165254116,0.5590106844902039,902,330
251,8366,30,0.9398323893547058,0.6101341843605042,-0.03338877484202385,0.46900421380996704,902,329
251,8366,31,0.9612039923667908,0.6263024806976318,-0.04059578850865364,0.6084360480308533,922,338
251,8366,32,0.961503803730011,0.6308572888374329,-0.092272087931633,0.6511887311935425,923,340
252,8400,0,1.060139775276184,0.3142832815647125,-0.05611930415034294,0.30696380138397217,1017,169
252,8400,1,1.0636022090911865,0.30900660157203674,-0.05058560147881508,0.2826034724712372,1021,166
252,8400,2,1.0650500059127808,0.30945780873298645,-0.05070078372955322,0.2764397859573364,1022,167
252,8400,3,1.06643545627594,0.3102406859397888,-0.050685103982686996,0.30867642164230347,1023,167
252,8400,4,1.059625506401062,0.3072904348373413,-0.05193024128675461,0.30828624963760376,1017,165
252,8400,5,1.0582767724990845,0.3068549633026123,-0.052091557532548904,0.3341898024082184,1015,165
252,8400,6,1.0569367408752441,0.30625730752944946,-0.05222180113196373,0.37045273184776306,1014,165
252,8400,7,1.0683350563049316,0.31558477878570557,-0.02114102616906166,0.3582153916358948,1025,170
252,8400,8,1.0554814338684082,0.30990591645240784,-0.019379954785108566,0.3300535976886749,1013,167
252,8400,9,1.0619051456451416,0.32289043068885803,-0.0417577289044857,0.27769678831100464,1019,174
252,8400,10,1.0568287372589111,0.3207736313343048,-0.0442235954105854,0.2789977192878723,1014,173
252,8400,11,1.063398838043213,0.35994628071784973,0.004112068098038435,0.8791971206665039,1020,194
252,8400,12,1.0449422597885132,0.34077221155166626,-0.014484242536127567,0.9073705077171326,1003,184
252,8400,13,1.044849157333374,0.3959895670413971,-0.0020790440030395985,0.08693727105855942,1003,213
252,8400,14,1.0297554731369019,0.3689444065093994,-0.044362254440784454,0.30668991804122925,988,199
252,8400,15,1.03911554813385,0.4091796875,-0.007071799132972956,0.05101875588297844,997,220
252,8400,16,1.037514567375183,0.3831465244293213,-0.08848393708467484,0.1565222144126892,996,206
252,8400,17,1.0366469621658325,0.4149389863014221,-0.00850274320691824,0.08388539403676987,995,224
252,8400,18,1.0383679866790771,0.387957900762558,-0.10284017026424408,0.172349214553833,996,209
252,8400,19,1.0390030145645142,0.4110105037689209,-0.02590976096689701,0.0923595204949379,997,221
252,8400,20,1.0419683456420898,0.38491007685661316,-0.104155033826828,0.18411481380462646,1000,207
252,8400,21,1.039299726486206,0.4077925384044647,-0.005690708756446838,0.07512595504522324,997,220
252,8400,22,1.042039155960083,0.3843095898628235,-0.09051382541656494,0.1602095365524292,1000,207
252,8400,23,1.0251033306121826,0.45376789569854736,0.014528335072100163,0.9661596417427063,984,245
252,8400,24,1.0155566930770874,0.43555328249931335,-0.014627893455326557,0.9761320352554321,974,235
252,8400,25,0.9890907406806946,0.5204699039459229,0.0051904479041695595,0.2751058340072632,949,281
252,8400,26,0.9897425174713135,0.5116614103317261,-0.0396847128868103,0.567626416683197,950,276
252,8400,27,0.9535448551177979,0.5943042039871216,0.02939719706773758,0.6529737710952759,915,320
252,8400,28,0.952292799949646,0.5956008434295654,-0.010629696771502495,0.7293125987052917,914,321
252,8400,29,0.9444334506988525,0.6034207940101624,0.029287448152899742,0.5380541086196899,906,325
252,8400,30,0.9460726380348206,0.5971150994300842,-0.008510055020451546,0.4452209174633026,908,322
252,8400,31,0.960612416267395,0.6262027025222778,-0.018432078883051872,0.5961761474609375,922,338
252,8400,32,0.9595762491226196,0.6275741457939148,-0.05244521051645279,0.6364240050315857,921,338
253,8433,0,1.0641334056854248,0.3317711651325226,-0.04723566770553589,0.3089209198951721,1021,179
253,8433,1,1.0672248601913452,0.32637572288513184,-0.03849327936768532,0.27837032079696655,1024,176
253,8433,2,1.0685861110687256,0.3266840875148773,-0.03859223052859306,0.27200010418891907,1025,176
253,8433,3,1.06987726688385,0.32731521129608154,-0.03857576474547386,0.30864715576171875,1027,176
253,8433,4,1.0633633136749268,0.32482612133026123,-0.04118160530924797,0.3064754903316498,1020,175
253,8433,5,1.062031865119934,0.32439252734184265,-0.041330669075250626,0.3344515562057495,1019,175
253,8433,6,1.0607104301452637,0.3237950801849365,-0.04143562167882919,0.375271201133728,1018,174
253,8433,7,1.0713013410568237,0.33150869607925415,-0.0083497678861022,0.3584636449813843,1028,179
253,8433,8,1.0588643550872803,0.32642123103141785,-0.013203184120357037,0.32592684030532837,1016,176
253,8433,9,1.0656355619430542,0.33944666385650635,-0.03034328483045101,0.2741548717021942,1023,183
253,8433,10,1.0607736110687256,0.3376353085041046,-0.03471511974930763,0.27441173791885376,1018,182
253,8433,11,1.0647528171539307,0.37273862957954407,0.016988899558782578,0.8846930861473083,1022,201
253,8433,12,1.0486080646514893,0.34990671277046204,-0.01119576208293438,0.9113940000534058,1006,188
253,8433,13,1.0469797849655151,0.39874300360679626,0.004498528782278299,0.08005291223526001,1005,215
253,8433,14,1.033538579940796,0.3674164414405823,-0.04080282896757126,0.30410364270210266,992,198
253,8433,15,1.043933391571045,0.3966596722602844,-0.023975752294063568,0.04836878553032875,1002,214
253,8433,16,1.041510820388794,0.3837951719760895,-0.08121459931135178,0.15346209704875946,999,207
253,8433,17,1.0417897701263428,0.3978447914123535,-0.028831548988819122,0.08159773051738739,1000,214
253,8433,18,1.0424222946166992,0.3903973400592804,-0.09443684667348862,0.1723242849111557,1000,210
253,8433,19,1.0447876453399658,0.3928406536579132,-0.038409553468227386,0.09026885777711868,1002,212
253,8433,20,1.0458910465240479,0.3889058828353882,-0.0964822769165039,0.18503281474113464,1004,210
253,8433,21,1.0452244281768799,0.3913489878177643,-0.024605922400951385,0.07371945679187775,1003,211
253,8433,22,1.0455673933029175,0.38650426268577576,-0.08360186219215393,0.1611722707748413,1003,208
253,8433,23,1.0244276523590088,0.4541405737400055,0.013721597380936146,0.9612491130828857,983,245
253,8433,24,1.015870451927185,0.4366104304790497,-0.013819815590977669,0.9722374677658081,975,235
253,8433,25,0.9878427982330322,0.5201955437660217,0.0038845271337777376,0.2519133388996124,948,280
253,8433,26,0.9892198443412781,0.512181282043457,-0.04312748461961746,0.5360382795333862,949,276
253,8433,27,0.9538975358009338,0.5908777117729187,0.022432615980505943,0.616472601890564,915,319
253,8433,28,0.9530890583992004,0.591614842414856,-0.024144647642970085,0.7020598649978638,914,319
253,8433,29,0.9464706182479858,0.5986089706420898,0.021879345178604126,0.5004492402076721,908,323
253,8433,30,0.9473095536231995,0.5958033800125122,-0.023215970024466515,0.413272500038147,909,321
253,8433,31,0.9582771062850952,0.6185050010681152,-0.02025066688656807,0.5627412796020508,919,333
253,8433,32,0.960783064365387,0.6274334192276001,-0.06516879796981812,0.6062772274017334,922,338
254,8466,0,nan,nan,nan,0.0,-1,-1
255,8500,0,nan,nan,nan,0.0,-1,-1
256,8533,0,nan,nan,nan,0.0,-1,-1
257,8566,0,nan,nan,nan,0.0,-1,-1
258,8600,0,nan,nan,nan,0.0,-1,-1
259,8633,0,nan,nan,nan,0.0,-1,-1
